schema_version,time_s,step,heave_m,roll_rad,pitch_rad,heave_rate_m_s,roll_rate_rad_s,pitch_rate_rad_s,compression_fl_m,compression_fr_m,compression_rl_m,compression_rr_m,gravity_x_m_s2,gravity_y_m_s2,gravity_z_m_s2
1,0,0,0,0,0,0,0,0,-0,0,0,0,0,0,-9.8066499999999994
1,0.0050000000000000001,1,-3.863347647416468e-06,-3.3418635565736282e-05,-3.7839259200556243e-07,-0.0015426219476836339,-0.013170142791970117,-0.00014940346994551639,3.2153375299391657e-05,-2.3254722468599094e-05,3.0240763918461927e-05,-2.3362727528979072e-05,0,0,-9.8066499999999994
1,0.01,2,-1.5388389386721139e-05,-0.0001297617508915964,-1.4730326624803018e-06,-0.0030626299859492796,-0.025176730156575088,-0.00028623312903663613,0.00012524201925697155,-8.9902963721295279e-05,0.00011780545477407605,-9.0332393656044585e-05,0,0,-9.8066499999999994
1,0.014999999999999999,3,-3.4432188988498087e-05,-0.00028331799141913803,-3.2173423338959752e-06,-0.0045482483177321804,-0.036062760886490255,-0.00040906008405674365,0.00027428518021323483,-0.00019545604955969602,0.00025804529041341585,-0.00019639676782288158,0,0,-9.8066499999999994
1,0.02,4,-6.0795503872603041e-05,-0.0004885970295108713,-5.5384052173952255e-06,-0.0059887314319301355,-0.045873566353966243,-0.00051677496651847171,0.00047441921565677359,-0.00033567465927225099,0.00044643955392953486,-0.00033727008140590272,0,0,-9.8066499999999994
1,0.025000000000000001,5,-9.4227948477574913e-05,-0.00074034004378920688,-8.3585199056056855e-06,-0.0073743676181086317,-0.054656342239004806,-0.00060857004945430828,0.00072091384870464844,-0.00050656994389785659,0.0006786074193743727,-0.00050889801086351531,0,0,-9.8066499999999994
1,0.029999999999999999,6,-0.00013443315677311732,-0.0010335279345209602,-1.159666082522166e-05,-0.0086964752065427746,-0.062459711225418865,-0.00068392012129911244,0.0010091864034449316,-0.00070440291199082045,0.00095031806480952387,-0.00070746074216209635,0,0,-9.8066499999999994
1,0.035000000000000003,7,-0.00018107390900541892,-0.0013633874297739703,-1.5169840925412117e-05,-0.0099473921185638005,-0.069333316580740961,-0.00074256239080596571,0.0013348141039451335,-0.00092568225462010922,0.001257499168070386,-0.00092937426928706244,0,0,-9.8066499999999994
1,0.040000000000000001,8,-0.00023377719068266173,-0.0017253952360905874,-1.8994372011985437e-05,-0.011120459308651878,-0.075327446315668789,-0.00078447568235594559,0.0016935445258995194,-0.0011671607755386745,0.0015962438812530723,-0.0011712900774362299,0,0,-9.8066499999999994
1,0.044999999999999998,9,-0.00029213915469899869,-0.0021152803854055527,-2.298701979483789e-05,-0.012209998672647432,-0.080492687424862416,-0.00080985916515673097,0.0020813042930544878,-0.0014258305859479186,0.0019628163797963207,-0.001430093358394186,0,0,-9.8066499999999994
1,0.050000000000000003,10,-0.00035572996034279942,-0.0025290249270147973,-2.7066051892028287e-05,-0.013211285986219207,-0.084879609543178428,-0.00081911084303482897,0.0024942061127980614,-0.0016989172161924724,0.0023536560812169468,-0.0017028999017147887,0,0,-9.8066499999999994
1,0.055,11,-0.00042409846572416695,-0.0029628631097057385,-3.1152178124048947e-05,-0.014120519424695759,-0.088538477208994368,-0.000812806014130874,0.0029285542467131259,-0.001983872789178988,0.0027653806271598609,-0.0019870518008081439,0,0,-9.8066499999999994
1,0.059999999999999998,12,-0.00049677675287451749,-0.0034132791948122249,-3.5169383434184768e-05,-0.014934784199890007,-0.091518989807886475,-0.00079167589208278539,0.0033808485125600305,-0.0022783683924386382,0.0031947877205308274,-0.0022801121079479817,0,0,-9.8066499999999994
1,0.065000000000000002,13,-0.00057328446740600623,-0.0038770040360748773,-3.9045654684225841e-05,-0.015652013831958161,-0.093870048174045567,-0.00075658656246320531,0.0038477869141560718,-0.0025802857776560744,0.0036388559071751669,-0.0025798585666889366,0,0,-9.8066499999999994
1,0.070000000000000007,14,-0.00065313295716101446,-0.0043510105568784875,-4.2713603399267769e-05,-0.016270948554950398,-0.095639546751727172,-0.00070851843052425058,0.0043262669950373872,-0.0028877085082671455,0.0040947443889256226,-0.0028842765443074713,0,0,-9.8066499999999994
1,0.074999999999999997,15,-0.0007358291967235563,-0.0048325082498017619,-4.6110987271849306e-05,-0.01679109133382652,-0.096874190162888119,-0.00064854629885976577,0.0048133860106984025,-0.003198912667472918,0.0045597919519379179,-0.0031915512807441089,0,0,-9.8066499999999994
1,0.080000000000000002,16,-0.00082087948699851394,-0.0053189368175409635,-4.9181133885945681e-05,-0.017212661948600428,-0.09761933298803796,-0.0005778201965601753,0.0053064400126757475,-0.0035123572308071692,0.0050315150911266673,-0.0035000595642090382,0,0,-9.8066499999999994
1,0.085000000000000006,17,-0.00090779292128558269,-0.0058079590682381266,-5.1873270687686705e-05,-0.017536549578197221,-0.097918841543271767,-0.00049754706491966078,0.0058029219358419412,-0.0038266741992968728,0.0055076054082633889,-0.0038083609371905671,0,0,-9.8066499999999994
1,0.089999999999999997,18,-0.00099608461137844608,-0.0062974531721269027,-5.414276571493468e-05,-0.017764264292789156,-0.097814976425496247,-0.00040897338885042189,0.0063005187780577959,-0.0041406585813286087,0.0059859263579514948,-0.0041151885301400574,0,0,-9.8066499999999994
1,0.095000000000000001,19,-0.0010852786692028538,-0.006785504380265487,-5.5951284005279201e-05,-0.01789788783903519,-0.097348294598104526,-0.00031336884793684673,0.0067971079588535176,-0.0044532583036266593,0.0064645094122922544,-0.004419439613653587,0,0,-9.8066499999999994
1,0.10000000000000001,20,-0.0011749109413678213,-0.0072703963000078442,-5.7266864935145936e-05,-0.017940024077976513,-0.096557569798968873,-0.0002120110465798743,0.0072907529411128909,-0.004763564124300115,0.0069415497116358405,-0.0047201659535767429,0,0,-9.8066499999999994
1,0.105,21,-0.0012645314957408901,-0.00775060181581413,-5.8063926005386251e-05,-0.017893749410511958,-0.095479730069891133,-0.00010617136898240956,0.0077796981968627447,-0.0050707996137570824,0.0074154012654013826,-0.0050165640471644827,0,0,-9.8066499999999994
1,0.11,22,-0.0013537068607709073,-0.0082247737380530591,-5.8323198784911014e-05,-0.017762563500548778,-0.094149811230013786,2.8980081587759535e-06,0.0082623635952552062,-0.0053743112624367647,0.0078845717635720614,-0.0053079653122650458,0,0,-9.8066499999999994
1,0.115,23,-0.0014420220197704546,-0.008691735256629949,-5.8031602857785909e-05,-0.017550340581235783,-0.09260092514374875,0.00011397592443793629,0.0087373382877022499,-0.005673558767790206,0.0083477170561429524,-0.005593826295491486,0,0,-9.8066499999999994
1,0.12,24,-0.001529082163735897,-0.0091504702706045517,-5.7182063694934075e-05,-0.01726128160526124,-0.09086424166531322,0.00022588285638525406,0.0092033741619050452,-0.0059681055467573014,0.0088036353545332489,-0.0058737189595164533,0,0,-9.8066499999999994
1,0.125,25,-0.0016145142075276295,-0.009600113659457352,-5.5773280393457343e-05,-0.016899867476147367,-0.088968983175942151,0.00033749035069993635,0.0096593789332350827,-0.0062576095141452072,0.0092512612057792029,-0.0061473211039903908,0,0,-9.8066499999999994
1,0.13,26,-0.001697968075358597,-0.010039941556331821,-5.3809449198864519e-05,-0.016470813573893506,-0.086942430665439968,0.00044772928029053027,0.010104408938587037,-0.00654181416181112,0.0096896592872051119,-0.0064144069691511301,0,0,-9.8066499999999994
1,0.13500000000000001,27,-0.0017791177625481149,-0.01046936167842949,-5.1299948652440536e-05,-0.015979025765296789,-0.084809940346276272,0.00055559694198497765,0.01053766169444933,-0.0068205399683867619,0.010118018066229719,-0.0066748380659711832,0,0,-9.8066499999999994
1,0.14000000000000001,28,-0.0018576621813934085,-0.01088790376476814,-4.8258992091814222e-05,-0.015429558066887217,-0.082594969825429618,0.0006601630225801493,0.010958468277539581,-0.007093676164445996,0.010535643367005697,-0.0069285542716824014,0,0,-9.8066499999999994
1,0.14499999999999999,29,-0.0019333257997964284,-0.011295210166732178,-4.4705253081629899e-05,-0.0148275721067192,-0.080319112896285863,0.00076057446688698011,0.011366285582939615,-0.0073611728735023347,0.010941951882709897,-0.0071755652247285188,0,0,-9.8066499999999994
1,0.14999999999999999,30,-0.0020058590819620413,-0.011691026632248342,-4.0661469167155215e-05,-0.014178298510321267,-0.07800214204988086,0.00085605928761245376,0.011760688511248174,-0.0076230336450195772,0.011336464669501166,-0.0074159420486251768,0,0,-9.8066499999999994
1,0.155,31,-0.0020750387410595119,-0.01207519332000829,-3.6154029130616857e-05,-0.013487000315969238,-0.075662057841510255,0.00094592936232572105,0.012141362132858057,-0.0078793083917156857,0.011718800655439086,-0.0076498094298542109,0,0,-9.8066499999999994
1,0.16,32,-0.0021406678142164349,-0.01244763607593094,-3.1212548691880836e-05,-0.012758938505158995,-0.073315144285166792,0.0010295822674077065,0.012508093874067429,-0.0081300867398260684,0.012088670195009974,-0.0078773380707832553,0,0,-9.8066499999999994
1,0.16500000000000001,33,-0.0022025755705972769,-0.012808358000010239,-2.5869439335485891e-05,-0.011999339715749109,-0.070976029484412645,0.0011065022028095394,0.012860765766360699,-0.0083754917976562766,0.012445868697334675,-0.0080987375346817502,0,0,-9.8066499999999994
1,0.17000000000000001,34,-0.00226061726361191,-0.013157431327826884,-2.0159474668554782e-05,-0.011213366187752172,-0.068657750744192891,0.0011762600646745207,0.01319934679685212,-0.0086156743446848538,0.012790270353635754,-0.0083142494961985693,0,0,-9.8066499999999994
1,0.17500000000000002,35,-0.0023146737385076467,-0.013494989647314425,-1.4119358422153571e-05,-0.010406087975201523,-0.066371823443810776,0.0012385127254425977,0.013523885394583851,-0.0088508074406634645,0.013121821987119213,-0.0085241414071731258,0,0,-9.8066499999999994
1,0.17999999999999999,36,-0.0023646509067260339,-0.013821220467860275,-7.7872979054878998e-06,-0.0095824574419272578,-0.064128312986879099,0.0012930015829884242,0.013834502084118639,-0.009081081451593696,0.013440537046078761,-0.0087287005843691215,0,0,-9.8066499999999994
1,0.185,37,-0.0024104790984578717,-0.014136358155490119,-1.2025864109924335e-06,-0.0087472860444566432,-0.061935909179599326,0.0013395504416782241,0.014131382334675242,-0.0093066994871273748,0.01374648975875966,-0.0089282287226464929,0,0,-9.8066499999999994
1,0.19,38,-0.0024521123048115096,-0.014440677244729732,5.5948022482120021e-06,-0.007905223391619573,-0.059802002424245097,0.0013780627890022043,0.014414769629930876,-0.009527873241831018,0.014039809466325902,-0.0091230368342205912,0,0,-9.8066499999999994
1,0.19500000000000001,39,-0.0024895273209253432,-0.014734486134761493,1.2564604206126551e-05,-0.0070607385577944118,-0.057732761150269631,0.0014085185316839945,0.014684958780569014,-0.009744819230865542,0.014320675148160811,-0.0093134406119966245,0,0,-9.8066499999999994
1,0.20000000000000001,40,-0.002522722801210566,-0.015018121174693855,1.9666638473671503e-05,-0.0062181036150745885,-0.055733209941022092,0.0014309702549233946,0.014942289498691443,-0.0099577554089509673,0.014589310151699413,-0.0094997562125095324,0,0,-9.8066499999999994
1,0.20500000000000002,41,-0.0025517182377095462,-0.015291941140140904,2.6861160103912386e-05,-0.0053813793389672687,-0.053807307849628949,0.0014455390677301739,0.015187140250349436,-0.010166898160004182,0.01484597713704308,-0.0096822964517429329,0,0,-9.8066499999999994
1,0.20999999999999999,42,-0.0025765528723036319,-0.015556322100865765,3.410919167832431e-05,-0.0045544030325449358,-0.051958026433133186,0.0014524100961927715,0.015419922399688297,-0.01037245964354714,0.015090973244746049,-0.0098613674050426394,0,0,-9.8066499999999994
1,0.215,43,-0.0025972845532065713,-0.015811652676975783,4.1372831505339954e-05,-0.0037407784052461888,-0.050187427069427637,0.0014518276850324088,0.015641074655550327,-0.010574645482875521,0.015324625493391237,-0.01003726540047792,0,0,-9.8066499999999994
1,0.22,44,-0.0026139885458408957,-0.016058329679068301,4.8615537219727723e-05,-0.0029438674347472067,-0.048496737156789115,0.0014440903659587079,0.015851057828850046,-0.010773652779045196,0.015547286411891877,-0.01021027439333368,0,0,-9.8066499999999994
1,0.22500000000000001,45,-0.0026267563078192216,-0.016296754125812579,5.5802383758696721e-05,-0.0021667841334809192,-0.046886424830826369,0.0014295456492028839,0.016050349906629131,-0.010969668433968124,0.015759329909867913,-0.010380663707935466,0,0,-9.8066499999999994
1,0.23000000000000001,46,-0.0026356942373450981,-0.016527327630714201,6.2900294966588017e-05,-0.0014123901354428834,-0.04535627186829163,0.0014085846921957133,0.01623944144642191,-0.011162867765302231,0.015961147387953421,-0.01054868613171216,0,0,-9.8066499999999994
1,0.23500000000000001,47,-0.0026409224039132162,-0.016750449148241212,6.9878248343330923e-05,-0.00068329201386505218,-0.043905444481362708,0.0013816368967146965,0.016418831292420697,-0.01135341339536323,0.016153144088494879,-0.010714576345284024,0,0,-9.8066499999999994
1,0.23999999999999999,48,-0.0026425732697308323,-0.016966512068093405,7.6707452701436026e-05,1.8159763868667118e-05,-0.042532561739563497,0.0013491644829828015,0.016589022612926822,-0.011541454395972045,0.016335735685801135,-0.010878549671420689,0,0,-9.8066499999999994
1,0.245,49,-0.0026407904098053291,-0.017175901645164495,8.3361498731251505e-05,0.00068987034108027175,-0.041235761389337024,0.0013116570861933757,0.01675051925671148,-0.011727125670971254,0.016509345113904481,-0.011040801124939371,0,0,-9.8066499999999994
1,0.25,50,-0.0026357272381509179,-0.017378992751677324,8.9816482693777765e-05,0.0013299985360496777,-0.04001276287330377,0.0012696264177944248,0.016903822424191837,-0.011910547558089167,0.016674399628688934,-0.011201504745001494,0,0,-9.8066499999999994
1,0.255,51,-0.0026275457470644453,-0.017576147937060638,9.6051103663928467e-05,0.001936953567140365,-0.038860927382314919,0.0012236010306216588,0.017049427647753756,-0.012091825631892783,0.016831328100235805,-0.011360813190809458,0,0,-9.8066499999999994
1,0.26000000000000001,52,-0.002616415265909694,-0.017767715780376919,0.00010204673493430583,0.0025093905414285845,-0.037777314803439571,0.0011741212236531316,0.017187822074122894,-0.012271050689742036,0.016980558530327317,-0.011518857581397266,0,0,-9.8066499999999994
1,0.26500000000000001,53,-0.0026025112453349499,-0.017954029519499252,0.00010778747036003266,0.0030462048099484025,-0.03675873745591017,0.0011217341187972313,0.017319482040400284,-0.012448298902929476,0.017122515789235092,-0.011675747560041711,0,0,-9.8066499999999994
1,0.27000000000000002,54,-0.0025860140723331557,-0.018135405940764956,0.00011326014657879657,0.0035465252925201544,-0.035801810534698532,0.0010669889387466083,0.017444870934235378,-0.012623632115552915,0.017257619565200114,-0.011831571563786877,0,0,-9.8066499999999994
1,0.27500000000000002,55,-0.0025671079210407197,-0.018312144512498421,0.00011845434217698738,0.0040097068744004228,-0.034902999207727665,0.0010104325115589338,0.017564437327606628,-0.012797098274115754,0.017386282519381728,-0.011986397278665741,0,0,-9.8066499999999994
1,0.28000000000000003,56,-0.0025459796436628174,-0.018484526745588675,0.00012336235499274268,0.0044353219757198555,-0.034058662337669063,0.00095260502428388581,0.017678613372814067,-0.012968731971371956,0.017508908638513798,-0.012140272261410439,0,0,-9.8066499999999994
1,0.28500000000000003,57,-0.0025228177054124287,-0.018652815764221183,0.0001279791588500639,0.0048231513929045591,-0.0332650928227727,0.00089403604466647014,0.01778781344855658,-0.013138555088522139,0.017625891777052281,-0.012293224708758498,0,0,-9.8066499999999994
1,0.28999999999999998,58,-0.0024978111668597508,-0.018817256069891337,0.00013230234110523918,0.0051731745090498995,-0.03251855457317368,0.00083524082673969017,0.017892433043364096,-0.01330657752051574,0.017737614380228021,-0.012445264355877688,0,0,-9.8066499999999994
1,0.29499999999999998,59,-0.0024711487166102276,-0.018978073481961073,0.00013633202245801567,0.0054855589675758976,-0.031815316159578291,0.00077671691299220809,0.017992847863177473,-0.013472797969913984,0.017844446379127431,-0.012596383485938136,0,0,-9.8066499999999994
1,0.29999999999999999,60,-0.0024430177567651618,-0.019135475238252455,0.00014007076053579225,0.0057606499004830792,-0.031151681190118508,0.00071894104277616126,0.018089413149510718,-0.013637204795511851,0.017946744248708468,-0.012746558033448471,0,0,-9.8066499999999994
1,0.30499999999999999,61,-0.0024136035431705084,-0.019289650239494874,0.0001435234388001281,0.0059989587991887087,-0.030524015488457384,0.00066236637372043237,0.018182463194385878,-0.01379977690269662,0.018044850219515862,-0.012895748764633917,0,0,-9.8066499999999994
1,0.31,62,-0.0023830883820284985,-0.019440769421847876,0.0001466971423517145,0.006201152112297121,-0.029928771161916855,0.00060742002014866009,0.018272311038094523,-0.013960484663329255,0.018139091633783709,-0.013043902518860286,0,0,-9.8066499999999994
1,0.315,63,-0.0023516508840345654,-0.01958898624220131,0.00014960102222334051,0.0063680396507839994,-0.029362507662477232,0.00055450090988042782,0.018359248335804386,-0.014119290853765386,0.01822978043660127,-0.013190953495889633,0,0,-9.8066499999999994
1,0.32000000000000001,64,-0.0023194652768097697,-0.019734437261500575,0.00015224614975104019,0.0065005628769923907,-0.02882190995597041,0.00050397795832680579,0.018443545379089286,-0.014276151600478668,0.018317212792864048,-0.013336824574582875,0,0,-9.8066499999999994
1,0.32500000000000001,65,-0.0022867007760275018,-0.019877242811949261,0.00015464536260233487,0.0065997831495852267,-0.028303803925669117,0.00045618855648656907,0.01852545125860746,-0.01443101732360441,0.018401668820833071,-0.013481428649533549,0,0,-9.8066499999999994
1,0.33000000000000002,66,-0.0022535210152834387,-0.020017507734596367,0.00015681310401810105,0.006666869992211619,-0.02780516914578008,0.0004114373673122646,0.018605194154381392,-0.014583833669579379,0.018483412433275625,-0.013624669973016951,0,0,-9.8066499999999994
1,0.33500000000000002,67,-0.0022200835344301216,-0.020155322174512869,0.00015876525679195727,0.0067030894491567853,-0.027323149168110603,0.00036999542295083589,0.018682981740433265,-0.014734542424909071,0.018562691277355943,-0.0137664454905627,0,0,-9.8066499999999994
1,0.34000000000000002,68,-0.0021865393257925483,-0.020290762421495009,0.00016051897346903968,0.0067097925866909649,-0.026855059471427335,0.00033209951357433256,0.018759001690897757,-0.01488308240394097,0.01863973676467973,-0.013906646159398269,0,0,-9.8066499999999994
1,0.34500000000000003,69,-0.0021530324373990506,-0.020423891784991821,0.00016209250419551153,0.0066884041942427532,-0.026398393227808209,0.00029795185690469897,0.018833422275160102,-0.015029390304356337,0.018714764183167341,-0.014045158239959544,0,0,-9.8066499999999994
1,0.35000000000000003,70,-0.0021196996321026056,-0.020554761492734885,0.00016350502359201161,0.0066404117349258135,-0.025950825043649837,0.00026772003610230186,0.018906393030045238,-0.015173401524909202,0.018787972882732065,-0.014181864551614692,0,0,-9.8066499999999994
1,0.35499999999999998,71,-0.0020866701012315298,-0.020683411603342212,0.00016477645795937826,0.0065673545903730309,-0.025510212834991056,0.00024153719243034244,0.01897804549760633,-0.015315050940735056,0.018859546527067634,-0.014316645684693279,0,0,-9.8066499999999994
1,0.35999999999999999,72,-0.002054065231195079,-0.020809871923968659,0.00016592731405426603,0.0064708136403039546,-0.025074597997509523,0.00021950245802395392,0.019048494017620661,-0.015454273632319375,0.018929653404198398,-0.014449381161847333,0,0,-9.8066499999999994
1,0.36499999999999999,73,-0.0020219984212785347,-0.0209341629248763,0.00016697851059656592,0.006352401212793935,-0.024642204031012294,0.00020168161318116857,0.019117836564491144,-0.015591005564953759,0.018998446788812316,-0.014579950542689268,0,0,-9.8066499999999994
1,0.37,74,-0.0019905749506934555,-0.021056296643593434,0.00016795121359069573,0.006213751436847984,-0.024211433776546581,0.00018810795184790309,0.019186155618865861,-0.015725184216212051,0.019066065349775996,-0.014708234466547874,0,0,-9.8066499999999994
1,0.375,75,-0.0019598918928014578,-0.021176277572115106,0.00016886667645966375,0.0060565110246289678,-0.023780865421483374,0.00017878333838629675,0.019253519064919442,-0.015856749149647398,0.019132633596619642,-0.01483411562905299,0,0,-9.8066499999999994
1,0.38,76,-0.001930038074303497,-0.021294103521365709,0.00016974608590512546,0.0058823305065659297,-0.023349247424159805,0.00017367943828887157,0.019319981104882995,-0.015985642533541351,0.019198262359172803,-0.014957479689097795,0,0,-9.8066499999999994
1,0.38500000000000001,77,-0.0019010940770805083,-0.021409766457890892,0.00017061041431921015,0.0056928559385895812,-0.022915492504994757,0.0001727391052234204,0.019385583183057328,-0.016111809604125771,0.019263049294926567,-0.015078216103530426,0,0,-9.8066499999999994
1,0.39000000000000001,78,-0.0018731322802846442,-0.021523253308467116,0.00017148027948542282,0.0054897210969223151,-0.022478670845508506,0.00017587790665799647,0.019450354912192758,-0.016235199073245717,0.019327079419090225,-0.015196218887691029,0,0,-9.8066499999999994
1,0.39500000000000002,79,-0.0018462169402124087,-0.021634546729009219,0.00017237581221711656,0.0052745401722008867,-0.022038002630477092,0.00018298577031428635,0.01951431499576162,-0.016355763480935662,0.019390425652698079,-0.015311387300632711,0,0,-9.8066499999999994
1,0.40000000000000002,80,-0.0018204043054408457,-0.021743625834815601,0.00017331653249353252,0.0050489009712413688,-0.021592850061633233,0.00019392873382211359,0.019577472140283495,-0.01647345949384077,0.019453149384501205,-0.015423626454543019,0,0,-9.8066499999999994
1,0.40500000000000003,81,-0.0017957427646746679,-0.021850466889814624,0.00017432123456582644,0.0048143586314758945,-0.021142708963984843,0.00020855078018994114,0.019639825952482353,-0.016588248150830293,0.019515301042748116,-0.015532847848514542,0,0,-9.8066499999999994
1,0.41000000000000003,82,-0.0017722730247348645,-0.021955043953061863,0.00017540788141940793,0.0045724298500055566,-0.020687200098058987,0.00022667574205656598,0.019701367816657052,-0.016700095057519515,0.019576920673314204,-0.015638969827397025,0,0,-9.8066499999999994
1,0.41500000000000004,83,-0.0017500283161168992,-0.022057329481284336,0.00017659350889482836,0.0043245876263277878,-0.020226060283289757,0.00024810925813859957,0.019762081748227082,-0.016808970531742344,0.019638038520981598,-0.015741917966998479,0,0,-9.8066499999999994
1,0.41999999999999998,84,-0.0017290346235581137,-0.022157294886773145,0.00017789413968784034,0.0040722565151132617,-0.019759133429448596,0.00027264076582799834,0.019821945219972461,-0.01691484970229741,0.019698675610996121,-0.015841625387388005,0,0,-9.8066499999999994
1,0.42499999999999999,85,-0.0017093109390783603,-0.022254911050389403,0.00017932470737054063,0.0038168083829273631,-0.019286361564555588,0.00030004551451384991,0.019880929958017154,-0.017017712563528475,0.019758844328335988,-0.015938032996488615,0,0,-9.8066499999999994
1,0.42999999999999999,86,-0.0016908695349941863,-0.022350148789869195,0.00018089899050008153,0.0035595586605154422,-0.018807775939199741,0.00033008658489441334,0.019939002705107321,-0.017117543988495802,0.019818548992416071,-0.016031089666534118,0,0,-9.8066499999999994
1,0.435,87,-0.0016737162544540661,-0.022442979283991762,0.00018262955680962512,0.0033017630801974265,-0.018323488278716948,0.00036251690029877586,0.019996125949207851,-0.01721433370365049,0.019877786425221776,-0.016120752346301014,0,0,-9.8066499999999994
1,0.44,88,-0.0016578508170992142,-0.022533374453511362,0.00018452771740830857,0.0030446148860437889,-0.017833682246304876,0.00039708121684454289,0.020052258615881627,-0.01730807622804021,0.019936546511117006,-0.016206986112315223,0,0,-9.8066499999999994
1,0.44500000000000001,89,-0.0016432671375204259,-0.022621307300048046,0.00018660349085323198,0.0027892425028275174,-0.017338605171963537,0.00043351808010895233,0.020107356723324941,-0.01739877078015472,0.019994812746801774,-0.016289764162475295,0,0,-9.8066499999999994
1,0.45000000000000001,90,-0.0016299536542552153,-0.022706752204387115,0.00018886557689707062,0.0025367076482610603,-0.016838560094205292,0.0004715617368775103,0.02016137399930933,-0.017486421155564504,0.020052562780106059,-0.016369067755730875,0,0,-9.8066499999999994
1,0.45500000000000002,91,-0.0016178936671502962,-0.022789685185852459,0.00019132133966000972,0.0022880038717276161,-0.016333898153835059,0.00051094399144841938,0.020214262459624495,-0.017571035578518881,0.020109768936498705,-0.01644488610160864,0,0,-9.8066499999999994
1,0.46000000000000002,92,-0.0016070656810012812,-0.022870084124597109,0.00019397679992441826,0.0020440555015964969,-0.015825011371808584,0.0005513959969044727,0.020265972947929329,-0.017652626530652676,0.020166398732363408,-0.016517216203490358,0,0,-9.8066499999999994
1,0.46500000000000002,93,-0.0015974437534734612,-0.022947928948796957,0.00019683663620509686,0.0018057169822654818,-0.015312325836277981,0.00059264997270952891,0.020316455637198926,-0.017731210559906427,0.020222415374249018,-0.016586062659621304,0,0,-9.8066499999999994
1,0.47000000000000003,94,-0.0015889978454038337,-0.023023201788842769,0.00019990419420709411,0.0015737725812916604,-0.014796295317463562,0.0006344408409364135,0.020365660493205383,-0.017806808072695926,0.02027777824343957,-0.016651437425864234,0,0,-9.8066499999999994
1,0.47500000000000003,95,-0.0015816941716843655,-0.023095887100703597,0.00020318150424699212,0.0013489364463483342,-0.014277395322973225,0.0006765077743809589,0.020413537700690754,-0.017879443112275809,0.020332443365311231,-0.016713359544217342,0,0,-9.8066499999999994
1,0.47999999999999998,96,-0.0015754955510290337,-0.023165971760683735,0.00020666930618218831,0.0011318529912707504,-0.013756117600649605,0.00071859565075615636,0.020460038053082111,-0.017949143126131519,0.020386363863050098,-0.016771854841086616,0,0,-9.8066499999999994
1,0.48499999999999999,97,-0.0015703617530317684,-0.02323344513381791,0.00021036708136598924,0.00092309759011921749,-0.01323296509096978,0.00076045640808515644,0.020505113306763443,-0.018015938725106647,0.020439490395397556,-0.016826955599246376,0,0,-9.8066499999999994
1,0.48999999999999999,98,-0.0015662498410283366,-0.023298299118147944,0.00021427309112419899,0.0007231775579857471,-0.01270844732645934,0.00080185029731716319,0.020548716501058047,-0.018079863436831243,0.020491771578169667,-0.016878700207339638,0,0,-9.8066499999999994
1,0.495,99,-0.0015631145093818236,-0.023360528167101019,0.00021838442123121651,0.00053253339719102634,-0.012183076271513767,0.0008425470290706475,0.020590802245189908,-0.018140953455863581,0.020543154389365527,-0.016927132790664511,0,0,-9.8066499999999994
1,0.5,100,-0.0015609084139180922,-0.023420129292147509,0.00022269703185031999,0.00035154028755321704,-0.01165736259243675,0.00088232681225968671,0.020631326973584972,-0.018199247392795596,0.020593584557737344,-0.016972302826867264,0,0,-9.8066499999999994
1,0.505,101,-0.0015595824943438873,-0.023477102047857416,0.00022720581239365611,0.00018050979955028723,-0.011131812344400189,0.00092098128317756416,0.020670249170944868,-0.018254786024402725,0.020643006934743781,-0.017014264750019516,0,0,-9.8066499999999994
1,0.51000000000000001,102,-0.0015590862875855865,-0.023531448501401181,0.00023190464075229232,1.9691809434251083e-05,-0.010606924059384539,0.00095831432439354494,0.020707529568578163,-0.018307612046744991,0.020691365849848958,-0.017053077546398541,0,0,-9.8066499999999994
1,0.51500000000000001,103,-0.0015593682310905354,-0.023583173188455233,0.00023678644634534288,-0.0001307234043194216,-0.01008318621695775,0.00099414277356086309,0.020743131313509525,-0.018357769832949247,0.020738605449163304,-0.017088804345118894,0,0,-9.8066499999999994
1,0.52000000000000002,104,-0.0015603759552350013,-0.023632283057377336,0.00024184327643943731,-0.00027060290343924588,-0.0095610750779685453,0.001028297022934082,0.020777020111906699,-0.018405305197224921,0.020784670017450813,-0.017121512006582438,0,0,-9.8066499999999994
1,0.52500000000000002,105,-0.0015620565640826842,-0.023678787403413514,0.00024706636519544961,-0.00039986869089791212,-0.0090410528598450137,0.0010606215110498041,0.020809164348370813,-0.018450265166488788,0.020829504283550501,-0.017151270711524776,0,0,-9.8066499999999994
1,0.53000000000000003,106,-0.0015643569038350741,-0.023722697794589132,0.00025244620490822019,-0.00051849518976069165,-0.0085235662311730249,0.0010909751086346142,0.020839535182628592,-0.018492697760800186,0.020873053709279638,-0.017178153553241333,0,0,-9.8066499999999994
1,0.53500000000000003,107,-0.0015672238184094509,-0.023764027990823236,0.00025797261891674856,-0.00062650661844121836,-0.0080090451025545649,0.0011192314013667509,0.020868106625147435,-0.018532651783637489,0.020915264761902929,-0.017202236135377542,0,0,-9.8066499999999994
1,0.54000000000000004,108,-0.001570604391671728,-0.023802793857689242,0.0002636348356767742,-0.00072397428031792377,-0.0074979016903828372,0.001145278872632789,0.020894855593167058,-0.018570176622881705,0.020956085170266436,-0.017223596177467111,0,0,-9.8066499999999994
1,0.54500000000000004,109,-0.0015744461759393976,-0.023839013276127929,0.00026942156350455486,-0.00081101378497642823,-0.0069905298300915637,0.0011690209898864445,0.020919761948606296,-0.01860532206321381,0.020995464164708003,-0.017242313130201196,0,0,-9.8066499999999994
1,0.55000000000000004,110,-0.0015786974064543715,-0.023872706049301817,0.00027532106551974965,-0.00088778221761935824,-0.0064873045156080148,0.0011903761986340178,0.020942808519261689,-0.01863813811048072,0.021033352700868275,-0.017258467802211842,0,0,-9.8066499999999994
1,0.55500000000000005,111,-0.0015833072016063414,-0.023903893807664535,0.0002813212343363805,-0.00095447527243135296,-0.005988581642136735,0.0012092778284396896,0.020963981104666921,-0.018668674828440875,0.021069703667538117,-0.017272141999955797,0,0,-9.8066499999999994
1,0.56000000000000005,112,-0.0015882257487642893,-0.023932599913205878,0.00028740966607363128,-0.0010113243649096282,-0.0054946979299911637,0.0012256739156644579,0.020983268467930336,-0.018696982188165009,0.021104472078690373,-0.017283418182091857,0,0,-9.8066499999999994
1,0.56500000000000006,113,-0.0015934044756468464,-0.023958849363723608,0.000293573733282517,-0.0010585937373743788,-0.0050059710079500231,0.0012395269479258668,0.021000662314812412,-0.01872310993024133,0.021137615249856193,-0.017292379129556473,0,0,-9.8066499999999994
1,0.57000000000000006,114,-0.0015987962072312506,-0.023982668697867686,0.0002998006564099768,-0.0010965775710637382,-0.0045226996355135643,0.0012508135354926413,0.02101615726124707,-0.018747107439817549,0.021169092959019285,-0.017299107632360484,0,0,-9.8066499999999994
1,0.57500000000000007,115,-0.0016043553082656329,-0.02400408590160194,0.00030607757344848919,-0.0011255971173998749,-0.0040451640444487107,0.0012595240150103429,0.021029750790451308,-0.018769023634404705,0.021198867592215526,-0.017303686193953987,0,0,-9.8066499999999994
1,0.57999999999999996,116,-0.001610037811510242,-0.024023130316632894,0.00031239160744665171,-0.0011459978601898904,-0.0035736263811183572,0.001265661991092563,0.021041443200707027,-0.018788906864270309,0.0212269042740405,-0.017306196753838664,0,0,-9.8066499999999994
1,0.58499999999999996,117,-0.0016158015318899748,-0.024039832551265846,0.00031872993158409883,-0.0011581963777337967,-0.0031082222868864797,0.0012692815363675731,0.021051237544838224,-0.018806804825160544,0.021253170983283592,-0.017306720428946827,0,0,-9.8066499999999994
1,0.58999999999999997,118,-0.0016216081845393765,-0.024054220030874093,0.00032508136538421834,-0.0011633886493464902,-0.0026474420658419684,0.0012710274577848282,0.021059135587699996,-0.018822761223489248,0.02127763889244226,-0.017305330037079784,0,0,-9.8066499999999994
1,0.59499999999999997,119,-0.0016274249014538846,-0.024066314118322829,0.00033143752510430196,-0.0011622718153010267,-0.0021909590442737302,0.001271165707355096,0.021065135154166987,-0.018836813654012262,0.021300282865000759,-0.017302084980789063,0,0,-9.8066499999999994
1,0.59999999999999998,120,-0.0016332208953558345,-0.024076137679058765,0.00033779028794238476,-0.00115515145755701,-0.0017393199299192837,0.0012696642063082402,0.02106923699138797,-0.018848999280491458,0.021321081342859555,-0.017297043494350704,0,0,-9.8066499999999994
1,0.60499999999999998,121,-0.0016389669393763295,-0.024083716235077962,0.00034413139611480514,-0.0011423458158433815,-0.0012930404753988998,0.0012665010225841637,0.021071445818232573,-0.018859355699526688,0.021340016307511998,-0.017290264533553056,0,0,-9.8066499999999994
1,0.60999999999999999,122,-0.0016446354252543345,-0.024089077808025341,0.00035045250726335763,-0.0011242525182711726,-0.00085273037027929475,0.0012615921600386368,0.021071770175359307,-0.018867920830346708,0.021357073268935788,-0.017281807535136862,0,0,-9.8066499999999994
1,0.61499999999999999,123,-0.0016502027724937883,-0.02409225707008477,0.00035674277502660155,-0.0011020741903058056,-0.00042041959425297967,0.0012540322683435613,0.021070232022187867,-0.018874730200012679,0.021372244290616606,-0.017271736049799369,0,0,-9.8066499999999994
1,0.62,124,-0.0016556502452419609,-0.024093296577072858,0.00036298810850742864,-0.0010763432106178463,3.1379777373479606e-06,0.0012436400894450834,0.021066869722800755,-0.01887981600198604,0.021385528964934626,-0.017260118744690241,0,0,-9.8066499999999994
1,0.625,125,-0.0016609606915166089,-0.024092240570923611,0.00036917467844161452,-0.0010473047833816976,0.00041775768090706732,0.0012305499024656717,0.021061724217777598,-0.018883210648813747,0.021396930113801775,-0.0172470237619597,0,0,-9.8066499999999994
1,0.63,126,-0.0016661181948203468,-0.024089134133166878,0.00037528934715422556,-0.0010152077121305314,0.00082328798186271724,0.0012149038729227443,0.021054837308212657,-0.018884947084578028,0.021406453243518933,-0.017232517906080744,0,0,-9.8066499999999994
1,0.63500000000000001,127,-0.0016711080893639363,-0.024084023024722321,0.00038131970514151048,-0.00098038051689644566,0.0012197810590164804,0.0011967701570076011,0.021046251481476597,-0.018885058693513011,0.021414106472536928,-0.017216666459117676,0,0,-9.8066499999999994
1,0.64000000000000001,128,-0.0016759193495065304,-0.024076948256524539,0.00038725161911100841,-0.00094388499046986973,0.0016089287015640852,0.0011754606557833689,0.021036011596810063,-0.018883568612507617,0.021419895816910298,-0.017199529186555065,0,0,-9.8066499999999994
1,0.64500000000000002,129,-0.0016805446898190727,-0.024067945919890206,0.00039306918162867446,-0.0009060401052156283,0.001990757850055837,0.0011510729219751635,0.021024164922737888,-0.018880489412440072,0.021423825097849413,-0.017181160157654477,0,0,-9.8066499999999994
1,0.65000000000000002,130,-0.0016849777758435034,-0.02405705334189049,0.00039875765434345731,-0.0008670106611384943,0.0023649794713581666,0.0011238684677327619,0.021010758892754441,-0.01887583554809999,0.02142590138962043,-0.017161612170771917,0,0,-9.8066499999999994
1,0.65500000000000003,131,-0.0016892130947106835,-0.024044309223224772,0.00040430361092135323,-0.00082703688969483903,0.0027312000968057826,0.0010941684059405067,0.020995840868891211,-0.01886962382321546,0.021426135161024155,-0.017140936833028381,0,0,-9.8066499999999994
1,0.66000000000000003,132,-0.0016932484526342995,-0.024029757806045493,0.00040969684245812331,-0.00078717061262884079,0.0030876674114788745,0.001062911322246018,0.020979461143615364,-0.018861877298808064,0.021424548252215327,-0.017119183268681649,0,0,-9.8066499999999994
1,0.66500000000000004,133,-0.0016970855089788561,-0.024013449488862477,0.00041493076415762941,-0.00074772944171493951,0.0034339610761562737,0.0010304775129374056,0.020961673353871342,-0.018852625898662642,0.02142117535797293,-0.017096397622162487,0,0,-9.8066499999999994
1,0.67000000000000004,134,-0.0017007265832043536,-0.023995435104437659,0.00041999998347646785,-0.00070879018659657656,0.0037700992691463921,0.00099706244036502499,0.020942530310371514,-0.018841901092786124,0.02141605351843387,-0.017072624389084138,0,0,-9.8066499999999994
1,0.67500000000000004,135,-0.0017041743674347716,-0.023975765337025546,0.00042490007001140751,-0.00067042511198285245,0.004096122794510007,0.00096285538520441772,0.020922083583409284,-0.018829735345379069,0.021409221106240054,-0.017047906494348924,0,0,-9.8066499999999994
1,0.68000000000000005,136,-0.0017074319038594076,-0.023954490615500718,0.0004296275229619452,-0.00063270198706199187,0.004412092591195957,0.00092803880801359674,0.020900383442050634,-0.018816161998449554,0.021400717681740507,-0.017022285265522647,0,0,-9.8066499999999994
1,0.68500000000000005,137,-0.0017105025623672793,-0.023931661018752722,0.00043417973559700435,-0.00059568412949037662,0.0047180873192614672,0.00089278778901946275,0.020877478808367763,-0.018801215160724246,0.021390583854905443,-0.016995800419173927,0,0,-9.8066499999999994
1,0.69000000000000006,138,-0.0017133900183901691,-0.023907326192929786,0.00043855495711194993,-0.00055943044504537976,0.0050142010361250988,0.00085726954409346778,0.020853417225745397,-0.018784929602132187,0.021378861154025198,-0.016968490059434183,0,0,-9.8066499999999994
1,0.69500000000000006,139,-0.001716098230935446,-0.023881535280052719,0.00044275225225115543,-0.00052399546407382502,0.0053005409739452372,0.00082164301458643606,0.020828244840263011,-0.018767340654064397,0.021365591901212174,-0.016940390687992392,0,0,-9.8066499999999994
1,0.70000000000000007,140,-0.0017186314207955195,-0.023854336857469325,0.0004467714590590507,-0.00048942937588996693,0.0055772254274382158,0.00078605852843608164,0.020802006394138744,-0.018748484115545395,0.02135081909467474,-0.01691153722470606,0,0,-9.8066499999999994
1,0.70499999999999996,141,-0.0017209940489265711,-0.023825778887577424,0.00045061314510907584,-0.00045577806227923445,0.0058443817597566674,0.00075065752973697949,0.020774745230212339,-0.018728396165391029,0.021334586297688984,-0.016881963037985209,0,0,-9.8066499999999994
1,0.70999999999999996,142,-0.0017231907949949495,-0.023795908677210476,0.00045427856254542064,-0.00042308313124835234,0.0061021445324448342,0.00071557237377061671,0.020746503306444595,-0.01870711328037037,0.021316937534156189,-0.016851699984089419,0,0,-9.8066499999999994
1,0.71499999999999997,143,-0.0017252265360952527,-0.02376477284605355,0.0004577696022570009,-0.00039138195213048627,0.0063506537639772742,0.00068092618433131312,0.020717321219418453,-0.01868467215933833,0.021297917190601205,-0.016820778454468693,0,0,-9.8066499999999994
1,0.71999999999999997,144,-0.0017271063256495472,-0.023732417303438409,0.00046108874748695885,-0.00036070769310757019,0.0065900533199774146,0.00064683277005130177,0.02068723823584168,-0.018661109653259199,0.021277569924439028,-0.01678922743027618,0,0,-9.8066499999999994
1,0.72499999999999998,145,-0.0017288353725023462,-0.023698887232854331,0.00046423902716421714,-0.00033108936215274851,0.0068204894368995008,0.00061339659632333586,0.020656292331072079,-0.018636462701000403,0.021255940578313474,-0.016757074543184876,0,0,-9.8066499999999994
1,0.72999999999999998,146,-0.001730419020230809,-0.023664227083505449,0.0004672239692264014,-0.00030255185232552886,0.0070421093797488031,0.00058071280934077587,0.02062452023371282,-0.018610768270739212,0.021233074100292664,-0.016724346141650075,0,0,-9.8066499999999994
1,0.73499999999999999,147,-0.0017318627266940938,-0.02362848056824526,0.0004700475541859027,-0.00027511599227258136,0.0072550602333058293,0.00054886730872154581,0.020591957475357123,-0.018584063306793516,0.021209015469690864,-0.016691067361774534,0,0,-9.8066499999999994
1,0.73999999999999999,148,-0.0017331720438498422,-0.023591690667224295,0.00047271416917309697,-0.00024879860269969565,0.0074594878253126627,0.00051793686515224388,0.020558638444597321,-0.018556384681660557,0.021183809628274441,-0.016657262201953332,0,0,-9.8066499999999994
1,0.745,149,-0.0017343525978693708,-0.023553899636596883,0.00047522856267289218,-0.00022361255948682361,0.0076555357791729291,0.0004879892794805067,0.020524596444452942,-0.018527769153024686,0.021157501416601453,-0.016622953600499948,0,0,-9.8066499999999994
1,0.75,150,-0.0017354100695862631,-0.023515149021647256,0.00047759580015293613,-0.00019956686401983531,0.007843344692905008,0.00045908357969592982,0.020489863752414999,-0.018498253325476149,0.021130135515238867,-0.016588163515483333,0,0,-9.8066499999999994
1,0.755,151,-0.0017363501753156682,-0.023475479673713415,0.00047982122076408915,-0.00017666672121133178,0.0080230514403746307,0.0004312702522708799,0.020454471682348818,-0.018467873616668021,0.021101756390598678,-0.016552913006037642,0,0,-9.8066499999999994
1,0.76000000000000001,152,-0.0017371786480837137,-0.02343493177030859,0.00048191039527623736,-0.00015491362557928234,0.0081947885902081147,0.000404591504380987,0.020418450647544752,-0.018436666227626887,0.021072408245133976,-0.016517222314441006,0,0,-9.8066499999999994
1,0.76500000000000001,153,-0.0017379012193080316,-0.023393544837864537,0.00048386908539527473,-0.0001343054556485205,0.0083586839372534957,0.0003790815535893229,0.020381830224254608,-0.018404667116924792,0.021042134971637653,-0.016481110948297066,0,0,-9.8066499999999994
1,0.77000000000000002,154,-0.0017385236009714578,-0.023351357776547708,0.000485703204590194,-0.00011483657683656651,0.0085148601410057652,0.00035476694165682523,0.020344639215101133,-0.018371911978414965,0.021010980111390163,-0.016444597762192363,0,0,-9.8066499999999994
1,0.77500000000000002,155,-0.0017390514683315141,-0.023308408886628228,0.00048741878054276154,-9.6497952883645356e-05,0.008663434465041803,0.00033166686923312476,0.020306905711797794,-0.018338436222231809,0.020978986815908009,-0.016407701038243672,0,0,-9.8066499999999994
1,0.78000000000000003,156,-0.0017394904432083413,-0.023264735895912138,0.0004890219193162765,-7.9277265787493976e-05,0.0088045186112161462,0.00030979354828475006,0.020268657156666318,-0.018304274958756004,0.020946197812051148,-0.016370438564991922,0,0,-9.8066499999999994
1,0.78500000000000003,157,-0.0017398460778933048,-0.023220375987779214,0.00049051877132447695,-6.3159044107956812e-05,0.0089382186421445159,0.00028915256923085325,0.020229920402489186,-0.018269462985248747,0.020912655370255506,-0.016332827714142358,0,0,-9.8066499999999994
1,0.79000000000000004,158,-0.0017401238397195956,-0.02317536582940144,0.00049191549916680793,-4.8124799415069849e-05,0.0090646349853459197,0.00026974327987834779,0.020190721770283668,-0.018234034774863916,0.020878401275665207,-0.016294885514694702,0,0,-9.8066499999999994
1,0.79500000000000004,159,-0.001740329096334794,-0.023129741599750609,0.00049321824738204694,-3.4153170567804858e-05,0.0091838625123173197,0.00025155917337765381,0.020151087104632211,-0.018198024467754297,0.02084347680194901,-0.016256628724050967,0,0,-9.8066499999999994
1,0.80000000000000004,160,-0.0017404671017136018,-0.023083539017037337,0.00049443311415872323,-2.1220075429918307e-05,0.0092959906857775498,0.00023458828255575344,0.020111041826251355,-0.01816146586399655,0.02080792268759514,-0.016218073895732751,0,0,-9.8066499999999994
1,0.80500000000000005,161,-0.0017405429829467837,-0.023036793365257484,0.00049556612502790157,-9.2988695547095514e-06,0.009401103768329238,0.00021881357812379061,0.020070610981527025,-0.01812439241806988,0.020771779114489578,-0.01617923744338343,0,0,-9.8066499999999994
1,0.81000000000000005,162,-0.0017405617278398503,-0.022989539519555704,0.00049662320855174734,1.6394886980213465e-06,0.0094992810858500025,0.00020421336840109497,0.020029819288788293,-0.018086837234635063,0.020735085688593453,-0.016140135700773897,0,0,-9.8066499999999994
1,0.81500000000000006,163,-0.001740528173352173,-0.022941811970148933,0.0004976101740098649,1.1626267210646109e-05,0.0095905973390266047,0.0001907616983446571,0.019988691181133961,-0.018048833065372968,0.020697881422546281,-0.01610078497757261,0,0,-9.8066499999999994
1,0.82000000000000006,164,-0.0017404469949040915,-0.022893644844585344,0.00049853269107472142,2.0694783974403579e-05,0.0096751229565881572,0.00017842874582256577,0.019947250845667029,-0.018010412306655468,0.020660204720032729,-0.016061201610682165,0,0,-9.8066499999999994
1,0.82500000000000007,165,-0.0017403226965761946,-0.022845071928145954,0.00049939627145753401,2.8880226473589653e-05,0.0097529244839714806,0.00016718121321997618,0.019905522259030053,-0.017971606997835936,0.020622093361761729,-0.016021402010984381,0,0,-9.8066499999999994
1,0.83000000000000007,166,-0.0017401596022213535,-0.022796126682227028,0.00050020625249681827,3.6219467326413725e-05,0.0098240650013558979,0.00015698271261650677,0.019863529219170985,-0.017932448819961425,0.020583584492917362,-0.015981402705374792,0,0,-9.8066499999999994
1,0.83499999999999996,167,-0.001739961847506306,-0.022746842260571061,0.00050096778265336307,4.2750876954310915e-05,0.0098886045652382785,0.00014779414292336526,0.019821295373302718,-0.017892969094724098,0.02054471461195178,-0.015941220374004205,0,0,-9.8066499999999994
1,0.83999999999999997,168,-0.0017397333728956682,-0.022697251523242722,0.00050168580886771118,4.8514134076407857e-05,0.009946600667971232,0.00013957405751665466,0.019778844242051348,-0.017853198783485083,0.020505519560600583,-0.015900871882680745,0,0,-9.8066499999999994
1,0.84499999999999997,169,-0.0017394779175872149,-0.022647387048273314,0.00050236506572927148,5.3550034844008566e-05,0.0099981087099610712,0.00013227902104895269,0.019736199239817443,-0.017813168486219711,0.020466034515011219,-0.01586037431041918,0,0,-9.8066499999999994
1,0.84999999999999998,170,-0.0017391990144031695,-0.022597281140923083,0.00050301006639995771,5.7900301440618653e-05,0.010043182479508068,0.00012586395426440216,0.019693383691401427,-0.017772908440249039,0.020426293977884393,-0.015819744972156234,0,0,-9.8066499999999994
1,0.85499999999999998,171,-0.0017388999856381003,-0.02254696584053514,0.0005036250952297264,6.1607390977166964e-05,0.010081874635571557,0.00012028246578206229,0.019650420844968979,-0.017732448518638283,0.0203863317715379,-0.015779001436680467,0,0,-9.8066499999999994
1,0.85999999999999999,172,-0.0017385839398598793,-0.022496472924977487,0.00050421420199655079,6.4714305509421449e-05,0.010114237189049687,0.00011548716994803119,0.019607333881454355,-0.017691818228158313,0.020346181031810757,-0.015738161539853131,0,0,-9.8066499999999994
1,0.86499999999999999,173,-0.0017382537696560396,-0.022445833912690949,0.00050478119769920037,6.726440399577581e-05,0.01014032197847865,0.00011142998998821683,0.019564145920519853,-0.01765104670672174,0.020305874202734064,-0.015697243393222222,0,0,-9.8066499999999994
1,0.87,174,-0.0017379121503138164,-0.022395080062380508,0.00050532965182767419,6.9301216998628857e-05,0.010160181136372839,0.00010806244582026644,0.01952088002320692,-0.017610162720219962,0.020265443031902537,-0.015656265388155798,0,0,-9.8066499999999994
1,0.875,175,-0.0017375615394181864,-0.022344242370405609,0.00050586289103323357,7.0868264912083643e-05,0.0101738675427474,0.00010533592600470974,0.01947755919143037,-0.017569194658702127,0.020224918566488156,-0.015615246195642444,0,0,-9.8066499999999994
1,0.88,176,-0.0017372041773483689,-0.022293351565941491,0.00050638399911767467,7.2008880472955482e-05,0.010181435262682519,0.00010320194343152067,0.019434206364480233,-0.017528170531850757,0.020184331149844005,-0.015574204761926148,0,0,-9.8066499999999994
1,0.88500000000000001,177,-0.0017368420886495427,-0.022242438103998563,0.00050689581825973931,7.2766036281431162e-05,0.010182939965104448,0.0001016123744489366,0.019390844412707317,-0.017487117963722296,0.020143710418652865,-0.015533160300160834,0,0,-9.8066499999999994
1,0.89000000000000001,178,-0.0017364770842529895,-0.022191532156400112,0.0005074009513953621,7.3182178022664405e-05,0.010178439320268936,0.00010051968124606054,0.019347496128577824,-0.01744606418673356,0.02010308530058064,-0.01549213227828514,0,0,-9.8066499999999994
1,0.89500000000000002,179,-0.0017361107645145069,-0.022140663600830522,0.00050790176566775853,7.3299064041534138e-05,0.010167993373737964,9.9877117399463936e-05,0.019304184215289916,-0.017405036034887088,0.020062484012400409,-0.015451140403331749,0,0,-9.8066499999999994
1,0.90000000000000002,180,-0.0017357445230377869,-0.022089862008076406,0.00050840039686314445,7.3157611880199141e-05,0.010151664894938671,9.9638916586938141e-05,0.019260931273150862,-0.017364059936239819,0.020021934058557397,-0.01541020460239716,0,0,-9.8066499999999994
1,0.90500000000000003,181,-0.0017353795512465139,-0.022039156627591934,0.00050889875474811148,7.2797752342329495e-05,0.010129519698681743,9.976046455784588e-05,0.0192177597839173,-0.017323161904630124,0.01998146223014978,-0.015369345000507687,0,0,-9.8066499999999994
1,0.91000000000000003,182,-0.0017350168436662415,-0.021988576371527013,0.00050939852922533401,7.2258291599397513e-05,0.010101626938296138,0.00010019845453006482,0.019174692093303781,-0.017282367530688004,0.019941094604304196,-0.015328581895625134,0,0,-9.8066499999999994
1,0.91500000000000004,183,-0.0017346572038746521,-0.021938149797363068,0.00050990119722532212,7.1576781803826491e-05,0.010068059369305736,0.00010091102625772161,0.019131750391865501,-0.017241701972162463,0.01990085654392831,-0.015287935731042054,0,0,-9.8066499999999994
1,0.92000000000000004,184,-0.0017343012510766147,-0.021887905089305805,0.00051040803025332693,7.0789400621295757e-05,0.0100288935828312,0.00010185788908182655,0.019088956694460826,-0.017201189943608197,0.019860772697825952,-0.015247427065420562,0,0,-9.8066499999999994
1,0.92500000000000004,185,-0.0017339494272585255,-0.021837870038587923,0.00051092010251222461,6.9930840040612866e-05,0.0099842102081453832,0.00010300042933814527,0.019046332818497481,-0.017160855705481294,0.019820867001163249,-0.015207076540731782,0,0,-9.8066499999999994
1,0.93000000000000005,186,-0.0017336020048747587,-0.021788072022836898,0.00051143829952421816,6.9034204764806487e-05,0.0099340940840434693,0.00010430180255238413,0.019003900361163343,-0.01712072305270023,0.019781162676276408,-0.015166904848353977,0,0,-9.8066499999999994
1,0.93500000000000005,187,-0.0017332590950176832,-0.021738537984664172,0.00051196332717647443,6.8130920431691639e-05,0.0098786343989096369,0.00010572701090313625,0.018961680675838793,-0.017080815302734403,0.019741682233814048,-0.015126932693587284,0,0,-9.8066499999999994
1,0.94000000000000006,188,-0.0017329206560215871,-0.021689294409632132,0.00051249572111833092,6.725065185666055e-05,0.009817924799568006,0.0001072429664772429,0.018919694847882775,-0.017041155283287295,0.019702447474208653,-0.015087180758841289,0,0,-9.8066499999999994
1,0.94500000000000006,189,-0.0017325865024500364,-0.021640367303754314,0.00051303585644042651,6.6421231435122999e-05,0.0097520634691997034,0.00010881854088113053,0.018877963669978716,-0.017001765319645933,0.019663479489473293,-0.015047669665748631,0,0,-9.8066499999999994
1,0.95000000000000007,190,-0.0017322563144156382,-0.021591782170682444,0.00051358395756901721,6.5668597787252217e-05,0.0096811531747867004,0.00011042460180513737,0.018836507617220003,-0.016962667221771487,0.019624798665320856,-0.015008419936453788,0,0,-9.8066499999999994
1,0.95500000000000007,191,-0.0017319296471809038,-0.021543563988731154,0.00051414010831179276,6.5016744673846854e-05,0.0096053012847104186,0.00011203403716596007,0.018795346822107387,-0.016923882271208866,0.019586424683604133,-0.014969451954320638,0,0,-9.8066499999999994
1,0.95999999999999996,192,-0.0017316059409888929,-0.021495737187887727,0.00051470426199469823,6.4487680159452205e-05,0.0095246197572838656,0.00011362176747559022,0.01875450104962283,-0.01688543120789502,0.019548376525075704,-0.014930785924296209,0,0,-9.8066499999999994
1,0.96499999999999997,193,-0.0017312845310725712,-0.021448325626949968,0.0005152762516325522,6.4101395947797974e-05,0.0094392251011369485,0.00011516474710361831,0.018713989672535927,-0.016847334216947122,0.01951067247246719,-0.014892441833160561,0,0,-9.8066499999999994
1,0.96999999999999997,194,-0.0017309646577923076,-0.021401352570930361,0.00051585580007962588,6.3875846765140326e-05,0.0093492383084984136,0.00011664195511349528,0.018673831647090269,-0.016809610915512269,0.01947333011388775,-0.01485443940988455,0,0,-9.8066499999999994
1,0.97499999999999998,195,-0.0017306454768516843,-0.021354840668859166,0.0005164425301097754,6.3826939619829258e-05,0.009254784762531389,0.00011803437636295904,0.018634045489207933,-0.016772280339760564,0.019436366346541837,-0.014816798086308267,0,0,-9.8066499999999994
1,0.97999999999999998,196,-0.0017303260695427608,-0.021308811932113144,0.00051703597437918508,6.3968532721292773e-05,0.0091559941199785035,0.00011932497356433266,0.018594649251340949,-0.016735360932102639,0.019399797380766321,-0.014779536958343163,0,0,-9.8066499999999994
1,0.98499999999999999,197,-0.0017300054529731264,-0.021263287713389967,0.00051763558522826484,6.4312443798885706e-05,0.0090530001704593084,0.00012049865100179324,0.01855566050008892,-0.016698870528711645,0.01936363874438686,-0.014742674747890653,0,0,-9.8066499999999994
1,0.98999999999999999,198,-0.0017296825902284759,-0.021218288686441586,0.00051824074428272594,6.4868467521086396e-05,0.0089459406738374297,0.00012154221060100491,0.018517096294692319,-0.016662826347427828,0.019327905287393279,-0.014706229765659029,0,0,-9.8066499999999994
1,0.995,199,-0.0017293564004260313,-0.021173834826672511,0.00051885077181732452,6.5644401678197252e-05,0.0088349571771370022,0.00012244430104089226,0.018478973166501236,-0.016627244976121787,0.019292611186933335,-0.014670219875049375,0,0,-9.8066499999999994
1,1,200,-0.0017290257686159104,-0.021129945392701462,0.00051946493584919141,6.6646081757261373e-05,0.0087201948125397721,0.00012319536058904283,0.018441307099509367,-0.016592142361589658,0.019257769952623766,-0.01463466245726938,0,0,-9.8066499999999994
1,1.0050000000000001,201,-0.0017286895554894702,-0.021086638908977062,0.00052008246093104729,6.787742350656749e-05,0.0086018020780328497,0.00012378755433092595,0.018404113512033634,-0.016557533799050332,0.01922339443217715,-0.014599574377822057,0,0,-9.8066499999999994
1,1.01,202,-0.0017283466068557488,-0.021043933149530333,0.00052070253661791824,6.9340473058753164e-05,0.0084799306023075061,0.00012421470644909561,0.018367407239609886,-0.016523433922311405,0.019189496817342413,-0.014564971954504246,0,0,-9.8066499999999994
1,1.0150000000000001,203,-0.0017279957628493399,-0.021001845122938709,0.00052132432558421029,7.1035464156322698e-05,0.0083547348955278211,0.00012447222819243837,0.018331202519165823,-0.016489856694666558,0.019156088650156319,-0.014530870927037373,0,0,-9.8066499999999994
1,1.02,204,-0.001727635866835376,-0.020960391058568128,0.00052194697137115356,7.2960882001425054e-05,0.0082263720875971249,0.00012455704215694077,0.018295512974522983,-0.016456815400582969,0.019123180829502626,-0.014497286428440653,0,0,-9.8066499999999994
1,1.0249999999999999,205,-0.001727265773979734,-0.02091958639415166,0.00052256960574768667,7.5113533232857457e-05,0.0080950016555506026,0.0001244675034793037,0.018260351603270594,-0.016424322638232857,0.019090783617974821,-0.014464232958244443,0,0,-9.8066499999999994
1,1.03,206,-0.001726884359455103,-0.020879445764754978,0.00052319135567080281,7.748862151770716e-05,0.0079607851416938803,0.00012420331852267127,0.018225730765045176,-0.01639239031291858,0.019058906649037834,-0.014431724357629152,0,0,-9.8066499999999994
1,1.0349999999999999,207,-0.0017264905262561493,-0.020839982993170931,0.00052381134983421824,8.0079828232509665e-05,0.0078238858640900539,0.00012376546161032938,0.018191662171241581,-0.016361029631435823,0.019027558934483327,-0.014399773786562845,0,0,-9.8066499999999994
1,1.04,208,-0.001726083212599664,-0.020801211081777505,0.00052442872479694074,8.2879397699541421e-05,0.0076844686209736881,0.00012315609033852442,0.018158156876172674,-0.016330251097414428,0.018996748872172512,-0.014368393702998607,0,0,-9.8066499999999994
1,1.0449999999999999,209,-0.0017256613988882658,-0.020763142205885685,0.00052504263068590842,8.5878226437571716e-05,0.007542699390638583,0.0001223784599738768,0.018125225269687302,-0.016300064507671165,0.018966484254059762,-0.014337595844180876,0,0,-9.8066499999999994
1,1.05,210,-0.0017252241142189486,-0.020725787708596018,0.00052565223646933103,8.906595588315624e-05,0.0073987450283082012,0.00012143683741424662,0.018092877071248643,-0.016270478949603553,0.018936772274489665,-0.014307391210098351,0,0,-9.8066499999999994
1,1.0549999999999999,211,-0.0017247704424204792,-0.020689158097175319,0.00052625673479969029,9.2431068038293542e-05,0.0072527729614530832,0.00012033641516472787,0.018061121325468017,-0.016241502799648661,0.018907619538759458,-0.014277790049109755,0,0,-9.8066499999999994
1,1.0600000000000001,212,-0.001724299527606371,-0.020653263040957725,0.00052685534642754714,9.596098350263622e-05,0.0071049508849706572,0.00011908322575263306,0.018029966399082626,-0.016213143722825282,0.018879032071938317,-0.014248801845757874,0,0,-9.8066499999999994
1,1.0649999999999999,213,-0.0017238105792328543,-0.020618111370767314,0.00052744732418935245,9.9642161353749771e-05,0.0069554464575873505,0.00011768405697742436,0.017999419979359325,-0.01618540867337288,0.018851015327934182,-0.014220435310776594,0,0,-9.8066499999999994
1,1.0700000000000001,214,-0.0017233028766539286,-0.020583711079852976,0.00052803195657436582,0.00010346020034665799,0.0068044270007851784,0.00011614636836319236,0.017969489073900984,-0.016158303896495248,0.018823574198798508,-0.014192698373285666,0,0,-9.8066499999999994
1,1.075,215,-0.0017227757731682032,-0.020550069326319701,0.00052860857087755732,0.00010739994091413622,0.0066520592014909152,0.00011447820915320179,0.017940180011826248,-0.016131834931211814,0.018796713024258695,-0.014165598175158105,0,0,-9.8066499999999994
1,1.0800000000000001,216,-0.0017222286995547894,-0.0205171924370346,0.00052917653594699026,0.00011144556746178392,0.0064985088197004994,0.00011268813815778082,0.017911498446288962,-0.016106006614314401,0.018770435601467492,-0.014139141067536005,0,0,-9.8066499999999994
1,1.085,217,-0.0017216611670980088,-0.020485085912980115,0.00052973526453567444,0.00011558071046664237,0.0063439404021421132,0.00011078514573913811,0.017883449358298577,-0.016080823085422451,0.018744745194958366,-0.014113332609461739,0,0,-9.8066499999999994
1,1.0900000000000001,218,-0.0017210727701030919,-0.020453754436021692,0.00053028421526922379,0.00011978854790473924,0.0061885170030093785,0.00010877857818908711,0.017856037061799151,-0.016056287793124811,0.018719644546795398,-0.014088177568583398,0,0,-9.8066499999999994
1,1.095,219,-0.0017204631879073704,-0.020423201877052054,0.00053082289424186829,0.00012405190555164733,0.0060323999127236084,0.00010667806472866069,0.017829265209960563,-0.01603240350219174,0.01869513588690595,-0.014063679923885547,0,0,-9.8066499999999994
1,1.1000000000000001,220,-0.0017198321863936966,-0.020393431305469775,0.00053135085625444559,0.00012835335572030257,0.0058757483956082329,0.00010449344733228359,0.017803136802632503,-0.016009172301836381,0.018671220943584192,-0.014039842870389327,0,0,-9.8066499999999994
1,1.105,221,-0.001719179619014948,-0.020364444999945476,0.00053186770570894896,0.00013267531402213082,0.0057187194372839145,0.00010223471355323096,0.017777654194908867,-0.01598659561500073,0.018647900954153234,-0.014016668825759309,0,0,-9.8066499999999994
1,1.1100000000000001,222,-0.0017185054273404867,-0.020336244460425219,0.00053237309717502665,0.00013700013376060532,0.0055614675025149858,9.9911932502259207e-05,0.017752819106747746,-0.015964674208637265,0.018625176675773587,-0.013994159438748464,0,0,-9.8066499999999994
1,1.115,223,-0.0017178096411373397,-0.020308830421317155,0.00053286673564452826,0.00014131019759074651,0.0054041443041628586,9.753519410691234e-05,0.017728632633590143,-0.015943408204953699,0.018603048396385474,-0.013972315599407245,0,0,-9.8066499999999994
1,1.1200000000000001,224,-0.001717092378000632,-0.02028220286580441,0.0005333483764907715,0.0001455880061032735,0.0052468985838247523,9.5114551755867542e-05,0.017705095257918878,-0.015922797093584833,0.018581515945772523,-0.013951137450977754,0,0,-9.8066499999999994
1,1.125,225,-0.0017163538425494507,-0.020256361041224514,0.0005338178251496679,0.0001498162630183744,0.005089875904660944,9.2659968410134793e-05,0.017682206861697795,-0.015902839744652446,0.018560578706734349,-0.013930624403389772,0,0,-9.8066499999999994
1,1.1300000000000001,226,-0.0017155943252058214,-0.020231303475453297,0.00053427493654020211,0.00015397795670074452,0.0049332184568386655,9.0181266241624744e-05,0.017659966739630446,-0.015883534422671118,0.018540235626355549,-0.013910775148271541,0,0,-9.8066499999999994
1,1.135,227,-0.0017148142005758561,-0.020207027994229292,0.00053471961424201035,0.00015805643773504264,0.0047770648759480278,8.7688079839202271e-05,0.017638373613176758,-0.015864878801255401,0.018520485227358739,-0.013891587675385047,0,0,-9.8066499999999994
1,1.1400000000000001,228,-0.0017140139254533645,-0.020183531739352997,0.00053515180944795451,0.00016203549232844436,0.0046215500746730849,8.5189813002893388e-05,0.017617425645265895,-0.015846869978581372,0.018501325619529406,-0.013873059290392804,0,0,-9.8066499999999994
1,1.145,229,-0.0017131940364673178,-0.020160811187694215,0.00053557151970964661,0.00016589941133498846,0.0044668050879310564,8.2695599128876766e-05,0.017597120455643461,-0.015829504493553543,0.018482754511200478,-0.013855186633861045,0,0,-9.8066499999999994
1,1.1500000000000001,230,-0.0017123551473955134,-0.02013886217093968,0.00053597878749384823,0.00016963305472421334,0.0043129569316258899,8.0214265170507529e-05,0.017577455136791532,-0.015812778342626455,0.018464769220784737,-0.01383796570140251,0,0,-9.8066499999999994
1,1.155,231,-0.0017114979461676013,-0.020117679896012722,0.0005363736985675541,0.00017322191134449638,0.0041601284750961351,7.7754299144672942e-05,0.01755842627036043,-0.015796686997228658,0.018447366688343462,-0.013821391864860947,0,0,-9.8066499999999994
1,1.1599999999999999,232,-0.001710623191581318,-0.020097258966096401,0.00053675638022937869,0.00017665215385908494,0.0040084383272747277,7.532382113783184e-05,0.017540029944052019,-0.015781225421735812,0.018430543487179856,-0.01380545989443877,0,0,-9.8066499999999994
1,1.165,233,-0.0017097317097563116,-0.020077593402191632,0.00053712699940460071,0.00017991068875992407,0.0038580007365184282,7.2930557752263206e-05,0.017522261768895209,-0.015766388091938515,0.01841429583544632,-0.01379016398166906,0,0,-9.8066499999999994
1,1.1699999999999999,234,-0.0017088243903503506,-0.020058676665142192,0.00053748576062089188,0.00018298520139126695,0.0037089255040073515,7.0581819920253404e-05,0.017505116896855716,-0.015752169013950039,0.018398619607754657,-0.01377549776313342,0,0,-9.8066499999999994
1,1.175,235,-0.0017079021825629822,-0.020040501678059115,0.00053783290388136333,0.00018586419594103531,0.0035613179105614731,6.8284484002392254e-05,0.017488590038723308,-0.015738561743498702,0.018383510346778952,-0.013761454344827867,0,0,-9.8066499999999994
1,1.1799999999999999,236,-0.0017069660909518557,-0.020023060849077859,0.00053816870245111984,0.00018853703038325298,0.0034152786566701101,6.604497607562158e-05,0.017472675482221596,-0.015725559405549493,0.018368963274840982,-0.013748026327079901,0,0,-9.8066499999999994
1,1.1850000000000001,237,-0.001706017171086943,-0.02000634609438284,0.00053849346057301334,0.00019099394637959319,0.0032709038154829792,6.3869259307035542e-05,0.017457367110286948,-0.0157131547141998,0.01835497330546856,-0.013735205829921517,0,0,-9.8066499999999994
1,1.1899999999999999,238,-0.0017050565250677939,-0.019990348861435178,0.00053880751112774807,0.00019322609417148979,0.00312828479846795,6.176282430126411e-05,0.017442658419465122,-0.0157013399927944,0.018341535054917465,-0.013722984518824564,0,0,-9.8066499999999994
1,1.1950000000000001,239,-0.001704085296928745,-0.019975060152341208,0.00053911121325290795,0.00019522555251706193,0.0029875083333992919,5.9730682301576789e-05,0.017428542538376151,-0.01569010719420557,0.018328642853648207,-0.013711353630707095,0,0,-9.8066499999999994
1,1.2,240,-0.0017031046679566791,-0.019960470547300973,0.00053940494993486227,0.00019698534374854596,0.0028486564543039592,5.77773611185451e-05,0.017415012246200057,-0.015679447921224953,0.018316290757749015,-0.013700304000121748,0,0,-9.8066499999999994
1,1.2050000000000001,241,-0.0017021158519454995,-0.019946570228077942,0.00053968912558686056,0.00019849944404639705,0.0027118065029592508,5.5906903654671507e-05,0.017402059991138301,-0.015669353447014926,0.018304472560297116,-0.013689826085539905,0,0,-9.8066499999999994
1,1.21,242,-0.0017011200904109565,-0.019933349001433263,0.00053996416362595684,0.00019976278904531916,0.0025770311415061636,5.4122868888657409e-05,0.017389677908807973,-0.015659814735568375,0.018293181802650584,-0.013679909995648373,0,0,-9.8066499999999994
1,1.2150000000000001,243,-0.0017001186477888387,-0.019920796322470111,0.00054023050406071433,0.00020077127490548019,0.0024443983757149179,5.242833517954431e-05,0.017377857840528137,-0.015650822462127303,0.018282411785663553,-0.013670545515578506,0,0,-9.8066499999999994
1,1.22,244,-0.0016991128066388376,-0.019908901317836097,0.00054048860110093313,0.00020152175499877582,0.0023139715884168961,5.0825905747918835e-05,0.017366591351460056,-0.01564236703351219,0.018272155580817975,-0.013661722132991128,0,0,-9.8066499999999994
1,1.2250000000000001,245,-0.0016981038628756009,-0.019897652808734151,0.00054073892079992537,0.00020201203237523311,0.0021858095825971705,4.9317716189608184e-05,0.017355869748565445,-0.015634438608315773,0.018262406041265427,-0.013653429063944152,0,0,-9.8066499999999994
1,1.23,246,-0.0016970931210476342,-0.019887039333694869,0.00054098193873913683,0.00020224084818869033,0.0020599666336255707,4.7905443875808128e-05,0.017345684098349252,-0.015627027116916839,0.018253155812772988,-0.013645655278473584,0,0,-9.8066499999999994
1,1.2350000000000001,247,-0.0016960818896837784,-0.019877049171065975,0.0005412181377641794,0.00020220786627328825,0.00193649255009076,4.6590319093348789e-05,0.017336025244355863,-0.015620122281271522,0.01824439734456744,-0.013638389525822385,0,0,-9.8066499999999994
1,1.24,248,-0.0016950714767260074,-0.019867670361177238,0.00054144800578061095,0.00020191365407359486,0.0018154327426916222,4.5373137778747362e-05,0.017326883824390082,-0.015613713634441775,0.018236122900072531,-0.013631620359255761,0,0,-9.8066499999999994
1,1.2450000000000001,249,-0.0016940631850662514,-0.01985889072814195,0.00054167203361706647,0.00020135966014087485,0.0016968283006336959,4.4254275700749841e-05,0.017318250287436537,-0.015607790539822813,0.018228324567534274,-0.013625336160405415,0,0,-9.8066499999999994
1,1.25,250,-0.0016930583082038623,-0.019850697901258797,0.00054189071296262324,0.00020054818841639169,0.0015807160749738295,4.3233703947396032e-05,0.017310114910253485,-0.015602342210033598,0.018220994270529704,-0.013619525163089409,0,0,-9.8066499999999994
1,1.2550000000000001,251,-0.001692058126039224,-0.01984307933598083,0.00054210453438456574,0.00019948236952968247,0.0014671287683545868,4.2311005575629268e-05,0.017302467813619393,-0.015597357725436821,0.018214123778354702,-0.013614175476558549,0,0,-9.8066499999999994
1,1.26,252,-0.0016910639008178461,-0.019836022334420909,0.00054231398543201485,0.00019816612934536507,0.0013560950305718095,4.1485393284099074e-05,0.017295298978212761,-0.015592826052257105,0.018207704716286879,-0.013609275108124264,0,0,-9.8066499999999994
1,1.2650000000000001,253,-0.0016900768732381092,-0.019829514065365931,0.0005425195488301933,0.00019660415499633588,0.0012476395594219094,4.0755727972782965e-05,0.017288598260108028,-0.015588736060268685,0.018201728575719764,-0.01360481198512719,0,0,-9.8066499999999994
1,1.27,254,-0.0016890982587346255,-0.019823541583774716,0.00054272170076942916,0.00019480185864423539,0.0011417832062819442,4.0120538056456379e-05,0.017282355405872325,-0.01558507654002615,0.018196186724164783,-0.01360077397620986,0,0,-9.8066499999999994
1,1.2750000000000001,255,-0.001688129243947974,-0.019818091849737318,0.00054292090929234141,0.00019276533920985372,0.0010385430858835449,3.9578039402937977e-05,0.017276560067250091,-0.015581836219614382,0.018191070415117735,-0.013597148911860925,0,0,-9.8066499999999994
1,1.28,256,-0.001687170983390352,-0.019813151746876069,0.00054311763278201718,0.00019050134231659349,0.00093793268975187827,3.9126155771230507e-05,0.017271201815424381,-0.01557900378089614,0.018186370797786715,-0.013593924604202503,0,0,-9.8066499999999994
1,1.2849999999999999,257,-0.0016862245963154715,-0.019808708100171348,0.00054331231855337834,0.00018801721868949871,0.00083996200279353318,3.8762539629205184e-05,0.017266270154845758,-0.015576567875238338,0.018182078926678651,-0.013591088865996193,0,0,-9.8066499999999994
1,1.29,258,-0.0016852911637998192,-0.019804747693197594,0.00054350540154934294,0.00018532088125056197,0.00074463762253075083,3.848459323529494e-05,0.017261754536621314,-0.015574517138700299,0.018178185771041723,-0.013588629528847219,0,0,-9.8066499999999994
1,1.2949999999999999,259,-0.0016843717260412031,-0.01980125728475754,0.00054369730314282421,0.00018242076114813102,0.00065196288049472202,3.8289489873641061e-05,0.017257644371458224,-0.015572840206669774,0.018174682224161114,-0.01358653446058998,0,0,-9.8066499999999994
1,1.3,260,-0.0016834672798793282,-0.019798223624905076,0.00054388843004506864,0.00017932576295438777,0.00056193796530802599,3.8174195137532737e-05,0.017253929042157841,-0.015571525727934772,0.018171559112505741,-0.013584791581842004,0,0,-9.8066499999999994
1,1.3049999999999999,261,-0.001682578776541986,-0.019795633470349419,0.00054407917332032255,0.00017604521925997571,0.00047456004700364833,3.8135488161248823e-05,0.017250597915657803,-0.015570562378181533,0.018168807204723633,-0.013583388881716838,0,0,-9.8066499999999994
1,1.3100000000000001,262,-0.0016817071196193129,-0.0197934735992355,0.0005442699075063317,0.00017258884488910217,0.00038982340214789617,3.8169982706123893e-05,0.017247640354621237,-0.015569938872911223,0.018166417220483785,-0.013582314432689958,0,0,-9.8066499999999994
1,1.3149999999999999,263,-0.0016808531632674663,-0.019791730825297602,0.00054446098983972069,0.0001689666909519371,0.00030771953935374236,3.8274148012180027e-05,0.017245045728573386,-0.015569643979770037,0.018164379839162404,-0.013581556404614947,0,0,-9.8066499999999994
1,1.3200000000000001,264,-0.0016800177361715753,-0.019790391957799296,0.0005446527329885587,0.00016515929945142902,0.00022830005704898703,3.8413230676080586e-05,0.017242803446881106,-0.015569666419150122,0.018162685661099982,-0.013581103039210091,0,0,-9.8066499999999994
1,1.325,265,-0.001679202140085478,-0.019789442770061769,0.00054484488512963935,0.00016102464493446885,0.00015186727509121996,3.842575099889532e-05,0.017240903407354926,-0.015569992705407487,0.018161324295859396,-0.013580941907319684,0,0,-9.8066499999999994
1,1.3300000000000001,266,-0.0016784081374346285,-0.01978886809114681,0.00054503688935287242,0.00015649964153789379,7.8538613904616432e-05,3.8378438892336249e-05,0.017239335658143475,-0.015570607636977934,0.018160284714254682,-0.013581059703944803,0,0,-9.8066499999999994
1,1.335,267,-0.0016776378916407502,-0.019788652026871689,0.00054522871664622319,0.00015152791019600867,8.4051497881458472e-06,3.8357452126006256e-05,0.017238089231319038,-0.015571495829234221,0.018159556300038918,-0.013581441551063271,0,0,-9.8066499999999994
1,1.3400000000000001,268,-0.0016768935253961659,-0.019788778885414499,0.00054542051869282493,0.00014615582162426827,-5.8650438062359095e-05,3.8369046922720116e-05,0.017237153006157073,-0.015572642385860161,0.018159128761160728,-0.013582072571044129,0,0,-9.8066499999999994
1,1.345,269,-0.0016761769213949954,-0.019789233572736528,0.00054561246838165693,0.00014043031005528693,-0.00012274646314488439,3.8417479755041746e-05,0.017236516084657743,-0.015574033178939418,0.018158992068772882,-0.013582938581896511,0,0,-9.8066499999999994
1,1.3500000000000001,270,-0.0016754898941955139,-0.019790001862804611,0.0005458048818294931,0.00013430306350203016,-0.00018416152291337757,3.8577366868836681e-05,0.017236167998459381,-0.01557565509007066,0.018159136982648406,-0.013584026005290193,0,0,-9.8066499999999994
1,1.355,271,-0.0016748346182030506,-0.019791071094141948,0.00054599853090603009,0.00012773205649534858,-0.00024314816683309662,3.8902193515753675e-05,0.017236099230285646,-0.015577496643801701,0.018159556388262915,-0.013585321646740771,0,0,-9.8066499999999994
1,1.3600000000000001,272,-0.0016742134263940461,-0.019792429766594174,0.00054619394484538319,0.00012065801375634892,-0.00029998656115157375,3.9260052178439893e-05,0.017236301759913055,-0.015579546793100084,0.018160243988952187,-0.013586813356664871,0,0,-9.8066499999999994
1,1.365,273,-0.0016736288475906638,-0.019794067572372603,0.00054639110621178657,0.00011309875507036922,-0.00035480604321540412,3.960259382603393e-05,0.017236769598007979,-0.015581794436985794,0.01816119402713939,-0.013588490358946267,0,0,-9.8066499999999994
1,1.3700000000000001,274,-0.0016730831308499339,-0.019795974482749251,0.00054658995913834394,0.0001051247732877222,-0.00040763249934847723,3.9937960418439324e-05,0.017237496766327423,-0.015584228926070833,0.01816240064619257,-0.013590342424137227,0,0,-9.8066499999999994
1,1.375,275,-0.0016725781776824563,-0.0197981405919786,0.00054679048628710532,9.6804560840070826e-05,-0.00045848928750894397,4.0273421943305638e-05,0.017238476981368503,-0.015586840120132015,0.018163857783771654,-0.013592359725762023,0,0,-9.8066499999999994
1,1.3800000000000001,276,-0.0016721155525381121,-0.019800556105425953,0.00054699270450052036,8.8204419426770602e-05,-0.00050739754526327153,4.0615382052236246e-05,0.017239703661746722,-0.015589618361049508,0.018165559167916612,-0.01359453282518662,0,0,-9.8066499999999994
1,1.385,277,-0.0016716964941964976,-0.019803211329231706,0.00054719666049727396,7.9388288402816012e-05,-0.00055437649570996318,4.0969390086259193e-05,0.017241169937683504,-0.015592554446182664,0.018167498315321967,-0.013596852656765687,0,0,-9.8066499999999994
1,1.3900000000000001,278,-0.0016713219279691719,-0.019806096661494476,0.00054740242664307688,7.0417591619019644e-05,-0.00059944374867412493,4.1340158940526871e-05,0.017242868662448622,-0.015595639602309216,0.018169668531725289,-0.013599310513311851,0,0,-9.8066499999999994
1,1.395,279,-0.0016709924786221975,-0.019809202584943314,0.00054761009682423268,6.1351102410112172e-05,-0.00064261559476274841,4.1731588218930857e-05,0.017244792425598197,-0.015598865460237815,0.018172062914325431,-0.013601898031923647,0,0,-9.8066499999999994
1,1.4000000000000001,280,-0.0016707084839291,-0.019812519661057792,0.00054781978244906524,5.224482637488757e-05,-0.00068390729013337336,4.214679213329693e-05,0.017246933567845388,-0.015602224030188431,0.018174674356135831,-0.013604607180200869,0,0,-9.8066499999999994
1,1.405,281,-0.001670470008766282,-0.019816038525584757,0.00054803160859957941,4.3151901543960031e-05,-0.00072333333008757039,4.2588131608632297e-05,0.017249284197398736,-0.01560570767802079,0.018177495552168826,-0.013607430242869126,0,0,-9.8066499999999994
1,1.4099999999999999,282,-0.0016702768596650556,-0.019819749885391633,0.00054824571035305962,3.4122515485345506e-05,-0.00076090770985052787,4.3057250065824579e-05,0.01725183620760197,-0.015609309102377357,0.018180519007339066,-0.013610359808829114,0,0,-9.8066499999999994
1,1.415,283,-0.0016701285997368189,-0.019823644516588634,0.00054846222929069656,2.5203838856135809e-05,-0.0007966441711401009,4.3555112365298434e-05,0.017254581295709222,-0.015613021312794731,0.018183737045967492,-0.013613388758640679,0,0,-9.8066499999999994
1,1.4199999999999999,284,-0.0016700245638904584,-0.019827713263845831,0.00054868131020778576,1.6439974869803985e-05,-0.00083055643336215278,4.4082046409923426e-05,0.017257510982630876,-0.015616837608825512,0.018187141822761828,-0.013616510252446888,0,0,-9.8066499999999994
1,1.425,285,-0.0016699638742637955,-0.019831947040825738,0.00054890309803757502,7.8719241132869101e-06,-0.00086265840848997197,4.4637786922243642e-05,0.017260616633487342,-0.015620751560201727,0.018190725335145375,-0.01361971771833911,0,0,-9.8066499999999994
1,1.4299999999999999,286,-0.0016699454557938137,-0.019836336831647958,0.0005491277349984569,-4.624358840091676e-07,-0.00089296439889751473,4.5221520929416959e-05,0.01726388947881136,-0.015624756988060953,0.018194479436802746,-0.01362300484116058,0,0,-9.8066499999999994
1,1.4350000000000001,287,-0.0016699680518534612,-0.019840873693299232,0.00054935535797192246,-8.5283569558580166e-06,-0.00092148927761523337,4.5831934509862677e-05,0.017267320636243203,-0.015628847947246921,0.01819839585230916,-0.013626365551742811,0,0,-9.8066499999999994
1,1.4399999999999999,288,-0.0016700302398860206,-0.019845548758900051,0.00054958609611651234,-1.6294213131381369e-05,-0.00094824865066361788,4.6467260376994238e-05,0.017270901132568132,-0.015633018709688151,0.018202466192708922,-0.013629794016566766,0,0,-9.8066499999999994
1,1.4450000000000001,289,-0.0016701304469713576,-0.01985035324173777,0.00054982006872093792,-2.373148066762383e-05,-0.00097325900129470021,4.7125325898436168e-05,0.017274621925950723,-0.015637263748850497,0.018206681971908709,-0.013633284627838674,0,0,-9.8066499999999994
1,1.45,290,-0.001670266965261771,-0.019855278439975626,0.00055005738329759522,-3.081470597517849e-05,-0.00099653781613285274,4.7803601172932144e-05,0.017278473928226908,-0.015641577725252678,0.018211034623752145,-0.013636831993968758,0,0,-9.8066499999999994
1,1.4550000000000001,291,-0.0016704379672286777,-0.019860315741947479,0.00055029813391586631,-3.7521462144912341e-05,-0.001018103693354936,4.8499246811794558e-05,0.017282448027121027,-0.015645955473027891,0.018215515519643812,-0.013640430930439949,0,0,-9.8066499999999994
1,1.46,292,-0.0016706415206649314,-0.019865456631949111,0.00055054239977290098,-4.3832294796163978e-05,-0.001037976433184053,4.9209161097059801e-05,0.017286535108262429,-0.015650391987509196,0.018220115986593451,-0.013644076451052926,0,0,-9.8066499999999994
1,1.4650000000000001,293,-0.0016708756033912055,-0.019870692696438558,0.00055079024399799651,-4.9730657975833228e-05,-0.0010561771110962795,4.9930026214110951e-05,0.017290726076883471,-0.015654882413811657,0.01822482732555428,-0.013647763759533166,0,0,-9.8066499999999994
1,1.47,294,-0.0016711381176185301,-0.019876015630560327,0.00055104171268524453,-5.5202840843946233e-05,-0.001072728134246158,5.0658353282498242e-05,0.017295011879088672,-0.015659422036380349,0.018229640829933145,-0.01365148824148562,0,0,-9.8066499999999994
1,1.4750000000000001,295,-0.0016714269039227606,-0.019881417244910989,0.0005512968341478021,-6.0237885884199872e-05,-0.0010876532817166314,5.1390525934669318e-05,0.017299383522592682,-0.015664006269469736,0.018234547804154722,-0.013655245456682508,0,0,-9.8066499999999994
1,1.48,296,-0.0016717397547904517,-0.019886889472467046,0.00055155561838595194,-6.4827499378262586e-05,-0.0011009777292822216,5.2122842218160278e-05,0.017303832096833147,-0.015668630648517215,0.018239539582167029,-0.013659031131670114,0,0,-9.8066499999999994
1,1.4850000000000001,297,-0.0016720744276992976,-0.019892424375599436,0.00055181805676006391,-6.8965954879973175e-05,-0.0011127280594477994,5.2851554622557644e-05,0.017308348792372592,-0.015673290822371268,0.018244607545780781,-0.013662841152680716,0,0,-9.8066499999999994
1,1.49,298,-0.0016724286576999651,-0.019898014153103154,0.00055208412185863613,-7.2649990420143904e-05,-0.0011229322575869226,5.3572908057662248e-05,0.017312924919512196,-0.015677982546332833,0.018249743142740967,-0.013666671558836491,0,0,-9.8066499999999994
1,1.4950000000000001,299,-0.0016728001694697871,-0.019903651147174604,0.00055235376755079029,-7.5878700164902897e-05,-0.001131619695053521,5.4283175634328108e-05,0.017317551926048381,-0.015682701675967112,0.018254937904435276,-0.013670518535632789,0,0,-9.8066499999999994
1,1.5,300,-0.0016731866888123677,-0.019909327850273856,0.00055262692921191354,-7.8653421240040293e-05,-0.0011388211001817222,5.4978692123333012e-05,0.017322221414111823,-0.015687444161642226,0.018260183463150243,-0.013674378408689026,0,0,-9.8066499999999994
1,1.5050000000000001,301,-0.0016735859535806851,-0.019915036911813573,0.00055290352411057459,-8.0977616421181969e-05,-0.001144568518116983,5.5655884991334266e-05,0.0173269251560365,-0.015692206043750403,0.018265471568792772,-0.013678247637756203,0,0,-9.8066499999999994
1,1.51,302,-0.0016739957240047404,-0.019920771144621187,0.0005531834519443943,-8.2856753374685032e-05,-0.0011488952604439362,5.6311302935394275e-05,0.017331655109214614,-0.015696983448567313,0.018270794105001376,-0.013682122810971009,0,0,-9.8066499999999994
1,1.5150000000000001,303,-0.0016744137924081834,-0.019926523531125739,0.00055346659551221264,-8.429818111721164e-05,-0.0011518358455868936,5.6941641859505727e-05,0.017336403429901209,-0.015701772584705266,0.01827614310457842,-0.013686000639347265,0,0,-9.8066499999999994
1,1.52,304,-0.0016748379923016384,-0.019932287229225694,0.00055375282150966479,-8.5311004343031099e-05,-0.0011534259309630803,5.7543768257048657e-05,0.017341162485939872,-0.015706569740116326,0.018281510764181583,-0.013689877951496432,0,0,-9.8066499999999994
1,1.5250000000000001,305,-0.0016752662068436513,-0.019938055577798933,0.00055404198143514617,-8.590595624744879e-05,-0.0011537022378644824,5.8114739983029292e-05,0.017345924868388499,-0.015711371279602131,0.018286889458219768,-0.013693751688569721,0,0,-9.8066499999999994
1,1.53,306,-0.0016756963766632598,-0.019943822101820999,0.00055433391259311442,-8.6095270452540607e-05,-0.0011527024700332452,5.8651824418415708e-05,0.017350683402031171,-0.015716173642788045,0.018292271751905623,-0.013697618899415264,0,0,-9.8066499999999994
1,1.5350000000000001,307,-0.0016761265070411682,-0.019949580517062426,0.00055462843918173128,-8.5892552617468479e-05,-0.0011504652268781075,5.9152514046447965e-05,0.017355431154769091,-0.015720973342520411,0.018297650413423627,-0.013701476735944504,0,0,-9.8066499999999994
1,1.54,308,-0.0016765546744493508,-0.019955324734340682,0.00055492537345198814,-8.5312652290658186e-05,-0.0011470299122560374,5.9614539476976778e-05,0.017360161445890025,-0.015725766963646824,0.018303018425179639,-0.013705322448702817,0,0,-9.8066499999999994
1,1.5449999999999999,309,-0.0016769790324516328,-0.019961048863306827,0.00055522451692567663,-8.4371535534877412e-05,-0.0011424366397160832,6.0035879970023108e-05,0.017364867853221892,-0.015730551162140827,0.018308368994104162,-0.013709153382639991,0,0,-9.8066499999999994
1,1.55,310,-0.0016773978169703841,-0.01996674721575132,0.00055552566165985816,-8.3086158828818299e-05,-0.0011367261350680529,6.0414771523595372e-05,0.017369544219181771,-0.015735322664533917,0.018313695560988306,-0.01371296697307681,0,0,-9.8066499999999994
1,1.5549999999999999,311,-0.0016778093509269086,-0.019972414308417737,0.00055582859154584233,-8.1474344720716232e-05,-0.0011299396371034522,6.0749712603357213e-05,0.017374184655737319,-0.015740078267619285,0.018318991808837441,-0.013716760741864609,0,0,-9.8066499999999994
1,1.5600000000000001,312,-0.0016782120482654189,-0.019978044865317113,0.00055613308363110182,-7.9554659680620437e-05,-0.0011221187972553285,6.1039467603136302e-05,0.017378783548302183,-0.01574481483839359,0.018324251670233663,-0.013720532293734988,0,0,-9.8066499999999994
1,1.5649999999999999,313,-0.0016786044173726436,-0.019983633819539496,0.00055643890945302095,-7.7346294568340451e-05,-0.0011133055789407491,6.1283068135358943e-05,0.01738333555859194,-0.015749529314204546,0.01832946933370394,-0.013724279312837415,0,0,-9.8066499999999994
1,1.5700000000000001,314,-0.0016789850639071264,-0.019989176314562873,0.00055674583637389504,-7.4868948104293631e-05,-0.0011035421572847888,6.1479812259413849e-05,0.017387835626471133,-0.01575421870307411,0.018334639249096236,-0.013727999559462613,0,0,-9.8066499999999994
1,1.575,315,-0.0016793526930541369,-0.019994667705063047,0.00055705362890715591,-7.2142713700138866e-05,-0.0010928708198775943,6.1629261763639263e-05,0.017392278970825781,-0.015758880084168748,0.018339756131971186,-0.013731690866949944,0,0,-9.8066499999999994
1,1.5800000000000001,316,-0.0016797061112238205,-0.020000103557231148,0.00055736205002539479,-6.9187969975715064e-05,-0.0010813338691678836,6.1731237623140886e-05,0.017396661089499117,-0.015763510608390128,0.018344814967021679,-0.013735351138777083,0,0,-9.8066499999999994
1,1.585,317,-0.0016800442272117716,-0.020005479648608368,0.00055767086244137842,-6.6025275258389208e-05,-0.0010689735270467515,6.1785813760939037e-05,0.017400977758331389,-0.015768107499061282,0.018349811010537447,-0.013738978345830379,0,0,-9.8066499999999994
1,1.5900000000000001,318,-0.0016803660528426204,-0.020010791967450148,0.00055797982985390348,-6.2675266330543183e-05,-0.0010558318421261704,6.1793309244227512e-05,0.017405225029347035,-0.015772668052685308,0.018354739791935807,-0.013742570523854232,0,0,-9.8066499999999994
1,1.595,319,-0.0016806707031184732,-0.020016036711634454,0.00055828871815100046,-5.9158561660832804e-05,-0.0010419506001664235,6.1754279050705901e-05,0.017409399228134795,-0.015777189639755128,0.018359597114383838,-0.013746125771077828,0,0,-9.8066499999999994
1,1.6000000000000001,320,-0.0016809573958951546,-0.020021210287130914,0.00055859729656367973,-5.5495669325066966e-05,-0.0010273712380574,6.1669503541963695e-05,0.017413496950468167,-0.015781669705594886,0.018364379054540657,-0.013749642246017327,0,0,-9.8066499999999994
1,1.605,321,-0.0016812254511101518,-0.020026309306049497,0.00055890533876409962,-5.1706899793230778e-05,-0.0010121347617092298,6.1539976782125447e-05,0.017417515058215101,-0.015786105771214965,0.018369081961451914,-0.013753118165451486,0,0,-9.8066499999999994
1,1.6100000000000001,322,-0.0016814742895869719,-0.020031330584289072,0.0005592126239027294,-4.7812283730321582e-05,-0.00099628166816042793,6.1366893840012783e-05,0.017421450674586843,-0.015790495434164435,0.018373702454631331,-0.013756551802568344,0,0,-9.8066499999999994
1,1.615,323,-0.0016817034314412945,-0.020036271138807606,0.00055951893757976909,-4.3831494930577825e-05,-0.00097985187216339457,6.1151637212522478e-05,0.017425301178776768,-0.015794836369366239,0.018378237421366947,-0.013759941485280452,0,0,-9.8066499999999994
1,1.6200000000000001,324,-0.0016819124941148246,-0.020041128184536933,0.00055982407274677258,-3.9783778477293277e-05,-0.00096288463746303809,6.0895762505216193e-05,0.017429064200040291,-0.015799126329921944,0.018382684013291677,-0.013763285594705566,0,0,-9.8066499999999994
1,1.625,325,-0.0016821011900631521,-0.020045899130966015,0.00056012783053509664,-3.568788419377256e-05,-0.00094541851293935305,6.060098350397996e-05,0.017432737611267325,-0.015803363147874325,0.018387039642259954,-0.013766582563809535,0,0,-9.8066499999999994
1,1.6300000000000001,326,-0.0016822693241241814,-0.020050581578417364,0.00056043002100845832,-3.1562005425352083e-05,-0.00092749127374304691,6.0269156768339374e-05,0.017436319522098474,-0.015807544734917512,0.018391301975573794,-0.013769830876207661,0,0,-9.8066499999999994
1,1.635,327,-0.0016824167905938354,-0.020055173314041809,0.00056073046383752921,-2.7423723167662402e-05,-0.00090913986751268668,5.9902265873573906e-05,0.017439808271635694,-0.015811669083045623,0.018395468930602774,-0.01377302906512029,0,0,-9.8066499999999994
1,1.6400000000000001,328,-0.0016825435700357544,-0.020059672307557157,0.00056102898889511834,-2.3289955532713277e-05,-0.00089040036572465636,5.9502405424199326e-05,0.017443202420797655,-0.015815734265132109,0.018399538668843581,-0.013776175712478101,0,0,-9.8066499999999994
1,1.645,329,-0.0016826497258516089,-0.020064076706756494,0.00056132543677109802,-1.9176912521744501e-05,-0.00087130792019002453,5.9071764956841039e-05,0.017446500744369021,-0.015819738435433245,0.018403509589465426,-0.013779269448171991,0,0,-9.8066499999999994
1,1.6500000000000001,330,-0.0016827354006384387,-0.020068384832811786,0.00056161965920680271,-1.5100056052355233e-05,-0.0008518967246800988,5.8612612844852611e-05,0.017449702222791755,-0.015823679830010186,0.018407380322388003,-0.013782308949442107,0,0,-9.8066499999999994
1,1.655,331,-0.0016828008123591165,-0.020072595175398351,0.00056191151944917953,-1.1074065167247584e-05,-0.00083219998163032416,5.812728031169054e-05,0.017452806033745352,-0.015827556767065112,0.018411149720938907,-0.013785292940400052,0,0,-9.8066499999999994
1,1.6600000000000001,332,-0.0016828462503516205,-0.020076706387665365,0.0005622008925254882,-7.1128063328334393e-06,-0.00081224987384394514,5.761814565350994e-05,0.017455811543561236,-0.015831367647187938,0.018414816854137327,-0.01378822019167792,0,0,-9.8066499999999994
1,1.665,333,-0.0016828720712023018,-0.020080717281077187,0.00056248766543983537,-3.2293087182142072e-06,-0.00079207754108989031,5.7087618765410197e-05,0.017458718298515162,-0.015835110953510815,0.018418380998650438,-0.013791089520197372,0,0,-9.8066499999999994
1,1.6699999999999999,334,-0.0016828786945077376,-0.020084626820149644,0.00056277173729328241,5.6425567147348852e-07,-0.00077171306146590034,5.6538126058823278e-05,0.017461526016039414,-0.015838785251768694,0.018421841630468439,-0.013793899789051592,0,0,-9.8066499999999994
1,1.675,335,-0.0016828665985490954,-0.020088434117104724,0.00056305301932968834,4.256587148516511e-06,-0.00075118543737623877,5.5972095850808599e-05,0.017464234575894955,-0.015842389190264677,0.018425198416343398,-0.013796649907492582,0,0,-9.8066499999999994
1,1.6799999999999999,336,-0.0016828363159021923,-0.020092138426466358,0.00056333143490983366,7.8372689380111479e-06,-0.00073052258595380452,5.539194429894195e-05,0.017466844011341433,-0.015845921499739787,0.018428451205036098,-0.01379933883101594,0,0,-9.8066499999999994
1,1.6850000000000001,337,-0.0016827884290056272,-0.020095739139619026,0.0005636069194167229,1.1296773382917001e-05,-0.00070975133374009502,5.4800061948460478e-05,0.01746935450034106,-0.015849380993147283,0.018431600018414002,-0.01380196556153492,0,0,-9.8066499999999994
1,1.6899999999999999,338,-0.001682723565708491,-0.020099235779349998,0.0005638794200952793,1.4626463937759415e-05,-0.00068889741542213642,5.4198800951059463e-05,0.017471766356830089,-0.015852766565332205,0.018434645042442039,-0.013804529147635362,0,0,-9.8066499999999994
1,1.6950000000000001,339,-0.0016826423948182448,-0.020102627994394957,0.00056414889582992239,1.7818593140051768e-05,-0.00066798547641256094,5.359046300766659e-05,0.017474080022089444,-0.01585607719261739,0.018437586618106676,-0.013807028684902837,0,0,-9.8066499999999994
1,1.7,340,-0.0016825456216683873,-0.020105915554005663,0.00056441531686376534,2.0866296757199397e-05,-0.0006470390790498529,5.2977288080404717e-05,0.017476296056243852,-0.015859311932297532,0.018440425232311958,-0.013809463316313128,0,0,-9.8066499999999994
1,1.7050000000000001,341,-0.0016824339837245217,-0.020109098342557193,0.00056467866446337635,2.3763584314188715e-05,-0.000626080712186477,5.2361443911917528e-05,0.01747841512991645,-0.015862469922043376,0.018443161508784622,-0.013811832232677118,0,0,-9.8066499999999994
1,1.71,342,-0.0016823082462463935,-0.020112176354211104,0.00056493893053322108,2.6505326213507634e-05,-0.00060513180392835115,5.174501638328185e-05,0.017480438016063655,-0.015865550379218357,0.018445796199023656,-0.013814134673130958,0,0,-9.8066499999999994
1,1.7150000000000001,343,-0.0016821691980223969,-0.020115149687649648,0.00056519611718404395,2.908723766390357e-05,-0.00058421273728347523,5.1130000735096791e-05,0.017482365582012747,-0.015868552600110369,0.018448330173327605,-0.013816369925662434,0,0,-9.8066499999999994
1,1.72,344,-0.0016820176471919574,-0.020118018540895018,0.00056545023625955175,3.1505859638350701e-05,-0.00056334286847603912,5.051829366970097e-05,0.017484198781722384,-0.015871475959081553,0.018450764411931223,-0.013818537327664387,0,0,-9.8066499999999994
1,1.7250000000000001,345,-0.0016818544171700867,-0.0201207832062263,0.00056570130882583605,3.3758537084392467e-05,-0.00054254054768124985,4.9911686346114942e-05,0.017485938648283995,-0.015874319907639205,0.018453099996280871,-0.013820636266506115,0,0,-9.8066499999999994
1,1.73,346,-0.0016816803426872866,-0.020123444065205658,0.00056594936462801555,3.5843394611585916e-05,-0.00052182314193699344,4.9311858273308797e-05,0.017487586286679832,-0.015877083973431148,0.018455338100476081,-0.013822666180113796,0,0,-9.8066499999999994
1,1.7350000000000001,347,-0.0016814962659568548,-0.020126001583824008,0.0005661944415185909,3.7759309881418806e-05,-0.00050120705999187707,4.8720372101515644e-05,0.017489142866811264,-0.015879767759168936,0.018457479982902657,-0.013824626557551054,0,0,-9.8066499999999994
1,1.74,348,-0.0016813030329805147,-0.020128456307775273,0.00056643658486199013,3.9505884924511959e-05,-0.00048070777885096785,4.8138669305727492e-05,0.017490609616808935,-0.015882370941482465,0.01845952697808052,-0.01382651693959102,0,0,-9.8066499999999994
1,1.7450000000000001,349,-0.0016811014900021746,-0.020130808857867138,0.00056667584691974028,4.1083415608633506e-05,-0.0004603398717872234,4.7568066750446298e-05,0.017491987816634122,-0.015884893269709592,0.018461480488747416,-0.013828336919271473,0,0,-9.8066499999999994
1,1.75,350,-0.0016808924801185109,-0.020133059925575039,0.0005669122862206336,4.2492859478641468e-05,-0.00044011703759197772,4.7009754119687266e-05,0.017493278791978942,-0.015887334564624468,0.01846334197819751,-0.013830086142424852,0,0,-9.8066499999999994
1,1.7550000000000001,351,-0.001680676840053964,-0.020135210268745055,0.00056714596692016516,4.3735802186267378e-05,-0.00042005213084483786,4.646479219180929e-05,0.017494483908471047,-0.015889694717108254,0.018465112962891772,-0.013831764308175298,0,0,-9.8066499999999994
1,1.76,352,-0.0016804553971066659,-0.020137260707450241,0.0005673769581534062,4.4814422723759204e-05,-0.00040015719299099954,4.5934111934481457e-05,0.01749560456618655,-0.01589197368676595,0.018466795005354988,-0.013833371169395198,0,0,-9.8066499999999994
1,1.7650000000000001,353,-0.0016802289662707522,-0.020139212120003958,0.00056760533338534342,4.5731457670526294e-05,-0.00038044348402385735,4.5418514391192426e-05,0.017496642194473493,-0.015894171500493069,0.018468389707372253,-0.013834906533114099,0,0,-9.8066499999999994
1,1.77,354,-0.0016799983475394831,-0.020141065439132716,0.00056783116976256444,4.6490164656541545e-05,-0.00036092151457877238,4.4918671327306346e-05,0.017497598247086198,-0.015896288250995844,0.018469898703495663,-0.013836370260873216,0,0,-9.8066499999999994
1,1.7750000000000001,355,-0.001679764323392592,-0.020142821648310123,0.00056805454746999893,4.7094285240140183e-05,-0.00034160107825433359,4.4435126600491752e-05,0.017498474197629642,-0.015898324095268538,0.018471323654870166,-0.01383776226901927,0,0,-9.8066499999999994
1,1.78,356,-0.0016795276564703096,-0.020144481778252659,0.00056827554909624441,4.7548007391174647e-05,-0.00032249128398859902,4.3968298217460176e-05,0.01749927153531132,-0.015900279253031589,0.01847266624338547,-0.013839082528931797,0,0,-9.8066499999999994
1,1.7850000000000001,357,-0.0016792890874355753,-0.020146046903577113,0.00056849425901080825,4.7855927763250551e-05,-0.0003036005883270506,4.3518481036818525e-05,0.017499991760996862,-0.015902154005133989,0.018473928166159139,-0.01384033106717855,0,0,-9.8066499999999994
1,1.79,358,-0.0016790493330250454,-0.020147518139618785,0.00056871076275639054,4.8023013931150298e-05,-0.00028493682743161678,4.3085850075422629e-05,0.017500636383564472,-0.015903948691923471,0.01847511113035433,-0.013841507965594205,0,0,-9.8066499999999994
1,1.7949999999999999,359,-0.0016788090842886504,-0.020148896639408789,0.00056892514645911661,4.8054566761271681e-05,-0.00026650724869033631,4.2670464374236706e-05,0.017501206916551947,-0.015905663711587824,0.018476216848333754,-0.013842613361277945,0,0,-9.8066499999999994
1,1.8,360,-0.0016785690050166318,-0.020150183590808127,0.00056913749625940222,4.7956183074691711e-05,-0.00024831854179869594,4.2272271378099827e-05,0.017501704875089254,-0.015907299518470617,0.018477247033150044,-0.013843647446506192,0,0,-9.8066499999999994
1,1.8049999999999999,361,-0.0016783297303522196,-0.02015138021379561,0.00056934789776590621,4.7733718753412953e-05,-0.00023037686919603819,4.1891111782929846e-05,0.017502131773108498,-0.015908856621364622,0.018478203394370986,-0.013844610468557172,0,0,-9.8066499999999994
1,1.8100000000000001,362,-0.001678091865587369,-0.02015248775790612,0.00056955643553478915,4.7393252431533533e-05,-0.00021268789575008083,4.1526724803081426e-05,0.017502489120822369,-0.015910335581785978,0.01847908763423679,-0.013845502729444629,0,0,-9.8066499999999994
1,1.8149999999999999,363,-0.0016778559851383056,-0.020153507499815222,0.0005697631925762601,4.6941049903712717e-05,-0.00019525681759558408,4.117875381129119e-05,0.017502778422461528,-0.01591173701223211,0.01847990144414513,-0.013846324585558486,0,0,-9.8066499999999994
1,1.8200000000000001,364,-0.0016776226316969737,-0.02015444074106567,0.00056996824989015459,4.6383529373949989e-05,-0.00017808839004291408,4.0846752303395179e-05,0.01750300117426052,-0.01591306157442636,0.018480646501458461,-0.013847076447210874,0,0,-9.8066499999999994
1,1.825,365,-0.0016773923155539029,-0.020155288805930986,0.00057017168603205003,4.5727227658187818e-05,-0.00016118695448420449,4.053019014034396e-05,0.017503158862681459,-0.015914309977552117,0.018481324466626897,-0.013847758778086406,0,0,-9.8066499999999994
1,1.8300000000000001,366,-0.0016771655140874575,-0.020156053039410926,0.0005703735767111851,4.497876744473057e-05,-0.00014455646423419471,4.0228460020466024e-05,0.017503252962864171,-0.015915482976479139,0.018481936980618945,-0.013848372094596183,0,0,-9.8066499999999994
1,1.835,367,-0.0016769426714139421,-0.02015673480535337,0.00057057399442122017,4.4144825706818989e-05,-0.0001282005092543238,3.994088413550526e-05,0.017503284937291183,-0.015916581369984702,0.018482485662651302,-0.013848916965135506,0,0,-9.8066499999999994
1,1.8400000000000001,368,-0.0016767242295220701,-0.020157335542108735,0.00057077297540422841,4.3213126782054359e-05,-0.00011215707513088406,3.9646937294003025e-05,0.017503256364219223,-0.01591760596459706,0.018482972148911578,-0.013849394060630835,0,0,-9.8066499999999994
1,1.845,369,-0.0016765107224622085,-0.020157856931835645,0.00057097042204337677,4.2172469813808234e-05,-9.6461133721314847e-05,3.9327600189155264e-05,0.017503169323377584,-0.015918557469605913,0.018483398213073841,-0.013849804305590538,0,0,-9.8066499999999994
1,1.8500000000000001,370,-0.0016763026698949745,-0.020158300700580528,0.00057116621566084195,4.1033041351050437e-05,-8.110782132872993e-05,3.8986310782633754e-05,0.017503025949103853,-0.015919436612458662,0.018483765626002627,-0.013850148697728543,0,0,-9.8066499999999994
1,1.855,371,-0.0016761005401312863,-0.020158668548555404,0.00057136025504439796,3.98050313346913e-05,-6.6091965692999715e-05,3.8626451742038232e-05,0.01750282827592196,-0.015920244177582896,0.018484076106079508,-0.01385042824580336,0,0,-9.8066499999999994
1,1.8600000000000001,372,-0.0016759047509927411,-0.020158962150166746,0.00057155245533596286,3.8498439762569245e-05,-5.1408424610987789e-05,3.8251181530623646e-05,0.0175025782411477,-0.015920981003828761,0.018484331318840221,-0.013850643970027242,0,0,-9.8066499999999994
1,1.865,373,-0.0016757156708457398,-0.020159183154277071,0.00057174274690437643,3.712304341122993e-05,-3.7052129475636461e-05,3.7863432253780424e-05,0.017502277687885315,-0.015921647981906067,0.018484532876954521,-0.013850796902505904,0,0,-9.8066499999999994
1,1.8700000000000001,374,-0.0016755336197947419,-0.020159333184669712,0.00057193107421217777,3.5688365456707405e-05,-2.3018123053515798e-05,3.7465909385953708e-05,0.017501928368360953,-0.015922246051821427,0.018484682340521388,-0.013850888087688832,0,0,-9.8066499999999994
1,1.875,375,-0.0016753588710202432,-0.02015941384068862,0.00057211739468538444,3.4203595557861271e-05,-9.3014858744805599e-06,3.7061133014761657e-05,0.017501531947541324,-0.015922776200320409,0.018484781217652707,-0.013850918582811842,0,0,-9.8066499999999994
1,1.8800000000000001,376,-0.0016751916845496242,-0.020159426633622191,0.00057230170204735308,3.2658424559257913e-05,4.1406423766426805e-06,3.6665915680564266e-05,0.01750108994803189,-0.015923239410513702,0.018484830973390525,-0.013850889346939472,0,0,-9.8066499999999994
1,1.885,377,-0.0016750324036768562,-0.020159372805035328,0.00057248409640445837,3.1040613208012201e-05,1.7342126589166068e-05,3.6297825868591283e-05,0.017500603587359196,-0.015923636523389375,0.01848483305902315,-0.013850800920253519,0,0,-9.8066499999999994
1,1.8900000000000001,378,-0.0016748814250458484,-0.020159253672605969,0.00057266475814358412,2.9336806752690787e-05,3.0257442826072278e-05,3.5974626621651118e-05,0.017500074075175041,-0.015923968514005654,0.018484789130258052,-0.013850653760601924,0,0,-9.8066499999999994
1,1.895,379,-0.0016747391633833613,-0.020159070691526903,0.00057284391791455347,2.755593730357595e-05,4.288195193192351e-05,3.5696571811542044e-05,0.017499502675376685,-0.015924236531174918,0.018484701027537319,-0.013850448361671834,0,0,-9.8066499999999994
1,1.9000000000000001,380,-0.0016746059726184062,-0.020158825310580181,0.00057302179430312572,2.5710499016186394e-05,5.5217710595464086e-05,3.5460782228064721e-05,0.017498890604431553,-0.015924441760510385,0.018484570511835236,-0.013850185286335375,0,0,-9.8066499999999994
1,1.905,381,-0.0016744821451403491,-0.020158518968922238,0.00057319859115153584,2.381260831472023e-05,6.7266515232603235e-05,3.5264244052051063e-05,0.017498239032119615,-0.015924585418353454,0.018484399258333315,-0.013849865167817955,0,0,-9.8066499999999994
1,1.9100000000000001,382,-0.0016743679137641051,-0.020158153097340741,0.00057337449695064803,2.1873973801144528e-05,7.9029920091058917e-05,3.5103834822871909e-05,0.017497549085481807,-0.015924668749909141,0.018484188858711836,-0.013849488709422713,0,0,-9.8066499999999994
1,1.915,383,-0.0016742634538379584,-0.020157729119416795,0.00057354968436017098,1.9905225693616096e-05,9.0510622548842541e-05,3.4975675005907095e-05,0.01749682185263432,-0.015924693027358727,0.018483940823651727,-0.013849056683892818,0,0,-9.8066499999999994
1,1.9199999999999999,384,-0.0016741689279660868,-0.020157248363225903,0.00057372426560876237,1.7896469787356724e-05,0.00010175314951001656,3.4854979712126687e-05,0.017496058423358631,-0.015924659362869915,0.018483656506726929,-0.013848569867887421,0,0,-9.8066499999999994
1,1.925,385,-0.0016740845610721657,-0.020156711913790121,0.00057389821780550083,1.5843821195802992e-05,0.00011278661943841637,3.4724138498620641e-05,0.017495259957510577,-0.015924568395553441,0.018483336977378931,-0.013848028932340424,0,0,-9.8066499999999994
1,1.9299999999999999,386,-0.0016740105401979394,-0.020156120835909237,0.00057407149144573372,1.3760169789851221e-05,0.00012360323268094061,3.4583633602265419e-05,0.017494427601513832,-0.015924420744423681,0.018482983221104397,-0.013847434599694024,0,0,-9.8066499999999994
1,1.9350000000000001,387,-0.0016739469891470552,-0.020155476233227419,0.00057424403931970896,1.1657915402001722e-05,0.00013419526288271837,3.4433900766807545e-05,0.017493562467202083,-0.015924217127488975,0.018482596193888565,-0.013846787684208215,0,0,-9.8066499999999994
1,1.9399999999999999,388,-0.0016738939710151854,-0.020154779247694949,0.0005744158162809249,9.5489364727564973e-06,0.00014455512480445018,3.4275329666674038e-05,0.017492665634261655,-0.015923958358416566,0.018482176824043968,-0.013846089089258736,0,0,-9.8066499999999994
1,1.9450000000000001,389,-0.0016738514908676691,-0.020154031058704343,0.00057458677901802075,7.4445623895936215e-06,0.00015467543674389418,3.4108264890615979e-05,0.01749173815254626,-0.015923645342785536,0.01848172601393936,-0.013845339804222406,0,0,-9.8066499999999994
1,1.95,390,-0.0016738194985463175,-0.020153232881927975,0.00057475688583287228,5.3555494743782209e-06,0.00016454907749217918,3.3933007431150701e-05,0.017490781044263822,-0.015923279073972757,0.018481244641625538,-0.013844540900986935,0,0,-9.8066499999999994
1,1.9550000000000001,391,-0.0016737978915872787,-0.020152385967884674,0.0005749260964272861,3.2920605613991496e-06,0.00017416923779890714,3.3749816625430626e-05,0.017489795306036376,-0.015922860628716409,0.018480733562364345,-0.01384369353012267,0,0,-9.8066499999999994
1,1.96,392,-0.0016737865182321807,-0.020151491600262663,0.00057509437170041443,1.2636480951037782e-06,0.00018352946636748322,3.355891249364221e-05,0.017488781910834666,-0.015922391162400826,0.018480193610067683,-0.013842798916753631,0,0,-9.8066499999999994
1,1.9650000000000001,393,-0.0016737851805151578,-0.020150551094026109,0.00057526167355874359,-7.2075933554566786e-07,0.00019262371043695582,3.3360478421341334e-05,0.017487741809789733,-0.015921871904105555,0.018479625598652873,-0.013841858356165007,0,0,-9.8066499999999994
1,1.97,394,-0.0016737936374088072,-0.020149565793332096,0.00057542796474024482,-2.6528671205916036e-06,0.00020144635104529142,3.3154664133260561e-05,0.017486675933884373,-0.015921304151460241,0.018479030323320857,-0.013840873209183823,0,0,-9.8066499999999994
1,1.9750000000000001,395,-0.0016738116080126254,-0.020148537069284309,0.00057559320865401529,-4.525021515415878e-06,0.00020999223310024125,3.2941588907208055e-05,0.01748558519552771,-0.015920689265345674,0.018478408561763256,-0.013839844897368779,0,0,-9.8066499999999994
1,1.98,396,-0.0016738387747680197,-0.020147466317549052,0.0005757573692364849,-6.3302134045516648e-06,0.00021825669041239986,3.2721344978292447e-05,0.017484470490016561,-0.015920028664479766,0.018477761075304154,-0.013838774898044526,0,0,-9.8066499999999994
1,1.9850000000000001,397,-0.0016738747866845889,-0.020146354955858311,0.00057592041082501913,-8.0620790662900736e-06,0.0002262355658704036,3.2494001085421742e-05,0.017483332696887503,-0.015919323819925574,0.018477088609982133,-0.013837664739214601,0,0,-9.8066499999999994
1,1.99,398,-0.001673919262562999,-0.020145204421423667,0.00057608229804951465,-9.7148980692382657e-06,0.00023392522696021259,3.2259606114110532e-05,0.017482172681163741,-0.015918576249556698,0.018476391897577507,-0.013836515994386058,0,0,-9.8066499999999994
1,1.9950000000000001,399,-0.0016739717942004593,-0.020144016168283804,0.00057624299574235687,-1.1283588439014062e-05,0.00024132257684935431,3.2018192791820476e-05,0.017480991294501119,-0.015917787512513427,0.018475671656589549,-0.013835330277337674,0,0,-9.8066499999999994
1,2,400,-0.0016740319495655068,-0.020142791664607192,0.0005764024688668999,-1.2763699239137269e-05,0.00024842506127110422,3.1769781394425815e-05,0.017479789376237589,-0.015916959203681136,0.018474928593167815,-0.013834109236862121,0,0,-9.8066499999999994
1,2.0049999999999999,401,-0.0016740992759295391,-0.020141532389970327,0.00057656068246442465,-1.4151400715491014e-05,0.00025523067145833203,3.1514383425002418e-05,0.01747856775435053,-0.015916092948220269,0.018474163402001347,-0.013832854551511059,0,0,-9.8066499999999994
1,2.0100000000000002,402,-0.0016741733029432993,-0.020140239832630649,0.00057671760161934573,-1.5443472157831138e-05,0.0002617379433843819,3.1252005228853142e-05,0.017477327246326387,-0.015915190396175227,0.018473376767169015,-0.013831567924370548,0,0,-9.8066499999999994
1,2.0150000000000001,403,-0.0016742535456472868,-0.020138915486811938,0.00057687319144226448,-1.6637287635285185e-05,0.00026794595357702118,3.0982651511367522e-05,0.017476068659946893,-0.015914253217187299,0.018472569362953817,-0.013830251077892534,0,0,-9.8066499999999994
1,2.02,404,-0.0016743395074058621,-0.020137560850018634,0.000577027417070304,-1.7730799765330403e-05,0.00027385431177454463,3.0706328728310889e-05,0.017474792793996236,-0.015913283095334657,0.018471741854623445,-0.013828905748806445,0,0,-9.8066499999999994
1,2.0249999999999999,405,-0.0016744306827556159,-0.020136177420394218,0.00057718024368401866,-1.872252167737734e-05,0.00027946315069741172,3.0423048320899084e-05,0.017473500438893352,-0.015912281724120261,0.018470894899179038,-0.013827533683133289,0,0,-9.8066499999999994
1,2.0300000000000002,406,-0.0016745265601593809,-0.020134766694137371,0.00057733163654003926,-1.9611507333089038e-05,0.00028477311320606485,3.0132829771144907e-05,0.017472192377253358,-0.015911250801626402,0.018470029146073555,-0.013826136631322792,0,0,-9.8066499999999994
1,2.0350000000000001,407,-0.0016746266246580742,-0.020133330162988312,0.00057748156101849937,-2.0397330365575172e-05,0.0002897853371166397,2.9835703455738933e-05,0.017470869384382137,-0.015910192025852483,0.018469145237900848,-0.013824716343532406,0,0,-9.8066499999999994
1,2.04,408,-0.0016747303604133701,-0.020131869311796367,0.00057762998268418876,-2.1080061599111088e-05,0.00029450143794049156,2.9531713279844195e-05,0.017469532228707823,-0.015909107090250552,0.018468243811056106,-0.013823274565065269,0,0,-9.8066499999999994
1,2.0449999999999999,409,-0.0016748372531350073,-0.02013038561617847,0.00057777686736029113,-2.1660245409643442e-05,0.00029892348980862149,2.9220919074906138e-05,0.017468181672152812,-0.015907997679471091,0.018467325496367974,-0.013821813031982296,0,0,-9.8066499999999994
1,2.0499999999999998,410,-0.0016749467923873301,-0.020128880540277064,0.00057792218121349378,-2.2138875084352922e-05,0.0003030540048357494,2.8903398747638716e-05,0.017466818470449799,-0.015906865465329573,0.018466390919702352,-0.013820333466902065,0,0,-9.8066499999999994
1,2.0550000000000002,411,-0.0016750584737704516,-0.020127355534624556,0.00057806589084919867,-2.2517367335947245e-05,0.00030689591116983355,2.8579250170023022e-05,0.017465443373405141,-0.015905712103002373,0.018465440702537635,-0.013818837575000152,0,0,-9.8066499999999994
1,2.0600000000000001,412,-0.0016751718009721914,-0.020125812034120321,0.00057820796341551985,-2.279753612413144e-05,0.00031045252996393939,2.8248592802867549e-05,0.017464057125112665,-0.015904539227458828,0.018464475462510854,-0.013817327040218142,0,0,-9.8066499999999994
1,2.0649999999999999,413,-0.0016752862876877014,-0.020124251456125064,0.00057834836671472164,-2.2981565932866466e-05,0.00031372755149793139,2.7911569048138547e-05,0.017462660464120962,-0.015903348450134393,0.018463495813933892,-0.013815803521690713,0,0,-9.8066499999999994
1,2.0699999999999998,414,-0.001675401459404417,-0.020122675198676252,0.00057848706932073582,-2.3071984647840602e-05,0.00031672501066397465,2.7568345327787037e-05,0.017461254123556938,-0.015902141355848286,0.018462502368279045,-0.013814268650397666,0,0,-9.8066499999999994
1,2.0750000000000002,415,-0.0016755168550506899,-0.02012108463882727,0.00057862404070138846,-2.3071636173694012e-05,0.00031944926202077674,2.7219112889123408e-05,0.017459838831208323,-0.015900919499967286,0.018461495734632696,-0.013812724026046245,0,0,-9.8066499999999994
1,2.0800000000000001,416,-0.0016756320285071361,-0.020119481131111998,0.00057875925134397448,-2.2983652925466674e-05,0.00032190495460738172,2.686408833910099e-05,0.017458415309567703,-0.015899684405815986,0.018460476520116093,-0.013811171214187554,0,0,-9.8066499999999994
1,2.085,417,-0.0016757465499803977,-0.020117866006135542,0.00057889267288283475,-2.2811428323082293e-05,0.00032409700669504694,2.6503513911985921e-05,0.017456984275840404,-0.015898437562332324,0.018459445330271912,-0.013809611743569497,0,0,-9.8066499999999994
1,2.0899999999999999,418,-0.0016758600072396409,-0.020116240569290997,0.00057902427822761817,-2.2558589411789974e-05,0.00032603058064305777,2.6137657476812781e-05,0.017455546441918587,-0.015897180421965883,0.018458402769415471,-0.013808047103727288,0,0,-9.8066499999999994
1,2.0950000000000002,419,-0.0016759720067167161,-0.020114606099601372,0.00057915404169094726,-2.2228969725255717e-05,0.0003277110580105392,2.5766812292914484e-05,0.017454102514323652,-0.015895914398815422,0.018457349440949247,-0.013806478742811358,0,0,-9.8066499999999994
1,2.1000000000000001,420,-0.0016760821744714717,-0.020112963848685016,0.00057928193911425192,-2.1826582501599521e-05,0.00032914401506323209,2.5391296523406603e-05,0.017452653194119018,-0.015894640867000737,0.018456285947639577,-0.013804908065651189,0,0,-9.8066499999999994
1,2.105,421,-0.0016761901570242462,-0.020111315039842252,0.00057940794799058891,-2.1355594355877033e-05,0.00033033519880104931,2.5011452518079806e-05,0.017451199176795246,-0.015893361159263205,0.018455212891854381,-0.013803336432052594,0,0,-9.8066499999999994
1,2.1099999999999999,422,-0.001676295622058068,-0.020109660867260345,0.00057953204758332596,-2.0820299505735216e-05,0.00033129050361940408,2.4627645878460801e-05,0.017449741152129352,-0.015892076565788296,0.018454130875760807,-0.013801765155324788,0,0,-9.8066499999999994
1,2.1150000000000002,423,-0.0016763982589935546,-0.020108002495333351,0.00057965421903963504,-2.0225094639948222e-05,0.00033201594870338816,2.4240264318981512e-05,0.017448279804020122,-0.015890788333242572,0.01845304050148195,-0.013800195501032748,0,0,-9.8066499999999994
1,2.1200000000000001,424,-0.0016764977794399348,-0.020106341058093002,0.00057977444549781292,-1.9574454512475192e-05,0.00033251765624219676,2.3849716339165524e-05,0.017446815810301119,-0.015889497664017076,0.018451942371211769,-0.013798628685969407,0,0,-9.8066499999999994
1,2.125,425,-0.001676593917526014,-0.020104677658746295,0.00057989271218752319,-1.8872908337510227e-05,0.00033280183053922846,2.3456429722810965e-05,0.017445349842533094,-0.01588820571566826,0.018450837087287633,-0.013797065877341428,0,0,-9.8066499999999994
1,2.1299999999999999,426,-0.0016766864301152613,-0.020103013369315154,0.00058000900652213584,-1.812501705391178e-05,0.0003328747380797078,2.306084988049275e-05,0.017443882565777342,-0.01588691360054718,0.01844972525221994,-0.013795508192161569,0,0,-9.8066499999999994
1,2.1350000000000002,427,-0.0016767750969095209,-0.020101349230373267,0.00058012331818242289,-1.7335351520176288e-05,0.00033274268860855865,2.2663438052608821e-05,0.017442414638351656,-0.015885622385607218,0.018448607468678654,-0.013793956696840071,0,0,-9.8066499999999994
1,2.1400000000000001,428,-0.0016768597204461395,-0.020099686250874903,0.00058023563919095734,-1.6508471694074969e-05,0.00033241201725864907,2.2264669390360588e-05,0.017440946711570315,-0.015884333092380271,0.018447484339436552,-0.013792412406966794,0,0,-9.8066499999999994
1,2.145,429,-0.001676940125993552,-0.020098025408070406,0.00058034596397664863,-1.5648906844066789e-05,0.0003318890677602098,2.1865030932430454e-05,0.017439479429469683,-0.015883046697111051,0.018446356467269432,-0.013790876287275501,0,0,-9.8066499999999994
1,2.1499999999999999,430,-0.0016770161613505899,-0.020096367647502895,0.00058045428942893774,-1.4761136832664099e-05,0.0003311801767519194,2.1465019495152507e-05,0.017438013428520839,-0.015881764131038961,0.018445224454813523,-0.013789349251781121,0,0,-9.8066499999999994
1,2.1550000000000002,431,-0.0016770876965549572,-0.020094713883080623,0.00058056061494126407,-1.3849574505211183e-05,0.00033029165920541646,2.1065139493966602e-05,0.017436549337330753,-0.015880486280816921,0.018444088904380752,-0.01378783216408057,0,0,-9.8066499999999994
1,2.1600000000000001,432,-0.0016771546235064706,-0.020093064997219419,0.00058066494244350469,-1.2918549210877813e-05,0.00032922979496667403,2.0665900713915423e-05,0.017435087776333357,-0.015879213989056437,0.018442950417732591,-0.013786325837807359,0,0,-9.8066499999999994
1,2.165,433,-0.0016772168555107794,-0.020091421841049659,0.00058076727642317476,-1.1972291476322159e-05,0.00032800081640846991,2.0267816046396589e-05,0.017433629357472016,-0.015877948054988315,0.018441809595813555,-0.0137848310372301,0,0,-9.8066499999999994
1,2.1699999999999999,434,-0.0016772743267493666,-0.020089785234682189,0.00058086762393526347,-1.1014918846176928e-05,0.00032661089718335806,1.9871399209359383e-05,0.01743217468387475,-0.015876689235228315,0.018440667038445487,-0.013783348477984746,0,0,-9.8066499999999994
1,2.1750000000000003,435,-0.001677326991681686,-0.020088155967527797,0.00058096599460066335,-1.0050422898619813e-05,0.0003250661420577693,1.9477162467377208e-05,0.017430724349523641,-0.015875438244637444,0.018439523343984163,-0.013781878827930425,0,0,-9.8066499999999994
1,2.1800000000000002,436,-0.0016773748243853243,-0.020086534798664842,0.00058106240059323353,-9.0826574385266168e-06,0.00032337257780281996,1.9085614367521403e-05,0.017429278938919796,-0.015874195757266511,0.018438379108939782,-0.013780422708118628,0,0,-9.8066499999999994
1,2.1850000000000001,437,-0.0016774178178400644,-0.020084922457249868,0.00058115685661561361,-8.1153278651807524e-06,0.00032153614511241631,1.869725750639486e-05,0.017427839026745263,-0.015872962407375017,0.018437234927563207,-0.013778980693865583,0,0,-9.8066499999999994
1,2.1899999999999999,438,-0.0016774559831617109,-0.02008331964296611,0.00058124937986398124,-7.1519817063841614e-06,0.00031956269151419379,1.8312586342833997e-05,0.017426405177523255,-0.015871738790514553,0.018436091391399997,-0.013777553315917641,0,0,-9.8066499999999994
1,2.1949999999999998,439,-0.0016774893487914726,-0.020081727026505049,0.0005813399899820158,-6.1960003058283061e-06,0.0003174579652342636,1.7932085069916152e-05,0.01742497794527801,-0.015870525464667364,0.018434949088814354,-0.013776141061699745,0,0,-9.8066499999999994
1,2.2000000000000002,440,-0.0016775179596466318,-0.02008014525007636,0.00058142870900439799,-5.2505916460557116e-06,0.0003152276099744458,1.7556225559295826e-05,0.017423557873195723,-0.01586932295143088,0.018433808604485406,-0.013774744376637078,0,0,-9.8066499999999994
1,2.2050000000000001,441,-0.0016775418762381205,-0.02007857492794176,0.00058151556129023619,-4.3187842848709305e-06,0.00031287716055679695,1.7185465389657166e-05,0.017422145493287779,-0.015868131737239659,0.018432670518878286,-0.0137733636655403,0,0,-9.8066499999999994
1,2.21,442,-0.0016775611737605094,-0.020077016646968586,0.00058160057344686913,-3.4034223792372e-06,0.00031041203938825338,1.6820245970324263e-05,0.017420741326057646,-0.015866952274616271,0.018431535407692635,-0.013771999294044978,0,0,-9.8066499999999994
1,2.2149999999999999,443,-0.0016775759411597733,-0.02007547096719909,0.00058168377424454494,-2.507161766837898e-06,0.00030783755369611195,1.6460990769936025e-05,0.017419345880172715,-0.015865784983443373,0.018430403841291274,-0.013770651590096064,0,0,-9.8066499999999994
1,2.2200000000000002,444,-0.0016775862801840418,-0.020073938422431735,0.0005817651945225254,-1.6324670721699818e-06,0.00030515889348420235,1.6108103659170591e-05,0.017417959652142368,-0.015864630252249448,0.018429276384111855,-0.01376932084546865,0,0,-9.8066499999999994
1,2.2250000000000001,445,-0.0016775923044223639,-0.020072419520811017,0.00058184486708720529,-7.8160980097754181e-07,0.00030238113015789353,1.5761967375340888e-05,0.01741658312600345,-0.015863488439501215,0.018428153594064394,-0.013768007317316481,0,0,-9.8066499999999994
1,2.23,446,-0.0016775941383363384,-0.020070914745422604,0.00058192282660287438,4.3332615952706145e-08,0.00029950921576689111,1.5422942115785859e-05,0.017415216773014466,-0.015862359874896211,0.018427036021917732,-0.013766711229740129,0,0,-9.8066499999999994
1,2.2349999999999999,447,-0.0016775919162892478,-0.020069424554890806,0.00058199910947577993,8.4047687103409477e-07,0.00029654798281319024,1.5091364265715991e-05,0.017413861051359534,-0.015861244860649423,0.018425924210677815,-0.013765432775367039,0,0,-9.8066499999999994
1,2.2400000000000002,448,-0.0016775857815771332,-0.020067949383975724,0.0005820737537321751,1.6081329636928532e-06,0.00029350214457318443,1.4767545265344965e-05,0.01741251640586336,-0.015860143672768386,0.018424818694960925,-0.013764172116936138,0,0,-9.8066499999999994
1,2.2450000000000001,449,-0.0016775758854660147,-0.020066489644167594,0.00058214679889105863,2.3448025651299186e-06,0.00029037629588276958,1.4451770619851871e-05,0.017411183267718258,-0.015859056562311614,0.018423720000364859,-0.013762929388879965,0,0,-9.8066499999999994
1,2.25,450,-0.0016775623862392403,-0.020065045724276153,0.00058221828583232777,3.0491766109061381e-06,0.00028717491433541967,1.414429905494794e-05,0.017409862054224227,-0.015857983756625633,0.018422628642841086,-0.013761704698897863,0,0,-9.8066499999999994
1,2.2549999999999999,451,-0.0016775454482587005,-0.02006361799101309,0.00058228825666107611,3.7201321694826392e-06,0.00028390236184512791,1.3845361819596289e-05,0.017408553168543211,-0.015856925460556493,0.018421545128070933,-0.013760498129514069,0,0,-9.8066499999999994
1,2.2600000000000002,452,-0.0016775252410434094,-0.020062206789565863,0.00058235675456877478,4.3567286358420608e-06,0.00028056288652650047,1.3555162136579417e-05,0.017407256999468306,-0.015855881857631895,0.018420469950848655,-0.01375930973961499,0,0,-9.8066499999999994
1,2.2650000000000001,453,-0.0016775019383687007,-0.020060812444161424,0.00058242382369207558,4.958203299884407e-06,0.00027716062484675017,1.3273874800646644e-05,0.017405973921208972,-0.015854853111210668,0.018419403594474457,-0.013758139565960469,0,0,-9.8066499999999994
1,2.27,454,-0.0016774757173890406,-0.020059435258618582,0.00058248950896997158,5.5239663399167691e-06,0.00027369960400627926,1.3001645923039562e-05,0.017404704293192949,-0.015853839365596659,0.018418346530160067,-0.013756987624664136,0,0,-9.8066499999999994
1,2.2749999999999999,455,-0.0016774467577872054,-0.020058075516887999,0.00058255385600004209,6.053595291467413e-06,0.00027018374450632081,1.2738592820380326e-05,0.01740344845988569,-0.01585284074711461,0.018417299216449828,-0.013755853912638524,0,0,-9.8066499999999994
1,2.2800000000000002,456,-0.0016774152409523219,-0.020056733483578944,0.00058261691089449741,6.5468290418339602e-06,0.00026661686286400644,1.2484804045034779e-05,0.017402206750628049,-0.015851857365145841,0.018416262098659725,-0.013754738409000903,0,0,-9.8066499999999994
1,2.2850000000000001,457,-0.001677381349189017,-0.020055409404472195,0.00058267872013672152,7.003561400280627e-06,0.00026300267443871812,1.224033955337991e-05,0.017400979479492741,-0.01585088931312216,0.018415235608337039,-0.013753641076436365,0,0,-9.8066499999999994
1,2.29,458,-0.0016773452649596727,-0.02005410350701858,0.00058273933043899201,7.4238342934158455e-06,0.00025934479633474549,1.2005231007555281e-05,0.017399766945160253,-0.015849936669476553,0.018414220162742863,-0.013752561862514945,0,0,-9.8066499999999994
1,2.2949999999999999,459,-0.0016773071701615407,-0.020052816000822919,0.00058279878860203235,7.8078306345282089e-06,0.00025564675034792453,1.1779482205792339e-05,0.01739856943081463,-0.015848999498549766,0.018413216164359841,-0.013751500700960123,0,0,-9.8066499999999994
1,2.3000000000000003,460,-0.0016772672454402251,-0.020051547078113144,0.00058285714137702521,8.155866914702553e-06,0.00025191196592788857,1.1563069635666498e-05,0.017397387204059561,-0.015848077851452032,0.018412224000427163,-0.013750457512866321,0,0,-9.8066499999999994
1,2.3050000000000002,461,-0.001677225669540807,-0.020050296914194656,0.00058291443533068743,8.4683855625175558e-06,0.00024814378312751394,1.1355943144141321e-05,0.017396220516855073,-0.015847171766879664,0.018411244042504753,-0.013749432207863475,0,0,-9.8066499999999994
1,2.3100000000000001,462,-0.0016771826186976542,-0.020049065667890002,0.00058297071671397271,8.7459471178953588e-06,0.00024434545551577428,1.1158026717769822e-05,0.017395069605475204,-0.015846281271886416,0.018410276646068487,-0.013748424685227079,0,0,-9.8066499999999994
1,2.3149999999999999,463,-0.0016771382660637347,-0.020047853481964133,0.00058302603133493643,8.9892222641926396e-06,0.000240520153032357,1.0969219365994632e-05,0.017393934690486716,-0.015845406382609811,0.018409322150137967,-0.013747434834932503,0,0,-9.8066499999999994
1,2.3199999999999998,464,-0.0016770927811800335,-0.02004666048353557,0.0005830804244362595,9.1989837612468951e-06,0.00023667096476420537,1.0789396100114251e-05,0.017392815976749028,-0.015844547104952946,0.018408380876938382,-0.013746462538652674,0,0,-9.8066499999999994
1,2.3250000000000002,465,-0.0016770463294854675,-0.020045486784473921,0.00058313394057788934,9.3760983202486878e-06,0.00023280090162617652,1.0618409000130097e-05,0.017391713653435427,-0.015843703435222331,0.018407453131597598,-0.013745507670698572,0,0,-9.8066499999999994
1,2.3300000000000001,466,-0.0016769990718674885,-0.020044332481784274,0.00058318662352521938,9.5215184597870354e-06,0.00022891289893249599,1.0456088361581442e-05,0.017390627894075493,-0.015842875360722829,0.018406539201879658,-0.01374457009890232,0,0,-9.8066499999999994
1,2.335,467,-0.0016769511642533751,-0.02004319765797901,0.00058323851614318464,9.6362743803643226e-06,0.00022500981884530921,1.0302243914038678e-05,0.017389558856618637,-0.015842062860310559,0.01840563935795551,-0.013743649685442824,0,0,-9.8066499999999994
1,2.3399999999999999,468,-0.0016769027572420311,-0.020042082381437735,0.00058328966029661173,9.7214658928958063e-06,0.00022109445269089434,1.0156666103034361e-05,0.01738850668351858,-0.015841265904905182,0.018404753852211717,-0.013742746287614413,0,0,-9.8066499999999994
1,2.3450000000000002,469,-0.0016768539957759375,-0.020040986706755946,0.00058334009675712023,9.7782544346013973e-06,0.0002171695231347152,1.0019127426946102e-05,0.017387471501838541,-0.015840484457962815,0.018403882919097642,-0.013741859758538897,0,0,-9.8066499999999994
1,2.3500000000000001,470,-0.001676805018852739,-0.020039910675083206,0.0005833898651168277,9.8078552038101184e-06,0.0002132376862093691,9.889383820435446e-06,0.017386453423376799,-0.015839718475911157,0.018403026775011481,-0.013740989947821983,0,0,-9.8066499999999994
1,2.355,471,-0.0016767559592757986,-0.020038854314451557,0.00058343900370907054,9.8115294429041381e-06,0.00020930153319150896,9.7671760759453565e-06,0.017385452544812274,-0.015838967908548409,0.018402185618225302,-0.013740136702154999,0,0,-9.8066499999999994
1,2.3599999999999999,472,-0.0016767069434429104,-0.020037817640094928,0.00058348754953631049,9.7905768966732387e-06,0.00020536359232436639,9.6522312949642419e-06,0.017384468947869675,-0.015838232699407713,0.018401359628849062,-0.013739299865863204,0,0,-9.8066499999999994
1,2.3650000000000002,473,-0.0016766580911722281,-0.020036800654760316,0.00058353553820535468,9.7463284711584704e-06,0.00020142633038528032,9.5442643607491394e-06,0.017383502699503717,-0.015837512786088886,0.018400548968833485,-0.013738479281402063,0,0,-9.8066499999999994
1,2.3700000000000001,474,-0.0016766095155643513,-0.020035803349011519,0.00058358300386997534,9.6801391158684023e-06,0.00019749215409977801,9.4429794244518878e-06,0.017382553852101856,-0.015836808100559242,0.018399753782011381,-0.013737674789803098,0,0,-9.8066499999999994
1,2.375,475,-0.0016765613228993976,-0.02003482570152618,0.00058362997918097817,9.5933809501974477e-06,0.00019356341140262912,9.3480713967354231e-06,0.017381622443704937,-0.015836118569425468,0.018398974194176944,-0.01373688623107105,0,0,-9.8066499999999994
1,2.3799999999999999,476,-0.0016765136125677926,-0.020033867679386894,0.00058367649524372568,9.4874366526780969e-06,0.00018964239255033407,9.2592274372132504e-06,0.017380708498245096,-0.015835444114178376,0.018398210313202396,-0.013736113444534183,0,0,-9.8066499999999994
1,2.3850000000000002,477,-0.0016764664770334231,-0.020032929238367123,0.00058372258158308709,9.3636931295688146e-06,0.00018573133108919256,9.1761284343584361e-06,0.0173798120258002,-0.015834784651412491,0.018397462229191131,-0.013735356269149736,0,0,-9.8066499999999994
1,2.3900000000000001,478,-0.0016764200018277169,-0.020032010323212619,0.00058376826611574925,9.2235354773076819e-06,0.00018183240468394173,9.0984504687540598e-06,0.01737893302286413,-0.015834140093022395,0.018396730014666438,-0.013734614543766604,0,0,-9.8066499999999994
1,2.395,479,-0.0016763742655731501,-0.020031110867919043,0.00058381357512978806,9.0683412511475894e-06,0.0001779477358143042,9.0258662529460962e-06,0.017378071472632046,-0.015833510346377727,0.018396013724794769,-0.013733888107347379,0,0,-9.8066499999999994
1,2.3999999999999999,480,-0.0016763293400346238,-0.020030230796006396,0.00058385853327136666,8.8994750504608037e-06,0.00017407939234587852,8.9580465414767116e-06,0.017377227345299884,-0.015832895314478717,0.018395313397642266,-0.013733176799151996,0,0,-9.8066499999999994
1,2.4050000000000002,481,-0.001676285290197104,-0.020029370020790922,0.00058390316353839754,8.7182834291406786e-06,0.0001702293879832589,8.8946615051561837e-06,0.017376400598377213,-0.015832294896094133,0.018394629054463381,-0.013732480458885258,0,0,-9.8066499999999994
1,2.4100000000000001,482,-0.0016762421743678835,-0.020028528445655013,0.00058394748728097417,8.5260901376851655e-06,0.00016639968261439008,8.8353820638456802e-06,0.017375591177012571,-0.015831708985883437,0.018393960700020091,-0.013731798926810554,0,0,-9.8066499999999994
1,2.415,483,-0.0016762000443017932,-0.020027705964315627,0.00058399152420835182,8.3241917016755081e-06,0.0001625921825541381,8.7798811726219385e-06,0.017374799014330391,-0.015831137474504917,0.018393308322930173,-0.013731132043832096,0,0,-9.8066499999999994
1,2.4199999999999999,484,-0.0016761589453476737,-0.020026902461091747,0.00058403529240223318,8.1138533397373784e-06,0.00015880874069722965,8.7278350565024428e-06,0.01737402403177863,-0.015830580248711482,0.018392671896043121,-0.013730479651548045,0,0,-9.8066499999999994
1,2.4250000000000003,485,-0.0016761189166144053,-0.020026117811171272,0.0005840788083360895,7.8963052221880818e-06,0.00015505115658909986,8.6789243894322997e-06,0.017373266139486122,-0.015830037191435848,0.018392051376841859,-0.013729841592276866,0,0,-9.8066499999999994
1,2.4300000000000002,486,-0.0016760799911547935,-0.020025351880877736,0.00058412208690022873,7.6727390701928854e-06,0.00015132117642494374,8.6328354136044404e-06,0.017372525236628744,-0.015829508181866542,0.018391446707868655,-0.013729217709059235,0,0,-9.8066499999999994
1,2.4350000000000001,487,-0.00167604219616561,-0.020024604527937188,0.00058416514143230487,7.4443050935392463e-06,0.00014762049298654248,8.5892609956885219e-06,0.01737180121180347,-0.015828993095516386,0.018390857817173423,-0.013728607845637829,0,0,-9.8066499999999994
1,2.4399999999999999,488,-0.0016760055532021065,-0.020023875601745539,0.00058420798375294336,7.2121092638410277e-06,0.00014395074552629147,8.5479016169405241e-06,0.017371093943409348,-0.015828491804284753,0.018390284618782581,-0.013728011846417266,0,0,-9.8066499999999994
1,2.4449999999999998,489,-0.0016759700784053314,-0.020023164943636582,0.00058425062420614676,6.9772109185773342e-06,0.00014031351960813756,8.5084662947270607e-06,0.017370403300034417,-0.015828004176515035,0.018389727013186644,-0.013727429556406434,0,0,-9.8066499999999994
1,2.4500000000000002,490,-0.0016759357827406123,-0.020022472387150908,0.00058429307170413238,6.7406206900783977e-06,0.00013671034691514839,8.4706734333146352e-06,0.017369729140847695,-0.015827530077048509,0.018389184887844655,-0.013726860821145402,0,0,-9.8066499999999994
1,2.4550000000000001,491,-0.0016759026722455951,-0.020021797758305843,0.00058433533377624304,6.5032987524830618e-06,0.00013314270503250535,8.4342516022447106e-06,0.017369071315995247,-0.015827069367275837,0.018388658117703561,-0.013726305486619012,0,0,-9.8066499999999994
1,2.46,492,-0.0016758707482862698,-0.020021140875866518,0.0005843774166215662,6.2661533785457021e-06,0.00012961201721512741,8.3989402411412113e-06,0.017368429666999453,-0.01582662190518723,0.018388146565730644,-0.013725763399159254,0,0,-9.8066499999999994
1,2.4649999999999999,493,-0.0016758400078194576,-0.020020501551618108,0.00058441932516489173,6.0300397971940782e-06,0.00012611965214851832,8.3644902901324661e-06,0.017367804027160517,-0.015826187545422307,0.018387650083457094,-0.013725234405338358,0,0,-9.8066499999999994
1,2.4700000000000002,494,-0.0016758104436602774,-0.020019879590639285,0.00058446106311563456,5.7957593418705223e-06,0.00012266692371092202,8.3306647454613738e-06,0.017367194221959373,-0.01582576613932056,0.018387168511530858,-0.013724718351854558,0,0,-9.8066499999999994
1,2.4750000000000001,495,-0.0016757820447531671,-0.020019274791576822,0.00058450263302934832,5.5640588788399356e-06,0.00011925509074489526,8.2972391403692759e-06,0.017366600069461103,-0.015825357534973265,0.018386701680276889,-0.013724215085412333,0,0,-9.8066499999999994
1,2.48,496,-0.0016757547964450868,-0.02001868694692132,0.0005845440363714576,5.3356305039602876e-06,0.0001158853568455013,8.264001951557113e-06,0.017366021380718022,-0.015824961577277526,0.018386249410262939,-0.013723724452598861,0,0,-9.8066499999999994
1,2.4849999999999999,497,-0.0016757286807595922,-0.020018115843283918,0.0005845852735828378,5.1111114957688636e-06,0.00011255887017181021,8.2307549320757548e-06,0.017365457960171578,-0.015824578107993158,0.018385811512869089,-0.013723246299758317,0,0,-9.8066499999999994
1,2.4900000000000002,498,-0.0016757036766705282,-0.020017561261673891,0.00058462634414687775,4.8910845121836073e-06,0.00010927672328885587,8.1973133716484391e-06,0.017364909606052328,-0.01582420696580298,0.018385387790859301,-0.013722780472865624,0,0,-9.8066499999999994
1,2.4950000000000001,499,-0.0016756797603741575,-0.020017022977776931,0.00058466724665766541,4.6760780177053542e-06,0.00010603995304497985,8.1635062859652911e-06,0.017364376110777173,-0.015823847986376979,0.018384978038953163,-0.013722326817401036,0,0,-9.8066499999999994
1,2.5,500,-0.0016756569055586049,-0.020016500762233963,0.0005847079788889461,4.4665669275579784e-06,0.00010284954049047206,8.1291765365909262e-06,0.017363857261343138,-0.01582350100244077,0.01838458204439631,-0.013721885178226969,0,0,-9.8066499999999994
1,2.5049999999999999,501,-0.0016756350836695667,-0.020015994380920242,0.00058474853786351063,4.2629734549603737e-06,9.9706410842563729e-05,8.0941808835350696e-06,0.017363352839717013,-0.015823165843848744,0.018384199587527742,-0.013721455399468327,0,0,-9.8066499999999994
1,2.5100000000000002,502,-0.0016756142641713059,-0.020015503595224492,0.00058478891992268332,4.0656681475232314e-06,9.6611433500312755e-05,8.0583899727915907e-06,0.017362862623220138,-0.015822842337662065,0.018383830442342649,-0.013721037324397441,0,0,-9.8066499999999994
1,2.5150000000000001,503,-0.001675594414802022,-0.02001502816232786,0.0005848291207955896,3.8749710985412525e-06,9.3565422113923028e-05,8.021688261356087e-06,0.017362386384907766,-0.015822530308231823,0.018383474377049142,-0.01372063079532475,0,0,-9.8066499999999994
1,2.52,504,-0.0016755755018227566,-0.020014567835482361,0.0005848691356678987,3.6911533189688937e-06,9.056913471084741e-05,7.9839738824482024e-06,0.017361923893942328,-0.015822229577287426,0.01838313115461759,-0.013720235653496116,0,0,-9.8066499999999994
1,2.5249999999999999,505,-0.0016755574902590669,-0.020014122364288556,0.00058490895924974862,3.5144382557857833e-06,8.7623273882304908e-05,7.945158453906823e-06,0.017361474915960119,-0.015821939964030307,0.018382800533321156,-0.013719851738997688,0,0,-9.8066499999999994
1,2.5300000000000002,506,-0.0016755403441347718,-0.020013691494972136,0.00058494858584257753,3.3450034425791039e-06,8.4728487031406584e-05,7.9051668328090877e-06,0.017361039213430858,-0.015821661285232942,0.018382482267266295,-0.013719478890669016,0,0,-9.8066499999999994
1,2.5350000000000001,507,-0.0016755240266971428,-0.02001327497065911,0.00058498800940460062,3.18298226825938e-06,8.1885366685453736e-05,7.8639368196480311e-06,0.01736061654600958,-0.015821393355343223,0.01838217610691207,-0.013719116946025145,0,0,-9.8066499999999994
1,2.54,508,-0.0016755085006329863,-0.020012872531649267,0.00058502722361468884,3.0284658499859235e-06,7.9094450872281254e-05,7.8214188153529056e-06,0.017360206670880521,-0.015821135986593963,0.018381881799577213,-0.013718765741188214,0,0,-9.8066499999999994
1,2.5449999999999999,509,-0.0016754937282751278,-0.0200124839156876,0.00058506622193442198,2.8815049966983386e-06,7.6356223562779914e-05,7.777575434724554e-06,0.017359809343092503,-0.015820888989117536,0.018381599089933844,-0.013718425110829068,0,0,-9.8066499999999994
1,2.5500000000000003,510,-0.0016754796717988812,-0.020012108858233343,0.00058510499766810744,2.742112249792397e-06,7.3671115178811997e-05,7.7323810797882526e-06,0.01735942431588549,-0.015820652171065392,0.018381327720487041,-0.013718094888119245,0,0,-9.8066499999999994
1,2.5550000000000002,511,-0.0016754662934081485,-0.020011747092726316,0.00058514354402057305,2.6102639879269261e-06,7.103950316656715e-05,7.6858214767290698e-06,0.017359051341008003,-0.015820425338732225,0.018381067432039325,-0.013717774904693688,0,0,-9.8066499999999994
1,2.5600000000000001,512,-0.0016754535555108612,-0.020011398350850227,0.00058518185415256101,2.4859025832794912e-06,6.8461712634755237e-05,7.6378931800083869e-06,0.017358690169025043,-0.015820208296684631,0.018380817964139425,-0.01371746499062434,0,0,-9.8066499999999994
1,2.5649999999999999,513,-0.0016754414208835389,-0.020011062362792636,0.00058521992123356827,2.3689385969577835e-06,6.5938017056599261e-05,7.5886030474180135e-06,0.017358340549616328,-0.01582000084789386,0.018380579055514559,-0.013717164974404833,0,0,-9.8066499999999994
1,2.5699999999999998,514,-0.001675429852824796,-0.020010738857501247,0.00058525773849199721,2.2592530017437574e-06,6.3468639034183015e-05,7.5379676896736577e-06,0.017358002231864622,-0.015819802793872444,0.018380350444485723,-0.01371687468294628,0,0,-9.8066499999999994
1,2.5750000000000002,515,-0.0016754188152976915,-0.020010427562936223,0.00058529529926249781,2.1566994207862906e-06,6.1053751123358552e-05,7.4860128982524802e-06,0.017357674964533915,-0.01581961393481434,0.018380131869365508,-0.013716593941584195,0,0,-9.8066499999999994
1,2.5800000000000001,516,-0.0016754082730608669,-0.020010128206318235,0.00058533259703040269,2.061106371456167e-06,5.8693476717756967e-05,7.4327730550540208e-06,0.017357358496337402,-0.015819434069738233,0.018379923068837983,-0.013716322574096464,0,0,-9.8066499999999994
1,2.585,517,-0.0016753981917884751,-0.020009840514371945,0.00058536962547317225,1.9722795039238097e-06,5.6387890988565297e-05,7.3782905274379044e-06,0.017357052576195065,-0.01581926299663362,0.01837972378232039,-0.013716060402732211,0,0,-9.8066499999999994
1,2.5899999999999999,518,-0.001675388538178949,-0.020009564213564653,0.00058540637849878549,1.8900038247730789e-06,5.4137021878662205e-05,7.322615052192517e-06,0.017356756953480827,-0.015819100512609367,0.018379533750306338,-0.013715807248251366,0,0,-9.8066499999999994
1,2.5950000000000002,519,-0.0016753792800527085,-0.02000929903033985,0.00058544285028103041,1.8140458963840686e-06,5.1940851147505531e-05,7.2658031117307293e-06,0.017356471378259242,-0.01581894641404423,0.018379352714690416,-0.013715562929974705,0,0,-9.8066499999999994
1,2.6000000000000001,520,-0.0016753703864389505,-0.020009044691345419,0.00058547903529166279,1.7441560034241015e-06,4.9799315464177827e-05,7.2079173058625299e-06,0.017356195601511634,-0.015818800496739071,0.018379180419074048,-0.013715327265844006,0,0,-9.8066499999999994
1,2.605,521,-0.0016753618276517048,-0.020008800923656263,0.00058551492832941917,1.6800702784058027e-06,4.7712307545409454e-05,7.1490257223414072e-06,0.017355929375351808,-0.015818662556070274,0.01837901660905264,-0.013715100072492008,0,0,-9.8066499999999994
1,2.6099999999999999,522,-0.0016753535753553802,-0.020008567454991133,0.00058555052454588644,1.621512778840046e-06,4.5679677335028791e-05,7.0892013092570578e-06,0.017355672453231271,-0.015818532387144028,0.018378861032484026,-0.013714881165321753,0,0,-9.8066499999999994
1,2.6150000000000002,523,-0.0016753456026200606,-0.020008344013923464,0.00058558581946824338,1.5681975090831473e-06,4.3701233222180264e-05,7.028521252115488e-06,0.017355424590134089,-0.015818409784951012,0.018378713439738369,-0.013714670358594871,0,0,-9.8066499999999994
1,2.6200000000000001,524,-0.0016753378839668434,-0.020008130330086023,0.00058562080901890603,1.5198303806197091e-06,4.1776743293937916e-05,6.9670663584970083e-06,0.017355185542761477,-0.015818294544521147,0.018378573583929636,-0.013714467465528346,0,0,-9.8066499999999994
1,2.625,525,-0.001675330395403542,-0.020007926134369237,0.00058565548953211995,1.476111105083774e-06,3.9905936619138691e-05,6.9049204528304639e-06,0.017354955069706197,-0.015818186461077997,0.018378441221128989,-0.013714272298399268,0,0,-9.8066499999999994
1,2.6299999999999999,526,-0.0016753231144511021,-0.020007731159112998,0.00058568985776755753,1.4367350149381437e-06,3.8088504560130566e-05,6.8421697838183114e-06,0.017354732931616938,-0.015818085330192411,0.018378316110560268,-0.013714084668656984,0,0,-9.8066499999999994
1,2.6350000000000002,527,-0.0016753160201611057,-0.020007545138291876,0.00058572391092098829,1.4013948072491941e-06,3.6324102108476025e-05,6.7789024467979112e-06,0.017354518891352828,-0.015817990947935102,0.018378198014777986,-0.013713904387042182,0,0,-9.8066499999999994
1,2.6400000000000001,528,-0.0016753090931247556,-0.020007367807693594,0.00058575764663210334,1.3697822066962518e-06,3.4612349240747277e-05,6.7152078231357317e-06,0.017354312714128271,-0.015817903111027709,0.01837808669982826,-0.013713731263712267,0,0,-9.8066499999999994
1,2.645,529,-0.001675302315473755,-0.020007198905090666,0.00058579106298958306,1.3415895443447481e-06,3.2952832291483683e-05,6.6511760386643708e-06,0.01735411416764825,-0.015817821616992075,0.01837798193539299,-0.013713565108372442,0,0,-9.8066499999999994
1,2.6499999999999999,530,-0.0016752956708735098,-0.020007038170405157,0.00058582415853350867,1.3165112494519923e-06,3.1345105339472522e-05,6.5868974429735342e-06,0.017353923022234395,-0.015817746264297355,0.018377883494917924,-0.013713405730411949,0,0,-9.8066499999999994
1,2.6550000000000002,531,-0.0016752891445090928,-0.020006885345866469,0.00058585693225522576,1.2942452519205278e-06,2.9788691603160236e-05,6.5224621110528863e-06,0.017353739050941952,-0.015817676852504653,0.018377791155725014,-0.013713252939044806,0,0,-9.8066499999999994
1,2.6600000000000001,532,-0.0016752827230644249,-0.020006740176162146,0.00058588938359477457,1.2744942936854703e-06,2.8283084842895378e-05,6.4579593688305529e-06,0.017353562029667976,-0.01581761318240886,0.018377704699109647,-0.013713106543454437,0,0,-9.8066499999999994
1,2.665,533,-0.0016752763946951278,-0.020006602408581643,0.00058592151243601082,1.2569671477320208e-06,2.6827750766018526e-05,6.3934773438457441e-06,0.017353391737250902,-0.015817555056177459,0.018377623910423347,-0.013712966352941607,0,0,-9.8066499999999994
1,2.6699999999999999,534,-0.0016752701489955158,-0.020006471793153086,0.0005859533190995447,1.2413797439634335e-06,2.5422128431450342e-05,6.3291025420712323e-06,0.017353227955561868,-0.015817502277485945,0.018377548579142519,-0.013712832177075031,0,0,-9.8066499999999994
1,2.6750000000000003,535,-0.0016752639769601911,-0.020006348082773007,0.00058598480433363139,1.2274562015453767e-06,2.4065631650779113e-05,6.2649194518294141e-06,0.01735307046958795,-0.015817454651649691,0.018377478498923877,-0.013712703825844027,0,0,-9.8066499999999994
1,2.6800000000000002,536,-0.0016752578709407116,-0.020006231033329092,0.00058601596930315061,1.2149297678851389e-06,2.2757650383206305e-05,6.2010101755844271e-06,0.017352919067507671,-0.015817411985751966,0.018377413467647197,-0.013712581109812667,0,0,-9.8066499999999994
1,2.6850000000000001,537,-0.0016752518245977952,-0.020006120403815969,0.00058604681557681562,1.203543664698771e-06,2.1497552120489987e-05,6.1374540900593459e-06,0.017352773540758974,-0.015817374088767898,0.018377353287446042,-0.013712463840274771,0,0,-9.8066499999999994
1,2.6899999999999999,538,-0.001675245832849526,-0.02000601595644412,0.00058607734511275495,1.1930518421186436e-06,2.0284683260173162e-05,6.0743275352105318e-06,0.017352633684100088,-0.015817340771684261,0.018377297764727157,-0.013712351829409216,0,0,-9.8066499999999994
1,2.6949999999999998,539,-0.0016752398918160152,-0.020005917456741934,0.00058610756024261152,1.1832196421036417e-06,1.9118370463805898e-05,6.0117035322300322e-06,0.017352499295663369,-0.015817311847614757,0.01837724671017911,-0.013712244890434952,0,0,-9.8066499999999994
1,2.7000000000000002,540,-0.0016752339987609701,-0.02000582467365104,0.00058613746365430422,1.1738243727737521e-06,1.7997921998015787e-05,5.9496515306681626e-06,0.017352370177002627,-0.015817287131910798,0.01837719993877104,-0.013712142837765229,0,0,-9.8066499999999994
1,2.7050000000000001,541,-0.0016752281520306092,-0.020005737379614957,0.00058616705837359834,1.1646557955815602e-06,1.6922629055741631e-05,5.8882371846498733e-06,0.017352246133134054,-0.015817266442267542,0.018377157269741956,-0.013712045487160434,0,0,-9.8066499999999994
1,2.71,542,-0.0016752223509903549,-0.020005655350661219,0.00058619634774462952,1.1555165276254584e-06,1.5891767055994172e-05,5.8275221580115931e-06,0.017352126972571172,-0.01581724959882513,0.018377118526581481,-0.013711952655879116,0,0,-9.8066499999999994
1,2.7149999999999999,543,-0.0016752165959597223,-0.020005578366477032,0.00058622533540952416,1.1462223614981215e-06,1.4904596919832636e-05,5.767563957971629e-06,0.017352012507353992,-0.015817236424264927,0.018377083537002542,-0.013711864162826619,0,0,-9.8066499999999994
1,2.7200000000000002,544,-0.0016752108881458077,-0.020005506210478634,0.00058625402528725984,1.136602505533913e-06,1.3960366320724155e-05,5.7084157969531742e-06,0.017351902553072743,-0.01581722674390083,0.018377052132906805,-0.013711779828700924,0,0,-9.8066499999999994
1,2.7250000000000001,545,-0.0016752052295757704,-0.020005438669874451,0.00058628242155190301,1.1264997473472106e-06,1.3058310907554248e-05,5.6501264819411114e-06,0.017351796928886415,-0.015817220385765426,0.018377024150343382,-0.013711699476135236,0,0,-9.8066499999999994
1,2.73,546,-0.0016751996230286814,-0.020005375535722247,0.00058631052861036158,1.1157705438626535e-06,1.2197655498760943e-05,5.5927403307240508e-06,0.017351695457536415,-0.015817217180691068,0.018376999429461586,-0.013711622929836902,0,0,-9.8066499999999994
1,2.7349999999999999,547,-0.0016751940720916561,-0.020005316602716497,0.00058633835094940056,1.1042049363065974e-06,1.1377783323451418e-05,5.5362137271890772e-06,0.01735159796546339,-0.015817216961840561,0.018376977814224944,-0.013711550016532317,0,0,-9.8066499999999994
1,2.7400000000000002,548,-0.0016751885847728269,-0.020005261661525057,0.00058636588928506024,1.0901574514148842e-06,1.0601090169428292e-05,5.478995574736118e-06,0.017351504286030255,-0.015817219548778287,0.018376959145560187,-0.013711480559526004,0,0,-9.8066499999999994
1,2.7450000000000001,549,-0.0016751831741964806,-0.020005210497566765,0.00058639313984316347,1.0735302470638929e-06,9.8666583577426746e-06,5.4211522586896874e-06,0.017351414260318204,-0.015817224744647491,0.018376943260265149,-0.013711414377831941,0,0,-9.8066499999999994
1,2.75,550,-0.0016751778529235353,-0.020005162902984357,0.00058642010022462085,1.0544589551478173e-06,9.1731134514917586e-06,5.3629711261909287e-06,0.017351327732289718,-0.015817232360858344,0.018376930001508879,-0.01371135129487803,0,0,-9.8066499999999994
1,2.7549999999999999,551,-0.0016751726328289647,-0.020005118676711248,0.00058644676941668967,1.0330822009116996e-06,8.5191138602197138e-06,5.3047193360030519e-06,0.017351244548703904,-0.015817242217283346,0.018376919218775264,-0.013711291138669581,0,0,-9.8066499999999994
1,2.7600000000000002,552,-0.0016751675250886097,-0.020005077624303976,0.0005864731476916572,1.0095408979376382e-06,7.9033521058016216e-06,5.2466437311648845e-06,0.017351164559121307,-0.015817254141974685,0.018376910767601826,-0.013711233741781756,0,0,-9.8066499999999994
1,2.7650000000000001,553,-0.0016751625401694203,-0.020005039557769184,0.00058649923650521882,9.8397758095501462e-07,7.3245557550210359e-06,5.1889708427332363e-06,0.017351087615908093,-0.015817267970873215,0.018376904509317261,-0.013711178941344514,0,0,-9.8066499999999994
1,2.77,554,-0.001675157687822939,-0.020005004295386701,0.00058652503839518163,9.5653577621080367e-07,6.7814880453738134e-06,5.1319070145473749e-06,0.017351013574239734,-0.015817283547511413,0.018376900310779432,-0.013711126579020839,0,0,-9.8066499999999994
1,2.7749999999999999,555,-0.0016751529770818413,-0.020004971661530223,0.00058655055688107416,9.2735940894646004e-07,6.2729482300620769e-06,5.0756386392069931e-06,0.017350942292104363,-0.015817300722712743,0.018376898044115519,-0.013711076500978962,0,0,-9.8066499999999994
1,2.7800000000000002,556,-0.0016751484162593434,-0.020004941486486901,0.00058657579636519318,8.9659224759174353e-07,5.7977716685994731e-06,5.0203324955065145e-06,0.017350873630305845,-0.015817319354289434,0.018376897586465768,-0.013711028557859224,0,0,-9.8066499999999994
1,2.7850000000000001,557,-0.001675144014806061,-0.020004913609534769,0.00058660076343976556,8.6356426720125583e-07,5.3534142333242287e-06,4.96675018139132e-06,0.017350807454847562,-0.015817339309761085,0.018376898825774299,-0.013710982603919472,0,0,-9.8066499999999994
1,2.79,558,-0.0016751397843749725,-0.020004887880392456,0.00058662546756572758,8.2822672831772041e-07,4.9385161361453969e-06,4.9151563853659924e-06,0.017350743638148033,-0.01581736046754266,0.018376901663777929,-0.013710938496371571,0,0,-9.8066499999999994
1,2.7949999999999999,559,-0.0016751357358672665,-0.020004864153722057,0.0005866499187235591,7.9083746061822463e-07,4.5522968125397771e-06,4.8655639078537797e-06,0.017350682055167547,-0.015817382711703621,0.018376906006008956,-0.013710896096561224,0,0,-9.8066499999999994
1,2.8000000000000003,560,-0.001675131878907719,-0.020004842288045024,0.00058667412692310801,7.5164909207636418e-07,4.1939929275296915e-06,4.8179718378207814e-06,0.017350622582743919,-0.015817405930834728,0.018376911759851403,-0.013710855270172817,0,0,-9.8066499999999994
1,2.8050000000000002,561,-0.0016751282218722733,-0.020004822145658369,0.00058669810213719223,7.1090842834188592e-07,3.8628574334950933e-06,4.7723664211924157e-06,0.017350565099653405,-0.015817430017848171,0.018376918834426933,-0.013710815887209094,0,0,-9.8066499999999994
1,2.8100000000000001,562,-0.001675124771918602,-0.0200048035925556,0.00058672185423960788,6.6885588066375154e-07,3.5581586266341474e-06,4.7287219536985443e-06,0.017350509486671738,-0.015817454869785447,0.01837692714049249,-0.013710777821966693,0,0,-9.8066499999999994
1,2.8149999999999999,563,-0.0016751215350194098,-0.020004786498352328,0.00058674539294764822,6.257249415581126e-07,3.2791792122654989e-06,4.6870016911261068e-06,0.017350455626634759,-0.015817480387633399,0.018376936590349471,-0.013710740953007667,0,0,-9.8066499999999994
1,2.8199999999999998,564,-0.0016751185159982395,-0.020004770736216534,0.0005867687277692034,5.8174170730931755e-07,3.0252153865955404e-06,4.6471587704155504e-06,0.017350403404498355,-0.015817506476148654,0.018376947097764287,-0.013710705163127036,0,0,-9.8066499999999994
1,2.8250000000000002,565,-0.0016751157185675525,-0.020004756182803358,0.00058679186795447958,5.371244464478663e-07,2.7955759427513523e-06,4.6091371352480911e-06,0.017350352707397231,-0.015817533043690737,0.018376958577900001,-0.013710670339316588,0,0,-9.8066499999999994
1,2.8300000000000001,566,-0.0016751131453688504,-0.020004742718194291,0.0005868148224523449,4.9208321319729526e-07,2.5895814073607676e-06,4.5728724603387297e-06,0.017350303424702215,-0.015817560002063916,0.018376970947258733,-0.013710636372724913,0,0,-9.8066499999999994
1,2.835,567,-0.0016751107980146228,-0.020004730225840588,0.00058683759987128252,4.4681950490702705e-07,2.4065632135748425e-06,4.5382930688753883e-06,0.017350255448075801,-0.015817587266367891,0.018376984123634432,-0.013710603158613872,0,0,-9.8066499999999994
1,2.8399999999999999,568,-0.0016751086771318972,-0.020004718592510715,0.00058686020844490264,4.0152596240731145e-07,2.2458629153004644e-06,4.5053208381526526e-06,0.017350208671525501,-0.015817614754857261,0.018376998026075606,-0.013710570596311583,0,0,-9.8066499999999994
1,2.8450000000000002,569,-0.0016751067824071844,-0.020004707708241622,0.00058688265600194336,3.5638611224272789e-07,2.106831446761709e-06,4.4738720885354943e-06,0.017350162991454875,-0.015817642388809731,0.018377012574857545,-0.013710538589162017,0,0,-9.8066499999999994
1,2.8500000000000001,570,-0.0016751051126326082,-0.020004697466293589,0.00058690494994066635,3.1157414964131018e-07,1.9888284305643161e-06,4.4438584517112164e-06,0.017350118306711879,-0.015817670092402893,0.018377027691463529,-0.013710507044471389,0,0,-9.8066499999999994
1,2.855,571,-0.0016751036657530224,-0.02000468776310841,0.00058692709720753282,2.6725476104090431e-07,1.8912215369229749e-06,4.4151877141477079e-06,0.017350074518634306,-0.015817697792599433,0.018377043298574494,-0.013710475873451396,0,0,-9.8066499999999994
1,2.8599999999999999,572,-0.0016751024389139182,-0.020004678498270638,0.00058694910428002843,2.2358298504333084e-07,1.813385896536669e-06,4.3877646324082675e-06,0.017350031531092228,-0.015817725419040491,0.018377059320066596,-0.013710444991159511,0,0,-9.8066499999999994
1,2.8650000000000002,573,-0.0016751014285099329,-0.020004669574471647,0.00058697097715348727,1.8070411053282521e-07,1.7547035677447648e-06,4.3614917172060365e-06,0.01734998925052704,-0.015817752903946953,0.018377075681016115,-0.013710414316436409,0,0,-9.8066499999999994
1,2.8700000000000001,574,-0.0016751006302337787,-0.020004660897476205,0.00058699272133175241,1.387536106977416e-07,1.7145630587412268e-06,4.3362699834626709e-06,0.017349947585987201,-0.015817780182028347,0.018377092307711125,-0.013710383771840711,0,0,-9.8066499999999994
1,2.875,575,-0.0016751000391254133,-0.020004652376091309,0.00058701434182149707,9.7857111716696156e-08,1.6923589058703757e-06,4.3119996640493566e-06,0.017349906449160336,-0.01581780719039905,0.01837710912766927,-0.01371035328358119,0,0,-9.8066499999999994
1,2.8799999999999999,576,-0.0016750996496212834,-0.020004643922136973,0.00058703584313001922,5.8130394748150167e-08,1.6874913070237989e-06,4.2885808852568982e-06,0.017349865754401686,-0.015817833868501413,0.018377126069661142,-0.013710322781446566,0,0,-9.8066499999999994
1,2.8850000000000002,577,-0.0016750994556034781,-0.020004635450418733,0.00058705722926631425,1.9679429918260221e-08,1.6993658098509919e-06,4.2659143023077928e-06,0.017349825418758794,-0.015817860158035466,0.018377143063738548,-0.013710292198733102,0,0,-9.8066499999999994
1,2.8900000000000001,578,-0.001675099450448635,-0.020004626878701557,0.00058707850374522304,-1.7399559072284454e-08,1.7273930530573215e-06,4.2439016937033374e-06,0.017349785361992373,-0.015817886002894809,0.018377160041267177,-0.013710261472170122,0,0,-9.8066499999999994
1,2.895,579,-0.0016750996270764498,-0.020004618127684937,0.0005870996695944464,-5.3020001112239745e-08,1.7709885602344033e-06,4.222446513317922e-06,0.017349745506593302,-0.015817911349108323,0.018377176934962981,-0.013710230541843659,0,0,-9.8066499999999994
1,2.8999999999999999,580,-0.001675099977997646,-0.020004609120978872,0.0005871207293642128,-8.710485602923139e-08,1.8295725838831595e-06,4.2014543996725643e-06,0.01734970577779571,-0.01581793614478726,0.01837719367893173,-0.013710199351118384,0,0,-9.8066499999999994
1,2.9050000000000002,581,-0.0016751004953612706,-0.020004599785080502,0.0005871416851393849,-1.1958646651357076e-07,1.9025699976453427e-06,4.180833641957045e-06,0.017349666103586153,-0.015817960340077316,0.01837721020871114,-0.013710167846557987,0,0,-9.8066499999999994
1,2.9100000000000001,582,-0.0016751011710011855,-0.020004590049351189,0.00058716253855378752,-1.5040638516236126e-07,1.9894102342681851e-06,4.1604956026744628e-06,0.017349626414708927,-0.015817983887115344,0.018377226461315059,-0.013710135977844252,0,0,-9.8066499999999994
1,2.915,583,-0.0016751019964816357,-0.020004579845993783,0.00058718329080654076,-1.7951517798804473e-07,2.0895272673754435e-06,4.1403550971049875e-06,0.017349586644667472,-0.015818006739990217,0.018377242375279105,-0.013710103697694924,0,0,-9.8066499999999994
1,2.9199999999999999,584,-0.0016751029631417794,-0.02000456911002987,0.00058720394268018316,-2.068722059540418e-07,2.2023596338135665e-06,4.120330729940427e-06,0.017349546729722009,-0.015818028854707514,0.018377257890707294,-0.013710070961780622,0,0,-9.8066499999999994
1,2.9250000000000003,585,-0.0016751040621390725,-0.02000455777927683,0.00058722449456037249,-2.3244538598460879e-07,2.3273504941073235e-06,4.1003451897197271e-06,0.017349506608883368,-0.015818050189157613,0.018377272949319092,-0.013710037728640944,0,0,-9.8066499999999994
1,2.9300000000000002,586,-0.0016751052844914121,-0.020004545794324483,0.00058724494645695426,-2.5621093295993512e-07,2.4639477277413853e-06,4.0803255018393874e-06,0.017349466223903168,-0.015818070703086821,0.018377287494496478,-0.013710003959599995,0,0,-9.8066499999999994
1,2.9350000000000001,587,-0.0016751066211179437,-0.020004533098511201,0.00058726529802619434,-2.7815308419056034e-07,2.6116040606232071e-06,4.0602032411833038e-06,0.017349425519260366,-0.015818090358071205,0.018377301471330501,-0.013709969618681466,0,0,-9.8066499999999994
1,2.9399999999999999,588,-0.0016751080628784512,-0.020004519637899284,0.00058728554859397591,-2.9826380785186915e-07,2.769777221735563e-06,4.0399147054887367e-06,0.017349384442144324,-0.015818109117492686,0.018377314826666959,-0.01370993467252349,0,0,-9.8066499999999994
1,2.9449999999999998,589,-0.0016751096006112516,-0.020004505361249508,0.00058730569717976779,-3.1654249692847411e-07,2.9379301256366844e-06,4.0194010508367214e-06,0.017349342942434506,-0.015818126946517179,0.018377327509150752,-0.013709899090293465,0,0,-9.8066499999999994
1,2.9500000000000002,590,-0.0016751112251695264,-0.020004490219994692,0.00058732574252117885,-3.3299565008070146e-07,3.1155310782174629e-06,3.9986083906614475e-06,0.017349300972676826,-0.015818143812074369,0.018377339469268519,-0.013709862843602968,0,0,-9.8066499999999994
1,2.9550000000000001,591,-0.0016751129274560283,-0.020004474168212171,0.00058734568309891876,-3.4763654102813426e-07,3.3020540018931548e-06,3.9774878598396821e-06,0.017349258488056934,-0.015818159682838846,0.018377350659389318,-0.013709825906423006,0,0,-9.8066499999999994
1,2.96,592,-0.0016751146984561077,-0.020004457162595132,0.00058736551716199645,-3.6048487781009931e-07,3.4969786783437849e-06,3.9559956456333182e-06,0.0173492154463704,-0.015818174529212324,0.018377361033802869,-0.013709788254999725,0,0,-9.8066499999999994
1,2.9649999999999999,593,-0.0016751165292690153,-0.020004439162422671,0.00058738524275299322,-3.715664534506214e-07,3.69979100516364e-06,3.9340929871432352e-06,0.017349171807990123,-0.015818188323306663,0.018377370548755205,-0.013709749867770762,0,0,-9.8066499999999994
1,2.9700000000000002,594,-0.0016751184111374374,-0.02000442012952855,0.00058740485773325836,-3.8091278946698858e-07,3.9099832637100252e-06,3.9117461451507678e-06,0.017349127535830879,-0.015818201038927452,0.018377379162481413,-0.013709710725282384,0,0,-9.8066499999999994
1,2.9750000000000001,595,-0.0016751203354752359,-0.020004400028268587,0.00058742435980788424,-3.8856077363283984e-07,4.1270543952977978e-06,3.8889263442527758e-06,0.017349082595311406,-0.01581821265155791,0.018377386835235206,-0.01370967081010761,0,0,-9.8066499999999994
1,2.98,596,-0.0016751222938933637,-0.020004378825486665,0.00058744374655032654,-3.9455229334736493e-07,4.35051028399007e-06,3.8656096892082454e-06,0.017349036954313973,-0.015818223138342916,0.018377393529315209,-0.013709630106765406,0,0,-9.8066499999999994
1,2.9849999999999999,597,-0.0016751242782239403,-0.020004356490479287,0.00058746301542654577,-3.9893386606918367e-07,4.5798640419364325e-06,3.8417770574487008e-06,0.017348990583141717,-0.015818232478072937,0.01837739920908766,-0.013709588601641119,0,0,-9.8066499999999994
1,2.9900000000000002,598,-0.0016751262805424743,-0.020004332994958726,0.00058748216381855601,-4.0175626805916539e-07,4.8146362965570978e-06,3.8174139697811239e-06,0.017348943454473843,-0.015818240651167725,0.018377403841005502,-0.013709546282908297,0,0,-9.8066499999999994
1,2.9950000000000001,599,-0.0016751282931882286,-0.020004308313014741,0.00058750118904727711,-4.0307416278736973e-07,5.0543554759468869e-06,3.7925104412230701e-06,0.017348895543318837,-0.015818247639659604,0.01837740739362367,-0.01370950314045198,0,0,-9.8066499999999994
1,3,600,-0.0016751303087827283,-0.020004282421074854,0.00058752008839459472,-4.0294573025701697e-07,5.2985580913661479e-06,3.7670608139768758e-06,0.01734884682696591,-0.015818253427176195,0.018377409837610461,-0.013709459165793607,0,0,-9.8066499999999994
1,3.0049999999999999,601,-0.0016751323202464218,-0.020004255297863247,0.00058753885912454546,-4.0145307874992134e-07,5.5467521119871801e-06,3.7410793569921862e-06,0.01734879728493478,-0.015818257998922478,0.018377411145755012,-0.013709414352017637,0,0,-9.8066499999999994
1,3.0100000000000002,602,-0.0016751343209153728,-0.02000422692453525,0.00058755749858042808,-3.9876986118650494e-07,5.7982980651586646e-06,3.7146515062612328e-06,0.017348746899053444,-0.015818261341825998,0.018377411293300734,-0.013709368693653806,0,0,-9.8066499999999994
1,3.0150000000000001,603,-0.0016751363061107266,-0.020004197287342065,0.00058757600537921912,-3.9535684262946951e-07,6.0520851275174143e-06,3.6880794898269713e-06,0.017348695655387037,-0.015818263447026103,0.01837741026299132,-0.013709322185905355,0,0,-9.8066499999999994
1,3.02,604,-0.0016751382731420613,-0.020004166377435965,0.00058759437940662893,-3.9158942396299599e-07,6.307496031810723e-06,3.6614581517386368e-06,0.017348643544087369,-0.015818264309701457,0.018377408044912297,-0.01370927482449499,0,0,-9.8066499999999994
1,3.0249999999999999,605,-0.0016751402205283465,-0.020004134187102188,0.00058761262018194676,-3.8764506312642241e-07,6.5645008521942294e-06,3.6346298064956763e-06,0.017348590558022296,-0.015818263924193127,0.018377404630856339,-0.013709226605255573,0,0,-9.8066499999999994
1,3.0300000000000002,606,-0.0016751421491340386,-0.020004100705699985,0.00058763072492240022,-3.8410409448381784e-07,6.8239094908759976e-06,3.6070225406902289e-06,0.017348536693544497,-0.015818262276506078,0.018377400010033407,-0.013709177521909371,0,0,-9.8066499999999994
1,3.0350000000000001,607,-0.0016751440611330736,-0.020004065921932136,0.00058764868966671672,-3.8100050347258462e-07,7.085374516254471e-06,3.5786397001535429e-06,0.017348481949596935,-0.015818259348966544,0.018377394171114905,-0.013709127567664244,0,0,-9.8066499999999994
1,3.04,608,-0.0016751459586807635,-0.020004029826597897,0.00058766651066401848,-3.7832106572069837e-07,7.3484650139910201e-06,3.5495323999165574e-06,0.01734842632651612,-0.015818255125983192,0.018377387104670909,-0.01370907673719212,0,0,-9.8066499999999994
1,3.0449999999999999,609,-0.0016751478438576852,-0.020003992412627212,0.00058768418442338302,-3.760491702583821e-07,7.6127597119431774e-06,3.5197534346387162e-06,0.017348369825927593,-0.015818249594208324,0.018377378803197092,-0.013709025026656958,0,0,-9.8066499999999994
1,3.0500000000000003,610,-0.0016751497186536255,-0.020003953675031182,0.00058770170772117056,-3.7416517015053636e-07,7.8778475047013591e-06,3.4893568536946315e-06,0.017348312450677469,-0.015818242742524229,0.018377369261067155,-0.013708972433682862,0,0,-9.8066499999999994
1,3.0550000000000002,611,-0.0016751515849532668,-0.020003913610850004,0.00058771907760628024,-3.7264672742317711e-07,8.143327934969959e-06,3.4583975578607851e-06,0.017348254204766832,-0.015818234562022471,0.018377358474482654,-0.013708918957320756,0,0,-9.8066499999999994
1,3.0600000000000001,612,-0.0016751534445235794,-0.020003872219098624,0.00058773629140344515,-3.7146915077616389e-07,8.4088116313460869e-06,3.4269309184623833e-06,0.017348195093288964,-0.015818225045976554,0.0183773464414205,-0.013708864598013695,0,0,-9.8066499999999994
1,3.0649999999999999,613,-0.0016751552990028815,-0.0200038295007103,0.00058775334671468148,-3.7060572473492137e-07,8.6739207008734614e-06,3.3950124197495995e-06,0.017348135122369365,-0.015818214189808312,0.018377333161578385,-0.013708809357560936,0,0,-9.8066499999999994
1,3.0700000000000003,614,-0.0016751571498915211,-0.020003785458478324,0.00058777024141900831,-3.7002802903606109e-07,8.9382890772469996e-06,3.3626973250123471e-06,0.017348074299108576,-0.015818201991048483,0.018377318636318415,-0.01370875323908082,0,0,-9.8066499999999994
1,3.0750000000000002,615,-0.001675158998544128,-0.020003740096996112,0.00058778697367055854,-3.6970624711372236e-07,9.2015628247314366e-06,3.3300403668464442e-06,0.017348012631527677,-0.015818188449291875,0.018377302868609176,-0.013708696246972591,0,0,-9.8066499999999994
1,3.0800000000000001,616,-0.0016751608461633789,-0.020003693422595881,0.00058780354189520137,-3.696094627364134e-07,9.4634003970605327e-06,3.2970954616976529e-06,0.017347950128516455,-0.015818173566147516,0.018377285862966556,-0.013708638386877241,0,0,-9.8066499999999994
1,3.085,617,-0.0016751626937952149,-0.020003645443286148,0.00058781994478579902,-3.6970594393410226e-07,9.7234728538636982e-06,3.2639154488287734e-06,0.017347886799784142,-0.01581815734518429,0.0183772676253935,-0.013708579665637481,0,0,-9.8066499999999994
1,3.0899999999999999,618,-0.0016751645423254437,-0.020003596168688246,0.00058783618129621871,-3.6996341350015141e-07,9.9814640332381835e-06,3.2305518534778636e-06,0.017347822655812674,-0.015818139791872434,0.018377248163318996,-0.013708520091256952,0,0,-9.8066499999999994
1,3.0950000000000002,619,-0.0016751663924776618,-0.020003545609972095,0.00058785225063422055,-3.7034930540930977e-07,1.0237070684061318e-05,3.1970546740862025e-06,0.017347757707812377,-0.015818120913521357,0.018377227485536496,-0.013708459672858745,0,0,-9.8066499999999994
1,3.1000000000000001,620,-0.0016751682448124202,-0.020003493779791385,0.00058786815225334087,-3.7083100669691938e-07,1.0490002557114183e-05,3.1634721931378009e-06,0.017347691967679952,-0.015818100719214162,0.018377205602142007,-0.013708398420643374,0,0,-9.8066499999999994
1,3.105,621,-0.0016751700997275636,-0.020003440692218436,0.00058788388584388792,-3.7137608437202567e-07,1.0739982457772254e-05,3.1298508111613194e-06,0.0173476254479588,-0.015818079219739364,0.018377182524472086,-0.013708336345846287,0,0,-9.8066499999999994
1,3.1099999999999999,622,-0.0016751719574596661,-0.020003386362678868,0.00058789945132316451,-3.7195249707833011e-07,1.0986746261310335e-05,3.096234903345474e-06,0.017347558161801394,-0.015818056427520169,0.018377158265041917,-0.013708273460694989,0,0,-9.8066499999999994
1,3.1150000000000002,623,-0.0016751738180864858,-0.020003330807886278,0.00058791484882502842,-3.7252879132946693e-07,1.1230042892829072e-05,3.0626666980015014e-06,0.017347490122933771,-0.015818032356541677,0.018377132837483667,-0.013708209778365923,0,0,-9.8066499999999994
1,3.1200000000000001,624,-0.0016751756815303628,-0.020003274045777123,0.00058793007868889835,-3.7307428218294865e-07,1.1469634273084983e-05,3.0291861761614872e-06,0.01734742134562197,-0.015818007022276499,0.018377106256485344,-0.013708145312941161,0,0,-9.8066499999999994
1,3.125,625,-0.0016751775475624816,-0.020003216095445937,0.00058794514144830889,-3.7355921837023428e-07,1.1705295232995046e-05,2.995830991489821e-06,0.017347351844640313,-0.01581798044160905,0.018377078537730258,-0.013708080079365028,0,0,-9.8066499999999994
1,3.1299999999999999,626,-0.0016751794158079189,-0.02000315697708106,0.00058796003781911427,-3.7395493195540502e-07,1.1936813397954798e-05,2.9626364095410483e-06,0.017347281635241435,-0.01581795263275896,0.018377049697837284,-0.013708014093400738,0,0,-9.8066499999999994
1,3.1350000000000002,627,-0.0016751812857514032,-0.020003096711901015,0.00058797476868743446,-3.7423397264179326e-07,1.2163989043824164e-05,2.9296352654542661e-06,0.017347210733127984,-0.015817923615203899,0.018377019754302105,-0.013707947371587122,0,0,-9.8066499999999994
1,3.1400000000000001,628,-0.0016751831567437072,-0.020003035322091665,0.00058798933509743366,-3.7437022699192948e-07,1.2386634928062278e-05,2.8968579390675836e-06,0.01734713915442581,-0.015817893409602168,0.018376988725439483,-0.013707879931195547,0,0,-9.8066499999999994
1,3.145,629,-0.001675185028008599,-0.02000297283074428,0.00058800373823901606,-3.743390228148538e-07,1.260457609590728e-05,2.8643323463961222e-06,0.017347066915658665,-0.015817862037715347,0.018376956630326746,-0.013707811790187081,0,0,-9.8066499999999994
1,3.1499999999999999,630,-0.0016751868986502789,-0.020002909261794627,0.00058801797943551753,-3.7411721907758964e-07,1.2817649665681579e-05,2.8320839464345592e-06,0.017346994033724181,-0.015817829522331309,0.018376923488748559,-0.013707742967170023,0,0,-9.8066499999999994
1,3.1550000000000002,631,-0.0016751887676612314,-0.020002844639963185,0.00058803206013146735,-3.7368328175152759e-07,1.3025704593568076e-05,2.8001357621804519e-06,0.017346920525871119,-0.01581779588718784,0.018376889321143133,-0.013707673481357818,0,0,-9.8066499999999994
1,3.1600000000000001,632,-0.0016751906339304201,-0.020002778990696586,0.00058804598188048863,-3.7301734604735327e-07,1.3228601421367285e-05,2.768508414799218e-06,0.017346846409677763,-0.015817761156897172,0.018376854148549861,-0.013707603352527463,0,0,-9.8066499999999994
1,3.165,633,-0.0016751924962517633,-0.020002712340110335,0.00058805974633339931,-3.7210126553326128e-07,1.3426212007936261e-05,2.7372201697861732e-06,0.017346771703031328,-0.015817725356871606,0.018376817992558525,-0.013707532600978452,0,0,-9.8066499999999994
1,3.1699999999999999,634,-0.001675194353332821,-0.020002644714932943,0.0005880733552265727,-3.7091864864820457e-07,1.3618419247068001e-05,2.7062869940717258e-06,0.017346696424108358,-0.015817688513250459,0.01837678087526012,-0.013707461247492322,0,0,-9.8066499999999994
1,3.1750000000000003,635,-0.0016751962038036366,-0.020002576142451472,0.00058808681037060789,-3.694548832341532e-07,1.3805116773308511e-05,2.6757226229647173e-06,0.017346620591355982,-0.015817650652828554,0.018376742819199321,-0.013707389313292845,0,0,-9.8066499999999994
1,3.1800000000000002,636,-0.0016751980462256708,-0.020002506650458593,0.00058810011363935751,-3.6769714962829735e-07,1.3986208657881005e-05,2.6455386358486033e-06,0.017346544223473932,-0.015817611802986412,0.018376703847328639,-0.013707316820006947,0,0,-9.8066499999999994
1,3.1850000000000001,637,-0.0016751998791007738,-0.02000243626720118,0.00058811326695935374,-3.6563442297064218e-07,1.4161609095759217e-05,2.6157445395929435e-06,0.017346467339397292,-0.015817571991622259,0.01837666398296434,-0.013707243789626355,0,0,-9.8066499999999994
1,3.1899999999999999,638,-0.0016752017008801441,-0.02000236502133048,0.00058812627229966807,-3.6325746535033283e-07,1.4331242086399892e-05,2.5863478586052951e-06,0.017346389958279848,-0.015817531247086087,0.018376623249744036,-0.013707170244470053,0,0,-9.8066499999999994
1,3.1950000000000003,639,-0.0016752035099732243,-0.020002292941853919,0.00058813913166223645,-3.6055880844307373e-07,1.4495041109239044e-05,2.5573542306093217e-06,0.017346312099477981,-0.015817489598115814,0.018376581671586099,-0.013707096207147589,0,0,-9.8066499999999994
1,3.2000000000000002,640,-0.001675205304756486,-0.020002220058088497,0.00058815184707267532,-3.575327273262459e-07,1.4652948795836136e-05,2.5287675071138766e-06,0.017346233782535105,-0.015817447073775623,0.01837653927265076,-0.013707021700523191,0,0,-9.8066499999999994
1,3.2050000000000001,641,-0.0016752070835820648,-0.02000214639961587,0.00058816442057160951,-3.5417520610389848e-07,1.4804916599226121e-05,2.50058985762791e-06,0.017346155027166424,-0.015817403703396685,0.018376496077302996,-0.013706946747680861,0,0,-9.8066499999999994
1,3.21,642,-0.0016752088447862035,-0.020002071996239067,0.00058817685420652912,-3.5048389603963145e-07,1.4950904463190433e-05,2.4728218768093722e-06,0.017346075853244158,-0.015817359516520212,0.018376452110077136,-0.013706871371890328,0,0,-9.8066499999999994
1,3.2149999999999999,643,-0.0016752105866974691,-0.020001996877940853,0.00058818915002418766,-3.4645806684264412e-07,1.5090880491293385e-05,2.4454626936422951e-06,0.017345996280782979,-0.015817314542842954,0.018376407395643158,-0.013706795596573973,0,0,-9.8066499999999994
1,3.2200000000000002,644,-0.0016752123076447104,-0.020001921074843765,0.00058820131006354938,-3.4209855180474341e-07,1.5224820618115458e-05,2.4185100818403298e-06,0.017345916329925781,-0.015817268812165181,0.018376361958774678,-0.013706719445274726,0,0,-9.8066499999999994
1,3.2250000000000001,645,-0.0016752140059647263,-0.020001844617171777,0.00058821333634928976,-3.3740768740376624e-07,1.5352708282501935e-05,2.3919605707477057e-06,0.017345836020929619,-0.015817222354341187,0.018376315824318586,-0.013706642941624946,0,0,-9.8066499999999994
1,3.23,646,-0.001675215680009621,-0.020001767535213572,0.00058822523088585097,-3.3238924803477705e-07,1.5474534104865439e-05,2.3658095560278545e-06,0.017345755374151842,-0.015817175199232258,0.018376269017166297,-0.013706566109316269,0,0,-9.8066499999999994
1,3.2349999999999999,647,-0.0016752173281538219,-0.020001689859287446,0.00058823699565204834,-3.2704837649791042e-07,1.5590295568983468e-05,2.3400514094819783e-06,0.017345674410036351,-0.015817127376662233,0.018376221562226562,-0.013706488972070505,0,0,-9.8066499999999994
1,3.2400000000000002,648,-0.0016752189488007394,-0.02000161161970777,0.00058824863259622257,-3.2139151085809019e-07,1.5699996708724699e-05,2.3146795873338887e-06,0.017345593149099971,-0.015817078916375512,0.018376173484399776,-0.01370641155361149,0,0,-9.8066499999999994
1,3.2450000000000001,649,-0.0016752205403890541,-0.02000153284675301,0.00058826014363192857,-3.1542630825288016e-07,1.5803647801242255e-05,2.2896867365518805e-06,0.017345511611918895,-0.015817029847997596,0.018376124808553811,-0.013706333877638015,0,0,-9.8066499999999994
1,3.25,650,-0.0016752221013986168,-0.020001453570635271,0.00058827153063414949,-3.0916156624064896e-07,1.5901265066447387e-05,2.2650647985372354e-06,0.017345429819115212,-0.015816980200998067,0.018376075559501243,-0.013706255967797737,0,0,-9.8066499999999994
1,3.2549999999999999,651,-0.0016752236303559493,-0.020001373821471307,0.00058828279543602226,-3.0260714223551491e-07,1.5992870373681468e-05,2.2408051098711577e-06,0.017345347791343439,-0.015816930004655987,0.018376025761977895,-0.013706177847662085,0,0,-9.8066499999999994
1,3.2600000000000002,652,-0.0016752251258393398,-0.020001293629255006,0.00058829393982605816,-2.9577387154717949e-07,1.6078490956322493e-05,2.2168984996113347e-06,0.017345265549277105,-0.015816879288027691,0.018375975440622798,-0.013706099540702234,0,0,-9.8066499999999994
1,3.2650000000000001,653,-0.0016752265864835251,-0.02000121302383125,0.00058830496554584054,-2.8867348453088117e-07,1.6158159134082885e-05,2.1933353828173195e-06,0.017345183113595342,-0.01581682807991687,0.018375924619959294,-0.013706021070266031,0,0,-9.8066499999999994
1,3.27,654,-0.0016752280109839581,-0.020001132034871173,0.00058831587428818033,-2.8131852332959018e-07,1.6231912043813171e-05,2.1701058499814246e-06,0.017345100504969485,-0.015816776408846919,0.018375873324377404,-0.013705942459555958,0,0,-9.8066499999999994
1,3.2749999999999999,655,-0.0016752293981006582,-0.02000105069184873,0.00058832666769570766,-2.7372225864017403e-07,1.6299791378817367e-05,2.1471997521136472e-06,0.017345017744049684,-0.015816724303035511,0.018375821578117308,-0.013705863731608058,0,0,-9.8066499999999994
1,3.2800000000000002,656,-0.0016752307466616474,-0.020000969024018544,0.00058833734735987782,-2.6589860695656462e-07,1.636184313694556e-05,2.1246067812382741e-06,0.017344934851451513,-0.015816671790371231,0.01837576940525389,-0.01370578490927186,0,0,-9.8066499999999994
1,3.2850000000000001,657,-0.0016752320555659735,-0.020000887060394993,0.00058834791482036738,-2.5786204863499299e-07,1.6418117377596637e-05,2.1023165461303819e-06,0.0173448518477426,-0.015816618898392296,0.01837571682968232,-0.013705706015191253,0,0,-9.8066499999999994
1,3.29,658,-0.0016752333237863275,-0.020000804829732495,0.00058835837156483747,-2.4962754721244972e-07,1.6468667987620288e-05,2.0803186431534915e-06,0.01734476875342926,-0.015816565654267218,0.018375663875104597,-0.013705627071786327,0,0,-9.8066499999999994
1,3.2949999999999999,659,-0.0016752345503712606,-0.020000722360506935,0.00058836871902903805,-2.4121047023070143e-07,1.6513552456251352e-05,2.0586027220896207e-06,0.017344685588943143,-0.015816512084777357,0.018375610565016989,-0.013705548101236139,0,0,-9.8066499999999994
1,3.3000000000000003,660,-0.0016752357344470099,-0.0200006396808982,0.00058837895859722923,-2.3262651194802986e-07,1.6552831658881539e-05,2.0371585469233196e-06,0.017344602374627947,-0.015816458216301267,0.018375556922698297,-0.013705469125462414,0,0,-9.8066499999999994
1,3.3050000000000002,661,-0.0016752368752189443,-0.020000556818773767,0.00058838909160289382,-2.2389161817798949e-07,1.6586569649904277e-05,2.0159760515478642e-06,0.017344519130726155,-0.015816404074800748,0.018375502971198991,-0.013705390166114132,0,0,-9.8066499999999994
1,3.3100000000000001,662,-0.0016752379719726378,-0.020000473801673309,0.00058839911932971514,-2.1502191353170713e-07,1.6614833463886697e-05,1.9950453903235993e-06,0.017344435877365814,-0.015816349685808532,0.018375448733330975,-0.013705311244553015,0,0,-9.8066499999999994
1,3.3149999999999999,663,-0.0016752390240745883,-0.020000390656794275,0.0005884090430127955,-2.0603363125215233e-07,1.6637692925772784e-05,1.9743569836608517e-06,0.017344352634547429,-0.01581629507441748,0.018375394231658144,-0.013705232381839872,0,0,-9.8066499999999994
1,3.3200000000000003,664,-0.0016752400309725901,-0.020000307410978389,0.0005884188638400899,-1.9694304587446051e-07,1.665522046895412e-05,1.9539015585717277e-06,0.017344269422130913,-0.015816240265271255,0.018375339488487536,-0.013705153598721802,0,0,-9.8066499999999994
1,3.3250000000000002,665,-0.0016752409921957788,-0.020000224090699056,0.00058842858295403021,-1.8776640888948318e-07,1.6667490962165753e-05,1.9336701843476491e-06,0.017344186259822682,-0.01581618528255635,0.018375284525861072,-0.013705074915620216,0,0,-9.8066499999999994
1,3.3300000000000001,666,-0.0016752419073543618,-0.020000140722049593,0.00058843820145331588,-1.7851988748638869e-07,1.6674581543710272e-05,1.9136543034434373e-06,0.017344103167162866,-0.015816130149995358,0.018375229365547887,-0.013704996352619663,0,0,-9.8066499999999994
1,3.335,667,-0.0016752427761390503,-0.02000005733073228,0.00058844772039484694,-1.6921950661173292e-07,1.6676571463726696e-05,1.8938457577236722e-06,0.01734402016351265,-0.015816074890841469,0.018375174029037121,-0.013704917929457458,0,0,-9.8066499999999994
1,3.3399999999999999,668,-0.0016752435983202099,-0.019999973942048183,0.00058845714079577773,-1.5988109431899478e-07,1.6673541933786185e-05,1.8742368102037579e-06,0.017343937268041811,-0.015816019527874075,0.018375118537531238,-0.01370483966551405,0,0,-9.8066499999999994
1,3.3450000000000002,669,-0.0016752443737467467,-0.019999890580887705,0.00058846646363566756,-1.505202305962102e-07,1.6665575983344957e-05,1.854820162478651e-06,0.017343854499716458,-0.015815964083395355,0.018375062911939726,-0.013704761579804157,0,0,-9.8066499999999994
1,3.3500000000000001,670,-0.0016752451023447465,-0.019999807271721848,0.00058847568985870877,-1.4115219964201175e-07,1.6652758323559714e-05,1.835588968028853e-06,0.017343771877286963,-0.01581590857922786,0.018375007172873225,-0.013704683690968621,0,0,-9.8066499999999994
1,3.355,671,-0.0016752457841158843,-0.019999724038594121,0.00058848482037601095,-1.3179194565747164e-07,1.6635175216937109e-05,1.8165368415636816e-06,0.017343689419276116,-0.015815853036712933,0.018374951340638029,-0.013704606017266942,0,0,-9.8066499999999994
1,3.3599999999999999,672,-0.0016752464191356201,-0.019999640905113105,0.00058849385606792298,-1.2245403219561811e-07,1.6612914353706007e-05,1.7976578646594016e-06,0.017343607143967599,-0.015815797476709928,0.018374895435230902,-0.013704528576570523,0,0,-9.8066499999999994
1,3.3650000000000002,673,-0.001675247007551202,-0.019999557894445602,0.00058850279778637383,-1.1315260499048098e-07,1.6586064733845183e-05,1.778946587891807e-06,0.017343525069394627,-0.015815741919596178,0.018374839476334216,-0.013704451386356533,0,0,-9.8066499999999994
1,3.3700000000000001,674,-0.0016752475495794917,-0.01999947502931038,0.00058851164635721602,-1.0390135834215734e-07,1.6554716554680396e-05,1.7603980296747353e-06,0.017343443213329011,-0.015815686385267598,0.0183747834833114,-0.013704374463702452,0,0,-9.8066499999999994
1,3.375,675,-0.0016752480455046299,-0.019999392331972451,0.00058852040258255565,-9.4713504917060295e-08,1.6518961103482265e-05,1.7420076720579045e-06,0.017343361593270445,-0.015815630893139879,0.018374727475202614,-0.013704297825281198,0,0,-9.8066499999999994
1,3.3799999999999999,676,-0.0016752484956755603,-0.019999309824237879,0.00058852906724305408,-8.560174901065683e-08,1.6478890655500487e-05,1.7237714537032811e-06,0.017343280226436168,-0.015815575462150233,0.018374671470720701,-0.013704221487356859,0,0,-9.8066499999999994
1,3.3850000000000002,677,-0.0016752489005034277,-0.019999227527449082,0.000588537641100188,-7.6578263124704677e-08,1.6434598376402808e-05,1.7056857602859071e-06,0.017343199129750964,-0.015815520110759613,0.018374615488247342,-0.013704145465780986,0,0,-9.8066499999999994
1,3.3900000000000001,678,-0.0016752492604588673,-0.019999145462480626,0.00058854612489845541,-6.7654667854791798e-08,1.6386178228741314e-05,1.6877474125046959e-06,0.017343118319837557,-0.015815464856955317,0.01837455954582946,-0.013704069775989466,0,0,-9.8066499999999994
1,3.395,679,-0.0016752495760692014,-0.019999063649735454,0.00058855451936751658,-5.8842014922925527e-08,1.6333724882851089e-05,1.6699536520674193e-06,0.017343037813007355,-0.015815409718254025,0.018374503661175767,-0.013703994432999902,0,0,-9.8066499999999994
1,3.3999999999999999,680,-0.0016752498479155593,-0.019998982109141569,0.00058856282522425996,-5.0150773324683353e-08,1.6277333631424181e-05,1.6523021257089164e-06,0.017342957625251631,-0.015815354711705087,0.018374447851653587,-0.013703919451409495,0,0,-9.8066499999999994
1,3.4050000000000002,681,-0.0016752500766299356,-0.019998900860149122,0.00058857104317478392,-4.1590818469385783e-08,1.6217100307404968e-05,1.6347908676045103e-06,0.017342877772233086,-0.015815299853894155,0.018374392134285735,-0.013703844845393458,0,0,-9.8066499999999994
1,3.4100000000000001,682,-0.0016752502628922001,-0.019998819921727917,0.00058857917391628685,-3.3171424149914352e-08,1.6153121205461235e-05,1.6174182803248145e-06,0.017342798269277881,-0.015815245160947004,0.018374336525747714,-0.013703770628703866,0,0,-9.8066499999999994
1,3.415,683,-0.0016752504074270763,-0.019998739312365291,0.00058858721813885909,-2.4901257270643443e-08,1.6085493005837546e-05,1.6001831146077071e-06,0.017342719131368065,-0.015815190648533584,0.018374281042364955,-0.013703696814668971,0,0,-9.8066499999999994
1,3.4199999999999999,684,-0.0016752505110010989,-0.019998659050064364,0.00058859517652717084,-1.6788375209307997e-08,1.6014312701919594e-05,1.5830844480900015e-06,0.017342640373134478,-0.015815136331872235,0.01837422570011029,-0.013703623416192953,0,0,-9.8066499999999994
1,3.4250000000000003,685,-0.001675250574419565,-0.019998579152342655,0.00058860304976205194,-8.8402256475859512e-09,1.5939677529363337e-05,1.5661216632439955e-06,0.01734256200885011,-0.015815082225734009,0.018374170514601541,-0.01370355044575608,0,0,-9.8066499999999994
1,3.4300000000000002,686,-0.0016752505985234895,-0.01999849963623104,0.00058861083852195981,-1.063648737411107e-09,1.5861684898519656e-05,1.5492944247512696e-06,0.017342484052423911,-0.01581502834444715,0.018374115501099311,-0.013703477915415279,0,0,-9.8066499999999994
1,3.4350000000000001,687,-0.0016752505841865785,-0.019998420518273042,0.00058861854348433247,6.5351184940434079e-09,1.5780432328072266e-05,1.5326026563807229e-06,0.017342406517395093,-0.015814974701901609,0.018374060674504891,-0.013703405836805072,0,0,-9.8066499999999994
1,3.4399999999999999,688,-0.0016752505323122282,-0.019998341814524461,0.00058862616532682599,1.3950435687200732e-08,1.5696017381512415e-05,1.5160465176574704e-06,0.017342329416927881,-0.015814921311553671,0.018374006049358349,-0.013703334221138888,0,0,-9.8066499999999994
1,3.4450000000000003,689,-0.001675250443830562,-0.019998263540553292,0.00058863370472843465,2.1177250776103641e-08,1.5608537604815652e-05,1.4996263804468624e-06,0.017342252763806788,-0.015814868186430568,0.01837395163983677,-0.013703263079210711,0,0,-9.8066499999999994
1,3.4500000000000002,690,-0.0016752503196955139,-0.019998185711439971,0.00058864116237049421,2.8211089801997581e-08,1.5518090466449107e-05,1.4833428055946008e-06,0.017342176570432303,-0.015814815339135167,0.018373897459752646,-0.013703192421397071,0,0,-9.8066499999999994
1,3.4550000000000001,691,-0.0016752501608819665,-0.019998108341777905,0.00058864853893756894,3.5048045114124767e-08,1.5424773298464329e-05,1.4671965197901781e-06,0.01734210084881713,-0.015814762781850636,0.01837384352255244,-0.013703122257659324,0,0,-9.8066499999999994
1,3.46,692,-0.0016752499683829524,-0.019998031445674306,0.00058865583511822348,4.1684762060956729e-08,1.5328683239108874e-05,1.4511883927873972e-06,0.017342025610582869,-0.015814710526345126,0.018373789841315324,-0.013703052597546266,0,0,-9.8066499999999994
1,3.4649999999999999,693,-0.001675249743206925,-0.019997955036751294,0.0005886630516056823,4.811842430710684e-08,1.5229917176940313e-05,1.4353194150554373e-06,0.017341950866957188,-0.015814658583976456,0.018373736428752077,-0.013702983450197001,0,0,-9.8066499999999994
1,3.4700000000000002,694,-0.0016752494863751073,-0.019997879128147284,0.00058867018909837857,5.4346737936216221e-08,1.5128571696195201e-05,1.4195906760486843e-06,0.017341876628771458,-0.01581460696569674,0.018373683297204152,-0.013702914824344093,0,0,-9.8066499999999994
1,3.4750000000000001,695,-0.0016752491989189201,-0.019997803732518644,0.00058867724830039621,6.0367914481762582e-08,1.502474302326532e-05,1.4040033431611482e-06,0.017341802906458884,-0.01581455568205703,0.018373630458642938,-0.013702846728316969,0,0,-9.8066499999999994
1,3.48,696,-0.0016752488818775006,-0.019997728862041615,0.00058868422992180839,6.6180652969181461e-08,1.4918526974428443e-05,1.3885586414194773e-06,0.017341729710053086,-0.015814504743211909,0.018373577924669194,-0.013702779170045561,0,0,-9.8066499999999994
1,3.4849999999999999,697,-0.001675248536295311,-0.019997654528414482,0.00058869113467891691,7.1784121149908002e-08,1.4810018904486826e-05,1.3732578340507917e-06,0.017341657049187147,-0.015814454158924064,0.018373525706512663,-0.013702712157064168,0,0,-9.8066499999999994
1,3.4900000000000002,698,-0.0016752481632198433,-0.019997580742860024,0.0005886979632943964,7.7177936040898944e-08,1.4699313656441841e-05,1.3581022039763419e-06,0.017341584933093099,-0.015814403938568818,0.018373473815031918,-0.013702645696515562,0,0,-9.8066499999999994
1,3.4950000000000001,699,-0.0016752477636994229,-0.01999750751612818,0.00058870471649734855,8.2362143854804709e-08,1.4586505512388253e-05,1.3430930362552615e-06,0.017341513370601889,-0.015814354091138631,0.01837342226071435,-0.01370257979515525,0,0,-9.8066499999999994
1,3.5,700,-0.001675247338781114,-0.019997434858498985,0.00058871139502327116,8.73371994766339e-08,1.4471688145188692e-05,1.3282316016054835e-06,0.017341442370143734,-0.015814304625247581,0.018373371053676396,-0.013702514459355976,0,0,-9.8066499999999994
1,3.5049999999999999,701,-0.0016752468895087282,-0.01999736277978573,0.00058871799961394738,9.210394558931121e-08,1.4354954571176657e-05,1.3135191409310501e-06,0.01734137193974894,-0.015814255549135802,0.018373320203663966,-0.013702449695112348,0,0,-9.8066499999999994
1,3.5100000000000002,702,-0.0016752464169209379,-0.019997291289338366,0.00058872453101726011,9.6663591517021046e-08,1.4236397103730663e-05,1.2989568510082076e-06,0.017341302087049114,-0.015814206870673895,0.018373269720053063,-0.013702385508045678,0,0,-9.8066499999999994
1,3.5150000000000001,703,-0.0016752459220494968,-0.019997220396047125,0.00058873098998693811,1.0101769195190775e-07,1.4116107307973944e-05,1.2845458712279192e-06,0.017341232819278789,-0.015814158597367341,0.018373219611850646,-0.013702321903408947,0,0,-9.8066499999999994
1,3.52,704,-0.001675245405917566,-0.019997150108346379,0.0005887373772822382,1.0516812561150187e-07,1.3994175956244419e-05,1.2702872715294176e-06,0.017341164143277441,-0.015814110736360857,0.018373169887695665,-0.013702258886091929,0,0,-9.8066499999999994
1,3.5249999999999999,705,-0.0016752448695381476,-0.01999708043421871,0.00058874369366757019,1.0911707390959424e-07,1.3870692984565003e-05,1.2561820414412073e-06,0.017341096065491855,-0.015814063294442762,0.018373120555860368,-0.013702196460626445,0,0,-9.8066499999999994
1,3.5300000000000002,706,-0.0016752443139126242,-0.019997011381199199,0.0005887499399120699,1.1286699977211172e-07,1.374574745026243e-05,1.2422310802651533e-06,0.017341028591978929,-0.015814016278049341,0.018373071624251777,-0.013702134631191741,0,0,-9.8066499999999994
1,3.5350000000000001,707,-0.0016752437400294035,-0.019996942956379927,0.00058875611678912564,1.1642062662514445e-07,1.3619427490475054e-05,1.2284351884042017e-06,0.017340961728408721,-0.015813969693269196,0.01837302310041343,-0.013702073401619974,0,0,-9.8066499999999994
1,3.54,708,-0.0016752431488626684,-0.019996875166414671,0.00058876222507586457,1.1978091766191294e-07,1.3491820281539603e-05,1.2147950597729993e-06,0.017340895480067946,-0.015813923545847576,0.018372974991527308,-0.013702012775401824,0,0,-9.8066499999999994
1,3.5449999999999999,709,-0.0016752425413712284,-0.01999680801752381,0.00058876826555260338,1.2295105545639087e-07,1.3363011999775509e-05,1.2013112753358136e-06,0.017340829851863703,-0.01581387784119077,0.018372927304416014,-0.013701952755692179,0,0,-9.8066499999999994
1,3.5500000000000003,710,-0.0016752419184974743,-0.019996741515499426,0.00058877423900226993,1.2593442192231214e-07,1.3233087783120098e-05,1.187984297693788e-06,0.017340764848327583,-0.015813832584370465,0.018372880045545159,-0.013701893345315921,0,0,-9.8066499999999994
1,3.5550000000000002,711,-0.0016752412811664292,-0.019996675665710582,0.0005887801462097997,1.2873457880185808e-07,1.3102131693946453e-05,1.1748144667175887e-06,0.017340700473620005,-0.015813787780128138,0.018372833221025984,-0.013701834546773789,0,0,-9.8066499999999994
1,3.5600000000000001,712,-0.0016752406302848978,-0.01999661047310879,0.00058878598796151347,1.3135524857663279e-07,1.2970226682943308e-05,1.1618019961532436e-06,0.017340636731534884,-0.015813743432879487,0.01837278683661819,-0.013701776362248312,0,0,-9.8066499999999994
1,3.5649999999999999,713,-0.0016752399667407092,-0.019996545942233667,0.00058879176504448032,1.3380029600280334e-07,1.2837454554425286e-05,1.1489469712536509e-06,0.017340573625504535,-0.015813699546718882,0.018372740897732991,-0.013701718793609811,0,0,-9.8066499999999994
1,3.5700000000000003,714,-0.001675239291402051,-0.019996482077218741,0.00058879747824587092,1.3607371017178737e-07,1.2703895932549248e-05,1.1362493472520046e-06,0.01734051115860483,-0.01581365612542384,0.018372695409436403,-0.01370166184242246,0,0,-9.8066499999999994
1,3.5750000000000002,715,-0.0016752386051168899,-0.019996418881797439,0.00058880312835230583,1.3817958723589409e-07,1.2569630229163074e-05,1.1237089487836893e-06,0.017340449333560586,-0.015813613172459568,0.01837265037645271,-0.013701605509950381,0,0,-9.8066499999999994
1,3.5800000000000001,716,-0.0016752379087124794,-0.019996356359309221,0.00058880871614920235,1.4012211377040185e-07,1.2434735612579098e-05,1.1113254700557611e-06,0.017340388152751168,-0.015813570690983519,0.018372605803168192,-0.013701549797163801,0,0,-9.8066499999999994
1,3.585,717,-0.0016752372029949475,-0.019996294512705882,0.00058881424242012478,1.4190555083241264e-07,1.2299288977651494e-05,1.0990984758748826e-06,0.017340327618216318,-0.015813528683850032,0.018372561693634996,-0.013701494704745243,0,0,-9.8066499999999994
1,3.5899999999999999,718,-0.0016752364887489622,-0.019996233344557982,0.00058881970794614135,1.4353421869744038e-07,1.2163365917637914e-05,1.0870274033312402e-06,0.017340267731662133,-0.015813487153614997,0.018372518051575269,-0.013701440233095736,0,0,-9.8066499999999994
1,3.5950000000000002,719,-0.001675235766737473,-0.019996172857061425,0.00058882511350519132,1.4501248234173526e-07,1.2027040697138869e-05,1.075111564226656e-06,0.017340208494467255,-0.015813446102540585,0.018372474880385459,-0.01370138638234107,0,0,-9.8066499999999994
1,3.6000000000000001,720,-0.0016752350377015213,-0.019996113052044167,0.00058883045987146582,1.4634473764596001e-07,1.1890386226330814e-05,1.0633501480372907e-06,0.017340149907689183,-0.015813405532600043,0.018372432183140806,-0.013701333152338041,0,0,-9.8066499999999994
1,3.605,721,-0.0016752343023601196,-0.019996053930973055,0.00058883574781480488,1.4753539833589122e-07,1.1753474036948374e-05,1.0517422255076914e-06,0.017340091972070776,-0.01581336544548255,0.018372389962600034,-0.013701280542680749,0,0,-9.8066499999999994
1,3.6099999999999999,722,-0.0016752335614101924,-0.019995995494960766,0.0005888409781001139,1.4858888368341742e-07,1.1616374259256987e-05,1.0402867527431044e-06,0.017340034688046829,-0.015813325842598119,0.018372348221210196,-0.013701228552706876,0,0,-9.8066499999999994
1,3.6150000000000002,723,-0.0016752328155265786,-0.019995937744772877,0.00058884615148680169,1.4950960693655074e-07,1.1479155601154347e-05,1.0289825757396953e-06,0.01733997805575083,-0.015813286725082597,0.018372306961111726,-0.01370117718150397,0,0,-9.8066499999999994
1,3.6200000000000001,724,-0.0016752320653620886,-0.019995880680835021,0.00058885126872824174,1.5030196452521775e-07,1.1341885328118496e-05,1.0178284353298852e-06,0.017339922075021767,-0.015813248093802697,0.018372266184143626,-0.013701126427915749,0,0,-9.8066499999999994
1,3.625,725,-0.0016752313115476136,-0.019995824303240147,0.00058885633057125994,1.5097032598150331e-07,1.1204629245041604e-05,1.0068229724898346e-06,0.017339866745411041,-0.015813209949361123,0.018372225891848823,-0.013701076290548373,0,0,-9.8066499999999994
1,3.6299999999999999,726,-0.0016752305546922841,-0.019995768611755869,0.00058886133775564896,1.5151902462136757e-07,1.106745167945503e-05,9.9596473394137246e-07,0.017339812066189501,-0.015813172292101729,0.018372186085479678,-0.01370102676777674,0,0,-9.8066499999999994
1,3.6350000000000002,727,-0.0016752297953836726,-0.01999571360583189,0.00058886629101371167,1.5195234893165975e-07,1.0930415466316983e-05,9.8525217799391245e-07,0.017339758036354475,-0.015813135122114796,0.018372146766003628,-0.013700977857750728,0,0,-9.8066499999999994
1,3.6400000000000001,728,-0.0016752290341880379,-0.019995659284607493,0.00058887119106983393,1.5227453468980194e-07,1.0793581934156946e-05,9.7468368061423277e-07,0.017339704654636901,-0.015813098439242317,0.018372107934108959,-0.013700929558401459,0,0,-9.8066499999999994
1,3.645,729,-0.0016752282716506067,-0.019995605646919115,0.00058887603864008864,1.5248975775745506e-07,1.0657010893139496e-05,9.6425754164061743e-07,0.017339651919508509,-0.015813062243083379,0.018372069590210736,-0.01370088186744753,0,0,-9.8066499999999994
1,3.6499999999999999,730,-0.0016752275082958898,-0.019995552691307959,0.00058888083443187067,1.5260212758749355e-07,1.0520760624144182e-05,9.5397199111130101e-07,0.017339599829188992,-0.0158130265329996,0.018372031734456774,-0.013700834782401194,0,0,-9.8066499999999994
1,3.6550000000000002,731,-0.0016752267446280295,-0.019995500416027663,0.00058888557914356387,1.5261568138890758e-07,1.0384887869696122e-05,9.4382519563780902e-07,0.017339548381653237,-0.015812991308120625,0.018371994366733809,-0.013700788300574564,0,0,-9.8066499999999994
1,3.6600000000000001,732,-0.0016752259811311731,-0.01999544881905202,0.00058889027346423998,1.5253437890315362e-07,1.0249447826505223e-05,9.3381526486455971e-07,0.017339497574638575,-0.015812956567349674,0.018371957486673692,-0.013700742419085749,0,0,-9.8066499999999994
1,3.665,733,-0.0016752252182698727,-0.019995397898082714,0.00058889491807338995,1.5236209785423284e-07,1.0114494138924469e-05,9.239402578726975e-07,0.017339447405651989,-0.015812922309369148,0.018371921093659711,-0.013700697134864964,0,0,-9.8066499999999994
1,3.6699999999999999,734,-0.0016752244564895054,-0.019995347650557098,0.00058889951364068699,1.5210262995458271e-07,9.9800788948661762e-06,9.1419818954167658e-07,0.017339397871977368,-0.015812888532646296,0.018371885186832963,-0.013700652444660623,0,0,-9.8066499999999994
1,3.6750000000000003,735,-0.0016752236962167117,-0.019995298073655986,0.00058890406082578138,1.517596775227027e-07,9.8462526221349742e-06,9.0458703685695125e-07,0.017339348970682716,-0.015812855235438905,0.018371849765098841,-0.013700608345045358,0,0,-9.8066499999999994
1,3.6800000000000002,736,-0.0016752229378598502,-0.019995249164311456,0.00058890856027812649,1.5133685062524662e-07,9.7130642869595618e-06,8.951047451026251e-07,0.017339300698627342,-0.015812822415801054,0.018371814827133532,-0.013700564832422046,0,0,-9.8066499999999994
1,3.6850000000000001,737,-0.0016752221818094647,-0.019995200919214657,0.00058891301263683552,1.508376647596676e-07,9.5805612935946208e-06,8.8574923389261531e-07,0.017339253052469011,-0.015812790071588888,0.018371780371390568,-0.013700521903029743,0,0,-9.8066499999999994
1,3.6899999999999999,738,-0.0016752214284387619,-0.019995153334823622,0.00058891741853056773,1.5026553904193686e-07,9.4487894853729231e-06,8.7651840308179728e-07,0.017339206028671107,-0.015812758200466456,0.018371746396107485,-0.013700479552949604,0,0,-9.8066499999999994
1,3.6950000000000003,739,-0.0016752206781040966,-0.019995106407371066,0.00058892177857744444,1.4962379485915117e-07,9.3177931473253655e-06,8.6741013845189936e-07,0.017339159623509678,-0.015812726799911546,0.018371712899312439,-0.013700437778110752,0,0,-9.8066499999999994
1,3.7000000000000002,740,-0.001675219931145463,-0.019995060132872167,0.00058892609338499194,1.489156549751709e-07,9.1876150097856083e-06,8.584223171905881e-07,0.01733911383308049,-0.01581269586722156,0.018371679878830871,-0.013700396574296086,0,0,-9.8066499999999994
1,3.7050000000000001,741,-0.0016752191878869891,-0.019995014507132321,0.00058893036355011209,1.4814424304458981e-07,9.0582962540018892e-06,8.4955281321925545e-07,0.017339068653305978,-0.015812665399519407,0.018371647332292206,-0.013700355937148039,0,0,-9.8066499999999994
1,3.71,742,-0.0016752184486374328,-0.019994969525754885,0.00058893458965907878,1.4731258354304776e-07,8.9298765179612842e-06,8.4079950214955622e-07,0.017339024079942183,-0.015812635393759416,0.018371615257136542,-0.013700315862174295,0,0,-9.8066499999999994
1,3.7149999999999999,743,-0.001675217713690677,-0.019994925184148866,0.00058893877228755813,1.464236020417196e-07,8.8023939045281713e-06,8.3216026611380885e-07,0.017338980108585575,-0.015812605846733246,0.018371583650621335,-0.013700276344753447,0,0,-9.8066499999999994
1,3.7200000000000002,744,-0.0016752169833262225,-0.019994881477536579,0.00058894291200065258,1.4548012583341928e-07,8.675884989811349e-06,8.2363299822500519e-07,0.017338936734679834,-0.015812576755075813,0.018371552509828089,-0.013700237380140583,0,0,-9.8066499999999994
1,3.7250000000000001,745,-0.0016752162578096777,-0.019994838400961244,0.00058894700935296668,1.4448488489439187e-07,8.5503848338510664e-06,8.1521560685083529e-07,0.017338893953522543,-0.015812548115271198,0.018371521831669013,-0.013700198963472824,0,0,-9.8066499999999994
1,3.73,746,-0.001675215537393242,-0.019994795949294562,0.00058895106488869304,1.4344051307694442e-07,8.4259269911798872e-06,8.0690601954060478e-07,0.017338851760271803,-0.015812519923658581,0.01837149161289366,-0.013700161089774817,0,0,-9.8066499999999994
1,3.7349999999999999,747,-0.0016752148223161823,-0.019994754117244194,0.00058895507914171776,1.4234954961506528e-07,8.3025435235872142e-06,7.9870218667755623e-07,0.017338810149952755,-0.015812492176438118,0.018371461850095548,-0.013700123753964139,0,0,-9.8066499999999994
1,3.7400000000000002,748,-0.001675214112805303,-0.019994712899361191,0.00058895905263574289,1.412144408583074e-07,8.1802650131743874e-06,7.9060208486463507e-07,0.017338769117464018,-0.015812464869676836,0.0183714325397187,-0.013700086950856651,0,0,-9.8066499999999994
1,3.7450000000000001,749,-0.0016752134090754045,-0.019994672290047373,0.0005889629858844258,1.4003754220913795e-07,8.0591205765019913e-06,7.826037200016266e-07,0.017338728657584054,-0.015812437999314487,0.018371403678064193,-0.013700050675171795,0,0,-9.8066499999999994
1,3.75,750,-0.0016752127113297333,-0.019994632283562602,0.00058896687939153215,1.388211202427718e-07,7.939137880318631e-06,7.7470513007169535e-07,0.017338688764977402,-0.015812411561169391,0.018371375261296605,-0.01370001492153781,0,0,-9.8066499999999994
1,3.7549999999999999,751,-0.0016752120197604202,-0.019994592874032002,0.00058897073365110327,1.3756735502761014e-07,7.820343157573056e-06,7.6690438763935672e-07,0.01733864943420085,-0.015812385550944205,0.018371347285450434,-0.013699979684496899,0,0,-9.8066499999999994
1,3.7600000000000002,752,-0.0016752113345489073,-0.019994554055453074,0.00058897454914763419,1.3627834254976501e-07,7.7027612242689593e-06,7.5919960206699513e-07,0.017338610659709479,-0.015812359964231717,0.018371319746436431,-0.013699944958510301,0,0,-9.8066499999999994
1,3.7650000000000001,753,-0.0016752106558663609,-0.019994515821702752,0.00058897832635626307,1.3495609728830761e-07,7.5864154977066429e-06,7.5158892145342518e-07,0.017338572435862634,-0.015812334796520527,0.01837129264004788,-0.013699910737963334,0,0,-9.8066499999999994
1,3.77,754,-0.0016752099838740738,-0.019994478166544337,0.00058898206574296862,1.3360255487050469e-07,7.4713280149061187e-06,7.4407053427916623e-07,0.017338534756929765,-0.015812310043200741,0.018371265961966799,-0.01369987701717032,0,0,-9.8066499999999994
1,3.7749999999999999,755,-0.0016752093187238518,-0.019994441083634358,0.00058898576776477622,1.3221957485024716e-07,7.3575194525031174e-06,7.3664267081571121e-07,0.017338497617096202,-0.015812285699569561,0.018371239707770028,-0.013699843790379484,0,0,-9.8066499999999994
1,3.7800000000000002,756,-0.0016752086605583871,-0.01999440456652932,0.00058898943286996919,1.3080894350447299e-07,7.2450091461630725e-06,7.29303604254112e-07,0.017338461010468757,-0.015812261760836853,0.018371213872935287,-0.013699811051777746,0,0,-9.8066499999999994
1,3.7850000000000001,757,-0.0016752080095116181,-0.019994368608692355,0.00058899306149830623,1.2937237670471353e-07,7.1338151120363318e-06,7.220516515957262e-07,0.017338424931081304,-0.015812238222130619,0.01837118845284709,-0.013699778795495452,0,0,-9.8066499999999994
1,3.79,758,-0.0016752073657090737,-0.019994333203499776,0.00058899665408124191,1.2791152282055877e-07,7.0239540676983401e-06,7.1488517429983424e-07,0.017338389372900175,-0.015812215078502452,0.0183711634428026,-0.013699747015611042,0,0,-9.8066499999999994
1,3.7949999999999999,759,-0.0016752067292682034,-0.019994298344247499,0.00058900021104215012,1.2642796562375827e-07,6.9154414545473448e-06,7.0780257870812363e-07,0.017338354329829504,-0.015812192324932847,0.018371138838017362,-0.013699715706155625,0,0,-9.8066499999999994
1,3.8000000000000003,760,-0.0016752061002986934,-0.019994264024157386,0.00058900373279654908,1.2492322719426157e-07,6.8082914599398671e-06,7.0080231625927749e-07,0.017338319795716428,-0.015812169956336514,0.018371114633630968,-0.013699684861117481,0,0,-9.8066499999999994
1,3.8050000000000002,761,-0.0016752054789027681,-0.019994230236383439,0.00058900721975232713,1.2339877083446069e-07,6.7025170405169067e-06,6.9388288348935782e-07,0.017338285764356184,-0.015812147967567556,0.018371090824712548,-0.013699654474446491,0,0,-9.8066499999999994
1,3.8100000000000001,762,-0.0016752048651754755,-0.019994196974017917,0.00058901067230996773,1.2185600392779731e-07,6.5981299451088658e-06,6.8704282184382995e-07,0.017338252229497114,-0.015812126353424591,0.018371067406266244,-0.013699624540058497,0,0,-9.8066499999999994
1,3.8149999999999999,763,-0.0016752042592049615,-0.019994164230097297,0.00058901409086277294,1.2029628077896272e-07,6.495140739163997e-06,6.8028071733035313e-07,0.01733821918484553,-0.015812105108655786,0.018371044373236507,-0.013699595051839559,0,0,-9.8066499999999994
1,3.8200000000000003,764,-0.0016752036610727266,-0.01999413199760814,0.00058901747579708527,1.1872090538828892e-07,6.3935588284668543e-06,6.7359519995469957e-07,0.017338186624070509,-0.015812084227963787,0.018371021720513307,-0.013699566003650153,0,0,-9.8066499999999994
1,3.8250000000000002,765,-0.0016752030708538719,-0.019994100269492821,0.00058902082749250604,1.1713113419635117e-07,6.2933924839059379e-06,6.6698494311333115e-07,0.017338154540808524,-0.015812063706010571,0.018370999442937214,-0.013699537389329275,0,0,-9.8066499999999994
1,3.8300000000000001,766,-0.0016752024886173293,-0.019994069038655155,0.00058902414632211009,1.1552817872216382e-07,6.1946488660469552e-06,6.6044866270093615e-07,0.017338122928668032,-0.015812043537422212,0.018370977535304381,-0.013699509202698492,0,0,-9.8066499999999994
1,3.835,767,-0.0016752019144260801,-0.019994038297965873,0.00058902743265265621,1.1391320815772638e-07,6.0973340504483723e-06,6.5398511621656643e-07,0.017338091781233883,-0.015812023716793532,0.018370955992371398,-0.013699481437565861,0,0,-9.8066499999999994
1,3.8399999999999999,768,-0.0016752013483373603,-0.019994008040267987,0.00058903068684479246,1.1228735186035942e-07,6.0014530526714714e-06,6.4759310170991961e-07,0.017338061092071679,-0.015812004238692647,0.01837093480886004,-0.013699454087729816,0,0,-9.8066499999999994
1,3.8450000000000002,769,-0.0016752007904028538,-0.01999397825838203,0.00058903390925325622,1.1065170177789659e-07,5.9070098539219187e-06,6.4127145661676419e-07,0.017338030854731963,-0.015811985097665442,0.018370913979461844,-0.013699427146982935,0,0,-9.8066499999999994
1,3.8500000000000001,770,-0.001675200240668873,-0.01999394894511116,0.0005890371002270679,1.0900731472820749e-07,5.8140074265370725e-06,6.3501905653067582e-07,0.017338001062754387,-0.015811966288239915,0.018370893498842661,-0.013699400609115646,0,0,-9.8066499999999994
1,3.855,771,-0.0016751996991765299,-0.019993920093246145,0.00058904026010971858,1.0735521464171507e-07,5.7224477595287914e-06,6.2883481388996279e-07,0.017337971709671673,-0.015811947804930435,0.018370873361646976,-0.01369937446791984,0,0,-9.8066499999999994
1,3.8599999999999999,772,-0.0016751991659618942,-0.019993891695570209,0.00058904338923935074,1.0569639467420312e-07,5.6323318845618686e-06,6.2271767661459127e-07,0.017337942789013541,-0.015811929642241866,0.018370853562502211,-0.013699348717192406,0,0,-9.8066499999999994
1,3.8650000000000002,773,-0.001675198641056143,-0.019993863744863758,0.00058904648794893221,1.0403181918714824e-07,5.5436599017352916e-06,6.1666662668009791e-07,0.017337914294310482,-0.015811911794673627,0.01837083409602281,-0.01369932335073866,0,0,-9.8066499999999994
1,3.8700000000000001,774,-0.0016751981244856992,-0.019993836233908976,0.00058904955656642296,1.0236242565944533e-07,5.4564310054089751e-06,6.1068067866317993e-07,0.017337886219097477,-0.015811894256723604,0.018370814956814283,-0.013699298362375713,0,0,-9.8066499999999994
1,3.875,775,-0.0016751976162723619,-0.019993809155494282,0.00058905259541493411,1.0068912646697543e-07,5.3706435099965665e-06,6.0475887825356877e-07,0.017337858556917555,-0.015811877022891965,0.018370796139477084,-0.013699273745935747,0,0,-9.8066499999999994
1,3.8799999999999999,776,-0.001675197116433428,-0.019993782502418671,0.0005890556048128799,9.9012810550648483e-08,5.286294875879979e-06,5.9890030075303667e-07,0.017337831301325279,-0.015811860087684874,0.018370777638610367,-0.013699249495269183,0,0,-9.8066499999999994
1,3.8850000000000002,777,-0.0016751966249818043,-0.019993756267495916,0.00058905858507412201,9.7334344967484758e-08,5.2033817350776674e-06,5.9310404954292817e-07,0.017337804445890132,-0.015811843445618094,0.018370759448815648,-0.013699225604247802,0,0,-9.8066499999999994
1,3.8900000000000001,778,-0.0016751961419261144,-0.019993730443558646,0.00058906153650810605,9.5654576346957218e-08,5.1218999169570906e-06,5.8736925460879354e-07,0.017337777984199779,-0.015811827091220455,0.018370741564700338,-0.013699202066767731,0,0,-9.8066499999999994
1,3.895,779,-0.0016751956672707972,-0.019993705023462302,0.00058906445941999091,9.3974332210757102e-08,5.0418444738919067e-06,5.8169507101462751e-07,0.017337751909863246,-0.015811811019037249,0.018370723980881142,-0.013699178876752392,0,0,-9.8066499999999994
1,3.8999999999999999,780,-0.0016751952010161989,-0.019993680000088949,0.00058906735411077041,9.2294422192956343e-08,4.9632097063959773e-06,5.7608067741122462e-07,0.017337726216513999,-0.01581179522363348,0.018370706691987353,-0.013699156028155322,0,0,-9.8066499999999994
1,3.9050000000000002,781,-0.0016751947431586599,-0.019993655366350976,0.00058907022087738758,9.0615639159009084e-08,4.8859891888260355e-06,5.7052527459942094e-07,0.017337700897812895,-0.015811779699597021,0.018370689692664047,-0.01369913351496292,0,0,-9.8066499999999994
1,3.9100000000000001,782,-0.0016751942936905962,-0.019993631115194661,0.00058907306001284177,8.8938760201496991e-08,4.810175794425558e-06,5.6502808409214703e-07,0.017337675947451083,-0.015811764441541663,0.018370672977575116,-0.013699111331197122,0,0,-9.8066499999999994
1,3.915,783,-0.0016751938526005758,-0.019993607239603622,0.00058907587180628883,8.7264547543361066e-08,4.735761720000286e-06,5.595883467133436e-07,0.017337651359152759,-0.015811749444110044,0.018370656541406256,-0.013699089470917959,0,0,-9.8066499999999994
1,3.9199999999999999,784,-0.0016751934198733912,-0.019993583732602127,0.00058907865654313424,8.5593749311264592e-08,4.6627385109076445e-06,5.5420532127048002e-07,0.017337627126677857,-0.015811734701976467,0.018370640378867768,-0.013699067928226045,0,0,-9.8066499999999994
1,3.9250000000000003,785,-0.0016751929954901279,-0.019993560587258302,0.00058908141450511966,8.392710024836127e-08,4.5910970854929972e-06,5.4887828324582298e-07,0.017337603243824631,-0.015811720209849632,0.018370624484697329,-0.01369904669726499,0,0,-9.8066499999999994
1,3.9300000000000002,786,-0.00167519257942823,-0.019993537796687187,0.00058908414597040322,8.2265322310578916e-08,4.5208277596285141e-06,5.4360652355056424e-07,0.017337579704432143,-0.015811705962475213,0.018370608853662568,-0.013699025772223684,0,0,-9.8066499999999994
1,3.9350000000000001,787,-0.0016751921716615628,-0.01999351535405371,0.00058908685121363382,8.0609125161646743e-08,4.4519202704130875e-06,5.3838934733966572e-07,0.017337556502382657,-0.015811691954638395,0.018370593480563607,-0.013699005147338544,0,0,-9.8066499999999994
1,3.9399999999999999,788,-0.0016751917721604729,-0.019993493252575507,0.00058908953050601921,7.8959206591918223e-08,4.3843638001655016e-06,5.3322607285774861e-07,0.017337533631603948,-0.015811678181166241,0.018370578360235479,-0.013698984816895635,0,0,-9.8066499999999994
1,3.9450000000000003,789,-0.0016751913808918468,-0.019993471485525636,0.0005890921841153891,7.7316252845093549e-08,4.3181469998900962e-06,5.2811603040444605e-07,0.017337511086071507,-0.015811664636929994,0.018370563487550402,-0.013698964775232716,0,0,-9.8066499999999994
1,3.9500000000000002,790,-0.0016751909978191687,-0.019993450046235182,0.00058909481230625239,7.5680938890896378e-08,4.2532580125220511e-06,5.2305856131470349e-07,0.017337488859810672,-0.01581165131684726,0.018370548857420017,-0.013698945016741217,0,0,-9.8066499999999994
1,3.9550000000000001,791,-0.0016751906229025752,-0.01999342892809574,0.00058909741533985053,7.4053928564098598e-08,4.1896844958074749e-06,5.1805301700381757e-07,0.017337466946898649,-0.015811638215884084,0.018370534464797469,-0.013698925535868101,0,0,-9.8066499999999994
1,3.96,792,-0.0016751902560989118,-0.019993408124561782,0.0005890999934742054,7.2435874685487453e-08,4.1274136449759416e-06,5.130987581207085e-07,0.017337445341466473,-0.015811625329056958,0.018370520304679436,-0.013698906327117665,0,0,-9.8066499999999994
1,3.9650000000000003,793,-0.0016751898973617868,-0.019993387629152912,0.0005891025469641634,7.0827419102304468e-08,4.0664322150959877e-06,5.0819515372646581e-07,0.017337424037700847,-0.01581161265143468,0.018370506372108034,-0.013698887385053236,0,0,-9.8066499999999994
1,3.9700000000000002,794,-0.001675189546641627,-0.019993367435456013,0.00058910507606143572,6.9229192649714014e-08,4.0067265428951707e-06,5.0334158056283367e-07,0.017337403029845919,-0.015811600178140147,0.018370492662172642,-0.013698868704298801,0,0,-9.8066499999999994
1,3.9750000000000001,795,-0.0016751892038857331,-0.019993347537127285,0.00058910758101463512,6.7641815073962952e-08,3.9482825685900434e-06,4.9853742236991992e-07,0.017337382312204989,-0.01581158790435205,0.018370479170011628,-0.013698850279540539,0,0,-9.8066499999999994
1,3.98,796,-0.0016751888690383343,-0.019993327927894173,0.00058911006206930922,6.6065894892847216e-08,3.8910858570883393e-06,4.9378206930843011e-07,0.017337361879142071,-0.015811575825306467,0.018370465890813988,-0.013698832105528271,0,0,-9.8066499999999994
1,3.9849999999999999,797,-0.0016751885420406463,-0.019993308601557198,0.00058911251946797149,6.4502029207759742e-08,3.8351216189246087e-06,4.8907491738568022e-07,0.017337341725083461,-0.015811563936298369,0.018370452819820901,-0.013698814177076845,0,0,-9.8066499999999994
1,3.9900000000000002,798,-0.001675188222830928,-0.019993289551991662,0.00058911495345012892,6.2950803481212711e-08,3.780374730966381e-06,4.8441536801034685e-07,0.017337321844519145,-0.015811552232683029,0.018370439952327216,-0.013698796489067411,0,0,-9.8066499999999994
1,3.9950000000000001,799,-0.0016751879113445407,-0.019993270773149281,0.00058911736425230812,6.1412791261998969e-08,3.7268297565488612e-06,4.798028275610539e-07,0.017337302232004168,-0.015811540709877336,0.018370427283682805,-0.013698779036448644,0,0,-9.8066499999999994
1,4,800,-0.0016751876075140084,-0.019993252259059693,0.00058911975210807941,5.98885538969692e-08,3.6744709654564124e-06,4.752367070453722e-07,0.01733728288215992,-0.015811529363361047,0.018370414809293883,-0.013698761814237867,0,0,-9.8066499999999994
1,4.0049999999999999,801,-0.0016751873112690796,-0.019993234003831885,0.00058912211724807917,5.8378640191656359e-08,3.6232823534948819e-06,4.7071642182331704e-07,0.017337263789675338,-0.015811518188677928,0.018370402524624248,-0.013698744817522097,0,0,-9.8066499999999994
1,4.0099999999999998,802,-0.0016751870225367906,-0.019993216001655503,0.00058912445990003072,5.688358605824707e-08,3.5732476614539829e-06,4.6624139133852428e-07,0.017337244949308012,-0.015811507181436809,0.018370390425196399,-0.013698728041459029,0,0,-9.8066499999999994
1,4.0149999999999997,803,-0.0016751867412415314,-0.019993198246802096,0.00058912678028876463,5.5403914134876924e-08,3.5243503940573153e-06,4.6181103894913878e-07,0.017337226355885287,-0.015811496337312585,0.018370378506592636,-0.01369871148127793,0,0,-9.8066499999999994
1,4.0200000000000005,804,-0.0016751864673051127,-0.019993180733626232,0.00058912907863623769,5.3940133410552976e-08,3.4765738383286785e-06,4.5742479181510318e-07,0.017337208004305181,-0.015811485652047111,0.018370366764456029,-0.013698695132280449,0,0,-9.8066499999999994
1,4.0250000000000004,805,-0.0016751862006468353,-0.019993163456566557,0.00058913135516155176,5.2492738804773099e-08,3.4299010814641105e-06,4.5308208079837382e-07,0.017337189889537332,-0.015811475121450019,0.018370355194491379,-0.01369867898984138,0,0,-9.8066499999999994
1,4.0300000000000002,806,-0.0016751859411835613,-0.019993146410146743,0.00058913361008097222,5.1062210762691499e-08,3.3843150286603137e-06,4.4878234041453072e-07,0.017337172006623817,-0.015811464741399481,0.018370343792466052,-0.013698663049409325,0,0,-9.8066499999999994
1,4.0350000000000001,807,-0.0016751856888297877,-0.019993129588976352,0.00058913584360794616,4.9649014847804457e-08,3.3397984202322788e-06,4.4452500885895141e-07,0.017337154350679916,-0.015811454507842874,0.018370332554210774,-0.013698647306507297,0,0,-9.8066499999999994
1,4.04,808,-0.0016751854434977219,-0.019993112987751624,0.00058913805595312084,4.8253601313176726e-08,3.2963338483907817e-06,4.4030952802317274e-07,0.017337136916894817,-0.015811444416797375,0.018370321475620358,-0.013698631756733252,0,0,-9.8066499999999994
1,4.0449999999999999,809,-0.0016751852050973588,-0.019993096601256172,0.00058914024732436264,4.6876404695208219e-08,3.2539037741632963e-06,4.3613534361680069e-07,0.017337119700532214,-0.015811434464350516,0.01837031055265435,-0.013698616395760551,0,0,-9.8066499999999994
1,4.0499999999999998,810,-0.0016751849735365614,-0.019993080424361598,0.00058914241792677594,4.5517843409753218e-08,3.2124905430839472e-06,4.3200190522754035e-07,0.017337102696930919,-0.015811424646660608,0.01837029978133765,-0.013698601219338354,0,0,-9.8066499999999994
1,4.0549999999999997,811,-0.001675184748721141,-0.019993064452028034,0.00058914456796272318,4.41783193533263e-08,3.1720764008772771e-06,4.2790866650015808e-07,0.01733708590150531,-0.015811414959957172,0.018370289157761024,-0.013698586223291946,0,0,-9.8066499999999994
1,4.0600000000000005,812,-0.0016751845305549419,-0.019993048679304605,0.00058914669763184555,4.2858217512383305e-08,3.132643509001396e-06,4.2385508527337512e-07,0.017337069309745781,-0.01581140540054125,0.018370278678081588,-0.013698571403523001,0,0,-9.8066499999999994
1,4.0650000000000004,813,-0.0016751843189399265,-0.019993033101329796,0.00058914880713108436,4.1557905607636681e-08,3.0941739597517727e-06,4.1984062379412612e-07,0.017337052917219129,-0.01581139596478567,0.018370268338523222,-0.013698556756009773,0,0,-9.8066499999999994
1,4.0700000000000003,814,-0.0016751841137762624,-0.019993017713331784,0.00058915089665470338,4.0277733726321782e-08,3.05664979027235e-06,4.1586474890344178e-07,0.017337036719568839,-0.01581138664913526,0.018370258135376939,-0.013698542276807245,0,0,-9.8066499999999994
1,4.0750000000000002,815,-0.0016751839149624116,-0.019993002510628667,0.00058915296639431268,3.9018034001610186e-08,3.0200529974107425e-06,4.1192693227624386e-07,0.017337020712515343,-0.015811377450106984,0.018370248065001187,-0.013698527962047199,0,0,-9.8066499999999994
1,4.0800000000000001,816,-0.0016751837223952211,-0.019992987488628624,0.00058915501653889336,3.7779120303372581e-08,2.984365550764238e-06,4.0802665065621189e-07,0.01733700489185622,-0.015811368364290038,0.018370238123822092,-0.013698513807938222,0,0,-9.8066499999999994
1,4.085,817,-0.0016751835359700147,-0.019992972642830033,0.00058915704727482325,3.6561287945409724e-08,2.9495694068661648e-06,4.0416338609978582e-07,0.017336989253466321,-0.015811359388345873,0.018370228308333687,-0.013698499810765687,0,0,-9.8066499999999994
1,4.0899999999999999,818,-0.0016751833555806864,-0.019992957968821494,0.00058915905878590433,3.5364813433535632e-08,2.9156465217372704e-06,4.0033662623339526e-07,0.017336973793297853,-0.015811350519008182,0.018370218615098036,-0.013698485966891639,0,0,-9.8066499999999994
1,4.0949999999999998,819,-0.0016751831811197954,-0.019992943462281799,0.00058916105125339133,3.4189954231368713e-08,2.8825788636712328e-06,3.9654586452536273e-07,0.017336958507380405,-0.015811341753082818,0.018370209040745353,-0.013698472272754655,0,0,-9.8066499999999994
1,4.0999999999999996,820,-0.0016751830124786616,-0.019992929118979843,0.00058916302485602129,3.3036948559980976e-08,2.8503484252932791e-06,3.9279060053157275e-07,0.017336943391820916,-0.015811333087447664,0.018370199581974039,-0.013698458724869631,0,0,-9.8066499999999994
1,4.1050000000000004,821,-0.0016751828495474622,-0.01999291493477447,0.00058916497977004481,3.1906015223012297e-08,2.8189372359149708e-06,3.890703401767476e-07,0.017336928442803604,-0.015811324519052462,0.018370190235550716,-0.013698445319827534,0,0,-9.8066499999999994
1,4.1100000000000003,822,-0.0016751826922153292,-0.019992900905614269,0.00058916691616925875,3.079735347406759e-08,2.7883273729222434e-06,3.8538459599286906e-07,0.01733691365658984,-0.015811316044918613,0.018370180998310181,-0.013698432054295108,0,0,-9.8066499999999994
1,4.1150000000000002,823,-0.0016751825403704475,-0.019992887027537289,0.00058916883422503947,2.971114288986824e-08,2.7585009729567107e-06,3.8173288741793348e-07,0.01733689902951796,-0.015811307662138861,0.018370171867155314,-0.013698418925014501,0,0,-9.8066499999999994
1,4.1200000000000001,824,-0.0016751823939001535,-0.019992873296670731,0.00058917073410637852,2.8647543315220786e-08,2.7294402423005791e-06,3.7811474099636356e-07,0.01733688455800305,-0.015811299367877018,0.018370162839056976,-0.013698405928802882,0,0,-9.8066499999999994
1,4.125,825,-0.0016751822526910336,-0.019992859709230568,0.00058917261597991823,2.7606694812531845e-08,2.7011274681564808e-06,3.745296906588849e-07,0.01733687023853667,-0.015811291159367608,0.01837015391105383,-0.013698393062552003,0,0,-9.8066499999999994
1,4.1299999999999999,826,-0.0016751821166290236,-0.019992846261521112,0.00058917448000998969,2.6588717643305377e-08,2.6735450281713986e-06,3.7097727793754453e-07,0.017336856067686555,-0.015811283033915446,0.01837014508025216,-0.013698380323227706,0,0,-9.8066499999999994
1,4.1349999999999998,827,-0.0016751819855995076,-0.019992832949934543,0.00058917632635865111,2.5593712304162598e-08,2.6466754001192861e-06,3.674570521898422e-07,0.017336842042096234,-0.015811274988895233,0.018370136343825606,-0.013698367707869407,0,0,-9.8066499999999994
1,4.1399999999999997,828,-0.0016751818594874161,-0.019992819770950378,0.00058917815518572743,2.4621759573289537e-08,2.6205011716094587e-06,3.6396857080103678e-07,0.017336828158484661,-0.015811267021751067,0.018370127699014898,-0.013698355213589515,0,0,-9.8066499999999994
1,4.1450000000000005,829,-0.001675181738177325,-0.019992806721134907,0.00058917996664885103,2.3672920626031371e-08,2.5950050489391235e-06,3.6051139938838873e-07,0.017336814413645752,-0.015811259129995921,0.018370119143127542,-0.01369834283757285,0,0,-9.8066499999999994
1,4.1500000000000004,830,-0.0016751816215535532,-0.019992793797140571,0.00058918176090350322,2.2747237124608381e-08,2.5701698658731527e-06,3.5708511196813312e-07,0.017336800804447921,-0.015811251311211142,0.018370110673537481,-0.013698330577075998,0,0,-9.8066499999999994
1,4.1550000000000002,831,-0.0016751815095002595,-0.019992780995705305,0.00058918353810305686,2.1844731404987103e-08,2.5459785917382364e-06,3.5368929112272862e-07,0.017336787327833562,-0.015811243563045831,0.018370102287684681,-0.013698318429426629,0,0,-9.8066499999999994
1,4.1600000000000001,832,-0.0016751814019015392,-0.019992768313651842,0.00058918529839881943,2.096540664779208e-08,2.5224143400230873e-06,3.5032352814366575e-07,0.017336773980818503,-0.01581123588321625,0.018370093983074754,-0.013698306392022803,0,0,-9.8066499999999994
1,4.165,833,-0.0016751812986415188,-0.019992755747886976,0.00058918704194007676,2.0109247119667853e-08,2.4994603753915781e-06,3.469874231381366e-07,0.01733676076049142,-0.015811228269505186,0.018370085757278477,-0.013698294462332235,0,0,-9.8066499999999994
1,4.1699999999999999,834,-0.0016751811996044508,-0.019992743295400777,0.00058918876887413768,1.9276218401765339e-08,2.4771001213838295e-06,3.4368058515941517e-07,0.017336747664013205,-0.015811220719761283,0.018370077607931332,-0.013698282637891517,0,0,-9.8066499999999994
1,4.1749999999999998,835,-0.0016751811046748053,-0.019992730953265793,0.00058919047934637874,1.8466267683846134e-08,2.4553171675148166e-06,3.4040263230348679e-07,0.017336734688616344,-0.015811213231898338,0.018370069532733003,-0.013698270916305332,0,0,-9.8066499999999994
1,4.1799999999999997,836,-0.0016751810137373621,-0.019992718718636188,0.00058919217350028976,1.7679324072724806e-08,2.4340952759218417e-06,3.3715319174617505e-07,0.017336721831604212,-0.015811205803894585,0.018370061529446809,-0.013698259295245638,0,0,-9.8066499999999994
1,4.1850000000000005,837,-0.0016751809266773001,-0.019992706588746877,0.00058919385147751914,1.6915298934028831e-08,2.4134183874828689e-06,3.3393189981702329e-07,0.017336709090350375,-0.015811198433791945,0.018370053595899188,-0.013698247772450807,0,0,-9.8066499999999994
1,4.1900000000000004,838,-0.0016751808433802847,-0.019992694560912603,0.00058919551341791998,1.6174086254782032e-08,2.3932706282772015e-06,3.3073840202691943e-07,0.017336696462297841,-0.015811191119695252,0.018370045729979047,-0.013698236345724767,0,0,-9.8066499999999994
1,4.1950000000000003,839,-0.0016751807637325543,-0.019992682632527011,0.00058919715945959588,1.5455563028210369e-08,2.373636314972605e-06,3.2757235305489734e-07,0.017336683944958315,-0.015811183859771469,0.01837003792963721,-0.013698225012936119,0,0,-9.8066499999999994
1,4.2000000000000002,840,-0.0016751806876210034,-0.019992670801061672,0.00058919878973894685,1.4759589678255448e-08,2.3544999606505047e-06,3.2443341678093579e-07,0.017336671535911397,-0.015811176652248855,0.01837003019288572,-0.013698213772017204,0,0,-9.8066499999999994
1,4.2050000000000001,841,-0.0016751806149332656,-0.019992659064065089,0.00058920040439071504,1.4086010487744083e-08,2.3358462795590286e-06,3.2132126622118281e-07,0.017336659232803763,-0.015811169495416152,0.018370022517797215,-0.013698202620963188,0,0,-9.8066499999999994
1,4.21,842,-0.0016751805455577919,-0.019992647419161683,0.00058920200354803062,1.3434654064071967e-08,2.3176601925466538e-06,3.1823558350954399e-07,0.017336647033348349,-0.015811162387621723,0.018370014902504225,-0.013698191557831117,0,0,-9.8066499999999994
1,4.2149999999999999,843,-0.0016751804793839289,-0.019992635864050742,0.00058920358734245695,1.2805333809465325e-08,2.2999268313770608e-06,3.1517605980976905e-07,0.017336634935323465,-0.015811155327272664,0.018370007345198454,-0.013698180580738935,0,0,-9.8066499999999994
1,4.2199999999999998,844,-0.001675180416301993,-0.01999262439650536,0.00058920515590403576,1.2197848415308842e-08,2.2826315426995436e-06,3.1214239525216604e-07,0.017336622936571948,-0.01581114831283394,0.018369999844130076,-0.01369816968786452,0,0,-9.8066499999999994
1,4.2249999999999996,845,-0.0016751803562033427,-0.019992613014371354,0.00058920670936133161,1.1611982390681365e-08,2.265759892405023e-06,3.0913429884165724e-07,0.017336611035000237,-0.015811141342827469,0.018369992397606966,-0.013698158877444687,0,0,-9.8066499999999994
1,4.2300000000000004,846,-0.0016751802989804488,-0.019992601715566154,0.00058920824784147589,1.1047506577221203e-08,2.2492976694982783e-06,3.0615148833359558e-07,0.017336599228577478,-0.015811134415831204,0.018369985003993936,-0.013698148147774177,0,0,-9.8066499999999994
1,4.2350000000000003,847,-0.0016751802445269602,-0.019992590498077677,0.00058920977147021057,1.0504178694416028e-08,2.2332308890848221e-06,3.0319369008822409e-07,0.017336587515334585,-0.015811127530478201,0.018369977661711952,-0.013698137497204645,0,0,-9.8066499999999994
1,4.2400000000000002,848,-0.0016751801927377694,-0.019992579359963195,0.00058921128037193061,9.9817438930314061e-09,2.2175457960835031e-06,3.0026063897638875e-07,0.017336575893363286,-0.01581112068545569,0.018369970369237335,-0.013698126924143631,0,0,-9.8066499999999994
1,4.2450000000000001,849,-0.0016751801435090734,-0.019992568299348173,0.00058921277466972614,9.4799353208427036e-09,2.2022288678727866e-06,2.9735207815881414e-07,0.017336564360815172,-0.0158111138795041,0.01836996312510094,-0.013698116427053531,0,0,-9.8066499999999994
1,4.25,850,-0.001675180096738432,-0.019992557314425109,0.00058921425448542352,8.9984746969507274e-09,2.1872668170508377e-06,2.9446775896368954e-07,0.017336552915900721,-0.01581110711141611,0.018369955927887323,-0.013698106004450553,0,0,-9.8066499999999994
1,4.2549999999999999,851,-0.0016751800523248238,-0.019992546403452337,0.00058921571993962596,8.5370728916291033e-09,2.1726465939280026e-06,2.9160744069990399e-07,0.017336541556888307,-0.015811100380035668,0.018369948776233897,-0.013698095654903654,0,0,-9.8066499999999994
1,4.2599999999999998,852,-0.0016751800101686991,-0.019992535564752847,0.00058921717115175255,8.0954305100184416e-09,2.1583553884958657e-06,2.8877089043232102e-07,0.017336530282103205,-0.015811093684257014,0.018369941668830058,-0.013698085377033509,0,0,-9.8066499999999994
1,4.2649999999999997,853,-0.0016751799701720295,-0.019992524796713068,0.00058921860824007676,7.6732384935602304e-09,2.144380632629975e-06,2.8595788280217704e-07,0.017336519089926582,-0.015811087023023685,0.018369934604416334,-0.01369807516951143,0,0,-9.8066499999999994
1,4.2700000000000005,854,-0.0016751799322383548,-0.019992514097781668,0.00058922003132176376,7.2701787038181687e-09,2.1307100019150115e-06,2.8316819983554707e-07,0.017336507978794474,-0.015811080395327529,0.018369927581783477,-0.013698065031058318,0,0,-9.8066499999999994
1,4.2750000000000004,855,-0.0016751798962728272,-0.019992503466468321,0.00058922144051290687,6.885924523975641e-09,2.1173314167909857e-06,2.8040163067896904e-07,0.017336496947196779,-0.015811073800207697,0.018369920599771595,-0.013698054960443594,0,0,-9.8066499999999994
1,4.2800000000000002,856,-0.0016751798621822515,-0.019992492901342484,0.00058922283592856251,6.5201414587118201e-09,2.1042330440202065e-06,2.776579714049122e-07,0.017336485993676196,-0.015811067236749639,0.018369913657269216,-0.013698044956484133,0,0,-9.8066499999999994
1,4.2850000000000001,857,-0.0016751798298751241,-0.019992482401032165,0.00058922421768278419,6.1724877083901382e-09,2.0914032977621166e-06,2.7493702476137971e-07,0.017336475116827229,-0.015811060704084098,0.018369906753212394,-0.013698035018043198,0,0,-9.8066499999999994
1,4.29,858,-0.0016751797992616666,-0.019992471964222679,0.00058922558588865538,5.8426147880411523e-09,2.0788308400856413e-06,2.7223859993535387e-07,0.017336464315295095,-0.015811054201386104,0.018369899886583791,-0.013698025144029383,0,0,-9.8066499999999994
1,4.2949999999999999,859,-0.0016751797702538589,-0.019992461589655407,0.00058922694065832108,5.5301681013284772e-09,2.0665045821496668e-06,2.6956251232204647e-07,0.017336453587774716,-0.01581104772787395,0.018369893056411738,-0.013698015333395538,0,0,-9.8066499999999994
1,4.2999999999999998,860,-0.0016751797427654682,-0.019992451276126557,0.00058922828210301837,5.2347875249741588e-09,2.0544136841143053e-06,2.6690858326234224e-07,0.017336442933009649,-0.015811041282808181,0.018369886261769292,-0.013698005585137707,0,0,-9.8066499999999994
1,4.3049999999999997,861,-0.0016751797167120746,-0.019992441022485909,0.00058922961033310527,4.9561079779558612e-09,2.0425475555413055e-06,2.6427663980312003e-07,0.017336432349791046,-0.015811034865490591,0.018369879501773316,-0.013697995898294081,0,0,-9.8066499999999994
1,4.3100000000000005,862,-0.0016751796920110949,-0.01999243082763557,0.00058923092545808879,4.6937600055825337e-09,2.0308958553728324e-06,2.6166651444094481e-07,0.017336421836956585,-0.015811028475263188,0.018369872775583523,-0.013697986271943931,0,0,-9.8066499999999994
1,4.3150000000000004,863,-0.0016751796685818027,-0.019992420690528732,0.00058923222758665164,4.4473703361974896e-09,2.0194484922543371e-06,2.5907804489466406e-07,0.017336411393389432,-0.015811022111507204,0.018369866082401518,-0.013697976705206571,0,0,-9.8066499999999994
1,4.3200000000000003,864,-0.001675179646345347,-0.019992410610168421,0.00058923351682667747,4.2165624137516478e-09,2.0081956233531462e-06,2.5651107380964315e-07,0.017336401018017172,-0.015811015773642065,0.018369859421469858,-0.013697967197240292,0,0,-9.8066499999999994
1,4.3250000000000002,865,-0.001675179625224766,-0.019992400585606255,0.00058923479328527515,4.0009569557782769e-09,1.9971276545693955e-06,2.5396544854274435e-07,0.017336390709810773,-0.015811009461124396,0.018369852792071088,-0.013697957747241344,0,0,-9.8066499999999994
1,4.3300000000000001,866,-0.0016751796051450005,-0.019992390615941203,0.00058923605706880143,3.8001724852668194e-09,1.9862352394002101e-06,2.514410209014306e-07,0.017336380467783512,-0.015811003173447,0.018369846193526801,-0.013697948354442891,0,0,-9.8066499999999994
1,4.335,867,-0.0016751795860329025,-0.019992380700318346,0.00058923730828288278,3.6138258345282989e-09,1.9755092785171403e-06,2.4893764690794503e-07,0.017336370290989941,-0.015810996910137876,0.018369839625196643,-0.013697939018113987,0,0,-9.8066499999999994
1,4.3399999999999999,868,-0.0016751795678172437,-0.01999237083792765,0.00058923854703243569,3.4415326478208508e-09,1.9649409181780421e-06,2.4645518653552097e-07,0.017336360178524836,-0.015810990670759206,0.018369833086477393,-0.013697929737558559,0,0,-9.8066499999999994
1,4.3449999999999998,869,-0.001675179550428719,-0.019992361028002736,0.00058923977342168615,3.2829078830850899e-09,1.9545215495672294e-06,2.4399350349661844e-07,0.017336350129522164,-0.01581098445490637,0.01836982657680199,-0.013697920512114397,0,0,-9.8066499999999994
1,4.3500000000000005,870,-0.0016751795337999497,-0.019992351269819658,0.0005892409875541874,3.1375662766422397e-09,1.9442428070661502e-06,2.4155246497526297e-07,0.017336340143154032,-0.015810978262206961,0.018369820095638582,-0.013697911341152152,0,0,-9.8066499999999994
1,4.3550000000000004,871,-0.0016751795178654826,-0.019992341562695699,0.00058924218953283671,3.0051228088142163e-09,1.9340965672164455e-06,2.3913194141827291e-07,0.017336330218629667,-0.015810972092319804,0.01836981364248956,-0.013697902224074346,0,0,-9.8066499999999994
1,4.3600000000000003,872,-0.0016751795025617884,-0.019992331905988151,0.0005892433794598915,2.8851931382289682e-09,1.924074946879273e-06,2.3673180630886547e-07,0.017336320355194376,-0.015810965944933975,0.018369807216890608,-0.013697893160314386,0,0,-9.8066499999999994
1,4.3650000000000002,873,-0.0016751794878272564,-0.019992322299093129,0.00058924455743698367,2.7773940621631517e-09,1.9141703014256455e-06,2.3435193594723899e-07,0.017336310552128545,-0.015810959819767861,0.018369800818409783,-0.0136978841493356,0,0,-9.8066499999999994
1,4.3700000000000001,874,-0.0016751794736021889,-0.019992312741444373,0.00058924572356513312,2.6813438739753289e-09,1.9043752232817053e-06,2.3199220923468855e-07,0.017336300808746607,-0.015810953716568162,0.018369794446646517,-0.013697875190630258,0,0,-9.8066499999999994
1,4.375,875,-0.0016751794598287915,-0.019992303232512078,0.00058924687794476038,2.5966628075846259e-09,1.8946825394135062e-06,2.296525074708967e-07,0.017336291124396049,-0.015810947635108975,0.018369788101230734,-0.013697866283718642,0,0,-9.8066499999999994
1,4.3799999999999999,876,-0.0016751794464511635,-0.019992293771801721,0.00058924802067569792,2.5229733961120115e-09,1.8850853096302212e-06,2.2733271413496574e-07,0.017336281498456403,-0.015810941575190848,0.018369781781821869,-0.013697857428148089,0,0,-9.8066499999999994
1,4.3849999999999998,877,-0.0016751794334152847,-0.019992284358852898,0.00058924915185720099,2.4599008342729887e-09,1.8755768240295135e-06,2.2503271472892386e-07,0.017336271930338272,-0.015810935536639828,0.018369775488107976,-0.013697848623492076,0,0,-9.8066499999999994
1,4.3899999999999997,878,-0.0016751794206690018,-0.01999227499323819,0.0005892502715879567,2.407073320232898e-09,1.8661506010341925e-06,2.2275239656817971e-07,0.017336262419482353,-0.015810929519306568,0.018369769219804766,-0.013697839869349294,0,0,-9.8066499999999994
1,4.3950000000000005,879,-0.0016751794081620119,-0.019992265674562016,0.00058925137996609304,2.364122391866897e-09,1.8568003843588166e-06,2.2049164860231058e-07,0.017336252965358429,-0.015810923523065391,0.018369762976654727,-0.013697831165342749,0,0,-9.8066499999999994
1,4.4000000000000004,880,-0.0016751793958458458,-0.01999225640245952,0.00058925247708918648,2.3306832265867386e-09,1.84752014099901e-06,2.1825036125191313e-07,0.017336243567464472,-0.01581091754781341,0.018369756758426194,-0.013697822511118877,0,0,-9.8066499999999994
1,4.4050000000000002,881,-0.0016751793836738489,-0.019992247176595458,0.00058925356305426899,2.3063949340462302e-09,1.8383040585892642e-06,2.1602842624899832e-07,0.017336234225325643,-0.015810911593469625,0.018369750564912465,-0.013697813906346652,0,0,-9.8066499999999994
1,4.4100000000000001,882,-0.0016751793716011602,-0.019992237996663102,0.00058925463795783401,2.2909008321242972e-09,1.82914654269346e-06,2.1382573649808671e-07,0.017336224938493371,-0.015810905659974051,0.018369744395930882,-0.013697805350716734,0,0,-9.8066499999999994
1,4.415,883,-0.001675179359584691,-0.019992228862383159,0.00058925570189584213,2.283848708347485e-09,1.8200422134926738e-06,2.1164218591097289e-07,0.017336215706544429,-0.015810899747286847,0.018369738251321984,-0.013697796843940605,0,0,-9.8066499999999994
1,4.4199999999999999,884,-0.0016751793475831022,-0.019992219773502701,0.00058925675496372589,2.2848910513965446e-09,1.8109859036084546e-06,2.0947766926530804e-07,0.017336206529080016,-0.015810893855387462,0.018369732130948592,-0.013697788385749744,0,0,-9.8066499999999994
1,4.4249999999999998,885,-0.0016751793355567802,-0.019992210729794114,0.00058925779725639354,2.2936852772720281e-09,1.8019726544418736e-06,2.073320820944249e-07,0.017336197405724851,-0.01581088798427379,0.018369726034694979,-0.01369777997589478,0,0,-9.8066499999999994
1,4.4299999999999997,886,-0.0016751793234678115,-0.019992201731054059,0.00058925882886823257,2.309893943410856e-09,1.7929977135836803e-06,2.0520532055472043e-07,0.017336188336126278,-0.015810882133961347,0.018369719962466002,-0.013697771614144708,0,0,-9.8066499999999994
1,4.4350000000000005,887,-0.0016751793112799562,-0.019992192777102454,0.00058925984989311256,2.3331849201385321e-09,1.7840565320157407e-06,2.0309728131868457e-07,0.017336179319953415,-0.015810876304482451,0.018369713914186261,-0.013697763300286075,0,0,-9.8066499999999994
1,4.4400000000000004,888,-0.0016751792989586217,-0.019992183867781458,0.00058926086042438764,2.3632315806240804e-09,1.7751447598722089e-06,2.0100786147448768e-07,0.017336170356896243,-0.015810870495885414,0.018369707889799261,-0.013697755034122201,0,0,-9.8066499999999994
1,4.4450000000000003,889,-0.0016751792864708344,-0.019992175002954488,0.00058926186055489828,2.3997129549740334e-09,1.7662582443645965e-06,1.9893695841869507e-07,0.017336161446664788,-0.01581086470823375,0.0183697018892666,-0.013697746815472402,0,0,-9.8066499999999994
1,4.4500000000000002,890,-0.0016751792737852112,-0.019992166182505239,0.00058926285037697219,2.4423138689074839e-09,1.7573930258708285e-06,1.9688446976858813e-07,0.017336152588988275,-0.015810858941605412,0.018369695912567152,-0.013697738644171256,0,0,-9.8066499999999994
1,4.4550000000000001,891,-0.0016751792608719299,-0.019992157406336728,0.00058926382998242591,2.490725072289611e-09,1.7485453346811187e-06,1.9485029329100029e-07,0.017336143783614293,-0.015810853196092,0.018369689959696279,-0.013697730520067836,0,0,-9.8066499999999994
1,4.46,892,-0.0016751792477026999,-0.019992148674370356,0.00058926479946256477,2.5446433420729481e-09,1.7397115876706172e-06,1.9283432681410204e-07,0.017336135030307998,-0.015810847471798051,0.018369684030665048,-0.013697722443025006,0,0,-9.8066499999999994
1,4.4649999999999999,893,-0.0016751792342507307,-0.019992139986544973,0.00058926575890818342,2.6037716020564211e-09,1.7308883850969407e-06,1.9083646817330491e-07,0.017336126328851301,-0.015810841768840265,0.018369678125499438,-0.013697714412918702,0,0,-9.8066499999999994
1,4.4699999999999998,894,-0.0016751792204907025,-0.019992131342815984,0.00058926670840956557,2.6678189814455155e-09,1.7220725069506496e-06,1.8885661514411957e-07,0.017336117679042098,-0.015810836087346802,0.018369672244239611,-0.013697706429637231,0,0,-9.8066499999999994
1,4.4750000000000005,895,-0.0016751792063987336,-0.019992122743154449,0.00058926764805648335,2.7365009134063016e-09,1.7132609091428326e-06,1.8689466538145391e-07,0.017336109080693499,-0.015810830427456575,0.018369666386939144,-0.013697698493080595,0,0,-9.8066499999999994
1,4.4800000000000004,896,-0.0016751791919523496,-0.019992114187546216,0.00058926857793819708,2.8095391647906006e-09,1.7044507206891715e-06,1.8495051639544161e-07,0.017336100533633068,-0.015810824789318556,0.018369660553664312,-0.013697690603159823,0,0,-9.8066499999999994
1,4.4850000000000003,897,-0.0016751791771304509,-0.019992105675991061,0.00058926949814345391,2.8866618996556433e-09,1.6956392393155658e-06,1.830240654819081e-07,0.017336092037702085,-0.01581081917309109,0.018369654744493352,-0.013697682759796312,0,0,-9.8066499999999994
1,4.4900000000000002,898,-0.0016751791619132816,-0.019992097208501862,0.00058927040876048697,2.9676037110239009e-09,1.6868239287101762e-06,1.811152097037198e-07,0.017336083592754833,-0.015810813578941253,0.018369648959515785,-0.013697674962921203,0,0,-9.8066499999999994
1,4.4950000000000001,899,-0.0016751791462823961,-0.019992088785103765,0.00058927130987701407,3.0521056350303561e-09,1.6780024142857624e-06,1.7922384586769154e-07,0.017336075198657871,-0.015810808007044166,0.018369643198831699,-0.013697667212474741,0,0,-9.8066499999999994
1,4.5,900,-0.0016751791302206281,-0.019992080405833394,0.00058927220158023618,3.139915178676588e-09,1.6691724797422591e-06,1.7734987046380066e-07,0.017336066855289357,-0.015810802457582408,0.018369637462551085,-0.013697659508405678,0,0,-9.8066499999999994
1,4.5049999999999999,901,-0.0016751791137120571,-0.019992072070738068,0.00058927308395683624,3.2307863105158274e-09,1.6603320638605742e-06,1.7549317970941083e-07,0.017336058562538358,-0.015810796930745358,0.018369631750793185,-0.013697651850670678,0,0,-9.8066499999999994
1,4.5099999999999998,902,-0.0016751790967419768,-0.019992063779875033,0.00058927395709297732,3.324479449303348e-09,1.6514792563045718e-06,1.7365366946777057e-07,0.017336050320304192,-0.015810791426728612,0.018369626063685821,-0.013697644239233737,0,0,-9.8066499999999994
1,4.5149999999999997,903,-0.0016751790792968626,-0.019992055533310717,0.00058927482107430087,3.4207614611670116e-09,1.6426122940539859e-06,1.7183123528722231e-07,0.017336042128495783,-0.015810785945733385,0.018369620401364781,-0.013697636674065613,0,0,-9.8066499999999994
1,4.5200000000000005,904,-0.0016751790613643398,-0.019992047331119995,0.00058927567598592544,3.5194056121105874e-09,1.6337295581394523e-06,1.7002577234964285e-07,0.01733603398703101,-0.015810780487965938,0.018369614763973193,-0.01369762915514328,0,0,-9.8066499999999994
1,4.5250000000000004,905,-0.0016751790429331511,-0.019992039173385493,0.00058927652191244448,3.6201915588259718e-09,1.624829569581964e-06,1.6823717552291799e-07,0.017336025895836112,-0.015810775053637035,0.018369609151660932,-0.013697621682449399,0,0,-9.8066499999999994
1,4.5300000000000002,906,-0.0016751790239931254,-0.01999203106019689,0.00058927735893792499,3.7229052910231883e-09,1.6159109859040266e-06,1.6646533931134238e-07,0.017336017854845075,-0.015810769642961367,0.01836960356458402,-0.013697614255971791,0,0,-9.8066499999999994
1,4.5350000000000001,907,-0.0016751790045351452,-0.019992022991650236,0.00058927818714590548,3.827339092581026e-09,1.6069725974541329e-06,1.6471015789318132e-07,0.017336009863999042,-0.015810764256157048,0.018369598002904053,-0.013697606875702926,0,0,-9.8066499999999994
1,4.54,908,-0.0016751789845511169,-0.019992014967847308,0.00058927900661939487,3.9332914834001633e-09,1.5980133239720221e-06,1.6297152511238765e-07,0.01733600192324574,-0.015810758893445097,0.018369592466787651,-0.013697599541639436,0,0,-9.8066499999999994
1,4.5449999999999999,909,-0.0016751789640339382,-0.019992006988894973,0.00058927981744087015,4.040567157409509e-09,1.5890322105387459e-06,1.6124933449359197e-07,0.017335994032538941,-0.015810753555048924,0.018369586956405899,-0.01369759225378164,0,0,-9.8066499999999994
1,4.5499999999999998,910,-0.0016751789429774683,-0.01999199905490456,0.00058928061969227533,4.1489769088732207e-09,1.5800284240432818e-06,1.5954347924326752e-07,0.01733598619183789,-0.015810748241193866,0.018369581471933842,-0.013697585012133072,0,0,-9.8066499999999994
1,4.5549999999999997,911,-0.0016751789213764971,-0.019991991165991273,0.00058928141345501966,4.2583375790761596e-09,1.5710012500524724e-06,1.5785385228385133e-07,0.017335978401106816,-0.015810742952106712,0.018369576013549958,-0.013697577816700047,0,0,-9.8066499999999994
1,4.5600000000000005,912,-0.0016751788992267155,-0.019991983322273595,0.00058928219880997629,4.3684719717263832e-09,1.5619500886731735e-06,1.5618034626972276e-07,0.017335970660314396,-0.015810737688015223,0.018369570581435648,-0.013697570667491202,0,0,-9.8066499999999994
1,4.5650000000000004,913,-0.0016751788765246856,-0.019991975523872729,0.00058928297583748113,4.4792087723951784e-09,1.5528744515140763e-06,1.5452285358807564e-07,0.017335962969433252,-0.01581073244914773,0.018369565175774764,-0.013697563564517092,0,0,-9.8066499999999994
1,4.5700000000000003,914,-0.0016751788532678115,-0.019991967770912049,0.00058928374461733124,4.5903824611536864e-09,1.5437739576364731e-06,1.5288126639473166e-07,0.017335955328439501,-0.015810727235732673,0.01836955979675315,-0.013697556507789777,0,0,-9.8066499999999994
1,4.5750000000000002,915,-0.0016751788294543108,-0.019991960063516577,0.00058928450522878408,4.7018332312817253e-09,1.5346483303853683e-06,1.5125547662753738e-07,0.017335947737312257,-0.015810722047998226,0.018369554444558164,-0.013697549497322426,0,0,-9.8066499999999994
1,4.5800000000000001,916,-0.0016751788050831859,-0.019991952401812459,0.00058928525775055608,4.8134068964044672e-09,1.5254973935605054e-06,1.4964537602247417e-07,0.017335940196033201,-0.015810716886171854,0.018369549119378253,-0.013697542533128932,0,0,-9.8066499999999994
1,4.585,917,-0.0016751787801541961,-0.019991944785926478,0.00058928600226082213,4.9249548061810558e-09,1.5163210682186772e-06,1.4805085615345292e-07,0.017335932704586138,-0.015810711750479961,0.018369543821402518,-0.013697535615223553,0,0,-9.8066499999999994
1,4.5899999999999999,918,-0.0016751787546678304,-0.019991937215985581,0.00058928673883721456,5.0363337429500481e-09,1.5071193692550749e-06,1.4647180844486695e-07,0.017335925262956568,-0.015810706641147525,0.018369538550820321,-0.013697528743620555,0,0,-9.8066499999999994
1,4.5949999999999998,919,-0.0016751787286252808,-0.019991929692116411,0.00058928746755682233,5.1474058270221717e-09,1.4978924018239599e-06,1.4490812419337981e-07,0.017335917871131288,-0.015810701558397717,0.018369533307820863,-0.013697521918333863,0,0,-9.8066499999999994
1,4.6000000000000005,920,-0.001675178702028415,-0.019991922214444863,0.00058928818849619086,5.2580384228314609e-09,1.4886403579832119e-06,1.4335969458723488e-07,0.017335910529098005,-0.015810696502451576,0.018369528092592825,-0.013697515139376738,0,0,-9.8066499999999994
1,4.6050000000000004,921,-0.0016751786748797515,-0.019991914783095664,0.00058928890173132122,5.3681040461990974e-09,1.4793635135330182e-06,1.4182641075120464e-07,0.017335903236844932,-0.015810691473527677,0.018369522905323978,-0.013697508406761467,0,0,-9.8066499999999994
1,4.6100000000000003,922,-0.0016751786471824333,-0.019991907398191962,0.00058928960733766985,5.4774802543343992e-09,1.4700622245446355e-06,1.4030816375189833e-07,0.017335895994360452,-0.015810686471841816,0.01836951774620085,-0.013697501720499059,0,0,-9.8066499999999994
1,4.6150000000000002,923,-0.0016751786189402034,-0.019991900059854923,0.00058929030539014863,5.5860495396190153e-09,1.4607369242767368e-06,1.3880484463333635e-07,0.01733588880163275,-0.015810681497606713,0.018369512615408364,-0.013697495080598933,0,0,-9.8066499999999994
1,4.6200000000000001,924,-0.0016751785901573798,-0.01999189276820337,0.00058929099596312449,5.6936992553099061e-09,1.4513881197102365e-06,1.3731634444024319e-07,0.017335881658649476,-0.015810676551031709,0.018369507513129529,-0.013697488487068676,0,0,-9.8066499999999994
1,4.625,925,-0.0016751785608388324,-0.019991885523353407,0.00058929167913041969,5.8003214949855159e-09,1.4420163886437369e-06,1.3584255423023645e-07,0.017335874565397438,-0.015810671632322509,0.018369502439545118,-0.013697481939913748,0,0,-9.8066499999999994
1,4.6299999999999999,926,-0.0016751785309899584,-0.019991878325418082,0.00058929235496531197,5.9058130020668175e-09,1.4326223763644284e-06,1.3438336510006743e-07,0.017335867521862267,-0.015810666741680912,0.018369497394833362,-0.013697475439137245,0,0,-9.8066499999999994
1,4.6349999999999998,927,-0.0016751785006166601,-0.019991871174507056,0.0005892930235405346,6.010075063410758e-09,1.4232067925126653e-06,1.3293866822366959e-07,0.017335860528028137,-0.01581066187930456,0.018369492379169676,-0.013697468984739645,0,0,-9.8066499999999994
1,4.6399999999999997,928,-0.0016751784697253225,-0.019991864070726281,0.00058929368492827681,6.1130134185451776e-09,1.4137704083047404e-06,1.3150835484628258e-07,0.017335853583877476,-0.015810657045386693,0.018369487392726369,-0.013697462576718587,0,0,-9.8066499999999994
1,4.6450000000000005,929,-0.0016751784383227902,-0.019991857014177706,0.00058929433920018462,6.2145381525310475e-09,1.40431405335945e-06,1.300923163456881e-07,0.017335846689390703,-0.015810652240115932,0.018369482435672397,-0.013697456215068644,0,0,-9.8066499999999994
1,4.6500000000000004,930,-0.0016751784064163477,-0.019991850004958997,0.00058929498642736099,6.3145636033852677e-09,1.3948386128679316e-06,1.2869044420929815e-07,0.017335839844545942,-0.01581064746367607,0.018369477508173106,-0.013697449899781127,0,0,-9.8066499999999994
1,4.6550000000000002,931,-0.0016751783740136966,-0.01999184304316326,0.00058929562668036688,6.41300827074334e-09,1.3853450243290454e-06,1.2730263007079535e-07,0.017335833049318822,-0.015810642716245861,0.018369472610389993,-0.013697443630843876,0,0,-9.8066499999999994
1,4.6600000000000001,932,-0.0016751783411229361,-0.019991836128878785,0.00058929626002922157,6.5097947236318734e-09,1.3758342747882404e-06,1.2592876572824527e-07,0.017335826303682196,-0.015810637997998828,0.018369467742480491,-0.013697437408241081,0,0,-9.8066499999999994
1,4.665,933,-0.0016751783077525427,-0.019991829262188811,0.00058929688654340401,6.6048494895158276e-09,1.3663073987040909e-06,1.2456874317947072e-07,0.017335819607605951,-0.015810633309103095,0.018369462904597744,-0.013697431231953111,0,0,-9.8066499999999994
1,4.6699999999999999,934,-0.0016751782739113502,-0.019991822443171298,0.00058929750629185351,6.6981029829899046e-09,1.3567654741213057e-06,1.2322245460772252e-07,0.017335812961056792,-0.015810628649721221,0.018369458096890418,-0.013697425101956347,0,0,-9.8066499999999994
1,4.6749999999999998,935,-0.0016751782396085314,-0.019991815671898699,0.00058929811934297087,6.7894894043632778e-09,1.3472096208952303e-06,1.218897924238943e-07,0.017335806363998028,-0.015810624020010013,0.018369453319502498,-0.013697419018223019,0,0,-9.8066499999999994
1,4.6799999999999997,936,-0.0016751782048535782,-0.01999180894843778,0.00058929872576461955,6.87894664921243e-09,1.3376409974862296e-06,1.205706492605324e-07,0.017335799816389406,-0.015810619420120429,0.018369448572573121,-0.013697412980721078,0,0,-9.8066499999999994
1,4.6850000000000005,937,-0.0016751781696562841,-0.01999180227284942,0.00058929932562412678,6.966416229251806e-09,1.3280607985357663e-06,1.1926491800156889e-07,0.01733579331818693,-0.015810614850197406,0.018369443856236414,-0.013697406989414056,0,0,-9.8066499999999994
1,4.6900000000000004,938,-0.0016751781340267264,-0.019991795645188437,0.00058929991898828483,7.0518431815051528e-09,1.3184702523074567e-06,1.1797249178198135e-07,0.01733578686934268,-0.015810610310379745,0.018369439170621317,-0.01369740104426094,0,0,-9.8066499999999994
1,4.6950000000000003,939,-0.0016751780979752484,-0.019991789065503435,0.00058930050592335222,7.1351759787803131e-09,1.3088706179287368e-06,1.1669326400178841e-07,0.01733578046980469,-0.015810605800800001,0.018369434515851452,-0.013697395145216061,0,0,-9.8066499999999994
1,4.7000000000000002,940,-0.0016751780615124427,-0.019991782533836645,0.00058930108649505534,7.2163664662449397e-09,1.2992631835906449e-06,1.1542712835960459e-07,0.017335774119516777,-0.015810601321584378,0.018369429892044986,-0.013697389292228992,0,0,-9.8066499999999994
1,4.7050000000000001,941,-0.0016751780246491346,-0.01999177605022379,0.00058930166076858967,7.2953697587395616e-09,1.289649263658894e-06,1.1417397883307456e-07,0.017335767818418418,-0.015810596872852623,0.018369425299314509,-0.013697383485244449,0,0,-9.8066499999999994
1,4.71,942,-0.0016751779873963653,-0.019991769614693962,0.00058930222880862135,7.3721441684834337e-09,1.2800301964421117e-06,1.129337097034665e-07,0.017335761566444629,-0.01581059245471796,0.018369420737766911,-0.013697377724202205,0,0,-9.8066499999999994
1,4.7149999999999999,943,-0.0016751779497653772,-0.019991763227269508,0.00058930279067928863,7.4466511440982112e-09,1.2704073416790691e-06,1.117062155535448e-07,0.017335755363525853,-0.015810588067286989,0.018369416207503278,-0.013697372009037014,0,0,-9.8066499999999994
1,4.7199999999999998,944,-0.0016751779117675971,-0.019991756887965922,0.00058930334644420363,7.5188551765683286e-09,1.2607820788271989e-06,1.1049139128744371e-07,0.017335749209587855,-0.015810583710659645,0.018369411708618798,-0.013697366339678545,0,0,-9.8066499999999994
1,4.7250000000000005,945,-0.0016751778734146227,-0.019991750596791764,0.00058930389616645366,7.5887237175047471e-09,1.25115580454586e-06,1.0928913212867784e-07,0.017335743104551625,-0.015810579384929122,0.01836940724120268,-0.013697360716051312,0,0,-9.8066499999999994
1,4.7300000000000004,946,-0.0016751778347182064,-0.019991744353748564,0.00058930443990860306,7.6562271325702255e-09,1.2415299306559212e-06,1.0809933363307185e-07,0.017335737048333303,-0.015810575090181814,0.018369402805338064,-0.013697355138074635,0,0,-9.8066499999999994
1,4.7350000000000003,947,-0.0016751777956902421,-0.019991738158830763,0.00058930497773269463,7.7213386119223234e-09,1.2319058819819266e-06,1.0692189168931385e-07,0.017335731040844092,-0.015810570826497311,0.018369398401101959,-0.013697349605662587,0,0,-9.8066499999999994
1,4.7400000000000002,948,-0.0016751777563427509,-0.019991732012025649,0.00058930550970025166,7.7840341105723225e-09,1.2222850947537171e-06,1.0575670252337797e-07,0.017335725081990203,-0.015810566593948323,0.018369394028565186,-0.01369734411872396,0,0,-9.8066499999999994
1,4.7450000000000001,949,-0.0016751777166878672,-0.019991725913313309,0.00058930603587227927,7.8442922806690698e-09,1.2126690138775964e-06,1.0460366271039688e-07,0.017335719171672787,-0.015810562392600678,0.018369389687792316,-0.013697338677162234,0,0,-9.8066499999999994
1,4.75,950,-0.0016751776767378252,-0.019991719862666579,0.00058930655630926628,7.9020943897627206e-09,1.2030590916505623e-06,1.0346266916588122e-07,0.017335713309787889,-0.015810558222513298,0.018369385378841634,-0.013697333280875561,0,0,-9.8066499999999994
1,4.7549999999999999,951,-0.001675177636504947,-0.019991713860051025,0.0005893070710711872,7.9574242654237339e-09,1.1934567859598566e-06,1.0233361916440686e-07,0.017335707496226406,-0.015810554083738191,0.018369381101765097,-0.013697327929756746,0,0,-9.8066499999999994
1,4.7599999999999998,952,-0.0016751775960016288,-0.019991707905424913,0.00058930758021750367,8.0102682416422007e-09,1.1838635581897281e-06,1.0121641033229418e-07,0.017335701730874054,-0.015810549976320448,0.018369376856608319,-0.013697322623693243,0,0,-9.8066499999999994
1,4.7649999999999997,953,-0.0016751775552403295,-0.019991701998739193,0.00058930808380716626,8.0606150856753228e-09,1.1742808714925769e-06,1.0011094064899896e-07,0.017335696013611342,-0.015810545900298238,0.018369372643410518,-0.013697317362567149,0,0,-9.8066499999999994
1,4.7700000000000005,954,-0.0016751775142335576,-0.019991696139937502,0.0005893085818986164,8.1084559342416248e-09,1.1647101893571994e-06,9.9017108446716257e-08,0.017335690344313551,-0.015810541855702829,0.018369368462204546,-0.013697312146255212,0,0,-9.8066499999999994
1,4.7750000000000004,955,-0.0016751774729938604,-0.019991690328956164,0.00058930907454978821,8.153784238489664e-09,1.155152973748988e-06,9.7934812431604079e-08,0.017335684722850717,-0.015810537842558602,0.018369364313016837,-0.013697306974628851,0,0,-9.8066499999999994
1,4.7800000000000002,956,-0.0016751774315338123,-0.019991684565724192,0.00058930956181811004,8.1965957002876164e-09,1.1456106837243519e-06,9.6863951659426817e-08,0.017335679149087645,-0.015810533860883068,0.018369360195867445,-0.013697301847554163,0,0,-9.8066499999999994
1,4.7850000000000001,957,-0.0016751773898660038,-0.019991678850163324,0.00058931004376050651,8.2368882231052261e-09,1.1360847737840642e-06,9.5804425558344328e-08,0.017335673622883879,-0.015810529910686912,0.018369356110770022,-0.013697296764891951,0,0,-9.8066499999999994
1,4.79,958,-0.0016751773480030304,-0.019991673182188033,0.00058931052043340027,8.2746618442022731e-09,1.1265766923704978e-06,9.4756133911878267e-08,0.017335668144093746,-0.015810525991974012,0.018369352057731849,-0.013697291726497758,0,0,-9.8066499999999994
1,4.7949999999999999,959,-0.0016751773059574819,-0.019991667561705572,0.00058931099189271391,8.3099186815047744e-09,1.1170878806902949e-06,9.3718976882129611e-08,0.017335662712566341,-0.015810522104741494,0.01836934803675384,-0.013697286732221897,0,0,-9.8066499999999994
1,4.7999999999999998,960,-0.0016751772637419329,-0.019991661988616006,0.00058931145819387165,8.3426628776199427e-09,1.1076197711009479e-06,9.2692854986479301e-08,0.017335657328145571,-0.015810518248979766,0.018369344047830576,-0.013697281781909496,0,0,-9.8066499999999994
1,4.8049999999999997,961,-0.0016751772213689322,-0.019991656462812268,0.0005893119193918011,8.3729005407991432e-09,1.0981737859063015e-06,9.1677669111112286e-08,0.017335651990670158,-0.01581051442467258,0.018369340090950335,-0.013697276875400542,0,0,-9.8066499999999994
1,4.8100000000000005,962,-0.0016751771788509932,-0.019991650984180199,0.00058931237554093552,8.4006397061203221e-09,1.0887513357673856e-06,9.0673320505632417e-08,0.017335646699973683,-0.015810510631797083,0.01836933616609512,-0.013697272012529923,0,0,-9.8066499999999994
1,4.8150000000000004,963,-0.0016751771362005841,-0.019991645552598625,0.00058931282669521504,8.4258902648152343e-09,1.0793538192130369e-06,8.9679710810349459e-08,0.017335641455884634,-0.015810506870323884,0.018369332273240696,-0.013697267193127499,0,0,-9.8066499999999994
1,4.8200000000000003,964,-0.0016751770934301197,-0.01999164016793941,0.00058931327290808909,8.4486639195386352e-09,1.0699826206748078e-06,8.869674201217379e-08,0.017335636258226424,-0.015810503140217116,0.018369328412356657,-0.013697262417018156,0,0,-9.8066499999999994
1,4.8250000000000002,965,-0.0016751770505519514,-0.019991634830067533,0.00058931371423251791,8.4689741258081092e-09,1.0606391101073107e-06,8.7724316488952092e-08,0.017335631106817458,-0.015810499441434509,0.018369324583406461,-0.013697257684021866,0,0,-9.8066499999999994
1,4.8300000000000001,966,-0.0016751770075783595,-0.019991629538841163,0.00058931415072097462,8.4868360410738957e-09,1.0513246413956689e-06,8.676233698127386e-08,0.017335626001471181,-0.015810495773927465,0.018369320786347471,-0.013697252993953753,0,0,-9.8066499999999994
1,4.835,967,-0.001675176964521544,-0.019991624294111741,0.00058931458242544692,8.5022664856151947e-09,1.0420405514401922e-06,8.5810706608273489e-08,0.01733562094199613,-0.015810492137641137,0.018369317021131055,-0.013697248346624178,0,0,-9.8066499999999994
1,4.8399999999999999,968,-0.0016751769213936168,-0.01999161909572407,0.00058931500939743908,8.5152838656998144e-09,1.032788159357421e-06,8.4869328866919682e-08,0.017335615928195994,-0.015810488532514509,0.01836931328770261,-0.0136972437418388,0,0,-9.8066499999999994
1,4.8449999999999998,969,-0.001675176878206594,-0.019991613943516399,0.00058931543168797387,8.5259081464341313e-09,1.0235687656590153e-06,8.3938107638350073e-08,0.017335610959869692,-0.015810484958480496,0.01836930958600164,-0.013697239179398664,0,0,-9.8066499999999994
1,4.8500000000000005,970,-0.0016751768349723881,-0.019991608837320526,0.00058931584934759419,8.53416079374338e-09,1.0143836507599505e-06,8.3016947178011903e-08,0.017335606036811422,-0.01581048141546601,0.018369305915961844,-0.013697234659100284,0,0,-9.8066499999999994
1,4.8550000000000004,971,-0.0016751767917028005,-0.019991603776961898,0.00058931626242636546,8.540064713395323e-09,1.0052340747829759e-06,8.2105752127902737e-08,0.017335601158810741,-0.01581047790339208,0.018369302277511171,-0.013697230180735716,0,0,-9.8066499999999994
1,4.8600000000000003,972,-0.0016751767484095147,-0.019991598762259716,0.00058931667097387704,8.543644225630538e-09,9.961212765159612e-07,8.1204427530693039e-08,0.017335596325652673,-0.015810474422173936,0.018369298670571913,-0.013697225744092673,0,0,-9.8066499999999994
1,4.8650000000000002,973,-0.0016751767051040891,-0.019991593793027038,0.00058931707503924468,8.5449249804377433e-09,9.8704647276312232e-07,8.0312878803989439e-08,0.01733559153711773,-0.015810470971721099,0.018369295095060783,-0.013697221348954586,0,0,-9.8066499999999994
1,4.8700000000000001,974,-0.0016751766617979507,-0.0199915888690709,0.0005893174746711121,8.5439339401319949e-09,9.7801085756344049e-07,7.9431011770948377e-08,0.017335586792982041,-0.015810467551937508,0.018369291550888997,-0.013697216995100726,0,0,-9.8066499999999994
1,4.875,975,-0.0016751766185023882,-0.019991583990192421,0.00058931786991765311,8.5406993136731932e-09,9.6901560142866782e-07,7.8558732642893629e-08,0.017335582093017426,-0.015810464162721607,0.01836928803796237,-0.013697212682306279,0,0,-9.8066499999999994
1,4.8799999999999999,976,-0.0016751765752285469,-0.01999157915618693,0.00058931826082657358,8.5352505100913591e-09,9.6006185093265614e-07,7.7695948035262623e-08,0.017335577436991479,-0.015810460803966451,0.018369284556181385,-0.013697208410342452,0,0,-9.8066499999999994
1,4.8849999999999998,977,-0.0016751765319874216,-0.019991574366844081,0.00058931864744511361,8.527618081070967e-09,9.5115072814816934e-07,7.6842564979517703e-08,0.017335572824667661,-0.015810457475559824,0.018369281105441327,-0.013697204178976583,0,0,-9.8066499999999994
1,4.8899999999999997,978,-0.0016751764887898515,-0.019991569621947983,0.00058931902982004925,8.5178336897951527e-09,9.4228332980000446e-07,7.5998490894761051e-08,0.0173355682558054,-0.015810454177384355,0.018369277685632339,-0.01369719998797223,0,0,-9.8066499999999994
1,4.8950000000000005,979,-0.0016751764456465154,-0.019991564921277329,0.00058931940799769481,8.505930048284431e-09,9.3346072712413605e-07,7.5163633638015235e-08,0.017335563730160188,-0.015810450909317621,0.018369274296639548,-0.013697195837089289,0,0,-9.8066499999999994
1,4.9000000000000004,980,-0.0016751764025679254,-0.019991560264605513,0.00058931978202390498,8.4919408733335088e-09,9.2468396519212537e-07,7.4337901480723648e-08,0.017335559247483676,-0.015810447671232263,0.018369270938343153,-0.013697191726084091,0,0,-9.8066499999999994
1,4.9050000000000002,981,-0.0016751763595644229,-0.019991555651700778,0.00058932015194407684,8.4759008418122602e-09,9.159540626978551e-07,7.3521203124787258e-08,0.01733555480752377,-0.015810444462996117,0.018369267610618533,-0.013697187654709514,0,0,-9.8066499999999994
1,4.9100000000000001,982,-0.0016751763166461739,-0.019991551082326333,0.00058932051780315208,8.4578455391315167e-09,9.0727201116778514e-07,7.2713447694983285e-08,0.017335550410024742,-0.015810441284472315,0.018369264313336346,-0.013697183622715091,0,0,-9.8066499999999994
1,4.915,983,-0.0016751762738231638,-0.019991546556240501,0.00058932087964561899,8.4378114017320189e-09,8.9863877514763182e-07,7.1914544754256984e-08,0.017335546054727334,-0.015810438135519415,0.018369261046362644,-0.013697179629847123,0,0,-9.8066499999999994
1,4.9199999999999999,984,-0.0016751762311051938,-0.019991542073196849,0.00058932123751551482,8.4158356927002416e-09,8.9005529135607188e-07,7.1124404328866238e-08,0.017335541741368855,-0.015810435015991518,0.018369257809558965,-0.013697175675848782,0,0,-9.8066499999999994
1,4.9249999999999998,985,-0.0016751761885018771,-0.019991537632944336,0.00058932159145642818,8.3919564241968438e-09,8.8152246897088317e-07,7.0342936879520581e-08,0.017335537469683308,-0.015810431925738402,0.018369254602782475,-0.013697171760460243,0,0,-9.8066499999999994
1,4.9299999999999997,986,-0.0016751761460226352,-0.019991533235227437,0.0005893219415115011,8.3662123387949826e-09,8.7304118875722899e-07,6.9570053323718086e-08,0.017335533239401468,-0.015810428864605621,0.018369251425886038,-0.013697167883418772,0,0,-9.8066499999999994
1,4.9350000000000005,987,-0.0016751761036766935,-0.019991528879786301,0.00058932228772343132,8.3386428395705368e-09,8.6461230356601473e-07,6.8805665058932784e-08,0.017335529050251031,-0.015810425832434655,0.018369248278718362,-0.013697164044458865,0,0,-9.8066499999999994
1,4.9400000000000004,988,-0.0016751760614730797,-0.019991524566356878,0.00058932263013447464,8.3092879631110246e-09,8.5623663740177216e-07,6.8049683936356812e-08,0.017335524901956681,-0.015810422829063021,0.018369245161124099,-0.013697160243312337,0,0,-9.8066499999999994
1,4.9450000000000003,989,-0.001675176019420619,-0.019991520294671074,0.00058932296878644753,8.2781883179988151e-09,8.4791498580114949e-07,6.7302022291798314e-08,0.017335520794240243,-0.015810419854324395,0.018369242072943943,-0.013697156479708461,0,0,-9.8066499999999994
1,4.9500000000000002,990,-0.0016751759775279328,-0.019991516064456889,0.00058932330372072923,8.2453850427508107e-09,8.3964811542597035e-07,6.6562592958404427e-08,0.017335516726820769,-0.015810416908048748,0.018369239014014785,-0.013697152753374067,0,0,-9.8066499999999994
1,4.9550000000000001,991,-0.0016751759358034355,-0.019991511875438555,0.0005893236349782643,8.2109197702118339e-09,8.3143676416526073e-07,6.5831309248871884e-08,0.017335512699414656,-0.015810413990062465,0.018369235984169785,-0.013697149064033661,0,0,-9.8066499999999994
1,4.96,992,-0.0016751758942553318,-0.019991507727336696,0.00058932396259956527,8.174834566355756e-09,8.2328164086484914e-07,6.5108084980434446e-08,0.017335508711735767,-0.015810411100188475,0.018369232983238514,-0.013697145411409548,0,0,-9.8066499999999994
1,4.9649999999999999,993,-0.0016751758528916155,-0.019991503619868459,0.00058932428662471486,8.1371718932800498e-09,8.1518342565093694e-07,6.4392834487762473e-08,0.017335504763495536,-0.015810408238246369,0.018369230011047077,-0.013697141795221935,0,0,-9.8066499999999994
1,4.9699999999999998,994,-0.0016751758117200671,-0.019991499552747663,0.00058932460709336897,8.097974566128141e-09,8.0714276952945404e-07,6.36854726175714e-08,0.017335500854403087,-0.015810405404052538,0.018369227067418198,-0.013697138215189055,0,0,-9.8066499999999994
1,4.9750000000000005,995,-0.0016751757707482522,-0.019991495525684948,0.00058932492404475891,8.0572857129048008e-09,7.9916029457332163e-07,6.2985914740868933e-08,0.017335496984165359,-0.015810402597420285,0.018369224152171376,-0.013697134671027286,0,0,-9.8066499999999994
1,4.9800000000000004,996,-0.0016751757299835199,-0.019991491538387911,0.00058932523751769412,8.0151487205575578e-09,7.9123659412160843e-07,6.2294076778917826e-08,0.017335493152487197,-0.015810399818159959,0.018369221265122967,-0.013697131162451243,0,0,-9.8066499999999994
1,4.9850000000000003,997,-0.0016751756894330019,-0.019991487590561255,0.00058932554755056514,7.9716072013729501e-09,7.8337223250050198e-07,6.1609875171276551e-08,0.017335489359071476,-0.015810397066079084,0.018369218406086331,-0.013697127689173923,0,0,-9.8066499999999994
1,4.9900000000000002,998,-0.0016751756491036117,-0.019991483681906938,0.00058932585418134602,7.9267049426821828e-09,7.7556774515436945e-07,6.0933226919848631e-08,0.017335485603619229,-0.01581039434098247,0.018369215574871939,-0.013697124250906793,0,0,-9.8066499999999994
1,4.9950000000000001,999,-0.0016751756090020429,-0.019991479812124308,0.0005893261574475971,7.8804858781532959e-09,7.678236393548136e-07,6.0264049586309624e-08,0.017335481885829743,-0.015810391642672356,0.018369212771287474,-0.013697120847359918,0,0,-9.8066499999999994
1,5,1000,-0.0016751755691347698,-0.01999147598091025,0.00058932645738646815,7.832994033522862e-09,7.6014039324337112e-07,5.9602261279185991e-08,0.01733547820540068,-0.015810388970948511,0.018369209995137976,-0.013697117478242066,0,0,-9.8066499999999994
1,5.0049999999999999,1001,-0.001675175529508046,-0.019991472187959328,0.00058932675403470071,7.7842734993823624e-09,7.5251845725102449e-07,5.8947780695215158e-08,0.017335474562028191,-0.015810386325608373,0.018369207246225941,-0.013697114143260823,0,0,-9.8066499999999994
1,5.0099999999999998,1002,-0.0016751754901279047,-0.019991468432963923,0.00058932704742863139,7.7343683736035582e-09,7.4495825329084998e-07,5.8300527108913454e-08,0.01733547095540702,-0.015810383706447165,0.018369204524351437,-0.013697110842122695,0,0,-9.8066499999999994
1,5.0149999999999997,1003,-0.0016751754510001585,-0.019991464715614381,0.00058932733760419455,7.6833227448704342e-09,7.3746017529368696e-07,5.7660420384946011e-08,0.017335467385230625,-0.015810381113258019,0.018369201829312239,-0.013697107574533232,0,0,-9.8066499999999994
1,5.0200000000000005,1004,-0.0016751754121304,-0.01999146103559914,0.00058932762459692545,7.6311806407316872e-09,7.3002458977062543e-07,5.7027380982564433e-08,0.01733546385119129,-0.015810378545832084,0.018369199160903901,-0.013697104340197119,0,0,-9.8066499999999994
1,5.0250000000000004,1005,-0.0016751753735240015,-0.019991457392604887,0.00058932790844196299,7.5779859952050629e-09,7.2265183518277273e-07,5.6401329950503804e-08,0.017335460352980225,-0.015810376003958675,0.018369196518919939,-0.013697101138818302,0,0,-9.8066499999999994
1,5.0300000000000002,1006,-0.0016751753351861164,-0.019991453786316671,0.00058932818917405302,7.5237826110089106e-09,7.1534222311799986e-07,5.5782188965270167e-08,0.0173354568902877,-0.015810373487425342,0.018369193903151868,-0.013697097970100072,0,0,-9.8066499999999994
1,5.0350000000000001,1007,-0.0016751752971216789,-0.019991450216418058,0.00058932846682755119,7.4686141205538666e-09,7.0809603821001956e-07,5.5169880321154175e-08,0.017335453462803102,-0.015810370996018036,0.01836919131338938,-0.013697094833745189,0,0,-9.8066499999999994
1,5.04,1008,-0.0016751752593354061,-0.019991446682591261,0.00058932874143642633,7.4125239697609151e-09,7.0091353823574919e-07,5.4564326935168303e-08,0.01733545007021511,-0.015810368529521199,0.018369188749420406,-0.013697091729455978,0,0,-9.8066499999999994
1,5.0449999999999999,1009,-0.001675175221831798,-0.01999144318451726,0.00058932901303426321,7.3555553566717695e-09,6.9379495478845325e-07,5.3965452343584534e-08,0.017335446712211745,-0.01581036608771787,0.018369186211031265,-0.013697088656934423,0,0,-9.8066499999999994
1,5.0499999999999998,1010,-0.0016751751846151395,-0.019991439721875951,0.00058932928165426608,7.2977512258535469e-09,6.8674049297341233e-07,5.3373180718479268e-08,0.017335443388480507,-0.015810363670389821,0.018369183698006747,-0.01369708561588228,0,0,-9.8066499999999994
1,5.0549999999999997,1011,-0.0016751751476895016,-0.019991436294346267,0.00058932954732926143,7.239154213017763e-09,6.7975033224827316e-07,5.2787436882402781e-08,0.017335440098708462,-0.015810361277317646,0.018369181210130241,-0.013697082606001172,0,0,-9.8066499999999994
1,5.0600000000000005,1012,-0.0016751751110587426,-0.019991432901606307,0.00058932981009170171,7.1798066424452122e-09,6.7282462698518615e-07,5.2208146301984359e-08,0.017335436842582361,-0.015810358908280895,0.018369178747183836,-0.013697079626992683,0,0,-9.8066499999999994
1,5.0650000000000004,1013,-0.0016751750747265102,-0.019991429543333456,0.00058933006997366813,7.1197504671859264e-09,6.6596350629601909e-07,5.1635235104311357e-08,0.017335433619788725,-0.015810356563058146,0.018369176308948413,-0.013697076678558451,0,0,-9.8066499999999994
1,5.0700000000000003,1014,-0.0016751750386962436,-0.019991426219204526,0.00058933032700687438,7.0590272549436963e-09,6.5916707428748231e-07,5.1068630064964125e-08,0.01733543043001395,-0.015810354241427155,0.018369173895203782,-0.013697073760400278,0,0,-9.8066499999999994
1,5.0750000000000002,1015,-0.0016751750029711746,-0.019991422928895861,0.00058933058122266949,6.9976781767900457e-09,6.5243541097027339e-07,5.0508258624072085e-08,0.017335427272944418,-0.015810351943164918,0.018369171505728758,-0.013697070872220204,0,0,-9.8066499999999994
1,5.0800000000000001,1016,-0.0016751749675543309,-0.019991419672083469,0.0005893308326520415,6.9357439480636069e-09,6.4576857260748351e-07,4.9954048895191244e-08,0.017335424148266575,-0.015810349668047816,0.018369169140301275,-0.013697068013720613,0,0,-9.8066499999999994
1,5.085,1017,-0.001675174932448537,-0.019991416448443131,0.00058933108132562062,6.8732648288469947e-09,6.3916659156651342e-07,4.9405929654081892e-08,0.017335421055667037,-0.015810347415851675,0.018369166798698482,-0.013697065184604304,0,0,-9.8066499999999994
1,5.0899999999999999,1018,-0.0016751748976564179,-0.019991413257650529,0.00058933132727368267,6.810280598851427e-09,6.3262947753010009e-07,4.8863830373434782e-08,0.01733541799483268,-0.015810345186351896,0.018369164480696851,-0.013697062384574601,0,0,-9.8066499999999994
1,5.0949999999999998,1019,-0.0016751748631804008,-0.019991410099381351,0.00058933157052615259,6.7468305138939953e-09,6.2615721685325785e-07,4.8327681191135706e-08,0.017335414965450741,-0.015810342979323537,0.018369162186072274,-0.013697059613335416,0,0,-9.8066499999999994
1,5.1000000000000005,1020,-0.0016751748290227181,-0.019991406973311414,0.00058933181111260754,6.6829532980451317e-09,6.1974977413180659e-07,4.7797412927288379e-08,0.017335411967208895,-0.015810340794541428,0.018369159914600149,-0.013697056870591359,0,0,-9.8066499999999994
1,5.1050000000000004,1021,-0.0016751747951854095,-0.019991403879116756,0.00058933204906228074,6.6186871332963349e-09,6.1340709190678606e-07,4.7272957097964501e-08,0.017335408999795351,-0.015810338631780229,0.018369157666055489,-0.013697054156047789,0,0,-9.8066499999999994
1,5.1100000000000003,1022,-0.0016751747616703255,-0.01999140081647377,0.00058933228440406446,6.5540696205518493e-09,6.0712909116036371e-07,4.6754245884777481e-08,0.017335406062898948,-0.015810336490814564,0.01836915544021301,-0.01369705146941092,0,0,-9.8066499999999994
1,5.1150000000000002,1023,-0.0016751747284791303,-0.019991397785059286,0.00058933251716651364,6.4891377709813447e-09,6.0091567199270877e-07,4.6241212175960399e-08,0.017335403156209215,-0.015810334371419082,0.018369153236847208,-0.013697048810387889,0,0,-9.8066499999999994
1,5.1200000000000001,1024,-0.0016751746956133041,-0.019991394784550687,0.00058933274737784952,6.4239279853871542e-09,5.9476671411976545e-07,4.5733789559760122e-08,0.017335400279416484,-0.015810332273368553,0.018369151055732474,-0.013697046178686827,0,0,-9.8066499999999994
1,5.125,1025,-0.001675174663074147,-0.019991391814626013,0.000589332975065963,6.3584760415194153e-09,5.8868207693400265e-07,4.5231912310779806e-08,0.01733539743221196,-0.015810330196437967,0.018369148896643182,-0.013697043574016946,0,0,-9.8066499999999994
1,5.1299999999999999,1026,-0.0016751746308627815,-0.019991388874964051,0.00058933320025841807,6.2928170731571869e-09,5.8266160018583541e-07,4.4735515399661662e-08,0.017335394614287791,-0.015810328140402601,0.018369146759353742,-0.013697040996088598,0,0,-9.8066499999999994
1,5.1349999999999998,1027,-0.0016751745989801565,-0.01999138596524444,0.0005893334229824552,6.2269855593946687e-09,5.7670510473873863e-07,4.4244534490867042e-08,0.017335391825337165,-0.015810326105038113,0.018369144643638723,-0.01369703844461336,0,0,-9.8066499999999994
1,5.1399999999999997,1028,-0.0016751745674270498,-0.019991383085147762,0.00058933364326499513,6.1610153177106314e-09,5.7081239258953584e-07,4.3758905951284778e-08,0.017335389065054371,-0.015810324090120616,0.018369142549272924,-0.013697035919304091,0,0,-9.8066499999999994
1,5.1450000000000005,1029,-0.0016751745362040718,-0.019991380234355632,0.00058933386113264202,6.0949394729715839e-09,5.6498324765126414e-07,4.3278566838569659e-08,0.017335386333134879,-0.015810322095426755,0.018369140476031436,-0.013697033419875,0,0,-9.8066499999999994
1,5.1500000000000004,1030,-0.0016751745053116692,-0.01999137741255079,0.00058933407661168711,6.0287904704027547e-09,5.5921743577311345e-07,4.2803454917495688e-08,0.017335383629275412,-0.015810320120733794,0.018369138423689747,-0.01369703094604172,0,0,-9.8066499999999994
1,5.1550000000000002,1031,-0.0016751744747501283,-0.019991374619417194,0.00058933428972811222,5.9626000441779704e-09,5.5351470579205856e-07,4.2333508636979711e-08,0.017335380953174027,-0.015810318165819678,0.018369136392023821,-0.013697028497521356,0,0,-9.8066499999999994
1,5.1600000000000001,1032,-0.0016751744445195782,-0.019991371854640096,0.00058933450050759311,5.8963992166248664e-09,5.4787478964981086e-07,4.1868667150943388e-08,0.017335378304530157,-0.015810316230463119,0.018369134380810153,-0.013697026074032564,0,0,-9.8066499999999994
1,5.165,1033,-0.001675174414619995,-0.019991369117906131,0.00058933470897550304,5.8302183032797538e-09,5.4229740316122508e-07,4.1408870307655041e-08,0.017335375683044715,-0.015810314314443651,0.018369132389825842,-0.013697023675295595,0,0,-9.8066499999999994
1,5.1699999999999999,1034,-0.0016751743850512047,-0.019991366408903397,0.00058933491515691635,5.7640868839890341e-09,5.3678224621776927e-07,4.0954058644512554e-08,0.01733537308842012,-0.01581031241754171,0.018369130418848696,-0.013697021301032355,0,0,-9.8066499999999994
1,5.1749999999999998,1035,-0.0016751743558128874,-0.019991363727321527,0.00058933511907661171,5.6980338097761912e-09,5.3132900321043979e-07,4.0504173395114349e-08,0.017335370520360389,-0.015810310539538699,0.018369128467657266,-0.013697018950966467,0,0,-9.8066499999999994
1,5.1799999999999997,1036,-0.0016751743269045809,-0.019991361072851772,0.00058933532075907573,5.632087188567354e-09,5.2593734378149394e-07,4.0059156478121093e-08,0.017335367978571197,-0.015810308680217041,0.018369126536030931,-0.013697016624823314,0,0,-9.8066499999999994
1,5.1850000000000005,1037,-0.0016751742983256842,-0.019991358445187069,0.0005893355202285064,5.5662743975264444e-09,5.2060692326637085e-07,3.9618950511124201e-08,0.017335365462759898,-0.015810306839360262,0.018369124623749958,-0.013697014322330099,0,0,-9.8066499999999994
1,5.1900000000000004,1038,-0.0016751742700754613,-0.019991355844022115,0.00058933571750881633,5.500622059720126e-09,5.1533738302145952e-07,3.9183498783759316e-08,0.017335362972635639,-0.015810305016753023,0.018369122730595586,-0.013697012043215891,0,0,-9.8066499999999994
1,5.1950000000000003,1039,-0.0016751742421530448,-0.019991353269053432,0.00058933591262363624,5.4351560490455077e-09,5.101283506791071e-07,3.8752745266855107e-08,0.017335360507909379,-0.015810303212181211,0.018369120856350042,-0.013697009787211663,0,0,-9.8066499999999994
1,5.2000000000000002,1040,-0.0016751742145574399,-0.019991350719979439,0.00058933610559631878,5.369901500626004e-09,5.0497944151944009e-07,3.8326634628416158e-08,0.017335358068293935,-0.015810301425431973,0.018369119000796661,-0.013697007554050358,0,0,-9.8066499999999994
1,5.2050000000000001,1041,-0.0016751741872875281,-0.019991348196500509,0.00058933629644994129,5.304882785441618e-09,4.9989025770160818e-07,3.7905112192693554e-08,0.017335355653504071,-0.015810299656293773,0.018369117163719903,-0.013697005343466916,0,0,-9.8066499999999994
1,5.21,1042,-0.001675174160342071,-0.019991345698319035,0.00058933648520730943,5.2401235331553285e-09,4.948603898207689e-07,3.7488123965770887e-08,0.017335353263256508,-0.015810297904556448,0.018369115344905415,-0.013697003155198319,0,0,-9.8066499999999994
1,5.2149999999999999,1043,-0.0016751741337197134,-0.019991343225139485,0.00058933667189096071,5.175646628425262e-09,4.8988941683905972e-07,3.7075616626514521e-08,0.017335350897270004,-0.01581029617001126,0.018369113544140104,-0.01369700098898363,0,0,-9.8066499999999994
1,5.2199999999999998,1044,-0.0016751741074189884,-0.019991340776668459,0.0005893368565231677,5.1114741968527937e-09,4.8497690640613651e-07,3.6667537513374721e-08,0.017335348555265362,-0.01581029445245094,0.018369111761212174,-0.013696998844564035,0,0,-9.8066499999999994
1,5.2250000000000005,1045,-0.0016751740814383196,-0.019991338352614747,0.0005893370391259412,5.0476276197338621e-09,4.8012241578545859e-07,3.6263834617736701e-08,0.017335346236965511,-0.015810292751669737,0.018369109995911178,-0.01369699672168288,0,0,-9.8066499999999994
1,5.2300000000000004,1046,-0.0016751740557760257,-0.019991335952689381,0.00058933721972103368,4.984127545090661e-09,4.7532549199071336e-07,3.5864456594031852e-08,0.017335343942095526,-0.015810291067463463,0.018369108248028079,-0.013696994620085692,0,0,-9.8066499999999994
1,5.2350000000000003,1047,-0.0016751740304303243,-0.019991333576605676,0.00058933739832994249,4.9209938705677462e-09,4.7058567229081892e-07,3.5469352752703386e-08,0.017335341670382681,-0.015810289399629529,0.018369106517355276,-0.013696992539520232,0,0,-9.8066499999999994
1,5.2400000000000002,1048,-0.001675174005399335,-0.019991331224079291,0.0005893375749739131,4.8582457688971257e-09,4.6590248476448257e-07,3.5078473039029988e-08,0.017335339421556465,-0.015810287747966997,0.018369104803686673,-0.01369699047973651,0,0,-9.8066499999999994
1,5.2450000000000001,1049,-0.0016751739806810839,-0.019991328894828263,0.0005893377496739425,4.7959016703810748e-09,4.6127544893556448e-07,3.4691768053102847e-08,0.017335337195348646,-0.015810286112276611,0.018369103106817709,-0.013696988440486824,0,0,-9.8066499999999994
1,5.25,1050,-0.0016751739562735062,-0.019991326588573048,0.00058933792245078199,4.7339792882300591e-09,4.5670407567629828e-07,3.4309189019369212e-08,0.017335334991493281,-0.01581028449236083,0.018369101426545398,-0.013696986421525772,0,0,-9.8066499999999994
1,5.2549999999999999,1051,-0.0016751739321744505,-0.019991324305036577,0.00058933809332494078,4.6724956198661912e-09,4.5218786811538635e-07,3.3930687799004436e-08,0.01733533280972677,-0.015810282888023875,0.018369099762668373,-0.013696984422610296,0,0,-9.8066499999999994
1,5.2599999999999998,1052,-0.0016751739083816822,-0.019991322043944278,0.00058933826231668889,4.611466941105364e-09,4.4772632184240295e-07,3.355621687565592e-08,0.017335330649787865,-0.015810281299071745,0.01836909811498693,-0.013696982443499695,0,0,-9.8066499999999994
1,5.2649999999999997,1053,-0.0016751738848928873,-0.019991319805024121,0.00058933842944606032,4.5509088268218041e-09,4.4331892515662279e-07,3.3185729350850404e-08,0.017335328511417714,-0.015810279725312276,0.018369096483303045,-0.013696980483955646,0,0,-9.8066499999999994
1,5.2700000000000005,1054,-0.0016751738617056754,-0.019991317588006652,0.00058933859473285608,4.4908361518064452e-09,4.3896516020283986e-07,3.281917894504904e-08,0.01733532639435989,-0.015810278166555138,0.018369094867420437,-0.013696978543742236,0,0,-9.8066499999999994
1,5.2750000000000004,1055,-0.0016751738388175834,-0.019991315392625018,0.0005893387581966473,4.4312631053274927e-09,4.3466450269128972e-07,3.2456519985079372e-08,0.017335324298360395,-0.015810276622611884,0.01836909326714457,-0.013696976622625963,0,0,-9.8066499999999994
1,5.2800000000000002,1056,-0.0016751738162260794,-0.019991313218615005,0.00058933891985677833,4.3722031901766715e-09,4.3041642241093105e-07,3.2097707400162779e-08,0.01733532222316771,-0.015810275093295967,0.018369091682282707,-0.013696974720375763,0,0,-9.8066499999999994
1,5.2850000000000001,1057,-0.0016751737939285651,-0.019991311065715063,0.00058933907973236961,4.3136692372933753e-09,4.2622038387063936e-07,3.1742696713185553e-08,0.017335320168532804,-0.015810273578422768,0.018369090112643927,-0.013696972836763037,0,0,-9.8066499999999994
1,5.29,1058,-0.0016751737719223803,-0.019991308933666335,0.00058933923784232063,4.255673413871528e-09,4.2207584684467062e-07,3.1391444048995028e-08,0.017335318134209153,-0.015810272077809627,0.018369088558039162,-0.013696970971561641,0,0,-9.8066499999999994
1,5.2949999999999999,1059,-0.001675173750204805,-0.01999130682221267,0.00058933939420531306,4.1982272305444906e-09,4.17982266022156e-07,3.1043906095158229e-08,0.017335316119952759,-0.015810270591275846,0.018369087018281206,-0.013696969124547919,0,0,-9.8066499999999994
1,5.2999999999999998,1060,-0.0016751737287730639,-0.019991304731100661,0.00058933954883981336,4.1413415545785847e-09,4.1393909245704633e-07,3.0700040126654332e-08,0.017335314125522173,-0.015810269118642719,0.018369085493184761,-0.013696967295500699,0,0,-9.8066499999999994
1,5.3049999999999997,1061,-0.0016751737076243283,-0.019991302660079653,0.00058933970176407592,4.0850266203643256e-09,4.0994577302393102e-07,3.0359804000254903e-08,0.01733531215067851,-0.015810267659733552,0.018369083982566446,-0.01369696548420132,0,0,-9.8066499999999994
1,5.3100000000000005,1062,-0.0016751736867557203,-0.019991300608901766,0.00058933985299614564,4.0292920303701749e-09,4.0600175119344073e-07,3.0023156117648886e-08,0.017335310195185451,-0.015810266214373675,0.018369082486244817,-0.013696963690433618,0,0,-9.8066499999999994
1,5.3150000000000004,1063,-0.0016751736661643154,-0.019991298577321907,0.00058934000255386092,3.9741467785093764e-09,4.0210646767822176e-07,2.9690055449551524e-08,0.017335308258809266,-0.015810264782390452,0.018369081004040385,-0.013696961913983955,0,0,-9.8066499999999994
1,5.3200000000000003,1064,-0.0016751736458471458,-0.01999129656509779,0.00058934015045485652,3.9195992568162017e-09,3.9825935991067606e-07,2.9360461517058012e-08,0.017335306341318822,-0.015810263363613311,0.018369079535775653,-0.013696960154641207,0,0,-9.8066499999999994
1,5.3250000000000002,1065,-0.0016751736258012032,-0.019991294571989948,0.00058934029671656597,3.8656572533794923e-09,3.9445986340312244e-07,2.9034334384383033e-08,0.017335304442485596,-0.015810261957873738,0.018369078081275098,-0.013696958412196779,0,0,-9.8066499999999994
1,5.3300000000000001,1066,-0.0016751736060234416,-0.01999129259776174,0.00058934044135622462,3.8123279927816026e-09,3.9070741152858489e-07,2.8711634653787911e-08,0.017335302562083672,-0.015810260565005289,0.018369076640365228,-0.013696956686444604,0,0,-9.8066499999999994
1,5.335,1067,-0.0016751735865107806,-0.01999129064217936,0.000589340584390872,3.7596181163240108e-09,3.8700143600434071e-07,2.83923234730973e-08,0.017335300699889766,-0.015810259184843613,0.01836907521287455,-0.013696954977181142,0,0,-9.8066499999999994
1,5.3399999999999999,1068,-0.0016751735672601074,-0.019991288705011854,0.00058934072583735489,3.7075337166801871e-09,3.8334136721688975e-07,2.8076362497176992e-08,0.017335298855683207,-0.015810257817226447,0.018369073798633624,-0.01369695328420539,0,0,-9.8066499999999994
1,5.3449999999999998,1069,-0.0016751735482682811,-0.019991286786031112,0.00058934086571232956,3.65608032804019e-09,3.7972663448197688e-07,2.7763713904874985e-08,0.017335297029245959,-0.015810256461993626,0.018369072397475039,-0.013696951607318866,0,0,-9.8066499999999994
1,5.3500000000000005,1070,-0.0016751735295321335,-0.019991284885011885,0.00058934100403226438,3.6052629600959103e-09,3.7615666667295934e-07,2.7454340392673967e-08,0.017335295220362618,-0.015810255118987083,0.018369071009233448,-0.013696949946325618,0,0,-9.8066499999999994
1,5.3550000000000004,1071,-0.0016751735110484731,-0.019991283001731773,0.00058934114081344257,3.5550860912694552e-09,3.7263089199798065e-07,2.7148205154466687e-08,0.017335293428820415,-0.015810253788050864,0.018369069633745551,-0.013696948301032215,0,0,-9.8066499999999994
1,5.3600000000000003,1072,-0.0016751734928140876,-0.019991281135971244,0.0005893412760719645,3.5055536992013138e-09,3.6914873874027595e-07,2.6845271888284574e-08,0.017335291654409207,-0.015810252469031116,0.018369068270850129,-0.01369694667124775,0,0,-9.8066499999999994
1,5.3650000000000002,1073,-0.0016751734748257454,-0.019991279287513618,0.0005893414098237503,3.4566692405944688e-09,3.6570963527822752e-07,2.6545504784827859e-08,0.017335289896921475,-0.015810251161776104,0.018369066920388023,-0.013696945056783824,0,0,-9.8066499999999994
1,5.3700000000000001,1074,-0.0016751734570801993,-0.019991277456145071,0.00058934154208454225,3.4084357078352737e-09,3.623130106317612e-07,2.6248868511000362e-08,0.017335288156152342,-0.015810249866136186,0.018369065582202155,-0.013696943457454543,0,0,-9.8066499999999994
1,5.375,1075,-0.0016751734395741883,-0.019991275641654638,0.00058934167286990732,3.3608556129704759e-09,3.5895829448776555e-07,2.5955328233294965e-08,0.017335286431899542,-0.015810248581963844,0.018369064256137525,-0.013696941873076518,0,0,-9.8066499999999994
1,5.3799999999999999,1076,-0.0016751734223044398,-0.019991273843834201,0.00058934180219523923,3.3139309837014729e-09,3.5564491783825416e-07,2.5664849567472102e-08,0.017335284723963444,-0.015810247309113661,0.018369062942041211,-0.013696940303468848,0,0,-9.8066499999999994
1,5.3849999999999998,1077,-0.0016751734052676721,-0.019991272062478482,0.00058934193007576115,3.2676634266496381e-09,3.5237231275287512e-07,2.537739861621638e-08,0.017335283032147011,-0.015810246047442311,0.018369061639762374,-0.013696938748453113,0,0,-9.8066499999999994
1,5.3899999999999997,1078,-0.0016751733884605973,-0.019991270297385039,0.00058934205652652779,3.2220540877757521e-09,3.4913991295259248e-07,2.5092941928614111e-08,0.017335281356255814,-0.015810244796808579,0.018369060349152248,-0.013696937207853357,0,0,-9.8066499999999994
1,5.3950000000000005,1079,-0.0016751733718799219,-0.019991268548354254,0.00058934218156242782,3.1771036914201147e-09,3.4594715427702652e-07,2.4811446510949252e-08,0.017335279696098022,-0.01581024355707333,0.018369059070064139,-0.013696935681496084,0,0,-9.8066499999999994
1,5.4000000000000004,1080,-0.0016751733555223503,-0.019991266815189333,0.00058934230519818603,3.1328125412562919e-09,3.4279347421000066e-07,2.4532879811633442e-08,0.017335278051484399,-0.015810242328099515,0.018369057802353442,-0.013696934169210251,0,0,-9.8066499999999994
1,5.4050000000000002,1081,-0.0016751733393845865,-0.019991265097696283,0.00058934242744836563,3.0891805504613667e-09,3.3967831276921402e-07,2.4257209727531988e-08,0.017335276422228266,-0.015810241109752168,0.018369056545877605,-0.013696932670827236,0,0,-9.8066499999999994
1,5.4100000000000001,1082,-0.0016751733234633356,-0.019991263395683904,0.00058934254832737024,3.0462072211467577e-09,3.3660111248956698e-07,2.3984404577150557e-08,0.017335274808145527,-0.015810239901898386,0.018369055300496141,-0.013696931186180842,0,0,-9.8066499999999994
1,5.415,1083,-0.0016751733077553066,-0.01999126170896378,0.00058934266784944629,3.0038916936670252e-09,3.3356131918317267e-07,2.3714433133985477e-08,0.017335273209054626,-0.015810238704407318,0.018369054066070627,-0.013696929715107277,0,0,-9.8066499999999994
1,5.4199999999999999,1084,-0.0016751732922572131,-0.019991260037350252,0.00058934278602868503,2.9622327221403229e-09,3.3055838071631958e-07,2.3447264558798246e-08,0.017335271624776549,-0.015810237517150168,0.018369052842464682,-0.013696928257445123,0,0,-9.8066499999999994
1,5.4249999999999998,1085,-0.0016751732769657763,-0.019991258380660421,0.00058934290287902466,2.9212287100232211e-09,3.2759174873541272e-07,2.3182868443979232e-08,0.017335270055134806,-0.015810236340000169,0.018369051629543973,-0.013696926813035344,0,0,-9.8066499999999994
1,5.4299999999999997,1086,-0.0016751732618777262,-0.01999125673871412,0.00058934301841425231,2.8808777178042799e-09,3.2466087826656265e-07,2.2921214794477146e-08,0.017335268499955418,-0.015810235172832591,0.018369050427176195,-0.013696925381721257,0,0,-9.8066499999999994
1,5.4350000000000005,1087,-0.001675173246989803,-0.019991255111333896,0.00058934313264800606,2.8411774658335037e-09,3.2176522792861731e-07,2.2662274015403297e-08,0.017335266959066901,-0.015810234015524699,0.018369049235231062,-0.013696923963348508,0,0,-9.8066499999999994
1,5.4400000000000004,1088,-0.0016751732322987595,-0.019991253498344994,0.00058934324559377718,2.8021253604868443e-09,3.1890425999297865e-07,2.2406016911448076e-08,0.017335265432300236,-0.015810232867955763,0.018369048053580309,-0.013696922557765064,0,0,-9.8066499999999994
1,5.4450000000000003,1089,-0.0016751732178013623,-0.019991251899575339,0.00058934335726491198,2.7637184812905956e-09,3.1607744081269761e-07,2.2152414679794923e-08,0.017335263919488877,-0.015810231730007035,0.018369046882097655,-0.013696921164821189,0,0,-9.8066499999999994
1,5.4500000000000002,1090,-0.0016751732034943928,-0.019991250314855512,0.00058934346767461343,2.725953614493345e-09,3.1328424046275722e-07,2.1901438893590506e-08,0.017335262420468706,-0.015810230601561732,0.018369045720658828,-0.013696919784369417,0,0,-9.8066499999999994
1,5.4550000000000001,1091,-0.0016751731893746499,-0.019991248744018732,0.00058934357683594358,2.6888272566266349e-09,3.1052413374599718e-07,2.1653061516708949e-08,0.017335260935078037,-0.015810229482505021,0.018369044569141499,-0.013696918416264548,0,0,-9.8066499999999994
1,5.46,1092,-0.0016751731754389503,-0.019991247186900839,0.00058934368476182514,2.6523356264904047e-09,3.077965999852127e-07,2.1407254886799995e-08,0.01733525946315758,-0.015810228372724007,0.018369043427425333,-0.013696917060363613,0,0,-9.8066499999999994
1,5.4649999999999999,1093,-0.0016751731616841306,-0.019991245643340257,0.00058934379146504355,2.6164746593351228e-09,3.051011226995842e-07,2.1163991704925853e-08,0.017335258004550436,-0.015810227272107708,0.018369042295391918,-0.013696915716525858,0,0,-9.8066499999999994
1,5.4699999999999998,1094,-0.0016751731481070477,-0.019991244113177986,0.00058934389695824844,2.5812400507660169e-09,3.0243719032224529e-07,2.0923245029342873e-08,0.017335256559102053,-0.015810226180547046,0.018369041172924774,-0.013696914384612718,0,0,-9.8066499999999994
1,5.4750000000000005,1095,-0.0016751731347045815,-0.01999124259625757,0.00058934400125395582,2.5466272304514022e-09,2.9980429616180419e-07,2.0684988293148838e-08,0.017335255126660232,-0.015810225097934821,0.018369040059909338,-0.013696913064487804,0,0,-9.8066499999999994
1,5.4800000000000004,1096,-0.0016751731214736348,-0.019991241092425078,0.00058934410436454966,2.5126314070760345e-09,2.9720193852769086e-07,2.0449195266006253e-08,0.017335253707075081,-0.015810224024165695,0.018369038956232955,-0.013696911756016873,0,0,-9.8066499999999994
1,5.4850000000000003,1097,-0.0016751731084111352,-0.019991239601529067,0.00058934420630228363,2.479247551682301e-09,2.9462962069342721e-07,2.0215840075852647e-08,0.017335252300199017,-0.015810222959136176,0.018369037861784829,-0.013696910459067796,0,0,-9.8066499999999994
1,5.4900000000000002,1098,-0.0016751730955140358,-0.01999123812342057,0.00058934430707928301,2.4464704157278598e-09,2.9208685147229067e-07,1.998489717830202e-08,0.017335250905886709,-0.015810221902744594,0.018369036776456044,-0.013696909173510555,0,0,-9.8066499999999994
1,5.4950000000000001,1099,-0.0016751730827793167,-0.019991236657953059,0.00058934440670754601,2.4142945398601286e-09,2.8957314463360525e-07,1.975634137374739e-08,0.017335249523995094,-0.015810220854891074,0.018369035700139515,-0.013696907899217197,0,0,-9.8066499999999994
1,5.5,1100,-0.0016751730702039855,-0.01999123520498243,0.00058934450519894583,2.3827142822426194e-09,2.8708801977154211e-07,1.9530147790178581e-08,0.01733524815438333,-0.015810219815477537,0.018369034632729993,-0.013696906636061826,0,0,-9.8066499999999994
1,5.5049999999999999,1101,-0.0016751730577850787,-0.019991233764366959,0.00058934460256523209,2.3517237858731508e-09,2.8463100193910628e-07,1.9306291878658435e-08,0.01733524679691277,-0.015810218784407647,0.018369033574124029,-0.013696905383920571,0,0,-9.8066499999999994
1,5.5099999999999998,1102,-0.0016751730455196623,-0.01999123233596729,0.00058934469881803241,2.3213170373029731e-09,2.8220162167273954e-07,1.9084749419101891e-08,0.017335245451446941,-0.015810217761586826,0.01836903252421997,-0.013696904142671563,0,0,-9.8066499999999994
1,5.5149999999999997,1103,-0.0016751730334048332,-0.019991230919646392,0.0005893447939688542,2.2914878356399374e-09,2.79799415388767e-07,1.8865496492004993e-08,0.017335244117851527,-0.015810216746922193,0.018369031482917915,-0.013696902912194902,0,0,-9.8066499999999994
1,5.5200000000000005,1104,-0.0016751730214377195,-0.019991229515269545,0.00058934488802908592,2.2622298240539927e-09,2.7742392516954911e-07,1.8648509494447184e-08,0.017335242795994327,-0.015810215740322573,0.018369030450119714,-0.013696901692372639,0,0,-9.8066499999999994
1,5.5250000000000004,1105,-0.0016751730096154814,-0.019991228122704301,0.00058934498100999893,2.2335364930199305e-09,2.7507469888439788e-07,1.8433765127919481e-08,0.017335241485745265,-0.015810214741698466,0.018369029425728944,-0.013696900483088756,0,0,-9.8066499999999994
1,5.5300000000000002,1106,-0.001675172997935312,-0.01999122674182046,0.00058934507292274869,2.2054011872479593e-09,2.7275129058229203e-07,1.8221240395060291e-08,0.017335240186976304,-0.015810213750962015,0.018369028409650892,-0.013696899284229128,0,0,-9.8066499999999994
1,5.5350000000000001,1107,-0.0016751729863944381,-0.019991225372490033,0.00058934516377837651,2.1778171168743544e-09,2.7045326006044995e-07,1.8010912592162421e-08,0.017335238899561484,-0.015810212768026993,0.018369027401792516,-0.013696898095681498,0,0,-9.8066499999999994
1,5.54,1108,-0.0016751729749901209,-0.019991224014587219,0.00058934525358781092,2.150777355712919e-09,2.6818017341842194e-07,1.780275930556437e-08,0.017335237623376843,-0.015810211792808768,0.018369026402062442,-0.013696896917335458,0,0,-9.8066499999999994
1,5.5449999999999999,1109,-0.0016751729637196563,-0.019991222667988369,0.00058934534236186901,2.1242748703443178e-09,2.6593160284377593e-07,1.7596758412509447e-08,0.017335236358300424,-0.01581021082522429,0.018369025410370929,-0.013696895749082416,0,0,-9.8066499999999994
1,5.5499999999999998,1110,-0.0016751729525803759,-0.019991221332571963,0.00058934543011125804,2.0983025043156408e-09,2.6370712644349113e-07,1.739288806258338e-08,0.01733523510421224,-0.015810209865192073,0.018369024426629854,-0.013696894590815575,0,0,-9.8066499999999994
1,5.5549999999999997,1111,-0.0016751729415696471,-0.019991220008218569,0.00058934551684657673,2.0728530086285688e-09,2.6150632884807235e-07,1.7191126695297016e-08,0.017335233860994229,-0.015810208912632153,0.01836902345075269,-0.013696893442429895,0,0,-9.8066499999999994
1,5.5600000000000005,1112,-0.0016751729306848737,-0.019991218694810818,0.00058934560257831658,2.0479190313435127e-09,2.5932880079224974e-07,1.6991453013477577e-08,0.017335232628530262,-0.015810207967466076,0.018369022482654474,-0.013696892303822079,0,0,-9.8066499999999994
1,5.5650000000000004,1113,-0.0016751729199234969,-0.019991217392233376,0.00058934568731686338,2.0234931315361353e-09,2.5717413907953173e-07,1.6793845983822017e-08,0.017335231406706071,-0.015810207029616868,0.018369021522251797,-0.013696891174890541,0,0,-9.8066499999999994
1,5.5700000000000003,1114,-0.0016751729092829952,-0.019991216100372904,0.00058934577107249829,1.9995677887712549e-09,2.5504194682403733e-07,1.6598284840290405e-08,0.017335230195409262,-0.015810206099009013,0.018369020569462765,-0.013696890055535375,0,0,-9.8066499999999994
1,5.5750000000000002,1115,-0.0016751728987608845,-0.019991214819118034,0.00058934585385539949,1.9761354048195922e-09,2.5293183363554339e-07,1.6404749078180429e-08,0.017335228994529262,-0.015810205175568436,0.018369019624206992,-0.013696888945658335,0,0,-9.8066499999999994
1,5.5800000000000001,1116,-0.0016751728883547192,-0.019991213548359334,0.0005893459356756431,1.9531883179322089e-09,2.508434153216833e-07,1.6213218442752249e-08,0.017335227803957305,-0.015810204259222468,0.018369018686405572,-0.013696887845162802,0,0,-9.8066499999999994
1,5.585,1117,-0.0016751728780620922,-0.019991212287989276,0.00058934601654320466,1.9307188103115381e-09,2.4877631409048456e-07,1.602367293238719e-08,0.017335226623586393,-0.015810203349899823,0.018369017755981043,-0.013696886753953759,0,0,-9.8066499999999994
1,5.5899999999999999,1118,-0.0016751728678806349,-0.019991211037902204,0.00058934609646796017,1.9087191013715611e-09,2.4673015846723156e-07,1.5836092787199668e-08,0.017335225453311277,-0.015810202447530574,0.018369016832857372,-0.013696885671937763,-0,0,-9.8066499999999994
1,5.5949999999999998,1119,-0.0016751728578080179,-0.019991209797994309,0.00058934617545968772,1.8871813700555251e-09,2.4470458327814134e-07,1.565045849086739e-08,0.017335224293028428,-0.015810201552046134,0.018369015916959951,-0.013696884599022924,-0,0,-9.8066499999999994
1,5.6000000000000005,1120,-0.0016751728478419511,-0.019991208568163589,0.00058934625352806815,1.8660977550584846e-09,2.4269922952758181e-07,1.546675076115744e-08,0.017335223142636001,-0.01581020066337923,0.018369015008215524,-0.013696883535118873,-0,0,-9.8066499999999994
1,5.6050000000000004,1121,-0.0016751728379801835,-0.019991207348309819,0.00058934633068268667,1.8454603574660061e-09,2.407137449624249e-07,1.5284950558950178e-08,0.017335222002033815,-0.015810199781463866,0.018369014106552225,-0.013696882480136728,-0,0,-9.8066499999999994
1,5.6100000000000003,1122,-0.0016751728282205036,-0.019991206138334518,0.00058934640693303374,1.8252612532482758e-09,2.3874778320487831e-07,1.5105039062388398e-08,0.017335220871123321,-0.015810198906235307,0.018369013211899494,-0.013696881433989077,-0,0,-9.8066499999999994
1,5.6150000000000002,1123,-0.0016751728185607402,-0.019991204938140932,0.00058934648228850626,1.8054925034016259e-09,2.3680100425235776e-07,1.4926997676258655e-08,0.017335219749807593,-0.01581019803763007,0.018369012324188101,-0.013696880396589957,-0,0,-9.8066499999999994
1,5.6200000000000001,1124,-0.0016751728089987612,-0.019991203747633975,0.00058934655675840883,1.7861461422492183e-09,2.3487307479056308e-07,1.4750808042072342e-08,0.017335218637991253,-0.015810197175585874,0.01836901144335009,-0.013696879367854808,-0,0,-9.8066499999999994
1,5.625,1125,-0.0016751727995324747,-0.019991202566720226,0.0005893466303519548,1.7672141970246837e-09,2.3296366741329507e-07,1.4576452012774696e-08,0.017335217535580504,-0.015810196320041627,0.018369010569318778,-0.013696878347700465,-0,0,-9.8066499999999994
1,5.6299999999999999,1126,-0.0016751727901598284,-0.019991201395307877,0.00058934670307826719,1.7486886914009907e-09,2.3107246105329931e-07,1.4403911650471042e-08,0.017335216442483054,-0.015810195470937406,0.018369009702028715,-0.01369687733604512,-0,0,-9.8066499999999994
1,5.6349999999999998,1127,-0.0016751727808788101,-0.019991200233306715,0.00058934677494637999,1.7305616577620126e-09,2.2919914061030629e-07,1.4233169224221969e-08,0.017335215358608113,-0.015810194628214418,0.018369008841415669,-0.013696876332808307,-0,0,-9.8066499999999994
1,5.6399999999999997,1128,-0.0016751727716874474,-0.019991199080628085,0.00058934684596523897,1.71282511962176e-09,2.2734339762907132e-07,1.406420721265942e-08,0.017335214283866359,-0.015810193791815003,0.018369007987416593,-0.013696875337910858,-0,0,-9.8066499999999994
1,5.6450000000000005,1129,-0.0016751727625838077,-0.019991197937184856,0.00058934691614370282,1.6954711195692165e-09,2.2550492947884701e-07,1.3897008298366935e-08,0.017335213218169915,-0.015810192961682575,0.018369007139969609,-0.013696874351274899,-0,0,-9.8066499999999994
1,5.6500000000000004,1130,-0.0016751727535659982,-0.019991196802891402,0.00058934698549054413,1.6784917205400032e-09,2.2368343962401633e-07,1.3731555367179886e-08,0.017335212161432311,-0.015810192137761629,0.018369006299014001,-0.013696873372823812,-0,0,-9.8066499999999994
1,5.6550000000000002,1131,-0.0016751727446321656,-0.019991195677663557,0.0005893470540144504,1.6618790053395048e-09,2.2187863787000599e-07,1.3567831498827834e-08,0.017335211113568477,-0.0158101913199977,0.018369005464490142,-0.013696872402482203,-0,0,-9.8066499999999994
1,5.6600000000000001,1132,-0.0016751727357804964,-0.019991194561418592,0.00058934712172402511,1.6456250815705701e-09,2.2009023982213698e-07,1.3405819965500532e-08,0.017335210074494685,-0.015810190508337343,0.018369004636339531,-0.013696871440175893,-0,0,-9.8066499999999994
1,5.665,1133,-0.0016751727270092162,-0.019991193454075188,0.00058934718862778857,1.6297220816017213e-09,2.1831796721397558e-07,1.3245504232110605e-08,0.017335209044128552,-0.015810189702728107,0.018369003814504719,-0.013696870485831883,-0,0,-9.8066499999999994
1,5.6699999999999999,1134,-0.00167517271831659,-0.019991192355553404,0.00058934725473417868,1.6141621770641327e-09,2.1656154742716682e-07,1.3086867941720969e-08,0.017335208022389012,-0.015810188903118531,0.01836900299892933,-0.013696869539378334,-0,0,-9.8066499999999994
1,5.6749999999999998,1135,-0.0016751727097009217,-0.01999119126577464,0.00058934732005155226,1.5989375880394094e-09,2.1482071421261703e-07,1.2929894920591836e-08,0.017335207009196264,-0.015810188109458088,0.018369002189557993,-0.01369686860074453,-0,0,-9.8066499999999994
1,5.6799999999999997,1136,-0.0016751727011605543,-0.019991190184661622,0.00058934738458818556,1.5840405611551603e-09,2.130952067763351e-07,1.2774569182306169e-08,0.017335206004471772,-0.015810187321697193,0.018369001386336365,-0.013696867669860875,-0,0,-9.8066499999999994
1,5.6850000000000005,1137,-0.001675172692693869,-0.019991189112138357,0.00058934744835227538,1.5694634056366969e-09,2.1138477011466298e-07,1.2620874904575838e-08,0.017335205008138233,-0.01581018653978716,0.018369000589211076,-0.013696866746658853,-0,0,-9.8066499999999994
1,5.6900000000000004,1138,-0.0016751726842992858,-0.019991188048130118,0.0005893475113519399,1.5551984680962769e-09,2.096891550816715e-07,1.2468796452767058e-08,0.017335204020119538,-0.015810185763680196,0.018368999798129709,-0.013696865831071004,-0,0,-9.8066499999999994
1,5.6950000000000003,1139,-0.0016751726759752625,-0.019991186992563408,0.00058934757359521944,1.5412381623536457e-09,2.0800811824352459e-07,1.2318318359182667e-08,0.017335203040340773,-0.015810184993329358,0.018368999013040798,-0.013696864923030912,-0,0,-9.8066499999999994
1,5.7000000000000002,1140,-0.0016751726677202948,-0.019991185945365933,0.00058934763509007747,1.5275749568147623e-09,2.06341421561089e-07,1.2169425315566996e-08,0.01733520206872816,-0.015810184228688556,0.018368998233893787,-0.013696864022473172,-0,0,-9.8066499999999994
1,5.7050000000000001,1141,-0.0016751726595329161,-0.019991184906466578,0.00058934769584440135,1.5142013849630346e-09,2.0468883264272716e-07,1.2022102180596697e-08,0.017335201105209069,-0.015810183469712517,0.018368997460639025,-0.013696863129333369,-0,0,-9.8066499999999994
1,5.71,1142,-0.0016751726514116964,-0.019991183875795369,0.00058934775586600308,1.5011100392871194e-09,2.0305012440941661e-07,1.1876333972755943e-08,0.017335200149711964,-0.015810182716356758,0.01836899669322772,-0.013696862243548056,-0,0,-9.8066499999999994
1,5.7149999999999999,1143,-0.0016751726433552434,-0.019991182853283464,0.00058934781516262018,1.4882935800872019e-09,2.0142507555695982e-07,1.1732105869772304e-08,0.017335199202166401,-0.015810181968577582,0.018368995931611946,-0.013696861365054732,-0,0,-9.8066499999999994
1,5.7199999999999998,1144,-0.0016751726353622005,-0.019991181838863104,0.00058934787374191643,1.4757447521020134e-09,1.9981346983794979e-07,1.1589403207012634e-08,0.017335198262502984,-0.015810181226332043,0.018368995175744595,-0.013696860493791825,-0,0,-9.8066499999999994
1,5.7250000000000005,1145,-0.0016751726274312477,-0.019991180832467606,0.00058934793161148267,1.4634563586622431e-09,1.982150962309594e-07,1.1448211475396665e-08,0.017335197330653352,-0.015810180489577937,0.018368994425579387,-0.013696859629698657,-0,0,-9.8066499999999994
1,5.7300000000000004,1146,-0.0016751726195611005,-0.019991179834031324,0.00058934798877883761,1.4514212951353241e-09,1.9662974906693789e-07,1.1308516307793344e-08,0.017335196406550159,-0.015810179758273774,0.018368993681070814,-0.013696858772715434,-0,0,-9.8066499999999994
1,5.7350000000000003,1147,-0.00167517261175051,-0.019991178843489631,0.00058934804525142854,1.4396325300730014e-09,1.950572277223146e-07,1.1170303487990893e-08,0.017335195490127051,-0.015810179032378757,0.018368992942174148,-0.013696857922783223,-0,0,-9.8066499999999994
1,5.7400000000000002,1148,-0.0016751726039982619,-0.019991177860778888,0.00058934810103663182,1.4280831213614762e-09,1.9349733650111454e-07,1.1033558941197073e-08,0.01733519458131863,-0.015810178311852763,0.01836899220884541,-0.013696857079843928,-0,0,-9.8066499999999994
1,5.7450000000000001,1149,-0.0016751725963031769,-0.019991176885836424,0.0005893481561417541,1.416766196733141e-09,1.919498850988007e-07,1.0898268742841296e-08,0.017335193680060455,-0.015810177596656337,0.018368991481041354,-0.013696856243840273,-0,0,-9.8066499999999994
1,5.75,1150,-0.0016751725886641094,-0.019991175918600505,0.00058934821057403245,1.4056749923934008e-09,1.9041468773767102e-07,1.0764419109253599e-08,0.017335192786288978,-0.015810176886750654,0.018368990758719436,-0.013696855414715776,-0,0,-9.8066499999999994
1,5.7549999999999999,1151,-0.0016751725810799476,-0.019991174959010316,0.0005893482643406356,1.3948028191625956e-09,1.8889156331622546e-07,1.0631996382166199e-08,0.017335191899941593,-0.015810176182097513,0.018368990041837809,-0.013696854592414738,-0,0,-9.8066499999999994
1,5.7599999999999998,1152,-0.0016751725735496127,-0.019991174007005934,0.00058934831744866421,1.3841430827272631e-09,1.8738033598914369e-07,1.0500987059908472e-08,0.017335191020956531,-0.015810175482659308,0.018368989330355304,-0.013696853776882215,-0,0,-9.8066499999999994
1,5.7649999999999997,1153,-0.001675172566072059,-0.019991173062528303,0.00058934836990515182,1.3736892912065449e-09,1.8588083427667995e-07,1.0371377755338519e-08,0.017335190149272903,-0.015810174788399023,0.018368988624231395,-0.013696852968064003,-0,0,-9.8066499999999994
1,5.7700000000000005,1154,-0.0016751725586462726,-0.019991172125519215,0.0005893484217170653,1.3634350365222964e-09,1.843928911929252e-07,1.0243155212041385e-08,0.017335189284830653,-0.015810174099280202,0.0183689879234262,-0.013696852165906621,-0,0,-9.8066499999999994
1,5.7750000000000004,1155,-0.0016751725512712718,-0.019991171195921285,0.0005893484728913056,1.3533740130607682e-09,1.8291634460412457e-07,1.011630630983684e-08,0.017335188427570543,-0.015810173415266946,0.018368987227900452,-0.013696851370357289,-0,0,-9.8066499999999994
1,5.7800000000000002,1156,-0.0016751725439461062,-0.019991170273677923,0.0005893485234347084,1.3435000167824412e-09,1.8145103642202564e-07,9.9908180559298963e-09,0.017335187577434116,-0.015810172736323881,0.018368986537615484,-0.013696850581363907,-0,0,-9.8066499999999994
1,5.7850000000000001,1157,-0.0016751725366698556,-0.019991169358733327,0.00058934857335404464,1.3338069445226102e-09,1.7999681291310647e-07,9.8666775529040861e-09,0.017335186734363708,-0.015810172062416146,0.018368985852533212,-0.013696849798875048,-0,0,-9.8066499999999994
1,5.79,1158,-0.0016751725294416307,-0.019991168451032451,0.00058934862265602121,1.3242887923700122e-09,1.785535248947002e-07,9.7438720707468089e-09,0.017335185898302415,-0.015810171393509386,0.018368985172616117,-0.013696849022839934,-0,0,-9.8066499999999994
1,5.7949999999999999,1159,-0.0016751725222605713,-0.019991167550520977,0.00058934867134728154,1.3149396669210596e-09,1.7712102715000324e-07,9.6223889728969094e-09,0.01733518506919406,-0.015810170729569716,0.018368984497827239,-0.01369684825320841,-0,0,-9.8066499999999994
1,5.7999999999999998,1160,-0.0016751725151258473,-0.019991166657145312,0.00058934871943440632,1.3057537672539909e-09,1.7569917859901363e-07,9.5022157413397463e-09,0.017335184246983191,-0.015810170070563737,0.018368983828130132,-0.01369684748993095,-0,0,-9.8066499999999994
1,5.8049999999999997,1161,-0.0016751725080366565,-0.019991165770852554,0.00058934876692391365,1.2967254041310104e-09,1.7428784217400033e-07,9.3833399634255586e-09,0.01733518343161505,-0.015810169416458485,0.018368983163488881,-0.013696846732958616,-0,0,-9.8066499999999994
1,5.8100000000000005,1162,-0.0016751725009922253,-0.019991164891590474,0.00058934881382226019,1.2878489960243352e-09,1.7288688465381185e-07,9.2657493673018544e-09,0.017335182623035576,-0.015810168767221428,0.018368982503868068,-0.013696845982243053,-0,0,-9.8066499999999994
1,5.8150000000000004,1163,-0.0016751724939918077,-0.019991164019307502,0.0005893488601358413,1.2791190713098174e-09,1.714961768638485e-07,9.1494317736675655e-09,0.017335181821191363,-0.015810168122820475,0.01836898184923276,-0.013696845237736477,-0,0,-9.8066499999999994
1,5.8200000000000003,1164,-0.0016751724870346847,-0.019991163153952708,0.00058934890587099178,1.2705302575531672e-09,1.7011559351631785e-07,9.0343751266062914e-09,0.017335181026029659,-0.015810167483223926,0.018368981199548488,-0.013696844499391658,-0,0,-9.8066499999999994
1,5.8250000000000002,1165,-0.0016751724801201638,-0.019991162295475772,0.00058934895103398644,1.2620773041773794e-09,1.6874501275863557e-07,8.9205674652291854e-09,0.017335180237498346,-0.015810166848400482,0.018368980554781245,-0.013696843767161893,-0,0,-9.8066499999999994
1,5.8300000000000001,1166,-0.0016751724732475789,-0.019991161443826982,0.00058934899563104057,1.2537550554398552e-09,1.6738431647728996e-07,8.807996945828821e-09,0.01733517945554592,-0.015810166218319217,0.018368979914897467,-0.013696843041001014,-0,0,-9.8066499999999994
1,5.835,1167,-0.001675172466416289,-0.019991160598957201,0.00058934903966831049,1.2455584776142379e-09,1.6603338988786978e-07,8.6966518256292879e-09,0.017335178680121462,-0.015810165592949576,0.018368979279864008,-0.013696842320863344,-0,0,-9.8066499999999994
1,5.8399999999999999,1168,-0.001675172459625678,-0.019991159760817862,0.00058934908315189409,1.237482641409647e-09,1.6469212192777935e-07,8.5865204712050492e-09,0.01733517791117466,-0.015810164972261353,0.018368978649648135,-0.013696841606703713,-0,0,-9.8066499999999994
1,5.8449999999999998,1169,-0.0016751724528751544,-0.019991158929360941,0.00058934912608783123,1.229522723909967e-09,1.6336040470739341e-07,8.477591346927088e-09,0.017335177148655758,-0.01581016435622468,0.018368978024217521,-0.013696840898477426,-0,0,-9.8066499999999994
1,5.8500000000000005,1170,-0.0016751724461641505,-0.019991158104538945,0.00058934916848210454,1.2216740230390346e-09,1.6203813378208944e-07,8.3698530224515952e-09,0.017335176392515549,-0.015810163744810021,0.018368977403540217,-0.013696840196140252,-0,0,-9.8066499999999994
1,5.8550000000000004,1171,-0.0016751724394921215,-0.019991157286304902,0.00058934921034063952,1.2139319369596686e-09,1.6072520759733927e-07,8.2632941567435233e-09,0.017335175642705373,-0.015810163137988154,0.018368976787584645,-0.013696839499648419,-0,0,-9.8066499999999994
1,5.8600000000000003,1172,-0.0016751724328585458,-0.019991156474612332,0.00058934925166930538,1.2062919801920216e-09,1.5942152792993051e-07,8.1579035065815684e-09,0.017335174899177078,-0.015810162535730164,0.018368976176319593,-0.013696838808958585,-0,0,-9.8066499999999994
1,5.8650000000000002,1173,-0.0016751724262629238,-0.019991155669415242,0.00058934929247391528,1.1987497778592968e-09,1.5812699960800559e-07,8.0536699317171416e-09,0.017335174161883054,-0.015810161938007414,0.018368975569714195,-0.013696838124027852,-0,0,-9.8066499999999994
1,5.8700000000000001,1174,-0.0016751724197047772,-0.019991154870668108,0.000589349332760227,1.191301063971e-09,1.5684153050103376e-07,7.9505823898187488e-09,0.01733517343077615,-0.01581016134479157,0.018368974967737917,-0.013696837444813727,-0,0,-9.8066499999999994
1,5.875,1175,-0.0016751724131836491,-0.019991154078325857,0.00058934937253394323,1.1839416798333593e-09,1.5556503109677974e-07,7.8486299163054975e-09,0.017335172705809719,-0.015810160756054549,0.018368974370360551,-0.013696836771274125,-0,0,-9.8066499999999994
1,5.8799999999999999,1176,-0.0016751724066991032,-0.019991153292343862,0.0005893494118007121,1.1766675843498095e-09,1.5429741487827739e-07,7.7478016540779257e-09,0.01733517198693758,-0.015810160171768541,0.0183689737775522,-0.013696836103367355,-0,0,-9.8066499999999994
1,5.8849999999999998,1177,-0.0016751724002507225,-0.019991152512677912,0.00058934945056612778,1.1694748393332638e-09,1.5303859808129785e-07,7.6480868324923985e-09,0.017335171274114006,-0.015810159591905969,0.018368973189283263,-0.013696835441052107,-0,0,-9.8066499999999994
1,5.8899999999999997,1178,-0.0016751723938381103,-0.019991151739284219,0.00058934948883573065,1.1623596202516814e-09,1.5178849951000202e-07,7.5494747798515837e-09,0.017335170567293716,-0.015810159016439517,0.01836897260552444,-0.013696834784287445,-0,0,-9.8066499999999994
1,5.8950000000000005,1179,-0.001675172387460888,-0.019991150972119388,0.00058934952661500808,1.1553182086934531e-09,1.5054704041544136e-07,7.4519548926767136e-09,0.017335169866431858,-0.015810158445342084,0.018368972026246707,-0.013696834133032791,-0,0,-9.8066499999999994
1,5.9000000000000004,1180,-0.0016751723811186958,-0.01999115021114041,0.00058934956390939463,1.1483469874079093e-09,1.4931414490972773e-07,7.3555166808937934e-09,0.017335169171484005,-0.015810157878586792,0.018368971451421301,-0.013696833487247919,-0,0,-9.8066499999999994
1,5.9050000000000002,1181,-0.0016751723748111916,-0.019991149456304657,0.0005893496007242726,1.1414424588080422e-09,1.4808973905292413e-07,7.2601497138065162e-09,0.017335168482406144,-0.015810157316146975,0.018368970881019728,-0.013696832846892945,-0,0,-9.8066499999999994
1,5.9100000000000001,1182,-0.0016751723685380503,-0.019991148707569857,0.00058934963706497236,1.1346012244649113e-09,1.4687375175845825e-07,7.1658436691150993e-09,0.017335167799154644,-0.015810156757996179,0.018368970315013739,-0.013696832211928318,-0,0,-9.8066499999999994
1,5.915,1183,-0.001675172362298964,-0.019991147964894089,0.00058934967293677279,1.1278199921971742e-09,1.4566611386228969e-07,7.0725882951089515e-09,0.017335167121686274,-0.015810156204108122,0.018368969753375319,-0.013696831582314798,-0,0,-9.8066499999999994
1,5.9199999999999999,1184,-0.0016751723560936404,-0.019991147228235778,0.0005893497083449018,1.1210955767705024e-09,1.4446675858185492e-07,6.9803734272309307e-09,0.017335166449958184,-0.015810155654456735,0.018368969196076709,-0.013696830958013483,-0,0,-9.8066499999999994
1,5.9249999999999998,1185,-0.0016751723499218033,-0.019991146497553673,0.00058934974329453679,1.1144248930941748e-09,1.4327562129312448e-07,6.8891889848260727e-09,0.017335165783927877,-0.015810155109016111,0.018368968643090344,-0.013696830338985751,-0,0,-9.8066499999999994
1,5.9299999999999997,1186,-0.0016751723437831915,-0.019991145772806838,0.00058934977779080472,1.1078049561892854e-09,1.4209263941878184e-07,6.7990249722138657e-09,0.017335165123553219,-0.015810154567760516,0.018368968094388885,-0.013696829725193285,-0,0,-9.8066499999999994
1,5.9350000000000005,1187,-0.0016751723376775586,-0.019991145053954652,0.00058934981183878302,1.1012328894227737e-09,1.4091775223792906e-07,6.7098714725861945e-09,0.017335164468792425,-0.015810154030664384,0.018368967549945204,-0.013696829116598062,-0,0,-9.8066499999999994
1,5.9400000000000004,1188,-0.0016751723316046721,-0.019991144340956786,0.00058934984544349958,1.0947059140161896e-09,1.3975090117934057e-07,6.6217186506557252e-09,0.017335163819604045,-0.015810153497702307,0.018368967009732357,-0.013696828513162332,-0,0,-9.8066499999999994
1,5.9450000000000003,1189,-0.0016751723255643133,-0.019991143633773203,0.00058934987860993337,1.0882213489503184e-09,1.3859202937860914e-07,6.5345567504037068e-09,0.017335163175946956,-0.015810152968849016,0.018368966473723602,-0.013696827914848617,-0,0,-9.8066499999999994
1,5.9500000000000002,1190,-0.0016751723195562768,-0.019991142932364148,0.0005893499113430148,1.0817766102021817e-09,1.3744108176046689e-07,6.4483760830481038e-09,0.01733516253778036,-0.015810152444079396,0.018368965941892381,-0.013696827321619713,-0,0,-9.8066499999999994
1,5.9550000000000001,1191,-0.0016751723135803695,-0.019991142236690129,0.00058934994364762594,1.075369212334619e-09,1.3629800490329389e-07,6.3631670392175725e-09,0.017335161905063772,-0.01581015192336846,0.018368965414212301,-0.013696826733438666,-0,0,-9.8066499999999994
1,5.96,1192,-0.0016751723076364109,-0.019991141546711926,0.00058934997552860112,1.0689967676379136e-09,1.3516274720760784e-07,6.2789200991036023e-09,0.017335161277757003,-0.015810151406691366,0.01836896489065715,-0.013696826150268781,-0,0,-9.8066499999999994
1,5.9649999999999999,1193,-0.0016751723017242319,-0.01999114086239057,0.0005893500069907271,1.0626569826327144e-09,1.3403525845239392e-07,6.1956258058388491e-09,0.017335160655820175,-0.015810150894023389,0.01836896437120087,-0.013696825572073603,-0,0,-9.8066499999999994
1,5.9699999999999998,1194,-0.0016751722958436748,-0.019991140183687334,0.00058935003803874369,1.0563476547319151e-09,1.3291549022804763e-07,6.1132747925946546e-09,0.017335160039213676,-0.015810150385339922,0.018368963855817565,-0.013696824998816921,-0,0,-9.8066499999999994
1,5.9750000000000005,1195,-0.0016751722899945925,-0.019991139510563735,0.00058935006867734396,1.0500666736076948e-09,1.3180339530241023e-07,6.0318577495601831e-09,0.017335159427898192,-0.015810149880616478,0.018368963344481484,-0.01369682443046275,-0,0,-9.8066499999999994
1,5.9800000000000004,1196,-0.0016751722841768484,-0.019991138842981523,0.0005893500989111747,1.0438120223042243e-09,1.3069892833915308e-07,5.9513654503466231e-09,0.017335158821834683,-0.015810149379828678,0.018368962837167022,-0.013696823866975343,-0,0,-9.8066499999999994
1,5.9850000000000003,1197,-0.001675172278390316,-0.01999113818090267,0.00058935012874483683,1.0375817671915137e-09,1.2960204479390757e-07,5.8717887407240083e-09,0.017335158220984373,-0.015810148882952249,0.018368962333848719,-0.013696823308319167,-0,0,-9.8066499999999994
1,5.9900000000000002,1198,-0.0016751722726348775,-0.019991137524289364,0.0005893501581828854,1.0313740662312339e-09,1.2851270188649154e-07,5.7931185455242472e-09,0.017335157625308743,-0.015810148389963023,0.018368961834501235,-0.013696822754458906,-0,0,-9.8066499999999994
1,5.9950000000000001,1199,-0.0016751722669104249,-0.019991136873104009,0.00058935018722983048,1.0251871673235526e-09,1.2743085783938245e-07,5.7153458528153982e-09,0.017335157034769531,-0.015810147900836912,0.018368961339099373,-0.013696822205359459,-0,0,-9.8066499999999994
1,6,1200,-0.0016751722612168582,-0.019991136227309213,0.00058935021589013724,1.0190193871021227e-09,1.2635647200423044e-07,5.6384617209920255e-09,0.017335156449328728,-0.015810147415549945,0.018368960847618049,-0.013696821660985932,-0,0,-9.8066499999999994
