s_m,time_s,speed_m_s,steering_angle_rad,sideslip_rad,longitudinal_accel_m_s2,lateral_accel_m_s2,throttle,brake,curvature_1_m,grade,lateral_offset_m,utilization_fl,utilization_fr,utilization_rl,utilization_rr,fz_fl_n,fz_fr_n,fz_rl_n,fz_rr_n
0.0,0.0,32.3736782790469,-0.02329824268899944,0.01913685848460742,3.819430063103033,-4.519333042153929,0.6749624051939727,3.7039100120317414e-09,-0.004312114198920351,0.0,0.0,0.35903652932673474,0.5917254368397773,0.6267597560667135,0.9999996908375763,4567.616652893997,2315.0115896953976,4601.692195162721,2735.322062247886
2.696884238332053,0.08288140797943039,32.70616768829358,-0.019639830180901603,0.016344140045821937,4.204036139854602,-3.955310249266761,0.7354979763689814,3.399057590947052e-09,-0.0036976111391504095,0.0,0.0,0.3215913047912119,0.5086156968435063,0.666724665783439,0.9999996852983365,4377.258846471132,2405.783894102231,4535.02137896856,2901.5783804580783
5.393768476664106,0.16489475629070222,33.06272384967152,-0.016799567746200353,0.014211789691468243,4.491295744083388,-3.4931649245085006,0.7812065420466024,3.2001780114754297e-09,-0.003195522142052406,0.0,0.0,0.2902228936572888,0.4412868407373785,0.7011777107087209,0.9999996792426514,4224.893706840486,2483.76931478078,4476.784078822847,3034.1953995558874
8.090652714996159,0.24600809998262782,33.43605724237353,-0.014523176284695993,0.012511309958223412,4.714221942873615,-3.106176411367339,0.8171007950546683,3.059598074894865e-09,-0.0027784078488346953,0.0,0.0,0.26324750392012947,0.38595796404977895,0.7310146088021701,0.9999996720898701,4099.5879322377095,2551.3531271968022,4425.736830541349,3142.964610024141
10.787536953328212,0.32620673419401675,33.821265360954534,-0.012652226205130755,0.011109943680722658,4.892444273117547,-2.775962436745884,0.8461644269508213,2.95450852672019e-09,-0.002426799413502769,0.0,0.0,0.23957687166620886,0.33973348164525835,0.7571193514000752,0.9999996637034715,3994.2189915666527,2610.575214501126,4380.625251389114,3234.223042543108
13.484421191660266,0.4054873307665822,34.214916015589004,-0.011082173885191596,0.009923879588767136,5.038455599051299,-2.489381934819899,0.8702995159014254,2.872574289547458e-09,-0.0021264764478690495,0.0,0.0,0.21845431169210883,0.30046577422809473,0.7802341743264479,0.9999996540724151,3903.894505084077,2663.0931969472836,4340.353257360897,3312.301540607743
16.181305429992317,0.48385422462260136,34.614535238609385,-0.009741362904820935,0.008897463036190918,5.160562749668643,-2.2368665847064526,0.8907729890762763,2.806551213652142e-09,-0.0018669086685505461,0.0,0.0,0.19933277833776686,0.2665785067870381,0.8009494707645523,0.9999996432106825,3825.1544301377103,2710.216241823088,4304.020548994589,3380.251279044614
18.87818966832437,0.5613169580671663,35.01830103315074,-0.00857840669501741,0.007991643339676287,5.26456305433092,-2.011176739204013,0.9084708980594093,2.751876837514544e-09,-0.0016400613491456756,0.0,0.0,0.18179310710041874,0.2368898080198506,0.8197406329299577,0.9999996311276662,3755.4439637967293,2752.9980578497293,4270.882777888992,3440.31770046455
21.575073906656424,0.6378886048612623,35.424850768333386,-0.00755572438555728,0.007178348015016636,5.354596753594894,-1.8067950916727191,0.9240272396618376,2.7055479523419024e-09,-0.0014397690823831023,0.0,0.0,0.16550954053822134,0.21051191614974565,0.8369858757169986,0.9999996178159491,3692.8520765106146,2792.277648004994,4240.3367033486675,3494.176072135725
24.271958144988478,0.7135846005210238,35.83315335079308,-0.006645035043022152,0.006436685114578904,5.433714694566303,-1.6194101043363143,0.937910162226391,2.665500486997985e-09,-0.0012612082077429014,0.0,0.0,0.15021999088665403,0.18676470558055475,0.852991499422929,0.9999996032489867,3635.9092764828215,2828.7345526026897,4211.887023140614,3543.111647773876
26.96884238332053,0.7884219128010028,36.24242274839783,-0.005824649082270194,0.005750739620109051,5.5042140429217925,-1.4456016724809515,0.9504728989889244,2.630269613224101e-09,-0.0011005612011636147,0.0,0.0,0.13570921903696506,0.16512050554309757,0.8680079627361701,0.999999587380008,3583.465808578202,2862.923724950978,4185.1249298473795,3588.1280366234423
29.665726621652585,0.8624184452296216,36.652058082403094,-0.005077452997889455,0.00510793271597114,5.5678796635299115,-1.2825691882715913,0.9619906021128353,2.598778026108306e-09,-0.0009547376960576279,0.0,0.0,0.1217928582744704,0.14515887037123829,0.8822466752881449,0.9999995701424874,3534.592632557564,2895.312052778442,4159.703209657065,3630.03460500693
32.362610859984635,0.9355926038739433,37.061600869497674,-0.004389850165200054,0.004498227092008441,5.626111129627667,-1.128011338633196,0.9726795528271313,2.570219537201268e-09,-0.0008212305858245223,0.0,0.0,0.10831202482175374,0.1265437044630496,0.8958861984760259,0.999999551448144,3488.535023303553,2926.2918717035695,4135.327865299654,3669.487739693224
35.05949509831669,1.0079629814145763,37.4707032310384,-0.003750872740270428,0.003913444888976001,5.680025479876548,-0.9800050099203425,0.9827128300614048,2.5439781947689255e-09,-0.0006979826193826392,0.0,0.0,0.09512661801551464,0.1090025157653278,0.9090799510569056,0.9999995311843491,3444.6690882249254,2956.1978410927545,4111.7464147630035,3707.0291559193174
37.75637933664874,1.079548126362973,37.87910487677138,-0.00315141113474721,0.003346642926996303,5.730544243325858,-0.8368804772124526,0.9922337089067743,2.519567721126492e-09,-0.0005832624550055755,0.0,0.0,0.08210695061642229,0.09230726239571409,0.9219653481527487,0.9999995092035621,3402.4593954639968,2985.3267826034153,4088.733386086903,3743.122935845685
40.453263574980795,1.1503666477242946,38.28631844622883,-0.0025838074205246572,0.002791853097668097,5.769984203449361,-0.69717356292285,0.999999356369206,2.5000015946297083e-09,-0.00047561297686486145,0.0,0.0,0.06911040081125984,0.07624037902415039,0.9336292322289133,0.9989082186034933,3362.5357466523956,3015.038298883038,4064.9917429940424,3777.076711470524
43.15014781331285,1.2204387861287953,38.690311214986,-0.002041433269309598,0.0022436373595418604,5.761100929690159,-0.5595344284065767,0.9999993180536866,2.5000017056520107e-09,-0.00037378542921583064,0.0,0.0,0.05595068456877557,0.060559440433418266,0.939501593412175,0.9918760661171593,3329.383560289208,3050.4906186303047,4035.4209372919186,3804.3473837885695
45.8470320516449,1.2897872396620937,39.08951355949717,-0.0015190975348277275,0.0016972755960899789,5.752143860099099,-0.4227864665566546,0.9999992760407017,2.500001816674313e-09,-0.0002766945118096445,0.0,0.0,0.04265139136114495,0.045292141736400816,0.9455139880432246,0.9850834945619144,3296.4630247886225,3085.7303953642904,4006.0245935400685,3831.4244863070194
48.543916289976956,1.3584350537915946,39.484065971561186,-0.0010119618502336752,0.001148841737462594,5.743119780752104,-0.28589089531008494,0.9999992300720781,2.5000019276966157e-09,-0.00018338195019657204,0.0,0.0,0.02910265442649544,0.030314616564497864,0.951712316643751,0.9784713681352925,3263.514377628904,3121.015634497784,3976.5890949460963,3858.5233929272163
51.24080052830901,1.42640409722953,39.87410208941351,-0.0005157311346200686,0.0005946258774774179,5.734032760848409,-0.14785620344865705,0.9999991795605132,2.500002038718918e-09,-9.299459718525491e-05,0.0,0.0,0.015191790728607399,0.015517204585862785,0.9581458589674129,0.9719887015563995,3230.289988807667,3156.5929124012273,3946.910233810189,3885.8493649809175
53.93768476664106,1.4937151440284089,40.259749015109094,-2.64579968990074e-05,3.0967843101769406e-05,5.724884490163904,-0.007695799934885405,0.9999991237856656,2.500002205252372e-09,-4.748010194395244e-06,0.0,0.0,0.0007983808070773395,0.0007992659572406178,0.964869281811898,0.9655901274328671,3196.5437625741597,3192.7078872941156,3916.7845103372274,3913.606339794498
56.634569004973116,1.5603879487173917,40.641127604154775,0.00046375385296932946,-0.0005499719113090908,5.715674114122405,0.1355719753018807,0.9999990618639658,2.5000023717858255e-09,8.208020370560078e-05,0.0,0.0,0.014205560625274881,0.013932265222695143,0.9719430731339422,0.959235754102855,3162.031161469745,3229.605317909276,3886.009113511605,3941.996907109375
59.33145324330517,1.626441315230563,41.01835267885217,0.0009641305933199025,-0.001157615952535465,5.706396997301698,0.28295674920380276,0.9999989927001242,2.5000025383192792e-09,0.0001681758485525657,0.0,0.0,0.029955107823071973,0.02877129046596614,0.9794357321427225,0.9528897239911561,3126.501167651556,3267.5374223328263,3854.3749680282267,3971.228941987392
62.02833748163722,1.6918931603054679,41.3915331991747,0.0014790845709398552,-0.0017968401888431506,5.697045410260864,0.43551327936968126,0.999998914913397,2.500002704852733e-09,0.00025420165552238313,0.0,0.0,0.04659916576145386,0.04381056033809359,0.987425536937891,0.946519747526096,3089.691916435815,3306.76806662164,3821.6632791077545,4001.51923783479
64.72522171996927,1.7567605718938137,41.76077243551055,0.0020133474952491923,-0.0024730469275336736,5.687608552901218,0.5943597240665619,0.9999988266234747,2.500002926897338e-09,0.0003408099976228383,0.0,0.0,0.0643059249896333,0.05914178870535457,0.9960028124980592,0.9400967893631348,3051.3261400439683,3347.5773150083955,3787.6417629948846,4033.0972819527524
67.42210595830133,1.8210608504647134,42.12486867674194,0.0025717408701344353,-0.0031921762199635904,5.637477703357992,0.7606568596698808,0.9934532551759709,2.516474750802189e-09,0.00042865872332679814,0.0,0.0,0.083129724467844,0.07474665838130633,0.9999989734820779,0.9286082961975536,3016.371930408693,3395.511833900399,3746.813354891468,4060.945380799441
70.11899019663338,1.8848132997326321,42.48151719125414,0.0031594140720388898,-0.003960578221698885,5.551264256411488,0.9355874356989422,0.9810981766047484,2.5481649568170894e-09,0.0005184230983369966,0.0,0.0,0.10319376915583897,0.09065977014831478,0.9999988700206217,0.912665835951483,2983.937513241846,3450.2693757230377,3699.53084292466,4085.904768110457
72.81587443496544,1.9480390491352946,42.82958333858328,0.0037825512229317563,-0.004785473659609782,5.459184640050637,1.1204579253883322,0.9678001592702854,2.5831779493223905e-09,0.0006108124126091131,0.0,0.0,0.12478129693180966,0.10702401110849666,0.9999987486295185,0.8960024061213299,2949.7853426505712,3508.2635898363183,3649.436405175579,4112.157162337532
75.51275867329748,2.010759386998402,43.168876162700414,0.0044481579380400175,-0.005675479606200287,5.360211972968158,1.3167555299097629,0.953396936471769,2.6222026772160234e-09,0.0007065837832085461,0.0,0.0,0.14813232965225795,0.12392294788164553,0.999998604442601,0.8785130884297178,2913.6777246728166,3569.9980591122144,3596.090008972637,4139.876707242333
78.20964291162954,2.072995114884044,43.49913565811916,0.005164400630141151,-0.006640704213083509,5.253122276258628,1.5261479538216656,0.9376955174233185,2.666110665572319e-09,0.0008065575925644963,0.0,0.0,0.17352439549802878,0.14144518416537766,0.9999984305480888,0.8600847008151176,2875.357497617881,3636.0468683508675,3538.9888328799816,4169.249301151271
80.90652714996159,2.1347666840862645,43.820020836493136,0.0059410111463742464,-0.007693216264013473,5.136431234784404,1.7505387253868794,0.9204623477923306,2.716026348270617e-09,0.0009116466978096031,0.0,0.0,0.2012822095677888,0.15968794279331755,0.999998216960443,0.8405930393763307,2834.5424323505795,3707.0765782856024,3477.5476566075617,4200.475832756258
83.60341138829365,2.196094342574447,44.131094277312954,0.0067896393050910445,-0.008847437495824846,5.008333458309049,1.9920841956244442,0.9014139624050317,2.7734205487739416e-09,0.001022864950267268,0.0,0.0,0.2317829459044508,0.17875740521484682,0.9999979487286568,0.8199043707365561,2790.9288593227816,3783.8583255793405,3411.0874874081323,4233.767827689746
86.3002956266257,2.2569982979114425,44.43180170039326,0.007724572027933051,-0.010120986789162728,4.866588072047741,2.2532772270907264,0.8801992350994519,2.8402660778859e-09,0.0011413708565389848,0.0,0.0,0.2654695747792923,0.1987746731355846,0.9999976024216491,0.7978725102596911,2744.18562369766,3867.3034915756934,3338.803467465634,4269.349917261014
88.99717986495774,2.3174989037397564,44.72144451460188,0.008763521320907897,-0.011535602551277566,4.70838617509149,2.536997371420114,0.8563789415813514,2.9192684380952016e-09,0.00126849386576786,0.0,0.0,0.30285901047963387,0.21987935981893938,0.999997139134508,0.7743411176659107,2693.958739566156,3958.4933668833696,3259.7373534677617,4307.453040082713
91.6940641032898,2.377616880070686,44.999142875130254,0.00992882826596216,-0.013118606175015087,4.530149046272311,2.8465969571739405,0.8293946059650732,3.0142467410954055e-09,0.001405780444338463,0.0,0.0,0.3445516181348044,0.24223701228124186,0.9999964891663077,0.7491468411459664,2639.87606037441,4058.726731215796,3172.7336154213544,4348.3060929884405
94.39094834162185,2.437373581786552,45.263784750046135,0.011249132625474277,-0.014905043015315552,4.327239069465679,3.1859967281677983,0.7985239116621636,3.1307766379384816e-09,0.0015550472722046917,0.0,0.0,0.3912345074049272,0.2660491335258114,0.9999955138838644,0.7221288098853766,2581.560868908607,4169.581113104744,3076.3822636991827,4392.118254287467
97.08783257995391,2.4967913369756753,45.5139537159564,0.012761892872126524,-0.016941212409862013,4.093505372185771,3.5598338171608024,0.7628105347598153,3.277353832764618e-09,0.0017184646282045757,0.0,0.0,0.44367556719520435,0.29157042447018844,0.9999938917828329,0.6931476854032421,2518.6538230518345,4293.008491292922,2968.9294707714757,4439.050714883769
99.78471681828596,2.5558938875561155,45.74782510002586,0.014516542546437618,-0.0192899596961361,3.820634293495677,3.973547109964409,0.7209638568666975,3.4675802229600095e-09,0.001898617424088797,0.0,0.0,0.5026735218177056,0.3191280288755123,0.9999906646100136,0.6621374881384441,2450.8757726556355,4431.44066027852,2848.1758533899556,4489.15021367589
102.48160105661802,2.614706984091829,45.96300954083156,0.016579322369238376,-0.022041034774957616,3.4969748153855114,4.4336203037765545,0.6711766210399377,3.7248019668645327e-09,0.0020986575711047046,0.0,0.0,0.5689555287874305,0.34916226944009837,0.9999810707023263,0.6292049069881885,2378.119249533456,4588.001869697082,2711.2742194308703,4542.247161338592
105.17848529495006,2.673344175378346,46.022479750800336,0.015920694080678,-0.026467127047814107,-1.4685613282579806,4.919140626258931,3.902421637225206e-08,0.06406278543270183,0.002322465158945568,0.0,0.0,0.5414992643132752,0.33948776017690674,0.6070938065378221,0.3597048871616855,2899.978071690074,5351.86222759101,1968.160828639853,3999.6413720790624
107.87536953328213,2.7320582834194678,45.84281951731629,0.014418660301324304,-0.03278828357806015,-4.651293903570193,5.411154099031842,7.791984252270012e-09,0.32084253766140336,0.002574822293401229,0.0,0.0,0.7121196706523499,0.4307651010300299,0.9999813656233377,0.5132079694036198,3189.409288504836,5886.531409741019,1454.516075048505,3689.185726705642
110.57225377161417,2.79105105056079,45.588898953438914,0.015671031176065768,-0.03781517136697113,-3.957304559940758,5.947696538293895,9.440491249845806e-09,0.26481672713501847,0.0028617427757684118,0.0,0.0,0.7446249781241872,0.4347521613588264,0.9999918824453556,0.5204744630862237,2965.846017803685,5930.401011109548,1433.5736876836477,3889.8217834031198
113.26913800994623,2.850344378318655,45.37913002992636,0.017338710728682916,-0.044412777203588175,-3.1183664097933446,6.570841925085062,1.2705247062760883e-08,0.19676909765000433,0.0031908668936979465,0.0,0.0,0.7968107898622729,0.4525693726289021,0.9999957515782665,0.5395709538738404,2701.9339750720246,5977.08799710661,1413.5145815948592,4127.105946226507
115.96602224827828,2.9098766511238012,45.22356534583004,0.02021489878812013,-0.05352055183017552,-2.1078793014877144,7.305514008490176,2.18910929661309e-08,0.11420169857898045,0.0035720800360140247,0.0,0.0,0.8777521278646518,0.49572197732426115,0.9999980712492925,0.5751118138504513,2388.0179250856236,6029.360063692446,1392.6360877186112,4409.62842350332
118.66290648661034,2.969572110963413,45.13128103194373,0.027330140466451096,-0.06718370081636539,-0.9839608619717868,8.184426512398943,1.2213718661967243e-07,0.020468786527512127,0.00401821278949517,0.0,0.0,0.975999279511116,0.5868592911406578,0.9999997508613604,0.6352614530778828,2023.4691515290667,6102.894241302914,1356.659079109228,4736.620028058791
121.35979072494239,3.029533378263322,44.82397952782488,-0.0012662269348032492,0.001650713566330429,-9.266159065502839,-0.384456642106872,3.5801883124797484e-09,0.6982872955987645,-0.00019134915390337456,0.0,0.0,0.6407162053096314,0.6630961365665071,0.9286504725934652,0.9999963406612027,5231.244374755352,5039.616767205207,2053.7761090750173,1895.005248964426
124.05667496327445,3.090084037984069,44.25822150380223,-0.0003458693257700369,0.0004340929425952822,-9.421691645661541,-0.10309094924373935,3.5110185869768884e-09,0.7120440833671269,-5.2629909413916894e-05,0.0,0.0,0.6586236905634038,0.6646907241727046,0.9801533329632761,0.9999969748873299,5181.2586828826625,5129.874287868986,1975.5417406942831,1932.967788554068
126.75355920160649,3.151421200168852,43.68194263587063,0.0005982318496867733,-0.000742246074357886,-9.369644488021839,0.17647303326192604,3.525783554003681e-09,0.7090622466818519,9.248567320079428e-05,0.0,0.0,0.664967266582611,0.6545974539259152,0.9999973930392007,0.9663805153735884,5104.847848530297,5192.808626046788,1924.5535651787345,1997.432460244182
129.45044343993854,3.2135734491131194,43.1050506769635,0.0015479649770033163,-0.0019277634094443771,-9.195007961007954,0.4539645670152357,3.5910943663175487e-09,0.6961666129935147,0.0002443237223990899,0.0,0.0,0.6645252865459921,0.6380762487803381,0.9999976904757445,0.9166645373154338,5013.082562123237,5239.355525994894,1889.8642692392123,2077.3401426426562
132.14732767827059,3.276560602677735,42.53162320216761,0.0025025926638332866,-0.003127398570565137,-9.01356805217681,0.7294301927951141,3.662058656317413e-09,0.6826761166409676,0.0004032364850338168,0.0,0.0,0.6641682821358432,0.6220135158967781,0.9999979313056697,0.8708360112449537,4920.94137500152,5284.516736722834,1856.4740926192121,2157.710295656435
134.84421191660266,3.340399712804475,41.962245950465714,0.003463064823016157,-0.004341917470142834,-8.825123842711482,1.0029643938490451,3.73930342245643e-09,0.6685737194426239,0.0005695974882953707,0.0,0.0,0.6639111490582523,0.6063945373257932,0.9999981309841253,0.828546555461797,4828.374728357188,5328.289793416321,1824.3895375352388,2238.588440691253
137.5410961549347,3.4051073580507056,41.39754851745957,0.004430258711230842,-0.00557242954448179,-8.62948591876303,1.2746774915188204,3.823546534942324e-09,0.6538432273959949,0.0007437912575829847,0.0,0.0,0.6637741426966473,0.5912113135318111,0.9999982997951246,0.7895104627095163,4735.330605714687,5370.6776678935985,1793.6123463553417,2320.021880036373
140.23798039326675,3.4706994840185508,40.838206767676695,0.0054050784555472915,-0.0068205240087798515,-8.426452412632514,1.5447214905414637,3.915626989314802e-09,0.6384673491680386,0.0009262257725967068,0.0,0.0,0.663783538668269,0.5764614510809768,0.9999984448675228,0.7534916719214768,4641.744989986008,5411.692107927769,1764.1372666828886,2402.068135403335
142.9348646315988,3.537191221226315,40.28494616233304,0.006388437306940305,-0.008088268002009931,-8.21580610907588,1.8132823270259082,4.01653232895427e-09,0.6224274547251396,0.0011173258681626632,0.0,0.0,0.6639725801561761,0.5621492281236858,0.9999985713020686,0.7202981434759338,4547.543420790086,5451.351330667062,1735.9540266814247,2484.793721861428
145.63174886993087,3.604596677294272,39.73854554403594,0.007381268861932182,-0.009378258421835437,-7.997305571867477,2.080581722012715,4.127436448175814e-09,0.6057028486556193,0.0013175310036249775,0.0,0.0,0.6643826140234084,0.5482862791375999,0.9999986828475286,0.6897760588762412,4452.639383717845,5489.679335783557,1709.0481011311686,2568.2756793674316
148.32863310826292,3.672928700306863,39.199841591678464,0.008384536054317139,-0.010693688146210682,-7.770676063500689,2.3468791573950494,4.249749052664953e-09,0.5882700242473666,0.0015272920951697629,0.0,0.0,0.6650645039019587,0.5348925216725402,0.9999987823249138,0.6618051512118385,4356.932642321168,5526.705222335262,1683.4014790008146,2652.6031563427573
151.02551734659497,3.7421986098626814,38.66973397217827,0.009399239228636039,-0.012038429321370126,-7.535600248595201,2.612474005152686,4.385180996102633e-09,0.570101897464209,0.0017470671954079825,0.0,0.0,0.6660803892407465,0.5219973789601735,0.999998871903435,0.6362948959575223,4260.307503891126,5562.462515834418,1658.993427364403,2737.8790529100534
153.722401584927,3.812415892152474,38.1491912187534,0.010426426613003496,-0.01341713930862178,-7.291708341690271,2.877708231240769,4.5358304334719435e-09,0.5511669927659182,0.001977316037190597,0.0,0.0,0.6675058762384439,0.5096413445209058,0.9999989532857951,0.6131813062818914,4162.630870089295,5596.988566598366,1635.801208591423,2824.2218547209172
156.4192858232591,3.883587854890151,37.63925779951552,0.011467251934584453,-0.01483546790313773,-7.0385555967144855,3.1429824557166084,4.7043097750609775e-09,0.5314275915664857,0.0022185021534468614,0.0,0.0,0.6694328475356839,0.4978774034243924,0.999999027836478,0.5924232226035512,4063.745320153306,5630.325637924552,1613.7996784436382,2911.7718634785033
159.11617006159113,3.9557192387245306,37.14106108436933,0.012522868966481492,-0.01629999678894239,-6.7756484747872765,3.4087196454984827,4.893882521450621e-09,0.5108418474936596,0.0024710564666908528,0.0,0.0,0.671972663486442,0.486775401766689,0.9999990966722805,0.574003050460793,3963.4815471378497,5662.515245441,1592.9653952650824,3000.6803121560697
161.81305429992318,4.028811782726129,36.655818790815935,0.013594591766248679,-0.017818634595403438,-6.502402818162156,3.6754043456596674,5.1087097607815934e-09,0.48936035025199454,0.0027353901246076474,0.0,0.0,0.6752604313968127,0.4764234725684391,0.9999991607288248,0.5579213195844326,3861.643165760052,5693.602519299793,1573.2739341969982,3091.122880743158
164.50993853825523,4.102863739688885,36.184848752187435,0.014684009860683774,-0.019400962496645732,-6.218117966100717,3.9436001045092652,5.3541907574228276e-09,0.466923968115234,0.003011891661339198,0.0,0.0,0.6794604314565506,0.46693159799945605,0.9999992208116082,0.5441942979797391,3757.9990186727287,5723.637195764066,1554.699640189105,3183.306645374102
167.2068227765873,4.177869339860428,35.729576919783995,0.015792874523123737,-0.021058075164745012,-5.922044331769661,4.213879781105689,5.637368655220243e-09,0.4434693119854479,0.003300854596714932,0.0,0.0,0.6847712826968686,0.45843910885387396,0.9999992776314829,0.5328556885795689,3652.30929393346,5752.664997328327,1537.2212698211754,3277.446938917037
169.90370701491935,4.2538182040997805,35.29154649168411,0.01692363350741599,-0.022803601390400982,-5.6132721085459405,4.486930639185248,5.967732918943369e-09,0.4189195513617877,0.003602533073211567,0.0,0.0,0.6914345828139359,0.45111675160449666,0.9999993318403426,0.5239493190574327,3544.284925068375,5780.739415537272,1520.8146992957932,3373.8034600985616
172.6005912532514,4.330694708077932,34.87242643334806,0.018079446252847516,-0.024653490771031253,-5.290840128624498,4.763454947360629,6.358197968125978e-09,0.39319316766691803,0.003917037492712546,0.0,0.0,0.6997411460557756,0.4451768098169882,0.9999993840511502,0.5175314038933155,3433.6264566683185,5807.9110319933825,1505.459355937248,3472.645655401052
175.29747549158344,4.408477305073962,34.47401768549116,0.019265001989095747,-0.026627096936534957,-4.953659645233833,5.04424871720083,6.826917336999472e-09,0.36619749020763925,0.00424436468200655,0.0,0.0,0.7100408249339348,0.4408786135316183,0.9999994348643949,0.513665543492063,3319.994553901987,5834.237273881776,1491.1318272557335,3574.278844960506
177.9943597299155,4.487137817862123,34.09825895508448,0.020487380574291062,-0.028747720953747037,-4.600562684863234,5.3301753716397995,7.400122237211093e-09,0.33783225782569026,0.00458434284125091,0.0,0.0,0.7227494549528038,0.4385386989562572,0.9999994848855647,0.5124223646027806,3203.0228247287596,5859.782111530472,1477.805038201091,3679.0325255396788
180.69124396824756,4.566640718972538,33.747225905021324,0.021757557849402757,-0.031043324353785103,-4.230371600319824,5.622141939616531,8.117023830855885e-09,0.3079946604673616,0.004936573965052294,0.0,0.0,0.7383509850170047,0.4385414974811332,0.9999995347384235,0.5138782410170543,3082.332757277599,5884.619130305214,1465.4441620314467,3787.246450385742
183.3881282065796,4.646942431444125,33.42312312492697,0.02309314444470423,-0.03354788849930454,-3.8419425728606393,5.921122673052004,9.038917808679159e-09,0.2765817821599842,0.005300416548165346,0.0,0.0,0.7573916538013817,0.4413516268478779,0.9999995850782233,0.5181146202383488,2957.5334660260287,5908.843048375387,1453.9961117339653,3899.2698738646186
186.08501244491165,4.72799069439204,33.128264414051536,0.024522821828833977,-0.03630274709239823,-3.4343268560604137,6.2281309875728015,1.0266862082719541e-08,0.2435018586065396,0.005674928187929588,0.0,0.0,0.7804502841714159,0.44753038888990837,0.9999996365910468,0.525218955634032,2828.249560020092,5932.583599138409,1443.3744585880752,4015.434882253425
188.7818966832437,4.809724061687643,32.86503151193338,0.026094052846288983,-0.03935842370538216,-3.0070348308923993,6.544190431400801,1.1979349845425702e-08,0.20869246102175065,0.006058816820779631,0.0,0.0,0.8080625682890357,0.45775852959405877,0.9999996899732692,0.5352869428945661,2694.1625636737945,5956.032481825131,1433.4312410198347,4136.016213481241
191.47878092157578,4.892071639036219,32.6357969789688,0.027886563212883166,-0.04277705731586241,-2.5605203553812363,6.870282248414541,1.4521885027818371e-08,0.17215395900967007,0.006450392379647072,0.0,0.0,0.8405512683112907,0.4728707444977873,0.999999745865788,0.5484271719599579,2555.0866910192594,5979.492999213382,1423.9050861841579,4261.1577235832
194.17566515990782,4.974953225127466,32.442782918591256,0.030036066687080355,-0.04663577156245852,-2.0971066836648036,7.207250875301313,1.8654766772985276e-08,0.13401400464245117,0.0068475220332189154,0.0,0.0,0.8776695595949563,0.4939086716829042,0.9999998046880365,0.5647705678012939,2411.1122710383192,6003.476379196318,1414.320850156699,4390.732999608665
196.87254939823987,5.058280139524498,32.287795882053636,0.03277471376681306,-0.05103199797870224,-1.622890058902627,7.555628623830305,2.6409508288582906e-08,0.09466287568195982,0.0072475931385083976,0.0,0.0,0.9178906839373837,0.5221897406257643,0.9999998662400167,0.584492579576767,2262.895887423435,6028.904529613853,1403.7793715290545,4524.0627114336585
199.56943363657192,5.141957286528076,32.1716911949503,0.03648668134695792,-0.05609521858924254,-1.1521821787347815,7.915295173102148,4.538512652155213e-08,0.05508412538725281,0.007647497297304423,0.0,0.0,0.9571421340065164,0.5593118302144119,0.9999999287169117,0.6078826687262039,2112.3203801110776,6057.600317954179,1390.4526413315648,4659.2691606031785
202.266317874904,5.22588784207284,32.093063349614205,0.041667518311424054,-0.062034722472564884,-0.7214611571827556,8.284623667121146,1.390250065833043e-07,0.01798237641864876,0.008043599499246207,0.0,0.0,0.9873973740811968,0.6065044865566849,0.9999999858177719,0.6356768844969638,1964.51380509492,6093.8809141756155,1369.9539717582306,4791.293808971235
204.96320211323604,5.309990232529894,32.04033515778168,0.04692840798523131,-0.06992133811272255,-0.5324444021679172,8.655923672935463,2.436755711694306e-05,0.0001025954299810267,0.008431780989451956,0.0,0.0,0.9994165042466497,0.6574181613192057,1.0000000099268582,0.674514561436789,1847.5079625948547,6161.944918323625,1317.7561397336756,4892.433479347846
207.66008635156808,5.39422237763698,31.994259501904082,0.05110716961404851,-0.07958692337563039,-0.5615721321220531,9.015633181040169,4.423090339708077e-05,5.652156768213329e-05,0.008807488955774736,0.0,0.0,1.000000009946854,0.7040336486104808,1.0000000000062788,0.7202450661911376,1761.6326093748762,6255.3622730495845,1239.7096788419758,4962.937938733564
210.35697058990013,5.478579373225502,31.945566320157678,0.05537525799161869,-0.08959760789896308,-0.592883634030027,9.353877124279892,4.616546123712278e-05,5.415303850554165e-05,0.009165802128361189,0.0,0.0,1.0000000099484967,0.7470687016565376,1.0000000001086,0.762178332901865,1681.3895978747587,6343.712727008017,1165.8128649027171,5028.727310214508
213.0538548282322,5.5631242263554945,31.85228544680578,0.033406096784026756,-0.05076641087261747,-1.613781096406368,7.559662031928032,2.648939449734211e-08,0.09437739320405611,0.007451113552618562,0.0,0.0,0.9186403313826415,0.5227426621253645,0.9999998973879847,0.5845684148532192,2260.711401175903,6028.730445215032,1404.1258091358493,4526.074844473216
215.75073906656425,5.648007835251655,31.69123250374596,0.0305972215646941,-0.045308972416960296,-2.180920371625528,7.14124645064893,1.762719512021782e-08,0.1418263077978859,0.007110428307090692,0.0,0.0,0.8708261854155026,0.48967536173452475,0.999999843099604,0.5610913789061286,2438.4126904895707,5997.877718234897,1417.0990491034543,4366.2530421720785
218.4476233048963,5.733387460042467,31.483405047003963,0.02879799543143458,-0.040899959913658,-2.6874473788902007,6.7699342046882265,1.3587517874724675e-08,0.18399239820838392,0.006830005514584263,0.0,0.0,0.8312758200284538,0.4682840049381864,0.9999997992939476,0.543746421642746,2596.527821478106,5970.916901627394,1428.1931705488118,4224.00460634569
221.14450754322834,5.819391145027795,31.233144402227076,0.027554946659185103,-0.03726790176150508,-3.132410915455177,6.44040115797586,1.1312692366205468e-08,0.22099071723862984,0.0066020909251240205,0.0,0.0,0.8002657879266367,0.45482292272581976,0.9999997652972168,0.5312666108522086,2736.2605218937406,5946.397974072333,1438.63068696024,4098.353317073688
223.8413917815604,5.906140588670094,30.944598891630818,0.026653476466353698,-0.03423277402966683,-3.5201210810777765,6.148252126597556,9.871405748373974e-09,0.25325673633212437,0.0064206937145331305,0.0,0.0,0.7764389386197912,0.4468057140494624,0.9999997397912419,0.522652573013982,2859.2641579640494,5923.783577315018,1448.7611441943575,3987.833620526576
226.53827601989246,5.99375242299122,30.621479413687894,0.02598556305645933,-0.031667759951065494,-3.856242649428942,5.889762219624684,8.887612146235568e-09,0.2812904028050852,0.0062812405260993,0.0,0.0,0.7582545055483854,0.44251780166169274,0.9999997213940794,0.5170708434963357,2967.2004282271937,5902.878784571372,1458.6202992003675,3890.9429880010675
229.2351602582245,6.082339775469488,30.267023508148274,0.025494062177558754,-0.029480147948807156,-4.146432857866554,5.661755009303526,8.181424926423375e-09,0.30557024199437194,0.0061803297143128095,0.0,0.0,0.7443911505356186,0.44075290043273724,0.9999997088447017,0.5138188197820032,3061.593368231075,5883.624380680802,1468.131633907812,3806.293117180312
231.93204449655656,6.172013803774365,29.884028683070778,0.025147805484969157,-0.027600341982577884,-4.395847668957693,5.461525803964645,7.656406564304774e-09,0.32652393512981803,0.006115552527334747,0.0,0.0,0.7338135356439308,0.44065465360323564,0.9999997010549787,0.5123071782510845,3143.784550863602,5866.01381877723,1477.1861198989102,3732.658010460259
234.6289287348886,6.262885120518951,29.474907758391147,0.024929811632746143,-0.02597503032178678,-4.608981911695718,5.286787603647003,7.25646803756419e-09,0.3445202245752153,0.00608536950338719,0.0,0.0,0.7257402341653809,0.4416126170974148,0.9999996971122077,0.5120464998880258,3214.925859221348,5850.059055414151,1485.6740738912165,3668.983511473285
237.32581297322068,6.35506509698829,29.041748972662898,0.024831460334353777,-0.024562725293821423,-4.7896432180861295,5.135632200831328,6.9469698327218055e-09,0.3598691312440311,0.006089033716363358,0.0,0.0,0.7195914107923099,0.4431904472902997,0.9999996962632117,0.5126345419012122,3275.985806754861,5835.777481856727,1493.4965642250795,3614.3826471633333
240.02269721155272,6.4486670562025,28.5863747733499,0.024849542066939467,-0.02333074075356242,-4.940978636480781,5.0065017430675525,6.705554361774446e-09,0.372825252987391,0.006126553149685515,0.0,0.0,0.7149404899787074,0.44507524071510085,0.9999996978926953,0.513743694312413,3327.760069871414,5823.188282431647,1500.5678373448063,3568.126310352134
242.71958144988477,6.543807368477192,28.110397792887774,0.024984779157015795,-0.02225309567853668,-5.065516349272112,4.8981698179774815,6.5173465513268525e-09,0.3835916926820003,0.006198689108402007,0.0,0.0,0.7114757221168381,0.44704155021705144,0.9999997015013955,0.5151090687195353,3370.881602858475,5812.313121506626,1506.8138225546945,3529.6339530802043
245.41646568821682,6.640606457205679,27.61527466461603,0.02524115046140287,-0.021309043303107608,-5.165204302375189,4.8097323034549335,6.372293637202375e-09,0.3923234147677663,0.006306990417610923,0.0,0.0,0.7089715933969666,0.44892580447069375,0.9999997066863441,0.5165177388945289,3405.8279193237004,5803.178864327018,1512.1690201985825,3498.4666961506987
248.1133499265489,6.739189711876014,27.102359503874354,0.0256256953367521,-0.020482044571188504,-5.241435970139101,4.740609081287748,6.263633361980325e-09,0.39912936413548405,0.006453865949538528,0.0,0.0,0.7072684639918186,0.4506081702854749,0.9999997131240544,0.5177995098374223,3432.924000764042,5795.8213397184045,1516.572812182747,3474.3243473348075
250.81023416488094,6.839688289292562,26.57295974643064,0.026148642901871817,-0.019759078776078836,-5.29505669348365,4.690558630378303,6.187002854485257e-09,0.40407286892385597,0.006642701077653349,0.0,0.0,0.7062587686638196,0.4519998022567824,0.9999997205568167,0.5188194589724349,3452.3394802239163,5790.289797553101,1519.9656280982504,3457.0475941247328
253.50711840321298,6.942239760577041,26.02839796597953,0.026823803784173574,-0.01913023643938937,-5.326344330288751,4.659708752012228,6.139944080940651e-09,0.40716983225626713,0.006878027310673429,0.0,0.0,0.7058785451284355,0.45303410697036817,0.9999997287820337,0.5194724537537557,3464.0784798986215,5786.652060979716,1522.2851059253949,3446.6268531962673
256.20400264154506,7.046988526813799,25.470084561439865,0.02766921648704667,-0.018588584068770887,-5.3349561066527205,4.648608509120231,6.121688794769042e-09,0.40838403923260125,0.007165759022306622,0.0,0.0,0.7061036414948663,0.45366121394030634,0.9999997376445391,0.5196799410617028,3467.9597860325543,5785.00058979717,1523.4622480974963,3443.219876072781
258.9008868798771,7.154085873570066,24.89960811713732,0.028708080397346684,-0.018130339499944137,-5.319829431216093,4.658309289548042,6.133185154189036e-09,0.4076185435225128,0.007513517395599625,0.0,0.0,0.7069506570054526,0.45384539313992717,0.9999997470320471,0.5193895687684719,3463.5838054296755,5785.459841938778,1523.417523964477,3447.18132866707
261.59777111820915,7.263689449989863,24.318854661645318,0.029970171190484965,-0.017755599634537905,-5.278991210214389,4.690509946116151,6.177425682096782e-09,0.40469932415287696,0.007931107322820184,0.0,0.0,0.7084842989874223,0.45356535146547083,0.9999997568749258,0.5185782244966787,3450.2717069387636,5788.1977582060335,1522.055587098238,3459.117447756965
264.29465535654117,7.375961833281974,23.730167551748295,0.03149333849964898,-0.017469289965182416,-5.209349230261684,4.747693416494181,6.2600595818196325e-09,0.39935722181352207,0.00843103820315843,0.0,0.0,0.710830950155267,0.45282091983332384,0.9999997671489013,0.5172627602468426,3427.0043647401835,5793.432802024003,1519.2640734968772,3479.9412597389364
266.99153959487325,7.49106763334929,23.136574691792248,0.033326440394434186,-0.01728401355710101,-5.1061708687292215,4.833496405749307,6.390860451954694e-09,0.39118363102428927,0.009029491084306455,0.0,0.0,0.7142100751018527,0.4516451398277749,0.9999997778898677,0.5155176800088641,3392.2627381347875,5801.4586028754575,1514.9047552064526,3511.0164037833024
269.6884238332053,7.609168260736886,22.54211684209521,0.03553224896621573,-0.017223833828336303,-4.962506295924705,4.953060967774367,6.586209272407828e-09,0.3795810149056348,0.009747298829992104,0.0,0.0,0.7189851230298654,0.45013588156019185,0.9999997892174012,0.5135142601462609,3343.8655761420205,5812.6569022670565,1508.8156179243313,3554.3044036665933
272.38530807153734,7.730412959784474,21.952334228440538,0.038192805092674795,-0.017332674339161195,-4.768001700125077,5.113798328782436,6.874516927934948e-09,0.36366191609026344,0.010611632088107672,0.0,0.0,0.72576737085841,0.4485170701200293,0.9999998013898015,0.5115887566803632,3278.6254133899456,5827.534267892441,1500.8067860896488,3612.6760326279646
275.0821923098694,7.854923845927605,21.375012147681858,0.04141687372470963,-0.017689503698380446,-4.507084493075887,5.326487607842812,7.307929816846581e-09,0.3420941445747035,0.011658110852302811,0.0,0.0,0.735615491224092,0.4472737665541965,0.9999998149101925,0.5103742792987982,3191.839797282928,5846.76096431708,1490.6686020742266,3690.3731363257675
277.7790765482015,7.98277131404725,20.821343745422684,0.04535351019212712,-0.018439297583273888,-4.155797145085894,5.607172700904989,7.991555583952703e-09,0.31283020874430717,0.012933808438397235,0.0,0.0,0.7504508793537845,0.44745371168141956,0.9999998307502148,0.5110523334657553,3076.408643658348,5871.233786765679,1478.1898489207385,3793.810220655235
280.4759607865335,8.113934079392813,20.307779808231825,0.05022267732488187,-0.019859351089949715,-3.6763649941714376,5.980430880419359,9.16963258101866e-09,0.27263905897754626,0.014501321585523731,0.0,0.0,0.7739547684954697,0.4513848777918062,0.9999998508357858,0.5158443869755991,2921.316365765897,5902.187382724922,1463.186100604707,3932.952650904474
283.1728450248656,8.24823532624663,19.858951037075574,0.05641344030834347,-0.02251399599390074,-3.008380383632738,6.485199928744486,1.1556833226511465e-08,0.21632223569719233,0.01644412461230319,0.0,0.0,0.8134890495467593,0.46451628125168315,0.999999879130691,0.5289866062221141,2709.038304032091,5941.505143515672,1445.4378320787212,4123.661220373517
285.8697292631976,8.385245637057606,19.511721317262165,0.06494621307020937,-0.02766008622891849,-2.0606794359007576,7.185176457503896,1.8408628454924525e-08,0.13580588072455488,0.018873231606161518,0.0,0.0,0.882841737613353,0.5006899053431615,0.9999999238112623,0.5587028215968491,2411.8976022364604,5993.258992773559,1423.5949656211646,4390.890939368817
288.5666135015297,8.524174002718913,19.31338977741101,0.0805626583391408,-0.03854415911233787,-0.794557714753196,8.181409813078279,9.84797688934752e-08,0.025385924724214255,0.02193366149011671,0.0,0.0,0.9826828300906763,0.5994493068468473,0.9999999946760513,0.6220082294774898,1999.700026396196,6077.6214801024,1381.802932499571,4760.518061001834
291.26349773986175,8.664381879648305,19.15704201810284,0.20266918794324584,-0.15546944057415138,-1.4357070201418891,11.222054715578988,5.733583675181872e-05,4.3602747280403105e-05,0.030578450754585883,0.0,0.0,1.0000000099986224,0.9952992243687002,1.0000000070040203,0.9719229007375959,1324.9202414594552,6918.413138755857,670.9423124507975,5305.366807333892
293.96038197819377,8.805759834209004,18.995056916706446,0.12782527678622477,-0.09607535051018314,-0.8558528201360717,10.306734124440734,6.732684967001252e-05,3.71322884146992e-05,0.028565371370781908,0.0,0.0,1.0000000059301137,0.8752805089553926,1.0000000099331237,0.868938684799454,1477.96488521001,6615.227675360938,935.0148380064325,5191.435101422621
296.65726621652584,8.948148020366546,18.88598741555038,0.10733413404012085,-0.06520325803788428,-0.6761619952811658,9.426779526915958,7.298520146958499e-05,3.425351920199632e-05,0.02642919638410316,0.0,0.0,1.0000000040127375,0.7649900514201065,1.0000000099432127,0.7658053154614679,1674.002525772636,6372.662946219809,1139.9778680187585,5032.999159988797
299.3541504548579,9.09127898011401,18.798365758025554,0.09214280971902904,-0.04368106413710907,-0.5482010830028174,8.58987680826585,7.83357054356482e-05,3.191392719446075e-05,0.0243078610247658,0.0,0.0,0.9990001982398228,0.6555932743440045,1.000000009942389,0.6615551932018129,1866.0080070787535,6147.524728698762,1329.354053822171,4876.755710400314
302.05103469318993,9.234823693305211,18.77717479810822,0.08739809924671998,-0.027070721234832,0.2529485977535305,7.860734528889435,0.11946225229040895,2.092711255674562e-08,0.022294751256837178,0.0,0.0,0.9753861908747014,0.5897473431702082,0.9999999204834945,0.5552345560535007,1944.0036633477455,5862.088530091073,1583.632976033643,4829.917330527539
304.747918931522,9.378070692576214,18.87671111375857,0.08132781503111977,-0.019653695031811122,1.136777004967859,7.284861766967962,0.25343462306459336,9.86447695749959e-09,0.020444131054682964,0.0,0.0,0.9398423942663259,0.5494393244008291,0.999999860503475,0.5169047618140552,1973.0977397988645,5604.1460267719585,1816.967625275793,4825.431108153385
307.444803169854,9.520173349010923,19.08123570838415,0.07467611219333363,-0.016453951149056345,1.7418536667807683,6.83805537261107,0.343877759706227,7.270025248473644e-09,0.018781039260212812,0.0,0.0,0.9006722422996462,0.5181849484602165,0.9999998301123916,0.5132269351192396,2006.1144530685037,5414.457677854334,1987.5633077573405,4811.507061319823
310.1416874081861,9.660508104661998,19.355739983284163,0.06876025013054418,-0.014914262984005248,2.170481164511938,6.485549022110832,0.407596488007461,6.133517027606672e-09,0.017311200548799283,0.0,0.0,0.8634220364874017,0.4937190203548705,0.9999998083863516,0.5201439936547492,2038.473692275967,5271.114532984335,2115.8433598612046,4794.210914878494
312.8385716465182,9.79870222446547,19.677284972500008,0.06373044313097052,-0.014187229746406875,2.4833610027113,6.206321116019866,0.45406231045267853,5.50585224634581e-09,0.01602890636003673,0.0,0.0,0.8306115389932428,0.4745202950165749,0.9999997881422054,0.5298182237462178,2067.5557572301936,5161.018938496345,2214.007152705414,4777.060651568048
315.5354558848502,9.934550256239573,20.030281727399917,0.059525850964271376,-0.01391701360279819,2.713985620777932,5.987182012588713,0.48836817714686837,5.119088652971726e-09,0.014922732210854764,0.0,0.0,0.8031622258559107,0.4595591272969275,0.9999997662989213,0.5393573554356222,2092.3116792172996,5076.547713616987,2289.114255097372,4761.668852068343
318.23234012318227,10.067959121897308,20.4035237287662,0.05605789990113015,-0.013932990566599692,2.8819514449702286,5.81960958516972,0.5134419838284583,4.86909929042767e-09,0.013979237895645796,0.0,0.0,0.781318915670969,0.4481628022006019,0.9999997409483558,0.5475857053472302,2112.3282946596605,5013.039947267693,2345.4614156428934,4748.812842429755
320.9292243615143,10.198912426903602,20.788562190866923,0.053248088553853004,-0.014149350877547852,2.9991083305230353,5.698167003614193,0.5310280658211181,4.707849110552331e-09,0.013185186205250062,0.0,0.0,0.7650883025135231,0.4399057242602866,0.9999997103288885,0.5539895860054466,2127.426430527097,4967.606546391046,2385.705403990846,4738.904119091011
323.62610859984636,10.327446684366784,21.178729829966944,0.051036452521917276,-0.01452528902099205,3.0724460263361855,5.619727495431302,0.5421378571931761,4.6113732277142105e-09,0.012528971933247141,0.0,0.0,0.754448252348611,0.43454355620574286,0.9999996722682748,0.5583202875832433,2137.4804143026704,4938.5633378067105,2411.3967819298273,4732.201965960792
326.32299283817844,10.453635394668233,21.568493072263696,0.049383014740348015,-0.015047259919422339,3.1055337181188203,5.583054227529592,0.5472709390677092,4.568121214632015e-09,0.01200140908594227,0.0,0.0,0.749444235576407,0.4319746194805818,0.9999996236158638,0.5604321500156895,2142.3364059049773,4925.139997439258,2423.253021915523,4728.913074740243
329.01987707651045,10.577578577292556,21.952976646797254,0.04826868942624792,-0.015721350553240466,3.0991412948834376,5.588649016979628,0.5465090769612406,4.574489398390114e-09,0.011596315021507998,0.0,0.0,0.7502399156474867,0.43222391225128903,0.9999995593193155,0.5602138403016975,2141.769669979878,4927.361914380661,2421.270178206058,4729.240737433403
331.71676131484253,10.699396284299612,22.327568714507596,0.047697030994737155,-0.01657125161060457,3.051341848023535,5.638774611122572,0.5395307601551379,4.6336561254634034e-09,0.011311022503453408,0.0,0.0,0.7571412452778459,0.4354429444641417,0.9999994705202886,0.5575671329692771,2135.4657533098216,4946.042473541228,2404.7315562714766,4733.402716877475
334.4136455531746,10.819225239951203,22.687539553857846,0.04769798977094764,-0.01764084208437049,2.957120093534486,5.7376595170383045,0.5255505822706179,4.7569160277483036e-09,0.011147050632243312,0.0,0.0,0.7706008042848278,0.44192641527533216,0.9999993399249326,0.5524221342814499,2123.0201328073063,4982.884798331087,2372.1147227638758,4741.622846097733
337.1105297915066,10.937218235110159,23.02760612424878,0.0483341002730913,-0.019002453897488343,2.8073812464601664,5.8918728134314415,0.50316713319277,4.968528033444386e-09,0.01111106730528951,0.0,0.0,0.7911814811285555,0.45214701684530684,0.9999991281752824,0.5448091049221048,2103.973120726987,5040.7034761717205,2320.8857962455786,4754.080106855715
339.8074140298387,11.053546402600768,23.341347662398,0.04970953715668996,-0.02077577717016334,2.586942572344276,6.110941763108253,0.4700541451385811,5.318536222542747e-09,0.011216472353869049,0.0,0.0,0.8194307102653008,0.4668175837243638,0.999998720198074,0.5350529659512698,2077.9159664129365,5123.838501462207,2247.1118956737782,4770.776136451079
342.5042982681707,11.168405194728978,23.620305887989463,0.05197741158091777,-0.023171381128516595,2.270640619049655,6.408227081373629,0.4223556492939502,5.919182088920394e-09,0.011485948321322806,0.0,0.0,0.8555268707088619,0.4869864995589952,0.999997555268058,0.5242926460714044,2044.7766974548092,5238.877383326977,2144.776434103951,4791.211985114263
345.2011825065028,11.282286062026824,23.743267626624625,0.04964011414876607,-0.028042940028971907,-0.11114587153571333,6.739968789634763,0.039024704640843025,6.406198388778095e-08,0.011955752333659867,0.0,0.0,0.8297772721026012,0.47357371646733765,0.8409643509038891,0.4631774318017425,2270.456730326675,5629.909923910252,1767.9196838825872,4551.356161880487
347.89806674483486,11.39619142957806,23.610173239943865,0.0466991489662907,-0.03564105341167205,-2.2258017362924636,7.0700502834344,1.6547029066393826e-08,0.15108452342936574,0.012683063158093755,0.0,0.0,0.8688315606676068,0.48939113683122915,0.9999986323521668,0.5547469763711957,2461.966644106054,5985.944832255387,1425.989622597461,4345.741401041098
350.5949509831669,11.510953690569812,23.39035130717736,0.05168498742154588,-0.04041975146729887,-1.6051918229184707,7.527791349272158,2.5327018121634737e-08,0.09870881712960211,0.013759228521764382,0.0,0.0,0.9197203638351066,0.5241341838416452,0.9999995363436418,0.5794151242655481,2267.5421687121316,6019.675669364974,1411.8187058348396,4520.605956088057
353.29183522149896,11.626578178827652,23.25903326287243,0.06325131092565338,-0.05077346596283725,-0.6662834828055677,8.295609249179932,1.458175495558378e-07,0.01714471274270074,0.015334335734382795,0.0,0.0,0.989596701238458,0.6122926480180644,0.9999999584262634,0.6326163294153396,1954.6324538655886,6089.475189003711,1374.82912632171,4800.705730808992
355.988719459831,11.7428082349698,23.14720602506565,0.16832958806739837,-0.1824579637443877,-1.2579672813949037,11.308729033952062,5.918379875597106e-05,4.224128988928368e-05,0.021106520496189465,0.0,0.0,1.0000000099944073,0.9961979844806649,1.0000000086504897,0.9821152997226996,1280.3084278574934,6917.003055717974,676.0561111699508,5346.274905254583
358.68560369816305,11.85961275787766,23.030823756796256,0.09947622329563599,-0.1087956975782949,-0.7348152688670387,10.280213573338502,6.787816420184752e-05,3.6830695546889214e-05,0.01938131292020237,0.0,0.0,1.0000000059005623,0.8676184288303548,1.0000000099169986,0.8668244671762113,1468.9042636853674,6592.948216646278,956.161036225516,5201.62898344284
361.3824879364951,11.976910346793003,22.9529343232682,0.08267746784844474,-0.07778013710515475,-0.5932539220310451,9.417508852048957,7.33118702760032e-05,3.410088967295536e-05,0.017875558063173157,0.0,0.0,1.0000000040141428,0.7608445587645501,1.0000000099279662,0.7651900103220678,1665.5793172913727,6359.618885734524,1152.6257795117533,5041.81851746235
364.07937217482714,12.094571915862153,22.88853425828006,0.07130323776496739,-0.057810889961638905,-0.5014143302589817,8.682951028137056,7.793555913296625e-05,3.207778359214358e-05,0.01657415467130181,0.0,0.0,0.9997928665730782,0.6657787096860834,1.000000009930563,0.6736092614831721,1836.754952820354,6164.663355907418,1316.1926190983197,4902.031572173908
366.7762564131592,12.212475154381412,22.85890073687027,0.0679920234758582,-0.042542122073947475,-0.0012611554378410032,8.077324324228329,0.07414581236498521,3.371734586671282e-08,0.015458125814388364,0.0,0.0,0.9856706587630578,0.6048400240680392,0.9999999373702827,0.5830172563703053,1922.9365094091563,5948.977852266714,1505.998840820615,4841.729297503516
369.4731406514913,12.33034589691025,22.9011662854437,0.06569126287384247,-0.0339468202457218,0.7184125659303711,7.6088637662836325,0.18571004874223007,1.3461845596585142e-08,0.014507901821673505,0.0,0.0,0.9634114565173854,0.571215442715196,0.9999998681124445,0.534111615092866,1946.5136198001585,5739.056653307157,1695.9020604399914,4838.1701664526945
372.1700248898233,12.447815965226493,23.01522618117611,0.0623758046904296,-0.029667714041875164,1.2235391362272767,7.25960549913669,0.26309178623397134,9.50238712715823e-09,0.013705110025197906,0.0,0.0,0.9394485061159857,0.5465298884928468,0.9999998335667928,0.5183626744899023,1968.15947794689,5586.6190939228345,1833.4153222339075,4831.448605896369
374.8669091281554,12.564582420936958,23.178139308448145,0.0593440418054979,-0.027301209384795955,1.5669053048693407,7.001907303622508,0.31540622488035364,7.926286155202078e-09,0.013033444873211992,0.0,0.0,0.9176295696451814,0.5283434468582158,0.9999998138932861,0.5148943911387429,1987.9290443484942,5477.942215997838,1931.0803933668076,4822.690846286861
377.5637933664874,12.680451841293566,23.373082332162493,0.05687377400047125,-0.02596553185393218,1.7980281154208637,6.81724830903921,0.3505723133228745,7.131196355647518e-09,0.012478923866593251,0.0,0.0,0.8999645459781789,0.5153608909545413,0.9999998007295204,0.5156330316313266,2004.0273785744694,5401.999582611201,1999.1322878729613,4814.483250941369
380.2606776048195,12.795310131169375,23.58810403969478,0.054978131491343056,-0.025282071010036374,1.946172076005966,6.693470625984239,0.37314763568195064,6.6997610514984984e-09,0.012029990726377665,0.0,0.0,0.8872357256248987,0.5066803257178002,0.9999997907418743,0.5173757821221465,2015.6957459832897,5351.972511122309,2043.870164657734,4808.104078236668
382.95756184315155,12.909099685755345,23.814236608932678,0.0536172589546673,-0.025066485727175222,2.0284935497583794,6.622441003569868,0.38576196945399954,6.4806802979600064e-09,0.011677362695073997,0.0,0.0,0.8796161621019677,0.5016871301268534,0.9999997825792005,0.5187927207181676,2022.7399688960677,5323.612906612924,2069.1945733754605,4804.095051115548
385.65444608148357,13.021804519997737,24.044341989433004,0.05274969533542125,-0.02522554828350998,2.054928453327952,6.598735809786467,0.38991949778520607,6.411579850373883e-09,0.011413923257808876,0.0,0.0,0.8770010613267799,0.4999767936046052,0.9999997757885865,0.5193683001549644,2025.2253717507137,5314.282751941157,2077.5117717345493,4802.622604573581
388.35133031981564,13.133440558844363,24.272390607837938,0.05234389646624726,-0.025716862912011695,2.0307360175589566,6.618838535628198,0.3864038082134553,6.46991552000209e-09,0.01123457587863782,0.0,0.0,0.8791517801446389,0.5012974273059531,0.9999997704252387,0.5190033812947996,2023.3474519613671,5322.424784563546,2070.228756896595,4803.641506578492
391.04821455814766,13.244049378504398,24.49296871038851,0.05237903630955926,-0.026532491759848283,1.9577816487625175,6.680633207909988,0.3754777615124255,6.658183948626828e-09,0.011136142320697446,0.0,0.0,0.885739576795186,0.505511038869893,0.9999997669370329,0.5178764882524657,2017.3920462246067,5347.270160792242,2048.0239540354787,4806.956338947673
393.74509879647974,13.353694437510082,24.700901875027025,0.052841702862664944,-0.02769417702155079,1.8351276078725702,6.783054806858061,0.35697227716248625,7.0033449595108266e-09,0.011117309728842105,0.0,0.0,0.8963305606557035,0.512566444457416,0.9999997661875967,0.516433893947683,2007.7459811555548,5388.67486144887,2010.9958725348502,4812.225784860726
396.4419830348118,13.462459280078814,24.890928962968005,0.05371850238975812,-0.029256983806765176,1.659197831039916,6.925817765121177,0.3303055763378602,7.568748988662222e-09,0.011178636887137496,0.0,0.0,0.9103305170701903,0.5224768144065646,0.9999997695817247,0.5154757627051358,1994.9433980444321,5447.030690347019,1958.7405058860572,4818.927905722492
399.13886727314383,13.57044747935731,25.05738405502714,0.0549803732971189,-0.031323274102148115,1.423674960990237,7.109166194261748,0.29445423882488087,8.490283615048e-09,0.011322627194474551,0.0,0.0,0.9269010113840122,0.5352940177055785,0.9999997792952247,0.5163564070732357,1979.7413318599156,5523.216356812256,1890.3895759943607,4826.295235333469
401.8357515114759,13.677784279007268,25.193865113425268,0.056547879946344054,-0.03407545475237811,1.1193869824397875,7.333602788849643,0.24790816830557766,1.008437930383188e-08,0.011553878170343212,0.0,0.0,0.9448693221053512,0.5510717668081915,0.9999997986070392,0.5213633058426734,1963.2019500969411,5618.544590164186,1804.6518343870343,4833.244125351839
404.532635749808,13.78461991008372,25.29293589087044,0.05821495421986632,-0.03784943430761229,0.7352594110252352,7.599587917038889,0.18876263390758186,1.3244146626623099e-08,0.011879319337492474,0.0,0.0,0.9626986494517888,0.5698272344995288,0.9999998321957042,0.5343882176275279,1946.6442705873762,5734.563872986448,1699.998470659964,4838.435885766214
407.22951998814,13.891133729659511,25.346262662333533,0.05951314668422272,-0.04329125325929815,0.26605348551611857,7.907422681513765,0.11584702529857631,2.158018294617925e-08,0.012308555601266669,0.0,0.0,0.978688794439048,0.5916713539759537,0.9999998855636563,0.5618645563954905,1930.6714853773512,5872.027478194369,1575.6890784395418,4841.254457988739
409.9264042264721,13.997532615581854,25.347580920279693,0.05986581738902214,-0.05148443923801123,-0.2412739413390926,8.258881311605913,0.036276088302691745,6.891592001581626e-08,0.012854292809895983,0.0,0.0,0.991629089446138,0.6183987988262754,0.999999960221897,0.6114739172584687,1908.76218785015,6025.298341603722,1437.436537227856,4848.145433318272
412.6232884648041,14.104010808965084,25.30853475907921,0.06242470564367461,-0.06207585895890918,-0.4921379087112111,8.668156455456746,7.801098455169356e-05,3.204676898217313e-05,0.01353295808795616,0.0,0.0,0.9996916432919991,0.6626880246841352,1.0000000099082793,0.672427535407018,1839.2410724408592,6159.775305707581,1320.4484763733992,4900.177645478162
415.32017270313617,14.210705813181324,25.24469514905084,0.08907493393242313,-0.11348506305431336,-0.7045387736388177,10.270220583706312,6.796178816724453e-05,3.6785377009913964e-05,0.016115341396560446,0.0,0.0,1.0000000058966032,0.8645229258092234,1.0000000098619481,0.8666432538586577,1467.4749792416114,6586.538051432726,962.1441869196774,5203.485282405985
418.01705694146824,14.317674672671256,25.179116281980328,0.0666756830286551,-0.06901170475706116,-0.5215933606308831,8.946771998890734,7.622122561208804e-05,3.279926267157165e-05,0.014111897159038109,0.0,0.0,1.0000000033080116,0.699163290452783,1.000000009883575,0.7077888262833442,1773.6182840188417,6233.024952215941,1259.1044643901396,4953.894799375078
420.71394117980026,14.424817122065342,25.162919628947183,0.06011318177506641,-0.04363054623100412,0.21925465545323689,7.937990456753835,0.1084585786680807,2.3050274404468052e-08,0.012536852362822717,0.0,0.0,0.9800441770343808,0.5939366340334891,0.9999998464816073,0.5653646416948945,1929.112199748095,5885.704318036335,1563.3184426799764,4841.507539535594
423.41082541813233,14.53182009536974,25.24486404381812,0.055232717716641615,-0.03249069203713579,1.312378137417458,7.192378681808904,0.2775512593748306,9.007345175282566e-09,0.01128564728149262,0.0,0.0,0.9338406638916912,0.5410916508992478,0.9999996842548624,0.5177044375123893,1973.4121834951416,5558.363432709268,1858.7982868723816,4829.068596923211
426.1077096564644,14.63827944284155,25.42079984056668,0.04977613343979966,-0.02748114752491286,1.9928819907692077,6.64542877013947,0.3816313080047608,6.550825215612122e-09,0.010283586019087918,0.0,0.0,0.8817463385200167,0.50277813105501,0.9999996019405638,0.5187676606732184,2021.621411494005,5333.952314110397,2059.83746551552,4804.231308880078
428.8045938947964,14.743885210711834,25.654835853478154,0.04541365144354632,-0.024651658914393748,2.4394692258133244,6.23736221851224,0.44988561242989245,5.556968107889304e-09,0.00947681679069148,0.0,0.0,0.8345917470644856,0.47470434666507394,0.9999995371872056,0.5305308479342363,2065.50215001325,5174.437380802944,2201.915140421259,4777.787828762548
431.5014781331285,14.848457617892594,25.925858692997757,0.0420642952249951,-0.02290913831822468,2.7441223061039324,5.932476387752066,0.4966142192375725,5.0340886459387946e-09,0.008826117790569944,0.0,0.0,0.7957859442877289,0.45403071844391313,0.9999994696266571,0.543332237431271,2102.043722217531,5059.0124217377015,2304.311898589402,4754.274457455365
434.1983623714605,14.9518960479355,26.220531345435496,0.03951779839493039,-0.02182100903954386,2.9536065208410083,5.708225350462455,0.5289527462085789,4.726320113057625e-09,0.00830267682242866,0.0,0.0,0.7656983833270237,0.4389564722787226,0.9999993883834812,0.554374858865791,2130.810561187697,4976.004134308828,2377.737623398335,4735.09018110514
436.8952466097926,15.05415062072558,26.52971380086121,0.03760957909753794,-0.021179658304213488,3.093909381705601,5.549826384369194,0.5508294714527678,4.538609710280639e-09,0.007885228219390064,0.0,0.0,0.7437805940982903,0.42834892789368917,0.9999992826009066,0.5628473545425178,2152.1223438532475,4918.363932312268,2428.6092145118955,4720.54700932259
439.59213084812467,15.155205683200979,26.84671882520985,0.03622586186323139,-0.02087558673411335,3.1802187709866763,5.447506184437421,0.5645262744655621,4.428491851005134e-09,0.0075581464603553285,0.0,0.0,0.7293375561104105,0.4214902804401072,0.9999991358116592,0.5685740722249907,2166.4484727462836,4881.68983655181,2460.9110240391133,4710.593166662795
442.2890150864567,15.255069602990272,27.166356014229645,0.035291470778771955,-0.020849925896458565,3.2214603098595562,5.394930784584221,0.5713763093521452,4.375400153300291e-09,0.007310096356602226,0.0,0.0,0.7217789133435553,0.4179305107936232,0.9999989166851249,0.5715833957464833,2174.2119418065126,4863.24775474771,2477.106484969343,4705.076318476435
444.98589932478876,15.353768256139253,27.4843502202792,0.03476005845909884,-0.0210741156769682,3.2224973847570744,5.388300629846851,0.5720988773849802,4.369874018195219e-09,0.007133142014409792,0.0,0.0,0.720688324924186,0.4174061940938371,0.9999985533187883,0.5719589249309007,2175.730036521627,4861.4611317109175,2478.609792157441,4703.841539610016
447.6827835631208,15.451340872024694,27.79694875583863,0.03460801040917562,-0.021540820755134,3.185212986395209,5.42581742706102,0.5669628126839246,4.409460296894707e-09,0.0070221632755720085,0.0,0.0,0.7258266820868005,0.41979615734419207,0.9999978320918191,0.5697924045604099,2171.2071452181144,4875.638019018841,2466.0360504266764,4706.761285336369
450.37966780145285,15.547837508754606,28.10062297859677,0.03483125141336362,-0.0222605914048915,3.1089584167571918,5.507383786493343,0.5558533456374365,4.4975891899667886e-09,0.006974505890997995,0.0,0.0,0.7371084201630737,0.42509956019017275,0.9999957001027716,0.5651815160159318,2160.751522468976,4905.838128549252,2439.3213862988277,4713.731462682946
453.07655203978493,15.643828057006974,28.089999615570502,0.028868754764009255,-0.02576177779364008,-3.3303002800842516,5.515313716604,1.03218824182294e-08,0.24220388283113686,0.006989832264427413,0.0,0.0,0.6910148199953388,0.41371715839945555,0.870816523005497,0.46507533287341996,2992.4292629152906,5741.468443535096,1604.0299283937593,3881.7148651558537
455.77343627811695,15.740485130501117,27.715654318235682,0.027954616967556124,-0.02581208175062497,-4.415892091797127,5.430994021603147,7.565027992928464e-09,0.330468043822709,0.007070156917023312,0.0,0.0,0.7345014406412488,0.4420646115451485,0.9999957960910164,0.5118945241294283,3153.9886803844693,5860.999763027288,1480.8955095928395,3723.7585469954047
458.470320516449,15.838569045481826,27.279175980553102,0.028355644732573803,-0.025019661953605235,-4.484768814878139,5.3728437698361065,7.428007153809091e-09,0.3365640262519341,0.007220075142178862,0.0,0.0,0.7320693211798037,0.4425403583490657,0.9999978769125017,0.5117206499086966,3177.3978891980596,5855.424705725744,1483.985724747573,3702.834180328623
461.1672047547811,15.938255977961393,26.831602540452074,0.029019432766983582,-0.02455756998537192,-4.495426532390348,5.361519708088964,7.399650558959081e-09,0.3378537913776913,0.00744722855657266,0.0,0.0,0.7319750554697686,0.44288299540990966,0.9999985862308783,0.5116420221438077,3181.5998514966686,5853.982330997262,1484.9442063707415,3699.116111135329
463.8640889931131,16.039630492024216,26.378609829333232,0.029982533464020564,-0.02445110005793254,-4.442234943026129,5.401794726400761,7.48823919538566e-09,0.3338568569905044,0.0077630836906772555,0.0,0.0,0.7343966978766415,0.443025296949598,0.9999989521277208,0.5116075255707626,3164.6761506537296,5857.133209594109,1483.5143360227603,3714.318803729403
466.5609732314452,16.142758247049,25.92709987291708,0.03129940553170108,-0.02476157623867153,-4.314740374010558,5.501510331764213,7.723447936758276e-09,0.32368962945696184,0.0081841588775046,0.0,0.0,0.7399342175120026,0.44314112518940774,0.9999991817667743,0.5118479399520575,3123.319158819505,5865.4782148082295,1479.4303190481114,3751.414807324155
469.2578574697772,16.247676473798183,25.485946232936634,0.03305124529051093,-0.025607431593748696,-4.095354545787458,5.672981688655758,8.173383830856196e-09,0.3058708672739806,0.00873393301237393,0.0,0.0,0.7498789826862141,0.4438291764721514,0.9999993458215999,0.5130455342650871,3052.1826520474497,5879.8094624868045,1472.426283920253,3815.2241015454947
471.9547417081093,16.354378946390952,25.06713440090369,0.035366463084979975,-0.02720867704548479,-3.7552710072997892,5.935435098040232,8.993586014804933e-09,0.2779758811361458,0.00944589647214336,0.0,0.0,0.7668184415511456,0.44657196302203683,0.999999477086133,0.5166775502360974,2942.7456690339195,5901.189100713348,1462.2616494709073,3913.446080781826
474.65162594644136,16.462792502156383,24.687551626143136,0.03847819916153096,-0.029984646339779732,-3.247633125940636,6.319185882773703,1.0591092461376128e-08,0.23604741525581585,0.010368241116110382,0.0,0.0,0.7959542820387085,0.4548913294936306,0.9999995963427324,0.5257011851002624,2781.3868024394487,5931.106015884467,1448.7429457399917,4058.406735936094
477.3485101847734,16.572740932378295,24.37173908844796,0.042946495800582865,-0.034796568105617626,-2.4973443105706234,6.873434034813555,1.439631484856374e-08,0.1736555519103385,0.011571794932392125,0.0,0.0,0.8476402122090321,0.4774782697573282,0.9999997232943891,0.545934831373901,2546.122165236971,5972.099441964352,1431.4333237044518,4269.987569094226
480.04539442310545,16.683894028929696,24.154810627271885,0.050879105553147626,-0.043652569087385594,-1.40597108072174,7.680161686043671,3.058941026173878e-08,0.0817276298722508,0.01316324877240408,0.0,0.0,0.9361788781020098,0.5379599112314936,0.9999998824617158,0.5890514756532778,2203.776652756887,6031.857243144279,1406.1481311179323,4577.860472980903
482.74227866143747,16.795888787969698,24.0065465695573,0.1639819248630116,-0.18772598722751976,-1.2417503681824806,11.324279183283245,5.9432534251038675e-05,4.20645027425582e-05,0.019649485726302953,0.0,0.0,1.0000000099965967,0.9967030833833151,1.0000000089239447,0.9841830004065301,1274.3335279933253,6918.778933411068,674.9447132559317,5351.585325339676
485.43916289976954,16.908495185364007,23.893030141286054,0.10155012601165504,-0.12301378900447792,-0.7744239957873572,10.53748874350983,6.624256559882985e-05,3.774008414982286e-05,0.018458425871526525,0.0,0.0,1.0000000066808643,0.8978123507937016,1.0000000098719783,0.8963641757568397,1409.914382908023,6662.193928501204,897.9090546940697,5249.625133896704
488.1360471381016,17.021556822902436,23.813544496149746,0.08463468298067449,-0.09015590640642006,-0.6316385294048448,9.742276904774934,7.125112576940485e-05,3.508716491148407e-05,0.017179573780785166,0.0,0.0,1.0000000046308768,0.8010127359614773,1.0000000098931126,0.8044520046153847,1589.6104649271429,6445.5266096508985,1080.595851835776,5103.909573586183
490.83293137643363,17.13496337396224,23.747894441463544,0.07172617766163378,-0.06621847949089697,-0.5261460810090866,8.943342204837778,7.624363033526842e-05,3.27896243791996e-05,0.015858044385981505,0.0,0.0,1.0000000033011203,0.6994802814601639,1.000000009893318,0.7068659060642218,1775.0624676972975,6232.759597921127,1259.2232587551398,4952.597175626436
493.5298156147657,17.24861529123075,23.710801383713605,0.06502476952367157,-0.04638075418716883,-0.12660279117414305,8.168642126757653,0.054223524040122095,4.610545043665093e-08,0.014529725331781523,0.0,0.0,0.9888749085909367,0.6116237732725377,0.9999999219984327,0.5967492647540523,1916.4056661509119,5987.96322620668,1470.9156051789998,4844.35800246341
496.2266998530978,17.362245526555697,23.75696600164753,0.061706907756459255,-0.03345520139636686,0.9391446549943347,7.461669622891275,0.21962506263691134,1.1383036027656779e-08,0.013220688226741694,0.0,0.0,0.9541068399636592,0.5605772589444188,0.9999997485421797,0.5259924185633575,1954.620237978835,5673.7961906387045,1754.8727100783967,4836.353361304065
498.9235840914298,17.475400030208096,23.91082001901961,0.055438192327991596,-0.02694728627545401,1.7802454746494876,6.830926516209861,0.34811327042282914,7.181570532699411e-09,0.011947875060636921,0.0,0.0,0.9012763820461982,0.5161511373324951,0.9999996475798808,0.5156940468897844,2002.9207297667388,5407.710665190091,1994.0056943485047,4815.005410694666
501.6204683297619,17.587636618755628,24.147476702472893,0.049011072902317515,-0.022844563956443464,2.4369607935573874,6.25109246380004,0.44795867954578067,5.5808718757432985e-09,0.010720435085184854,0.0,0.0,0.8366907257769084,0.47609181997658595,0.9999995706563476,0.5297422482882067,2062.405067835708,5178.183967761041,2198.7552661796244,4780.298198223628
504.3173525680939,17.698634174364795,24.447960201939534,0.04300122590868235,-0.019847915554628382,2.977482559850725,5.7028231427161105,0.5302567786071712,4.714696910657068e-09,0.009541236117863554,0.0,0.0,0.7655718688665846,0.439094804317504,0.9999994934407266,0.5545117230631933,2129.0657983134024,4971.566708510964,2381.944205251658,4737.065787923976
507.01423680642597,17.808163504617493,24.799518467935318,0.037443104375391265,-0.017427913280874337,3.4422806468019997,5.171210644561382,0.6013489584533078,4.157319932751591e-09,0.008408252252256564,0.0,0.0,0.6907760511351942,0.4038045381584774,0.9999994011514327,0.5849237605637478,2201.378848259388,4778.904153907952,2551.890209176994,4687.469288655667
509.71112104475804,17.91606114387463,25.193262833978924,0.032261478014166636,-0.015314398193381564,3.8566518400640493,4.643261844564497,0.6651317014643441,3.758654110175286e-09,0.007315673930406893,0.0,0.0,0.6135171058352249,0.36894695931265103,0.9999992778490147,0.6191266009000911,2279.3073177023643,4593.683143352481,2714.551224036396,4632.100814908759
512.4080052830901,18.022211615567254,25.62284644127163,0.02736318316837201,-0.01334487221543287,4.237788114297336,4.106394792926301,0.7242377192947262,3.451905261631083e-09,0.006254692349551865,0.0,0.0,0.5340177427589293,0.3332578324536127,0.9999990968449085,0.656714237641977,2363.7611177244044,4410.542272323608,2874.751009917636,4570.5881000343525
515.1048895214221,18.126534876969192,26.083713922123867,0.02265615178958825,-0.011407151104053348,4.598287190495959,3.5473574681267994,0.780602778338349,3.2026532537088315e-09,0.005213940825499413,0.0,0.0,0.4519182870478073,0.2953419629566409,0.9999987990235444,0.6980798484032178,2456.411945613566,4224.547933633017,3036.856896467615,4501.825724285803
517.8017737597542,18.228977087074092,26.572642693050778,0.01805129964788479,-0.009413128989271796,4.94799119825284,2.9512399184611775,0.8357590695683608,2.9912927135278267e-09,0.004179602890053512,0.0,0.0,0.3665248578716308,0.2534767241274317,0.9999982101444411,0.7442051960051357,2559.701436618627,4030.71008347662,3205.221804257466,4424.0091756472875
520.4986579980863,18.32950367140865,27.087441306572064,0.01346018815393733,-0.007284633578670158,5.294990851850426,2.300379953366653,0.8909975086607175,2.8058440015854558e-09,0.0031351881407625216,0.0,0.0,0.2769779405454327,0.20531074943755492,0.9999964719852021,0.7966673985477271,2676.983881248412,3823.579514254603,3384.540210611866,4334.538893885119
523.1955422364183,18.428604811777426,27.340642852274772,0.008531668911156323,-0.004840813924730386,-0.18491796003791258,1.5405808559819754,0.007194710115763234,3.4747751608823693e-07,0.0020609480903581064,0.0,0.0,0.14361041546571882,0.12100729992366299,0.14398023838177101,0.12015582318782032,3575.7925426602937,4343.67581306381,2831.976626401164,3468.1975178747334
525.8924264747503,18.528068051977467,26.89183429289637,0.004001648753936506,-0.0020145436162652087,-8.840311819235076,0.6746203140093673,3.598735587306834e-09,0.6946884416892258,0.0009328644894482305,0.0,0.0,0.676681735083683,0.636694321297636,0.999995570830982,0.8811953187927312,4912.170530036806,5248.426592800849,1890.2221332358847,2168.823243926462
528.5893107130823,18.630123593333053,25.975357594250237,-0.0011799654939485885,0.0005124735105099223,-9.125438730514025,-0.18819625384482763,3.4773837143120545e-09,0.7189313021181384,-0.00027892529699076116,0.0,0.0,0.6671199172024176,0.6784663479319558,0.9647457892171579,0.9999979376554062,5164.114348463368,5070.310278187587,2031.469080862419,1953.7487924866277
531.2861949514145,18.735891587534642,25.03808828166486,-0.006611669753264382,0.0027654549784539317,-8.603663864672498,-1.0108972270897607,3.6886876886299547e-09,0.6777478076871958,-0.0016125183761226257,0.0,0.0,0.6177378966085405,0.6771645198588252,0.8294797381269523,0.9999986341477254,5301.595646329412,4797.72655970186,2268.897628210968,1851.42266575776
533.9830791897465,18.845638508257075,24.12615988695106,-0.012398549586901968,0.004985913510699985,-8.020807172113734,-1.8146886453698736,3.961065808688602e-09,0.631143260786085,-0.0031176382317386606,0.0,0.0,0.5728310896003739,0.6772226305758171,0.7227778999556224,0.9999989963694516,5426.456413477998,4521.947541801452,2510.329506886808,1760.9090378337428
536.6799634280785,18.959524469641835,23.251136875097004,-0.01875493520118581,0.007290483439746335,-7.35108915068515,-2.6278647767762,4.333061687233908e-09,0.5769592448106858,-0.004860876960074354,0.0,0.0,0.5313093958558198,0.679608921137098,0.6372551464015327,0.9999992245212975,5542.410587202682,4232.584237528295,2764.9446499276983,1679.7030253413247
539.3768476664106,19.076805186427325,22.74468106536653,0.1734023381965411,-0.18008618644934654,-1.2866005536605394,11.3015363063263,5.896323486563772e-05,4.2399301966672396e-05,0.021846294395965114,0.0,0.0,1.0000000099902173,0.9965462046395914,1.0000000084854646,0.9812883023240739,1285.8079765870093,6918.917479271524,673.8343322359519,5341.082711905516
542.0737319047427,19.195681677803375,22.6284939201116,0.09280621035766684,-0.0920288185405353,-0.668166209326494,9.878425940546615,7.014630192344283e-05,3.563979755808769e-05,0.019291964270115116,0.0,0.0,1.0000000049437157,0.8187698351744604,1.0000000097672068,0.8201209163067968,1560.4086024082758,6484.186532149479,1047.7537693645836,5127.293596077663
544.7706161430747,19.315032218255606,22.564258063408783,0.06969454393731372,-0.05012324798687408,-0.4082593558341666,8.401683176822807,0.011241886478212167,2.223826049878655e-07,0.016501528903315653,0.0,0.0,0.9955602109162495,0.6322075417874067,0.9999999572516355,0.6343310474099578,1894.791932915436,6082.505891363055,1386.3311122668056,4856.013563454705
547.4675003814068,19.434361054150134,22.63673887229743,0.0606678942583639,-0.025912068631310313,1.6230704233271613,6.957417290811528,0.32385802145594467,7.719432065789178e-09,0.013577516214189997,0.0,0.0,0.9135184965394562,0.5253840359760852,0.9999989772706308,0.5146158038189442,1991.7454127855306,5459.583093674401,1947.5383947907555,4820.775598749313
550.1643846197388,19.552768218301722,22.91771485674486,0.04526337299097297,-0.017045488046321118,3.1230389203941846,5.55718807710424,0.5507999058635544,4.538853348723393e-09,0.010580653010177484,0.0,0.0,0.7458449461051961,0.4298421539831554,0.9999976017774743,0.5621334260176614,2146.5164370724306,4916.4273692540755,2430.860353067596,4725.838340605898
552.8612688580708,19.669481647972376,23.29921176009429,0.030538420895117244,-0.011344803857555855,3.414733126342499,4.088049569038097,0.5873024924456266,4.25675017456939e-09,0.007530671371412917,0.0,0.0,0.51175566281487,0.32370611184109005,0.8671433272677297,0.5647479370321614,2474.889317609446,4512.526524676872,2771.982840313374,4460.243817400309
555.558153096403,19.78584132652714,23.056335241154848,0.01703518861972742,-0.0061954642709559265,-7.589429885355117,2.345222713484799,4.1890037549841e-09,0.5968006093377385,0.004411675243945256,0.0,0.0,0.6787731638156816,0.54550943298875,0.9999970481028181,0.6645607831692839,4333.880552209865,5502.827498462444,1707.2084206926975,2675.7260286349956
558.255037334735,19.905414843803047,22.073457629810658,0.004565196136309142,-0.0011051726307455942,-8.85809217992501,0.5741212600428128,3.5623949345975348e-09,0.7017750799876834,0.0011783190387620072,0.0,0.0,0.6796172097566188,0.6453038215625905,0.9999986798561596,0.8978796507728598,4939.5187003389965,5225.682265891586,1908.6719940435898,2145.7695397258276
560.951921573067,20.03077397344305,20.98080333387282,-0.00844944968631992,0.0016559592259943342,-8.58552758385567,-0.985469977069328,3.6727952901216554e-09,0.6806804625744851,-0.0022387168704956877,0.0,0.0,0.6212590746387988,0.6794724669505035,0.8335655624621039,0.999999160936932,5292.910698221918,4801.715506526425,2265.9952235871374,1859.0210716645192
563.648805811399,20.162750936944715,19.91593832360067,-0.02158001324883199,0.003880685195359098,-7.562554935295044,-2.351041287916749,4.185117530308702e-09,0.5973547875717324,-0.0059273245923674965,0.0,0.0,0.547024014066955,0.6809820345719224,0.6641538324899561,0.9999993858449173,5500.798250096022,4328.951108150018,2680.4068368154867,1709.4863049384749
566.3456900497312,20.301636542490883,18.944401903630304,-0.035139724509536834,0.005872263923536972,-6.436650253632294,-3.5838480896848464,4.959352761790825e-09,0.5040980412173828,-0.009985913399488473,0.0,0.0,0.492077383492641,0.6908491921006842,0.5639942674059019,0.9999995426283617,5662.272374830327,3875.9480926280357,3080.7302816250476,1600.6917509165905
569.0425742880632,20.44732128573871,18.09848022208223,-0.04946712004645748,0.008090554937418604,-5.182453262857467,-4.751724438438901,6.268351199212319e-09,0.3988289612160333,-0.014506646628711694,0.0,0.0,0.4582295369060372,0.716315342559917,0.5155528749441908,0.9999996662857625,5790.955341065706,3422.5176912813167,3484.255681953508,1521.913785699469
571.7394585263952,20.599230003228453,17.421080760658292,-0.06491566778711814,0.01155024581802581,-3.7392984155179225,-5.9305389571026135,9.045783316841138e-09,0.2763718645970644,-0.01954087357544803,0.0,0.0,0.45484277075094626,0.772309820797673,0.5132877292130957,0.9999997785539676,5897.901010403006,2941.897998972172,3914.5029698407207,1465.3405207841033
574.4363427647273,20.75610185922467,16.968161350463557,-0.08270101956881658,0.01851763276867189,-2.0360904694148294,-7.20774272955419,1.921511622038352e-08,0.13010590055853388,-0.025033968776522256,0.0,0.0,0.5062068051778786,0.8846142331121591,0.5583726823037372,0.9999999014973654,5995.69953790354,2403.090271141373,4398.733981880743,1422.1187090743458
577.1332270030593,20.91604646512585,16.755902830035954,-0.11010938209149426,0.035143976024920094,-0.6181650837213901,-8.626856556328388,2.4390059816546988e-05,0.00010250077362680029,-0.030726770065533617,0.0,0.0,0.6616761435656905,0.9992508662495768,0.6670861283796641,1.000000009962683,6165.798614664967,1865.849799870036,4875.333720898408,1312.6603645665898
579.8301112413914,21.077589637922294,16.633566940445192,-0.14324339983678142,0.07082226503680435,-0.8964458993076605,-9.976892722824024,4.92380281776577e-05,5.0773763542675785e-05,-0.03605990031657094,0.0,0.0,0.8378038500972969,1.0000000099746573,0.831348052524137,1.000000000653583,6538.280367551667,1565.4229010190675,5118.071673196492,997.8675582327742
582.5269954797235,21.240583671383753,16.45916760899683,-0.1845126508860401,0.11147138376759552,-1.2435609646095969,-10.88818900723923,5.518208854233586e-05,4.530455562735711e-05,-0.04019202755921871,0.0,0.0,0.9537929818448246,1.0000000099716768,0.9342546004592016,1.0000000040483406,6810.331492423251,1383.2497841274485,5261.303816542244,764.7574069070565
585.2238797180555,21.405642280417272,16.22047434007636,-0.23922785550583156,0.1276001578940512,-1.6488177489828753,-11.12122453778302,5.5319912402141995e-05,4.5191683996650716e-05,-0.04226934408681,0.0,0.0,0.9939326589901869,1.0000000099965305,0.9614725140466508,1.000000005361346,6920.874596170717,1377.6392406194923,5256.956423662939,664.172239546851
587.9207639563875,21.571078304191957,16.383692075012515,-0.06506305704168772,0.0002634244488743415,3.622049716493441,-4.97480412799707,0.6253683182632053,3.997644160147473e-09,-0.01853328618664698,0.0,0.0,0.39450160004961804,0.6594166094485788,0.595439582019194,0.9999998937676937,4706.682293156816,2227.0533606082763,4670.187503344698,2615.7193428902115
590.6176481947197,21.732811622795303,16.976612961278732,-0.06011925844763859,0.0020516548076636326,3.7123480107380806,-4.874589570767231,0.6381140094924572,3.917795199370744e-09,-0.01691359627497978,0.0,0.0,0.3873497819409422,0.6457988990181313,0.6023805012180637,0.9999998871243515,4670.016542306592,2240.3383031272992,4661.184869981035,2648.102784585075
593.3145324330517,21.889034957596454,17.55922597450264,-0.05651476823005591,0.003680908894980334,3.7484947279311727,-4.835552509211021,0.6431267654663219,3.887258515078429e-09,-0.015683224807742584,0.0,0.0,0.384342151134852,0.6407902132212937,0.6052314483120913,0.9999998799202264,4655.60806569956,2245.387361889691,4657.8039198320175,2660.8431525787328
596.0114166713837,22.0402244927478,18.125294767702506,-0.05395428251241653,0.00520444060187469,3.741590795705778,-4.847021781637465,0.6419270137166129,3.894523759040425e-09,-0.014753831361324878,0.0,0.0,0.38474864405091125,0.6429698602169992,0.6046655564819572,0.9999998722566372,4659.360236091268,2243.4228168063437,4659.278366753234,2657.581080349155
598.7083009097158,22.186843009181818,18.670556710781018,-0.05223668813537175,0.006671794738326628,3.697874788028322,-4.902163434669072,0.6353566553846293,3.934797820903668e-09,-0.014062846965826175,0.0,0.0,0.3880964391632437,0.6513933686545773,0.6011804388524994,0.9999998642488842,4678.762231640981,2235.340144673115,4665.004758400411,2640.535365285494
601.4051851480478,22.329327161946335,19.191836827674365,-0.051225127003404355,0.008127641750766716,3.6205383084843827,-4.996587311298837,0.6238312969329163,4.00749372575504e-09,-0.013565643372414457,0.0,0.0,0.39407932742972596,0.6654167925056439,0.595162625672069,0.9999998560412136,4712.306744228619,2221.8202562531046,4674.489781601699,2611.0257179165783
604.1020693863799,22.468084138816145,19.686509600522143,-0.050827879161230986,0.00961316071527966,3.5106759861517705,-5.127496727163755,0.6074710361318754,4.115422558292892e-09,-0.013230246806604715,0.0,0.0,0.40250435164307613,0.6845713282748974,0.5869429217529722,0.9999998478296762,4759.155072301408,2203.418422355724,4687.297671808887,2569.771333533982
606.7989536247119,22.603492953519606,20.152148186317277,-0.050985839484530414,0.011168253607332116,3.367786206690858,-5.293129506107012,0.5861683755409268,4.264986142032967e-09,-0.013033763124482754,0.0,0.0,0.41325886478643703,0.7084627914660114,0.576848120009184,0.9999998398941418,4818.932989662451,2180.638751462238,4702.999620809436,2517.0711380658754
609.495837863044,22.73590802220093,20.586274672557042,-0.05166391640084981,0.012834255228421925,3.190014131676984,-5.492358190654055,0.5596197727246153,4.4673189036892325e-09,-0.012959950011712112,0.0,0.0,0.4262891108619897,0.736678496849325,0.5652573094515283,0.9999998326436655,4891.599648101028,2154.0023624468968,4721.1226875747,2452.917801877377
612.192722101376,22.865663890540368,20.986161747391307,-0.05284423469545613,0.014657372941672542,2.974240068565662,-5.724362143764077,0.5273347377137261,4.7408217906941275e-09,-0.012997537209310104,0.0,0.0,0.44158391009924225,0.7686876239269654,0.5526741054233495,0.9999998266817031,4977.354418246542,2124.1176622141356,4741.093532176643,2377.0768873626807
614.889606339708,22.993080618894925,21.34865591780898,-0.05451894780804337,0.01669356653008331,2.7160763310812874,-5.988310169725436,0.48863040098285926,5.116341489364018e-09,-0.013139027198317926,0.0,0.0,0.4591574882747425,0.8037261367437383,0.5398303356715101,0.9999998228994813,5076.558199212344,2091.759848989823,4762.172474552666,2289.1519772451675
617.5864905780402,23.11846968322125,21.670003615310502,-0.056679523151363494,0.019016409316646023,2.40981932067999,-6.283016489188269,0.4426162385240119,5.648233797339586e-09,-0.013379818800523122,0.0,0.0,0.4790244915446795,0.8406684079236992,0.5278430823052614,0.9999998226058316,5189.65388486257,2057.962853532791,4783.3762539654035,2188.6495076392366
620.2833748163722,23.242140448709467,21.945671686897978,-0.059296418847974604,0.021731085471160077,2.04845476118476,-6.606529626816985,0.38817934722664205,6.440322025680345e-09,-0.01371752092689594,0.0,0.0,0.5011554273369421,0.8779076855453948,0.5184573362933073,0.9999998276927479,5317.063229208483,2024.1211183418923,4803.3938172052185,2075.0643352444067
622.9802590547042,23.364407357392246,22.17017472374633,-0.062277130121029464,0.025001480185916775,1.623983733413231,-6.955633160213575,0.3240024994100312,7.715989847056903e-09,-0.014151368419940418,0.0,0.0,0.5253968870741258,0.9133136052142052,0.5144141576729462,0.9999998407936027,5459.020213839014,1992.0718105450605,4820.525439402696,1948.02503621323
625.6771432930364,23.485597823481772,22.33699176014389,-0.06538088478705907,0.02910570476448363,1.1290278737468717,-7.325286005829926,0.24874861531675962,1.0050307197584374e-08,-0.01468166187262763,0.0,0.0,0.5513533780000638,0.9444115408028307,0.5199672706436694,0.9999998652330521,5615.22374078927,1964.0264972584157,4832.774966040723,1807.6172959115922
628.3740275313684,23.606059758784788,22.438948703004503,-0.06807394192407024,0.034546794070581414,0.5637470471948073,-7.708256194592052,0.16204039793148825,1.5428251426419237e-08,-0.015309151790939078,0.0,0.0,0.578353831232434,0.9690046108037988,0.5413810194294351,0.9999999040448783,5783.850770957375,1941.766823965399,4838.66978385865,1655.3551212185778
631.0709117697004,23.726162191648033,22.470809265691802,-0.06953382698396794,0.042160871128284635,-0.03319028888242983,-8.096317352109585,0.06940692224906968,3.6019462024139415e-08,-0.016034303364575144,0.0,0.0,0.6063597405700109,0.9863429523718227,0.5857059757552003,0.9999999562075363,5957.844953388876,1922.3367731967542,4841.517434888041,1497.9433385263299
633.7677960080325,23.84626035014414,22.440544859303287,-0.07069134889061003,0.05212121080972257,-0.47080445192934195,-8.488495564034453,0.0022232840037298496,1.1244627298203063e-06,-0.016856365172485493,0.0,0.0,0.6413433216307841,0.9974351477016032,0.6478457439736118,1.0000000073342892,6112.23852217935,1881.2540144809268,4865.841866332039,1360.3080970076849
636.4646802463645,23.96660132659607,22.380250157039885,-0.07681019607221161,0.062096379166887726,-0.5312617295952858,-8.901639309916304,7.655623762262281e-05,3.265573227779987e-05,-0.017772156123403403,0.0,0.0,0.6947566443238726,1.0000000032370233,0.701278104902528,1.0000000099379767,6223.028748367593,1786.1179048311865,4943.323761919721,1267.1720848815007
639.1615644846966,24.087305737723074,22.30563550927095,-0.09826278880383618,0.09776707301414903,-0.7050618662950786,-10.057247170271792,6.923513139213141e-05,3.6108835929559975e-05,-0.020213891077343584,0.0,0.0,0.8410641346920904,1.000000005321703,0.8408959390890363,1.000000009914503,6533.528805370448,1520.6196689381009,5159.441246580645,1006.0527791108075
641.8584487230286,24.20841390716843,22.231273422666543,-0.0762490231184151,0.05972523246262449,-0.5229691452019036,-8.822274731418986,7.70406753163959e-05,3.245039052075841e-05,-0.01785056215832401,0.0,0.0,0.6844224156837498,1.0000000031357508,0.6912262788077806,1.0000000099322701,6202.176013805001,1804.8234523633505,4928.009574590156,1284.6334592414933
644.5553329613607,24.32973437052707,22.227578485728554,-0.06928986381175253,0.03516576900352552,0.46205712984650876,-7.772778637162581,0.14645855404743446,1.7069675561920405e-08,-0.015732291859197316,0.0,0.0,0.582968197715558,0.9723607348656154,0.5469598094413466,0.9999998831842248,5813.096185955592,1938.851833994867,4838.827638995841,1628.8668410537007
647.2522171996927,24.450716041154138,22.356144836706854,-0.06129584460044816,0.02509126460334675,1.663346155589523,-6.925100527892665,0.32995679021719937,7.576749672111305e-09,-0.013855820645212942,0.0,0.0,0.5232036937873688,0.9104595238459283,0.5145463820417833,0.9999997959321519,5446.31488150675,1994.5850871352493,4819.316865188483,1959.4256661695188
649.9491014380247,24.57068874846635,22.603512085231174,-0.05311985085472111,0.02038786918806738,2.4605040524770962,-6.234953605766979,0.45052270427234814,5.549109893809856e-09,-0.01220341492844785,0.0,0.0,0.47545761707760037,0.8348906595060601,0.5299346980016052,0.9999997582572763,5171.113850536187,2063.3791626617085,4780.013739528569,2205.1357472735363
652.6459856763569,24.689154377412354,22.929055095069625,-0.046181203542930295,0.017551154613022285,3.035767813724344,-5.652232192105671,0.5376152425186222,4.650165752462243e-09,-0.010750970706798228,0.0,0.0,0.4361591418082753,0.7589486857103641,0.5569617273396723,0.9999997324983764,4951.412636278094,2134.1281530254246,4734.165255775124,2399.936454921358
655.3428699146889,24.805814502569188,23.308959935378947,-0.04034363021478363,0.015589467416603235,3.477691483745103,-5.146726185720197,0.6048724271936037,4.1331029154711985e-09,-0.00947295060849997,0.0,0.0,0.40258752366072975,0.6876120613837678,0.5863551416475733,0.9999997083217002,4768.217728969741,2202.8963957748306,4686.997996546204,2561.5303787092244
658.0397541530209,24.920494227614547,23.72809727333256,-0.03537013164219119,0.014099376984324032,3.8325914951877547,-4.698287067269498,0.6592857739119611,3.791982339240718e-09,-0.008344757502619433,0.0,0.0,0.3729334407212248,0.6220410464438729,0.6154315281727092,0.9999996818495488,4610.511415936941,2268.7089558448015,4640.347871512086,2700.074256706171
660.736638391353,25.03309868061948,24.176229675630527,-0.0310694494805861,0.01288142752154291,4.127513284609225,-4.292547239238965,0.7048962167950976,3.5466213854640216e-09,-0.007344089106661758,0.0,0.0,0.34598347429376913,0.5619660334545004,0.643481830278451,0.9999996508848618,4471.211604360928,2331.645089802756,4594.749571780002,2822.036234056315
663.4335226296851,25.143586289135055,24.646152243084117,-0.02729703238789563,0.011824350532887199,4.379614583300844,-3.918685028562026,0.7442533128659186,3.359071409914094e-09,-0.006451223735409444,0.0,0.0,0.3208759760972903,0.5066429228407079,0.6704681470063685,0.9999996134958443,4345.40001698103,2392.180448057145,4550.189872271015,2931.872162690811
666.1304068680171,25.251951325564267,25.13266877006553,-0.023942967277088154,0.010860582707950197,4.600459078120074,-3.568199758666568,0.779071084909678,3.208949828081842e-09,-0.005649004807240013,0.0,0.0,0.29695775790016493,0.45522586472133014,0.696594182475511,0.9999995673670745,4229.461041348568,2450.9364741382,4506.41057533571,3032.8344091775234
668.8272911063492,25.358212097456978,25.631975908849,-0.020921984335362107,0.009946142154823352,4.798220007069359,-3.2341532231372034,0.8105608361397216,3.0842842169143125e-09,-0.0049226212146796225,0.0,0.0,0.2736982672195487,0.40690375246489313,0.7221518584932577,0.9999995092385877,4120.607403913496,2508.584156756046,4463.037171594668,3127.413767735791
671.5241753446812,25.462402793856125,26.14126920647765,-0.01816653080159493,0.0090505041933282,4.978902184140694,-2.9106755240388362,0.8396142965066771,2.977557700400979e-09,-0.004259321816739528,0.0,0.0,0.2506356945591396,0.3609439729601929,0.7474652782607547,0.9999994340902818,4016.598807095482,2565.808975582375,4419.635010381116,3217.5997069410278
674.2210595830132,25.564567787431923,26.658480513729817,-0.01562173308808748,0.008150924548977543,5.1470895759897,-2.5925773246183024,0.8669152299255388,2.8837883192522895e-09,-0.0036480512818910793,0.0,0.0,0.22733649373523357,0.3166934479889666,0.7728762025376887,0.9999993336144896,3915.548510906766,2623.3107506673305,4375.726019312143,3305.0572191137617
676.9179438213453,25.664757624737955,27.18209674814519,-0.013242250364292158,0.0072293074907524655,5.306381108406057,-2.27511512355182,0.8930041495497358,2.7995391005397607e-09,-0.0030791969616862425,0.0,0.0,0.20336717568534138,0.2735755059054687,0.7987408761855951,0.9999991929104811,3815.8084135201107,2681.805719124751,4330.796657765406,3391.2317095897342
679.6148280596774,25.76302619663426,27.711031489038973,-0.01098965178332763,0.006270086907689501,5.459703007588964,-1.9537489701628001,0.9183248891785579,2.7223481247062864e-09,-0.0025442710621709917,0.0,0.0,0.17826393955080863,0.23107457983140978,0.8254396817892072,0.999998982278442,3715.868232318118,2742.046480002597,4284.288325178638,3477.4394625006466
682.3117122980094,25.859428742828392,28.24453244887251,-0.008830766236985442,0.005258980793501006,5.609495530708478,-1.623982418106222,0.9432524046950344,2.6504040628871905e-09,-0.0020356942182677158,0.0,0.0,0.15150395006251638,0.18872851456977735,0.8533877149528348,0.9999986327393666,3614.291442411759,2804.837705886939,4235.5884884501165,3564.9248632511863
685.0085965363414,25.95402045098268,28.782113365783385,-0.0067362254141281955,0.0041820032290163945,5.757857991426634,-1.2811785951244872,0.968114674454619,2.5823387317380764e-09,-0.0015465512464902496,0.0,0.0,0.12246711560076158,0.1461179361225457,0.8830530100397831,0.9999979389575647,3509.6506621493404,2871.0632061419788,4184.011478296976,3654.9171534117054
687.7054807746736,26.04685548280989,29.32350322694124,-0.004679462568642555,0.0030247816383222937,5.9066366325927175,-0.9204003662392828,0.993206147800719,2.517100805565775e-09,-0.0010703974748412764,0.0,0.0,0.0903871973947088,0.1028618171953031,0.914977915348478,0.9999958904439301,3400.476442411247,2941.714384863854,4128.776861353314,3748.6748113715857
690.4023650130056,26.13869262907515,29.408502211143652,-0.002650284805777064,0.001702845630127945,-4.055552061941958,-0.5198428546390491,8.172152649033038e-09,0.30591694787731516,-0.0006010716801041515,0.0,0.0,0.3187487572444786,0.3362480732508514,0.3139241151981117,0.33823545968169805,4590.39764355599,4331.288470696839,2756.31916206725,2541.637223679921
693.0992492513376,26.231374956213887,28.794279364245856,-0.0005983928503399049,0.00034429673034277965,-9.200292474683925,-0.10986603778365385,3.4661090664300787e-09,0.7212698583228687,-0.00013251072636194955,0.0,0.0,0.6703748102274818,0.6769949085273586,0.9791630491058133,0.9999947024770818,5154.283876451368,5099.522523243578,2005.603996245513,1960.232104059542
695.7961334896697,26.3264946730544,27.924122196437924,0.0015078489848778475,-0.0008119529161414537,-9.100056855534836,0.26623410040687195,3.4996251452312777e-09,0.714362229710483,0.0003414323139503999,0.0,0.0,0.6770832181040642,0.661109734646297,0.9999974372472007,0.950568179461083,5047.575737300432,5180.276796721982,1940.9210113066783,2050.868954670909
698.4930177280017,26.424649543760232,27.04165863958166,0.0035637028615228875,-0.0018109376580741111,-8.885623720779007,0.6048750157438926,3.580789997847944e-09,0.6981699517569736,0.0008271780359315055,0.0,0.0,0.6767506413532041,0.6408238128639042,0.9999983391443817,0.8925272038541615,4935.418639056645,5236.911029716492,1898.7573815080873,2148.555449718777
701.1899019663338,26.525331495779923,26.535470803021383,-0.14738860500420164,0.20350514888441698,-1.1704590936743802,-11.36710453182598,6.029948509752631e-05,4.145972384269262e-05,-0.01614344650326196,0.0,0.0,0.9972555770706087,1.0000000099966002,0.9899504577125999,1.0000000097965487,6920.2221393113505,1254.4309742293385,5369.657891652583,675.3314948067286
703.8867862046659,26.627134096977937,26.44729537502049,-0.06797154227727326,0.08140287117523874,-0.561828120592307,-9.311237456335741,7.383153412682268e-05,3.386087028485246e-05,-0.013312047878189523,0.0,0.0,0.7452170675570953,1.000000003861665,0.7535952601458855,1.000000009812939,6329.065542397857,1687.9956227555099,5023.943338391377,1178.637996455257
706.5836704429979,26.729101512413017,26.449686123114045,-0.05573948219241467,0.04072513032403777,0.6087205143679838,-7.680701559479217,0.16995615709382725,1.4709675977275793e-08,-0.0109789256805653,0.0,0.0,0.5751341736067797,0.9671617409629084,0.5406416872316565,0.9999996457025037,5771.161181434178,1942.8114978812557,4838.802558304369,1666.867262380199
709.2805546813299,26.830783913726773,26.595968043591103,-0.04491079979809147,0.026804828777772006,2.2685331898053356,-6.389134159820979,0.42503285542437474,5.881898218484949e-09,-0.00903255059050065,0.0,0.0,0.4847605195875811,0.8524496180824945,0.5255016574669412,0.9999993217910541,5234.391906105588,2049.8078483198174,4786.996701674383,2148.4460439002128
711.977438919662,26.93165812758764,26.87573623841832,-0.03523556192791994,0.02025807655618876,3.2784910275058174,-5.3335484906692585,0.579591522291834,4.3133826510555195e-09,-0.0073840649393096475,0.0,0.0,0.41395917715008584,0.7132135555366803,0.5751658500253279,0.9999991364671954,4840.566695062244,2182.126119244286,4699.785092897903,2497.164592795568
714.6743231579941,27.031337509661864,27.237861983845455,-0.0276449332269463,0.015915105918362468,3.987644765590436,-4.424619122873836,0.6889163238245382,3.62888774585457e-09,-0.005963893261631111,0.0,0.0,0.35403953767108465,0.5804402615885941,0.6340016781967611,0.9999989207040352,4522.234372019238,2316.8382779618105,4603.912766045924,2776.6570839730275
717.3712073963261,27.129600563885063,27.656443441125504,-0.02144163245776737,0.012556840982802995,4.532460782347943,-3.608231204004422,0.7737786929515658,3.2308979935891102e-09,-0.004717389085666343,0.0,0.0,0.2992058892153141,0.4602301422622945,0.6932960130258948,0.9999985800490372,4248.2409789082885,2449.7632381623343,4505.873211278893,3015.765071650485
720.0680916346581,27.226316825026718,28.11634170187258,-0.016146701978912034,0.009698138161571772,4.978443141414427,-2.8468543725849655,0.8440580643848239,2.9618815733378767e-09,-0.003601203192386273,0.0,0.0,0.2457050863859758,0.35147267726069864,0.7522997911645953,0.9999979070015411,4000.752809145256,2581.7738328099376,4406.3973208299,3230.718537214907
722.7649758729902,27.321411387701673,28.607970574786858,-0.01145434248020493,0.007089240746620615,5.3621229514998765,-2.11167430708663,0.9052662179353257,2.76161860046642e-09,-0.0025801968163356778,0.0,0.0,0.19055869341953555,0.251570023269029,0.8121271267658766,0.9999959149197744,3767.8593196411375,2715.321657202645,4304.264775936978,3432.19674721924
725.4618601113223,27.41549700002026,28.7205533655936,-0.007025325150451774,0.004463367284986783,-2.968914846271398,-1.3404618727472295,1.1416616485515618e-08,0.2189790648620491,-0.0016250579740981785,0.0,0.0,0.24498933422731312,0.2823068109558888,0.23261252636343116,0.27896147949055417,4654.230578517789,3986.0941138203416,3066.447312681431,2512.8704949804387
728.1587443496543,27.510338097702682,28.156673886187107,-0.003140467926039135,0.0017735563987877232,-8.92329055022515,-0.5632027947162077,3.5727162894794162e-09,0.6997476934203795,-0.000710398604343574,0.0,0.0,0.6426970067748907,0.676149124889825,0.8993265284867562,0.9999949192296089,5231.402040051615,4950.680647060255,2135.074154403662,1902.4856584844686
730.8556285879864,27.607664717030787,27.276552283231094,0.0008143205695850567,-0.00040671864322112695,-9.167207803321286,0.13898795330803376,3.4691330363934014e-09,0.7206411438031626,0.00018680917787683156,0.0,0.0,0.6778440472823439,0.6694625596970071,0.9999976266166459,0.9737724470960255,5087.98151251293,5157.258320489904,1958.5020804816556,2015.9005865155111
733.5525128263184,27.70822785442066,26.37426460315411,0.004611009964876753,-0.002211302054742043,-8.78256935603913,0.7572245327012143,3.6197209674071473e-09,0.6906609732396373,0.001088589041013041,0.0,0.0,0.6768217846319262,0.6320277814377474,0.9999984392692973,0.868069898616339,4884.10842315665,5261.537526174911,1880.6409944520863,2193.3555562163533
736.2493970646505,27.812275678279647,25.480461962738424,0.008314396619192347,-0.003789674942508265,-8.40314846746411,1.3096948630940481,3.782907764815491e-09,0.6608672897198875,0.00201723051444758,0.0,0.0,0.6765017234900159,0.6002202727940457,0.999998857427008,0.7870205949597149,4697.301003679616,5350.102037003056,1815.684318845732,2356.5551404715966
738.9462813029826,27.920020754045353,24.595636473217844,0.012032679710998147,-0.0051624301292114115,-8.026406676986353,1.8127655896815231,3.96147059600338e-09,0.6310787754707271,0.002996577523997958,0.0,0.0,0.6769102586846122,0.5726788896198024,0.9999991149077563,0.7229559740137813,4523.15173923497,5426.702087841854,1760.5811885922228,2509.207484330953
741.6431655413146,28.031691758936752,23.720733881499473,0.015873940956991007,-0.0063505605663932195,-7.648021259123687,2.2807630772599863,4.160081001902682e-09,0.6009498364409946,0.004053441700979945,0.0,0.0,0.6781384821484081,0.5484267967790245,0.9999992904264774,0.671093832883819,4357.530592529234,5494.348438851008,1712.9330292743923,2654.8304393453673
744.3400497796466,28.147531827528894,22.857465995339357,0.019953376822475905,-0.007376030542759238,-7.261578336330384,2.7268964019321635,4.3863697118950995e-09,0.5699473969328557,0.005219302569628443,0.0,0.0,0.6803569099141805,0.5267525889319141,0.9999994181634012,0.6283332005719551,4196.315246052313,5555.502671390376,1670.842701955638,2796.9818806016733
747.0369340179786,28.267793804954742,22.008745237386414,0.02440064275628968,-0.008264954878381645,-6.858006131806311,3.164208418807641,4.6528632058340236e-09,0.5373035712985589,0.006532426247954883,0.0,0.0,0.6838608692683642,0.5071600745799947,0.9999995155661127,0.5926630289040984,4035.08070465378,5612.240838403213,1632.791493258851,2939.529463684158
749.7338182563108,28.392730153144633,21.179315699144386,0.02936780236471335,-0.009054544443205343,-6.424526700344409,3.6066592326244806,4.9808136504125855e-09,0.5019260293303871,0.008040466797350463,0.0,0.0,0.6891645874916901,0.48938071101643027,0.9999995926915879,0.5628952755906957,3868.6935609318134,5666.3877721930785,1597.551105814936,3087.010061060172
752.4307024946428,28.52257367929141,20.37671238377212,0.03503864401909529,-0.00980775689161739,-5.942710068290353,4.070610222961219,5.4085502187994905e-09,0.46223107838992183,0.009803728781209385,0.0,0.0,0.6971945422943374,0.47347379259008865,0.9999996560425933,0.5386160760532913,3690.6902289446894,5719.635011951922,1564.129145221887,3245.188113881504
755.1275867329748,28.657502524332138,19.6127911322793,0.041641328023609335,-0.010645573092188942,-5.38474371647136,4.577261060184696,6.01215555118273e-09,0.41582423853382355,0.011899449661183665,0.0,0.0,0.7097154179347669,0.46010531407761207,0.9999997105137173,0.5203592500990577,3492.186625414549,5773.665185100358,1531.7488758278278,3422.041813657267
757.8244709713069,28.797578394016043,18.906220058632126,0.04946446303880438,-0.011818296934567906,-4.707057298251602,5.156327479148355,6.964701620981728e-09,0.3589529222440643,0.014425506625377681,0.0,0.0,0.7303232430350557,0.4512927496685628,0.9999997608011661,0.5101411657079795,3260.136228240355,5830.243206128363,1499.915178339596,3629.3478872916853
760.521355209639,28.942640503701618,18.286579733640302,0.0589099138313937,-0.013882125604224558,-3.838418337325891,5.853139497067176,8.757355424160451e-09,0.28547431045636273,0.017503460015921533,0.0,0.0,0.766925584658396,0.4523884242014101,0.9999998132206035,0.5125963040769759,2974.0198855298027,5891.444103599224,1468.490039664496,3885.6884712064784
763.218239447971,29.09213238155462,17.80064283435328,0.07080138739839828,-0.018175755844700183,-2.663941975112663,6.741393948584254,1.3488356750968045e-08,0.18534503847567857,0.021275429408075645,0.0,0.0,0.8373744535385267,0.4779156436281182,0.999999879175128,0.5372772286626267,2600.597478118533,5960.761024365997,1437.1294824757024,4221.154515039769
765.9151236863031,29.24487479911483,17.514514914010824,0.08919332482842383,-0.028319769563677308,-1.0828457065694652,7.939969863454012,5.217787187733469e-08,0.04791303114011096,0.025883477663385567,0.0,0.0,0.9624209401801271,0.5716803150629947,0.9999999768245509,0.6034312703148784,2097.1943877821177,6054.7731165974765,1394.334226954589,4673.340768665817
768.6120079246351,29.39948079703452,17.37324487659599,0.12211494340499257,-0.05961170401122142,-0.7446688233040709,9.480994112538825,4.640910488766426e-05,5.386873989600499e-05,0.031411740045621694,0.0,0.0,1.000000009975232,0.7734599878121678,1.0000000001393774,0.7726142360773034,1669.3604220684742,6395.043425037045,1119.9140547916768,5035.324598102805
771.3088921629671,29.555528316998124,17.192609056035607,0.2260384562369496,-0.13804066433324025,-1.570533030652001,11.160342875798293,5.6068979842010954e-05,4.458793448791837e-05,0.0377566941424648,0.0,0.0,1.0000000099950461,0.9946285623882631,1.0000000059626197,0.9654354633064445,1357.7551421761991,6920.48854433191,666.2298730565844,5275.168940435308
774.0057764012993,29.71284124427212,17.09454516407875,0.09923667724825463,-0.018730276064023155,0.32378623330746736,7.773558930626465,0.13567571422308905,1.8426289591366718e-08,0.026601418477664725,0.0,0.0,0.9693494033170021,0.5838765468984554,0.9999999227909576,0.5459989329264086,1956.5585130886657,5831.191792572795,1610.8045774750399,4821.0876168635
776.7026606396313,29.870071182099714,17.21082006088424,0.09218279075716627,-0.012846850467673034,1.1552734700019593,7.2361033527860625,0.26030596306021736,9.604082723546625e-09,0.024428771827172208,0.0,0.0,0.9339901323499794,0.5466531098615888,0.999999876073125,0.5143649770521662,1982.8546191993807,5589.5998841036835,1829.430252243118,4817.757744453817
779.3995448779633,30.025756891659455,17.435879997084786,0.08467016545650376,-0.010566667120838341,1.736057197356791,6.813080577450808,0.34605883939171206,7.224205011979734e-09,0.022410718614165444,0.0,0.0,0.8962341898236745,0.5172246549279982,0.9999998511782281,0.5121114643662483,2013.08907607349,5408.983926396627,1991.9698510476471,4805.5996464822365
782.0964291162953,30.179130120638714,17.73425200648387,0.07787562220405601,-0.00974195965076637,2.1550193299865033,6.475549180173476,0.4074908229690658,6.135107477600599e-09,0.02058973964054171,0.0,0.0,0.8605819515521707,0.49383601852561826,0.9999998323090363,0.5192182137751221,2042.9675957464608,5270.624140239178,2115.906445278323,4790.144318736039
784.7933133546275,30.329739474647432,18.082097569000965,0.07199799081166443,-0.009612969402650077,2.464592475486676,6.2060919831135575,0.45277475473764806,5.5215092498173135e-09,0.01898106566051052,0.0,0.0,0.8291760831905988,0.4752794638080993,0.9999998138572458,0.5288066695013559,2070.0427154177323,5163.391688250897,2211.6246117791043,4774.583484552267
787.4901975929595,30.47734834514076,18.46281957802607,0.06701840665270788,-0.009851047940359018,2.694492248326801,5.99371110898252,0.48641265378811543,5.139668912690354e-09,0.017583274460252495,0.0,0.0,0.8028835614915154,0.46072167079980636,0.9999997932207032,0.5382108989494714,2093.208201515954,5080.698582399429,2285.2423837982924,4760.493332286326
790.1870818312915,30.621864986881885,18.86431812496487,0.06286775762233224,-0.010299138219337646,2.862584075573669,5.8311766617174134,0.511053456218039,4.891856142386075e-09,0.0163860386785569,0.0,0.0,0.7819893954730465,0.4496025082469119,0.9999997685693127,0.5463031821158265,2111.95294494638,5018.4300622711535,2340.565578109395,4748.693914673073
792.8839660696236,30.76329537381887,19.277423474355025,0.05947205209295872,-0.010881351347036838,2.979920124562484,5.713801611921604,0.5283046308505843,4.73211825280373e-09,0.015375426858758468,0.0,0.0,0.7665534068134053,0.4415588427965311,0.9999997379699864,0.5525756573533054,2126.0141803668057,4973.987171308981,2379.992867902979,4739.6482804212355
795.5808503079556,30.901711176078805,19.694915214765928,0.056767104511852996,-0.011564967429819563,3.0532010884070373,5.638806154062331,0.5391195404640969,4.637190464951146e-09,0.014537138695649246,0.0,0.0,0.7565851721462775,0.4363748339931618,0.9999996987734191,0.5567827654871524,2135.217186989583,4945.809629405025,2404.965748281915,4733.6499353234785
798.2777345462877,31.037228154833002,20.11085312436213,0.054704282262577904,-0.012342906453177637,3.08600497669553,5.6049985443771915,0.5439873378071176,4.595695213271966e-09,0.013858445417779055,0.0,0.0,0.7521320536992004,0.4339538604229698,0.9999996467855935,0.5587899401100678,2139.39574524988,4933.137207212885,2416.1935237033913,4730.9160238338445
800.9746187846198,31.16999192232608,20.520079420363626,0.05325350262294396,-0.01322573759144091,3.079349024056158,5.612646008022085,0.5430182754696912,4.603896597288326e-09,0.013329368585485417,0.0,0.0,0.753324011421947,0.43430595000074657,0.9999995746321249,0.5585090340954536,2138.3515620738335,4935.904806697341,2413.7527111098534,4731.633420118973
803.6715030229518,31.300169050674572,20.917809841540826,0.052405700649755804,-0.014239045837350845,3.0318176751213155,5.663473011967832,0.5359621303086318,4.664508668206224e-09,0.01294346083923984,0.0,0.0,0.7603920040601773,0.437546875503602,0.9999994677866574,0.5558788824929265,2131.838131823115,4954.725461225831,2397.103966035967,4735.974940915088
806.3683872612838,31.427942239465292,21.29925379367823,0.05217592155698259,-0.015424831226486505,2.9393112935487555,5.760765474083508,0.5221688070260849,4.787723772992081e-09,0.012698470609755666,0.0,0.0,0.7736617490867623,0.4439080921677721,0.999999292787424,0.5508814478003307,2119.567298644528,4990.948839633027,2365.0380315449293,4744.088330177517
809.065271499616,31.553508826928255,21.65920595903156,0.05260772960148769,-0.01684751325212754,2.7943388158809226,5.909581236440607,0.5004793756432422,4.995210856062471e-09,0.01259713097910336,0.0,0.0,0.7935092407629029,0.4537590912178152,0.9999989504336123,0.543606991608068,2101.2483786390912,5046.805276177456,2315.5407020925195,4756.048143090934
811.762155737948,31.677082469113675,21.99153574921355,0.05377865646259954,-0.01860762068337259,2.584624666126458,6.117064507766127,0.46901126440315477,5.330362373712205e-09,0.01264829373579833,0.0,0.0,0.8202376116069973,0.46764458977294826,0.999997950580409,0.5344179746488252,2076.690149715575,5125.664490305254,2245.5475403321816,4771.74031964699
814.45903997628,31.799120166359323,22.20707560588452,0.052741139729389847,-0.021397548194414633,0.9478081395268949,6.346251632426526,0.20626614177370867,1.2120263556680833e-08,0.012868696125451214,0.0,0.0,0.8034734172111405,0.45959587705152444,0.8288164820181129,0.44920682586925575,2231.4817034531666,5394.691501490763,1986.3140177311027,4607.155277324969
817.1559242146121,31.9209104055818,22.080647833100656,0.04721140427793364,-0.027298041432464594,-3.023981138157882,6.477539418893589,1.1462492274794123e-08,0.21810265518812694,0.01328576120215503,0.0,0.0,0.8114778877061463,0.4619422804800306,0.9999984471188118,0.5297357405392336,2712.967187262697,5941.61574136747,1444.9998898532504,4120.059681516584
819.8528084529441,32.04407264396315,21.7163930704156,0.049268724818516574,-0.02744211879347266,-2.8914677023473203,6.575152105985864,1.2077776334606938e-08,0.20699174503048257,0.01394217136147154,0.0,0.0,0.8204619280091715,0.46587790635149834,0.9999992388697903,0.5329782375455846,2671.4845180866587,5948.786895913988,1441.99986288709,4157.3712231122645
822.5496926912762,32.16925295758898,21.37431552307034,0.05248526492572478,-0.02882838236015359,-2.5742336798319028,6.808809263638047,1.3866419582009293e-08,0.18029167420353243,0.014903447301464657,0.0,0.0,0.8429576246790886,0.476544128975124,0.9999995412447729,0.5419699111376705,2572.1822971988004,5965.94816454339,1434.8230936466823,4246.688944611128
825.2465769296082,32.296295834578515,21.083954270046636,0.057614823096401126,-0.03231874242860685,-1.9970550106951688,7.232895568878384,1.9020036962080766e-08,0.13144033344413467,0.016270768405785445,0.0,0.0,0.887732684375669,0.5023553684384843,0.9999997388423675,0.561936120102323,2391.768014185376,5996.914399298195,1421.978663924941,4408.981422591489
827.9434611679403,32.424810488831454,20.887035287362874,0.06742067756900483,-0.04008741599231743,-1.0675498575461757,7.941680940662101,4.858448741582033e-08,0.05145675364755979,0.018203664984441436,0.0,0.0,0.9633270436571147,0.568331589442817,0.9999999227205351,0.605051356775335,2094.787689090971,6053.219282952236,1395.9611773385172,4675.6743506182775
830.6403454062723,32.55425786931259,20.780887695205692,0.08743120593977545,-0.06167078403380765,-0.5724722212383981,9.052039953816763,4.441750563937371e-05,5.628411510312019e-05,0.020961302790942993,0.0,0.0,1.0000000099428807,0.715250740696933,1.0000000000105558,0.7198995033829717,1753.9705312236283,6265.846695704172,1230.7809688571642,4969.044304215036
833.3372296446043,32.68443005844885,20.65513784466732,0.1885501172875495,-0.1665154719544432,-1.3595995912935783,11.25884922286034,5.811453817712632e-05,4.3018495516221636e-05,0.026389903848340817,0.0,0.0,1.0000000099949236,0.9957545278868313,1.0000000076821551,0.9760723779247913,1305.8971664345331,6917.729825953984,673.1979063638528,5322.8176012476315
836.0341138829365,32.8154212459113,20.52186864674567,0.10086197836990328,-0.07906347217238706,-0.6752028484726802,9.680371190667728,7.147679106786079e-05,3.497638831640434e-05,0.02298572483869837,0.0,0.0,1.000000004491539,0.7957742355925052,1.000000009910234,0.7962455706171016,1610.6785530655438,6435.73856841399,1087.7385747315336,5085.486803788933
838.7309981212685,32.947083313690314,20.445036549576024,0.08022014526269688,-0.046696665791616326,-0.49191185227920337,8.478412530213092,0.0020015050088558473,1.2490600767615326e-06,0.020283306880546012,0.0,0.0,0.9971865963419381,0.6408904723294672,1.0000000063517904,0.646439131272258,1886.4995500756745,6112.458295603763,1359.657461348876,4861.027192971687
841.4278823596005,33.07894590910638,20.45943016073394,0.07584656482518655,-0.02813848445256739,0.7102241476613238,7.595845949568377,0.18622028308348038,1.3424960795815899e-08,0.01814634156543309,0.0,0.0,0.9621213074922614,0.5708620065001732,0.9999998249941372,0.5323069435425911,1950.818011531996,5736.872477019984,1697.5299670868694,4834.422044361152
844.1247665979326,33.21028401257135,20.608925532357283,0.06894124223065776,-0.021871703312844,1.5663025971779074,6.991774823130186,0.31591629132555105,7.91348869766395e-09,0.016461777713166894,0.0,0.0,0.9162504962606296,0.528391013542966,0.9999997375219865,0.513656146313106,1990.532277591956,5475.495040995908,1933.094593208459,4820.520588203678
846.8216508362647,33.34040044226228,20.845828848345057,0.06316179632564761,-0.019242178256995753,2.0752214388411376,6.5796226549982135,0.392382961536597,6.371326605192351e-09,0.01514128213082155,0.0,0.0,0.8747099507673057,0.49964754134322653,0.9999996775560794,0.5185605725425679,2027.3615114211243,5306.892178521796,2084.0856131341307,4801.30319692295
849.5185350745967,33.46889613799009,21.13238528263908,0.0588685314843356,-0.018079822158248788,2.3851581311938785,6.304853071612545,0.4388930196468088,5.696148913658661e-09,0.014118154494557472,0.0,0.0,0.8431874078684591,0.48069083745693675,0.9999996150697604,0.5268457422553111,2055.713511038425,5198.288713920304,2180.947786499375,4784.692488541898
852.2154193129288,33.595581957343526,21.445867729087972,0.05583546592185861,-0.01771036665594446,2.564084676458568,6.136952301015067,0.46579666086874927,5.3671488364770426e-09,0.013343369164971124,0.0,0.0,0.8226665080233995,0.469168216684136,0.9999995350435783,0.5334059831740684,2074.3929338327475,5133.280096369945,2238.781767679562,4773.187702117746
854.9123035512608,33.720396229243725,21.77093411836722,0.053862115525920885,-0.017870063933788347,2.6450116329319036,6.058386653493661,0.4780394677772055,5.229693705866012e-09,0.012782119102109156,0.0,0.0,0.8127846376707177,0.46374641706352454,0.9999994195205455,0.5368468887855281,2083.495815686122,5103.222913286868,2265.4817300057166,4767.442041021294
857.6091877895929,33.843360320974114,22.096057491096577,0.052823730960997746,-0.018456754725968843,2.6433815657246744,6.059613738662802,0.4779010146231253,5.231208799472142e-09,0.0124112452972359,0.0,0.0,0.8129671179958486,0.46372594921738225,0.9999992318593239,0.536896641428717,2083.4010385407755,5103.739761405515,2265.017316964362,4767.484383089348
860.3060720279249,33.96455389917885,22.411577630162643,0.05266310404434515,-0.01945472081316176,2.5637589645810275,6.136623141639686,0.4660228770418998,5.36454350386073e-09,0.012217563227002454,0.0,0.0,0.8227122579686471,0.4688385066052699,0.9999988662201375,0.5337416817342157,2074.5171345764056,5133.240231737436,2238.8075668684296,4773.077566817729
863.002956266257,34.084101901117464,22.708389310551382,0.05338037369870547,-0.020915671794098274,2.402020810616273,6.289679980616136,0.44173675626727027,5.659479246356014e-09,0.012197080406858456,0.0,0.0,0.8415359576607718,0.47915427825471396,0.9999978054445032,0.5279623071729174,2057.3118150635373,5192.324180401893,2186.26395247234,4783.742552062231
865.699840504589,34.20274049025793,22.755521822432154,0.04718548273924599,-0.025344888445668918,-1.607463780260726,6.397636562160702,2.414906424830221e-08,0.10352368002663391,0.012355091522605098,0.0,0.0,0.7656513348172671,0.4413835396478584,0.8624324444939904,0.47060243406220825,2549.4920693970535,5738.314043349029,1644.887226282068,4286.949160971852
868.396724742921,34.32199687420523,22.474565049472808,0.04544340384289195,-0.027503340935039644,-3.1045290697033403,6.418533484559689,1.1120448645263181e-08,0.22481107384843912,0.01270729815553276,0.0,0.0,0.8060783971255878,0.4596151994712792,0.9999983059908497,0.5279645262640196,2738.1006528832695,5937.338436593489,1446.7557879593442,4097.447622563898
871.0936089812532,34.44299763300465,22.1048210677823,0.04721892798048933,-0.027450132411613943,-3.0073238196541587,6.490008031639384,1.1536285468571883e-08,0.21670753621137062,0.0132822370449975,0.0,0.0,0.812558776020883,0.46235860179742466,0.9999991641939454,0.5301649437854377,2707.7032473379554,5942.566625608211,1444.581806993785,4124.790820060049
873.7904932195852,34.56599421464722,21.751028019181184,0.04998344872785634,-0.02846507092561254,-2.7459429787247545,6.682936787541329,1.283466631585295e-08,0.19478496282428792,0.014125628412684395,0.0,0.0,0.8304947273262449,0.4703108270305319,0.9999994830705904,0.5370328468841308,2625.7823000826934,5956.808605122824,1438.5839449065086,4198.467649887974
876.4873774579172,34.69088813332322,21.438038518930785,0.05420365622359982,-0.03112703426856835,-2.266405775408398,7.035218613221854,1.6195435256771695e-08,0.15436448359663957,0.015307614037106312,0.0,0.0,0.8662216461413009,0.48897631248673257,0.9999996803546803,0.5521787426768271,2475.9041223380964,5982.5208998658645,1427.925148667875,4333.292329128165
879.1842616962493,34.81739197060656,21.20047766738529,0.061308515420761545,-0.036786900405748627,-1.489499676477899,7.611588658908729,2.834006742474804e-08,0.08821432787504799,0.016934953875442568,0.0,0.0,0.929576101830788,0.533440241249974,0.9999998514677604,0.5835695630616348,2231.680306849461,6025.581529024281,1409.4936232220075,4552.88704090425
881.8811459345814,34.94498444881144,21.07330964871489,0.07718774256419841,-0.04938823371169306,-0.503864999051203,8.51365138541814,6.484702461513262e-06,0.00038552269974413136,0.019171247126578316,0.0,0.0,0.9978617832546525,0.6445683102281254,1.0000000096000394,0.651755266101738,1879.2648722389167,6122.787984658271,1350.833578201617,4866.756064901196
884.5780301729134,35.07319375479982,20.99685249676424,0.1007349418716272,-0.08522321692741544,-0.6888316447375356,9.81874092908901,4.8946955497689124e-05,5.107569969531668e-05,0.02227139428218853,0.0,0.0,1.0000000099465913,0.8126822284262976,1.0000000005314535,0.8127075525567881,1577.9586621919402,6471.987344034744,1057.4025328896398,5112.293960883677
887.2749144112455,35.20203974402556,20.86569560723565,0.18628886964300753,-0.1679435253401346,-1.347059076496147,11.263472768090754,5.822885580547091e-05,4.293403958257259e-05,0.025870604598614854,0.0,0.0,1.0000000099947732,0.9957122857920675,1.0000000077762015,0.9765935264410266,1303.1213434809024,6917.258551326137,673.8667515903999,5325.395853602562
889.9717986495775,35.33172228906881,20.726860840450236,0.11413699578124534,-0.1030733563208982,-0.7941128701332673,10.30948861697538,6.75208681934071e-05,3.702559026402013e-05,0.023997724339086444,0.0,0.0,1.0000000059603296,0.8734690116665165,1.0000000099278405,0.8694851218158466,1469.2852954964928,6607.921028020158,942.4391886921708,5199.996987791179
892.6686828879095,35.462131030144725,20.633831085528424,0.09536517473036253,-0.07199693311435781,-0.6326354413367467,9.439538242440394,7.305882138564229e-05,3.421900261439622e-05,0.022171292337399614,0.0,0.0,1.0000000040437471,0.7652228651838199,1.0000000099373676,0.7673851984752378,1665.1876804220128,6370.207523138396,1142.9784889817088,5041.268807457884
895.3655671262416,35.59307325254894,20.558280381898815,0.08188028617047782,-0.05086996098470547,-0.5213232496295828,8.642845413443855,7.81165148906117e-05,3.200347587831851e-05,0.020449522686190876,0.0,0.0,0.999559710699747,0.6616262575182585,1.000000009939409,0.6681962272004341,1849.3275180078335,6157.245778771256,1321.8964268407994,4891.172776380112
898.0624513645737,35.72433300994369,20.53405787842561,0.07781003591514297,-0.0343663801078972,0.15224574452745646,7.9544627461533555,0.10036280887117326,2.4909625667701718e-08,0.018865194562898348,0.0,0.0,0.9804428971467268,0.5962336504742348,0.9999999293134972,0.5663515651399897,1933.682257163807,5898.484782199621,1551.2418626394688,4836.233597997105
900.7593356029057,35.8554298819338,20.609460734631128,0.07336476391451803,-0.026065574428893058,0.9980961105935197,7.404422086303296,0.22991204608415527,1.087372342167825e-08,0.01743242924455224,0.0,0.0,0.9497081477235977,0.5573714567969806,0.9999998667676299,0.5220807865723935,1961.255289396904,5651.896923038703,1774.3257098224185,4832.164577741975
903.4562198412377,35.98575517256509,20.778193974363464,0.06798956187075482,-0.022127313871137505,1.5913635943180118,6.9737903933654035,0.31957821989884166,7.822810954571935e-09,0.01615300387791466,0.0,0.0,0.9146634718028885,0.5270809985355507,0.9999998366335674,0.5137247878524486,1991.7698306033662,5467.768479796435,1940.052654397908,4820.051535202292
906.1531040795699,36.11483012610146,21.01098127814943,0.06309100065973763,-0.019973311599985038,2.0157580226217533,6.631270440489303,0.38338597045784395,6.520843726098846e-09,0.015021180623765295,0.0,0.0,0.8803845141444195,0.5031626681503572,0.9999998179909916,0.5175008373829549,2022.1883035877404,5327.462163769127,2065.7226104926835,4804.26942215045
908.8499883179019,36.242350971725664,21.287983831053882,0.05888028364407534,-0.018722971584811125,2.328856089444192,6.356880230139335,0.43042090096819485,5.808268116469506e-09,0.014027328433590036,0.0,0.0,0.8494190769312983,0.48419371816546874,0.9999998032499522,0.5251263807833091,2050.036471243706,5218.543960953781,2162.915733215841,4788.146334586673
911.5468725562339,36.36813427044453,21.595659662480895,0.05532297418015611,-0.018000054150200815,2.563552890873444,6.137550048499371,0.46574023869884046,5.367799038591414e-09,0.013160188121179793,0.0,0.0,0.822765570336404,0.46915964511416625,0.9999997894349455,0.5334359400961257,2074.3128111928254,5133.49791349173,2238.589493149546,4773.242282165899
914.243756794566,36.49207916991469,21.92429220365753,0.05234430538624229,-0.017617323306838486,2.73963074985244,5.964363956600487,0.492336692743137,5.077825881993903e-09,0.012408319677524518,0.0,0.0,0.800692231377342,0.4573574771774654,0.9999997751707425,0.5411149007741727,2094.678238290433,5067.54089790849,2297.1460231404703,4760.277340660608
916.940641032898,36.61414257602036,22.266610928634467,0.04987316973261998,-0.01747314849485983,2.8695731606503245,5.8311008621109774,0.5120769293805737,4.882078963319714e-09,0.011760947527682154,0.0,0.0,0.7831611123959397,0.4483028780643686,0.9999997596855219,0.547594333741358,2111.066998722301,5017.506334680741,2341.4860666758805,4749.583099921078
919.6375252712301,36.734322300991714,22.616976278239488,0.04785092593664445,-0.017510187671139054,2.961471976455636,5.733414232912652,0.5261590190418016,4.7514152612393445e-09,0.011208415838967895,0.0,0.0,0.7700305253785774,0.4416642165503083,0.99999974243526,0.5526272156658346,2123.5147237965975,4981.263380513998,2373.554733611948,4741.309662077458
922.3344095095622,36.852645384265614,22.97086147712608,0.046232030520797045,-0.01769649602568037,3.020564924336608,5.668345443877615,0.5353503939747569,4.669838737925147e-09,0.010742410491099733,0.0,0.0,0.7611495044539911,0.43722000866918154,0.999999722939735,0.5561102369179146,2132.0806597757614,4957.39659195851,2394.6410411802876,4735.524207085442
925.0312937478942,36.96915993252804,23.324500825033574,0.044982867777580766,-0.018016082943714137,3.0500930234447754,5.634015725454425,0.5401189204157204,4.6286102728387846e-09,0.01035603092737865,0.0,0.0,0.7563992569207079,0.43483165686227665,0.9999997006962664,0.5580049902615467,2136.8134350295013,4945.018148185692,2405.552527740818,4732.25838904399
927.7281779862262,37.08392944347484,23.674635099945586,0.044080683077890176,-0.018464124182038653,3.051766353641907,5.629447515590866,0.5407033613025831,4.623607274822916e-09,0.010043826146540823,0.0,0.0,0.7557113930909221,0.43442764352118823,0.9999996751217309,0.5583023087625218,2137.735282082699,4943.663028135022,2406.712441750937,4731.531748031342
930.4250622245582,37.19702894093984,24.01831400245949,0.0435127781725006,-0.01904462202344557,3.026010427501509,5.654450032785081,0.5371501733967772,4.654191920749895e-09,0.009801788656465044,0.0,0.0,0.7590713625678961,0.43599409352498414,0.9999996455011625,0.5570092266377182,2134.8386585813805,4953.228596797694,2398.215265857215,4733.359978763711
933.1219464628904,37.308542479169894,24.352730289538403,0.04327622942211786,-0.019769716249838257,2.9720464428459814,5.709563729058827,0.5293249869484615,4.722996382877653e-09,0.009627368759385843,0.0,0.0,0.7665138191425377,0.43957092063728403,0.9999996109321739,0.5541494463999279,2128.0897008158818,4973.950372018641,2379.8485764906873,4737.753850674791
935.8188307012224,37.418561733534254,24.675066367674948,0.04337804900097343,-0.020660325344683844,2.8878371478327907,5.796043539182796,0.5169035878625104,4.836491873660975e-09,0.009519518457906884,0.0,0.0,0.778108794300872,0.44525212166947026,0.9999995702591006,0.5497764379697552,2117.439406865936,5006.4048584273605,2351.089494151842,4744.708740554863
938.5157149395544,37.527185517593786,24.982336498917423,0.043835711367847946,-0.02174828531164131,2.769890565914055,5.9158740988439,0.4993410509351304,5.006598191581446e-09,0.009478788113078028,0.0,0.0,0.7939347199020572,0.45318993676962793,0.9999995219978243,0.54400341457377,2102.8452545559458,5051.538750698452,2311.0761304438,4754.182364301803
941.2125991778865,37.63434957044312,25.352264370571746,0.02894096194161658,-0.01377853173211337,4.134436844793076,4.260247863616451,0.7079024275034979,3.531560155423108e-09,0.006628287802572724,0.0,0.0,0.5568439391233132,0.3435694173983269,0.9999994452068627,0.6457133419521135,2338.798346047377,4462.265640568702,2829.602000043311,4588.976513340611
943.9094834162186,37.739838042233195,25.7827138972752,0.02941722121919779,-0.014735620000796198,4.027213878116434,4.401388538472769,0.6922344622892738,3.6114931045716503e-09,0.0066211350983764825,0.0,0.0,0.5775748095639034,0.3528343538743817,0.9999993403054891,0.6357392429331031,2317.504988278487,4511.322087923509,2786.5766924833433,4604.238731314662
946.6063676545506,37.84361777103713,26.193774353528998,0.030165242805538558,-0.015839914775838293,3.8950686845417635,4.573168494843728,0.6727253477837198,3.716226826266933e-09,0.0066653205279354625,0.0,0.0,0.6028128497559242,0.3640887760778316,0.9999991948067569,0.623842681020371,2291.8022853733833,4571.240957022053,2733.9982228258477,4622.601034778716
949.3032518928827,37.94582139407205,26.58383716733018,0.031163096770014304,-0.017095936240737856,3.7384008440814958,4.772330171622579,0.6494334276057028,3.849509266906637e-09,0.006752975067635207,0.0,0.0,0.6320012857719292,0.37711195568136896,0.9999989792796982,0.6104141612869463,2262.450351298242,4641.158671216372,2672.59096754531,4643.442509940077
952.0001361312147,38.04657802746889,26.951324356857523,0.03240162237666408,-0.018514633909697136,3.5564936752262923,4.996690329274128,0.6222472370753217,4.017695620639472e-09,0.006878950958024228,0.0,0.0,0.6646700473651396,0.39177067872898896,0.9999986254168944,0.5958159076088752,2230.0860749406665,4720.62391093824,2602.7129533101142,4666.21956081098
954.6970203695467,38.14601383157996,27.294573237513607,0.03388027646590817,-0.020113475441963003,3.3477120614530818,5.244699977156961,0.5909147648543684,4.230728600784772e-09,0.007039925006754285,0.0,0.0,0.7003406802399863,0.4079930232767586,0.9999979293939363,0.5804387599764843,2195.307183004792,4809.462327868964,2524.4723378875156,4690.40065123873
957.3939046078789,38.24425295955968,27.61174132990219,0.035603807917676485,-0.021917737795475924,3.1095658609412893,5.515144458408266,0.5550517467995186,4.504084549772358e-09,0.007233846684312032,0.0,0.0,0.7384432962813766,0.42575080526079057,0.9999958788658687,0.5647622615885372,2158.738775187773,4907.693591175644,2437.797548112155,4715.412585524429
960.0907888462109,38.34160895131788,27.791373372749025,0.034392379787852256,-0.024639735584252708,0.5806832541892846,5.76147705122513,0.14825425220876887,1.686292273872514e-08,0.0074595704259577235,0.0,0.0,0.7022545664546945,0.4100855611036737,0.7136189265428249,0.404364660934254,2424.7480546601246,5296.484272380151,2059.533005491129,4438.877167468596
962.7876730845429,38.438926761580106,27.633346013086,0.03023507973114704,-0.029447720097903828,-3.8283651309703335,5.892419058424792,8.862991229818817e-09,0.28207181241272256,0.007716612201227984,0.0,0.0,0.7614596274861507,0.44432349647230934,0.9999963069244031,0.5165328673469913,2962.9291511677484,5899.931775601356,1461.6808386337464,3895.1007345971493
965.4845573228749,38.537188688811796,27.260923838272994,0.031137287849792174,-0.0295942947888936,-3.7521765445815265,5.948955922192269,9.054533789409902e-09,0.2761047728204138,0.008004968222396477,0.0,0.0,0.76564309025664,0.44531617475467067,0.9999981661331605,0.5174704251464555,2938.97540373429,5904.158121201999,1459.8703928386738,3916.6385822250377
968.1814415612071,38.63679589120956,26.891976016449174,0.03214845536717575,-0.02985859426632758,-3.656222437793821,6.020447008179483,9.311713983217729e-09,0.26847903628462955,0.008324982084714204,0.0,0.0,0.7709967685594673,0.446672629069697,0.9999987961705914,0.5188061867192456,2908.7358547517915,5909.552410391253,1457.5310184293926,3943.8232164275646
970.8783257995391,38.73776843956619,26.528662140828537,0.033272501222805895,-0.030245159707676758,-3.54040054334376,6.106771028565543,9.645809873060074e-09,0.25917989558557936,0.008677226602844685,0.0,0.0,0.777631212394806,0.44850979639235056,0.9999991164219848,0.5206295618122799,2872.2274914611503,5916.071176011788,1454.7009997638422,3976.6428327632193
973.5752100378711,38.84011784715287,26.173291500316882,0.03451527992211748,-0.03076335240554674,-3.4041789663991393,6.208104295902241,1.0074286294070589e-08,0.24815653693113696,0.009062381072858441,0.0,0.0,0.7857057377500009,0.45098139068776305,0.9999993126815621,0.5230532135792676,2829.3375120840738,5923.689497072846,1451.4127919164098,4015.20269892667
976.2720942762032,38.94384541179438,25.828370786991897,0.03588505144305055,-0.03142794630424251,-3.2466257642172276,6.324908388800432,1.0623646379270824e-08,0.23532409803419552,0.009481132471649447,0.0,0.0,0.7954328022598333,0.45428747713510065,0.9999994472917724,0.5262157444151732,2779.8302292746234,5932.4017543173395,1447.6917380482344,4059.7187783598047
978.9689785145353,39.04894023515662,25.496648138809263,0.03739328910889973,-0.03225986979543163,-3.066463597979726,6.457903048413744,1.1334392632789125e-08,0.22056761935198255,0.009934027079241493,0.0,0.0,0.8070806173474316,0.4586875406209405,0.9999995471965503,0.5302847850859141,2723.3609002844414,5942.221950978167,1443.5545904794658,4110.505058257926
981.6658627528673,39.15537693060981,25.18115156028018,0.03905638228026935,-0.03328755260925032,-2.862108413080448,6.60806582898358,1.227028045835965e-08,0.20374432429404288,0.010421330921482064,0.0,0.0,0.8209743025458847,0.4645193154253288,0.9999996260640264,0.53546159119763,2659.480821769307,5953.188633403311,1439.0045751314813,4167.968469695903
984.3627469911994,39.26311306264295,24.885217344896663,0.040898621570032996,-0.03454862380981445,-2.631769072821104,6.7766152931096775,1.3536173501527138e-08,0.18469030421534854,0.010942837629542979,0.0,0.0,0.8374856366026805,0.4722243124880604,0.9999996916814322,0.5419860148317007,2587.654416848056,5965.37360200741,1434.0219624855388,4232.592518658997
987.0596312295314,39.37208641899967,24.612498437205552,0.042957712595869876,-0.036092301007669525,-2.373622997566314,6.964994606506252,1.531559704059937e-08,0.1632322914801773,0.011497657867187335,0.0,0.0,0.8569985319122007,0.48238346773070256,0.9999997489142909,0.550142427249749,2507.2860625946946,5978.900561775155,1428.5447160602241,4304.911159569926
989.7565154678634,39.48221231813623,24.366934213635883,0.045294738204180784,-0.03798244040690972,-2.0861888767562977,7.174822127235889,1.795803106219296e-08,0.13921348016815074,0.01208396217753459,0.0,0.0,0.8798169087531554,0.49576589842799584,0.9999998010265762,0.5602658783993711,2417.780657022273,5993.981061066412,1422.4304422147031,4385.450339696612
992.4533997061956,39.59338133166765,24.15264438500518,0.048012180651680905,-0.040301462375181854,-1.7690942070912783,7.40778460414592,2.221279813557908e-08,0.11254772967652865,0.01269869147755838,0.0,0.0,0.905949829467037,0.513393958293194,0.9999998502680615,0.572748931432954,2318.669604817863,6010.987243446844,1415.3790745368833,4474.60657719841
995.1502839445276,39.70545812450829,23.97367093022651,0.05128526181422257,-0.043155459720073286,-1.4247147059162935,7.665408064958045,2.999830561734029e-08,0.08333804022785538,0.013337247170585145,0.0,0.0,0.9346485957490916,0.5366180285512322,0.9999998980042561,0.5880519352486598,2209.8801618093294,6030.606994186855,1406.767937069907,4572.38740693391
997.8471681828596,39.81828276856088,23.833392518576765,0.055406776371894326,-0.046681975710984605,-1.0619693092583289,7.948548373976767,4.7928096113397656e-08,0.052161471093292305,0.013993169362259436,0.0,0.0,0.9635173342751197,0.5671344085706964,0.9999999443159875,0.6067328759637158,2092.3537142466007,6054.208294400645,1395.2656209865545,4677.8148703662
1000.5440524211916,39.931677555640334,23.73310144275501,0.06077982421094686,-0.05107419521299039,-0.706921911449494,8.256185161694077,1.1950866614200695e-07,0.02091898504708991,0.014657855405899808,0.0,0.0,0.9873302224839358,0.606550149162489,0.9999999864205016,0.6296124662951763,1969.7189008056407,6084.911192337533,1377.7084762115196,4787.303930645308
1003.2409366595238,40.04557937088914,23.621704210622067,0.16594955304040912,-0.18537804360412635,-1.2491109812497705,11.317431348131407,5.931911649297035e-05,4.214492979335361e-05,0.020282683544079257,0.0,0.0,1.0000000099964392,0.9964935268992474,1.0000000087998104,0.9832671126739927,1276.993073423248,6918.025261007497,675.4057680201522,5349.218397549103
1005.9378208978558,40.16003762972025,23.502922709138893,0.1090233036594587,-0.13209978241805814,-0.8264449001645272,10.722884780709565,6.510081333618983e-05,3.840197797667513e-05,0.019411893263829784,0.0,0.0,1.0000000072882516,0.9203688906420051,1.0000000099222954,0.9169421384069334,1370.445063489553,6715.132946374477,852.8922705702039,5281.172219565768
1008.6347051361878,40.27499527125356,23.4168518743156,0.09062925542067703,-0.09702173780911083,-0.6709957799799064,9.961405051614683,6.994017197192129e-05,3.5744836329594224e-05,0.018166178709134194,0.0,0.0,1.0000000050942561,0.8283851666790628,1.0000000099412936,0.8301116460598791,1540.0949804153024,6505.232810829496,1030.2533049539998,5144.061403801203
1011.3315893745199,40.3903364945098,23.346832580869496,0.07516590218305332,-0.0685768636678316,-0.5431312848561246,9.063505659995519,7.55835724450452e-05,3.307597033492541e-05,0.016628009818014024,0.0,0.0,1.000000003457833,0.7152907761615783,1.0000000099468966,0.7217829103172004,1747.3144588909722,6264.905561294989,1232.2120490376922,4975.2104307763475
1014.0284736128519,40.505931597978204,23.314063728677954,0.06634252950592033,-0.043861109526563365,-0.023828168782846045,8.095085932694838,0.0704180144695071,3.550227905407821e-08,0.014893113689178923,0.0,0.0,0.9863289921944032,0.6060655386110718,0.9999999614051375,0.5856480303414513,1921.4316058125594,5956.326000390142,1499.4096712393518,4842.475222557947
1016.725357851184,40.62141404808362,23.39245892756948,0.06005165722802667,-0.02908567447116339,1.3815309137225225,7.143625635775188,0.28723374068290775,8.703712833790789e-09,0.013054701196428068,0.0,0.0,0.9300458371454818,0.5382439330053268,0.9999998827458804,0.5162054216930304,1976.609541896862,5537.260444728558,1877.817988540674,4827.954524833907
1019.4222420895161,40.73616581517913,23.6123643478952,0.05029233498240935,-0.02200892695448092,2.451268163378451,6.240319814620448,0.44970960829139706,5.559142951527818e-09,0.011192520431851946,0.0,0.0,0.8354682869835979,0.47551832360546853,0.9999998571174997,0.5300143292512214,2063.237520584101,5173.64692818398,2202.8319752868965,4779.9260759450235
1022.1191263278481,40.849604766876745,23.937624315155702,0.04099561970296785,-0.0174363367102049,3.2835377789583897,5.367846848241415,0.5761274117466287,4.339317904999973e-09,0.009367808903583444,0.0,0.0,0.7191138631112222,0.41701043548778965,0.9999998484183132,0.57305988687893,2172.924951371115,4848.461114791446,2490.735790185327,4707.520643652113
1024.8160105661802,40.961331132127505,24.342363598681125,0.03265893562482276,-0.013964960661059239,3.9621598446622293,4.516987819929935,0.6799070804047929,3.6769730038521686e-09,0.007622956284391026,0.0,0.0,0.595125338948703,0.36081580263457186,0.9999998453216918,0.6277807870116533,2297.1176538268164,4548.553770323143,2754.284730170501,4619.68634567954
1027.5128948045121,41.07108017170842,24.80844032178811,0.025236687456061332,-0.011055880277139692,4.532103759137934,3.6829958316497966,0.7679533353290947,3.2554061668577106e-09,0.005984147700940785,0.0,0.0,0.47204236745511485,0.30487301451939264,0.9999998441634932,0.6879692347311116,2431.176712871206,4266.9199477091515,3000.2809006745397,4521.264938745104
1030.2097790428443,41.17868546118688,25.32232312743143,0.018617453555402553,-0.00845171089905862,5.020155475488759,2.8630419131875344,0.8442793985391339,2.961105083354454e-09,0.0044649912609130895,0.0,0.0,0.354473661303647,0.24733642152934385,0.999999843597985,0.7513330355977663,2572.339336638982,3999.386790243394,3232.7762725224625,4415.140100595163
1032.9066632811764,41.284053230128876,25.873539440707113,0.012698834229919175,-0.006015579965582864,5.443769604673751,2.0553001524121877,0.9114533726877556,2.7428720961175657e-09,0.0030701780888679024,0.0,0.0,0.2446875035089274,0.18650915888079497,0.999999843096067,0.8171111417519735,2718.8008279287988,3743.2394976467485,3454.4076221967357,4303.194552227718
1035.6035475195083,41.38714334391847,26.453804332557304,0.007397044751589975,-0.003671829887886511,5.815045306188016,1.258705806536455,0.9712272027916828,2.574063018290218e-09,0.0017986553829661815,0.0,0.0,0.14364817497200486,0.12072329565081848,0.9999998424463007,0.8851890425888836,2869.260131565402,3496.6463070109157,3666.9612146469563,4186.774846776726
1038.3004317578404,41.48796903116375,27.04878758578535,0.002643695161155984,-0.001377712284576054,5.98863011422829,0.47248347951572545,0.9999997973900151,2.500000539917835e-09,0.0006457895619365782,0.0,0.0,0.05126687434632807,0.04791544718699576,0.9804067519592636,0.9368316374409371,3042.7284439438135,3278.2319282649332,3851.779206179168,4046.902921612086
1040.9973159961726,41.586608939139694,27.638984035253262,-0.0016318535451515309,0.0009001643894806157,5.979450747859844,-0.30153640109961444,0.9999997858981395,2.500000539917835e-09,-0.0003947258758679708,0.0,0.0,0.030929247238100917,0.032301120740581876,0.9443474146498999,0.9721538060130754,3236.8171111761185,3086.52006125303,4010.416113696027,3885.8892138748256
1043.6942002345045,41.683194821338894,28.211151717245603,-0.005679369119840079,0.0033437987011248806,5.869646168598303,-1.0585624536696896,0.9843323876027422,2.539792487432635e-09,-0.001330071086636153,0.0,0.0,0.10293951728613582,0.11932391954300346,0.9027247710865425,0.9999998168883877,3439.6979691373203,2912.070746136334,4152.5166395212345,3715.3571452051124
1046.3910844728366,41.777894816903185,28.750327086118425,-0.009567468559342292,0.005965095334615775,5.518394114636001,-1.7915671538299673,0.9302058477950714,2.687577216331505e-09,-0.0021674421347866414,0.0,0.0,0.16514637892162254,0.20994789357070068,0.8390394997650826,0.9999997993297393,3667.8510805272945,2774.8668272901705,4258.398235291917,3518.526356890618
1049.0879687111687,41.87090282181138,29.24643549770921,-0.01330662351270046,0.008716647673507742,5.150466399994693,-2.4922646371467465,0.8737364418190953,2.8612747726697307e-09,-0.002913723052982106,0.0,0.0,0.2194794078578471,0.30234328246896064,0.780707834116937,0.9999997817571816,3890.1115302181747,2647.873375140343,4355.44989723791,3326.207697403573
1051.7848529495006,41.96241066006114,29.700299102673977,-0.016904745433742988,0.011556684795774251,4.769787901753799,-3.153879077557489,0.8154847190882671,3.0656613914104014e-09,-0.003575389761095269,0.0,0.0,0.26732239723541334,0.3941622344836997,0.7278863738009376,0.9999997647560945,4104.282523900834,2532.270921180773,4442.78063445485,3140.3084204635447
1054.4817371878328,42.05259185498646,30.112893048783036,-0.020363204973187922,0.01444692383948519,4.380979724227785,-3.770775311736493,0.7561204553354761,3.3063515259001974e-09,-0.004158394537134603,0.0,0.0,0.3097562886930239,0.48291166536171454,0.680777525399978,0.9999997490310807,4308.361405245911,2428.8655858022526,4519.825125016444,2962.5903839353928
1057.1786214261647,42.14160379196927,30.48540977186815,-0.023673360753867546,0.017351654756535398,3.9893762852795582,-4.3384460184051585,0.6964247483321017,3.5897632644221744e-09,-0.004668207199516426,0.0,0.0,0.34758646679582217,0.5661490934549336,0.6396210125221911,0.9999997353714002,4500.534248680183,2338.090061381361,4586.343280731686,2794.674909206771
1059.8755056644968,42.229589307728745,30.81932264355484,-0.0268136075356416,0.020236368533256714,3.6010270986931205,-4.853499388535568,0.6372890518152287,3.9228666981472315e-09,-0.005109857633773794,0.0,0.0,0.38137164552802766,0.6417211106758476,0.604654143601899,0.9999997245800888,4679.172555816508,2260.00645434331,4642.417931951565,2638.045557888617
1062.572389902829,42.31667780061464,31.11644442746887,-0.029748930744019273,0.023066507525917945,3.222575241616404,-5.313744981892346,0.5796955186604331,4.312608825607356e-09,-0.005488084332289613,0.0,0.0,0.4114641473634602,0.7080165303557877,0.5760340814721217,0.9999997173638808,4842.870386639574,2194.3006222276076,4688.456821732471,2494.014669400348
1065.2692741411608,42.402985941647394,31.378977181289088,-0.03243285860291674,0.025805238138730664,2.861147189958933,-5.718130402697426,0.524700738079102,4.764620697983446e-09,-0.005807329774629833,0.0,0.0,0.4380503814949593,0.7641384623562271,0.5537476683556554,0.9999997141932927,4990.44284027578,2140.312217681282,4725.165267780985,2363.7221742619536
1067.966158379493,42.488618059926615,31.609546969633612,-0.03481430859851494,0.028411769393384554,2.524048983902249,-6.06675501939658,0.4733921731751752,5.281033665927026e-09,-0.006071834353981122,0.0,0.0,0.4612089375674482,0.8099737484473858,0.5375150690029444,0.9999997151572664,5120.968809931469,2097.0706049509854,4753.509659696832,2248.0934254207136
1070.663042617825,42.57366628934506,31.811209105585412,-0.03684818622245304,0.030840525821751112,2.2182995945137978,-6.360850890666162,0.4268219660379087,5.857243051687888e-09,-0.006285717553123831,0.0,0.0,0.4809755995936997,0.8461181163242736,0.526730944131945,0.9999997198610534,5233.84664165419,2063.3600258377746,4774.653108076699,2147.7827244313376
1073.359926856157,42.6582105816964,31.98741611043784,-0.038506153823677905,0.03304134047830815,1.950127252747151,-6.602623802700617,0.3859355312051332,6.477765823742487e-09,-0.006452949009277595,0.0,0.0,0.4973978943816962,0.8736678885148359,0.5204800904010225,0.9999997274178155,5328.819725250422,2037.8244235918335,4789.85741332006,2063.1409378376848
1076.0568110944891,42.7423187057667,32.1419394362849,-0.03978489485252789,0.034963266639254226,1.7242912345798223,-6.795171426249581,0.3514706201250765,7.1129700462968515e-09,-0.0065774303899408335,0.0,0.0,0.5105807639410985,0.8939714336865463,0.5176310292049554,0.9999997365734508,5406.043902087358,2019.0756443160822,4800.378361490639,1994.1445921059224
