s_m,x_m,y_m,elevation_m,grade,heading_rad,curvature_1_m,left_width_m,right_width_m,left_x_m,left_y_m,right_x_m,right_y_m,projection_s_error_m,projection_lateral_error_m,projection_reconstruction_error_m
0,-84.747595000000004,-20.316616,0,0,-2.3860839822632789,-0.0084121088874142842,6,6,-80.633640814987686,-24.684153173696366,-88.861549185012322,-15.949078826303634,8.7081373722201615e-15,7.8825834748386114e-15,0
2.8984856829712333,-86.86815770791641,-22.292572142666508,0,0,-2.3901774345733231,0.0054795822090361428,6,6,-82.772116245491517,-26.676912952651076,-90.964199170341303,-17.90823133268194,4.4408920985006262e-16,2.2204460492503131e-16,0
5.7969713659424666,-88.956905174718443,-24.301908448162155,0,0,-2.35421552283263,0.019463988078839582,6,6,-84.705876753389816,-28.536144785573683,-93.20793359604707,-20.067672110750628,8.8817841970012523e-16,7.1054273576010019e-15,7.1054273576010019e-15
8.6954570489137009,-90.928015426634801,-26.425977646709963,0,0,-2.2761966607217929,0.034587963662138017,6,6,-86.359903061771462,-30.31600970595866,-95.496127791498139,-22.535945587461267,5.3290705182007514e-15,4.6629367034256575e-15,7.1054273576010019e-15
11.593942731884933,-92.709784949698332,-28.711381687679854,0,0,-2.2064430198718497,0.016007762038970596,6,6,-87.881657403520492,-32.27356983513063,-97.537912495876171,-25.149193540229074,5.3290705182007514e-15,4.2188474935755949e-15,7.1054273576010019e-15
14.492428414856168,-94.360978109225499,-31.092934738407344,0,0,-2.1411956551916735,0.029341086167662213,6,6,-89.310865603379327,-34.332743942403184,-99.411090615071672,-27.853125534411504,0,3.5527136788005009e-15,0
17.390914097827402,-95.801535287223317,-33.606472690213259,0,0,-2.0332994266676927,0.045789207335689787,6,6,-90.431904616474185,-36.28361042663068,-101.17116595797245,-30.929334953795841,3.5527136788005009e-15,5.773159728050814e-15,0
20.289399780798636,-96.893292280202346,-36.288069220503509,0,0,-1.871216103692793,0.065252165343148094,6,6,-91.162018165787657,-38.063596473304806,-102.62456639461703,-34.512541967702212,0,6.6613381477509392e-15,0
23.187885463769867,-97.519189767714636,-39.115254069982086,0,0,-1.717669257712173,0.04141859375271794,6,6,-91.58378849073631,-39.993326778386184,-103.45459104469296,-38.237181361577989,7.1054273576010019e-15,9.9920072216264089e-15,0
26.086371146741101,-97.798663629225999,-41.999222111394857,0,0,-1.6263469594175164,0.022301506475672781,6,6,-91.807918867172475,-42.332354511392602,-103.78940839127952,-41.666089711397113,0,2.4424906541753444e-15,0
28.984856829712335,-97.889454012322233,-44.896083902263719,0,0,-1.585879256993427,0.0057256284009132999,6,6,-91.890136483733983,-44.986578052205992,-103.88877154091048,-44.805589752321445,0,4.7739590058881731e-15,0
31.883342512683569,-97.863146144369779,-47.793775124382883,0,0,-1.5210553860605098,0.027073055033591805,6,6,-91.870567097683022,-47.495452531857943,-103.85572519105654,-48.092097716907823,3.5527136788005009e-15,4.8849813083506888e-15,7.1054273576010019e-15
34.781828195654803,-97.627084630705596,-50.682245304907838,0,0,-1.4647862325105787,0.011885640931522477,6,6,-91.66076748885331,-50.047375426240123,-103.59340177255788,-51.317115183575552,0,2.4424906541753444e-15,0
37.680313878626038,-97.291199765350541,-53.56117906019454,0,0,-1.4515688257595674,-0.002728325443121214,6,6,-91.333794862334813,-52.847507692179661,-103.24860466836627,-54.274850428209419,0,1.2212453270876722e-15,0
40.578799561597272,-96.97438159133992,-56.442234261889091,0,0,-1.4678805309135055,0.0047583503928619241,6,6,-91.006128538544573,-55.825828958700541,-102.94263464413527,-57.058639565077641,0,5.5511151231257827e-15,0
43.477285244568499,-96.659914530342604,-59.323597193493455,0,0,-1.4573992037126862,0.0024747251923734827,6,6,-90.698449932751487,-58.644671680887065,-102.62137912793372,-60.002522706099846,7.1054273576010019e-15,5.3290705182007514e-15,7.1054273576010019e-15
46.375770927539733,-96.324783476590184,-62.202641386686523,0,0,-1.4535304664251361,0.00019522619478313174,6,6,-90.365990069839896,-61.500657672011229,-102.28357688334047,-62.904625101361816,1.4210854715202004e-14,5.773159728050814e-15,7.1054273576010019e-15
49.274256610510974,-95.988022937907971,-65.081496353785738,0,0,-1.4562670784613205,-0.0020838675826852964,6,6,-90.027330789296073,-64.395822153106977,-101.94871508651987,-65.767170554464499,0,2.6645352591003757e-15,0
52.172742293482202,-95.657295224078368,-67.961050633897372,0,0,-1.4551076572162349,0.000625873884134611,6,6,-89.697402066876322,-67.268465942515775,-101.61718838128041,-68.65363532527897,7.1054273576010019e-15,5.773159728050814e-15,0
55.071227976453436,-95.322369933270892,-70.840120597348459,0,0,-1.4556491391206616,-0.00099953861753739742,6,6,-89.362102627737713,-70.150763181639931,-101.28263723880407,-71.529478013056988,2.1316282072803006e-14,4.9960036108132044e-15,1.4210854715202004e-14
57.96971365942467,-94.995788204470614,-73.720145611159623,0,0,-1.4609029153245998,-0.0026259107061588171,6,6,-89.03198144396184,-73.062111475791411,-100.95959496497939,-74.378179746527834,0,6.2172489379008766e-15,0
60.868199342395904,-94.688031196333426,-76.602241743925333,0,0,-1.4642184841168131,0.0024547373440250656,6,6,-88.722075462401691,-75.963984600787029,-100.65398693026516,-77.240498887063637,7.1054273576010019e-15,4.3298697960381105e-15,0
63.766685025367138,-94.376666255325546,-79.483954557080011,0,0,-1.4646150346698259,-0.002727206316944457,6,6,-88.410457889257614,-78.848063267108955,-100.34287462139348,-80.119845847051067,7.1054273576010019e-15,6.106226635438361e-15,0
66.665170708338366,-94.088104058808085,-82.368011069091153,0,0,-1.4800429883257906,-0.0079236643047395014,6,6,-88.112795610175411,-81.82423819030906,-100.06341250744076,-82.911783947873246,1.4210854715202004e-14,7.1054273576010019e-15,0
69.563656391309607,-93.865878466295896,-85.257851835961134,0,0,-1.5105785700764773,-0.013148571279345643,6,6,-87.876753714073686,-84.896763616381492,-99.855003218518107,-85.618940055540776,0,5.8841820305133297e-15,0
72.462142074280834,-93.735144534623203,-88.153297027163589,0,0,-1.5387456429482875,-0.008345690117814138,6,6,-87.73822600982858,-87.961025846340448,-99.732063059417825,-88.34556820798673,0,1.5543122344752192e-15,0
75.360627757252075,-93.674774673730752,-91.051097759371046,0,0,-1.560317211675585,-0.0065449452510029961,6,6,-87.675104106277161,-90.988224219379916,-99.674445241184344,-91.113971299362177,1.4210854715202004e-14,5.9952043329758453e-15,1.4210854715202004e-14
78.259113440223302,-93.66940578839781,-93.949546001631134,0,0,-1.5767152625227787,-0.0047737022242821262,6,6,-87.66951088949142,-93.985059408635976,-99.669300687304201,-93.914032594626292,0,6.9944050551384862e-15,0
81.157599123194544,-93.703114685380868,-96.847823694563573,0,0,-1.5867526722453806,-0.0031158677032731138,6,6,-87.703878484055494,-96.943557704753502,-99.702350886706242,-96.752089684373644,0,5.440092820663267e-15,0
84.056084806165771,-93.76755908277309,-99.745567898576908,0,0,-1.6010775379611202,-0.0067720014404861646,6,6,-87.770309727828462,-99.927227400437687,-99.764808437717718,-99.56390839671613,0,1.6653345369377348e-15,0
86.954570489136998,-93.888890274802364,-102.64143748265033,0,0,-1.6260457613286148,-0.010464181136319859,6,6,-87.898045445649174,-102.97276546669099,-99.879735103955554,-102.31010949860968,0,5.2180482157382357e-15,0
89.853056172108239,-94.098008570612294,-105.5322148005349,0,0,-1.6617780751497087,-0.014195804647635465,6,6,-88.122824480948765,-106.07735248464033,-100.07319266027582,-104.98707711642948,1.4210854715202004e-14,2.55351295663786e-15,0
92.751541855079466,-94.404918380427887,-108.41430034818529,0,0,-1.6915491684801784,-0.01003041444577569,6,6,-88.448608999377086,-109.13705795430658,-100.36122776147869,-107.691542742064,0,5.440092820663267e-15,0
95.650027538050708,-94.795546290441507,-111.28624224893247,0,0,-1.7203206114513425,-0.0098353232555764853,6,6,-88.862493954057925,-112.18004870098646,-100.72859862682509,-110.39243579687847,0,1.5543122344752192e-15,0
98.548513221021949,-95.267930142938027,-114.1458772355233,0,0,-1.7486387361842894,-0.0097173861117437164,6,6,-89.36256409280162,-115.20731579422383,-101.17329619307444,-113.08443867682277,0,1.3322676295501878e-15,0
101.44699890399316,-95.820633713954905,-116.99108176823586,0,0,-1.7766423951939909,-0.0096652169032397338,6,6,-89.947303299689764,-118.21745440527081,-101.69396412822005,-115.7647091312009,0,1.3322676295501878e-15,0
104.3454845869644,-96.452986317658016,-119.81964848310353,0,0,-1.8049345791965552,-0.0098695454309778892,6,6,-90.616698525103175,-121.21167750667861,-102.28927411021286,-118.42761945952846,0,1.9984014443252818e-15,0
107.24397026993564,-97.166036419186781,-122.62895281577592,0,0,-1.8339304952853837,-0.010151176548677202,6,6,-91.372559423614632,-124.18960149558066,-102.95951341475893,-121.06830413597118,0,5.440092820663267e-15,0
110.14245595290687,-97.961478603681087,-125.4160413682949,0,0,-1.8638771409124182,-0.01056827793025542,6,6,-92.217328421406634,-127.14945957619408,-103.70562878595554,-123.68262316039572,0,6.5503158452884236e-15,0
113.0409416358781,-98.840593544454805,-128.1778793484975,0,0,-1.8938309300681055,-0.010114477909724128,6,6,-93.150934759442208,-130.08255331275726,-104.5302523294674,-126.27320538423774,0,5.773159728050814e-15,0
115.93942731884934,-99.800344253676698,-130.9127503707989,0,0,-1.9225901352246151,-0.0097431759259999241,6,6,-94.167807600471974,-132.98024422817923,-105.43288090688142,-128.84525651341858,0,4.7739590058881731e-15,0
118.83791300182058,-100.83698956419593,-133.61941718367061,0,0,-1.950387559698969,-0.0094503022878307252,6,6,-95.264092495776808,-135.84266216900298,-106.40988663261506,-131.39617219833823,1.4210854715202004e-14,2.3314683517128287e-15,0
121.73639868479181,-101.95130040364299,-136.29501289424329,0,0,-1.9816953526205019,-0.010912931844859574,6,6,-96.450727850716333,-138.69161498678804,-107.45187295656964,-133.89841080169853,0,3.1086244689504383e-15,0
124.63488436776304,-103.14793924007094,-138.93484523359314,0,0,-2.0099749945315781,-0.0086075383197386918,6,6,-97.71733206503805,-141.48602255210344,-108.57854641510383,-136.38366791508284,0,4.8849813083506888e-15,0
127.53337005073428,-104.41010277451662,-141.5440278409539,0,0,-2.0316323349270964,-0.0063422660227303628,6,6,-99.03601653324921,-144.2122101944336,-109.78418901578402,-138.87584548747421,2.8421709430404007e-14,7.3274719625260332e-15,0
130.4318557337055,-105.71979835821047,-144.12971238208527,0,0,-2.045799493924271,-0.002824151685948322,6,6,-100.3840507191984,-146.87375996417586,-111.05554599722254,-141.38566479999469,0,5.3290705182007514e-15,0
133.33034141667673,-107.06134023178591,-146.69901895199121,0,0,-2.0603079214550499,-0.0071887969866109369,6,6,-101.76596457441332,-149.52018832785396,-112.35671588915849,-143.87784957612845,0,4.4408920985006262e-15,0
136.22882709964799,-108.45612964716811,-149.23973970541351,0,0,-2.0875313955080568,-0.011612344681081865,6,6,-103.23950866159855,-152.20400445285347,-113.67275063273767,-146.27547495797356,0,1.9984014443252818e-15,0
139.12731278261921,-109.93564589043848,-151.73195106037801,0,0,-2.1277367150122246,-0.016149165480384212,6,6,-104.84238769228909,-154.90349972419889,-115.02890408858786,-148.56040239655712,2.8421709430404007e-14,1.2656542480726785e-14,0
142.02579846559044,-111.52127316775403,-154.15801992620354,0,0,-2.1694850424881253,-0.012875984752288063,6,6,-106.56482129609357,-157.53937835794565,-116.47772503941449,-150.77666149446142,0,7.1054273576010019e-15,0
144.92428414856167,-113.19707457718791,-156.52277371645323,0,0,-2.2043120848021438,-0.011175088041788597,6,6,-108.36136720708666,-160.07466535764226,-118.03278194728915,-152.9708820752642,2.8421709430404007e-14,1.2101430968414206e-14,2.8421709430404007e-14
147.8227698315329,-114.9486640646394,-158.83199907382394,0,0,-2.2343732161014795,-0.0095841452665571432,6,6,-110.22189927604055,-162.52763090522461,-119.67542885323826,-155.13636724242326,0,2.3314683517128287e-15,0
150.72125551450415,-116.76474183644841,-161.09087999596898,0,0,-2.2629745137165522,-0.011735910315239805,6,6,-112.14559569920212,-164.92017352908479,-121.3838879736947,-157.26158646285316,0,2.042810365310288e-14,1.4210854715202004e-14
153.61974119747538,-118.65039498944152,-163.29197837147368,0,0,-2.2945312349967399,-0.010050516890054661,6,6,-114.15436848955324,-167.26510632213197,-123.14642148932981,-159.31885042081538,2.8421709430404007e-14,1.3988810110276972e-14,0
156.5182268804466,-120.59941765705703,-165.43721228733912,0,0,-2.321302347208579,-0.0084323637618624516,6,6,-116.21135454455117,-169.52926582079459,-124.98748076956289,-161.34515875388365,0,4.6629367034256575e-15,0
159.41671256341786,-122.60033142042946,-167.53416719820495,0,0,-2.3434662847910053,-0.0068686947601031313,6,6,-118.30403465384246,-171.7224644767436,-126.89662818701645,-163.34586991966631,0,4.7739590058881731e-15,0
162.31519824638909,-124.64930859947098,-169.58414771491536,0,0,-2.3691073227245854,-0.0087716131413518028,6,6,-120.46180460525696,-173.88121768158354,-128.83681259368501,-165.28707774824719,0,5.9952043329758453e-15,0
165.21368392936029,-126.74952259982922,-171.58162749150191,0,0,-2.392859741562098,-0.0076249769011257386,6,6,-122.66525600632909,-175.97693935679871,-130.83378919332935,-167.1863156262051,0,2.7755575615628914e-15,0
168.11216961233154,-128.89339742250021,-173.53219832335921,0,0,-2.4133465567447838,-0.0065170063915593792,6,6,-124.90002754509339,-178.01025560550957,-132.88676729990704,-169.05414104120885,0,9.8809849191638932e-15,0
171.01065529530277,-131.07493717403912,-175.44055326508845,0,0,-2.433870108009716,-0.0082261014589004988,6,6,-127.17430748937701,-179.99961984314288,-134.97556685870123,-170.88148668703403,2.8421709430404007e-14,1.2434497875801753e-14,0
173.909140978274,-133.29828333875963,-177.30002116202715,0,0,-2.4555931466601932,-0.0067671915067431488,6,6,-129.49760294335832,-181.94273895788896,-137.09896373416095,-172.65730336616534,0,4.7739590058881731e-15,0
176.80762666124525,-135.55769777477968,-179.11552399331578,0,0,-2.4731214536529129,-0.0053310041652831885,6,6,-131.83897604359294,-183.82414467096646,-139.27641950596643,-174.40690331566509,0,1.099120794378905e-14,0
179.70611234421648,-137.84491352003678,-180.89589981080869,0,0,-2.4865126382053773,-0.0039110431137126065,6,6,-134.18957733555209,-185.65389491152044,-141.50024970452148,-176.13790471009693,0,7.1054273576010019e-15,0
182.60459802718771,-140.17526637019964,-182.61919683264497,0,0,-2.5206201003749085,-0.0075842895053459484,6,6,-136.68430781580037,-187.49907473803017,-143.66622492459891,-177.73931892725977,0,1.1102230246251565e-14,0
185.50308371015893,-142.54295593040067,-184.2910871230564,0,0,-2.5280716470415183,0.002438236010941482,6,6,-139.08845659567689,-189.1968423499703,-145.99745526512444,-179.3853318961425,0,1.099120794378905e-14,0
188.40156939313016,-144.89871469670979,-185.97966130311337,0,0,-2.50645004860728,0.012494412184545471,6,6,-141.33896080335495,-190.80958389242525,-148.45846859006463,-181.1497387138015,0,7.3274719625260332e-15,0
191.30005507610142,-147.2090285842321,-187.72991393680078,0,0,-2.4950843176871063,-0.0040123313645477445,6,6,-143.59461019399797,-192.51906623134491,-150.82344697446624,-182.94076164225666,0,2.2204460492503131e-15,0
194.19854075907264,-149.51997227299509,-189.47938950491167,0,0,-2.4848368734592876,0.011086456054483948,6,6,-145.85666794422377,-194.23125244430767,-153.18327660176641,-184.72752656551566,0,5.6621374255882984e-15,0
197.0970264420439,-151.77293713037125,-191.30236993538338,0,0,-2.4301558801171237,0.026838129646357015,6,6,-147.85540097791053,-195.84691727193555,-155.69047328283196,-186.75782259883121,0,1.4988010832439613e-14,0
199.99551212501513,-153.87630524751094,-193.29480455677106,0,0,-2.3304366894257393,0.023216488188072891,6,6,-149.52580289296986,-197.42676889145892,-158.22680760205202,-189.16284022208319,0,6.6613381477509392e-16,0
202.89399780798632,-155.79981362241745,-195.46231704635051,0,0,-2.262510037394406,0.023827544523184425,6,6,-151.17888936732169,-199.28946468247165,-160.4207378775132,-191.63516941022937,0,6.2172489379008766e-15,0
205.79248349095758,-157.56855546500742,-197.75779788712146,0,0,-2.1913131300656445,0.02547421835338242,6,6,-152.68708706230601,-201.2465320749649,-162.45002386770884,-194.26906369927801,0,1.1990408665951691e-14,0
208.69096917392881,-159.16243401570009,-200.17783248883669,0,0,-2.1137697456009725,0.028228856322498587,6,6,-154.0253771133151,-203.27793674218992,-164.29949091808507,-197.07772823548345,2.8421709430404007e-14,3.4527936065842368e-14,0
211.58945485690003,-160.55074781745637,-202.72111413441371,0,0,-2.0262666479745262,0.029132358009883303,6,6,-155.16242237503371,-205.36042255264388,-165.93907325987902,-200.08180571618354,5.6843418860808015e-14,9.7699626167013776e-15,0
214.48794053987129,-161.72184549935986,-205.37171530987382,0,0,-1.9500312740786014,0.023668058460858482,6,6,-156.1481566744489,-207.59297461105021,-167.29553432427082,-203.15045600869743,0,1.4988010832439613e-14,0
217.38642622284252,-162.70787905717245,-208.09683389430586,0,0,-1.8880402947831822,0.019260555419666286,6,6,-157.00728645254188,-209.96852937061365,-168.40847166180302,-206.22513841799807,0,7.1054273576010019e-15,2.8421709430404007e-14
220.28491190581374,-163.53769575474348,-210.873616585923,0,0,-1.827843088125046,0.036453605517873119,6,6,-157.73482585663152,-212.39896931417505,-169.34056565285545,-209.34826385767096,0,4.4408920985006262e-15,0
223.18339758878497,-164.14752515926415,-213.7063843721553,0,0,-1.745607164821722,0.020380553823573969,6,6,-158.23896842370982,-214.74991554214279,-170.05608189481848,-212.66285320216781,0,1.1213252548714081e-14,0
226.0818832717562,-164.58855823353309,-216.57095161638424,0,0,-1.7089039968513189,0.0050624705837221552,6,6,-158.64568852514498,-217.3969659196035,-170.53142794192121,-215.74493731316497,2.8421709430404007e-14,1.8873791418627661e-15,0
228.98036895472745,-164.98735792426697,-219.44186113275845,0,0,-1.7160218694567388,-0.010023320717912754,6,6,-159.05051817528121,-220.31015474373498,-170.92419767325273,-218.57356752178191,5.6843418860808015e-14,2.6423307986078726e-14,2.8421709430404007e-14
231.87885463769868,-165.42435105645851,-222.30720562514446,0,0,-1.7189454397285759,0.0033818514276752428,6,6,-159.49007519309248,-223.19285226882999,-171.35862691982453,-221.42155898145893,0,4.4408920985006262e-15,0
234.77734032066991,-165.83949084325241,-225.17579917531273,0,0,-1.7105623168377075,0.002403029316151092,6,6,-159.89799910178331,-226.01166751784913,-171.7809825847215,-224.33993083277633,0,1.3988810110276972e-14,0
237.67582600364116,-166.23463978963954,-228.04721955083181,0,0,-1.7050131981893959,0.0014261941536995199,6,6,-160.28860121647222,-228.85010515065682,-172.18067836280687,-227.24433395100681,0,6.2172489379008766e-15,0
240.57431168661236,-166.61712564032916,-230.92035569276209,0,0,-1.700166478163343,0.003239028645066931,6,6,-160.66726555883426,-231.69441319103566,-172.56698572182407,-230.14629819448851,2.8421709430404007e-14,8.659739592076221e-15,2.8421709430404007e-14
243.47279736958362,-166.97976449767938,-233.79606027815103,0,0,-1.6930766599684799,0.0016532348307713369,6,6,-161.02456607100996,-234.52791524943575,-172.93496292434881,-233.06420530686631,2.8421709430404007e-14,1.1102230246251565e-14,0
246.37128305255484,-167.32861911599053,-236.67347493835686,0,0,-1.6905817131745529,6.8430601073609905e-05,6,6,-161.37161328683061,-237.39046974402481,-173.28562494515046,-235.95648013268891,0,1.0880185641326534e-14,0
249.26976873552607,-167.67690299347132,-239.550958959714,0,0,-1.692679916064465,-0.0015163203856683135,6,6,-161.72141467650221,-240.28045118478863,-173.63239131044043,-238.82146673463936,0,1.2878587085651816e-14,0
252.16825441849733,-168.03172408016633,-242.42764469288952,0,0,-1.6936128845110441,-1.5911556691144554e-09,6,6,-162.07691894824453,-243.16269288235583,-173.98652921208813,-241.6925965034232,0,1.3766765505351941e-14,0
255.06674010146855,-168.38681186089482,-245.3042975955465,0,0,-1.693612887577495,-5.2474291846641187e-10,6,6,-162.43200673122701,-246.03934580327291,-174.34161699056264,-244.56924938782009,0,1.1102230246251565e-15,0
257.96522578443978,-168.74189964599847,-248.18095049766228,0,0,-1.6936128875529635,5.4166996358107713e-10,6,6,-162.78709451631261,-248.91599870524263,-174.69670477568434,-247.44590229008193,0,8.659739592076221e-15,0
260.86371146741101,-169.09698743207429,-251.05760339966028,0,0,-1.6936128946167424,-6.8361565904626351e-09,6,6,-163.14218230758064,-251.79265164930405,-175.05179255656793,-250.32255515001651,0,7.7715611723760958e-15,0
263.76219715038229,-169.45207525321604,-253.93425629732934,0,0,-1.6936129019108432,1.8031139522901325e-09,6,6,-163.49727013408392,-254.66930459040805,-175.40688037234816,-253.19920800425064,0,2.2204460492503131e-15,0
266.66068283335346,-169.80716305932344,-256.81090919685391,0,0,-1.6936128841641422,1.0442384550775849e-08,6,6,-163.85235792714664,-257.54595738425451,-175.76196819150024,-256.07586100945332,0,7.9936057773011271e-15,0
269.55916851632469,-170.16225077836305,-259.68756210712633,0,0,-1.6936128413766387,1.9081655472035243e-08,6,6,-164.20744561473538,-260.42261003973567,-176.11705594199071,-258.95251417451698,0,1.0880185641326534e-14,0
272.45765419929597,-170.51733833425985,-262.56421503753683,0,0,-1.6936127803894929,1.3824767283816774e-08,6,6,-164.56253312580372,-263.2992626069796,-176.47214354271597,-261.82916746809406,0,1.1324274851176597e-14,0
275.35613988226714,-170.87242577520931,-265.4408679821338,0,0,-1.6936127638139193,-2.3873649503443291e-09,6,6,-164.91762055456934,-266.17591545287223,-176.82723099584928,-264.70582051139536,0,9.4368957093138306e-15,0
278.25462556523843,-171.22751323606479,-268.3175209242761,0,0,-1.6936127942289769,-1.8599494924177729e-08,6,6,-165.27270803778134,-269.05256857613028,-177.18231843434825,-267.58247327242191,5.6843418860808015e-14,3.7858605139717838e-14,0
281.15311124820965,-171.58260083904466,-271.19417384887197,0,0,-1.6936128497504037,-1.3188551865638526e-08,6,6,-165.62779568157211,-271.92922183134544,-177.53740599651721,-270.45912586639849,0,9.3258734068513149e-15,0
284.05159693118088,-171.93768856056849,-274.07082675883919,0,0,-1.6936128785478122,-6.6821064822840304e-09,6,6,-165.98288342426341,-274.80587491279562,-177.89249369687357,-273.33577860488276,5.6843418860808015e-14,9.7699626167013776e-15,5.6843418860808015e-14
286.95008261415211,-172.29277633780754,-276.94747966193046,0,0,-1.6936128884863855,-1.7566313703566907e-10,6,6,-166.3379712088078,-277.68252787506913,-178.24758146680728,-276.21243144879179,5.6843418860808015e-14,1.3877787807814457e-14,5.6843418860808015e-14
289.84856829712334,-172.64786411651585,-279.82413256483642,0,0,-1.6936128798652892,-2.4393289633880152e-09,6,6,-166.69305898117918,-280.55918072663815,-178.60266925185252,-279.08908440303469,0,1.3100631690576847e-14,0
292.74705398009456,-173.00295188741603,-282.70078546870587,0,0,-1.6936128853901591,-1.3729166928297795e-09,6,6,-167.04814675614043,-283.43583366340715,-178.95775701869164,-281.9657372740046,5.6843418860808015e-14,3.0975222387041867e-14,5.6843418860808015e-14
295.64553966306579,-173.3580396697636,-285.57743837116283,0,0,-1.6936128878240475,-3.065040784824087e-10,6,6,-167.403234540277,-286.31248658035742,-179.3128447992502,-284.84239016196824,0,1.0103029524088925e-14,0
298.54402534603707,-173.71312745466662,-288.45409127330316,0,0,-1.6936128871669542,7.59908612615246e-10,6,6,-167.75832232469702,-289.18913947858488,-179.66793258463622,-287.71904306802145,0,1.354472090042691e-14,0
301.4425110290083,-174.0682152351182,-291.33074417599693,0,0,-1.6936128859091633,1.5805218627513703e-15,6,6,-168.11341010422407,-292.06579237378878,-180.02302036601233,-290.59569597820507,0,4.3298697960381105e-15,0
304.34099671197953,-174.42330301471733,-294.20739707879545,0,0,-1.6936128859091581,2.0109890107832278e-15,6,6,-168.4684978838232,-294.94244527658725,-180.37810814561146,-293.47234888100365,0,4.3298697960381105e-15,0
307.23948239495076,-174.77839079431644,-297.08404998159403,0,0,-1.6936128859091517,2.4414561588150989e-15,6,6,-168.82358566342231,-297.81909817938578,-180.73319592521057,-296.34900178380229,5.6843418860808015e-14,4.3298697960381105e-15,0
310.13796807792198,-175.13347857398017,-299.96070288438614,0,0,-1.6936128862946078,-1.1042447846212944e-09,6,6,-169.17867344336938,-300.69575108447322,-181.08828370459096,-299.22565468429906,0,9.1038288019262836e-15,0
313.03645376089321,-175.48856635780925,-302.83735578665892,0,0,-1.6936128879497547,-3.7832125774345697e-11,6,6,-169.53376122841505,-303.57240399660208,-181.44337148720345,-302.10230757671576,0,1.3322676295501878e-14,0
315.93493944386444,-175.84365414195392,-305.71400868889395,0,0,-1.6936128865139197,1.0285805425464291e-09,6,6,-169.88884901150433,-306.44905689028701,-181.79845927240351,-304.9789604875009,0,1.1213252548714081e-14,0
318.83342512683572,-176.19874191752226,-308.59066159218679,0,0,-1.693612881987103,2.0949929533020013e-09,6,6,-170.24393678374523,-309.3257097666235,-182.15354705129928,-307.85561341775008,0,8.2156503822261584e-15,0
321.73191080980689,-176.55382967466954,-311.46731449775285,0,0,-1.6936128740574148,2.2589156006299958e-09,6,6,-170.59902453506382,-312.20236262496985,-182.50863481427527,-310.73226637053585,0,1.0436096431476471e-14,0
324.63039649277817,-176.90891741372201,-314.34396740555781,0,0,-1.6936128706009623,1.2609024795090364e-10,6,6,-170.95411227157561,-315.07901551219226,-182.86372255586841,-313.60891929892335,0,2.4424906541753444e-15,0
327.5288821757494,-177.26400515172301,-317.22062031349122,0,0,-1.6936128733264733,-2.0067350415787324e-09,6,6,-171.30920001158,-317.95566843635561,-183.21881029186602,-316.48557219062684,5.6843418860808015e-14,7.4384942649885488e-15,0
330.42736785872057,-177.61909290798934,-320.09727321916682,0,0,-1.6936128868921891,-1.0282827282242482e-08,6,6,-171.66428777781778,-320.83232142281236,-183.57389803816091,-319.36222501552129,5.6843418860808015e-14,6.2172489379008766e-15,5.6843418860808015e-14
333.32585354169186,-177.97418071979737,-322.97392611798824,0,0,-1.6936129026309255,-5.7714405169005943e-10,6,6,-172.01937560119455,-323.70897441535493,-183.92898583840019,-322.23887782062155,0,2.1094237467877974e-15,0
336.22433922466308,-178.32926853641732,-325.85057901621377,0,0,-1.6936128902378751,9.1285408204778464e-09,6,6,-172.374463408705,-326.58562723978224,-184.28407366412964,-325.1155307926453,0,5.9952043329758453e-15,0
339.12282490763431,-178.68435627692409,-328.72723192383461,0,0,-1.6936128497130363,1.8834225203888004e-08,6,6,-172.72955111942409,-329.46227990608554,-184.6391614344241,-327.99218394158368,0,1.0436096431476471e-14,0
342.02131059060554,-179.039443858309,-331.60388485109939,0,0,-1.6936127865468773,1.6124655741292768e-08,6,6,-173.08463865437884,-332.33893245720816,-184.99424906223916,-330.86883724499063,0,3.3306690738754696e-16,0
344.91979627357682,-179.39453130738315,-334.48053779469478,0,0,-1.6936127633051079,-8.7475236457736633e-11,6,6,-173.43972608636918,-335.21558526240335,-185.34933652839712,-333.74549032698621,5.6843418860808015e-14,1.6209256159527285e-14,0
347.81828195654799,-179.74961875718643,-337.35719073819854,0,0,-1.6936127870539672,-1.6299604671947124e-08,6,6,-173.79481355362898,-338.09223834732694,-185.70442396074387,-336.62214312907014,0,4.8849813083506888e-15,0
350.71676763951922,-180.10470633714493,-340.2338436656371,0,0,-1.6936128441376992,-1.4111572764797615e-08,6,6,-174.14990117554677,-340.968891614688,-186.05951149874309,-339.49879571658619,5.6843418860808015e-14,1.3766765505351941e-14,0
353.6152533224905,-180.45979404637129,-343.11049657712448,0,0,-1.6936128756104705,-7.6051274244213133e-09,6,6,-174.50498890790712,-343.84554471358962,-186.41459918483545,-342.37544844065934,0,1.0103029524088925e-14,0
356.51373900546173,-180.81488181900841,-345.98714948078197,0,0,-1.6936128882244077,-1.0986846129528406e-09,6,6,-174.86007668981611,-346.72219769236062,-186.7696869482007,-345.25210126920331,1.1368683772161603e-13,8.4376949871511897e-15,5.6843418860808015e-14
359.41222468843296,-181.16996960080664,-348.86380238331139,0,0,-1.6936128819795129,5.4077591292631384e-09,6,6,-175.21516446702404,-349.59885055770292,-187.12477473458924,-348.12875420891987,5.6843418860808015e-14,8.2156503822261584e-15,0
362.31071037140418,-181.52505736995965,-351.7404552873947,0,0,-1.6936128847945262,-1.5241983962854988e-09,6,6,-175.57025223824621,-352.47550347854906,-187.4798625016731,-351.00540709624033,0,1.1102230246251565e-14,0
365.20919605437541,-181.88014515122427,-354.61710818998375,0,0,-1.6936128876669028,-4.5778593569212768e-10,6,6,-175.92534002162216,-355.35215639824258,-187.83495028082638,-353.88205998172492,0,1.2878587085651816e-14,0
368.10768173734664,-182.23523293630603,-357.49376109210306,0,0,-1.6936128874482981,6.0862663953483428e-10,6,6,-176.28042780654326,-358.22880929906012,-188.19003806606881,-356.758712885146,0,3.7747582837255322e-15,0
371.00616742031787,-182.59032071733031,-360.37041399472474,0,0,-1.6936128859091628,7.7122496810967453e-16,6,6,-176.63551558643618,-361.1054621925166,-188.54512584822444,-359.63536579693289,0,4.3298697960381105e-15,0
373.90465310328915,-182.94540849692947,-363.24706689752333,0,0,-1.6936128859091617,9.5214970608533727e-17,6,6,-176.99060336603534,-363.98211509531512,-188.9002136278236,-362.51201869973153,0,4.3298697960381105e-15,0
376.80313878626032,-183.30049627652858,-366.12371980032174,0,0,-1.6936128859091624,-5.8079502689251764e-16,6,6,-177.34569114563445,-366.85876799811354,-189.25530140742271,-365.38867160252994,5.6843418860808015e-14,4.4408920985006262e-15,0
379.7016244692316,-183.65558405612771,-369.00037270312038,0,0,-1.693612885909165,-1.2568050243936189e-15,6,6,-177.70077892523358,-369.73542090091223,-189.61038918702184,-368.26532450532852,0,4.4408920985006262e-15,0
382.60011015220283,-184.01067183919611,-371.87702560548917,0,0,-1.6936128879030967,-1.89115157618932e-10,6,6,-178.05586670976763,-372.61207381515447,-189.96547696862459,-371.14197739582386,5.6843418860808015e-14,1.6209256159527285e-14,0
385.498595835174,-184.36575962383714,-374.75367850766173,0,0,-1.6936128869057523,8.7729826224028485e-10,6,6,-178.41095449367555,-375.48872671138804,-190.32056475399872,-374.01863030393542,0,1.4654943925052066e-14,0
388.39708151814528,-184.72084740116333,-377.63033141073743,0,0,-1.6936128828174239,1.9437114624170552e-09,6,6,-178.76604226799662,-378.36537959011855,-190.67565253433003,-376.8952832313563,0,6.8833827526759706e-15,0
391.29556720111651,-185.07593517114324,-380.50698431472216,0,0,-1.6936128866863314,-2.8482108000093586e-09,6,6,-179.12113004082036,-381.24203251714187,-191.03074030146612,-379.77193611230246,0,8.4376949871511897e-15,0
394.1940528840878,-185.43102295581039,-383.38363721689518,0,0,-1.6936128855124117,3.6582332636059906e-09,6,6,-179.47621782462463,-384.11868541232445,-191.38582808699616,-382.64858902146591,0,7.4384942649885488e-15,0
397.09253856705897,-185.78611070997553,-386.26029012283402,0,0,-1.6936128654796574,1.016467775745901e-08,6,6,-179.83130556406473,-386.99533819897215,-191.74091585588633,-385.52524204669589,0,7.9936057773011271e-15,0
399.99102425003025,-186.14119837914251,-389.13694303926422,0,0,-1.6936128243587252,2.6134097934542894e-08,6,6,-180.18639320300585,-389.87199087053517,-192.09600355527917,-388.40189520799328,0,1.1102230246251565e-16,0
402.88950993300148,-186.49628589525889,-392.0135959745819,0,0,-1.6936127721047234,9.9219712858513472e-09,6,6,-180.54148068071305,-392.74864349469044,-192.45109110980474,-391.27854845447337,0,3.3306690738754696e-15,0
405.78799561597265,-186.85137332864662,-394.89024892011247,0,0,-1.6936127668413463,-6.2901599756999641e-09,6,6,-180.89656811023195,-395.62529640887863,-192.80617854706128,-394.15520143134631,0,0,0
408.68648129894393,-187.20646081448137,-397.76690185916971,0,0,-1.6936128085686002,-2.250229078823401e-08,6,6,-181.25165562673823,-398.50194959641357,-193.16126600222452,-397.03185412192585,0,1.0325074129013956e-14,0
411.58496698191516,-187.56154846690291,-400.64355477766651,0,0,-1.6936128690115597,-1.5016138722497066e-08,6,6,-181.60674332358823,-401.37860287483642,-193.51635361021758,-399.9085066804966,1.1368683772161603e-13,3.1086244689504383e-15,5.6843418860808015e-14
414.48345266488639,-187.91663624700732,-403.52020768039927,0,0,-1.6936128984697298,-5.3104547504922439e-09,6,6,-181.96183112534581,-404.25525595298683,-193.87144136866883,-402.7851594078117,0,1.6320278461989801e-14,0
417.38193834785761,-188.27172407139017,-406.39686057766772,0,0,-1.6936128997961142,4.3952288722121106e-09,6,6,-182.31691895070361,-407.13190885815362,-194.22652919207673,-405.66181229718183,0,5.3290705182007514e-15,0
420.2804240308289,-188.62696700244126,-409.27349429644266,0,0,-1.6942060621022057,-0.0010602812580205658,6,6,-182.6725989322361,-410.01207461334894,-194.58133507264643,-408.53491397953638,1.1368683772161603e-13,1.021405182655144e-14,5.6843418860808015e-14
423.17890971380007,-188.98666609301583,-412.14957394532843,0,0,-1.6956995060829074,2.9753499654030002e-05,6,6,-183.03340769096457,-412.89704595042707,-194.93992449506709,-411.40210194022978,5.6843418860808015e-14,1.0103029524088925e-14,0
426.07739539677129,-189.34611713388722,-415.02568454053522,0,0,-1.6940335724715809,0.0011197975574701823,6,6,-183.39162175481582,-415.76323777971015,-195.30061251295862,-414.28813130136029,0,1.354472090042691e-14,0
428.97588107974258,-189.69623075579653,-417.90294422369078,0,0,-1.6892078007012119,0.0022101042264855205,6,6,-183.73824546116663,-418.61175395060883,-195.65421605042644,-417.19413449677273,0,4.3298697960381105e-15,0
431.87436676271375,-190.03011880370971,-420.78213118966278,0,0,-1.6837583758795525,0.0014937874670038179,6,6,-184.06835938751209,-421.45846295986053,-195.99187821990733,-420.10579941946503,5.6843418860808015e-14,1.6209256159527285e-14,5.6843418860808015e-14
434.77285244568503,-190.35140000131645,-423.66275421647816,0,0,-1.6802555019919456,0.0009232501243951047,6,6,-184.38730806079712,-424.31819858866589,-196.31549194183577,-423.00730984429043,0,1.7763568394002505e-15,0
437.67133812865626,-190.66497152092148,-426.54422775131775,0,0,-1.6784062860633171,0.00035274525961152971,6,6,-184.69967772031973,-427.18864211529666,-196.63026532152324,-425.89981338733884,0,1.1768364061026659e-14,0
440.56982381162749,-190.97518677463847,-429.42606484365348,0,0,-1.6771901047056204,0.0010496926353452487,6,6,-185.00911366111765,-430.0632238537317,-196.94125988815929,-428.78890583357526,5.6843418860808015e-14,7.1054273576010019e-15,5.6843418860808015e-14
443.46830949459871,-191.27932505779569,-432.30854909685229,0,0,-1.6749008137776877,0.00052996806072496316,6,6,-185.31180893685664,-432.93204837217871,-197.24684117873474,-431.68504982152587,0,5.1070259132757201e-15,0
446.36679517756994,-191.57903519475431,-435.1914976973851,0,0,-1.6741178282105247,1.0310724340393349e-05,6,6,-185.61103271217314,-435.81032430307124,-197.54703767733548,-434.57267109169896,5.6843418860808015e-14,1.3322676295501878e-15,0
449.26528086054122,-191.87865917343248,-438.07445526532581,0,0,-1.6748410413917862,-0.00050934518758240634,6,6,-185.91110579511434,-438.69759784686221,-197.84621255175063,-437.45131268378941,5.6843418860808015e-14,1.3100631690576847e-14,0
452.16376654351239,-192.18040305984454,-440.95719178544118,0,0,-1.6751129466618495,-1.6809199186239592e-08,6,6,-186.21301933787424,-441.58195695313532,-198.14778678181483,-440.33242661774705,0,6.2172489379008766e-15,0
455.06225222648368,-192.48221525365781,-443.8399211612317,0,0,-1.6751129689757642,1.4122530286197561e-09,6,6,-186.51483154562848,-444.46468646208154,-198.44959896168714,-443.21515586038186,0,1.6653345369377348e-15,0
457.96073790945491,-192.78402743567102,-446.72265053825851,0,0,-1.675112938475058,1.9633706478244349e-08,6,6,-186.8166437085859,-447.34741565709891,-198.75141116275614,-446.09788541941811,5.6843418860808015e-14,7.9936057773011271e-15,0
460.85922359242608,-193.08583946240685,-449.6053799315435,0,0,-1.6751128729980391,1.6601186615653951e-08,6,6,-187.118455694414,-450.23014465965741,-199.05322323039971,-448.98061520342958,0,0,0
463.75770927539736,-193.3876513417178,-452.48810934026278,0,0,-1.6751128374265853,7.9436672731988532e-09,6,6,-187.42026755150115,-453.11287385610819,-199.35503513193444,-451.86334482441737,0,1.4876988529977098e-14,0
466.65619495836859,-193.68946315465504,-455.37083875593106,0,0,-1.6751128269488278,-7.1385227795406873e-10,6,6,-187.72207935789226,-455.99560320925167,-199.65684695141783,-454.74607430261045,0,1.3100631690576847e-14,0
469.55468064133981,-193.99127497355693,-458.25356817097526,0,0,-1.6751128415647665,-9.3713718103533824e-09,6,6,-188.02389118592566,-458.87833271151476,-199.95865876118819,-457.62880363043575,0,1.1990408665951691e-14,0
472.45316632431104,-194.29308679839554,-461.13629758539815,0,0,-1.6751128274530978,1.8766919093170165e-09,6,6,-188.3257030019478,-461.76106204172794,-200.26047059484327,-460.51153312906837,0,4.4408920985006262e-16,0
475.35165200728233,-194.59489860792837,-464.0190270014229,0,0,-1.6751128345603816,-6.7808278470783941e-09,6,6,-188.62751481592102,-464.64379150016453,-200.56228239993573,-463.39426250268127,5.6843418860808015e-14,9.1038288019262836e-15,0
478.2501376902535,-194.89671047411872,-466.90175641151575,0,0,-1.6751128667613626,-1.5438347425325766e-08,6,6,-188.92932670222939,-467.52652110241303,-200.86409424600805,-466.27699172061847,0,6.6613381477509392e-16,0
481.14862337322472,-195.19852247494464,-469.78448580751302,0,0,-1.675112929200911,-2.147781469681168e-08,6,6,-189.23113874206535,-470.40925087101101,-201.16590620782392,-469.15972074401503,0,8.659739592076221e-15,0
484.04710905619601,-195.50033463918962,-472.66721518640088,0,0,-1.6751129663603532,-4.1627758184969656e-09,6,6,-189.53295092952627,-473.29198047164351,-201.46771834885297,-472.04244990115825,5.6843418860808015e-14,2.886579864025407e-15,0
486.94559473916723,-195.80214683821686,-475.54994456164735,0,0,-1.6751129533324036,1.315226284108914e-08,6,6,-189.8347631204141,-476.17470976914723,-201.76953055601962,-474.92517935414747,0,1.7763568394002505e-15,0
489.84408042213846,-196.10395892735184,-478.4326739483991,0,0,-1.6751128901791366,2.924945355487449e-08,6,6,-190.13657517009312,-479.05743877903922,-202.07134268461056,-477.80790911775898,5.6843418860808015e-14,8.5487172896137054e-15,0
492.74256610510969,-196.40577081540599,-481.31540335620264,0,0,-1.6751128304937104,1.1934414459926919e-08,6,6,-190.43838702085793,-481.9401678306769,-202.37315460995404,-480.69063888172838,0,7.7715611723760958e-15,0
495.64105178808097,-196.70758260374154,-484.19813277444666,0,0,-1.675112820995678,-5.3806252621101392e-09,6,6,-190.74019880325943,-484.82289719224252,-202.67496640422365,-483.5733683566508,0,4.4408920985006262e-15,0
498.53953747105214,-197.00939443703521,-487.08086218798337,0,0,-1.6751128616850406,-2.2695664701423747e-08,6,6,-191.04201066197439,-487.70562684858828,-202.97677821209604,-486.45609752737846,0,3.9968028886505635e-15,0
501.43802315402337,-197.31120645024279,-489.96359158268416,0,0,-1.6751129353082361,-1.9706052552417029e-08,6,6,-191.34382272117915,-490.58835668262691,-203.27859017930643,-489.33882648274141,0,1.2656542480726785e-14,0
504.33650883699465,-197.61301862469153,-492.84632096050404,0,0,-1.6751129673322507,-2.3910134406815559e-09,6,6,-191.64563491563538,-493.47108625154641,-203.58040233374768,-492.22155566946168,0,1.0436096431476471e-14,0
507.23499451996582,-197.91483081911846,-495.72905033623198,0,0,-1.6751129491688728,1.4924025545417068e-08,6,6,-191.94744709871446,-496.35381551888645,-203.88221453952247,-495.10428515357751,0,7.3274719625260332e-15,0
510.13348020293711,-198.2166428889723,-498.61177972500258,0,0,-1.6751128817668417,2.7477690139801455e-08,6,6,-192.24925912645787,-499.23654450544331,-204.18402665148673,-497.98701494456185,0,1.6653345369377348e-15,0
513.03196588590833,-198.51845476017814,-501.49450913457042,0,0,-1.6751128272168474,1.0162650446776408e-08,6,6,-192.55107096358282,-502.11927358949038,-204.48583855677347,-500.86974467965047,1.1368683772161603e-13,1.6653345369377348e-14,1.1718571004216928e-13
515.93045156887956,-198.82026654646941,-504.37723855302829,0,0,-1.6751128228542487,-7.15238978023771e-09,6,6,-192.85288274714847,-505.00200298191493,-204.78765034579035,-503.75247412414166,0,1.1546319456101628e-14,0
518.82893725185079,-199.12207839252289,-507.25996796522969,0,0,-1.6751128686790457,-2.4467429631435561e-08,6,6,-193.15469462183168,-507.88473266757052,-205.08946216321411,-506.63520326288887,0,5.9952043329758453e-15,0
521.72742293482202,-199.42389042891742,-510.14269735750304,0,0,-1.6751129423470348,-1.835210563224645e-08,6,6,-193.45650670425138,-510.76746249944904,-205.39127415358345,-509.51793221555704,0,7.7715611723760958e-15,0
524.62590861779324,-199.7257026167382,-513.02542673392179,0,0,-1.6751129691330386,-1.3065175064825214e-10,6,6,-193.75831890880713,-513.65019203571012,-205.69308632466928,-512.40066143213346,0,1.6764367671839864e-14,2.8421709430404007e-14
527.52439430076458,-200.02751480565067,-515.90815611022583,0,0,-1.6751129431044207,1.8090800641927253e-08,6,6,-194.0601310814578,-516.53292125669145,-205.99489852984354,-515.28339096376021,0,4.4408920985006262e-15,0
530.4228799837357,-200.32932684609671,-518.79088550207393,0,0,-1.6751128728465927,2.0520678263623314e-08,6,6,-194.36194307800923,-519.4156502292841,-206.29671061418418,-518.16612077486377,0,9.1038288019262836e-15,0
533.32136566670692,-200.63113871112105,-521.67361491229144,0,0,-1.6751128285417745,1.0050333270222255e-08,6,6,-194.66375491535348,-522.29837937511775,-206.59852250688863,-521.04885044946514,0,1.4876988529977098e-14,2.8421709430404007e-14
536.21985134967827,-200.9329504921694,-524.55634433130092,0,0,-1.6751128145850953,-4.2000845816360987e-10,6,6,-194.96556668768218,-525.18110871084241,-206.90033429665661,-523.93157995175943,0,1.1102230246251565e-16,0
539.11833703264938,-201.23476227672728,-527.43907374994433,0,0,-1.6751128309765533,-1.0890351901249944e-08,6,6,-195.26737848248086,-528.06383822729993,-207.2021460709737,-526.81430927258873,0,9.1038288019262836e-15,0
542.01682271562061,-201.53657409565196,-530.32180316498307,0,0,-1.6751128272251381,1.7377776216065118e-09,6,6,-195.5691902990618,-530.94656761995248,-207.50395789224211,-529.69703871001366,1.1368683772161603e-13,2.708944180085382e-14,1.1368683772161603e-13
544.91530839859195,-201.83838590384553,-533.20453258114674,0,0,-1.6751128334214509,-6.0133295229282263e-09,6,6,-195.87100211112661,-533.82929707309199,-207.80576969656445,-532.57976808920148,0,2.6645352591003757e-15,0
547.81379408156317,-202.14019776228398,-536.08726199205103,0,0,-1.675112862084237,-1.3764436515455233e-08,6,6,-196.17281398747255,-536.71202665503813,-208.1075815370954,-535.46249732906392,0,7.1054273576010019e-15,0
550.71227976453429,-202.44200973971095,-538.96999139049785,0,0,-1.6751129198645347,-2.3934165321153373e-08,6,6,-196.47462600099863,-539.59475639828213,-208.40939347842328,-538.34522638271358,0,2.2204460492503131e-15,0
553.61076544750563,-202.74382188730385,-541.85272077113007,0,0,-1.6751129641436731,-6.6191257829110094e-09,6,6,-196.7764381762556,-542.47748604314495,-208.71120559835211,-541.22795549911518,0,6.3282712403633923e-15,0
556.50925113047685,-203.04563409020304,-544.73545014597084,0,0,-1.6751129582354178,1.06959134075259e-08,6,6,-197.07825037546351,-545.36021538272894,-209.01301780494256,-544.11068490921275,0,2.708944180085382e-14,2.8421709430404007e-14
559.40773681344797,-203.34744620373209,-547.61817953016885,0,0,-1.6751129021397686,2.8010953159974686e-08,6,6,-197.38006245394595,-548.24294443218264,-209.31482995351823,-546.99341462815505,0,5.9952043329758453e-15,0
562.30622249641931,-203.64925811759193,-550.50090893527113,0,0,-1.6751128359059804,1.4390763539603615e-08,6,6,-197.68187432642526,-551.12567344204251,-209.6166419087586,-549.87614442849974,0,1.1768364061026659e-14,0
565.20470817939054,-203.95106991126755,-553.38363835295627,0,0,-1.6751128192882567,-2.9242770300524763e-09,6,6,-197.98368610971872,-554.00840276056329,-209.91845371281639,-552.75887394534925,0,1.3322676295501878e-15,0
568.10319386236176,-204.25288172937718,-556.26636776808346,0,0,-1.6751128528579304,-2.0239317446056889e-08,6,6,-198.28549794880149,-556.89113237601362,-210.22026550995287,-555.64160316015329,0,4.6629367034256575e-15,0
571.00167954533299,-204.55469371236279,-559.14909716594832,0,0,-1.6751129267003768,-2.2162399807014877e-08,6,6,-198.58730997792125,-559.77386221452468,-210.52207744680433,-558.52433211737196,1.1368683772161603e-13,9.7699626167013776e-15,0
573.90016522830422,-204.85650587225945,-562.03182654529178,0,0,-1.6751129658440793,-4.8473611074480629e-09,6,6,-198.88912216227354,-562.65659182745367,-210.82388958224536,-561.40706126312989,1.1368683772161603e-13,3.4861002973229915e-14,1.1368683772161603e-13
576.79865091127544,-205.15831807265852,-564.91455592039472,0,0,-1.6751129548003907,1.2467677337415503e-08,6,6,-199.1909343557729,-565.53932113665462,-211.12570178954414,-564.28979070413482,0,2.2204460492503131e-16,0
579.69713659424667,-205.46013016888324,-567.79728530640443,0,0,-1.6751128935693103,2.9782716437388056e-08,6,6,-199.49274641374257,-568.42205015727495,-211.42751392402391,-567.17252045553391,0,7.5495165674510645e-15,0
582.5956222772179,-205.76194206385316,-570.68001471348396,0,0,-1.675112831900593,1.2619000705640363e-08,6,6,-199.79455827018407,-571.30477919635359,-211.72932585752224,-570.05525023061432,0,4.2188474935755949e-15,0
585.49410796018913,-206.06375385338438,-573.56274413160304,0,0,-1.6751128204182959,-4.696037858506579e-09,6,6,-200.09637005254154,-574.18750854595339,-212.03113765422722,-572.93797971725269,1.1368683772161603e-13,9.6589403142388619e-15,1.1368683772161603e-13
588.39259364316047,-206.36556568215357,-576.44547354561405,0,0,-1.6751128591233899,-2.2011076175901475e-08,6,6,-200.39818190549232,-577.07023819093263,-212.33294945881482,-575.82070890029547,0,2.1094237467877974e-15,0
591.29107932613158,-206.66737768695344,-579.32820294119483,0,0,-1.6751129330107413,-2.0390636851596225e-08,6,6,-200.69999395645439,-579.95296802742757,-212.63476141745249,-578.70343785496209,1.1368683772161603e-13,1.5099033134902129e-14,1.1368683772161603e-13
594.18956500910281,-206.96918985763921,-582.21093231940904,0,0,-1.6751129670190137,-3.0755978307997749e-09,6,6,-201.00180614838735,-582.83569760858222,-212.93657356689107,-581.58616703023586,1.1368683772161603e-13,1.4432899320127035e-15,1.1368683772161603e-13
597.08805069207415,-207.27100205402323,-585.09366169493205,0,0,-1.6751129508398941,1.42394410283877e-08,6,6,-201.30361833466321,-585.71842688755817,-213.23838577338324,-584.46889650230594,0,8.2156503822261584e-15,0
599.98653637504526,-207.57281413186183,-587.97639108286637,0,0,-1.6751128876603749,1.905753374435707e-08,6,6,-201.60543037302946,-588.60115589847601,-213.5401978906942,-587.35162626725673,0,1.4432899320127035e-15,0
602.8850220580166,-207.87462604317832,-590.85912048823536,0,0,-1.6751128449692354,1.0400013478321485e-08,6,6,-201.90724225767406,-591.48388504909065,-213.84200982868259,-590.23435592738008,0,7.9936057773011271e-15,0
605.78350774098783,-208.17643786759689,-593.74184990270169,0,0,-1.6751128273717948,1.7424929390557637e-09,6,6,-202.20905407109836,-594.36661435854626,-214.14382166409541,-593.11708544685712,0,7.3274719625260332e-15,0
608.68199342395906,-208.47824967745603,-596.62457931869267,0,0,-1.6751128348680537,-6.9150276459889887e-09,6,6,-202.5108658856409,-597.24934381927028,-214.44563346927117,-595.99981481811506,0,4.6629367034256575e-15,0
611.58047910693028,-208.78006151154278,-599.50730873214729,0,0,-1.6751128314134709,3.8793862925546948e-09,6,6,-202.81267771756936,-600.13207321211007,-214.74744530551621,-598.88254425218452,1.1368683772161603e-13,1.9761969838327786e-14,1.1368683772161603e-13
614.47896478990151,-209.08187332286312,-602.390038147984,0,0,-1.6751128314023629,-3.8717215110166243e-09,6,6,-203.11448952888276,-603.0148026278805,-215.04925711684348,-601.7652736680875,0,9.6589403142388619e-15,0
617.37745047287274,-209.38368516653378,-605.27276756043341,0,0,-1.6751128538577287,-1.1622828241310691e-08,6,6,-203.41630138658272,-605.89753217432974,-215.35106894648484,-604.64800294653708,0,1.2878587085651816e-14,0
620.27593615584397,-209.68549710855297,-608.15549696258802,0,0,-1.6751129026005878,-2.3627509589656455e-08,6,6,-203.71811335905474,-608.78026186735167,-215.65288085805119,-607.53073205782437,0,7.1054273576010019e-15,0
623.17442183881519,-209.98730920762202,-611.03822634830158,0,0,-1.6751129486181142,-8.1252976718632982e-09,6,6,-204.01992548687392,-611.66299152766953,-215.95469292837012,-610.41346116893362,0,9.3258734068513149e-15,0
626.07290752178642,-210.28912137458246,-613.92095572690744,0,0,-1.67511294970271,7.3769097411168791e-09,6,6,-204.32173765451199,-614.54572091274758,-216.25650509465294,-613.29619054106729,1.1368683772161603e-13,5.773159728050814e-15,2.2737367544323206e-13
628.97139320475776,-210.590933479905,-616.80368511196821,0,0,-1.6751129058543757,2.2879121244000094e-08,6,6,-204.62354973243961,-617.42845003614843,-216.5583172273704,-616.17892018778798,1.1368683772161603e-13,2.2204460492503131e-15,1.1368683772161603e-13
631.86987888772887,-210.89274541045702,-619.68641451531937,0,0,-1.6751128409174187,1.5444185173530196e-08,6,6,-204.92536162242132,-620.31117905199585,-216.86012919849273,-619.06164997864289,1.1368683772161603e-13,1.1990408665951691e-14,1.1368683772161603e-13
634.7683645707001,-211.1945572129159,-622.56914393208331,0,0,-1.6751128199327536,-9.6444209357779048e-10,6,6,-205.22717341176971,-623.19390834353624,-217.16194101406208,-621.94437952063038,0,1.9984014443252818e-15,0
637.66685025367144,-211.49636902343332,-625.45187334800448,0,0,-1.675112846508263,-1.737307058294108e-08,6,6,-205.52898523889058,-626.07663791804373,-217.46375280797605,-624.82710877796524,0,9.3258734068513149e-15,0
640.56533593664255,-211.79818097820956,-628.33460274882293,0,0,-1.6751129170825092,-2.4618750879787443e-08,6,6,-205.83079723775913,-628.95936774000575,-217.76556471865999,-627.70983775764012,0,9.7699626167013776e-15,0
643.46382161961378,-212.09999312064269,-631.21733212999527,0,0,-1.6751129633459096,-7.3037118243343595e-09,6,6,-206.13260940909601,-631.84209739724963,-218.06737683218938,-630.59256686274091,0,1.9984014443252818e-15,0
646.36230730258512,-212.40180532410221,-634.10006150477761,0,0,-1.6751129594219181,1.0011326847343927e-08,6,6,-206.43442161010395,-634.72482674861601,-218.36918903810047,-633.47529626093922,0,1.2212453270876722e-15,0
649.26079298555635,-212.70361744391164,-636.98279088831816,0,0,-1.675112905310534,2.7326366045065654e-08,6,6,-206.7362336961065,-637.60755580925309,-218.67100119171678,-636.35802596738324,0,2.2204460492503131e-15,0
652.15927866852746,-213.0054293654064,-639.86552029262077,0,0,-1.6751128375943551,1.5075349797249578e-08,6,6,-207.03804557529457,-640.49028480946731,-218.97281315551822,-639.24075577577423,2.2737367544323206e-13,1.9650947535865271e-14,1.1368683772161603e-13
655.0577643514988,-213.30724116108914,-642.74824971009582,0,0,-1.675112818992365,-2.2396885851993993e-09,6,6,-207.33985735935545,-643.37301411593717,-219.27462496282283,-642.12348530425447,0,7.8825834748386114e-15,0
657.95625003447003,-213.60905297548564,-645.63097912561136,0,0,-1.6751128505777657,-1.9554726849963196e-08,6,6,-207.64166919348537,-646.25574371993491,-219.57643675748591,-645.00621453128781,0,3.219646771412954e-15,0
660.85473571744114,-213.9108649500707,-648.51370852435593,0,0,-1.6751129241213976,-2.2846987710492108e-08,6,6,-207.94348121401791,-649.13847355754251,-219.8782486861235,-647.88894349116936,0,8.7707618945387367e-15,0
663.75322140041249,-214.21267710539294,-651.39643790417836,0,0,-1.6751129652493688,-5.5319494111998476e-09,6,6,-208.24529339503547,-652.0212031827914,-220.18006081575041,-650.77167262556532,0,8.4376949871511897e-15,0
666.65170708338371,-214.51448930693763,-654.27916727916113,0,0,-1.6751129561899503,1.1783088597416451e-08,6,6,-208.54710559092015,-654.90393250371312,-220.48187302295511,-653.65440205460914,0,5.1070259132757201e-15,0
669.55019276635494,-214.81630141002816,-657.16189666445189,0,0,-1.675112896943141,2.909812722517021e-08,6,6,-208.84891765699535,-657.78666153545544,-220.78368516306097,-656.53713179344834,0,6.9944050551384862e-15,0
672.44867844932617,-215.11811333960807,-660.04462606790821,0,0,-1.6751128494980749,1.1628189071733772e-08,6,6,-209.15072955693324,-660.66939065578879,-221.0854971222829,-659.41986148002763,1.1368683772161603e-13,8.8817841970012523e-16,1.1368683772161603e-13
675.34716413229739,-215.41992517195104,-662.92735548154496,0,0,-1.6751128283407841,2.9706691694092742e-09,6,6,-209.45254137605789,-663.55211994317187,-221.38730896784418,-662.30259101991805,0,8.659739592076221e-15,0
678.24564981526862,-215.72173697947247,-665.8100848977806,0,0,-1.6751128322771911,-5.6868508109618929e-09,6,6,-209.75435318603866,-666.4348493828976,-221.68912077290628,-665.1853204126636,0,1.0547118733938987e-14,0
681.14413549823985,-216.02354881311263,-668.69281431128195,0,0,-1.6751128320406312,5.5612152036902736e-09,6,6,-210.05616501953102,-669.3175787949873,-221.99093260669423,-668.0680498275766,0,4.4408920985006262e-15,0
684.04262118121108,-216.32536062047694,-671.57554372753395,0,0,-1.6751128284683765,-3.0963041588917807e-09,6,6,-210.35797682466352,-672.20030818992223,-222.29274441629036,-670.95077926514568,0,9.2148511043887993e-15,0
686.9411068641823,-216.62717245371263,-674.45827314107714,0,0,-1.6751128499898176,-1.1753823440125379e-08,6,6,-210.65978867134504,-675.0830377318922,-222.59455623608022,-673.83350855026208,0,9.8809849191638932e-15,0
689.83959254715364,-216.92898438529267,-677.34100254432428,0,0,-1.675112898161762,-2.8846860249436646e-08,6,6,-210.96160063302122,-677.96576742259981,-222.89636813756411,-676.71623766604876,0,1.2212453270876722e-14,0
692.73807823012476,-217.23079649084642,-680.22373192935731,0,0,-1.6751129566802763,-1.1531820755972744e-08,6,6,-211.26341277513529,-680.84849715683526,-223.19818020655754,-679.59896670187936,0,9.9920072216264089e-15,0
695.63656391309598,-217.53260869275485,-683.106461304302,0,0,-1.6751129650113974,5.7832181315544543e-09,6,6,-211.56522498224871,-683.73122658149498,-223.49999240326099,-682.48169602710902,1.1368683772161603e-13,5.8841820305133297e-15,0
698.53504959606732,-217.83442084634132,-685.9891906843061,0,0,-1.6751129231551261,2.3098257322960595e-08,6,6,-211.86703710968484,-686.61395571172659,-223.80180458299779,-685.3644256568856,0,8.7707618945387367e-15,0
701.43353527903844,-218.13623281785289,-688.87192008337252,0,0,-1.6751128497605416,1.9303459695392032e-08,6,6,-212.16884903534205,-689.49668467281936,-224.10361660036372,-688.24715549392567,0,4.4408920985006262e-16,0
704.33202096200978,-218.43804463094332,-691.75464949902494,0,0,-1.6751128189034379,1.9884195338576381e-09,6,6,-212.47066082915407,-692.37941390433559,-224.40542843273258,-691.12988509371428,0,2.886579864025407e-15,0
707.23050664498101,-218.73985642741945,-694.63737891641699,0,0,-1.6751128382337306,-1.5326620732157343e-08,6,6,-212.77247263770707,-695.26214343707898,-224.70724021713184,-694.01261439575501,0,1.1879386363489175e-14,0
710.12899232795212,-219.04166835186487,-697.52010832041128,0,0,-1.6751129069062027,-2.7971420323268243e-08,6,6,-213.07428460505662,-698.14487325086816,-225.00905209867312,-696.89534338995441,0,5.1070259132757201e-15,0
713.02747801092346,-219.34348047770678,-700.40283770331962,0,0,-1.675112961573654,-9.7499671135285777e-09,6,6,-213.37609676505286,-701.02760295999826,-225.31086419036069,-699.77807244664098,1.1368683772161603e-13,5.773159728050814e-15,0
715.92596369389469,-219.64529268501491,-703.28556707769781,0,0,-1.6751129634264825,8.4714865155845011e-09,6,6,-213.67790897351856,-703.91033234543295,-225.61267639651126,-702.66080180996266,1.1368683772161603e-13,8.8817841970012523e-15,0
718.82444937686591,-219.94710482153909,-706.16829645948644,0,0,-1.6751129124646924,2.6692936949077679e-08,6,6,-213.9797210782036,-706.79306142311304,-225.91448856487457,-705.54353149585984,0,1.4654943925052066e-14,0
721.72293505983714,-220.24891675158918,-709.05102586289456,0,0,-1.6751128339708856,1.9367199841145778e-08,6,6,-214.28153295921354,-709.67579035811843,-226.21630054396482,-708.42626136767069,0,6.106226635438361e-15,0
724.62142074280837,-220.55072852142069,-711.93375528307774,0,0,-1.6751128055562488,2.3934032314684646e-10,6,6,-214.5833447112926,-712.55851960874065,-226.51811233154879,-711.30899095741484,1.1368683772161603e-13,9.7699626167013776e-15,0
727.5199064257796,-220.85254028925246,-714.81648470347056,0,0,-1.6751128325834366,-1.8888519087310039e-08,6,6,-214.88515649600998,-715.44124919041508,-226.81992408249494,-714.19172021652605,1.1368683772161603e-13,1.5543122344752192e-14,1.1368683772161603e-13
730.41839210875082,-221.15435221365979,-717.69921410746929,0,0,-1.6751129105119662,-2.7148934628752291e-08,6,6,-215.1869684691043,-718.32397905944322,-227.12173595821528,-717.07444915549536,1.1368683772161603e-13,1.0658141036401503e-14,0
733.31687779172205,-221.45616434645976,-720.5819434896473,0,0,-1.6751129627954593,-8.9274842816328615e-09,6,6,-215.48878063456917,-721.20670875361691,-227.42354805835035,-719.95717822567769,0,5.5511151231257827e-15,0
736.21536347469328,-221.75797655385392,-723.46467286401662,0,0,-1.6751129622643339,9.2939693515804159e-09,6,6,-215.79059284163151,-724.08943812481675,-227.72536026607634,-722.83990760321649,1.1368683772161603e-13,1.3877787807814457e-14,0
739.11384915766462,-222.05978868359188,-726.34740224651671,0,0,-1.6751129089185854,2.7515422655885346e-08,6,6,-216.09240493804091,-726.97216718898233,-228.02717242914284,-725.72263730405109,0,2.4424906541753444e-15,0
742.01233484063573,-222.36160063408246,-729.23013164778513,0,0,-1.6751128545319265,1.2856363664412292e-08,6,6,-216.39421685455261,-729.85489626570461,-228.32898441361232,-728.60536702986565,1.1368683772161603e-13,1.2989609388114332e-14,0
744.91082052360696,-222.66341247580556,-732.11286106043963,0,0,-1.6751128298147893,4.1988437516148326e-09,6,6,-216.69602868083334,-732.73762553086249,-228.63079627077778,-731.48809659001677,0,1.5765166949677223e-14,0
747.8093062065783,-222.96522428244515,-734.9955904767678,0,0,-1.6751128301913496,-4.4586762714976596e-09,6,6,-216.99784048770817,-735.6203549494378,-228.93260807718212,-734.37082600409781,1.1368683772161603e-13,1.1102230246251565e-15,0
750.70779188954941,-223.26703611523624,-737.87831989035737,0,0,-1.6751128345798265,6.7893903937009874e-09,6,6,-217.29965232324102,-738.50308438921502,-229.23441990723146,-737.25355539149973,1.1368683772161603e-13,1.865174681370263e-14,1.1368683772161603e-13
753.60627757252064,-223.56884792478937,-740.7610493063803,0,0,-1.6751128274477256,-1.8681303584335265e-09,6,6,-217.60146412833828,-741.38581376267803,-229.53623172124045,-740.13628485008257,0,9.3258734068513149e-15,0
756.50476325549198,-223.87065974995176,-743.64377872076886,0,0,-1.6751128454093245,-1.0525651061487092e-08,6,6,-217.90327596472244,-744.26854328425031,-229.83804353518107,-743.01901415728742,0,1.3100631690576847e-14,0
759.40324893846321,-224.1724716630618,-746.52650812595004,0,0,-1.6751128884646231,-1.9183171488009045e-08,6,6,-218.2050879047319,-747.15127294635897,-230.1398554213917,-745.90174330554112,0,1.4876988529977098e-14,0
762.30173462143432,-224.47428374353902,-749.40923751360833,0,0,-1.6751129514335437,-1.3988169445348685e-08,6,6,-218.50690002454991,-750.03400270977704,-230.44166746252813,-748.78447231743962,0,1.5543122344752192e-15,0
765.20022030440566,-224.77609594058464,-752.29196688906234,0,0,-1.6751129668843561,3.3268695358401518e-09,6,6,-218.80871223124865,-752.91673217743187,-230.74347964992063,-751.66720160069281,0,1.099120794378905e-14,0
768.09870598737689,-225.07790810983244,-755.17469626742718,0,0,-1.675112932147776,2.0641908691839016e-08,6,6,-219.11052437879425,-755.79946134851025,-231.04529184087062,-754.54993118634411,0,1.0658141036401503e-14,0
770.997191670348,-225.37972011154011,-758.0574256633314,0,0,-1.6751128582028572,2.1759808942581307e-08,6,6,-219.41233633430375,-758.68219030315674,-231.34710388877647,-757.43266102350606,1.1368683772161603e-13,1.5765166949677223e-14,0
773.89567735331934,-225.6815319387054,-760.94015507751033,0,0,-1.6751128202260581,4.4447703059574382e-09,6,6,-219.71414813774248,-761.56491949071358,-231.64891573966833,-760.31539066430707,0,9.3258734068513149e-15,0
776.79416303629057,-225.98334372873217,-763.82288449557757,0,0,-1.6751128324366513,-1.2870268564214765e-08,6,6,-220.01595993539797,-764.44764898164613,-231.95072752206636,-763.19812000950901,1.1368683772161603e-13,7.1054273576010019e-15,1.1368683772161603e-13
779.6926487192618,-226.28515572325784,-766.70561389222814,0,0,-1.6751164478184928,-6.4413779333439858e-05,6,6,-220.31777418872483,-767.33039995266358,-232.25253725779086,-766.0808278317927,0,7.7715611723760958e-15,0
782.59113440223302,-226.58716775170447,-769.5883223376286,0,0,-1.6752206047101017,-7.4560941841486582e-06,6,6,-220.61985132531436,-770.21372993858552,-232.55448417809458,-768.96291473667168,2.2737367544323206e-13,1.1213252548714081e-14,1.1368683772161603e-13
785.48962008520425,-226.88924207949009,-772.47102425631249,0,0,-1.675159670590856,4.9501583138463453e-05,6,6,-220.92188755551689,-773.09606824293792,-232.85659660346329,-771.84598026968706,0,1.7763568394002505e-15,0
788.38810576817559,-227.19090279453991,-775.35376948114708,0,0,-1.674933645413069,0.00010645929660877237,6,6,-221.22340714731797,-775.97746467945092,-233.15839844176185,-774.73007428284325,1.1368683772161603e-13,1.4876988529977098e-14,0
791.28659145114671,-227.49174525199106,-778.23660020959369,0,0,-1.6746421221064693,7.9839248219505055e-05,6,6,-221.52406803666148,-778.85855571735624,-233.45942246732065,-777.61464470183114,0,1.7208456881689926e-14,0
794.18507713411793,-227.79190106870109,-781.11950251686392,0,0,-1.6744466419464321,5.5045088009982601e-05,6,6,-221.82410238743,-781.74029145025361,-233.75969974997219,-780.49871358347423,2.2737367544323206e-13,1.8873791418627661e-14,1.1368683772161603e-13
797.08356281708927,-228.09159692231236,-784.00245267927801,0,0,-1.6743230273063527,3.0250928470650136e-05,6,6,-222.12372154803663,-784.62250390064048,-234.0594722965881,-783.38240145791553,0,7.9936057773011271e-15,0
799.9820485000605,-228.39103599207374,-786.88542952541411,0,0,-1.6742484344543511,7.0033925057244115e-05,6,6,-222.42311438301195,-787.50503558420746,-234.35895760113553,-786.26582346662076,0,7.4384942649885488e-15,0
802.88053418303161,-228.6901080427437,-789.76844446565644,0,0,-1.6740920423821108,3.7879029797113901e-05,6,6,-222.72208960518995,-790.38711718124887,-234.65812648029745,-789.14977175006402,0,1.1102230246251565e-14,0
805.77901986600295,-228.98886356038082,-792.65149222665343,0,0,-1.6740288507857162,5.7241521560814412e-06,6,6,-223.02080603982623,-793.26978781239848,-234.95692108093542,-792.03319664090839,0,1.7097434579227411e-14,0
808.67750554897418,-229.28757124429208,-795.53454494439029,0,0,-1.6740588596327972,-2.6430722283013319e-05,6,6,-223.31953228076239,-796.15301962438241,-235.25561020782177,-794.91607026439817,0,6.4392935428259079e-15,0
811.5759912319453,-229.58641635713693,-798.41758342006597,0,0,-1.6740889598529671,4.2834761802672143e-10,6,6,-223.61839601253484,-799.03623773906475,-235.55443670173901,-797.79892910106719,0,1.1546319456101628e-14,0
814.47447691491664,-229.88527647098505,-801.3006203408745,0,0,-1.6740889599121742,-4.6920139233097065e-10,6,6,-223.9172561264196,-801.91927466022662,-235.85329681555049,-800.68196602152238,1.1368683772161603e-13,1.0880185641326534e-14,0
817.37296259788786,-230.18413658875411,-804.18365726127774,0,0,-1.6740889625729143,-1.3667505204414006e-09,6,6,-224.21611624583474,-804.80231159650918,-236.15215693167349,-803.5650029260463,0,1.8873791418627661e-15,0
820.27144828085909,-230.48299672006115,-807.0666941802773,0,0,-1.6740889741308536,-1.0712653626586439e-08,6,6,-224.51497638429217,-807.68534858448675,-236.45101705583014,-806.44803977606784,0,5.773159728050814e-15,0
823.16993396383032,-230.78185690581296,-809.94973109362797,0,0,-1.6740889900316089,-2.5911317821200428e-10,6,6,-224.81383657988104,-810.56838559273342,-236.74987723174488,-809.33107659452253,0,1.1102230246251565e-14,0
826.06841964680154,-231.08071709373019,-812.83276800675571,0,0,-1.6740889756329236,1.0194428908423435e-08,6,6,-225.11269675889045,-813.4514224199296,-237.04873742856992,-812.21411359358183,0,1.4432899320127035e-14,0
828.96690532977277,-231.37957719645809,-815.71580492871283,0,0,-1.6740889309347997,2.0647967658339533e-08,6,6,-225.41155683396568,-816.33445907512737,-237.3475975589505,-815.09715078229829,0,1.532107773982716e-14,0
831.865391012744,-231.67843712283397,-818.59884186895567,0,0,-1.6740888608378039,1.7814602413055544e-08,6,6,-225.71041671697577,-819.21749559702994,-237.64645752869217,-817.98018814088141,1.1368683772161603e-13,1.0103029524088925e-14,0
834.76387669571523,-231.97729690269205,-821.48187882438674,0,0,-1.6740888355995696,-3.99829405665458e-10,6,6,-226.00927648122013,-822.10053240183868,-237.94531732416397,-820.8632252469348,1.1368683772161603e-13,1.3322676295501878e-15,0
837.66236237868645,-232.27615668589121,-824.36491577947049,0,0,-1.6740888631556021,-1.8614259788979162e-08,6,6,-226.30813628146691,-824.98356952137738,-238.2441770903155,-823.74626203756361,0,7.1054273576010019e-15,0
840.56084806165779,-232.5750166180558,-827.24795271911069,0,0,-1.6740889281582489,-1.6346932721584068e-08,6,6,-226.60699625384567,-827.86660684895469,-238.54303698226593,-826.62929858926668,0,1.27675647831893e-14,0
843.45933374462891,-232.87387669855875,-830.13098964337598,0,0,-1.6740889642921777,-8.5860380188991452e-09,6,6,-226.90585635670303,-830.749643988868,-238.84189704041447,-829.51233529788396,0,1.2656542480726785e-14,0
846.35781942760013,-233.17273685081045,-833.01402656020423,0,0,-1.6740889779312662,-8.2514417942487819e-10,6,6,-227.2047165173926,-833.63268098709466,-239.14075718422831,-832.3953721333138,0,1.1102230246251565e-14,0
849.25630511057147,-233.47159700995724,-835.89706347631579,0,0,-1.6740889690755136,6.935750946437315e-09,6,6,-227.50357667106073,-836.51571785035492,-239.43961734885374,-835.27840910227667,0,1.1324274851176597e-14,0
852.15479079354259,-233.77045715205577,-838.78010039419405,0,0,-1.6740889723009513,-1.521163539814398e-09,6,6,-227.80243681515469,-839.39875478748263,-239.73847748895685,-838.16144600090547,0,7.9936057773011271e-15,0
855.05327647651382,-234.06931730618695,-841.66313731082437,0,0,-1.674088974108493,2.739318169740906e-10,6,6,-228.10129697040412,-842.28179171490035,-240.03733764196977,-841.04448290674839,0,9.7699626167013776e-15,0
857.95176215948516,-234.36817745802887,-844.54617422769002,0,0,-1.6740889707129765,2.0690270362667936e-09,6,6,-228.40015712014539,-845.16482861150155,-240.33619779591234,-843.92751984387849,1.1368683772161603e-13,2.7311486405778851e-14,1.1368683772161603e-13
860.85024784245638,-234.66703759366632,-847.42921114624039,0,0,-1.67408896411042,1.6793508327723866e-09,6,6,-228.69901725169814,-848.04786549064772,-240.63505793563451,-846.81055680183306,0,6.9944050551384862e-15,0
863.7487335254275,-234.96589771456192,-850.31224806631894,0,0,-1.6740889605436098,7.8180345343795887e-10,6,6,-228.99787737038713,-850.93090238943944,-240.93391805873671,-849.69359374319845,1.1368683772161603e-13,2.5091040356528538e-14,1.1368683772161603e-13
866.64721920839884,-235.26475782892436,-853.19528498707393,0,0,-1.6740889595783277,-1.1574372969204765e-10,6,6,-229.29673748415237,-853.81393930443357,-241.23277817369635,-852.57663066971429,1.1368683772161603e-13,5.5511151231257827e-15,0
869.54570489137006,-235.56361794425408,-856.07832190772967,0,0,-1.6740889612145728,-1.0132909418699586e-09,6,6,-229.59559760049436,-856.69697623485456,-241.5316382880138,-855.45966758060479,0,7.7715611723760958e-15,0
872.44419057434118,-235.86247805978107,-858.9613588283612,0,0,-1.6740889595944179,1.5282190029734502e-10,6,6,-229.89445771501906,-859.58001314581691,-241.83049840454308,-858.34270451090549,0,9.5479180117763462e-15,0
875.34267625731252,-236.161338174035,-861.84439574912767,0,0,-1.6740889604522302,-7.4472564572087551e-10,6,6,-230.19331782980368,-862.46305007170281,-242.12935851826632,-861.22574142655253,0,1.1879386363489175e-14,0
878.24116194028375,-236.46019829451211,-864.72743266924863,0,0,-1.6740889639115712,-1.6422733786380295e-09,6,6,-230.49217795242092,-865.34608701246918,-242.4282186366033,-864.10877832602807,1.1368683772161603e-13,3.5971225997855072e-14,1.1368683772161603e-13
881.13964762325497,-236.75905842936629,-867.61046958788086,0,0,-1.6740889704607869,-2.1431863660624467e-09,6,6,-230.79103809132678,-868.22912397018729,-242.7270787674058,-866.99181520557443,1.1368683772161603e-13,2.3314683517128287e-15,0
884.0381333062262,-237.05791858079095,-870.49350650478959,0,0,-1.6740889740712526,-3.4809067965377618e-10,6,6,-231.08989824498508,-871.11216090864332,-243.02593891659683,-869.87485210093587,0,5.1070259132757201e-15,0
886.93661898919743,-237.35677873512461,-873.37654342139854,0,0,-1.6740889724786585,1.4470051814719131e-09,6,6,-231.38875839833347,-873.9951978157477,-243.32479907191575,-872.75788902704937,1.1368683772161603e-13,1.3766765505351941e-14,0
889.83510467216877,-237.65563887739742,-876.25958033926031,0,0,-1.6740889659532765,1.9903637599982298e-09,6,6,-231.68761853656935,-876.87823469466582,-243.6236592182255,-875.6409259838548,0,1.4210854715202004e-14,0
892.73359035513988,-237.95449900230625,-879.14261725891959,0,0,-1.6740889614850014,1.0928152757772252e-09,6,6,-231.98647865871385,-879.76127158765837,-243.92251934589865,-878.5239629301808,0,9.1038288019262836e-15,0
895.63207603811111,-238.25335911808332,-882.02565417952871,0,0,-1.6740889596182573,1.9526706581213398e-10,6,6,-232.28533877333604,-882.64430849712676,-244.22137946283061,-881.40699986193067,0,2.55351295663786e-15,0
898.53056172108245,-238.55221923222868,-884.90869110030724,0,0,-1.6740889603530438,-7.022810951481011e-10,6,6,-232.584198887936,-885.52734542229041,-244.52023957652136,-884.29003677832407,0,9.3258734068513149e-15,0
901.42904740405368,-238.85107935019883,-887.79172802068388,0,0,-1.6740889612758032,5.3169329057010693e-17,6,6,-232.883059006477,-888.41038234817415,-244.81909969392066,-887.1730736931936,0,1.4876988529977098e-14,0
904.32753308702479,-239.14993946868825,-890.67476494100663,0,0,-1.6740889612758028,1.3718736212965411e-16,6,6,-233.18191912496641,-891.2934192684969,-245.11795981241008,-890.05611061351635,1.1368683772161603e-13,1.4654943925052066e-14,0
907.22601876999613,-239.44879958717763,-893.55780186132938,0,0,-1.6740889612758023,2.2120539520231604e-16,6,6,-233.4807792434558,-894.17645618881966,-245.41681993089946,-892.9391475338391,0,1.4654943925052066e-14,0
910.12450445296736,-239.74765970686164,-896.4408387815273,0,0,-1.6740889656532039,-7.4940577809265809e-09,6,6,-233.77963936584791,-897.05949313514202,-245.71568004787537,-895.82218442791259,0,1.0103029524088925e-14,0
913.02299013593847,-240.04651985847471,-899.32387569842183,0,0,-1.674088976127202,2.6683676034150418e-10,6,6,-234.07849952394076,-899.94253011454555,-246.01454019300866,-898.70522128229811,0,4.6629367034256575e-15,0
915.92147581890981,-240.34538000785787,-902.20691261554634,0,0,-1.6740889641063588,8.0277313755146329e-09,6,6,-234.37735966588718,-902.82556695992946,-246.31340034982856,-901.58825827116323,0,6.6613381477509392e-15,0
918.81996150188104,-240.64424009015798,-905.0899495396269,0,0,-1.6740889295906709,1.578862821420612e-08,6,6,-234.67621972683401,-905.70860367801959,-246.61226045348195,-904.47129540123422,0,8.659739592076221e-15,0
921.71844718485215,-240.94310003325765,-907.97298647813466,0,0,-1.6740888718049194,1.5355112867878432e-08,6,6,-234.97507963418431,-908.59164027166082,-246.91112043233099,-907.35433268460849,0,1.2101430968414206e-14,0
924.61693286782349,-241.24195985125996,-910.85602342960658,0,0,-1.6740888497931945,-1.6668265282233312e-10,6,6,-235.27393943856899,-911.47467709176635,-247.20998026395094,-910.23736976744681,0,0,0
927.51541855079472,-241.54081967065551,-913.73906038093719,0,0,-1.6740888727711738,-1.5688478081202906e-08,6,6,-235.57279927217994,-914.35771418023,-247.50884006913108,-913.12040658164437,1.1368683772161603e-13,2.2204460492503131e-16,0
930.41390423376595,-241.8396796173335,-916.62209731907126,0,0,-1.6740889305683495,-1.5621945018513564e-08,6,6,-235.87165925461437,-917.24075146329881,-247.80769998005263,-916.00344317484371,0,5.3290705182007514e-15,0
933.31238991673717,-242.13853970175569,-919.50513424293013,0,0,-1.6740889646009101,-7.8610492345204613e-09,6,6,-236.17051936009096,-920.12378859026467,-248.10656004342042,-918.88647989559558,0,1.1768364061026659e-14,0
936.2108755997084,-242.43739985186829,-922.38817115998006,0,0,-1.6740889761386288,-1.0015562787044292e-10,6,6,-236.46937951734142,-923.00682557617199,-248.40542018639516,-921.76951674378813,0,8.4376949871511897e-15,0
939.10936128267963,-242.7362600028178,-925.27120807694234,0,0,-1.6740889651815094,7.6607379510354216e-09,6,6,-236.76823966151227,-925.88986242774195,-248.70428034412333,-924.65255372614274,0,1.6986412276764895e-14,0
942.00784696565086,-243.03512011995613,-928.15424499740823,0,0,-1.6740889596834263,2.8015309162464597e-10,6,6,-237.06709977524918,-928.77289931539519,-249.00314046466309,-927.53559067942126,0,9.3258734068513149e-15,0
944.90633264862208,-243.33398023393471,-931.03728191820392,0,0,-1.6740889601721707,-6.1739432606295439e-10,6,6,-237.36595988953013,-931.65593623910763,-249.30200057833929,-930.4186275973002,1.1368683772161603e-13,8.5487172896137054e-15,0
947.80481833159331,-243.63284035307248,-933.9203188384646,0,0,-1.6740889632624436,-1.5149418986941355e-09,6,6,-237.66482001057969,-934.53897317781116,-249.60086069556527,-933.30166449911803,0,1.4432899320127035e-14,0
950.70330401456465,-243.93170048530072,-936.80335575736638,0,0,-1.674088969527185,-2.397842831801831e-09,6,6,-237.96368014668366,-937.42201013410101,-249.89972082391779,-936.18470138063174,0,2.4424906541753444e-15,0
953.60178969753576,-244.2305606350979,-939.68639267444485,0,0,-1.6740889738757685,-6.0274691304810358e-10,6,6,-238.26254029917109,-940.30504707713192,-250.19858097102471,-939.06773827175778,1.1368683772161603e-13,3.7747582837255322e-15,1.1368683772161603e-13
956.50027538050699,-244.52942078993198,-942.56942959100184,0,0,-1.6740889730212913,1.1923493082412055e-09,6,6,-238.56140045347655,-943.18808398858937,-250.4974411263874,-941.9507751934143,0,5.2180482157382357e-15,0
959.39876106347833,-244.82828093480205,-945.45246650859008,0,0,-1.6740889669637542,2.9874449310563845e-09,6,6,-238.86026059459911,-946.07112087002611,-250.79630127500499,-944.83381214715405,0,1.1102230246251565e-14,0
962.29724674644945,-245.12714106162906,-948.33550342805518,0,0,-1.6740889619605352,1.220142069227374e-09,6,6,-239.15912071833085,-948.95415775963193,-251.09516140492727,-947.71684909647843,0,1.8873791418627661e-14,0
965.19573242942067,-245.42600117824517,-951.2185403485779,0,0,-1.6740889597247348,3.2259486042621593e-10,6,6,-239.45798083356377,-951.83719466681134,-251.39402152292658,-950.59988603034446,0,9.9920072216264089e-15,0
968.09421811239201,-245.72486129216549,-954.10157726937928,0,0,-1.674088960090462,-5.7495226741525574e-10,6,6,-239.75684094771034,-954.72023158979539,-251.69288163662063,-953.48292294896316,0,6.4392935428259079e-15,0
970.99270379536324,-246.0237214097028,-956.98461418980173,0,0,-1.674088961275803,1.3043463490365262e-15,6,6,-240.05570106598097,-957.60326851729201,-251.99174175342463,-956.36595986231146,0,1.4876988529977098e-14,0
973.89118947833447,-246.32258152819222,-959.86765111012448,0,0,-1.6740889612757985,1.754512790894706e-15,6,6,-240.35456118447038,-960.48630543761476,-252.29060187191405,-959.24899678263421,0,1.4876988529977098e-14,0
976.78967516130569,-246.62144164668155,-962.75068803044712,0,0,-1.6740889612757928,2.2046792327527699e-15,6,6,-240.65342130295971,-963.36934235793728,-252.58946199040338,-962.13203370295696,0,1.4876988529977098e-14,0
979.68816084427692,-246.92030176516337,-965.6337249507701,0,0,-1.6740889611521055,9.9401580837844723e-10,6,6,-240.95228142136503,-966.2523792775221,-252.88832210896172,-965.01507062401811,0,1.5210055437364645e-14,0
982.58664652724815,-247.21916188039341,-968.51676187143494,0,0,-1.6740889595717312,9.6466858556069594e-11,6,6,-241.25114153561736,-969.13541618875524,-253.18718222516947,-967.89810755411463,1.1368683772161603e-13,3.9968028886505635e-15,0
985.48513221021938,-247.5180219948175,-971.39979879218492,0,0,-1.6740889605928899,-8.0108206705691083e-10,6,6,-241.55000165067318,-972.01845311559953,-253.48604233896182,-970.78114446877032,0,2.2204460492503131e-16,0
988.3836178931906,-247.81688211593556,-974.28283571223892,0,0,-1.6740889642155814,-1.6986311937116974e-09,6,6,-241.84886177403243,-974.9014900572738,-253.78490245783868,-973.66418136720404,1.1368683772161603e-13,6.2172489379008766e-15,0
991.28210357616194,-248.11574225198225,-977.16587263074405,0,0,-1.6740889708405675,-2.0304745284234256e-09,6,6,-242.14772191417771,-977.78452701531705,-254.0837625897868,-976.54721824617104,0,6.106226635438361e-15,0
994.18058925913306,-248.4146024040312,-980.04890954759105,0,0,-1.6740889741243381,-2.3537792222074043e-10,6,6,-242.44658206825818,-980.66756395176162,-254.38262273980422,-979.43025514342048,0,1.2101430968414206e-14,0
997.07907494210428,-248.71346255804681,-982.9319464642316,0,0,-1.6740889722050465,1.5597188021232834e-09,6,6,-242.74544222108642,-983.55060085694777,-254.68148289500721,-982.31329207151543,0,4.8849813083506888e-15,0
999.97756062507563,-249.01232269996194,-985.81498338212987,0,0,-1.6740889695020917,-6.7690679062886805e-09,6,6,-243.04430236132936,-986.43363775871478,-254.98034303859453,-985.19632900554495,0,3.8857805861880479e-15,0
1002.8760463080467,-249.3111828596424,-988.69802029818857,0,0,-1.6740889778747161,9.9182718738384235e-10,6,6,-243.34316252618956,-989.31667472474146,-255.27920319309524,-988.07936587163567,0,1.021405182655144e-14,0
1005.774531991018,-249.61004301103452,-991.58105721510469,0,0,-1.6740889637524992,8.7527210408263688e-09,6,6,-243.6420226688449,-992.19971155737596,-255.57806335322414,-990.96240287283342,0,1.3988810110276972e-14,0
1008.6730176739893,-249.90890308928525,-994.46409413960475,0,0,-1.674088927135442,1.6513615803653192e-08,6,6,-243.94088272444233,-995.08274826334468,-255.87692345412816,-993.84544001586482,1.1368683772161603e-13,3.5527136788005009e-15,0
1011.5715033569605,-250.20776301742069,-997.34713107966138,0,0,-1.6740888620090026,1.8223063847060364e-08,6,6,-244.23974261228705,-997.96578481472534,-256.17578342255433,-996.72847734459742,0,1.9984014443252818e-15,0
1014.4699890399316,-250.50662279894868,-1000.2301680349184,0,0,-1.6740888355868466,8.63296079595641e-12,6,6,-244.53860237746889,-1000.8488216122944,-256.4746432204285,-999.6115144575424,0,4.4408920985006262e-16,0
1017.368474722903,-250.80548258040446,-1003.1132049901826,0,0,-1.6740888619589591,-1.8205799438691479e-08,6,6,-244.83746217523986,-1003.7318587249479,-256.77350298556905,-1002.4945512554173,0,9.1038288019262836e-15,0
1020.2669604058742,-251.10434251112594,-1005.9962419299763,0,0,-1.6740889322131911,-2.0423450567454379e-08,6,6,-245.13632214942439,-1006.6148960840203,-257.07236287282745,-1005.3775877759324,0,1.021405182655144e-14,0
1023.1654460888453,-251.4032026166015,-1008.8792788516497,0,0,-1.6740889762605555,-9.9699118976700449e-09,6,6,-245.43518228215007,-1009.4979332685692,-257.37122295105297,-1008.2606244347302,0,8.659739592076221e-15,0
1026.0639317718167,-251.70206280539003,-1011.7623157646859,0,0,-1.6740889900084819,4.8363000197358999e-10,6,6,-245.73404247944381,-1012.3809702636534,-257.67008313133624,-1011.1436612657185,0,1.0547118733938987e-14,0
1028.9624174547878,-252.00092299013747,-1014.6453526781446,0,0,-1.6740889734569679,1.0937170156523975e-08,6,6,-246.03290265395157,-1015.2640070783323,-257.96894332632337,-1014.0266982779569,0,1.5543122344752192e-14,0
1031.8609031377591,-252.29978312074681,-1017.5283895972134,0,0,-1.674088962488419,1.3474691873233575e-09,6,6,-246.33176277777517,-1018.1470439319405,-258.26780346371845,-1016.9097352624863,0,1.3988810110276972e-14,0
1034.7593888207305,-252.59864323835276,-1020.411426517633,0,0,-1.6740889598835649,4.4992057430632061e-10,6,6,-246.63062289376961,-1021.0300808368144,-258.56666358293592,-1019.7927721984516,0,8.1046280797636427e-15,0
1037.6578745037016,-252.89750335219895,-1023.2944634384414,0,0,-1.6740889598802422,-4.4762792579640856e-10,6,6,-246.92948300761375,-1023.9131177576029,-258.86552369678412,-1022.67580911928,0,8.8817841970012523e-15,0
1040.5563601866727,-253.19636346873449,-1026.1775003589685,0,0,-1.6740889603902409,7.1849199644365988e-10,6,6,-247.2283431244648,-1026.7961546811737,-259.16438381300418,-1025.5588460367633,2.2737367544323206e-13,2.0872192862952943e-14,2.2914314707516465e-13
1043.454845869644,-253.49522358291932,-1029.0605372797427,0,0,-1.6740889596084669,-1.7905569154826374e-10,6,6,-247.52720323816598,-1029.6791915972822,-259.46324392767264,-1028.4418829622032,0,2.1316282072803006e-14,0
1046.3533315526154,-253.79408369860047,-1031.943574200362,0,0,-1.6740889614282217,-1.0766034244768681e-09,6,6,-247.82606335497294,-1032.562228528762,-259.76210404222803,-1031.324919871962,0,6.8833827526759706e-15,0
1049.2518172355865,-254.09294382327826,-1034.8266111200489,0,0,-1.6740889658495064,-1.9741514275942215e-09,6,6,-248.12492348238598,-1035.4452654748352,-260.06096416417057,-1034.2079567652627,2.2737367544323206e-13,1.1990408665951691e-14,2.2914314707516465e-13
1052.1503029185578,-254.39180396521033,-1037.7096480379425,0,0,-1.6740889724020562,-1.4794236091581328e-09,6,6,-248.42378362837181,-1038.3283024318346,-260.35982430204888,-1037.0909936440505,0,2.0761170560490427e-14,0
1055.0487886015292,-254.69066411945852,-1040.5926849545601,0,0,-1.6740889740886129,3.1567343526963431e-10,6,6,-248.72264378366339,-1041.2113393585175,-260.65868445525365,-1039.9740305506027,0,5.9952043329758453e-15,0
1057.9472742845001,-254.98952427106866,-1043.4757218714499,0,0,-1.6740889705721067,2.1107703212519717e-09,6,6,-249.02150393309805,-1044.0943762544207,-260.9575446090393,-1042.8570674884791,0,3.4638958368304884e-14,2.8421709430404007e-14
1060.8457599674714,-255.28838440626436,-1046.3587587900436,0,0,-1.6740889639979493,1.6584804698098813e-09,6,6,-249.3203640642266,-1046.9774131337797,-261.25640474830209,-1045.7401044463074,0,4.4408920985006262e-15,0
1063.7442456504427,-255.587244526923,-1049.2417957101479,0,0,-1.6740889604916329,7.6093205321376523e-10,6,6,-249.61922418271604,-1049.8604500329582,-261.55526487112996,-1048.6231413873377,0,1.0325074129013956e-14,0
1066.6427313334138,-255.88610464122289,-1052.1248326309103,0,0,-1.6740889595868476,-1.3661617241547827e-10,6,6,-249.91808429645619,-1052.7434869483209,-261.85412498598959,-1051.5061783134997,0,8.4376949871511897e-15,0
1069.5412170163852,-256.1849647566641,-1055.0078695515526,0,0,-1.6740889612758032,3.1980754835805459e-15,6,6,-250.21694441294227,-1055.6265238790429,-262.15298510038593,-1054.3892152240624,0,2.5202062658991053e-14,0
1072.4397026993565,-256.48382487515437,-1057.8909064718839,0,0,-1.6740889612757959,1.8055671414652776e-15,6,6,-250.51580453143254,-1058.5095607993742,-262.4518452188762,-1057.2722521443936,0,3.1086244689504383e-15,0
1075.3381883823276,-256.78268499364458,-1060.773943392215,0,0,-1.6740889612757928,4.1305879935039737e-16,6,6,-250.81466464992275,-1061.3925977197052,-262.75070533736641,-1060.1552890647247,0,2.5091040356528538e-14,0
1078.2366740652988,-257.08154511213479,-1063.6569803125458,0,0,-1.6740889612757934,-9.794495427644424e-16,6,6,-251.11352476841296,-1064.2756346400361,-263.04956545585662,-1063.0383259850555,0,2.5202062658991053e-14,0
1081.1351597482701,-257.38040522951508,-1066.5400172329892,0,0,-1.6740889600185302,5.3480767152945964e-10,6,6,-251.41238488501543,-1067.1586715529759,-263.3484255740147,-1065.9213629130024,0,0,0
1084.0336454312412,-257.67926534339574,-1069.423054153795,0,0,-1.6740889597691586,-3.6273726431932894e-10,6,6,-251.71124499874182,-1070.0417084722935,-263.64728568804964,-1068.8043998352964,0,2.1427304375265521e-14,0
1086.9321311142126,-257.97812546030764,-1072.3060910742863,0,0,-1.674088962121308,-1.2602822912021534e-09,6,6,-252.01010511710888,-1072.9247454068225,-263.9461458035064,-1071.6874367417502,0,1.865174681370263e-14,0
1089.8306167971839,-258.27698558823812,-1075.1891279936358,0,0,-1.6740889702347876,-1.1952557924469231e-08,6,6,-252.3089652500588,-1075.8077823745934,-264.24500592641743,-1074.5704736126781,0,3.5527136788005009e-14,0
1092.729102480155,-258.57584576793801,-1078.0721649076133,0,0,-1.6740889897293902,-1.4990189427922376e-09,6,6,-252.60782544181913,-1078.6908194049151,-264.54386609405691,-1077.4535104103115,0,1.354472090042691e-14,0
1095.6275881631263,-258.87470596016448,-1080.9552018202949,0,0,-1.6740889789245554,8.9545222672357595e-09,6,6,-252.90668562736113,-1081.5738562531133,-264.84272629296782,-1080.3365473874765,2.2737367544323206e-13,8.4376949871511897e-15,2.3437142008433856e-13
1098.5260738460975,-259.17356607756295,-1083.8382387407307,0,0,-1.6740889378202837,1.9408060730628723e-08,6,6,-253.20554571933027,-1084.4568929282379,-265.14158643579566,-1083.2195845532235,0,8.6819440525687241e-14,5.6843418860808015e-14
1101.4245595290686,-259.47242602800907,-1086.7212756784784,0,0,-1.6740888673337013,1.9975036765229013e-08,6,6,-253.50440562616959,-1087.3399294453202,-265.44044642984858,-1086.1026219116366,0,1.1102230246251565e-15,0
1104.3230452120399,-259.77128581756836,-1089.6043126329046,0,0,-1.6740888358334804,1.7606040256736279e-09,6,6,-253.80326539624113,-1090.2229662117525,-265.73930623889555,-1088.9856590540567,2.2737367544323206e-13,2.3314683517128287e-14,0
1107.2215308950113,-260.07014559241514,-1092.4873495888542,0,0,-1.6740888571275285,-1.6453826848689288e-08,6,6,-254.10212518426158,-1093.1060032947853,-266.03816600056871,-1091.868695882923,0,4.9960036108132044e-15,0
1110.1200165779824,-260.36900550227836,-1095.370386530805,0,0,-1.6740889223800586,-1.7267460114685223e-08,6,6,-254.40098513449351,-1095.9890406261648,-266.3370258700632,-1094.7517324354453,0,1.4876988529977098e-14,0
1113.0185022609537,-260.6678655699688,-1098.2534234563987,0,0,-1.6740889611821228,-9.5065652750136587e-09,6,6,-254.69984522618901,-1098.8720777833298,-266.63588591374855,-1097.6347691294675,0,2.5313084961453569e-14,2.2737367544323206e-13
1115.9169879439251,-260.96672571710025,-1101.1364603737575,0,0,-1.6740889774893464,-1.7456715535220351e-09,6,6,-254.998705383409,-1101.7551147980105,-266.93474605079149,-1100.5178059495045,0,2.3314683517128287e-14,0
1118.8154736268959,-261.26558587881914,-1104.0194972896024,0,0,-1.6740889713017297,6.0152231993889605e-09,6,6,-255.29756554129989,-1104.6381516769277,-267.23360621633839,-1103.4008429022772,2.2737367544323206e-13,3.3306690738754696e-15,0
1121.7139593098673,-261.56444602029819,-1106.902534207547,0,0,-1.6740889717413874,-1.7340807924637958e-09,6,6,-255.59642568305094,-1107.5211885974961,-267.53246635754545,-1106.2838798175978,2.2737367544323206e-13,1.7319479184152442e-14,0
1124.6124449928386,-261.86330617370567,-1109.7855711242514,0,0,-1.6740889741660629,6.1017269834709552e-11,6,6,-255.89528583795845,-1110.4042255286711,-267.83132650945288,-1109.1669167198318,0,3.0642155479654321e-14,0
1127.5109306758097,-262.16216632660326,-1112.6686080410091,0,0,-1.6740889713876721,1.8561153015078652e-09,6,6,-256.19414598913716,-1113.2872624288473,-268.13018666406936,-1112.0499536531709,2.2737367544323206e-13,8.7707618945387367e-15,0
1130.4094163587811,-262.46102646451527,-1115.5516449593235,0,0,-1.6740889647060662,1.7858115549200109e-09,6,6,-256.49300612291557,-1116.1702993072856,-268.42904680611497,-1114.9329906113614,4.5474735088646412e-13,4.7961634663806763e-14,2.2737367544323206e-13
1133.3079020417524,-262.75988658668314,-1118.4346818792685,0,0,-1.6740889608306828,8.8826288891094036e-10,6,6,-256.79186624268596,-1119.0533362041024,-268.72790693068032,-1117.8160275544346,0,1.3322676295501878e-14,0
1136.2063877247235,-263.05874670142845,-1121.3177187999847,0,0,-1.6740889595568313,-9.2855541770346746e-12,6,6,-257.09072635664319,-1121.9363731172161,-269.02676704621371,-1120.6990644827533,0,3.3195668436292181e-14,0
1139.1048734076946,-263.35760681625135,-1124.2007557206925,0,0,-1.6740889608845111,-9.0683399959526714e-10,6,6,-257.38958647228748,-1124.8194100458475,-269.32562716021522,-1123.5821013955376,0,5.3290705182007514e-15,0
1142.003359090666,-263.65646693466124,-1127.08379264103,0,0,-1.6740889612758076,-1.9313069148056831e-16,6,6,-257.68844659093941,-1127.7024469685202,-269.62448727838307,-1126.4651383135397,2.2737367544323206e-13,8.1823436914874037e-14,2.2737367544323206e-13
1144.9018447736371,-263.95532705315151,-1129.966829561361,0,0,-1.6740889612758048,2.0997105343535627e-15,6,6,-257.98730670942967,-1130.5854838888513,-269.92334739687334,-1129.3481752338707,2.2737367544323206e-13,1.7763568394002505e-15,2.2737367544323206e-13
1147.8003304566084,-264.25418717164177,-1132.8498664816923,0,0,-1.6740889612757954,4.3925517601872878e-15,6,6,-258.28616682791994,-1133.4685208091826,-270.22220751536361,-1132.231212154202,0,2.5091040356528538e-14,0
1150.6988161395798,-264.55304728948767,-1135.732903402087,0,0,-1.6740889602646105,6.6213677268117385e-10,6,6,-258.58502694514027,-1136.3515577235426,-270.52106763383506,-1135.1142490806315,0,3.2418512319054571e-14,0
1153.5973018225509,-264.85190740354585,-1138.6159403228748,0,0,-1.6740889596461821,-2.354116497680166e-10,6,6,-258.88388705881584,-1139.2345946406394,-270.81992774827586,-1137.9972860051103,0,2.4424906541753444e-15,0
1156.4957875055222,-265.15076751957105,-1141.4989772434569,0,0,-1.6740889616292851,-1.1329601312964912e-09,6,6,-259.18274717606789,-1142.1176315730568,-271.1187878630742,-1140.8803229138571,2.2737367544323206e-13,6.6613381477509392e-16,2.2737367544323206e-13
1159.3942731884933,-265.44962764506403,-1144.3820141630601,0,0,-1.67408896621392,-2.0305088971577412e-09,6,6,-259.48160730439719,-1145.0006685200212,-271.41764798573087,-1143.7633598060991,0,9.1038288019262836e-15,0
1162.2927588714645,-265.747967033397,-1147.2651050026493,0,0,-1.6737865289974354,3.0253503857340334e-05,6,6,-259.77975986157355,-1147.8819543798845,-271.71617420522045,-1146.6482556254141,2.2737367544323206e-13,2.964295475749168e-14,2.2737367544323206e-13
1165.1912445544358,-266.04605467940411,-1150.148221891094,0,0,-1.6739338708214997,-0.00013192178615621626,6,6,-260.0779384600765,-1150.7659506281614,-272.01417089873172,-1149.5304931540265,0,2.375877272697835e-14,0
1168.0897302374071,-266.34524472774257,-1153.0312245445352,0,0,-1.6745512777515095,-0.00029409903456666201,6,6,-260.37751103589085,-1153.6526379199449,-272.31297841959429,-1152.4098111691255,2.2737367544323206e-13,1.2656542480726785e-14,0
1170.9882159203783,-266.64503981653775,-1155.9141640100647,0,0,-1.6733098771894912,0.00076350022094137378,6,6,-260.67653930033379,-1156.5281685605958,-272.61354033274171,-1155.3001594595337,2.2737367544323206e-13,6.6613381477509392e-14,2.2737367544323206e-13
1173.8867016033496,-266.94054560220104,-1158.7975466398971,0,0,-1.6732633948440261,-0.00073141010937944153,6,6,-260.97201655207323,-1159.4112737598621,-272.90907465232885,-1158.1838195199321,2.2737367544323206e-13,1.2212453270876722e-15,2.2737367544323206e-13
1176.7851872863209,-267.24216360102292,-1161.6802940755222,0,0,-1.6775503774943901,-0.0022268541407461746,6,6,-261.27632042573822,-1162.319602458002,-273.20800677630763,-1161.0409856930423,2.2737367544323206e-13,1.3877787807814457e-14,2.3437142008433856e-13
1179.6836729692918,-267.56212698217911,-1164.561056997268,0,0,-1.6834845374673928,0.010148760358568466,6,6,-261.60018258389437,-1165.2357561833958,-273.52407138046385,-1163.8863578111402,0,2.375877272697835e-14,0
1182.5821586522632,-267.86120055077834,-1167.4440484287743,0,0,-1.6702014951279729,-0.00094957600045443504,6,6,-261.89082031083649,-1168.0394976629768,-273.83158079072018,-1166.8485991945718,0,2.5091040356528538e-14,0
1185.4806443352345,-268.16820524318098,-1170.3261845940881,0,0,-1.6889878772650899,-0.012044938857766882,6,6,-262.21006420876449,-1171.0336840032771,-274.12634627759746,-1169.6186851848991,0,2.2315482794965646e-14,0
1188.3791300182056,-268.57579091220174,-1173.1955467359051,0,0,-1.7403033474643967,-0.023407706593404028,6,6,-262.66178260893349,-1174.2077254695655,-274.48979921546999,-1172.1833680022446,0,3.4416913763379853e-14,0
1191.277615701177,-269.15071338992948,-1176.0361127348381,0,0,-1.7928158554147959,-0.013882991147232239,6,6,-263.29798495854254,-1177.3573129121144,-275.00344182131641,-1174.7149125575618,0,1.7097434579227411e-14,0
1194.1761013841483,-269.84776125572449,-1178.8493102351879,0,0,-1.8353267642076301,-0.015493666067194906,6,6,-264.05646899207903,-1180.4180466429507,-275.63905351936995,-1177.2805738274251,2.2737367544323206e-13,2.9976021664879227e-15,2.3437142008433856e-13
1197.0745870671194,-270.67057172877264,-1181.6282703133127,0,0,-1.882902695569844,-0.017384249681637928,6,6,-264.96043837843126,-1183.4706538568016,-276.38070507911402,-1179.7858867698237,2.2737367544323206e-13,8.5931262105987116e-14,2.3437142008433856e-13
1199.9730727500905,-271.63266104219684,-1184.3620538156645,0,0,-1.9370741973457448,-0.020427226262408487,6,6,-266.03065986055367,-1186.5109099674039,-277.23466222384002,-1182.213197663925,0,9.5479180117763462e-15,0
1202.8715584330619,-272.74531775611382,-1187.0380949375972,0,0,-1.9907906619714295,-0.016688124178774081,6,6,-267.26677025498196,-1189.4846266209895,-278.22386525724568,-1184.5915632542049,0,2.3536728122053319e-14,0
1205.7700441160332,-273.98630046694672,-1189.6572300073601,0,0,-2.0340959922490627,-0.013237692376243122,6,6,-268.61880401530965,-1192.3386441569578,-279.35379691858378,-1186.9758158577624,0,1.1435297153639112e-14,0
1208.6685297990043,-275.32702152259475,-1192.2268398300837,0,0,-2.0677472435299498,-0.010011432433970197,6,6,-270.0527797909196,-1195.0873247812513,-280.6012632542699,-1189.3663548789161,0,1.3322676295501878e-14,0
1211.5670154819757,-276.75621283493496,-1194.7482230344597,0,0,-2.1079949712858457,-0.014285972977885569,6,6,-271.60133928473095,-1197.8186104174142,-281.91108638513896,-1191.6778356515051,0,2.9198865547641617e-14,0
1214.465501164947,-278.28653796303018,-1197.2096034915953,0,0,-2.1444558550795971,-0.010896794849422782,6,6,-273.24701470263159,-1200.4658598248561,-283.32606122342878,-1193.9533471583345,0,1.0436096431476471e-14,0
1217.3639868479181,-279.89394265855321,-1199.6214419815728,0,0,-2.171285820139139,-0.0076328965682707587,6,6,-274.94358789468504,-1203.0117203937166,-284.84429742242139,-1196.2311635694291,0,3.9412917374193057e-14,5.6843418860808015e-14
1220.2624725308892,-281.55435743489613,-1201.9971579345702,0,0,-2.1889671212766517,-0.0056423368300035828,6,6,-276.66471787183764,-1205.4744305645738,-286.44399699795463,-1198.5198853045665,2.2737367544323206e-13,9.0816243414337805e-14,0
1223.1609582138606,-283.2576952519654,-1204.3422644478742,0,0,-2.210836394806607,-0.009458963862912461,6,6,-278.44526427912638,-1207.9256299234655,-288.07012622480443,-1200.7588989722829,0,6.3948846218409017e-14,5.6843418860808015e-14
1226.0594438968317,-285.02470248134574,-1206.6396844341673,0,0,-2.2439179497726709,-0.01339547773347431,6,6,-280.33342628582972,-1210.3802629532449,-289.71597867686177,-1202.8991059150896,2.2737367544323206e-13,2.2493118478905672e-13,2.2737367544323206e-13
1228.957929579803,-286.87958983036452,-1208.8666126018379,0,0,-2.2886744063740263,-0.017520625472399749,6,6,-282.3603706461314,-1212.8133401025477,-291.39880901459765,-1204.9198851011281,0,9.3702823278363212e-14,5.6843418860808015e-14
1231.8564152627744,-288.83281752772723,-1211.0078702213814,0,0,-2.3300926966504281,-0.013522505064333671,6,6,-284.48089406473491,-1215.13833777025,-293.18474099071955,-1206.8774026725127,0,7.5939254884360707e-14,2.3437142008433856e-13
1234.7549009457455,-290.86895600692429,-1213.0704597692672,0,0,-2.369459186788732,-0.013666761254878691,6,6,-286.6829642564054,-1217.3690029020725,-295.05494775744319,-1208.771916636462,0,3.4416913763379853e-14,5.6843418860808015e-14
1237.6533866287168,-292.98525086085817,-1215.0507113078145,0,0,-2.4094688092949559,-0.013966745002702128,6,6,-288.9745462757287,-1219.5132496808508,-296.99595544598765,-1210.5881729347782,0,6.9277916736609768e-14,0
1240.5518723116879,-295.18036047917644,-1216.9431917821416,0,0,-2.4514115414928237,-0.014809381798315733,6,6,-291.36029935658917,-1221.5699760887305,-299.00042160176372,-1212.3164074755528,0,4.6185277824406512e-14,5.6843418860808015e-14
1243.450357994659,-297.45317667076824,-1218.7416230097913,0,0,-2.4923166903373852,-0.013450722349992835,6,6,-293.82551755136484,-1223.5207536120463,-301.08083579017165,-1213.9624924075363,0,7.9936057773011271e-14,5.6843418860808015e-14
1246.3488436776304,-299.7944723047234,-1220.450009295163,0,0,-2.5295755646646962,-0.012289356012909305,6,6,-296.34735472559686,-1225.3609542547076,-303.24158988384994,-1215.5390643356184,0,2.631228568361621e-14,0
1249.2473293606017,-302.19521399906216,-1222.0738454784844,0,0,-2.563725919291723,-0.011302165816226489,6,6,-298.91778423455872,-1227.0996244368894,-305.4726437635656,-1217.0480665200794,0,9.3258734068513149e-15,5.6843418860808015e-14
1252.1458150435728,-304.65382790824629,-1223.6085496889768,0,0,-2.603091522692226,-0.0128247921444341,6,6,-301.57672897887403,-1228.7594197299366,-307.73092683761854,-1218.4576796480171,0,3.5749181392930041e-14,0
1255.0443007265442,-307.16783333226198,-1225.0508289885381,0,0,-2.6374597532430286,-0.010911917141361508,6,6,-304.26954296191639,-1230.3043909163316,-310.06612370260757,-1219.7972670607446,0,3.7969627442180354e-14,0
1257.9427864095155,-309.72626570060498,-1226.4128329395578,0,0,-2.6664624048367069,-0.0091175229773342824,6,6,-306.98154006520036,-1231.748231817463,-312.4709913360096,-1221.0774340616526,0,1.0880185641326534e-14,0
1260.8412720924864,-312.32082959041963,-1227.7047075889875,0,0,-2.6938116496968729,-0.010269612779700501,6,6,-309.72303133283708,-1233.1131680180654,-314.91862784800219,-1222.2962471599096,0,7.9269923958236177e-14,0
1263.7397577754577,-314.95183366834431,-1228.9206097554686,0,0,-2.7235596882882747,-0.010268331847417548,6,6,-312.51605214195774,-1234.4039452691604,-317.38761519473087,-1223.4372742417768,0,3.3639757646142243e-14,0
1266.6382434584291,-317.61787357336334,-1230.0576354498162,0,0,-2.7534024516571303,-0.010334970287690854,6,6,-315.34679020468678,-1235.6112091040068,-319.8889569420399,-1224.5040617956256,0,8.7152507433074788e-14,0
1269.5367291414002,-320.31678540867694,-1231.1142611724449,0,0,-2.7833677687483309,-0.0085599293392314233,6,6,-318.21311128170595,-1236.7333852294055,-322.42045953564792,-1225.4951371154843,0,7.9936057773011271e-14,0
1272.4352148243715,-323.04431054830962,-1232.0947282095183,0,0,-2.8103853031239074,-0.010097904677643203,6,6,-321.09320056868785,-1237.7686307331276,-324.9954205279314,-1226.420825685909,0,6.794564910705958e-14,0
1275.3337005073429,-325.79935286109247,-1232.9948737869668,0,0,-2.842009304186023,-0.011743596064746944,6,6,-324.02862002406698,-1238.7276309961881,-327.57008569811796,-1227.2621165777455,0,1.0769163338864018e-14,0
1278.232186190314,-328.58342014282414,-1233.8006356175038,0,0,-2.8785934138469291,-0.013524405729735832,6,6,-327.02355318381882,-1239.5943231367098,-330.14328710182946,-1228.0069480982977,0,1.0935696792557792e-13,0
1281.1306718732851,-331.39627726124394,-1234.4992223656609,0,0,-2.9168827787427203,-0.012527555408125836,6,6,-330.05933601850433,-1240.3483751345209,-332.73321850398355,-1228.6500695968009,0,2.7422508708241367e-14,0
1284.0291575562565,-334.23284840931217,-1235.0943688930304,0,0,-2.9524365493941946,-0.012026869351482557,6,6,-333.10466769787979,-1240.9873484689624,-335.36102912074455,-1229.2013893170983,0,3.5527136788005009e-14,0
1286.9276432392276,-337.08846449018318,-1235.5902058199713,0,0,-2.9867253024357554,-0.011653720173824661,6,6,-336.16297025411944,-1241.5183978225141,-338.01395872624693,-1229.6620138174285,0,7.8825834748386114e-15,0
1289.8261289221989,-339.95919084507301,-1235.9894373449363,0,0,-3.0190909729479114,-0.0089615490447047339,6,6,-339.22601772363259,-1241.9444736314754,-340.69236396651343,-1230.0344010583972,0,4.0190073491430667e-14,0
1292.7246146051702,-342.84061725689844,-1236.3024457767574,0,0,-3.0490055208905011,-0.011699336690247485,6,6,-342.2858878124008,-1242.2767470114966,-343.39534670139608,-1230.3281445420182,0,1.9761969838327786e-14,0
1295.6231002881414,-345.73094077496677,-1236.5174720957318,0,0,-3.087057565207834,-0.014587089155678282,6,6,-345.40389241204838,-1242.5085520791999,-346.05798913788516,-1230.5263921122637,0,1.1302070390684094e-13,0
1298.5215859711127,-348.62768588030025,-1236.6099970362443,0,0,-3.1337571098195585,-0.017670693919114334,6,6,-348.58067309874644,-1242.6098128499482,-348.67469866185405,-1230.6101812225404,0,2.8199664825478976e-14,0
1301.4200716540838,-351.52540633240727,-1236.5584082020389,0,0,3.0992762387040695,-0.016083486453372424,6,6,-351.77922905339159,-1242.5530369667174,-351.27158361142295,-1230.5637794373604,0,9.2259533346350509e-14,0
1304.3185573370549,-354.41763255637227,-1236.3715098744842,0,0,3.055909357429381,-0.013883063150552422,6,6,-354.93110350938753,-1242.3494984643369,-353.90416160335701,-1230.3935212846316,0,2.1760371282653068e-14,0
1307.2170430200263,-357.30004016298994,-1236.0682422617253,0,0,3.0185703939916482,-0.011916337591181077,6,6,-358.036313251519,-1242.0228960668687,-356.56376707446088,-1230.113588456582,0,3.0864200084579352e-14,0
1310.1155287029976,-360.17003570131016,-1235.6638964282822,0,0,2.9820420393662599,-0.01654312425775396,6,6,-361.12328296916769,-1241.5876891024329,-359.21678843345262,-1229.7401037541315,0,6.7279515292284486e-14,0
1313.0140143859687,-363.02071062277059,-1235.140784935862,0,0,2.9402022912318206,-0.012342605442658012,6,6,-364.2209013388283,-1241.019521385567,-361.82051990671289,-1229.262048486157,0,5.4845017416482733e-14,0
1315.9125000689401,-365.85093689220628,-1234.5159528736599,0,0,2.9103916792523847,-0.0082434495230002767,6,6,-367.22581713538966,-1240.3563042600838,-364.47605664902289,-1228.675601487236,0,1.0325074129013956e-13,0
1318.8109857519114,-368.66548143052449,-1233.8236164234595,0,0,2.8923466588470719,-0.0042135325728405518,6,6,-370.1455213741429,-1239.6382085643834,-367.18544148690609,-1228.0090242825356,2.2737367544323206e-13,3.5971225997855072e-14,0
1321.7094714348823,-371.46613411715111,-1233.0772508043494,0,0,2.8676644291473177,-0.0088355728951589798,6,6,-373.08922578147599,-1238.8535448973817,-369.84304245282624,-1227.3009567113172,0,2.886579864025407e-14,0
1324.6079571178536,-374.24714856743469,-1232.2606531052227,0,0,2.8454328512847331,-0.0065114459670425071,6,6,-375.99824470140624,-1237.9994388940102,-372.49605243346315,-1226.5218673164352,2.2737367544323206e-13,7.0388139761234925e-14,0
1327.506442800825,-377.0122785293691,-1231.391684735527,0,0,2.8298845860143054,-0.0042212139768909836,6,6,-378.85238757381427,-1237.1025514564853,-375.17216948492393,-1225.6808180145686,2.2737367544323206e-13,8.8373752760162461e-14,5.6843418860808015e-14
1330.4049284837961,-379.7661573421509,-1230.4876476696077,0,0,2.8180746249353623,-0.0052545288106730795,6,6,-381.67358160920946,-1236.1763850220821,-377.85873307509235,-1224.7989103171333,0,1.8984813721090177e-14,0
1333.3034141667674,-382.50710239853538,-1229.5451649402014,0,0,2.8026773051978267,-0.0053717819764541666,6,6,-384.50188841338792,-1235.2038599094456,-380.51231638368284,-1223.8864699709573,2.2737367544323206e-13,6.361577931102147e-14,5.6843418860808015e-14
1336.2018998497388,-385.23303728005203,-1228.5601143361353,0,0,2.7869232720389117,-0.0055007184941782417,6,6,-387.31671933814908,-1234.1866824802853,-383.14935522195498,-1222.9335461919852,2.2737367544323206e-13,8.659739592076221e-15,0
1339.1003855327099,-387.94291654682104,-1227.5317218123687,0,0,2.7707781848940369,-0.0056416758518418389,6,6,-390.11716452708748,-1233.1239168841009,-385.7686685665546,-1221.9395267406364,2.2737367544323206e-13,2.708944180085382e-14,0
1341.998871215681,-390.63963188139638,-1226.4692277225636,0,0,2.761281883487773,-0.0045758460290024746,6,6,-392.86688619759934,-1232.0405236410152,-388.41237756519342,-1220.897931804112,0,8.659739592076221e-15,0
1344.8973568986523,-393.32190503081318,-1225.3708690033943,0,0,2.7428647682145852,-0.0081389274247617317,6,6,-395.65138302503806,-1230.9002028036293,-390.99242703658831,-1219.8415352031593,0,3.4194869158454821e-14,5.6843418860808015e-14
1347.7958425816234,-395.97745363986672,-1224.2095341542979,0,0,2.7140485850188765,-0.011754633093223464,6,6,-398.46527677940219,-1229.6694550352624,-393.48963050033126,-1218.7496132733334,0,5.4289905904170155e-14,5.6843418860808015e-14
1350.6943282645948,-398.59237451874509,-1222.9595624979204,0,0,2.6773118186148355,-0.011844996052073824,6,6,-401.27905380072912,-1228.3244254445162,-395.90569523676106,-1217.5946995513245,0,3.0753177782116836e-14,5.6843418860808015e-14
1353.5928139475661,-401.1633390731331,-1221.6213769309256,0,0,2.6475775122616492,-0.008680708736992445,6,6,-404.00832773044442,-1226.9039936631682,-398.31835041582178,-1216.3387601986831,0,3.0198066269804258e-14,0
1356.4912996305372,-403.69985492992919,-1220.2188763151553,0,0,2.6269419364279796,-0.0055650447564414059,6,6,-406.65323997404482,-1225.4416645342194,-400.74646988581355,-1214.9960880960912,0,6.4059868520871532e-14,0
1359.3897853135086,-406.21344082917489,-1218.7756127110181,0,0,2.6152931820439274,-0.0024734345956962844,6,6,-409.22746309927544,-1223.963644106002,-403.19941855907433,-1213.5875813160342,2.2737367544323206e-13,4.3742787170231168e-14,0
1362.2882709964797,-408.70794515576233,-1217.2996452612751,0,0,2.5990008623566716,-0.0059274203301388963,6,6,-411.80608874085641,-1222.437884874814,-405.60980157066825,-1212.1614056477363,0,5.1514348342607263e-14,0
1365.1867566794508,-411.17671248698389,-1215.7810342965663,0,0,2.5809550874323173,-0.0065275574357425764,6,6,-414.3670701136362,-1220.8625319315222,-407.98635486033157,-1210.6995366616104,2.2737367544323206e-13,1.7885692926711272e-13,1.1368683772161603e-13
1368.0852423624222,-413.61629326432859,-1214.215981474626,0,0,2.5611417331785331,-0.007147401435872911,6,6,-416.90669961920793,-1219.2332741728617,-410.32588690944925,-1209.1986887763903,2.2737367544323206e-13,8.6375351315837179e-14,5.6843418860808015e-14
1370.9837280453935,-416.02373300370152,-1212.6019243812805,0,0,2.5413854329953516,-0.0065100095385078336,6,6,-419.41261393054691,-1217.5532359311289,-412.63485207685613,-1207.650612831432,0,4.7739590058881731e-14,5.6843418860808015e-14
1373.8822137283646,-418.39976355369595,-1210.9419736837751,0,0,2.5220341592421565,-0.0068467869988062466,6,6,-421.88381818557735,-1215.8267831296048,-414.91570892181454,-1206.0571642379455,0,8.482103908136196e-14,5.6843418860808015e-14
1376.7806994113359,-420.74237165624186,-1209.2351883055753,0,0,2.5016701208866206,-0.0072091121745871609,6,6,-424.32517147652396,-1214.0480404171394,-417.15957183595975,-1204.4223361940112,0,4.8627768478581856e-14,5.6843418860808015e-14
1379.6791850943073,-423.04877915513953,-1207.4798022861087,0,0,2.4800883398313798,-0.0079908905155079424,6,6,-426.73460647901237,-1212.2142163933233,-419.36295183126668,-1202.745388178894,0,8.3710816056736803e-14,5.6843418860808015e-14
1382.5776707772782,-425.31579794677521,-1205.6738377355173,0,0,2.458139101769012,-0.0071591879927535469,6,6,-429.10464588607027,-1210.3262168358165,-421.52695000748014,-1201.0214586352181,0,3.6970426720017713e-14,5.6843418860808015e-14
1385.4761564602495,-427.54485311954636,-1203.8212006301283,0,0,2.4385604470555182,-0.006354637559431108,6,6,-431.4240564091844,-1208.3985122688155,-423.66564982990832,-1199.2438889914411,2.2737367544323206e-13,1.0369483049998962e-13,1.1368683772161603e-13
1388.3746421432209,-429.73940573305129,-1201.9278044600449,0,0,2.4212788628638942,-0.0055734212050484282,6,6,-433.69712902807163,-1206.4373971600626,-425.78168243803094,-1197.4182117600271,0,5.0182080713057076e-14,0
1391.273127826192,-431.90100697097023,-1199.9968839435726,0,0,2.4029297655328956,-0.0065725147945583642,6,6,-435.94080633511408,-1204.4331009240034,-427.86120760682638,-1195.5606669631418,0,7.4718009557273035e-14,5.6843418860808015e-14
1394.1716135091633,-434.02604700836179,-1198.0257934433159,0,0,2.3849470797832208,-0.0058377469062755273,6,6,-438.14496399740915,-1202.3886506306803,-429.90713001931442,-1193.6629362559515,0,9.9698027611339057e-14,5.6843418860808015e-14
1397.0700991921346,-436.11743314634703,-1196.0190181419953,0,0,2.3690776686806774,-0.0051141642405789917,6,6,-440.30506456422131,-1200.3159639303469,-431.92980172847274,-1191.7220723536436,2.2737367544323206e-13,3.7969627442180354e-14,5.6843418860808015e-14
1399.968584875106,-438.17884784341976,-1193.9814569643711,0,0,2.3552798916292206,-0.004573404790219217,6,6,-442.42536706861011,-1198.2202155644909,-433.93232861822941,-1189.7426983642513,0,5.3956838996782608e-14,5.6843418860808015e-14
1402.8670705580769,-440.21202781303896,-1191.9157241119594,0,0,2.3408250142991966,-0.005403044329693284,6,6,-444.51937200663627,-1196.0926591123973,-435.90468361944164,-1187.7387891115216,2.2737367544323206e-13,6.6502359175046877e-14,5.6843418860808015e-14
1405.7655562410482,-442.21259431481059,-1189.8184035414956,0,0,2.3239425308496684,-0.006249269063749026,6,6,-446.58983837342947,-1193.9220280919737,-437.8353502561917,-1185.7147789910175,0,2.4424906541753444e-15,0
1408.6640419240196,-444.17482709814027,-1187.6851901257837,0,0,2.3045782832580719,-0.0071160335909050089,6,6,-448.63070914164041,-1191.7032885833148,-439.71894505464013,-1183.6670916682526,0,7.2830630415410269e-14,5.6843418860808015e-14
1411.5625276069907,-446.09497152607565,-1185.5140101160346,0,0,2.2857457942761092,-0.0062937424854532841,6,6,-450.62572974755699,-1189.4474856706147,-441.56421330459432,-1181.5805345614544,0,4.0412118096355698e-14,5.6843418860808015e-14
1414.461013289962,-447.9749756094252,-1183.3079804044037,0,0,2.2673460186518013,-0.0064056335778531559,6,6,-452.57733788841023,-1187.1574299043939,-443.37261333044017,-1179.4585309044135,2.2737367544323206e-13,8.3044682241961709e-14,5.6843418860808015e-14
1417.3594989729334,-449.81368781269293,-1181.0674200332155,0,0,2.2485934936470846,-0.006537222374220629,6,6,-454.48742355572642,-1184.8298918542782,-445.13995206965944,-1177.3049482121528,0,3.0198066269804258e-14,5.6843418860808015e-14
1420.2579846559042,-451.6090958439359,-1178.7920207317786,0,0,2.2280466085683637,-0.0079710261425221095,6,6,-456.35914669240555,-1182.4576744165875,-446.85904499546626,-1175.1263670469698,0,4.2188474935755949e-15,0
1423.1564703388756,-453.35522054275225,-1176.4785877644229,0,0,2.2074992839894838,-0.0062091119618269148,6,6,-458.17958278475339,-1180.0458737016522,-448.53085830075111,-1172.9113018271935,0,1.021405182655144e-14,0
1426.0549560218469,-455.05943505979326,-1174.1340825602419,0,0,2.1920394450349088,-0.0044605216708284616,6,6,-459.93836825528422,-1177.6263613111346,-450.1805018643023,-1170.6418038093493,0,5.7509552675583109e-14,0
1428.953441704818,-456.7331999552232,-1171.7677236649583,0,0,2.1816323557044561,-0.0027214929274759934,6,6,-461.64821274141798,-1175.2090387205064,-451.81818716902842,-1168.3264086094102,0,3.3306690738754696e-15,0
1431.8519273877894,-458.38027854282848,-1169.3827270476897,0,0,2.1681036199948234,-0.0046909188068236388,6,6,-463.34139676833138,-1172.7572353011369,-453.41916031732558,-1166.0082187942426,0,2.3536728122053319e-14,0
1434.7504130707607,-459.99498347137643,-1166.9756877744214,0,0,2.1556092596709413,-0.0039316784289557972,6,6,-464.99787568927184,-1170.2879482497044,-454.99209125348102,-1163.6634272991384,0,1.1768364061026659e-14,0
1437.6488987537318,-461.58215301907865,-1164.5503964995344,0,0,2.1453051928793982,-0.00317924016493602,6,6,-466.61890880052789,-1167.8109319153882,-456.5453972376294,-1161.2898610836805,0,6.3504757008558954e-14,5.6843418860808015e-14
1440.5473844367029,-463.14752871158117,-1162.1109738944594,0,0,2.1382098328694195,-0.0021099882536177519,6,6,-468.20729218649456,-1165.3356899405528,-458.08776523666779,-1158.8862578483661,0,5.8397731095283234e-14,0
1443.4458701196743,-464.695475369571,-1159.6604589909164,0,0,2.1291968726142376,-0.0041100346553899474,6,6,-469.78409717890872,-1162.8394412308057,-459.60685356023328,-1156.481476751027,2.2737367544323206e-13,6.9944050551384862e-14,5.6843418860808015e-14
1446.3443558026454,-466.21410506275112,-1157.1916882247792,0,0,2.1143738496551228,-0.0061204504490730369,6,6,-471.34928824233913,-1160.2948952291663,-461.0789218831631,-1154.0884812203922,2.2737367544323206e-13,2.375877272697835e-14,0
1449.2428414856167,-467.68867986749262,-1154.6963828632699,0,0,2.0937019323000428,-0.0081459191791017471,6,6,-472.88691055197614,-1157.6927803253723,-462.4904491830091,-1151.6999854011676,0,4.3520742565306136e-14,0
1452.1413271685881,-469.11205304514533,-1152.1715088881776,0,0,2.0750528382248712,-0.0060370004663446043,6,6,-474.36525667199123,-1155.0704486348598,-463.85884941829943,-1149.2725691414955,0,1.2101430968414206e-14,0
1455.0398128515592,-470.49101774640303,-1149.6221003119067,0,0,2.0585111994554643,-0.0053785716193549401,6,6,-475.7914537108407,-1152.4337508212866,-465.19058178196536,-1146.8104498025268,0,5.4511950509095186e-14,0
1457.9382985345305,-471.8300695731275,-1147.0514954378295,0,0,2.0438645963276101,-0.0047292382406010965,6,6,-477.17111667183883,-1149.7852137644586,-466.48902247441617,-1144.3177771112005,0,1.3655743202889425e-14,0
1460.8367842175016,-473.1335192137455,-1144.4626508379422,0,0,2.0305710330695899,-0.0047563518119462748,6,6,-478.51043417478724,-1147.1251281621135,-467.75660425270377,-1141.8001735137709,2.2737367544323206e-13,9.7699626167013776e-15,0
1463.7352699004728,-474.40099025370483,-1141.8560082230447,0,0,2.0158918719431016,-0.0053746305360357106,6,6,-479.81640745239071,-1144.4392729334793,-468.98557305501896,-1139.2727435126101,0,2.6867397195928788e-14,0
1466.6337555834441,-475.62769026182968,-1139.2299396593778,0,0,1.9994008180791463,-0.0060069983499325399,6,6,-481.08496992929446,-1141.7235512231694,-470.17041059436491,-1136.7363280955863,2.2737367544323206e-13,3.1308289294429414e-14,0
1469.5322412664154,-476.80844816444778,-1136.5829049412057,0,0,1.9807858932535134,-0.0081035444914769276,6,6,-482.31119805448941,-1138.9745034960738,-471.30569827440615,-1134.1913063863376,0,6.6613381477509392e-15,0
1472.4307269493866,-477.93511311663963,-1133.9124086606666,0,0,1.9602690535666878,-0.0060555623669117913,6,6,-483.48576948334414,-1136.1906127557299,-472.38445674993511,-1131.6342045656033,0,3.4416913763379853e-15,0
1475.3292126323579,-479.01473468465531,-1131.2225225946204,0,0,1.9456685202321466,-0.0040211659306591254,6,6,-484.59806124272808,-1133.4194442013054,-473.43140812658254,-1129.0256009879354,0,3.4194869158454821e-14,0
1478.2276983153292,-480.06293214143921,-1128.5202184196394,0,0,1.9369495845122888,-0.0019957457444062686,6,6,-485.66520105464048,-1130.6683764734562,-474.46066322823793,-1126.3720603658226,0,3.0642155479654321e-14,0
1481.1261839983001,-481.09170976615331,-1125.8104600548018,0,0,1.9291460498039672,-0.0034410874970097205,6,6,-486.71057116050548,-1127.9148356465294,-475.47284837180115,-1123.7060844630741,0,9.7699626167013776e-15,0
1484.0246696812715,-482.09449967110015,-1123.0909824701007,0,0,1.9189065349257417,-0.0036248082682254507,6,6,-487.73461391442123,-1125.1377143338989,-476.45438542777907,-1121.0442506063025,0,2.3314683517128287e-14,0
1486.9231553642428,-483.06866031235347,-1120.3611200115236,0,0,1.9081303350319789,-0.0038114308133629219,6,6,-488.73050264033998,-1122.3469552144095,-477.40681798436697,-1118.3752848086376,0,3.3417713041217212e-14,0
1489.8216410472139,-484.01267387823248,-1117.620687558813,0,0,1.8971283732819781,-0.0033422838423060831,6,6,-489.69602118821177,-1119.5441124609474,-478.32932656825318,-1115.6972626566785,0,5.2180482157382357e-15,0
1492.7201267301853,-484.92797971249769,-1114.8705311298072,0,0,1.8868398013970231,-0.0037576332805842323,6,6,-490.63081516682678,-1116.7353817353107,-479.2251442581686,-1113.0056805243037,0,2.3314683517128287e-14,5.6843418860808015e-14
1495.6186124131566,-485.81327487858039,-1112.1105711202781,0,0,1.875341392321519,-0.0041772059940275883,6,6,-491.53717568402374,-1113.9097263580063,-480.08937407313704,-1110.3114158825499,2.2737367544323206e-13,3.1752378504279477e-14,5.6843418860808015e-14
1498.5170980961277,-486.66508529157176,-1109.3400973300852,0,0,1.8626200225122129,-0.0046015668803855107,6,6,-492.41141004632294,-1111.0662930932981,-480.91876053682057,-1107.6139015668723,0,1.6875389974302379e-14,0
1501.4155837790988,-487.47631102772903,-1106.5574879805811,0,0,1.8458213863856416,-0.0053403436956253516,6,6,-493.25082138255465,-1108.1869143096956,-481.7018006729034,-1104.9280616514666,0,1.7763568394002505e-15,5.6843418860808015e-14
1504.3140694620702,-488.2452703412539,-1103.7628819678966,0,0,1.8340253285662376,-0.0028001412113173828,6,6,-494.03859930934033,-1105.3240800551139,-482.45194137316747,-1102.2016838806794,0,6.2172489379008766e-15,0
1507.2125551450413,-488.99152337518166,-1100.9621121943096,0,0,1.8295842676565803,-0.00026464487314534869,6,6,-494.79172856539083,-1102.4975664435372,-483.19131818497249,-1099.4266579450821,0,4.6629367034256575e-15,0
1510.1110408280126,-489.73602390186414,-1098.1608754399426,0,0,1.8333233055715392,0.0024489801752768585,6,6,-495.53044743923573,-1099.7180060926351,-483.94160036449256,-1096.6037447872502,0,6.106226635438361e-15,0
1513.009526510984,-490.49241865523959,-1095.3628253945722,0,0,1.8342505020032092,-0.0018079526149679195,6,6,-496.2853959361201,-1096.9253279459949,-484.69944137435908,-1093.8003228431494,0,5.6621374255882984e-15,0
1515.9080121939551,-491.23413205967847,-1092.5608640098956,0,0,1.8228366696217244,-0.0060706432088498841,6,6,-497.04456575794251,-1094.0571461484235,-485.42369836141444,-1091.0645818713676,2.2737367544323206e-13,4.6185277824406512e-14,0
1518.8064978769264,-491.92640435214531,-1089.7463338121606,0,0,1.7990401355284444,-0.010351534677355782,6,6,-497.77079594479136,-1091.1039371827399,-486.08201275949926,-1088.3887304415814,0,8.2156503822261584e-15,0
1521.7049835598975,-492.54481639304777,-1086.9146608253918,0,0,1.7743949443707816,-0.0070181338229449953,6,6,-498.42088818399219,-1088.1278303550403,-486.66874460210335,-1085.7014912957434,0,2.1649348980190553e-14,0
1524.6034692428686,-493.10525899508178,-1084.0709091346118,0,0,1.757523366086726,-0.0046256685825551468,6,6,-499.00096160715907,-1085.1847721019219,-487.2095563830045,-1082.9570461673018,0,3.8413716652030416e-14,0
1527.50195492584,-493.62752132656141,-1081.2198757293381,0,0,1.7475694871888146,-0.0022438114727925053,6,6,-499.53401894281149,-1082.274999375757,-487.72102371031133,-1080.1647520829192,0,6.6613381477509392e-15,0
1530.4004406088113,-494.12908838422788,-1078.365122107278,0,0,1.7403279239033962,-0.00408594361169468,6,6,-500.04307180996119,-1079.377446185897,-488.21510495849458,-1077.352798028659,0,3.5971225997855072e-14,0
1533.2989262917824,-494.6022727583827,-1075.505535520155,0,0,1.7296154309270384,-0.0033063551947476559,6,6,-500.52676115753587,-1076.454449219234,-488.67778435922952,-1074.5566218210761,0,3.0087043967341742e-14,0
1536.1974119747538,-495.04802999506865,-1072.6415401147831,0,0,1.7211582919889514,-0.0025296231568097223,6,6,-500.98033152563346,-1073.5403162551308,-489.11572846450383,-1071.7427639744353,0,2.9309887850104133e-14,0
1539.0958976577251,-495.47277561859511,-1069.7743492674986,0,0,1.7149493793471144,-0.0017548358744049256,6,6,-501.41054318933215,-1070.6362751784118,-489.53500804785807,-1068.9124233565854,0,1.1213252548714081e-14,0
1541.994383340696,-495.87847292071626,-1066.9044038839256,0,0,1.7073565353219489,-0.0026214633658377907,6,6,-501.8226137384442,-1067.7212208395654,-489.93433210298832,-1066.0875869282859,0,9.4368957093138306e-15,0
1544.8928690236673,-496.2623802555571,-1064.0314617397378,0,0,1.6999998600362929,-0.0024550004036190372,6,6,-502.21236922647319,-1064.8045278727284,-490.31239128464102,-1063.2583956067472,0,4.4408920985006262e-16,0
1547.7913547066387,-496.62583394381386,-1061.1558596086081,0,0,1.6931236207512455,-0.0022899313121371736,6,6,-502.58099799543442,-1061.8879942398653,-490.6706698921933,-1060.423724977351,0,7.2164496600635175e-15,0
1550.6898403896098,-496.96971624543426,-1058.2778517861375,0,0,1.6860351735009114,-0.0025985417694181713,6,6,-502.929920340097,-1058.9677555112798,-491.00951215077151,-1057.5879480609951,0,2.5757174171303632e-14,0
1553.5883260725811,-497.29257111748086,-1055.3974093265608,0,0,1.6789423907629519,-0.0022956506086655526,6,6,-503.25751858729279,-1056.0450216198228,-491.32762364766893,-1054.7497970332988,0,2.042810365310288e-14,0
1556.4868117555525,-497.59625264440359,-1052.5148809671546,0,0,1.6727269637309448,-0.0019931591643220442,6,6,-503.56511005809074,-1053.1254062942887,-491.62739523071644,-1051.9043556400204,4.5474735088646412e-13,4.8849813083506888e-14,2.2737367544323206e-13
1559.3852974385236,-497.883280072785,-1049.6306454657629,0,0,1.6675081990316249,0.00018450720662315382,6,6,-503.85524237779606,-1050.210012557965,-491.91131776777394,-1049.0512783735608,2.2737367544323206e-13,7.4384942649885488e-15,2.2737367544323206e-13
1562.2837831214947,-498.16117822124636,-1046.7455132596924,0,0,1.6651791505149609,-0.0017912227439698264,6,6,-504.13447370175533,-1047.3109698031433,-492.18788274073739,-1046.1800567162416,0,2.8532731732866523e-14,0
1565.182268804466,-498.42409201282373,-1043.8589842327169,0,0,1.6571233289449565,-0.0037681038768606094,6,6,-504.40174883985947,-1044.3763031461474,-492.446435185788,-1043.3416653192864,0,6.4392935428259079e-15,0
1568.0807544874372,-498.65545944348332,-1040.9697706907102,0,0,1.6433300855841528,-0.0057504536388224481,6,6,-504.63968292369231,-1041.4045917331118,-492.67123596327434,-1040.5349496483086,0,2.886579864025407e-15,0
1570.9792401704085,-498.83821753829028,-1038.0771000668619,0,0,1.6240841210355168,-0.0061011844345403047,6,6,-504.82970078687083,-1038.3966755383526,-492.84673428970973,-1037.7575245953713,0,7.1054273576010019e-15,0
1573.8777258533798,-498.97132400652299,-1035.1816935348356,0,0,1.6108799591081149,-0.0030108456524054034,6,6,-504.96650455911947,-1035.4221309316135,-492.97614345392651,-1034.9412561380577,2.2737367544323206e-13,1.3655743202889425e-14,0
1576.7762115363512,-499.07915467113264,-1032.2852166662606,0,0,1.6066251899405153,7.4553090969964976e-05,6,6,-505.07530396078829,-1032.5001438543084,-493.08300538147699,-1032.0702894782128,4.5474735088646412e-13,4.2299497238218464e-14,2.2737367544323206e-13
1579.6746972193223,-499.18759160408973,-1029.388762862071,0,0,1.6111522510871432,0.0023327972498174837,6,6,-505.1827064652623,-1029.6308326894925,-493.19247674291717,-1029.1466930346494,0,2.886579864025407e-14,0
1582.5731829022934,-499.31008771186544,-1026.4928676336897,0,0,1.6135282358583336,-0.0006928679633716457,6,6,-505.30461049724175,-1026.7491810660422,-493.31556492648912,-1026.2365542013372,0,5.440092820663267e-15,0
1585.4716685852648,-499.42676703400645,-1023.5967364650024,0,0,1.6071348736786537,-0.0037193191621032067,6,6,-505.42280599994183,-1023.8147197647857,-493.43072806807106,-1023.3787531652192,2.2737367544323206e-13,1.2323475573339238e-14,0
1588.3701542682359,-499.51221462549438,-1020.6995385279539,0,0,1.5919629013194343,-0.0067500190878434013,6,6,-505.51087060404365,-1020.8265284921828,-493.51355864694511,-1020.572548563725,0,5.3290705182007514e-15,0
1591.2686399512072,-499.5412777917208,-1017.8012617561521,0,0,1.5699473924780298,-0.0063011580499602255,6,6,-505.54127562965249,-1017.7961681508627,-493.54127995378911,-1017.8063553614415,2.2737367544323206e-13,1.5765166949677223e-14,0
1594.1671256341785,-499.51841503056283,-1014.9028839078363,0,0,1.5579609852140626,-0.0019713611495244341,6,6,-505.51792079936763,-1014.825873972905,-493.51890926175804,-1014.9798938427676,0,1.0880185641326534e-14,0
1597.0656113171497,-499.47898653715282,-1012.0046667435743,0,0,1.5585131568956863,0.0023523977530559266,6,6,-505.47853391405539,-1011.9309695774037,-493.47943916025025,-1012.0783639097448,0,1.9984014443252818e-14,0
1599.964097000121,-499.45793851855484,-1009.1062715546293,0,0,1.5673010080007714,-0.00024172728840639971,6,6,-505.45790186683172,-1009.0852996845678,-493.45797517027796,-1009.1272434246908,0,2.2093438190040615e-14,0
1602.8625826830921,-499.44825951672789,-1006.2078021312589,0,0,1.568119281506988,0.0008063621358774596,6,6,-505.44823801702631,-1006.1917398787166,-493.44828101642946,-1006.2238643838011,2.2737367544323206e-13,1.7985612998927536e-14,0
1605.7610683660632,-499.44535506174503,-1003.3093197165564,0,0,1.5719756508100942,0.0018546307144694167,6,6,-505.44535088933014,-1003.3163956590074,-493.44535923415992,-1003.3022437741054,0,5.440092820663267e-15,0
1608.6595540490346,-499.45803177167647,-1000.4108675164078,0,0,1.578870611485141,0.0029029638380443069,6,6,-505.45783619051929,-1000.4593126981555,-493.45822735283366,-1000.3624223346602,0,2.375877272697835e-14,0
1611.5580397320059,-499.4951418681888,-997.5126303209662,0,0,1.5880471497650936,0.0025543381388709457,6,6,-505.49424911764919,-997.61613012517591,-493.4960346187284,-997.40913051675648,0,2.9976021664879227e-15,0
1614.456525414977,-499.55351716982318,-994.61473556164003,0,0,1.5930168886835754,0.00087502342135971183,6,6,-505.55203597065832,-994.74804796176568,-493.55499836898804,-994.48142316151439,0,2.8199664825478976e-14,0
1617.3550110979484,-499.6192425445592,-991.71699520809773,0,0,1.5931202223930196,-0.00080371696343972069,6,6,-505.61774753770391,-991.85092745670931,-493.62073755141449,-991.58306295948614,0,1.3322676295501878e-15,0
1620.2534967809197,-499.67917872061793,-988.81913059651015,0,0,1.5904621700677097,7.1409194490830778e-09,6,6,-505.67801852183555,-988.9371180506198,-493.6803389194003,-988.7011431424005,0,1.8540724511240114e-14,0
1623.1519824638906,-499.73617622950906,-985.92120538381653,0,0,1.5904621781525781,-1.5622351125752154e-09,6,6,-505.73501602977279,-986.03919288642601,-493.73733642924532,-985.80321788120705,0,2.3092638912203256e-14,0
1626.0504681468619,-499.793173725278,-983.02328017086461,0,0,1.5904621610114775,-1.0265389681985e-08,6,6,-505.79201352756417,-983.14126757064741,-493.79433392299183,-982.9052927710818,2.2737367544323206e-13,1.4876988529977098e-14,0
1628.9489538298333,-499.85017113482184,-980.12535495621694,0,0,1.5904621186444079,-1.896854430232689e-08,6,6,-505.84901094210676,-980.24334210184645,-493.85133132753691,-980.00736781058743,0,8.8817841970012523e-15,0
1631.8474395128044,-499.90716837740888,-977.22742973828485,0,0,1.5904620548441573,-1.4693389477530135e-08,6,6,-505.90600819222141,-977.34541650118695,-493.90832856259635,-977.10944297538276,0,1.5543122344752192e-15,0
1634.7459251957757,-499.96416549724262,-974.32950451793886,0,0,1.5904620374815504,2.7129217932299559e-09,6,6,-505.96300531410367,-974.44749117668539,-493.96532568038157,-974.21151785919233,0,2.3980817331903381e-14,0
1637.6444108787471,-500.02116263986369,-971.4315792980417,0,0,1.5904620705708872,2.0119233037065468e-08,6,6,-506.02000245282068,-971.5495661552859,-494.0223228269067,-971.31359244079749,0,2.5868196473766147e-14,0
1640.5428965617182,-500.07815994072149,-968.53365408125592,0,0,1.5904621345570527,1.6255625108948233e-08,6,6,-506.07699974612893,-968.65164132234281,-494.07932013531405,-968.41566684016902,0,6.6613381477509392e-16,0
1643.4413822446893,-500.13515738498523,-965.63572886729105,0,0,1.5904621690607648,7.5524704896547365e-09,6,6,-506.13399718632166,-965.75371631536029,-494.1363175836488,-965.51774141922181,0,1.9761969838327786e-14,0
1646.3398679276606,-500.19215489268674,-962.73780365457378,0,0,1.590462178338508,-1.1506840921672881e-09,6,6,-506.19099469292854,-962.85579115829864,-494.19331509244495,-962.61981615084892,0,5.1070259132757201e-15,0
1649.2383536106317,-500.24915239072294,-959.83987844166597,0,0,1.5904621623902822,-9.8538386796999918e-09,6,6,-506.24799219284643,-959.95786584971995,-494.25031258859946,-959.721891033612,0,1.5210055437364645e-14,0
1652.1368392936031,-500.30614988713205,-956.94195322872588,0,0,1.590462178207164,1.4535110353377093e-09,6,6,-506.30498968738931,-957.05994073166289,-494.30731008687479,-956.82396572578887,2.2737367544323206e-13,2.708944180085382e-14,0
1655.0353249765744,-500.36314739572475,-954.04402801602623,0,0,1.590462169807159,-7.2496444964712041e-09,6,6,-506.36198719697313,-954.16201546857292,-494.36430759447637,-953.92604056347955,0,2.5313084961453569e-14,0
1657.9338106595455,-500.42014484342326,-951.1461028021298,0,0,1.5904621361811824,-1.5952800064248465e-08,6,6,-506.41898464863908,-951.26409005295966,-494.42130503820744,-951.02811555129995,2.2737367544323206e-13,5.8841820305133297e-15,0
1660.8322963425169,-500.47714215071176,-948.24817758546965,0,0,1.5904620726305398,-2.0724885407493325e-08,6,6,-506.47598196342574,-948.36616445506934,-494.47830233799777,-948.13019071586996,2.2737367544323206e-13,2.6645352591003757e-15,0
1663.730782025488,-500.53413929675793,-945.35025236563979,0,0,1.5904620377857281,-3.3185740898617743e-09,6,6,-506.53297911358311,-945.46823902621111,-494.53529947993275,-945.23226570506847,0,1.1102230246251565e-14,0
1666.6292677084591,-500.59113641492951,-942.45232714526117,0,0,1.5904620533928608,1.4087737260704116e-08,6,6,-506.58997622991325,-942.57031389945712,-494.59229659994577,-942.33434039106521,0,1.5543122344752192e-15,0
1669.5277533914305,-500.64813365110683,-939.55440192720334,0,0,1.5904621167160879,1.9271376535226641e-08,6,6,-506.64697345861924,-939.67238906126522,-494.64929384359442,-939.43641479314147,0,5.1070259132757201e-15,0
1672.4262390744018,-500.70513105633432,-936.65647671247041,0,0,1.5904621599609094,1.0568219855623389e-08,6,6,-506.70397085874441,-936.77446410595098,-494.70629125392423,-936.53848931898983,0,1.7319479184152442e-14,0
1675.3247247573729,-500.76212855033071,-933.75855149948381,0,0,1.5904621779797559,1.8650632284562956e-09,6,6,-506.7609683506148,-933.87653900105659,-494.76328875004663,-933.64056399791104,0,1.1213252548714081e-14,0
1678.2232104403442,-500.8191260599927,-930.86062628680509,0,0,1.5904621707726276,-6.8380933894569542e-09,6,6,-506.81796586112716,-930.97861374514343,-494.82028625885823,-930.74263882846674,0,2.7311486405778851e-14,0
1681.1216961233156,-500.87612353235517,-927.9627010733866,0,0,1.5904621618895429,3.6387047387300466e-16,6,6,-506.87496333453771,-928.08068847843674,-494.87728373017262,-927.84471366833645,0,2.8199664825478976e-14,0
1684.0201818062865,-500.93312099974008,-925.06477585986875,0,0,1.5904621618895425,-6.0610326022895113e-16,6,6,-506.93196080192263,-925.18276326491889,-494.93428119755754,-924.9467884548186,0,2.8199664825478976e-14,0
1686.9186674892578,-500.99011846712511,-922.1668506463501,0,0,1.5904621618895394,-1.5760769943311102e-15,6,6,-506.98895826930766,-922.28483805140024,-494.99127866494257,-922.04886324129996,0,2.8199664825478976e-14,0
1689.8171531722292,-501.04723240054602,-919.26892774033502,0,0,1.5908790938649333,0.00070007239095444898,6,6,-507.04602248861215,-919.38941624318647,-495.04844231247989,-919.14843923748356,0,1.6653345369377348e-14,0
1692.7156388552003,-501.10735983308768,-916.37106590243729,0,0,1.5918539824920368,-2.7374262398880892e-05,6,6,-507.106029607653,-916.49740249933905,-495.10869005852237,-916.24472930553554,2.2737367544323206e-13,2.2204460492503131e-14,0
1695.6141245381716,-501.16725733344998,-913.4731993426384,0,0,1.590720401328461,-0.00075482560729739682,6,6,-507.16606646660745,-913.59273588076189,-495.16844820029252,-913.3536628045149,0,0,0
1698.5126102211429,-501.22081449813078,-910.57520978505181,0,0,1.5874781777753726,-0.0014823774494679496,6,6,-507.21997966503471,-910.67529624870451,-495.22164933122684,-910.47512332139911,0,1.9428902930940239e-14,0
1701.4110959041141,-501.26396330711839,-907.67704645017102,0,0,1.5842645971767899,-0.00089235473551187107,6,6,-507.26341913242305,-907.75785362941701,-495.26450748181372,-907.59623927092503,0,6.2172489379008766e-15,0
1704.3095815870852,-501.2994422194534,-904.77877860490412,0,0,1.5818754507812494,-0.00075619081606421881,6,6,-507.29907398225515,-904.84525198890151,-495.29981045665164,-904.71230522090673,0,1.6209256159527285e-14,0
1707.2080672700565,-501.32856861202953,-901.88043974964251,0,0,1.5798809885710285,-0.00062001852940781767,6,6,-507.3283210204936,-901.93494697053541,-495.32881620356545,-901.8259325287496,0,2.8199664825478976e-14,0
1710.1065529530276,-501.3522070408012,-898.98205099208303,0,0,1.5776343919933391,-0.0011883262654603464,6,6,-507.35206676394085,-899.02307906353246,-495.35234731766155,-898.9410229206336,0,1.3322676295501878e-14,0
1713.005038635999,-501.36786336852424,-896.08360840740193,0,0,1.5750471061233249,-0.00059695473992960025,6,6,-507.36780916123115,-896.10911300656471,-495.36791757581733,-896.05810380823914,0,6.6613381477509392e-15,0
1715.9035243189703,-501.37850455452582,-893.18514235524174,0,0,1.5741737942950844,-5.6509597330006108e-06,6,6,-507.37847033269821,-893.2054071217151,-495.37853877635342,-893.16487758876838,0,1.7430501486614958e-14,0
1718.8020100019414,-501.38909826527714,-890.28667612256538,0,0,1.5750143467969893,0.00058565194188443196,6,6,-507.38904489027806,-890.31198416753227,-495.38915164027622,-890.26136807759849,0,1.8207657603852567e-14,0
1721.7004956849128,-501.40210119605371,-887.3882196125378,0,0,1.5753062626266507,-6.9376593485547706e-11,6,6,-507.40204017759351,-887.41527913579853,-495.40216221451391,-887.36116008927706,0,1.7985612998927536e-14,0
1724.5989813678839,-501.41517313599877,-884.48976340641673,0,0,1.5753062625393528,9.1396365953118542e-12,6,6,-507.41511211754096,-884.51682292915359,-495.41523415445658,-884.46270388367986,0,2.2204460492503131e-14,0
1727.497467050855,-501.42824507602057,-881.59130720029952,0,0,1.575306262679633,8.7655871288043494e-11,6,6,-507.42818405755895,-881.61836672387813,-495.4283060944822,-881.56424767672092,0,2.708944180085382e-14,0
1730.3959527338263,-501.44131701673973,-878.69285099418471,0,0,1.5753062629699854,7.4874292116843868e-11,6,6,-507.44125599827026,-878.71991051950533,-495.4413780352092,-878.66579146886409,0,2.5202062658991053e-14,0
1733.2944384167977,-501.45438895812094,-875.79439478807092,0,0,1.5753062631301136,3.5616666596583373e-11,6,6,-507.4543279396471,-875.82145431435231,-495.45444997659479,-875.76733526178953,0,1.4654943925052066e-14,0
1736.1929240997688,-501.46746089980138,-872.89593858196815,0,0,1.5753062631764541,-3.6409679097566563e-12,6,6,-507.46739988132629,-872.92299810852762,-495.46752191827647,-872.86887905540868,0,3.5527136788005009e-15,0
1739.0914097827401,-501.48053284145118,-869.997482375863,0,0,1.5753062631090069,-4.289860149740059e-11,6,6,-507.4804718229779,-870.02454190201775,-495.48059385992445,-869.97042284970826,2.2737367544323206e-13,2.3314683517128287e-14,0
1741.9898954657115,-501.50078998783795,-867.09907015868635,0,0,1.5795737159517855,0.00047537096253081772,6,6,-507.50055886164057,-867.15173381739771,-495.50102111403532,-867.04640649997498,0,1.4654943925052066e-14,0
1744.8883811486824,-501.52500457173846,-864.20068617301001,0,0,1.5776155114679915,-0.0018266893734423513,6,6,-507.52486506844025,-864.24160096394849,-495.52514407503668,-864.15977138207154,2.2737367544323206e-13,2.4424906541753444e-15,0
1747.7868668316537,-501.53387181190089,-861.30222313977231,0,0,1.5689828949675608,-0.0041302290284528061,6,6,-507.5338619462986,-861.29134255477186,-495.53388167750319,-861.31310372477276,0,1.2878587085651816e-14,0
1750.685352514625,-501.50891170803851,-858.40386852218967,0,0,1.5554216917374017,-0.0040969492460060973,6,6,-507.50820258379775,-858.3116243460488,-495.50962083227927,-858.49611269833053,0,6.6613381477509392e-16,0
1753.5838381975962,-501.4502412760678,-855.50598585122566,0,0,1.5467533322635452,-0.0018845761461383198,6,6,-507.44850716284805,-855.36174178206352,-495.45197538928755,-855.6502299203878,0,1.7319479184152442e-14,0
1756.4823238805675,-501.37574109244719,-852.60845846706218,0,0,1.544495472793701,0.00032648733262489782,6,6,-507.37366600730513,-852.45067153564491,-495.37781617758924,-852.76624539847944,0,2.4868995751603507e-14,0
1759.3808095635388,-501.30395996531269,-849.71086386106674,0,0,1.5482913042033781,-0.00020553980615626544,6,6,-507.30244060131554,-849.57584512348376,-495.30547932930983,-849.84588259864972,2.2737367544323206e-13,5.5511151231257827e-15,0
1762.2792952465099,-501.23799948267822,-846.81312882848783,0,0,1.5478277222822561,-0.00011433983407220311,6,6,-507.23641688187627,-846.67532931833568,-495.23958208348017,-846.95092833863998,0,1.9761969838327786e-14,0
1765.1777809294811,-501.17107865507904,-843.91541579402747,0,0,1.547628475497745,-2.3143949443210282e-05,6,6,-507.16946847910151,-843.77642112123954,-495.17268883105658,-844.0544104668154,0,2.4424906541753444e-14,0
1768.0762666124524,-501.10396344138644,-841.01770725120775,0,0,1.5476935566615579,6.8051100992577748e-05,6,6,-507.10236229864074,-840.87910296090467,-495.10556458413214,-841.15631154151083,0,1.6653345369377348e-14,0
1770.9747522954237,-501.03723597122456,-838.11998975460961,0,0,1.5477946310908726,-4.5159810192205537e-10,6,6,-507.03564880718841,-837.9819917497548,-495.03882313526071,-838.25798775946441,0,1.27675647831893e-14,0
1773.8732379783949,-500.97057176299694,-835.22227080037749,0,0,1.5477946303622208,-5.1182831866869647e-11,6,6,-506.96898459886023,-835.08427279115199,-494.97215892713365,-835.36026880960299,2.2737367544323206e-13,2.1760371282653068e-14,0
1776.7717236613662,-500.90390755433941,-832.32455184615412,0,0,1.5477946307941672,3.4923246400839373e-10,6,6,-506.90232039026233,-832.18655383951955,-494.90549471841649,-832.4625498527887,0,1.0325074129013956e-14,0
1779.6702093443375,-500.83755775005579,-829.42682581287204,0,0,1.5492302623450844,0.0031215660796873896,6,6,-506.83616251872576,-829.29743945621158,-494.83895298138583,-829.5562121695325,0,8.8817841970012523e-15,0
1782.5686950273086,-500.7838006850991,-826.52884132023712,0,0,1.553762092299958,6.1661015328414139e-06,6,6,-506.78293021071335,-826.42664085593685,-494.78467115948484,-826.63104178453739,2.2737367544323206e-13,8.2156503822261584e-15,0
1785.4671807102798,-500.73009542545879,-823.63085581411474,0,0,1.549266023923058,-0.0031092171922779814,6,6,-506.72870481735328,-823.50168397710911,-494.73148603356429,-823.76002765112037,0,2.5313084961453569e-14,0
1788.3656663932511,-500.65027182616865,-820.73349179141394,0,0,1.5357317364603345,-0.0062307287405976792,6,6,-506.64658362760042,-820.52314735956406,-494.65396002473688,-820.94383622326382,0,2.6423307986078726e-14,0
1791.2641520762222,-500.52397253187587,-817.83778866456157,0,0,1.5200259685613331,-0.0043069088271226099,6,6,-506.51624130495082,-817.53329736545652,-494.53170375880092,-818.14227996366662,2.2737367544323206e-13,2.5979218776228663e-14,0
1794.1626377591936,-500.3610517112557,-814.94389794643553,0,0,1.5098623593913996,-0.0027061266364930372,6,6,-506.34991631217503,-814.57852034469227,-494.37218711033637,-815.30927554817879,0,2.3980817331903381e-14,0
1797.0611234421649,-500.17543627579596,-812.05136539723287,0,0,1.5043378785705257,-0.0011060289295217354,6,6,-506.16219097592256,-811.65290817178402,-494.18868157566936,-812.44982262268172,0,1.4654943925052066e-14,0
1799.959609125136,-499.97960009662171,-809.15950408272079,0,0,1.5008352171565313,-0.0031108099373759945,6,6,-505.9649224142309,-808.7400797697278,-493.99427777901252,-809.57892839571377,2.2737367544323206e-13,1.5099033134902129e-14,0
1802.8580948081074,-499.76607415222696,-806.26889977822304,0,0,1.4940214750270444,-0.0015911327678129587,6,6,-505.7483997028512,-805.80870307424937,-493.78374860160272,-806.72909648219672,0,2.9087843245179101e-14,0
1805.7565804910785,-499.53921781457359,-803.37930617682014,0,0,1.4916097993661255,-7.3131449476108217e-05,6,6,-505.52041612395232,-802.90468339619838,-493.55801950519486,-803.85392895744189,0,7.3274719625260332e-15,0
1808.6550661740496,-499.31174889072781,-800.48976050479314,0,0,1.4935974453070351,0.001444780209649058,6,6,-505.29387876646371,-800.02702715843918,-493.32961901499192,-800.9524938511471,0,3.0864200084579352e-14,0
1811.5535518570209,-499.09249147339949,-797.59958024461389,0,0,1.4959076178991475,0.00027861217884662232,6,6,-505.07567437907915,-797.15066787322849,-493.10930856771984,-798.04849261599929,0,2.0206059048177849e-14,0
1814.4520375399923,-498.87567805401903,-794.70921503396539,0,0,1.4955532377541056,-0.00052314405863358997,6,6,-504.85870149837086,-794.25818236958685,-492.8926546096672,-795.16024769834394,0,2.2426505097428162e-14,0
1817.3505232229634,-498.65448214955001,-791.81918276102988,0,0,1.4928748769125137,-0.0013249887826976604,6,6,-504.63627610717367,-791.35212703786965,-492.67268819192634,-792.28623848419011,0,2.1538326677728037e-14,0
1820.2490089059347,-498.42255460272304,-788.92999339455025,0,0,1.4886556435085041,-0.0011660320872482204,6,6,-504.40232470542361,-788.43770331863118,-492.44278450002247,-789.42228347046932,0,3.1308289294429414e-14,0
1823.1474945889061,-498.18028547049647,-786.04165150355561,0,0,1.4857203916528596,-0.00085933255733737881,6,6,-504.15858481996867,-785.53181144226141,-492.20198612102428,-786.55149156484981,0,1.7763568394002505e-14,0
1826.0459802718769,-497.93082288062232,-783.15392147289981,0,0,1.4836741245779561,-0.00055262438738444184,6,6,-503.90806644570176,-782.63184929042302,-491.95357931554287,-783.6759936553766,0,5.3290705182007514e-15,0
1828.9444659548483,-497.67673508395467,-780.26659438705235,0,0,1.4825168330098595,-0.00024592679329772562,6,6,-503.65337045670253,-779.73760514215326,-491.7000997112068,-780.79558363195144,0,2.3314683517128287e-14,0
1831.8429516378196,-497.41762836431417,-777.37971405933274,0,0,1.4800552975740286,-0.00069052759308800451,6,6,-503.39294350592951,-776.83601473214685,-491.44231322269883,-777.92341338651863,0,1.3766765505351941e-14,0
1834.7414373207907,-497.15277939174757,-774.49335422397678,0,0,1.4787713617412066,-0.00019541576061858567,6,6,-503.12739153337964,-773.94198342581774,-491.17816725011551,-775.04472502213582,0,1.2878587085651816e-14,0
1837.6399230037621,-496.88629556557362,-771.60714467007278,0,0,1.4789224566453154,0.00029967460747476541,6,6,-502.86099094832406,-771.05667661165273,-490.91160018282318,-772.15761272849284,0,9.9920072216264089e-15,0
1840.5384086867334,-496.62214083054982,-768.72072122161728,0,0,1.4801440592415243,0.00030562862526492117,6,6,-502.59750420828533,-768.17755227550822,-490.64677745281432,-769.26389016772634,0,7.7715611723760958e-15,0
1843.4368943697043,-496.3604106346898,-765.83407671658813,0,0,1.4803915989032805,-0.00013482132764700903,6,6,-502.33590828520829,-765.29238692653496,-490.38491298417131,-766.3757665066413,0,1.3322676295501878e-15,0
1846.3353800526756,-496.09755242638101,-762.94753483072236,0,0,1.4793624941834493,-0.00057528095017312937,6,6,-502.07248945728367,-762.39969591575914,-490.12261539547836,-763.49537374568558,2.2737367544323206e-13,1.6653345369377348e-15,0
1849.233865735647,-495.82988157755591,-760.06143576276713,0,0,1.4770680126221081,-0.00044416685454573806,6,6,-501.80354587531639,-759.49988891907378,-489.85621727979543,-760.62298260646048,0,2.2204460492503131e-15,0
1852.1323514186181,-495.55667559473255,-757.17585498282915,0,0,1.4757016949614858,-0.00049861330736529952,6,6,-501.52956706547303,-756.60614674280112,-489.58378412399207,-757.74556322285719,0,8.2156503822261584e-15,0
1855.0308371015894,-495.27929959611623,-754.29067211464917,0,0,1.4741775675302009,-0.0005530576977074384,6,6,-501.25131582183053,-753.71186109211681,-489.30728337040193,-754.86948313718153,0,8.3266726846886741e-15,0
1857.9293227845608,-494.99729893070355,-751.40593765582605,0,0,1.4724956395778117,-0.00060749766346687511,6,6,-500.96833319137738,-750.81708295570104,-489.02626467002972,-751.99479235595106,0,1.4988010832439613e-14,0
1860.8278084675319,-494.70969309028266,-748.52175706130811,0,0,1.4700847985850156,-0.00086172218466659635,6,6,-500.67929036500402,-747.91850887221904,-488.74009581556129,-749.12500525039718,0,3.2085445411667024e-14,0
1863.726294150503,-494.41536365132373,-745.63825446990722,0,0,1.4683043833843032,-0.00036679832173767214,6,6,-500.383877432921,-745.02437888081454,-488.44684986972646,-746.25213005899991,0,9.4368957093138306e-15,0
1866.6247798334743,-494.11796869773821,-742.75506606281726,0,0,1.4679584519789013,0.00012809855706691296,6,6,-500.08626976337274,-742.13912581413592,-488.14966763210367,-743.3710063114986,0,2.886579864025407e-15,0
1869.5232655164455,-493.82161502801432,-739.87177055323752,0,0,1.4688583013442449,1.6466614254885019e-15,6,6,-499.79046793066323,-739.26120112512979,-487.85276212536542,-740.48233998134526,0,8.8817841970012523e-16,0
1872.4217511994168,-493.52666057037595,-736.98833143955574,0,0,1.4688583013442504,2.2396114143018836e-15,6,6,-499.49551347302486,-736.37776201144811,-487.55780766772705,-737.59890086766336,0,1.1102230246251565e-15,0
1875.3202368823881,-493.2317061127377,-734.10489232587418,0,0,1.4688583013442578,2.8325614031151839e-15,6,6,-499.2005590153866,-733.49432289776655,-487.26285321008879,-734.7154617539818,0,8.8817841970012523e-16,0
1878.2187225653593,-492.93675165509933,-731.22145321219273,0,0,1.4688583013442669,3.425511391928449e-15,6,6,-498.90560455774823,-730.61088378408522,-486.96789875245042,-731.83202264030024,0,8.8817841970012523e-16,0
1881.1172082483306,-492.6417971974609,-728.33801409851094,0,0,1.4688583013442389,-1.2740629457203847e-15,6,6,-498.61065010010981,-727.7274446704032,-486.672944294812,-728.94858352661868,0,8.8817841970012523e-16,0
1884.0156939313017,-492.34684273982253,-725.45457498482915,0,0,1.4688583013442356,-9.832305234145869e-16,6,6,-498.31569564247144,-724.84400555672141,-486.37798983717363,-726.06514441293689,2.2737367544323206e-13,8.8817841970012523e-16,0
1886.9141796142728,-492.05188828218411,-722.57113587114759,0,0,1.4688583013442331,-6.9239810110883651e-16,6,6,-498.02074118483301,-721.96056644303985,-486.0830353795352,-723.18170529925533,0,1.1102230246251565e-15,0
1889.8126652972442,-491.75693382472468,-719.68769675744898,0,0,1.4688583019112116,8.3095600941587669e-10,6,6,-497.72578672771976,-719.07712733272547,-485.7880809217296,-720.29826618217248,0,3.9968028886505635e-15,0
1892.7111509802155,-491.46197937095951,-716.80425764337031,0,0,1.4688583030359614,-5.4861238695936481e-11,6,6,-497.43083227464132,-716.19368822536023,-485.4931264672777,-717.41482706138038,2.2737367544323206e-13,3.0642155479654321e-14,0
1895.6096366631866,-491.1670249167359,-713.92081852933825,0,0,1.4688583015931826,-9.4067850057823858e-10,6,6,-497.1358778195368,-713.3102491027164,-485.19817201393499,-714.5313879559601,0,2.4424906541753444e-14,0
1898.508122346158,-490.87207045465027,-711.0373794161095,0,0,1.4688582975828748,-1.8264959985702458e-09,6,6,-496.84092335500259,-710.42680996555077,-484.90321755429795,-711.64794886666823,0,1.5099033134902129e-14,0
1901.4066080291293,-490.57711597646647,-708.15394030452944,0,0,1.4688582909941319,-1.7037990767428563e-09,6,6,-496.54596887279592,-707.54337081464348,-484.60826308013702,-708.7645097944154,0,6.2172489379008766e-15,0
1904.3050937121002,-490.28216148433268,-705.2705011943815,0,0,1.468858288623226,6.7837321985303108e-11,6,6,-496.2510143792145,-704.65993169034391,-484.31330858945086,-705.88107069841908,0,1.2212453270876722e-14,0
1907.2035793950715,-489.98720699276538,-702.38706208417136,0,0,1.4688582913873829,1.8394736866610364e-09,6,6,-495.95605988933494,-701.77649259663258,-484.01835409619582,-702.99763157171014,0,5.1070259132757201e-15,0
1910.1020650780429,-489.69225251603814,-699.50362297244362,0,0,1.4688582979807643,1.7586590783958917e-09,6,6,-495.6611054166334,-698.89305352425981,-483.72339961544287,-700.11419242062743,0,2.0872192862952943e-14,0
1913.000550761014,-489.39729805481647,-696.62018385912711,0,0,1.468858301794447,8.7284110281830681e-10,6,6,-495.36615095774027,-696.00961443370659,-483.42844515189267,-697.23075328454763,0,2.7755575615628914e-15,0
1915.8990364439853,-489.10234360088953,-693.73674474506345,0,0,1.4688583030405993,-1.2976653677530255e-11,6,6,-495.07119650457417,-693.126175327081,-483.13349069720488,-694.34731416304589,0,8.659739592076221e-15,0
1918.7975221269567,-488.8073891468544,-690.85330563101309,0,0,1.4688583017192216,-8.9879441342994035e-10,6,6,-494.77624204973228,-690.24273620514361,-482.83853624397653,-691.46387505688256,2.2737367544323206e-13,1.2878587085651816e-14,0
1921.6960078099278,-488.51243468929056,-687.96986651732379,0,0,1.4688583013442467,7.774002551669368e-16,6,6,-494.48128759193946,-687.35929708921606,-482.54358178664165,-688.58043594543153,0,8.8817841970012523e-16,0
1924.5944934928989,-488.21748023165225,-685.08642740364246,0,0,1.4688583013442484,4.8656783286114795e-16,6,6,-494.18633313430115,-684.47585797553484,-482.24862732900334,-685.69699683175008,0,8.8817841970012523e-16,0
1927.4929791758702,-487.92252577401388,-682.2029882899609,0,0,1.4688583013442493,1.9573541055535363e-16,6,6,-493.89137867666278,-681.59241886185328,-481.95367287136497,-682.81355771806852,0,8.8817841970012523e-16,0
1930.3914648588413,-487.62757131637551,-679.31954917627934,0,0,1.4688583013442476,2.1797327403482335e-15,6,6,-493.59642421902441,-678.70897974817171,-481.6587184137266,-679.93011860438696,0,8.8817841970012523e-16,0
1933.2899505418127,-487.33261685873714,-676.43611006259744,0,0,1.4688583013442535,1.9783210293432457e-15,6,6,-493.30146976138604,-675.82554063448981,-481.36376395608823,-677.04667949070506,0,1.1102230246251565e-15,0
1936.188436224784,-487.03766240109883,-673.55267094891565,0,0,1.4688583013442591,1.7769093183382941e-15,6,6,-493.00651530374773,-672.94210152080802,-481.06880949844992,-674.16324037702327,2.2737367544323206e-13,8.8817841970012523e-16,0
1939.0869219077551,-486.74270794346057,-670.66923183523454,0,0,1.468858301344264,1.5754976073334081e-15,6,6,-492.71156084610948,-670.05866240712692,-480.77385504081167,-671.27980126334216,0,8.8817841970012523e-16,0
1941.9854075907265,-486.4477534886874,-667.78579272126035,0,0,1.4688583029982274,1.6143876021320536e-10,6,6,-492.41660639234618,-667.17522330302506,-480.47890058502861,-668.39636213949564,0,3.1086244689504383e-15,0
1944.8838932736976,-486.15279903525891,-664.90235360714814,0,0,1.4688583021823916,-7.2437818695676555e-10,6,6,-492.12165193841957,-664.29178418404319,-480.18394613209824,-665.51292303025309,0,2.3314683517128287e-14,0
1947.7823789566689,-485.8578445757762,-662.01891449365326,0,0,1.4688582987990277,-1.6101953159449875e-09,6,6,-491.82669747687106,-661.40834505035355,-479.88899167468134,-662.62948393695297,2.2737367544323206e-13,3.0420110874729289e-14,0
1950.68086463964,-485.56289010220809,-659.13547538159924,0,0,1.4688582923531341,-2.1364052641209655e-09,6,6,-491.53174299936728,-658.52490589982494,-479.59403720504889,-659.74604486337353,0,2.3314683517128287e-15,0
1953.5793503226114,-485.26793561218489,-656.25203627123335,0,0,1.4688582887283257,-3.6476860063687633e-10,6,6,-491.23678850713088,-655.64146676782309,-479.29908271723889,-656.86260577464361,0,1.1324274851176597e-14,0
1956.4778360055827,-484.97298111911294,-653.36859716117795,0,0,1.4688582902385812,1.4068682459616153e-09,6,6,-490.94183401498105,-652.75802766678214,-479.00412822324483,-653.97916665557375,0,2.2648549702353193e-14,0
1959.3763216885538,-484.67802663777707,-650.48515804992246,0,0,1.4688582966594854,1.9749645125706238e-09,6,6,-490.64687953756561,-649.87458859385208,-478.70917373798852,-651.09572750599284,0,1.2434497875801753e-14,0
1962.2748073715252,-484.38307217364945,-647.60171893690313,0,0,1.4688583011001242,1.0891450736944941e-09,6,6,-490.35192507614931,-646.99114950733826,-478.41421927114959,-648.21228836646799,0,6.6613381477509392e-16,0
1965.1732930544963,-484.08811771862457,-644.71827982295326,0,0,1.4688583029732283,2.033259081930911e-10,6,6,-490.05697062226807,-644.10771040456871,-478.11926481498108,-645.32884924133782,0,7.8825834748386114e-15,0
1968.0717787374674,-483.79316326529892,-641.83484070882992,0,0,1.4688583022787987,-6.8249320627311357e-10,6,6,-489.76201616851841,-641.22427128630045,-477.82431036207942,-642.44541013135938,2.2737367544323206e-13,4.5519144009631418e-15,0
1970.9702644204388,-483.49820880820528,-638.95140159509333,0,0,1.4688583013442489,1.8838868744560805e-15,6,6,-489.46706171085418,-638.34083216698571,-477.52935590555637,-639.56197102320095,0,1.1102230246251565e-15,0
1973.8687501034101,-483.20325435056691,-636.06796248141143,0,0,1.4688583013442529,8.9939860783437589e-16,6,6,-489.17210725321581,-635.4573930533038,-477.234401447918,-636.67853190951905,0,1.1102230246251565e-15,0
1976.7672357863812,-482.9082998929286,-633.18452336773009,0,0,1.468858301344254,-8.5089658787105089e-17,6,6,-488.8771527955775,-632.57395393962247,-476.93944699027969,-633.79509279583772,0,8.8817841970012523e-16,0
1979.6657214693525,-482.61334543529017,-630.30108425404842,0,0,1.4688583013442451,1.6838915537819977e-15,6,6,-488.58219833793908,-629.69051482594068,-476.64449253264127,-630.91165368215616,0,1.1102230246251565e-15,0
1982.5642071523239,-482.31839097765186,-627.41764514036697,0,0,1.4688583013442509,2.2768415425953199e-15,6,6,-488.28724388030076,-626.80707571225935,-476.34953807500295,-628.0282145684746,2.2737367544323206e-13,8.8817841970012523e-16,0
1985.4626928352948,-482.02343652001355,-624.53420602668541,0,0,1.4688583013442584,2.8697915314086174e-15,6,6,-487.99228942266245,-623.92363659857779,-476.05458361736464,-625.14477545479303,2.2737367544323206e-13,8.8817841970012523e-16,0
1988.3611785182661,-481.72848206237518,-621.65076691300396,0,0,1.4688583013442675,3.4627415202218802e-15,6,6,-487.69733496502408,-621.04019748489645,-475.75962915972627,-622.26133634111147,0,8.8817841970012523e-16,0
1991.2596642012375,-481.43352758930115,-618.7673278009014,0,0,1.4688582885035177,-3.3150626545187942e-09,6,6,-487.40238048410987,-618.15675829614929,-475.46467469449243,-619.37789730565351,2.2737367544323206e-13,2.1538326677728037e-14,0
1994.1581498842086,-481.13857309161273,-615.88388869131563,0,0,1.468858290161027,4.4587696446245972e-09,6,6,-487.10742598743349,-615.27331919645701,-475.16972019579197,-616.49445818617426,0,1.7985612998927536e-14,0
1997.0566355671799,-480.84361863118892,-613.0004495779184,0,0,1.4688583143508789,1.2232603177393234e-08,6,6,-486.81247154177925,-612.38988022744536,-474.87476572059859,-613.61101892839145,0,2.042810365310288e-14,0
1999.9551212501513,-480.54866427514014,-610.1170104538412,0,0,1.4688583656356631,2.2545399341206844e-08,6,6,-486.51751721704341,-609.50644140947952,-474.57981133323688,-610.72757949820289,2.2737367544323206e-13,3.7747582837255322e-15,0
2002.8536069331224,-480.25371007543833,-607.23357131377782,0,0,1.4688584084508336,6.9977300027914674e-09,6,6,-486.22256304348321,-606.62300252497357,-474.28485710739346,-607.84414010258206,0,2.6645352591003757e-15,0
2005.7520926160935,-479.9587559342209,-604.35013216773132,0,0,1.4688584062012997,-8.5499432078077981e-09,6,6,-485.92760890089227,-603.73956336549998,-473.98990296754954,-604.96070096996266,2.2737367544323206e-13,1.1768364061026659e-14,0
2008.6505782990648,-479.66380172154606,-601.46669302899193,0,0,1.4688583588870623,-2.4097611687325484e-08,6,6,-485.63265465932886,-600.85612394434884,-473.69494878376327,-602.07726211363502,0,1.6653345369377348e-14,1.1368683772161603e-13
2011.5490639820359,-479.36884735119617,-598.58325390638277,0,0,1.4688583109234008,-1.1456495999093845e-08,6,6,-485.3377002596938,-597.97268453545166,-473.39999444269853,-599.19382327731387,2.2737367544323206e-13,1.5765166949677223e-14,0
2014.4475496650073,-479.07389288413265,-595.69981479366481,0,0,1.468858288983085,-3.6826620037604822e-09,6,6,-485.04274577923422,-595.08924529177523,-473.10503998903107,-596.3103842955544,0,1.4432899320127035e-15,0
2017.3460353479786,-478.77893838629092,-592.81637568409474,0,0,1.4688582895751137,4.0911709726772631e-09,6,6,-484.74779128175396,-592.20580618573888,-472.81008549082787,-593.42694518245059,0,1.2656542480726785e-14,0
2020.2445210309497,-478.4839839167646,-589.93293657163008,0,0,1.468858301344242,-2.1924656893676624e-15,6,6,-484.45283681941351,-589.32236714352234,-472.5151310141157,-590.54350599973782,2.2737367544323206e-13,8.8817841970012523e-16,0
2023.1430067139211,-478.18902945912623,-587.04949745794829,0,0,1.4688583013442351,-2.5840039671760423e-15,6,6,-484.15788236177514,-586.43892802984055,-472.22017655647733,-587.66006688605603,0,8.8817841970012523e-16,0
2026.0414923968922,-477.89407500148786,-584.16605834426696,0,0,1.4688583013442271,-2.9755422449843626e-15,6,6,-483.86292790413677,-583.55548891615911,-471.92522209883896,-584.77662777237481,0,8.8817841970012523e-16,0
2028.9399780798633,-477.59912054384949,-581.2826192305854,0,0,1.4688583013442178,-3.3670805227926526e-15,6,6,-483.5679734464984,-580.67204980247755,-471.63026764120059,-581.89318865869325,0,1.1102230246251565e-15,0
2031.8384637628346,-477.30416608621118,-578.39918011690361,0,0,1.4688583013442438,-6.4503200729552731e-17,6,6,-483.27301898886009,-577.78861068879587,-471.33531318356228,-579.00974954501135,0,1.1102230246251565e-15,0
2034.736949445806,-477.00921162857281,-575.51574100322216,0,0,1.468858301344244,2.2632922157623019e-16,6,6,-482.97806453122172,-574.90517157511442,-471.04035872592391,-576.1263104313299,2.2737367544323206e-13,8.8817841970012523e-16,0
2037.6354351287771,-476.7142571709345,-572.6323018895406,0,0,1.4688583013442451,5.1716164388202495e-16,6,6,-482.68311007358341,-572.02173246143286,-470.7454042682856,-573.24287131764834,2.2737367544323206e-13,1.1102230246251565e-15,0
2040.5339208117484,-476.4193027141369,-569.74886277577366,0,0,1.4688583024635231,5.9405319200173859e-10,6,6,-482.38815561746918,-569.13829335434673,-470.45044981080463,-570.35943219720059,2.2737367544323206e-13,1.7541523789077473e-14,0
2043.4324064947198,-476.12434826097433,-566.86542366163269,0,0,1.4688583029016109,-2.9176571615724791e-10,6,6,-482.09320116457411,-566.25485424282067,-470.15549535737455,-567.47599308044471,0,4.1078251911130792e-15,0
2046.3308921776907,-475.82939380537351,-563.98198454774285,0,0,1.4688583007721654,-1.1775846975485438e-09,6,6,-481.79824670767312,-563.37141511622053,-469.86054090307391,-564.59255397926518,2.2737367544323206e-13,9.5479180117763462e-15,0
2049.2293778606622,-475.53443933992656,-561.09854543485596,0,0,1.4688582959896961,-3.0016296632488373e-09,6,6,-481.50329223930612,-560.48797597478779,-469.56558644054701,-561.70911489492414,0,8.1046280797636427e-15,0
2052.1278635436333,-475.23948485677346,-558.21510632378624,0,0,1.4688582898570464,-1.2299935131283645e-09,6,6,-481.20833775240862,-557.60453682711318,-469.27063196113829,-558.82567582045931,0,2.886579864025407e-14,0
2055.0263492266045,-474.94453036334062,-555.33166721376938,0,0,1.4688582888594597,5.4164325444505417e-10,6,6,-480.91338325836671,-554.72109771114185,-468.97567746831453,-555.94223671639691,0,1.9095836023552692e-14,0
2057.9248349095756,-474.64957587443445,-552.44822810328697,0,0,1.4688582929969365,2.3132797501163252e-09,6,6,-480.61842877198671,-551.8376586253554,-468.68072297688218,-553.05879758121853,0,1.8429702208777599e-14,0
2060.8233205925471,-474.35462140269652,-549.56478899104798,0,0,1.4688582992521984,1.5217596313018827e-09,6,6,-480.3234743040681,-548.95421955045322,-468.38576850132495,-550.17535843164274,0,8.659739592076221e-15,0
2063.7218062755182,-474.0596669441511,-546.68134987745941,0,0,1.468858302379233,6.3594263116291224e-10,6,6,-480.02851984743194,-546.07078045552942,-468.09081404087027,-547.29191929938941,0,5.1070259132757201e-15,0
2066.6202919584894,-473.76471249092066,-543.79791076332651,0,0,1.4688583029387396,-2.4987420935603692e-10,6,6,-479.73356539454312,-543.18734134473607,-467.7958595872982,-544.40848018191696,0,3.1641356201816961e-14,0
2069.5187776414609,-473.4697580356796,-540.91447164940223,0,0,1.4688583013442444,5.9351050153769951e-16,6,6,-479.43861093832851,-540.30390222129449,-467.5009051330307,-541.52504107750997,0,8.8817841970012523e-16,0
2072.417263324432,-473.17480357804266,-538.03103253573454,0,0,1.4688583013442478,1.5779987681545181e-15,6,6,-479.14365648069156,-537.42046310762692,-467.20595067539375,-538.64160196384216,0,8.8817841970012523e-16,0
2075.3157490074032,-472.87984912040571,-535.14759342206685,0,0,1.4688583013442538,2.5624870347712774e-15,6,6,-478.84870202305461,-534.53702399395922,-466.9109962177568,-535.75816285017447,0,1.1102230246251565e-15,0
2078.2142346903743,-472.58489466276887,-532.26415430839904,0,0,1.4688583013442627,3.5469753013879759e-15,6,6,-478.55374756541778,-531.65358488029142,-466.61604176011997,-532.87472373650667,0,1.1102230246251565e-15,0
2081.1127203733454,-472.28994020672553,-529.38071519455889,0,0,1.4688583027621296,4.1276750276075075e-10,6,6,-478.25879311024016,-528.77014577491434,-466.3210873032109,-529.99128461420344,0,1.532107773982716e-14,0
2084.011206056317,-471.99498575366647,-526.49727608040791,0,0,1.4688583026747632,-4.7305165405499678e-10,6,6,-477.96383865712772,-525.88670666024188,-466.02613285020522,-527.10784550057394,0,1.7763568394002505e-15,0
2086.9096917392881,-471.70003129665361,-523.61383696665985,0,0,1.4688583000198627,-1.3588709296062578e-09,6,6,-477.66888419849386,-523.00326753064712,-465.73117839481336,-524.22440640267257,0,2.55351295663786e-15,0
2089.8081774222592,-471.40507682809738,-520.73039785409287,0,0,1.4688582943167385,-2.6390619140968761e-09,6,6,-477.37392972645551,-520.11982838403901,-465.43622392973924,-521.34096732414673,0,1.2545520178264269e-14,0
2092.7066631052307,-471.11012234163564,-517.8469587433633,0,0,1.4688582892349853,-8.6742629795931465e-10,6,6,-477.07897523689098,-517.23638924297722,-465.14126944638031,-518.45752824374938,0,3.9968028886505635e-15,0
2095.6051487882019,-470.81516784792422,-514.96351963337395,0,0,1.4688582892882935,9.0420975362504712e-10,6,6,-476.78402074321212,-514.35295013330608,-464.84631495263631,-515.57408913344182,0,1.5099033134902129e-14,0
2098.503634471173,-470.52021336176978,-512.08008052261221,0,0,1.4688582944766631,2.6758453512982167e-09,6,6,-476.48906626022557,-511.46951105351292,-464.55136046331398,-512.69064999171144,0,2.0206059048177849e-14,5.6843418860808015e-14
2101.4021201541441,-470.22525889355285,-509.19664141001374,0,0,1.4688583001011088,1.3404777115048703e-09,6,6,-476.19411179544272,-508.58607197448595,-464.25640599166297,-509.80721084554153,0,2.7977620220553945e-14,0
2104.3006058371157,-469.93030443669761,-506.31320229625146,0,0,1.4688583027026991,4.5465986705936408e-10,6,6,-475.89915734017592,-505.70263287625221,-463.9614515332193,-506.92377171625071,0,6.4392935428259079e-15,0
2107.1990915200868,-469.63534998364253,-503.4297631821027,0,0,1.4688583027367592,-4.3115786326680912e-10,6,6,-475.60420288714164,-502.81919376230672,-463.66649708014342,-504.04033260189868,0,8.4376949871511897e-15,0
2110.0975772030583,-469.34039552751506,-500.54632406827153,0,0,1.46885830134424,-1.763267735964227e-15,6,6,-475.30924843016396,-499.93575464016379,-463.37154262486615,-501.15689349637927,0,8.8817841970012523e-16,0
2112.996062886029,-469.04544106987817,-497.66288495460446,0,0,1.4688583013442356,-1.2710236026559113e-15,6,6,-475.01429397252707,-497.05231552649673,-463.07658816722926,-498.2734543827122,0,1.1102230246251565e-15,0
2115.8945485690001,-468.75048661224116,-494.77944584093626,0,0,1.4688583013442327,-7.787794693473877e-16,6,6,-474.71933951489007,-494.16887641282847,-462.78163370959226,-495.39001526904406,0,8.8817841970012523e-16,0
2118.7930342519717,-468.45553215460416,-491.8960067272684,0,0,1.4688583013442311,-2.8653533603889724e-16,6,6,-474.42438505725306,-491.28543729916061,-462.48667925195525,-492.50657615537619,0,8.8817841970012523e-16,0
2121.6915199349428,-468.16057769696727,-489.01256761360065,0,0,1.4688583013442473,2.3533111882228444e-15,6,6,-474.12943059961617,-488.40199818549297,-462.19172479431836,-489.62313704170833,0,1.1102230246251565e-15,0
2124.5900056179144,-467.86562323933026,-486.12912849993245,0,0,1.4688583013442549,2.8959082492823386e-15,6,6,-473.83447614197917,-485.51855907182482,-461.89677033668136,-486.73969792804007,0,1.1102230246251565e-15,0
2127.4884913008855,-467.57066878169337,-483.2456893862647,0,0,1.468858301344264,3.4385053103416935e-15,6,6,-473.53952168434228,-482.63511995815713,-461.60181587904447,-483.85625881437227,0,8.8817841970012523e-16,0
2130.3869769838566,-467.27571432477305,-480.36225027251942,0,0,1.4688583023934354,6.2907311172030446e-10,6,6,-473.24456722806258,-479.75168085067418,-461.30686142148352,-480.97281969436466,0,1.5765166949677223e-14,0
2133.2854626668277,-466.98075987155482,-477.47881115838516,0,0,1.4688583029330289,-2.5674535622090468e-10,6,6,-472.94961277517382,-476.86824173976066,-461.01190696793583,-478.08938057700965,0,1.2878587085651816e-14,0
2136.1839483497988,-466.6858054161907,-474.59537204446929,0,0,1.46885830090509,-1.1425638886048834e-09,6,6,-472.65465831857148,-473.98480261374033,-460.71695251380993,-475.20594147519824,0,7.7715611723760958e-15,0
2139.0824340327704,-466.39085095127729,-471.71193293152788,0,0,1.4688582963096184,-2.0283827077713226e-09,6,6,-472.35970385085221,-471.10136347336925,-460.42199805170236,-472.32250238968652,0,8.8817841970012523e-16,0
2141.9809197157415,-466.09589646883438,-468.82849382038427,0,0,1.4688582900020166,-1.3000383185427484e-09,6,6,-472.06474936455805,-468.21792432457647,-460.12704357311071,-469.43906331619206,0,2.2204460492503131e-16,0
2144.8794053987131,-465.800941975527,-465.94505471035535,0,0,1.4688582888014068,4.7159903445413943e-10,6,6,-471.76979487051761,-465.33448520738131,-459.83208908053638,-466.55562421332939,0,1.4876988529977098e-14,0
2147.7778910816837,-465.50598748616073,-463.06161559992023,0,0,1.4688582927358624,2.2432361507113491e-09,6,6,-471.47484038355361,-462.45104612043036,-459.53713458876786,-463.6721850794101,0,1.099120794378905e-14,0
2150.6763767646553,-465.21204836029216,-460.17807305133317,0,0,1.4700370279990236,0.00051922238522475776,6,6,-471.18161681068267,-459.57453969177254,-459.24247990990165,-460.7816064108938,0,2.5091040356528538e-14,0
2153.5748624476264,-464.92147291625031,-457.29418937605351,0,0,1.4703040523980984,-0.00033496723104680157,6,6,-470.89120231195034,-456.69225005841872,-458.95174352055028,-457.8961286936883,0,1.3988810110276972e-14,0
2156.4733481305975,-464.62809765144107,-454.41058976309296,0,0,1.468095149648367,-0.0011892393701687766,6,6,-470.59648285890927,-453.7954653730103,-458.65971244397286,-455.02571415317561,0,1.1879386363489175e-14,0
2159.3718338135691,-464.32481946360605,-451.52801684714024,0,0,1.4636748822247829,-0.0010185511466704945,6,6,-470.29042735828534,-450.88651669364037,-458.35921156892675,-452.1695170006401,0,1.2212453270876722e-14,0
2162.2703194965402,-464.01071731102832,-448.64660170965578,0,0,1.4607725124505073,-0.00098412424940059052,6,6,-469.97443821128786,-447.98778988234255,-458.04699641076877,-449.30541353696901,0,1.4321877017664519e-14,0
2165.1688051795113,-463.68839730711511,-445.76609419020775,0,0,1.4579699666649713,-0.00094967194297456683,6,6,-469.65024843918098,-445.09057137113717,-457.72654617504924,-446.44161700927833,0,1.2212453270876722e-14,0
2168.0672908624824,-463.35814962550586,-442.88648473620492,0,0,1.4552673109653447,-0.00091519936103833497,6,6,-469.31815328049316,-442.19485157293286,-457.39814597051856,-443.57811789947698,0,1.4432899320127035e-15,0
2170.965776545454,-463.01885606591634,-440.00792840035132,0,0,1.4513031268601082,-0.001356785584196179,6,6,-468.97607113695307,-439.29267418161982,-457.06164099487961,-440.72318261908282,0,6.7723604502134549e-15,0
2173.8642622284251,-462.66881209567998,-437.13065831548488,0,0,1.4485587367650807,-0.00053691739181121426,6,6,-468.62404179869162,-436.39905788877115,-456.71358239266834,-437.86225874219861,0,2.7755575615628914e-14,0
2176.7627479113962,-462.31429060951245,-434.25393559449248,0,0,1.448190511415258,0.00028283072415195311,6,6,-468.26925051497261,-433.52014235088643,-456.3593307040523,-434.98772883809852,0,4.8849813083506888e-15,0
2179.6612335943678,-461.961969084055,-431.37694294852582,0,0,1.4496192401336032,2.2137463182015856e-09,6,6,-467.91797130281213,-430.65165847319219,-456.00596686529786,-432.10222742385946,0,1.4432899320127035e-15,0
2182.5597192773384,-461.61159798051688,-428.49971175444051,0,0,1.4496192450251495,1.1614964928852406e-09,6,6,-467.56760020282178,-427.77442730824094,-455.65559575821197,-429.22499620064008,0,9.9920072216264089e-15,0
2185.45820496031,-461.26122688666533,-425.62248055917718,0,0,1.4496192468667652,1.0924695847662549e-10,6,6,-467.21722911030594,-424.89719612394623,-455.30522466302472,-426.34776499440812,0,2.375877272697835e-14,0
2188.3566906432811,-460.91085579372498,-422.74524936380334,0,0,1.4496192456584511,-9.4300254856922211e-10,6,6,-466.86685801648923,-422.01996492137567,-454.95485357096072,-423.470533806231,0,7.3274719625260332e-15,0
2191.2551763262527,-460.56048469634112,-419.86801816897633,0,0,1.44961924486781,1.5883527933871681e-16,6,6,-466.51648691853188,-419.14273372183965,-454.60448247415036,-420.59330261611302,0,2.5979218776228663e-14,0
2194.1536620092238,-460.21011359865707,-416.99078697418673,0,0,1.4496192448678129,1.8843192871637014e-15,6,6,-466.16611582084789,-416.26550252705005,-454.25411137646626,-417.71607142132342,0,2.5757174171303632e-14,0
2197.0521476921949,-459.85974250097303,-414.11355577939696,0,0,1.4496192448678209,3.6098032949889976e-15,6,6,-465.81574472316385,-413.38827133226033,-453.90374027878221,-414.83884022653359,0,2.5757174171303632e-14,0
2199.950633375166,-459.50937140369746,-411.23632458455705,0,0,1.4496192457765253,8.9639738243020715e-10,6,6,-465.46537362654732,-410.51104014283266,-453.5533691808476,-411.96160902628145,0,1.5543122344752192e-15,0
2202.8491190581371,-459.15900031090274,-408.35909338916781,0,0,1.4496192468497566,-1.5585119769400781e-10,6,6,-465.11500253453102,-407.63380895383557,-453.20299808727447,-409.08437782450005,0,1.4210854715202004e-14,0
2205.7476047411087,-458.80862921680801,-405.48186219393398,0,0,1.4496192448730605,-1.2080998168531258e-09,6,6,-464.76463143900259,-404.75657774682855,-452.85262699461344,-406.2071466410394,0,1.4432899320127035e-14,0
2208.6460904240798,-458.45825811263819,-402.60463099992751,0,0,1.4496192398464363,-2.2603487385903533e-09,6,6,-464.41426033118705,-401.87934652288351,-452.50225589408933,-403.32991547697151,0,1.865174681370263e-14,0
2211.5445761070514,-458.10788698866799,-399.72739980833802,0,0,1.4496192320902377,-1.8425529702591789e-09,6,6,-464.06388920159139,-399.00211528509806,-452.15188477574458,-400.45268433157798,0,1.8207657603852567e-14,0
2214.4430617900225,-457.75751584946136,-396.85016861859947,0,0,1.4496192297995492,2.6194243369950821e-10,6,6,-463.71351806072335,-396.12488408171617,-451.80151363819937,-397.57545315548276,0,5.5511151231257827e-16,0
2217.3415474729932,-457.40714471243984,-393.97293742860057,0,0,1.4496192336087104,2.3664377064433668e-09,6,6,-463.36314692646459,-393.24765291440463,-451.45114249841509,-394.69822194279652,0,2.9309887850104133e-14,0
2220.2400331559647,-457.05541755331222,-391.09587241820856,0,0,1.4474174403969615,-0.0014988033852475231,6,6,-463.0098084050814,-390.35747578741467,-451.10102670154305,-391.83426904900244,0,6.6613381477509392e-16,0
2223.1385188389359,-456.69524295665479,-388.21985230559886,0,0,1.4459709016761335,0.00050057521046537403,6,6,-462.64855945977496,-387.47284319342066,-450.74192645353463,-388.96686141777707,0,1.532107773982716e-14,0
2226.0370045219074,-456.33924222167781,-385.34331460906128,0,0,1.4503197873315836,0.0025004721731108292,6,6,-462.29575107489757,-384.62220277202448,-450.38273336845805,-386.06442644609808,0,8.8817841970012523e-15,0
2228.9354902048785,-456.0041010119271,-382.46428227958023,0,0,1.4604677260639582,0.0045019515094393081,6,6,-461.9676208383143,-381.80365282195169,-450.04058118553991,-383.12491173720878,0,9.5479180117763462e-15,0
2231.8339758878501,-455.69893487316079,-379.58191571233573,0,0,1.4695024312615439,0.0025186720961277945,6,6,-461.66817982356923,-378.97519112735239,-449.72968992275236,-380.18864029731907,0,1.8984813721090177e-14,0
2234.7324615708212,-455.41482800898251,-376.69739154428163,0,0,1.4752034442247681,0.0014151471084050322,6,6,-461.38743488078791,-376.12470737751721,-449.44222113717711,-377.27007571104605,0,1.5543122344752192e-14,0
2237.6309472537919,-455.14255511355123,-373.81172312487655,0,0,1.4777062866384594,0.00031189716174367433,6,6,-461.11657661523003,-373.2539892300133,-449.16853361187242,-374.3694570197398,0,3.0642155479654321e-14,0
2240.5294329367634,-454.8753581089473,-370.9255806103825,0,0,1.4804374424753184,0.001611589753950621,6,6,-460.85088058618157,-370.38416475905547,-448.89983563171302,-371.46699646170953,0,2.55351295663786e-14,0
2243.4279186197346,-454.61930176788479,-368.03842866068607,0,0,1.4838082450858057,0.00071438961948479176,6,6,-460.59661529979007,-367.517158153845,-448.64198823597951,-368.55969916752713,0,1.1546319456101628e-14,0
2246.3264043027061,-454.3692243502,-365.15075138279963,0,0,1.4845790333986024,-0.00018251315563504975,6,6,-460.34693789567535,-364.6340882737619,-448.39151080472465,-365.66741449183735,0,2.1316282072803006e-14,0
2249.2248899856772,-454.11763203701076,-362.26320602119091,0,0,1.4829149064182463,1.5267878807153135e-15,6,6,-460.09447751276866,-361.7365959577549,-448.14078656125287,-362.78981608462692,0,2.6201263381153694e-14,0
2252.1233756686488,-453.86323674878082,-359.37590584771829,0,0,1.4829149064182516,2.0196911768628012e-15,6,6,-459.84008222453872,-358.84929578428233,-447.88639127302292,-359.90251591115424,0,2.6201263381153694e-14,0
2255.0218613516195,-453.60884146055105,-356.48860567424629,0,0,1.4829149064182581,2.5125944730102112e-15,6,6,-459.585686936309,-355.96199561081033,-447.63199598479309,-357.01521573768224,0,2.1316282072803006e-14,0
2257.9203470345906,-453.3544461723211,-353.60130550077406,0,0,1.4829149064182661,3.0054977691576863e-15,6,6,-459.33129164807906,-353.07469543733816,-447.37760069656315,-354.12791556420996,0,2.1094237467877974e-14,0
2260.8188327175621,-453.10005088409116,-350.71400532730132,0,0,1.4829149064182479,-1.2454313185573522e-15,6,6,-459.07689635984906,-350.18739526386531,-447.12320540833326,-351.24061539073733,0,2.6201263381153694e-14,0
2263.7173184005333,-452.84565559586127,-347.82670515382898,0,0,1.4829149064182414,-3.3039023070185285e-15,6,6,-458.82250107161917,-347.30009509039297,-446.86881012010338,-348.35331521726499,0,2.6201263381153694e-14,0
2266.6158040835048,-452.59126030763127,-344.93940498035613,0,0,1.4829149064182288,-5.3623732954801786e-15,6,6,-458.56810578338917,-344.41279491692001,-446.61441483187338,-345.46601504379225,0,2.6201263381153694e-14,0
2269.5142897664759,-452.33686501940144,-342.05210480688379,0,0,1.482914906418249,5.0063824524307753e-16,6,6,-458.31371049515934,-341.52549474344778,-446.36001954364355,-342.5787148703198,0,2.6201263381153694e-14,0
2272.4127754494471,-452.0824697311715,-339.16480463341151,0,0,1.4829149064182512,1.0369704433262688e-15,6,6,-458.0593152069294,-338.63819456997555,-446.1056242554136,-339.69141469684746,0,2.6423307986078726e-14,0
2275.3112611324182,-451.82807444294161,-336.27750445993922,0,0,1.482914906418255,1.5733026414094642e-15,6,6,-457.80491991869951,-335.75089439650327,-445.85122896718372,-336.80411452337518,0,2.1316282072803006e-14,5.6843418860808015e-14
2278.2097468153893,-451.57367915471173,-333.39020428646694,0,0,1.4829149064182603,2.109634839492657e-15,6,6,-457.55052463046968,-332.86359422303104,-445.59683367895377,-333.91681434990284,0,2.1094237467877974e-14,0
2281.1082324983608,-451.31928386648178,-330.50290411299432,0,0,1.4829149064182527,2.0870134471851224e-15,6,6,-457.29612934223968,-329.97629404955836,-445.34243839072388,-331.02951417643027,0,2.6201263381153694e-14,0
2284.006718181332,-451.0648885782519,-327.61560393952198,0,0,1.4829149064182594,2.4930589394609794e-15,6,6,-457.04173405400985,-327.08899387608602,-445.08804310249394,-328.14221400295793,0,2.1316282072803006e-14,0
2286.9052038643035,-450.81049329002201,-324.72830376604901,0,0,1.4829149064182672,2.8991044317369495e-15,6,6,-456.78733876577996,-324.20169370261311,-444.83364781426405,-325.25491382948491,0,2.1316282072803006e-14,0
2289.8036895472742,-450.55609800179212,-321.84100359257729,0,0,1.4829149064182445,-2.2054377060741491e-15,6,6,-456.53294347755002,-321.31439352914128,-444.57925252603422,-322.3676136560133,0,2.6201263381153694e-14,0
2292.7021752302458,-450.30170271356218,-318.95370341910444,0,0,1.4829149064182381,-2.1620088041383375e-15,6,6,-456.27854818932008,-318.42709335566838,-444.32485723780428,-319.48031348254051,0,2.6201263381153694e-14,0
2295.6006609132169,-450.04730742533218,-316.0664032456321,0,0,1.4829149064182321,-2.1185799022025227e-15,6,6,-456.02415290109008,-315.53979318219604,-444.07046194957428,-316.59301330906817,0,2.6201263381153694e-14,0
2298.499146596188,-449.79291213710223,-313.17910307215976,0,0,1.4829149064182259,-2.0751510002666977e-15,6,6,-455.76975761286013,-312.65249300872364,-443.81606666134434,-313.70571313559589,0,2.6423307986078726e-14,0
2301.3976322791596,-449.5385168488724,-310.29180289868719,0,0,1.4829149064182472,2.6740787188060198e-16,6,6,-455.5153623246303,-309.76519283525118,-443.56167137311451,-310.8184129621232,0,2.6423307986078726e-14,0
2304.2961179621307,-449.28412156064246,-307.40450272521485,0,0,1.4829149064182474,-2.2549542426679166e-16,6,6,-455.26096703640036,-306.87789266177884,-443.30727608488456,-307.93111278865086,0,2.6201263381153694e-14,0
2307.1946036451018,-449.02972627241257,-304.51720255174246,0,0,1.4829149064182459,-7.1839872041417705e-16,6,6,-455.00657174817047,-303.99059248830645,-443.05288079665468,-305.04381261517847,0,2.6201263381153694e-14,0
2310.0930893280729,-448.77533098418269,-301.62990237827023,0,0,1.4829149064182479,-8.4317433637684692e-16,6,6,-454.75217645994059,-301.10329231483422,-442.79848550842479,-302.15651244170624,0,2.6201263381153694e-14,0
2312.9915750110445,-448.52093569595274,-298.74260220479732,0,0,1.482914906418247,9.9203353982355432e-17,6,6,-454.49778117171064,-298.21599214136131,-442.54409022019485,-299.26921226823333,0,2.6423307986078726e-14,0
2315.8900606940156,-448.26654040772286,-295.85530203132498,0,0,1.4829149064182485,1.0415810443413903e-15,6,6,-454.24338588348076,-295.32869196788897,-442.28969493196496,-296.38191209476099,0,2.6201263381153694e-14,0
2318.7885463769867,-448.01214511949297,-292.9680018578527,0,0,1.482914906418253,1.9839587347004587e-15,6,6,-453.98899059525087,-292.44139179441675,-442.03529964373507,-293.49461192128865,0,2.6201263381153694e-14,0
2321.6870320599583,-447.75774983126303,-290.08070168438007,0,0,1.4829149064182541,2.0702579042682935e-15,6,6,-453.73459530702092,-289.55409162094412,-441.78090435550513,-290.60731174781603,0,2.6201263381153694e-14,0
2324.5855177429289,-447.50335454303314,-287.19340151090802,0,0,1.4829149064182605,2.476303396544139e-15,6,6,-453.48020001879109,-286.66679144747212,-441.52650906727519,-287.72001157434391,0,2.1094237467877974e-14,0
2327.4840034259005,-447.24895925480331,-284.30610133743551,0,0,1.4829149064182683,2.8823488888201061e-15,6,6,-453.22580473056126,-283.77949127399961,-441.27211377904536,-284.8327114008714,0,2.1094237467877974e-14,0
2330.3824891088716,-446.99456957226641,-281.41880067007116,0,0,1.4829226397621353,4.3073550240412649e-06,6,6,-452.97141912030236,-280.89223682765237,-441.01772002423047,-281.94536451248996,0,4.2188474935755949e-15,0
2333.2809747918432,-446.74020588406893,-278.53149771255119,0,0,1.4829260307855701,-1.9674963126634834e-06,6,6,-452.71705721766079,-278.0049541377723,-440.76335455047706,-279.05804128733007,0,2.3203661214665772e-14,0
2336.1794604748143,-446.48582573028193,-275.64419620567639,0,0,1.4829112342419934,-8.2423480155958962e-06,6,6,-452.4626692721946,-275.11756419421391,-440.50898218836926,-276.17082821713888,0,1.4876988529977098e-14,0
2339.0779461577854,-446.23137665475758,-272.75690077195344,0,0,1.4828809898324666,5.1131049853688644e-05,6,6,-452.20820426626244,-272.23008799462809,-440.25454904325272,-273.28371354927879,0,2.1316282072803006e-14,0
2341.9764318407565,-445.97702571025161,-269.86959669247665,0,0,1.4829547127765732,-2.6107703109539188e-07,6,6,-451.95389214370311,-269.34322454591046,-440.0001592768001,-270.39596883904284,0,5.5511151231257827e-16,0
2344.8749175237276,-445.72267258084003,-266.98229280550242,0,0,1.4828794763708615,-5.1653209631872985e-05,6,6,-451.69949939502709,-266.45547098247857,-439.74584576665296,-267.50911462852628,0,1.5987211554602254e-14,0
2347.7734032066992,-445.46788717890399,-264.09502703701099,0,0,1.4826552805920785,-0.00010304534795415235,6,6,-451.44459573165432,-263.56686524789615,-439.49117862615367,-264.62318882612584,0,1.7097434579227411e-14,0
2350.6718888896703,-445.21225728888874,-261.20783592270539,0,0,1.4823208450636502,-9.9978769372688114e-05,6,6,-451.1887888713365,-260.67767533948137,-439.23572570644097,-261.7379965059294,0,6.9944050551384862e-15,5.6843418860808015e-14
2353.5703745726419,-444.95580891391825,-258.32071738421894,0,0,1.4821146303893455,-4.2312557773438145e-05,6,6,-450.9322310424003,-257.78932436376232,-438.97938678543619,-258.85211040467556,0,8.659739592076221e-15,0
2356.468860255613,-444.69900645743053,-255.43363031393847,0,0,1.4820755603432663,1.5353619955444108e-05,6,6,-450.67540781980136,-254.90200379479953,-438.72260509505969,-255.9652568330774,0,6.6613381477509392e-15,0
2359.3673459385836,-444.44232858089356,-252.54653216671491,0,0,1.4821800820754396,-2.477186114386837e-09,6,6,-450.4187854771435,-252.01553031430134,-438.46587168464362,-253.07753401912848,0,1.6209256159527285e-14,0
2362.2658316215552,-444.18581169486924,-249.65941970933537,0,0,1.4821800771282911,-9.3642271536137428e-10,6,6,-450.16226858849222,-249.12841782735538,-438.20935480124626,-250.19042159131536,0,8.8817841970012523e-16,0
2365.1643173045263,-443.9292948010085,-246.77230725265079,0,0,1.4821800766470243,6.0434115434575791e-10,6,6,-449.90575169437591,-246.24130536779452,-437.95283790764108,-247.30330913750706,0,1.6653345369377348e-14,0
2368.0628029874979,-443.67277791220511,-243.88519479551633,0,0,1.4821800806316392,2.1451047202892108e-09,6,6,-449.6492348076884,-243.35419293447396,-437.69632101672181,-244.4161966565587,0,2.3092638912203256e-14,2.8421709430404007e-14
2370.961288670469,-443.41626104007224,-240.99808233689942,0,0,1.482180087090442,1.6279761893494903e-09,6,6,-449.39271793898513,-240.46708051445779,-437.43980414115936,-241.52908415934104,0,1.3655743202889425e-14,0
2373.8597743534406,-443.15974418140496,-238.11096987708297,0,0,1.4821800895761692,8.7214103231968907e-11,6,6,-449.13620108163781,-237.5799680694972,-437.18328728117211,-238.64197168466873,0,1.5654144647214707e-14,0
2376.7582600364112,-442.90322732346777,-235.22385741720507,0,0,1.4821800875960196,-1.4535479390473158e-09,6,6,-448.87968422264913,-234.69285559778501,-436.92677042428642,-235.75485923662512,0,2.0095036745715333e-14,0
2379.6567457193823,-442.64671045341163,-232.33674495840035,0,0,1.4821800813641213,-2.3195232547081277e-09,6,6,-448.62316734928385,-231.80574310173563,-436.67025355753941,-232.86774681506506,0,9.7699626167013776e-15,0
2382.5552314023539,-442.39019356599306,-229.44963250114193,0,0,1.4821800768739537,-7.7876180912219191e-10,6,6,-448.36665045948098,-228.91863061764192,-436.41373667250514,-229.98063438464195,0,8.8817841970012523e-16,0
2385.453717085325,-442.1336766720579,-226.56252004446546,0,0,1.4821800768496618,7.6200002789732382e-10,6,6,-448.11013356553292,-226.03151816082027,-436.15721977858288,-227.09352192811065,0,1.1768364061026659e-14,0
2388.3522027682966,-441.8771597844991,-223.67540758721921,0,0,1.4821800812912456,2.3027614819097359e-09,6,6,-447.85361668033261,-223.14440573011896,-435.90070288866559,-224.20640944431946,0,2.0872192862952943e-14,0
2391.2506884512677,-441.62054605362056,-220.7883037370558,0,0,1.4821054867222758,-1.6586009599756028e-05,6,6,-447.59696332297193,-220.25685607020716,-435.64412878426918,-221.31975140390443,0,2.4424906541753444e-15,0
2394.1491741342388,-441.36380537684568,-217.90121117204288,0,0,1.4821207595126309,2.7124470988251658e-05,6,6,-447.34023076218881,-217.36985478182427,-435.38737999150254,-218.43256756226148,0,2.7977620220553945e-14,0
2397.0476598172099,-441.10729168399087,-215.01409843342475,0,0,1.4822627265196047,7.0834967122660798e-05,6,6,-447.08379244418376,-214.4835905037823,-435.13079092379797,-215.5446063630672,0,1.3988810110276972e-14,0
2399.946145500181,-440.85137228653485,-212.12693296104607,0,0,1.4825296977597027,9.669979138285976e-05,6,6,-446.82801446410247,-211.59802060410968,-434.87473010896724,-212.65584531798245,0,1.1768364061026659e-14,0
2402.8446311831526,-440.5961912100442,-209.2397021347102,0,0,1.4827287121207595,4.0623197201938692e-05,6,6,-446.57293853040829,-208.71197922586441,-434.6194438896801,-209.76742504355599,0,1.8096635301390052e-14,0
2405.7431168661237,-440.34135009409044,-206.35244127729052,0,0,1.4827651892708082,-1.5453398558505232e-05,6,6,-446.31811666030598,-205.82493638350459,-434.36458352787491,-206.87994617107645,0,2.6867397195928788e-14,0
2408.6416025490953,-440.08637965393314,-203.46519183922669,0,0,1.4826391292107062,-7.1529994807579696e-05,6,6,-446.06307967536145,-202.93693351808153,-434.10967963250482,-203.99345016037185,0,3.9968028886505635e-15,0
2411.5400882320664,-439.83109649121803,-200.57797003261538,0,0,1.4825942872365552,-1.1316452835556931e-05,6,6,-445.80777281849134,-200.04944370497356,-433.85442016394472,-201.10649636025721,0,5.773159728050814e-15,0
2414.4385739150375,-439.57571355235086,-197.690757049946,0,0,1.4825463280098059,-2.1776155834182272e-05,6,6,-445.55236452503675,-197.16194408613691,-433.59906257966497,-198.21957001375509,0,2.3980817331903381e-14,0
2417.3370595980086,-439.32014837928511,-194.80356019271704,0,0,1.4824680514882989,-3.2235855100962456e-05,6,6,-445.29675794002162,-194.27427939908011,-433.34353881854861,-195.33284098635397,0,1.7319479184152442e-14,0
2420.2355452809797,-439.06430629729061,-191.91638786091536,0,0,1.4823506606293106,-4.2809949925275473e-05,6,6,-445.04085368411955,-191.38640547159679,-433.08775891046167,-192.44637025023394,0,5.3290705182007514e-15,0
2423.1340309639513,-438.8081346117869,-189.0292447546388,0,0,1.4822596544793953,-1.9985705431959706e-05,6,6,-444.78463374220991,-188.49871846494818,-432.83163548136389,-189.55977104432941,0,2.1649348980190553e-14,0
2426.0325166469224,-438.55179567938706,-186.1421164918716,0,0,1.4822348040575153,2.8385291843807718e-06,6,6,-444.52828162416256,-185.61144168382006,-432.57530973461155,-186.67279129992315,0,4.6629367034256575e-15,0
2428.931002329894,-438.29548050067541,-183.25498612032183,0,0,1.4822761093576113,2.5662769797210279e-05,6,6,-444.27198836003481,-182.72455817326841,-432.31897264131601,-183.78541406737526,0,2.8643754035329039e-14,0
2431.8294880128647,-438.03924626476879,-180.36784856372191,0,0,1.4822780015716681,-1.0191932494905447e-09,6,6,-444.01575512780073,-179.83743192550159,-432.06273740173685,-180.89826520194222,0,2.6090241078691179e-14,0
2434.7279736958362,-437.78301208959556,-177.48071100172913,0,0,1.4822779997327888,-2.496618605339484e-10,6,6,-443.75952095165212,-176.95029435251877,-431.806503227539,-178.0111276509395,0,2.1760371282653068e-14,0
2437.6264593788073,-437.52677791233339,-174.59357343992389,0,0,1.4822780001243854,5.1986959116735245e-10,6,6,-443.50328677459765,-174.06315679305388,-431.55026905006912,-175.1239900867939,0,2.1316282072803006e-14,0
2440.5249450617785,-437.27054373824149,-171.7064358778384,0,0,1.4822780010893057,4.4460785970109837e-16,6,6,-443.24705260101757,-171.17601923673527,-431.2940348754654,-172.23685251894153,0,1.4321877017664519e-14,0
2443.42343074475,-437.01430956486735,-168.81929831569124,0,0,1.4822780010893064,-2.6396288996779826e-17,6,6,-442.99081842764343,-168.28888167458811,-431.03780070209126,-169.34971495679437,0,1.4432899320127035e-14,0
2446.3219164277211,-436.75807539149315,-165.93216075354434,0,0,1.4822780010893057,-4.9740043769459914e-16,6,6,-442.73458425426924,-165.40174411244118,-430.78156652871706,-166.4625773946475,0,1.4543921622589551e-14,0
2449.2204021106922,-436.50184121811901,-163.04502319139749,0,0,1.4822780010893077,-7.3744312632302602e-17,6,6,-442.4783500808951,-162.51460655029436,-430.52533235534293,-163.57543983250062,0,1.4432899320127035e-14,2.8421709430404007e-14
2452.1188877936634,-436.24560704474487,-160.15788562925061,0,0,1.4822780010893075,-5.1872898525224649e-17,6,6,-442.22211590752096,-159.62746898814748,-430.26909818196879,-160.68830227035374,0,1.4432899320127035e-14,2.8421709430404007e-14
2455.0173734766349,-435.98937287137073,-157.2707480671032,0,0,1.4822780010893075,-3.0001484418142031e-17,6,6,-441.96588173414682,-156.74033142600007,-430.01286400859465,-157.80116470820633,0,1.4432899320127035e-14,2.8421709430404007e-14
2457.915859159606,-435.73313869799659,-154.38361050495632,0,0,1.4822780010893073,-8.1300703110635355e-18,6,6,-441.70964756077268,-153.85319386385319,-429.75662983522051,-154.91402714605945,0,1.4321877017664519e-14,2.8421709430404007e-14
2460.8143448425772,-435.47690452462246,-151.49647294280945,0,0,1.4822780010893026,-2.5623012289816409e-15,6,6,-441.45341338739854,-150.96605630170629,-429.50039566184637,-152.02688958391261,0,1.4321877017664519e-14,0
2463.7128305255487,-435.22067035124826,-148.60933538066229,0,0,1.482278001089296,-2.0912970802837675e-15,6,6,-441.19717921402435,-148.07891873955907,-429.24416148847217,-149.1397520217655,0,1.4321877017664519e-14,0
2466.6113162085194,-434.96443617787412,-145.7221978185157,0,0,1.4822780010892906,-1.6202929315859913e-15,6,6,-440.94094504065015,-145.19178117741245,-428.98792731509809,-146.25261445961894,0,1.4321877017664519e-14,0
2469.509801891491,-434.70820200577305,-142.83506025625476,0,0,1.4822780058691316,8.4121185631106242e-09,6,6,-440.68471087108441,-142.30464364371829,-428.73169314046169,-143.36547686879123,0,9.1038288019262836e-15,0
2472.4082875744621,-434.45196786930296,-139.94792269082876,0,0,1.4822780176855006,-2.5864105286280636e-10,6,6,-440.42847674088193,-139.41750614891293,-428.47545899772399,-140.47833923274459,0,2.0206059048177849e-14,0
2475.3067732574336,-434.19573373066822,-137.06078512559233,0,0,1.482278004369797,-8.9294006630748233e-09,6,6,-440.17224259518434,-136.53036850409507,-428.2192248661521,-137.5912017470896,0,5.9952043329758453e-15,0
2478.2052589404047,-433.93949951730957,-134.17364756699038,0,0,1.4822779659220209,-1.7600160074110744e-08,6,6,-439.91600836143232,-133.64323071570965,-427.96299067318682,-134.70406441827112,0,9.6589403142388619e-15,0
2481.1037446233759,-433.68326514855301,-131.28651002217995,0,0,1.4822779013560756,-1.7234255001615139e-08,6,6,-439.6597739584289,-130.75609278502029,-427.70675633867711,-131.81692725933962,0,1.4988010832439613e-14,0
2484.002230306347,-433.42703063931043,-128.3993724898358,0,0,1.4822778765349038,1.0726196968491576e-10,6,6,-439.40353943602071,-127.86895510433217,-427.45052184260015,-128.92978987533942,0,2.1649348980190553e-14,0
2486.9007159893181,-433.17079613096547,-125.51223495741245,0,0,1.4822779019778702,1.7448778945767698e-08,6,6,-439.14730494117117,-124.98181772396893,-427.19428732075977,-126.04265219085596,0,1.6320278461989801e-14,0
2489.7992016722897,-432.91456176424475,-122.62509741241868,0,0,1.4822779659172247,1.6825060916784489e-08,6,6,-438.89107060836494,-122.09468056110929,-426.93805292012456,-123.15551426372808,0,1.6209256159527285e-14,0
2492.6976873552608,-432.65832754870246,-119.73795985401047,0,0,1.482278003233628,8.9238346904902929e-09,6,6,-438.63483641261593,-119.20754322572289,-426.68181868478899,-120.26837648229805,0,6.3282712403633923e-15,0
2495.5961730382323,-432.40209340783781,-116.85082228897569,0,0,1.482278017648438,1.0226075373508307e-09,6,6,-438.37860227939711,-116.32040574683835,-426.42558453627851,-117.38123883111304,0,0,0
2498.4946587212035,-432.14585927553071,-113.96368472318184,0,0,1.4822780091616559,-6.8786183806588562e-09,6,6,-438.12236814258847,-113.43326813032317,-426.16935040847295,-114.49410131604051,0,2.1316282072803006e-14,0
2501.3931444041741,-431.88962512229199,-111.07654715924183,0,0,1.4822780103709461,1.3720610370570715e-09,6,6,-437.86613398999117,-110.54613057361048,-425.91311625459281,-111.60696374487317,0,3.3306690738754696e-15,0
2504.2916300871457,-431.63339097930896,-108.18940959439095,0,0,1.4822780121173711,-1.6700072738908589e-10,6,6,-437.60989984793451,-107.65899301919714,-425.6568821106834,-108.71982616958476,0,5.8841820305133297e-15,0
2507.1901157701168,-431.37715683492848,-105.30227202966476,0,0,1.4822780094028476,-1.7060625757772882e-09,6,6,-437.3536657021142,-104.77185543824757,-425.40064796774277,-105.83268862108196,0,2.7200464103316335e-14,0
2510.0886014530884,-431.12092267699956,-102.41513446614141,0,0,1.4822780037057948,-1.4737587416933701e-09,6,6,-437.09743154116347,-101.88471784067573,-425.14441381283564,-102.94555109160709,0,2.4313884239290928e-14,0
2512.9870871360595,-430.86468850608617,-99.5279969037733,0,0,1.4822780005493648,-7.0422690030157144e-10,6,6,-436.84119736857582,-98.997580259443197,-424.88817964359652,-100.0584135481034,0,2.4646951146678475e-14,1.4210854715202004e-14
2515.885572819031,-430.60845432927937,-96.640859341926088,0,0,1.4822779996234119,6.5305118077242337e-11,6,6,-436.58496319127789,-96.110442692062009,-424.63194546728084,-97.171275991790168,0,2.6867397195928788e-14,1.4210854715202004e-14
2518.7840585020017,-430.35222015301929,-93.753721780032876,0,0,1.4822780009279366,8.3483712004251282e-10,6,6,-436.32872901570977,-93.223305137965312,-424.37571129032881,-94.28413842210044,0,1.7763568394002505e-14,0
2521.6825441849728,-430.09598597962986,-90.866584217885432,0,0,1.4822780010893077,1.0876328061153467e-15,6,6,-436.07249484240594,-90.336167576782302,-424.11947711685377,-91.397000858988562,0,1.5654144647214707e-14,0
2524.5810298679444,-429.83975180625572,-87.979446655738272,0,0,1.4822780010893108,1.0657613920082737e-15,6,6,-435.81626066903181,-87.449030014635156,-423.86324294347963,-88.509863296841388,0,1.5654144647214707e-14,0
2527.4795155509155,-429.58351763288164,-85.092309093591425,0,0,1.482278001089314,1.0438899779012049e-15,6,6,-435.56002649565772,-84.561892452488323,-423.60700877010555,-85.622725734694527,0,1.5654144647214707e-14,1.4210854715202004e-14
2530.3780012338871,-429.32728345950738,-82.205171531443966,0,0,1.4822780010893108,1.6092216724538253e-15,6,6,-435.30379232228347,-81.67475489034085,-423.3507745967313,-82.735588172547082,0,1.5543122344752192e-14,0
2533.2764869168582,-429.07104928613325,-79.31803396929709,0,0,1.482278001089312,-8.5515614157074885e-16,6,6,-435.04755814890933,-78.787617328193988,-423.09454042335716,-79.848450610400192,0,1.5654144647214707e-14,0
2536.1749725998293,-428.81481511275911,-76.430896407150243,0,0,1.4822780010893057,-3.3195339555953287e-15,6,6,-434.79132397553519,-75.900479766047098,-422.83830624998302,-76.961313048253388,0,1.5654144647214707e-14,0
2539.0734582828004,-428.55858093938497,-73.543758845003353,0,0,1.4822780010893077,4.8943714497540799e-17,6,6,-434.53508980216105,-73.013342203900223,-422.58207207660888,-74.074175486106483,0,1.5654144647214707e-14,0
2541.9719439657715,-428.30234676601083,-70.656621282856477,0,0,1.4822780010893106,2.020445965717201e-15,6,6,-434.27885562878691,-70.126204641753361,-422.32583790323474,-71.187037923959593,0,1.5654144647214707e-14,0
2544.8704296487431,-428.04611259263669,-67.769483720709331,0,0,1.4822780010893193,3.9919482169370724e-15,6,6,-434.02262145541278,-67.239067079606272,-422.0696037298606,-68.299900361812391,0,1.6875389974302379e-14,0
2547.7689153317142,-427.78987841926261,-64.88234615856247,0,0,1.4822780010893337,5.963450468156777e-15,6,6,-433.76638728203869,-64.351929517459496,-421.81336955648652,-65.412762799665444,0,1.8096635301390052e-14,0
2550.6674010146858,-427.53364424588835,-61.995208596415019,0,0,1.4822780010893035,-8.8193596007644242e-16,6,6,-433.51015310866444,-61.46479195531186,-421.55713538311227,-62.525625237518177,0,1.4988010832439613e-14,7.1054273576010019e-15
2553.5658866976564,-427.27741007251421,-59.108071034268711,0,0,1.4822780010893002,-1.3748115228812609e-15,6,6,-433.2539189352903,-58.577654393165531,-421.30090120973813,-59.638487675371891,0,1.4988010832439613e-14,0
2556.464372380628,-427.02117589914002,-56.220933472121281,0,0,1.4822780010892955,-1.8676870856862738e-15,6,6,-432.9976847619161,-55.690516831018073,-421.04466703636393,-56.75135011322449,0,1.4321877017664519e-14,0
2559.3628580635991,-426.76494172647938,-53.333795909908019,0,0,1.4822780045485708,7.9779314708329267e-09,6,6,-432.74145059109031,-52.803379289479203,-420.78843286186844,-53.864212530336836,0,6.5503158452884236e-15,0
2562.2613437465702,-426.50870758545318,-50.446658344885442,0,0,1.4822780162216933,7.6703678927624955e-11,6,6,-432.48521645625573,-49.916241794221143,-420.53219871465063,-50.977074895549741,0,7.4384942649885488e-15,0
2565.1598294295418,-426.2524734450688,-47.559520779806476,0,0,1.4822780049932198,-7.8245241339645946e-09,6,6,-432.22898230991558,-47.029104162035111,-420.27596458022202,-48.089937397577842,0,2.0650148258027912e-14,7.1054273576010019e-15
2568.0583151125129,-425.99623923920655,-44.672383220541128,0,0,1.482277970863153,-1.5725749805861628e-08,6,6,-431.97274808595017,-44.141966398791112,-420.01973039246292,-45.202800042291145,0,2.19824158875781e-14,0
2570.956800795484,-425.7400048945064,-41.785245673597146,0,0,1.4822779120429528,-1.6329487512528671e-08,6,6,-431.71651371005078,-41.254828500307688,-419.76349607896202,-42.315662846886603,0,2.7422508708241367e-14,7.1054273576010019e-15
2573.8552864784551,-425.48377041775728,-38.898108138367483,0,0,1.482277887613751,-5.270407871826226e-10,6,6,-431.46027922034398,-38.367690819076685,-419.50726161517059,-39.428525457658282,0,1.1435297153639112e-14,0
2576.7537721614267,-425.2275359365978,-36.010970603529202,0,0,1.4822779089877123,1.5275405649739793e-08,6,6,-431.20404475052163,-35.480553411980068,-419.25102712267397,-36.541387795078336,0,8.8817841970012523e-16,0
2579.6522578443978,-424.97130158056837,-33.123833057591256,0,0,1.4822779677718099,1.625278890916365e-08,6,6,-430.94781042567229,-32.5934162173658,-418.99479273546444,-33.654249897816712,4.5474735088646412e-13,2.6645352591003757e-15,0
2582.5507435273689,-424.71506736798608,-30.236695498921009,0,0,1.4822780034294936,8.3515644359068957e-09,6,6,-430.6915762320034,-29.706278871804017,-418.73855850396876,-30.767112126038,0,1.532107773982716e-14,3.5527136788005009e-15
2585.4492292103405,-424.45883322529238,-27.349557934048029,0,0,1.4822780161855875,4.5033767744950208e-10,6,6,-430.43534209607577,-26.819141383167945,-418.48232435450899,-27.879974484928113,4.5474735088646412e-13,1.3322676295501878e-15,0
2588.3477148933111,-424.20259908636723,-24.462420368839528,0,0,1.4822780060400882,-7.4508892042345107e-09,6,6,-430.17910795176925,-23.932003757324779,-418.2260902209652,-24.992836980354276,0,1.5765166949677223e-14,3.5527136788005009e-15
2591.2462005762827,-423.94636491451791,-21.575282806554192,0,0,1.4822780010893066,1.568998760034965e-15,6,6,-429.922873777294,-21.044866165451051,-417.96985605174183,-22.105699447657333,0,1.5543122344752192e-14,0
2594.1446862592538,-423.69013074114378,-18.68814524440732,0,0,1.4822780010893142,3.5446019013996985e-15,6,6,-429.66663960391986,-18.157728603304225,-417.71362187836769,-19.218561885510415,0,1.6320278461989801e-14,0
2597.0431719422254,-423.43389656776964,-15.801007682259879,0,0,1.4822780010893273,5.520205042764832e-15,6,6,-429.41040543054572,-15.270591041156862,-417.45738770499355,-16.331424323362896,0,1.7319479184152442e-14,1.7763568394002505e-15
2599.9416576251965,-423.17766239439544,-12.91387012011301,0,0,1.4822780010893069,-1.0813478635441295e-15,6,6,-429.15417125717153,-12.383453479009873,-417.20115353161935,-13.444286761216148,0,1.5432100042289676e-14,1.7763568394002505e-15
2602.8401433081676,-422.9214282210213,-10.02673255796614,0,0,1.4822780010893015,-2.559291070268021e-15,6,6,-428.89793708379739,-9.4963159168629705,-416.94491935824522,-10.557149199069309,0,1.4988010832439613e-14,1.7763568394002505e-15
2605.7386289911392,-422.66519404764711,-7.1395949958187046,0,0,1.482278001089292,-4.0372342769921952e-15,6,6,-428.64170291042319,-6.6091783547154774,-416.68868518487102,-7.6700116369219318,0,1.4321877017664519e-14,8.8817841970012523e-16
2608.6371146741099,-422.40895987427297,-4.2524574336724017,0,0,1.4822780010892782,-5.5151774837157773e-15,6,6,-428.385468737049,-3.7220407925690919,-416.43245101149694,-4.7828740747757115,0,1.27675647831893e-14,1.7763568394002505e-15
2611.5356003570814,-422.15272570089883,-1.365319871524961,0,0,1.4822780010893046,-1.1332317826588079e-15,6,6,-428.12923456367491,-0.83490323042181003,-416.17621683812274,-1.895736512628112,0,1.5210055437364645e-14,1.5543122344752192e-15
2614.4340860400525,-421.89649152752469,1.5218176906219094,0,0,1.4822780010893015,-1.1332317826588065e-15,6,6,-427.87300039030077,2.0522343317250802,-415.9199826647486,0.99140104951873886,0,1.5099033134902129e-14,1.3322676295501878e-15
2617.3325717230241,-421.64025735415044,4.4089552527693474,0,0,1.4822780010892982,-1.1332317826588053e-15,6,6,-427.61676621692652,4.9393718938725373,-415.66374849137435,3.8785386116661571,0,1.4876988529977098e-14,8.8817841970012523e-16
2620.2310574059952,-421.38402318077635,7.2960928149162187,0,0,1.4822780010893024,-1.9201036974183698e-15,6,6,-427.36053204355244,7.8265094560193829,-415.40751431800027,6.7656761738130546,0,1.5099033134902129e-14,8.8817841970012523e-16
2623.1295430889663,-421.12778900740221,10.18323037706309,0,0,1.4822780010892962,-2.4129792602232782e-15,6,6,-427.1042978701783,10.713647018166292,-415.15128014462613,9.6528137359598887,0,1.4543921622589551e-14,1.7763568394002505e-15
2626.0280287719374,-420.87155483402802,13.070367939209961,0,0,1.4822780010892884,-2.9058548230281838e-15,6,6,-426.84806369680405,13.600784580313208,-414.89504597125199,12.539951298106713,0,1.3988810110276972e-14,1.7763568394002505e-15
2628.9265144549086,-420.61532066065388,15.957505501356831,0,0,1.4822780010892793,-3.3987303858330878e-15,6,6,-426.59182952342991,16.487922142460132,-414.63881179787785,15.427088860253528,0,1.3100631690576847e-14,0
2631.8250001378801,-420.3590864846592,18.844643063276283,0,0,1.4822779996410194,-1.1663621200962997e-10,6,6,-426.33559534666705,19.375059713035125,-414.38257762265135,18.314226413517442,0,5.5511151231257827e-15,0
2634.7234858208512,-420.10285230768858,21.731780625107721,0,0,1.4822780004181926,6.5289776092475633e-10,6,6,-426.07936117010865,22.26219727022178,-414.1263434452685,21.201363979993662,0,2.5091040356528538e-14,0
2637.6219715038228,-419.84661813618158,24.618918187424349,0,0,1.4822780034258487,1.4224315697728591e-09,6,6,-425.82312700019696,25.149334814563122,-413.87010927216619,24.088501560285575,0,3.5527136788005009e-15,0
2640.5204571867939,-419.5903839771608,27.506055750850749,0,0,1.4822780090630483,1.8087281226907874e-09,6,6,-425.56689284416626,28.036472344298751,-413.61387511015533,26.975639157402746,0,1.2212453270876722e-15,0
2643.4189428697646,-419.33414983222906,30.39319331552608,0,0,1.4822780120751435,2.6966424234082404e-10,6,6,-425.31065870083222,30.923609890972269,-413.3576409636259,29.862776740079891,0,2.3980817331903381e-14,3.5527136788005009e-15
2646.3174285527361,-419.07791568955372,33.280330880404271,0,0,1.4822780106262845,-1.2693995024657111e-09,6,6,-425.05442455738836,33.810747464509582,-413.10140682171908,32.749914296298961,0,9.1038288019262836e-15,0
2649.2159142357073,-418.82168153670409,36.167468444379089,0,0,1.4822780077807813,7.4056606146274008e-09,6,6,-424.79819040302942,36.697885045490573,-412.84517267037876,35.637051843267606,0,8.8817841970012523e-15,0
2652.1143999186788,-418.5654474026154,39.054606010015718,0,0,1.4822780177951869,-4.955661188963273e-10,6,6,-424.54195627425253,39.585022551276019,-412.58893853097828,38.524189468755416,0,1.2545520178264269e-14,0
2655.0128856016499,-418.30921326437965,41.941743575283503,0,0,1.4822780049079973,-8.3967942317588184e-09,6,6,-424.28572212918124,42.472160193564207,-412.33270439957806,41.4113269570028,0,5.5511151231257827e-15,0
2657.9113712846215,-418.05297905587679,44.828881134315822,0,0,1.4822779691192118,-1.6298021561987072e-08,6,6,-424.0294879016954,45.359297966488512,-412.07647021005818,44.298464302143131,0,2.4646951146678475e-14,0
2660.8098569675922,-417.79674470144784,47.716018680399301,0,0,1.4822779054632362,-1.8605522773549244e-08,6,6,-423.7732535135022,48.246435893012496,-411.82023588939347,47.185601467786107,4.5474735088646412e-13,1.6209256159527285e-14,0
2663.7083426505633,-417.54051019832565,50.603156213286532,0,0,1.4822778766674645,-1.2640057368166222e-09,6,6,-423.51701899510624,51.133573597997909,-411.56400140154506,50.072738828575154,0,2.6645352591003757e-14,0
2666.6068283335348,-417.28427568462587,53.49029374523419,0,0,1.4822778981358313,1.6077511243524414e-08,6,6,-423.26078449279368,54.020711001639683,-411.30776687645806,52.959876488828698,0,7.7715611723760958e-15,0
2669.505314016506,-417.0280413034522,56.377431288944017,0,0,1.4822779624633169,1.8178529562868808e-08,6,6,-423.00455014574038,56.907848160895725,-411.05153246116402,55.847014416992309,0,1.0769163338864018e-14,7.1054273576010019e-15
2672.4037996994775,-416.77180708252786,59.264568846874717,0,0,1.4822780025874909,9.5077716834320486e-09,6,6,-422.74831594609856,59.794985479023943,-410.79529821895716,58.734152214725491,4.5474735088646412e-13,1.4099832412739488e-14,0
2675.3022853824486,-416.51557294116736,62.151706411869164,0,0,1.4822780175795969,8.3701359191932129e-10,6,6,-422.49208181269017,62.682122954417935,-410.53906406964455,61.621289869320393,0,3.5527136788005009e-15,0
2678.2007710654198,-416.25933880681151,65.038843977483381,0,0,1.4822780074396347,-7.8337445182572067e-09,6,6,-422.23584767295591,65.569260580633724,-410.28282994066711,64.508427374333039,0,1.6653345369377348e-14,0
2681.0992567483909,-416.00310463578387,67.925981539839114,0,0,1.4822780010893126,2.2456478047925194e-15,6,6,-421.97961349855996,68.456398180942216,-410.02659577300778,67.395564898736012,0,1.5543122344752192e-14,0
2683.997742431362,-415.74687046240979,70.813119101985976,0,0,1.4822780010893191,2.2347120977389897e-15,6,6,-421.72337932518587,71.343535743089035,-409.7703615996337,70.282702460882916,0,1.6764367671839864e-14,0
2686.8962281143336,-415.49063628903565,73.70025666413342,0,0,1.4822780010893255,2.223776390685462e-15,6,6,-421.46714515181174,74.230673305236451,-409.51412742625956,73.169840023030389,0,1.6986412276764895e-14,0
2689.7947137973047,-415.23440211566145,76.587394226280281,0,0,1.4822780010893073,-4.321876691141129e-16,6,6,-421.21091097843754,77.117810867383412,-409.25789325288537,76.056977585177151,0,1.5654144647214707e-14,0
2692.6931994802762,-414.97816794228726,79.474531788427726,0,0,1.4822780010893066,4.9752186637356061e-17,6,6,-420.95467680506334,80.00494842953087,-409.00165907951117,78.944115147324581,4.5474735088646412e-13,1.5654144647214707e-14,0
2695.5916851632469,-414.72193376891317,82.361669350574033,0,0,1.4822780010893075,5.3169204238863818e-16,6,6,-420.69844263168926,82.892085991677163,-408.74542490613709,81.831252709470903,0,1.5654144647214707e-14,0
2698.4901708462185,-414.46569959553898,85.248806912721463,0,0,1.4822780010893097,1.0136318981401138e-15,6,6,-420.44220845831506,85.779223553824579,-408.48919073276289,84.718390271618347,4.5474735088646412e-13,1.5654144647214707e-14,0
2701.3886565291896,-414.20946542216484,88.135944474868339,0,0,1.4822780010893064,2.4217296205807406e-16,6,6,-420.18597428494093,88.666361115971483,-408.23295655938875,87.605527833765194,4.5474735088646412e-13,1.5654144647214707e-14,0
2704.2871422121607,-413.9532312487907,91.0230820370152,0,0,1.4822780010893057,-7.5451387060529761e-16,6,6,-419.92974011156679,91.553498678118345,-407.97672238601461,90.492665395912056,4.5474735088646412e-13,1.5654144647214707e-14,0
2707.1856278951323,-413.6969970754165,93.910219599162062,0,0,1.4822780010893022,-1.7512007032686779e-15,6,6,-419.67350593819259,94.440636240265235,-407.72048821264042,93.379802958058889,0,1.5765166949677223e-14,0
2710.0841135781034,-413.44076290150053,96.797357161263264,0,0,1.4822780002298503,-5.7120233960065585e-10,6,6,-419.41727176382074,97.32777380750295,-407.46425403918033,96.266940515023578,0,1.9539925233402755e-14,0
2712.9825992610745,-413.18452872432795,99.684494723077066,0,0,1.4822779996894666,1.9832916408423414e-10,6,6,-419.16103758636149,100.21491137254637,-407.20801986229441,99.154078073607764,0,1.4543921622589551e-14,0
2715.8810849440456,-412.9282945488149,102.57163228503931,0,0,1.4822780013795587,9.6786061792486573e-10,6,6,-418.90480341174492,103.10204892440775,-406.95178568588489,102.04121564567087,0,1.8207657603852567e-14,1.4210854715202004e-14
2718.7795706270172,-412.67206038140131,105.4587698477211,0,0,1.4822780053001265,1.7373918285219759e-09,6,6,-418.64856924641089,105.98918646365824,-406.69555151639173,104.92835323178396,0,3.7747582837255322e-15,0
2721.6780563099883,-412.41582622909232,108.34590741174155,0,0,1.4822780108351756,1.1787915001912564e-09,6,6,-418.39233509703774,108.87632399459842,-406.43931736114689,107.81549082888468,0,1.2212453270876722e-15,0
2724.5765419929594,-412.15959208664083,111.23304497664026,0,0,1.4822780120214123,-3.6026976131940711e-10,6,6,-418.13610095521545,111.76346155240758,-406.1830832180662,110.70262840087294,4.5474735088646412e-13,7.1054273576010019e-15,0
2727.475027675931,-411.9033579411747,114.12018254126971,0,0,1.482278008746702,-1.8993312039166649e-09,6,6,-417.87986680801237,114.65059913660836,-405.92684907433704,113.58976594593106,0,2.886579864025407e-15,0
2730.3735133589016,-411.64712378120231,117.00732010460827,0,0,1.4822780031869645,-1.3771223339254242e-09,6,6,-417.62363264509099,117.53773673317474,-405.67061491731363,116.4769034760418,0,2.5091040356528538e-14,1.4210854715202004e-14
2733.2719990418732,-411.3908896091952,119.8944576668807,0,0,1.4822780003106326,-6.0759101817941576e-10,6,6,-417.36739847155826,120.42487431263758,-405.41438074683214,119.36404102112381,4.5474735088646412e-13,1.5876189252139739e-14,0
2736.1704847248443,-411.1346554321035,122.78159522870281,0,0,1.4822779996647768,1.6194045026677185e-10,6,6,-417.11116429412397,123.31201187831967,-405.15814657008303,122.25117857908596,4.5474735088646412e-13,8.659739592076221e-15,0
2739.0689704078159,-410.87842125650468,125.66873279065723,0,0,1.4822780028003177,9.4405680788231221e-09,6,6,-416.85493012018827,126.1991494215345,-404.90191239282109,125.13831615977996,4.5474735088646412e-13,1.2989609388114332e-14,0
2741.967456090787,-410.62218711547774,128.55587035567828,0,0,1.4822780175976329,7.698085078043132e-10,6,6,-416.5986959870101,129.08628689811925,-404.64567824394538,128.02545381323731,0,1.9984014443252818e-15,0
2744.8659417737581,-410.36595298089253,131.44300792127382,0,0,1.4822780072628756,-7.9009510803932073e-09,6,6,-416.34246184694314,131.97342452548057,-404.38944411484192,130.91259131706707,4.5474735088646412e-13,2.19824158875781e-14,0
2747.7644274567292,-410.10971878018978,134.3301454809999,0,0,1.4822779717960459,-1.6571710492357231e-08,6,6,-416.08622762742823,134.86056229717448,-404.13320993295133,133.79972866482532,0,2.5868196473766147e-14,0
2750.6629131397003,-409.8534844335046,137.21728302776839,0,0,1.4822779076346646,-1.9291153971093783e-08,6,6,-415.82999324671073,137.74770022740401,-403.87697562029848,136.68686582813277,0,1.6431300764452317e-14,0
2753.5613988226719,-409.59724993378273,140.10442056095843,0,0,1.4822778768516012,-1.9496364233526272e-09,6,6,-415.57375873066098,140.63483794456931,-403.62074113690448,139.57400317734755,4.5474735088646412e-13,5.3290705182007514e-15,0
2756.459884505643,-409.34101541774584,142.9915580926984,0,0,1.4822778963326779,1.5391881037403263e-08,6,6,-415.3175242249572,143.52197535988046,-403.36450661053448,142.46114082551634,0,6.8833827526759706e-15,0
2759.3583701886146,-409.08485856627016,145.87870250803911,0,0,1.4825989908380823,0.00062701334058028256,6,6,-415.06153737945459,146.40720072377118,-403.10817975308572,145.35020429230704,4.5474735088646412e-13,2.2759572004815709e-14,0
2762.2568558715857,-408.83128825904026,148.76607514696994,0,0,1.4834952176946548,-8.588602361521756e-06,6,6,-414.80843832615437,149.28921669110278,-402.85413819192615,148.2429336028371,0,2.6867397195928788e-14,0
2765.1553415545563,-408.57764607297969,151.65344146248901,0,0,1.4825492006171384,-0.00064419291914837007,6,6,-414.55429856471295,152.18223725772449,-402.60099358124643,151.12464566725353,4.5474735088646412e-13,1.7541523789077473e-14,0
2768.0538272375279,-408.31861304789822,154.54032830902128,0,0,1.4797606925595395,-0.0012799564747832501,6,6,-414.29376775366262,155.08578797039118,-402.34345834213383,153.99486864765137,0,6.4392935428259079e-15,0
2770.952312920499,-408.11646149197611,157.43122968878652,0,0,1.5321041864547496,0.013647381419808051,6,6,-414.11197080708928,157.66332460986703,-402.12095217686294,157.199134767706,0,1.7652546091539989e-14,0
2773.8507986034706,-408.01732096899201,160.32799914763297,0,0,1.5258294520010043,-0.018088395340499774,6,6,-414.01125593157798,160.59770948167591,-402.02338600640604,160.05828881359002,0,4.4408920985006262e-16,0
2776.7492842864417,-407.76215507194831,163.21389182602442,0,0,1.4210871193935843,-0.056096568489842361,6,6,-413.69504202174573,164.10879541911316,-401.82926812215089,162.31898823293568,0,1.2212453270876722e-14,2.8421709430404007e-14
2779.6477699694133,-407.05522915644644,166.01996481921259,0,0,1.2450923907445788,-0.025020860066717113,6,6,-412.73978346849685,167.93981957240328,-401.37067484439604,164.1001100660219,0,2.0872192862952943e-14,0
2782.5462556523839,-406.00767799714873,168.72131297611335,0,0,1.1477189838678998,-0.043689398187038542,6,6,-411.47865679748446,171.18472341010053,-400.536699196813,166.25790254212617,0,5.6621374255882984e-15,0
2785.444741335355,-404.61804341959976,171.26090389471173,0,0,0.97512762872092951,-0.080104801618923416,6,6,-409.58468443511998,174.62727835738696,-399.65140240407953,167.89452943203651,0,4.4408920985006262e-15,2.8421709430404007e-14
2788.3432270183266,-402.66593922996327,173.38552149008069,0,0,0.64286936113978566,-0.15688138161607368,6,6,-406.26290612303904,178.18779482362982,-399.0689723368875,168.58324815653157,0,2.886579864025407e-15,0
2791.2417127012977,-400.06371983458166,174.6274238797441,0,0,0.28824139269817967,-0.085267084434406948,6,6,-401.76931948927165,180.37989550661209,-398.35812017989167,168.87495225287611,0,7.7715611723760958e-15,0
2794.1401983842693,-397.21909582617485,175.16087017509878,0,0,0.098826610418881633,-0.050973770037532021,6,6,-397.81109075017429,181.13159391765788,-396.62710090217541,169.19014643253968,0,5.6621374255882984e-15,0
2797.0386840672404,-394.32406313698459,175.2548799801225,0,0,-0.028348507208576838,-0.039380369387444686,6,6,-394.15399487475145,181.25246922799377,-394.49413139921774,169.25729073225122,0,7.1054273576010019e-15,0
2799.937169750212,-391.45013228494037,174.92999743172007,0,0,-0.24294993182003619,-0.089547994447393697,6,6,-390.00673047204219,180.75379268967018,-392.89353409783854,169.10620217376996,0,1.2656542480726785e-14,0
2802.8356554331826,-388.71854402653446,173.96981287177917,0,0,-0.40133124648148111,-0.023698996380115488,6,6,-386.37467909001197,179.49306346896742,-391.06240896305695,168.44656227459092,4.5474735088646412e-13,9.6589403142388619e-15,0
2805.7341411161538,-386.06046185246191,172.81416400060988,0,0,-0.39373547282704385,0.028846208607730763,6,6,-383.75861748912132,178.35505856078308,-388.3623062158025,167.27326944043668,0,4.4408920985006262e-16,0
2808.6326267991253,-383.31603510232986,171.89262452021413,0,0,-0.23654456323882408,-0.020887908004862787,6,6,-381.90996619989693,177.72554576446311,-384.7221040047628,166.05970327596515,0,1.4210854715202004e-14,0
2811.5311124820964,-380.50677191070008,171.17910129454665,0,0,-0.24435604699649005,0.013868207940407379,6,6,-379.05518260052145,177.0008612066845,-381.95836122087871,165.3573413824088,0,2.6645352591003757e-15,0
2814.429598165068,-377.67168465407724,170.58101128230993,0,0,-0.15374465108396748,0.050921078521088563,6,6,-376.75284658146404,176.5102386009676,-378.59052272669044,164.65178396365226,0,1.3100631690576847e-14,0
2817.3280838480391,-374.78373141498719,170.42391524754564,0,0,0.074530196440824495,0.11188514313021071,6,6,-375.23049871197713,176.40725870938536,-374.33696411799724,164.44057178570591,0,6.6613381477509392e-15,0
2820.2265695310098,-371.97906322209951,171.10912852259113,0,0,0.37547638462038707,0.076713219911538108,6,6,-374.17935782426838,176.69112670099165,-369.77876861993064,165.52713034419062,0,4.6629367034256575e-15,0
2823.1250552139813,-369.40655536694288,172.43488694026175,0,0,0.56867378837565496,0.060781871408406705,6,6,-372.63764558077719,177.49058234545222,-366.17546515310858,167.37919153507127,0,6.2172489379008766e-15,2.8421709430404007e-14
2826.0235408969525,-367.11431261921024,174.20257000793328,0,0,0.74770984315919098,0.066230298464923676,6,6,-371.19408036931878,178.60205805828349,-363.03454486910169,169.80308195758306,0,2.0872192862952943e-14,0
2828.922026579924,-365.21990753748156,176.38746961792572,0,0,0.98595460824090453,0.10031639209601997,6,6,-370.22270440764089,179.69987410348057,-360.21711066732223,173.07506513237087,0,9.6589403142388619e-15,0
2831.8205122628951,-363.93065769840757,178.97656983782903,0,0,1.212536234579477,0.060631526997086876,6,6,-369.54970768704385,181.08044179809815,-358.31160770977129,176.87269787755992,0,1.099120794378905e-14,0
2834.7189979458667,-363.12673984609773,181.75872258023466,0,0,1.3574413311275866,0.041785993675036236,6,6,-368.99069602384509,183.02916264000072,-357.26278366835038,180.4882825204686,0,1.4210854715202004e-14,0
2837.6174836288374,-362.67215545487016,184.61992754283958,0,0,1.4653671477951886,0.034184603998024435,6,6,-368.63884039561367,185.25133138975929,-356.70547051412666,183.98852369591987,0,2.298161660974074e-14,0
2840.5159693118085,-362.60290035745942,187.51321973800864,0,0,1.6397322316019058,0.055124969832518293,6,6,-368.58864952540421,187.09993182571486,-356.61715118951463,187.92650765030243,0,7.5495165674510645e-15,0
2843.41445499478,-362.98612138217703,190.38471874601615,0,0,1.7519718478696829,0.023555779314272749,6,6,-368.88791674240497,189.3036028752642,-357.0843260219491,191.46583461676809,0,2.5979218776228663e-14,0
2846.3129406777512,-363.56811018393518,193.22406011431661,0,0,1.7811092771551862,-0.0031874205549160357,6,6,-369.4359039593229,191.97146432575556,-357.70031640854745,194.47665590287767,0,1.1879386363489175e-14,0
2849.2114263607227,-364.13804571820219,196.06586616076399,0,0,1.7691808791343377,0.014878888712347615,6,6,-370.02036315089333,194.88335120480858,-358.25572828551105,197.2483811167194,4.5474735088646412e-13,2.0872192862952943e-14,0
2852.1099120436938,-364.76138098997234,198.89639259225373,0,0,1.8027576540752666,0.0083127672635747978,6,6,-370.60068529399751,197.51707201856792,-358.92207668594716,200.27571316593955,0,1.3988810110276972e-14,2.8421709430404007e-14
2855.008397726665,-365.45284108336762,201.71116554350593,0,0,1.817490124648236,0.0018666510513342741,6,6,-371.27119163626082,200.24597038802415,-359.63449053047441,203.17636069898771,0,2.2204460492503131e-14,0
2857.9068834096361,-366.15953752146589,204.52217693863162,0,0,1.8135943071246614,-0.0045642036722009028,6,6,-371.98355203923813,203.07966007676205,-360.33552300369365,205.96469380050118,4.5474735088646412e-13,2.886579864025407e-14,0
2860.8053690926072,-366.85892367752234,207.33501311740358,0,0,1.817869066107543,0.0021834504624451546,6,6,-372.67671858949069,205.86761325292383,-361.04112876555399,208.80241298188332,0,1.7097434579227411e-14,0
2863.7038547755787,-367.57537369508395,210.14355393840802,0,0,1.8227963815021317,0.0012165236549502632,6,6,-373.38586767102618,208.64750589254211,-361.76487971914173,211.63960198427392,0,6.6613381477509392e-16,0
2866.6023404585499,-368.30172315900677,212.94955330956864,0,0,1.8249214866889183,0.00024985873176206511,6,6,-374.10902475758019,211.44116074023978,-362.49442156043335,214.4579458788975,0,1.9761969838327786e-14,0
2869.5008261415214,-369.03139137733228,215.75469173620962,0,0,1.8265354204884265,0.0012944914272540679,6,6,-374.83625096783544,214.23692853513253,-363.22653178682913,217.27245493728671,0,3.3306690738754696e-16,0
2872.3993118244921,-369.76892795168015,218.55777105488752,0,0,1.8292972810389267,0.00061125783503642589,6,6,-375.56957355784857,217.02398145013751,-363.96828234551174,220.09156065963754,0,1.2434497875801753e-14,0
2875.2977975074637,-370.51142993420859,221.35954006618809,0,0,1.8300789675746483,-7.1873066383411119e-05,6,6,-376.31087482562111,219.82121664392966,-364.71198504279607,222.89786348844652,0,2.2870594307278225e-14,0
2878.1962831904348,-371.2533481922431,224.16146360324922,0,0,1.8288806211417605,-0.00075501778935361695,6,6,-377.0546323635001,222.63009102796815,-365.45206402098609,225.69283617853029,0,8.2156503822261584e-15,0
2881.0947688734059,-371.99285364992312,226.96402509674249,0,0,1.828781570740289,1.2510962413057665e-08,6,6,-377.79428947579009,225.43322714849884,-366.19141782405615,228.49482304498613,0,1.8873791418627661e-14,0
2883.9932545563775,-372.73235300370561,229.76658820221542,0,0,1.8287815858258878,-2.1016657258092723e-09,6,6,-378.53378880647961,228.23579016645363,-366.93091720093162,231.29738623797721,0,1.9317880628477724e-14,0
2886.8917402393486,-373.47185234041615,232.56915131219372,0,0,1.8287815585569906,-1.6714296162916552e-08,6,6,-379.27328818493334,231.03835343463069,-367.67041649589896,234.09994918975676,0,2.2870594307278225e-14,0
2889.7902259223197,-374.21135155738352,235.37171445376501,0,0,1.8287815138145926,-9.6781426370733845e-09,6,6,-380.01278747039225,233.84091683577213,-368.40991564437479,236.90251207175788,0,5.1070259132757201e-15,0
2892.6887116052908,-374.95085068666839,238.17427761846804,0,0,1.8287814915233442,-5.7031634970321916e-09,6,6,-380.75228663380051,236.64348012979642,-369.14941473953627,239.70507510713966,0,1.3100631690576847e-14,0
2895.5871972882624,-375.69034976962672,240.97684079540028,0,0,1.8287814807535188,-1.7281827221265573e-09,6,6,-381.49178573324525,239.44604336920909,-369.88891380600819,242.50763822159146,0,2.4202861936828413e-14,2.8421709430404007e-14
2898.4856829712335,-376.42984883844832,243.77940397605968,0,0,1.8287814803005642,-4.9776710623303886e-09,6,6,-382.23128480276023,242.24860655249628,-370.62841287413642,245.31020139962308,0,2.708944180085382e-14,0
2901.3841686542046,-377.16934789052641,246.5819671611421,0,0,1.8287814690914681,-2.7567789126293801e-09,6,6,-382.97078387199718,245.05116980260757,-371.36791190905564,248.11276451967663,0,1.2434497875801753e-14,0
2904.2826543371762,-377.90884692021081,249.38453035213399,0,0,1.8287814643195952,-5.3588743546814064e-10,6,6,-383.71028290898636,247.85373302128318,-372.10741093143525,250.91532768298481,0,2.2870594307278225e-14,0
2907.1811400201468,-378.64834594554179,252.1870935442733,0,0,1.828781465984944,1.685003910957672e-09,6,6,-384.44978193176803,250.65629620376106,-372.84690995931555,253.71789088478553,0,3.3306690738754696e-15,0
2910.0796257031184,-379.38784498003264,254.98965673399127,0,0,1.8287814683859493,8.4405054121479154e-16,6,6,-385.18928096258344,253.45885937954975,-373.58640899748184,256.52045408843276,0,2.3314683517128287e-14,0
2912.9781113860895,-380.12734401592775,257.79221992333555,0,0,1.8287814683859496,-7.1750489925498953e-16,6,6,-385.92877999847855,256.26142256889403,-374.32590803337695,259.32301727777707,0,3.0420110874729289e-14,0
2915.8765970690611,-380.86684305182285,260.59478311267986,0,0,1.8287814683859454,-2.2790603397247687e-15,6,6,-386.66827903437365,259.0639857582384,-375.06540706927206,262.12558046712132,0,3.0531133177191805e-14,0
2918.7750827520322,-381.60677616712195,263.39723146063415,0,0,1.8306676405795117,0.0037561452335673085,6,6,-387.40531448425747,261.85549432846426,-375.80823784998643,264.93896859280403,0,1.0880185641326534e-14,0
2921.6735684350033,-382.36166370861184,266.19568503279061,0,0,1.83605210224533,-3.9770706868977767e-05,6,6,-388.15181658472585,264.62274839349806,-376.57151083249784,267.76862167208316,0,1.0880185641326534e-14,0
2924.5720541179744,-383.11622848390863,268.99422534476383,0,0,1.8304369618717986,-0.0038358125348974263,6,6,-388.91512229269239,267.45382585292765,-377.31733467512487,270.53462483660002,4.5474735088646412e-13,2.120525977034049e-14,0
2927.4705398009455,-383.83961916514414,271.80095479026767,0,0,1.8138072219686172,-0.0076402032127249071,6,6,-389.66332641765695,270.35719794196183,-378.01591191263134,273.24471163857351,4.5474735088646412e-13,1.0436096431476471e-14,0
2930.3690254839171,-384.5057405609046,274.62180350153056,0,0,1.7928790679976894,-0.0057249716279397685,6,6,-390.35838546412265,273.30023336081308,-378.65309565768655,275.94337364224805,0,2.6534330288541241e-14,0
2933.2675111668882,-385.12492179258078,277.45336321310555,0,0,1.7807754349315508,-0.0026274237250476827,6,6,-390.99313341033945,276.2027264116312,-379.2567101748221,278.70400001457989,0,1.9984014443252818e-15,0
2936.1659968498598,-385.72252177211186,280.28957296246364,0,0,1.7776438598459992,0.00046621031693215424,6,6,-391.59462107246247,279.05731900859621,-379.85042247176125,281.52182691633107,0,2.5091040356528538e-14,0
2939.0644825328309,-386.32366716182787,283.1250311424638,0,0,1.7825173690965983,0.0015428155136223514,6,6,-392.18969135065913,281.86417420527908,-380.45764297299661,284.38588807964851,0,1.8762769116165146e-14,0
2941.9629682158015,-386.9354663996067,285.95821312094387,0,0,1.7831441560218295,-0.001109767554327903,6,6,-392.80069914757837,284.6936796844065,-381.07023365163502,287.22274655748123,0,2.2870594307278225e-14,0
2944.8614538987731,-387.53814692106539,288.79334272539467,0,0,1.7760827456299912,-0.0037636252668704828,6,6,-393.41216275442036,287.57025728704832,-381.66413108771042,290.01642816374101,0,4.5519144009631418e-15,0
2947.7599395817442,-388.10985504322986,291.63485920165709,0,0,1.7613193036281067,-0.006424604232898189,6,6,-394.0012870352511,290.49862459410951,-382.21842305120862,292.77109380920467,0,1.1213252548714081e-14,0
2950.6584252647158,-388.63434952625727,294.48546377197522,0,0,1.7452916292322669,-0.0044989969541536397,6,6,-394.54323523889303,293.44379701383758,-382.7254638136215,295.52713053011286,0,1.7763568394002505e-14,0
2953.5569109476869,-389.12154589929139,297.34269745875002,0,0,1.7349928391603853,-0.0026074363321731517,6,6,-395.04084596911321,296.36193924012144,-383.20224582946958,298.3234556773786,0,1.787459069646502e-14,0
2956.4553966306585,-389.58713528269675,300.20354160255306,0,0,1.7301750380759413,-0.00071715532315226246,6,6,-395.51109173533109,299.25131266616637,-383.66317883006241,301.15577053893975,4.5474735088646412e-13,4.2188474935755949e-15,0
2959.3538823136291,-390.04781374473197,303.06518252593804,0,0,1.7324222376895253,0.0015610367574709033,6,6,-395.96961539296376,302.09964369243681,-384.12601209650018,304.03072135943927,0,5.1070259132757201e-15,0
2962.2523679966002,-390.5149849768377,305.92577114608184,0,0,1.7309349093116921,-0.0025862907481493166,6,6,-396.4382161479042,304.96904104092869,-384.59175380577119,306.882501251235,0,6.4392935428259079e-15,0
2965.1508536795718,-390.96068967655191,308.78976089204627,0,0,1.7174209900465196,-0.0067419182538531065,6,6,-396.89630876766989,307.91316177890758,-385.02507058543392,309.66636000518497,0,1.4321877017664519e-14,0
2968.0493393625429,-391.35032303311772,311.66185854167054,0,0,1.691830786568826,-0.010918141423841041,6,6,-397.30642863636189,310.9374235597686,-385.39421742987355,312.38629352357248,0,1.8873791418627661e-14,0
2970.9478250455145,-391.65465278910085,314.54421485326935,0,0,1.6623257339529429,-0.0076873458181797435,6,6,-397.62953743325869,313.99580488891149,-385.67976814494301,315.09262481762721,0,1.2212453270876722e-14,0
2973.8463107284856,-391.89472823082889,317.43271438180227,0,0,1.6476466284560987,-0.0024450578632616697,6,6,-397.87701904263321,316.97206631331409,-385.91243741902457,317.89336245029045,0,1.7319479184152442e-14,0
2976.7447964114572,-392.11431982935068,320.32286942122249,0,0,1.648139399106604,0.0027852868676127387,6,6,-398.09638292099714,319.8592735114467,-386.13225673770421,320.78646533099828,0,2.5979218776228663e-14,0
2979.6432820944278,-392.35567525887228,323.21126768809836,0,0,1.6603815586547899,0.0030662317803919095,6,6,-398.33161481548092,322.67447497600159,-386.37973570226364,323.74806040019513,0,2.19824158875781e-14,0
2982.5417677773989,-392.62062310679664,326.09761798419134,0,0,1.6617938609110334,-0.0020907317468899381,6,6,-398.59579859030231,325.55238597732392,-386.64544762329098,326.64284999105877,0,8.8817841970012523e-15,0
2985.4402534603705,-392.86806571000648,328.98549966115814,0,0,1.6482516561797529,-0.0072572917637555856,6,6,-398.85007672204119,328.52123222541076,-386.88605469797176,329.44976709690553,0,2.4424906541753444e-15,0
2988.3387391433416,-393.0546914012902,331.87787185031908,0,0,1.6196859182718288,-0.012680134953388015,6,6,-399.0475222529667,331.58465114301094,-387.0618605496137,332.17109255762722,0,9.3258734068513149e-15,0
2991.2372248263132,-393.15091452413174,334.77465999273511,0,0,1.5910095692700237,-0.0071069978083793455,6,6,-399.14968884035051,334.65338879634464,-387.15214020791296,334.89593118912558,0,9.5479180117763462e-15,0
2994.1357105092843,-393.18743471166431,337.67289610914474,0,0,1.5784671441733893,-0.0015513010886301886,6,6,-399.18725818821213,337.62687165623441,-387.18761123511649,337.71892056205508,0,1.9539925233402755e-14,0
2997.0341961922554,-393.21091618111149,340.57128465828583,0,0,1.5820075820635713,0.0039955741981689561,6,6,-399.210539108327,340.50401853583276,-387.21129325389597,340.63855078073891,0,7.9936057773011271e-15,0
2999.9326818752265,-393.26378121659491,343.46926518572707,0,0,1.5949804624512292,0.0026379766387151483,6,6,-399.26202668485985,343.32417451600935,-387.26553574832997,343.61435585544478,0,1.8762769116165146e-14,0
3002.8311675581976,-393.33857813101002,346.36678518305206,0,0,1.5960308614861112,-0.0019127430269478016,6,6,-399.33666788715738,346.21539404328411,-387.34048837486267,346.51817632282001,0,1.7985612998927536e-14,0
3005.7296532411692,-393.39730021249233,349.26465780345563,0,0,1.5838796319863979,-0.0064760957305672233,6,6,-399.39678670119309,349.1861602117944,-387.39781372379156,349.34315539511687,0,4.5519144009631418e-15,0
3008.6281389241403,-393.40188652655701,352.16306491828612,0,0,1.5601336397327652,-0.0059905425893692736,6,6,-399.40154545110238,352.22703982839403,-387.40222760201164,352.09909000817822,0,6.2172489379008766e-15,0
3011.5266246071119,-393.34681764465108,355.06099520440699,0,0,1.5438025764596934,-0.0052771620856117479,6,6,-399.34463178971367,355.22293803779968,-387.34900349958849,354.89905237101431,0,1.1546319456101628e-14,0
3014.4251102900826,-393.24743346998844,357.95775195164288,0,0,1.5295461029000588,-0.0045595844327567855,6,6,-399.24232945087772,358.20518311038734,-387.25253748909915,357.71032079289841,0,6.6613381477509392e-16,0
3017.3235959730541,-393.10977654534622,360.8529490197788,0,0,1.5173721813275769,-0.0038405414636837744,6,6,-399.10121616372356,361.17334143438705,-387.11833692696888,360.53255660517056,0,7.6605388699135801e-15,0
3020.2220816560252,-392.93119556299149,363.74588063113521,0,0,1.4990773753467845,-0.0062437058094464018,6,6,-398.91577135204295,364.17582554051245,-386.94661977394003,363.31593572175797,0,4.8849813083506888e-15,0
3023.1205673389964,-392.70273158290479,366.63532911505121,0,0,1.4865676279319908,-0.0023916781353867348,6,6,-398.68146074168243,367.14010396187103,-386.72400242412715,366.13055426823138,0,2.9309887850104133e-14,0
3026.0190530219679,-392.45423190294031,369.52314223772186,0,0,1.4852001066728611,0.0014475922977929595,6,6,-398.43226518114614,370.03609264922727,-386.47619862473448,369.01019182621644,0,2.7755575615628914e-14,0
3028.917538704939,-392.21683954194572,372.4118821996621,0,0,1.4917688113083276,-1.0062137366607212e-08,6,6,-398.19811324639761,372.88555389232761,-386.23556583749382,371.9382105069966,4.5474735088646412e-13,6.106226635438361e-15,0
3031.8160243879101,-391.98801774390495,375.30132156381683,0,0,1.4917687967112732,-1.0055479870772735e-11,6,6,-397.96929144144258,375.77499334379132,-386.00674404636732,374.82764978384233,0,2.2426505097428162e-14,0
3034.7145100708813,-391.75919594578022,378.19076092796217,0,0,1.4917688112500376,1.0042027926653184e-08,6,6,-397.74046965020449,378.66443262097636,-385.77792224135595,377.71708923494799,0,9.9920072216264089e-15,0
3037.6129957538528,-391.53037423175743,381.08020029876769,0,0,1.4917688549246184,2.0094107996575094e-08,6,6,-397.51164795686913,381.55387173055226,-385.54910050664574,380.60652886698313,0,1.4988010832439613e-14,0
3040.5114814368239,-391.3015526908344,383.96963968328674,0,0,1.4917689237913268,1.7464176897283283e-08,6,6,-397.28282644856625,384.44331070316065,-385.32027893310254,383.49596866341284,0,1.9317880628477724e-14,0
3043.4099671197951,-391.07273129385726,386.859079079205,0,0,1.4917689482629619,-5.7836911983205457e-10,6,6,-397.05400506318063,387.33274995270739,-385.09145752453389,386.38540820570262,0,1.7652546091539989e-14,0
3046.3084528027666,-390.84390989203644,389.74851847473826,0,0,1.4917689204385389,-1.8620913744430209e-08,6,6,-396.82518364818014,390.22218951466613,-384.86263613589273,389.2748474348104,0,1.2878587085651816e-14,0
3049.2069384857373,-390.61508834082071,392.63795785843831,0,0,1.4917688554525419,-1.6528796216489154e-08,6,6,-396.59636206618245,393.11162928706523,-384.63381461545896,392.1642864298114,0,2.4313884239290928e-14,0
3052.1054241687089,-390.38626664037508,395.52739723032289,0,0,1.4917688191241889,-8.5383300917040545e-09,6,6,-396.36754034852908,396.00106887623963,-384.40499293222109,395.05372558440615,0,3.3306690738754696e-15,0
3055.00390985168,-390.15744486842112,398.41683659654302,0,0,1.4917688059560861,-5.4786476962486094e-10,6,6,-396.1387185703378,398.89050832122177,-384.17617116650445,397.94316487186427,4.5474735088646412e-13,1.1990408665951691e-14,0
3057.9023955346515,-389.92862309187842,401.30627596240345,0,0,1.4917688159482339,7.4426019186919919e-09,6,6,-395.90989679852811,401.7799476273164,-383.94734938522873,400.83260429749049,4.5474735088646412e-13,4.3298697960381105e-15,0
3060.8008812176226,-389.69980133639251,404.19571532992973,0,0,1.4917688141817027,-1.15962706430725e-09,6,6,-395.68107504220541,404.66938700540879,-383.71852763057962,403.72204365445066,0,1.7097434579227411e-14,0
3063.6993669005938,-389.47097957182109,407.08515469673245,0,0,1.4917688128123974,2.1478521907334298e-10,6,6,-395.4522532769854,407.55882638040174,-383.48970586665678,406.61148301306315,0,1.7763568394002505e-15,0
3066.5978525835649,-389.24215780904842,409.97459406367841,0,0,1.4917688154268063,1.5891973944083121e-09,6,6,-395.22343151545107,410.44826573171019,-383.26088410264578,409.50092239564663,0,3.1086244689504383e-15,0
3069.496338266536,-389.01333605192087,412.86403343107594,0,0,1.4917688103370665,-4.945190668129364e-09,6,6,-394.99460975591268,413.33770512955084,-383.03206234792907,412.39036173260104,0,8.2156503822261584e-15,0
3072.3948239495076,-388.78451426962317,415.75347279647832,0,0,1.4917688075836251,3.0452730891322123e-09,6,6,-394.76578797231076,416.2271445114223,-382.80324056693559,415.27980108153434,0,1.021405182655144e-14,0
3075.2933096324787,-388.55569251282981,418.64291216389904,0,0,1.4917688279904269,1.1035736158058373e-08,6,6,-394.53696622518351,419.11658375678439,-382.57441880047611,418.16924057101369,0,2.886579864025407e-14,0
3078.1917953154502,-388.32687084846049,421.53235153864051,0,0,1.4917688715574731,1.9026200707585124e-08,6,6,-394.30814458145068,422.00602287093943,-382.3455971154703,421.05868020634159,4.5474735088646412e-13,1.6542323066914832e-14,0
3081.0902809984213,-388.09804935339378,424.42179092678606,0,0,1.4917689334646467,1.2867264194162917e-08,6,6,-394.07932311570761,424.89546188880121,-382.11677559107994,423.94811996477091,4.5474735088646412e-13,4.7739590058881731e-15,0
3083.988766681392,-387.86922796607701,427.31123032346613,0,0,1.4917689456081251,-4.4880761162029144e-09,6,6,-393.85050173414282,427.78490121284779,-381.88795419801119,426.83755943408448,0,1.1102230246251565e-14,0
3086.8872523643636,-387.64040654117269,430.20066971717006,0,0,1.4917689074473981,-2.1843416247780132e-08,6,6,-393.62168029116287,430.67434083480151,-381.65913279118251,429.7269985995386,0,4.6629367034256575e-15,0
3089.7857380473347,-387.41158495158663,433.09010909783058,0,0,1.4917688461330585,-1.4893546903960217e-08,6,6,-393.39285867253398,433.56378058219985,-381.43031123063929,432.6164376134613,0,2.1427304375265521e-14,0
3092.6842237303063,-387.18276323106056,435.97954846812485,0,0,1.4917688145444488,-6.9030830930389913e-09,6,6,-393.1640369370453,436.45322014143426,-381.20148952507583,435.50587679481544,0,2.9420910152566648e-14,0
3095.5827094132774,-386.95394145272127,438.86898783383992,0,0,1.4917688061160832,1.0873803590497212e-09,6,6,-392.93521515471372,439.34265955756166,-380.97266775072882,438.39531611011819,0,1.1102230246251565e-16,0
3098.4811950962489,-386.72511968285755,441.75842720023115,0,0,1.4917688157389084,-1.1488144398975614e-08,6,6,-392.70639338940805,442.23209886639614,-380.74384597630706,441.28475553406616,0,2.0539125955565396e-14,0
3101.3796807792196,-386.49629789164743,444.64786656492498,0,0,1.4917687970085951,-1.43606095279313e-09,6,6,-392.47757158932592,445.12153834312113,-380.51502419396894,444.17419478672883,0,1.7319479184152442e-14,0
3104.2781664621907,-386.26747608841043,447.53730592866481,0,0,1.4917688074141062,8.6160247021194109e-09,6,6,-392.2487497910177,448.01097764462276,-380.28620238580316,447.06363421270686,0,1.4876988529977098e-14,0
3107.1766521451623,-386.03865435733223,450.42674529812467,0,0,1.4917688469554411,1.8668107709386523e-08,6,6,-392.01992807866912,450.90041677757506,-380.05738063599534,449.95307381867428,0,2.8643754035329039e-14,0
3110.0751378281334,-385.80983278807116,453.3161846803942,0,0,1.4917689160840888,2.0023731481513364e-08,6,6,-391.79110654215231,453.78985574636721,-379.82855903399002,452.84251361442119,0,1.6653345369377348e-14,0
3112.973623511105,-385.58101137954259,456.20562407539774,0,0,1.4917689479745551,1.981184723135773e-09,6,6,-391.5622851487293,456.67929495062515,-379.59973761035587,455.73195320017032,0,1.3988810110276972e-14,0
3115.8721091940761,-385.35218998760649,459.0950634717139,0,0,1.4917689275689616,-1.6061360100907541e-08,6,6,-391.33346374712767,459.56873446899277,-379.37091622808532,458.62139247443503,0,4.1078251911130792e-15,0
3118.7705948770472,-385.12336846310109,461.98450285753023,0,0,1.4917688624819898,-1.7662338947317901e-08,6,6,-391.10464219179244,462.45817424411206,-379.14209473440974,461.5108314709484,0,6.106226635438361e-15,0
3121.6690805600183,-384.89454677822022,464.87394223064439,0,0,1.4917688228680803,-9.671872376746907e-09,6,6,-390.87582048814761,465.34761385416789,-378.91327306829282,464.40027060712089,0,2.9753977059954195e-14,0
3124.5675662429894,-384.66572501233725,467.76338159734564,0,0,1.4917688064144217,-1.681406916560473e-09,6,6,-390.64699871447101,468.23705331928295,-378.68445131020349,467.28970987540833,0,1.9095836023552692e-14,0
3127.466051925961,-384.43690323237217,470.65282096293544,0,0,1.4917688131210136,6.3090596021751215e-09,6,6,-390.41817693768269,471.1264926447588,-378.45562952706166,470.17914928111207,0,2.4868995751603507e-14,0
3130.3645376089321,-384.21006673185354,473.54241638377545,0,0,1.4933750872915725,0.0003949116656620466,6,6,-390.19209356723422,474.0064798932064,-378.22803989647286,473.07835287434449,4.5474735088646412e-13,8.8817841970012523e-16,0
3133.2630232919037,-383.98619839792292,476.43224373104954,0,0,1.4931265615806015,-0.00056640573475294671,6,6,-389.96810971685113,476.89779391360605,-378.00428707899471,475.96669354849303,0,2.7977620220553945e-14,0
3136.1615089748743,-383.75758597395242,479.32169854018764,0,0,1.4900913805047644,-0.0015279944857756645,6,6,-389.73805671231429,479.80540273450197,-377.77711523559054,478.83799434587331,0,2.2093438190040615e-14,0
3139.0599946578459,-383.51769493669229,482.21023814620276,0,0,1.4878082178928429,0.0014326328881445094,6,6,-389.49704571309559,482.70759545511191,-377.538344160289,481.7128808372936,0,1.9317880628477724e-14,0
3141.958480340817,-383.27930879676762,485.09890402842211,0,0,1.487682441981522,-0.0015191383538623606,6,6,-389.25859697030688,485.59701339168828,-377.30002062322836,484.60079466515595,0,1.099120794378905e-14,0
3144.8569660237881,-383.02820374289252,487.98648291979606,0,0,1.4789981842344064,-0.0044744918745678779,6,6,-389.00294079413038,488.53649852736129,-377.05346669165465,487.43646731223083,0,4.4408920985006262e-16,0
3147.7554517067597,-382.73966708453088,490.87053501100991,0,0,1.4617348749706101,-0.0074387025538669048,6,6,-388.70401923887806,491.52360727265773,-376.7753149301837,490.21746274936208,0,4.6629367034256575e-15,0
3150.6539373897308,-382.40197661856973,493.74926032692866,0,0,1.4475324112969645,-0.0044514683816115888,6,6,-388.35645232511041,494.48697237116869,-376.44750091202906,493.01154828268864,0,1.2101430968414206e-14,0
3153.5524230727024,-382.02680807762806,496.62334220315273,0,0,1.4343715172928952,-0.0046303014643817334,6,6,-387.97105943708846,497.43935432043611,-376.08255671816767,495.80733008586935,4.5474735088646412e-13,1.9206858326015208e-14,0
3156.450908755673,-381.61309979865422,499.49212829481905,0,0,1.4206875238212724,-0.0048124058304010878,6,6,-387.54562867527608,500.38940257175329,-375.68057092203236,498.59485401788481,0,1.1102230246251565e-15,0
3159.3493944386446,-381.15687972006646,502.35444354751638,0,0,1.4022933761353638,-0.007808343781091103,6,6,-387.07190134035216,503.36068369358117,-375.24185809978076,501.3482034014516,4.5474735088646412e-13,2.6645352591003757e-15,0
3162.2478801216157,-380.64414785178445,505.20718414126662,0,0,1.3856135321163758,-0.0037035181135589464,6,6,-386.54156351035101,506.31194137708542,-374.74673219321789,504.10242690544783,0,1.0880185641326534e-14,0
3165.1463658045868,-380.10080749605174,508.05428492921965,0,0,1.3808107722112579,0.0003882549865306981,6,6,-385.99284927501287,509.18735318620014,-374.20876571709061,506.92121667223915,0,8.8817841970012523e-15,0
3168.0448514875584,-379.56067335060851,510.90199241336359,0,0,1.3878659824297968,0.0044817499369018245,6,6,-385.46056245749452,511.99346322215672,-373.6607842437225,509.81052160457045,0,7.5495165674510645e-15,0
3170.9433371705295,-379.04621544029391,513.75445014672425,0,0,1.3950890953289916,0.00071604055004588019,6,6,-384.95383438765413,514.80327728824489,-373.13859649293369,512.70562300520362,4.5474735088646412e-13,1.5987211554602254e-14,0
3173.8418228535006,-378.53768687221543,516.60797614474404,0,0,1.3920952274389957,-0.0027826585604387791,6,6,-384.44213929866731,517.67448519007223,-372.63323444576355,515.54146709941585,4.5474735088646412e-13,1.7985612998927536e-14,0
3176.7403085364717,-378.00615562841904,519.45728688245742,0,0,1.378947091573075,-0.0062922993908653699,6,6,-383.89607549880265,520.60133404951853,-372.11623575803543,518.31323971539632,0,8.2156503822261584e-15,0
3179.6387942194433,-377.4275736837161,522.29740474541507,0,0,1.3628640691390697,-0.0039326748051814568,6,6,-383.29833287350948,523.53602758367401,-371.55681449392273,521.05878190715612,0,2.2093438190040615e-14,0
3182.5372799024144,-376.8128529081867,525.1299377063732,0,0,1.3512375669957752,-0.0040895496919012946,6,6,-382.66881478424699,526.43673168635951,-370.95689103212641,523.82314372638689,0,6.4392935428259079e-15,0
3185.4357655853855,-376.16460209099267,527.95498424695688,0,0,1.3391586661281019,-0.0042447679382183849,6,6,-382.00435252916623,529.33241476057708,-370.32485165281912,526.57755373333669,0,6.6613381477509392e-15,0
3188.3342512683571,-375.48166355697555,530.77184502779812,0,0,1.3268910272204297,-0.0026479938222960893,6,6,-381.3040771778177,532.2208100473315,-369.65924993613339,529.32288000826475,0,8.2156503822261584e-15,0
3191.2327369513278,-374.7689936736088,533.58133874105306,0,0,1.3171691685527462,-0.0040609988137717736,6,6,-380.5770457340206,535.08683907766749,-368.96094161319701,532.07583840443863,4.5474735088646412e-13,2.9420910152566648e-14,0
3194.1312226342993,-374.02330048411756,536.38223626866954,0,0,1.3033401324228535,-0.005483626422726387,6,6,-379.80997822597982,537.96790985167331,-368.23662274225529,534.79656268566578,0,2.886579864025407e-15,0
3197.0297083172704,-373.23317768774484,539.17090962342229,0,0,1.285363678202613,-0.0069237721690313869,6,6,-378.9904172105567,540.86034535080967,-367.47593816493298,537.48147389603491,0,3.0198066269804258e-14,0
3199.928194000242,-372.38377825144192,541.94205613387794,0,0,1.2600644418762781,-0.0083587136948662932,6,6,-378.09643853361581,543.77658945341,-366.67111796926804,540.10752281434588,4.5474735088646412e-13,1.0880185641326534e-14,0
3202.8266796832131,-371.47028184449772,544.69278785254119,0,0,1.2424733168140905,-0.0037815587770556975,6,6,-377.14978842403616,546.62752427205146,-365.79077526495928,542.75805143303091,0,1.5543122344752192e-15,0
3205.7251653661842,-370.52667043797129,547.43337202373277,0,0,1.238130428919878,0.00078379569495894206,6,6,-376.19772114096679,549.392755580889,-364.85561973497579,545.47398846657654,0,7.7715611723760958e-15,1.1368683772161603e-13
3208.6236510491553,-369.58931224484735,550.17609342830553,0,0,1.2470061429244115,0.0045759248296954403,6,6,-375.27753027118655,552.08506584424822,-363.90109421850815,548.26712101236285,0,2.0206059048177849e-14,0
3211.5221367321265,-368.67846890862364,552.92773987826047,0,0,1.2527532332577678,-0.00060694375003213577,6,6,-374.37756397353485,554.80399024564349,-362.97937384371244,551.05148951087745,0,6.6613381477509392e-16,0
3214.420622415098,-367.76278772387752,555.67777346490902,0,0,1.2434870350490599,-0.0057902888141485214,6,6,-373.4442526624681,557.60675147192876,-362.08132278528694,553.74879545788929,0,2.2426505097428162e-14,0
3217.3191080980691,-366.80108352318092,558.411987647209,0,0,1.21915817189749,-0.011001476537578516,6,6,-372.43394192087368,560.47860475532127,-361.16822512548816,556.34537053909673,0,1.9539925233402755e-14,0
3220.2175937810407,-365.75862820646785,561.1163947414467,0,0,1.1882639791998135,-0.0085908637606602403,6,6,-371.32496236262978,563.3560206168878,-360.19229405030592,558.87676886600559,0,2.7977620220553945e-14,0
3223.1160794640118,-364.649200426981,563.79410873872496,0,0,1.1699426903737089,-0.0040532585349344645,6,6,-370.17356984764223,566.13533544796587,-359.12483100631977,561.45288202948404,4.5474735088646412e-13,1.532107773982716e-14,0
3226.0145651469825,-363.50836738461902,566.45863468828463,0,0,1.16475399703341,0.00047163639744492419,6,6,-369.02051458749696,568.82849401191652,-357.99622018174108,564.08877536465275,4.5474735088646412e-13,2.1316282072803006e-14,0
3228.913050829954,-362.36949105755417,569.12399791535142,0,0,1.1676147472664025,-0.0022821023927120502,6,6,-367.88839527140414,571.47807868676716,-356.85058684370421,566.76991714393569,0,4.4408920985006262e-16,0
3231.8115365129252,-361.22479651209539,571.78686764037536,0,0,1.1624951094479314,-0.0012508877946831236,6,6,-366.73157641065933,574.16917222811651,-355.71801661353146,569.40456305263422,0,1.9206858326015208e-14,0
3234.7100221958967,-360.07045274067326,574.44557154709844,0,0,1.1603618750994802,-0.00022121991586515247,6,6,-365.57213809930056,576.83961795739754,-354.56876738204596,572.05152513679934,0,2.6201263381153694e-14,0
3237.6085078788678,-358.91440421503404,577.10353514805877,0,0,1.1612126479404716,0.00080839316919931582,6,6,-364.41812437198206,579.49290000801716,-353.41068405808602,574.71417028810038,4.5474735088646412e-13,8.8817841970012523e-15,0
3240.5069935618394,-357.7760131965569,579.76908262806853,0,0,1.17320515812114,0.0021599523330821549,6,6,-363.30799138046899,582.0922738325803,-352.24403501264482,577.44589142355676,0,8.2156503822261584e-15,0
3243.4054792448101,-356.65330137023591,582.44129592140735,0,0,1.1695989543885981,-0.0046503248107410402,6,6,-362.17686570067934,584.78442141686264,-351.12973703979247,580.09817042595205,0,6.6613381477509392e-15,0
3246.3039649277812,-355.49467508264922,585.09806410856845,0,0,1.1462113444075619,-0.011494983737196743,6,6,-360.96193373191204,587.56972000332019,-350.02741643338641,582.62640821381672,0,8.8817841970012523e-15,0
3249.2024506107527,-354.24896162232011,587.71496804240167,0,0,1.1053406146999936,-0.013567036986288765,6,6,-359.61066434896821,590.40794852340309,-348.88725889567201,585.02198756140024,0,1.3988810110276972e-14,0
3252.1009362937239,-352.9061100481149,590.28350248254856,0,0,1.076183693523588,-0.006557936559498833,6,6,-358.18702597971941,593.13164695278283,-347.62519411651039,587.43535801231428,0,1.5543122344752192e-14,0
3254.9994219766954,-351.51460640943486,592.82611468876132,0,0,1.0672792764492371,0.00040870373221766872,6,6,-356.76995225298094,595.7211691035734,-346.25926056588878,589.93106027394924,0,1.9428902930940239e-14,0
3257.8979076596665,-350.12612113580218,595.37036986161229,0,0,1.078556886954571,0.0073791686483770597,6,6,-355.4137813876327,598.20597368817403,-344.83846088397166,592.53476603505055,0,2.2204460492503131e-15,0
3260.7963933426377,-348.76989092460974,597.93197451089611,0,0,1.0866854781297963,0.00080151029800949064,6,6,-354.08042569939846,600.72450390299923,-343.45935614982102,595.13944511879299,0,2.708944180085382e-14,0
3263.6948790256088,-347.41973546582716,600.49679307127303,0,0,1.0841924614462928,-0.0025224918763364903,6,6,-352.72329192263436,603.30255302348894,-342.11617900901996,597.69103311905712,0,8.3266726846886741e-15,0
3266.5933647085799,-346.05086427355417,603.05165248634501,0,0,1.0720508983998556,-0.0058583016335981772,6,6,-351.31996434214182,605.9215975149491,-340.78176420496652,600.18170745774091,0,1.1546319456101628e-14,0
3269.4918503915515,-344.64380104051037,605.58567189060648,0,0,1.0589290023750542,-0.0023842472149498673,6,6,-349.87478944828047,608.52450844233488,-339.41281263274027,602.64683533887808,0,8.4376949871511897e-15,0
3272.3903360745226,-343.21282022934975,608.10627564085792,0,0,1.0489626852136016,-0.0044933272137448518,6,6,-348.41425995653856,611.09709906667592,-338.01138050216093,605.11545221503991,0,5.3290705182007514e-15,0
3275.2888217574941,-341.74914191912228,610.60801173212485,0,0,1.0328789362459823,-0.0066045981657708273,6,6,-346.90180730919519,613.68210336672928,-336.59647652904937,607.53392009752042,4.5474735088646412e-13,5.3290705182007514e-15,0
3278.1873074404648,-340.23785892193797,613.08124793471143,0,0,1.0105219903935325,-0.012435286887714912,6,6,-345.32051505447504,616.26975959979643,-335.1552027894009,609.89273626962643,0,1.2878587085651816e-14,0
3281.0857931234364,-338.66002801371189,615.51252589075136,0,0,0.98240766916343547,-0.0069688444234952945,6,6,-343.65104454209364,618.84265411852584,-333.66901148533015,612.18239766297688,0,1.021405182655144e-14,0
3283.9842788064075,-337.03334550174753,617.91148699033101,0,0,0.9700852734968759,-0.0015395042499302865,6,6,-341.98294899419005,621.30286211962596,-332.08374200930501,614.52011186103607,0,2.5091040356528538e-14,0
3286.8827644893786,-335.39595692461455,620.30317411250246,0,0,0.97347010633614306,0.0038768745324803166,6,6,-340.35701127903769,623.67777626571387,-330.43490257019141,616.92857195929105,0,2.5091040356528538e-14,0
3289.7812501723502,-333.78417515352635,622.71215538631725,0,0,0.98871438214195195,0.0036467384867743869,6,6,-338.79609444801167,626.01074068695232,-328.77225585904102,619.41357008568218,0,4.7739590058881731e-15,0
3292.6797358553213,-332.19619301085584,625.1369289084721,0,0,0.99024187715252387,-0.002591886411040677,6,6,-337.21314502896377,628.4278546821721,-327.17924099274791,621.8460031347721,0,2.1427304375265521e-14,0
3295.5782215382924,-330.59004395665511,627.54966773463752,0,0,0.97366689763291037,-0.0088523450504985942,6,6,-335.5517623073448,630.9232935301917,-325.62832560596541,624.17604193908335,4.5474735088646412e-13,1.9095836023552692e-14,0
3298.4767072212635,-328.9226619492627,629.92036752843796,0,0,0.93966560701856716,-0.012198750430834963,6,6,-333.76682695495862,633.46071573131167,-324.07849694356679,626.38001932556426,0,1.6209256159527285e-14,0
3301.3751929042351,-327.17674873069745,632.23390197382741,0,0,0.91132363160293184,-0.0073560574132644878,6,6,-331.9186412574025,635.91010317413986,-322.43485620399241,628.55770077351497,0,2.4868995751603507e-14,0
3304.2736785872062,-325.38185650340847,634.50973928560506,0,0,0.89701158344763021,-0.0025226059635552506,6,6,-330.07065121385239,638.2534278628392,-320.69306179296456,630.76605070837093,0,7.1054273576010019e-15,0
3307.1721642701773,-323.57034981942877,636.77240598806588,0,0,0.89668851953387074,0.0022995861179715789,6,6,-328.25793483452463,640.51760915027864,-318.88276480433291,633.02720282585312,0,2.2759572004815709e-14,0
3310.0706499531489,-321.76759891094224,639.04205274938568,0,0,0.90038741121174781,-0.00045500270732663068,6,6,-326.46900492799466,642.76989146140409,-317.06619289388982,635.31421403736726,0,1.0325074129013956e-14,0
3312.9691356361195,-319.96253573007186,641.30985979711079,0,0,0.89547220754226542,-0.0029367220691246389,6,6,-324.64556194333272,645.06076175342901,-315.279509516811,637.55895784079257,0,2.4313884239290928e-14,0
3315.8676213190911,-318.13824043080734,643.56220582647586,0,0,0.88335740462815504,-0.0054243192374888493,6,6,-322.77548266162535,647.36956508096159,-313.50099819998934,639.75484657199013,0,3.5083047578154947e-14,0
3318.7661070020622,-316.27870129993249,645.78550664656245,0,0,0.86386227193858101,-0.0075310889180357637,6,6,-320.84084207076546,649.68254033734615,-311.71656052909952,641.88847295577875,0,3.6415315207705135e-14,0
3321.6645926850338,-314.37563646252386,647.97168080289055,0,0,0.8467518818391232,-0.0042753902500115319,6,6,-318.87043291791412,651.94620024863639,-309.8808400071336,643.99716135714471,0,2.8643754035329039e-14,0
3324.5630783680049,-312.44560570804089,650.13412347435201,0,0,0.83907361213136955,-0.0010235800476544961,6,6,-316.90975253446322,654.14303768048603,-307.98145888161855,646.12520926821799,4.5474735088646412e-13,1.8207657603852567e-14,0
3327.461564050976,-310.50916213157177,652.29083448929873,0,0,0.84081603263248861,0.0022261136590277278,6,6,-314.98028739212123,656.2919641928296,-306.03803687102231,648.28970478576787,0,2.0761170560490427e-14,0
3330.3600497339471,-308.58641410937003,654.45975045394653,0,0,0.84929355512381077,0.0011056033975107189,6,6,-313.091297965362,658.42283277002616,-304.08153025337805,650.49666813786689,0,2.8310687127941492e-14,0
3333.2585354169182,-306.67020145675076,656.63445390029301,0,0,0.84531277318654274,-0.0038533233789187901,6,6,-311.15927349435441,660.61543772859545,-302.18112941914711,652.65347007199057,0,2.55351295663786e-14,0
3336.1570210998898,-304.72983559503132,658.78758206135547,0,0,0.82693715767610942,-0.0088304305267894439,6,6,-309.14500084524087,662.85037861217381,-300.31467034482176,654.72478551053712,0,1.4432899320127035e-14,0
3339.0555067828609,-302.73541117141241,660.89062124015391,0,0,0.79566852619122241,-0.010553571931066456,6,6,-307.0214007959226,665.08946547858329,-298.44942154690222,656.69177700172452,0,3.0198066269804258e-14,0
3341.9539924658325,-300.6805112109584,662.93469026780383,0,0,0.77222397063014625,-0.0056256681580547467,6,6,-304.86689197894617,667.23285453472317,-296.49413044297063,658.63652600088449,0,2.6645352591003757e-15,0
3344.8524781488036,-298.59250508281986,664.94501073453409,0,0,0.76303784946001929,-0.00071543637380811062,6,6,-302.73922631608485,669.2814497129574,-294.44578384955486,660.60857175611079,0,3.1308289294429414e-14,0
3347.7509638317747,-296.50032862551109,666.95100101663024,0,0,0.76807490939870904,0.0041932700876751864,6,6,-300.66884006432673,671.26649778808815,-292.33181718669545,662.63550424517234,0,2.7977620220553945e-14,0
3350.6494495147458,-294.42462187414611,668.97402512807525,0,0,0.77493124569844307,0.00028398397201849583,6,6,-298.6226235991877,673.26083997321939,-290.22662014910452,664.68721028293112,0,1.5765166949677223e-14,0
3353.5479351977169,-292.35060887841826,670.99878928894623,0,0,0.76987522912367123,-0.0037736198201646131,6,6,-296.52688283161172,675.30677441750436,-288.1743349252248,666.6908041603881,0,1.1435297153639112e-14,0
3356.4464208806885,-290.25459095946832,673.00072043997795,0,0,0.75304508735281961,-0.0078413518394360067,6,6,-294.35777287648528,677.37837942119893,-286.15140904245135,668.62306145875698,0,1.8762769116165146e-14,5.6843418860808015e-14
3359.3449065636596,-288.11457023090173,674.95546815550961,0,0,0.72727698236251337,-0.007993073372325795,6,6,-292.10359848357012,679.43739336677913,-284.12554197823334,670.47354294424008,0,4.4408920985006262e-16,0
3362.2433922466312,-285.93046098189507,676.86089561498397,0,0,0.70910312405891407,-0.0045495626984825002,6,6,-289.83738109646544,681.41457272456978,-282.0235408673247,672.30721850539817,0,5.1292303737682232e-14,0
3365.1418779296023,-283.72138534369401,678.73736991564465,0,0,0.70089029194558228,-0.0011187940879042915,6,6,-287.59077553175541,683.32297997021033,-279.85199515563261,674.15175986107897,0,7.9936057773011271e-15,0
3368.0403636125729,-281.50623071845843,680.60667626187671,0,0,0.70261844602823942,0.0023131252301398543,6,6,-285.38353976531516,685.18559256982155,-277.62892167160169,676.02775995393188,0,9.9920072216264089e-15,0
3370.9388492955445,-279.29569761546122,682.48144606891572,0,0,0.70292527257007498,-0.0011335980510463514,6,6,-283.17441141284223,687.05917250001733,-275.41698381808021,677.90371963781411,0,1.532107773982716e-14,5.6843418860808015e-14
3373.8373349785156,-277.07902165884275,684.34894010536186,0,0,0.69611944162046513,-0.0035629859364837463,6,6,-280.92649063513949,688.95295818486954,-273.23155268254601,679.74492202585418,0,4.241051954068098e-14,0
3376.7358206614872,-274.84319066364083,686.19343030738503,0,0,0.6822686052294793,-0.0059943056761447046,6,6,-278.62652312351224,690.85029572288545,-271.05985820376941,681.53656489188461,4.5474735088646412e-13,6.2172489379008766e-15,0
3379.6343063444583,-272.57590825856414,687.99907818432098,0,0,0.66259654529731138,-0.006193328570427311,6,6,-276.26690445927494,692.72946369147985,-268.88491205785334,683.26869267716211,0,2.0872192862952943e-14,0
3382.5327920274299,-270.27739885472687,689.76484797524677,0,0,0.64896951661774582,-0.0032112355067113944,6,6,-273.90359325532762,694.54509003701014,-266.65120445412612,684.98460591348339,0,4.1411318818518339e-14,0
3385.4312777104005,-267.96253490163019,691.5091546959917,0,0,0.64397315701761548,-0.00023698785358684357,6,6,-271.56480033192969,696.30745478765641,-264.3602694713307,686.71085460432698,0,1.1546319456101628e-14,0
3388.3297633933716,-265.64646045018412,693.25185620482375,0,0,0.64739955154596207,0.00166660732966227,6,6,-269.26514557189267,698.03778537165488,-262.02777532847557,688.46592703799263,0,5.1070259132757201e-15,0
3391.2282490763432,-263.33665164985018,695.00285614059044,0,0,0.64872611774505273,-0.00075115169559416119,6,6,-266.96168243752004,699.7839806723764,-259.71162086218033,690.22173160880448,0,1.2989609388114332e-14,0
3394.1267347593143,-261.02303856567249,696.74882023549537,0,0,0.64304421369090026,-0.0031698174268790674,6,6,-264.62084509350171,701.55046455679917,-257.42523203784327,691.94717591419158,0,9.1038288019262836e-15,0
3397.0252204422859,-258.69349362658204,698.47344373151668,0,0,0.63034879021128087,-0.0055902899292641023,6,6,-262.2300529516969,703.32037555896613,-255.15693430146717,693.62651190406723,0,3.3306690738754696e-14,0
3399.923706125257,-256.3379175482342,700.16231870169099,0,0,0.61444058402627866,-0.0046113551351976379,6,6,-259.79692664373994,705.0648951750577,-252.87890845272844,695.25974222832428,4.5474735088646412e-13,3.4416913763379853e-15,0
3402.8221918082281,-253.95988415496913,701.81945307964077,0,0,0.60362889553713139,-0.002849777425132905,6,6,-257.36568698916807,706.75914001856336,-250.55408132077017,696.87976614071817,4.5474735088646412e-13,5.2735593669694936e-14,2.8421709430404007e-14
3405.7206774911992,-251.5682339986638,703.4568918485262,0,0,0.59791653885007812,-0.0010921877504964437,6,6,-254.94576416534736,708.41595324894695,-248.19070383198024,698.49783044810545,0,3.5305092183079978e-14,2.8421709430404007e-14
3408.6191631741704,-249.171347810008,705.0866633526216,0,0,0.59683664248062662,-0.00048000351693874832,6,6,-252.54352073593282,710.04936924332878,-245.79917488408319,700.12395746191442,0,3.8191672047105385e-14,0
3411.5176488571419,-246.77185477776175,706.7125923785776,0,0,0.59365125232834282,-0.0017180496367988401,6,6,-250.12820246773046,711.68601476000083,-243.41550708779303,701.73916999715436,0,2.708944180085382e-14,2.8421709430404007e-14
3414.416134540113,-244.36429818372233,708.3265496927512,0,0,0.5868766111382353,-0.0029566262949852679,6,6,-247.68687595852336,713.32259582248196,-241.04172040892129,703.33050356302044,4.5474735088646412e-13,4.1744385725905886e-14,2.8421709430404007e-14
3417.3146202230846,-241.94300523600992,709.91981186454109,0,0,0.57651194478015133,-0.0041949656022374519,6,6,-245.21362312215766,714.95002643678458,-238.67238734986219,704.88959729229759,4.5474735088646412e-13,2.55351295663786e-14,2.8421709430404007e-14
3420.2131059060553,-239.50514715940847,711.48761725573229,0,0,0.56733666662381144,-0.0029040360335207622,6,6,-242.72947440653627,716.54762850111797,-236.28081991228066,706.42760601034661,0,4.3742787170231168e-14,2.8421709430404007e-14
3423.1115915890268,-237.05387902021596,713.03437063869455,0,0,0.55824440238426476,-0.0033705970825565136,6,6,-240.23206666646652,718.12348876320493,-233.8756913739654,707.94525251418418,0,3.5749181392930041e-14,0
3426.0100772719979,-234.58761754733553,714.55709750847382,0,0,0.54779189482235702,-0.0038428595587720335,6,6,-237.71243850179059,719.67915705543328,-231.46279659288047,709.43503796151435,0,5.1070259132757201e-15,0
3428.9085629549691,-232.10451316673053,716.05219348019273,0,0,0.53583898369506289,-0.0042930930285926408,6,6,-235.16788883429314,721.21123694961466,-229.04113749916792,710.8931500107708,4.5474735088646412e-13,3.1530333899354446e-14,0
3431.8070486379406,-229.60366462905131,717.51741890459652,0,0,0.52448661736862845,-0.0035398983192483349,6,6,-232.60827680721667,722.71090575437483,-226.59905245088595,712.32393205481821,0,2.4424906541753444e-15,0
3434.7055343209117,-227.0879099410445,718.956911420143,0,0,0.51531933012705622,-0.0027856047621626231,6,6,-230.04478634867246,724.17772380041617,-224.13103353341654,713.73609903986983,4.5474735088646412e-13,2.8643754035329039e-14,0
3437.6040200038829,-224.56061112179293,720.37604699816325,0,0,0.50833849836543377,-0.0020313395236313406,6,6,-227.48097016557,725.61737345769905,-221.64025207801586,715.13472053862745,0,4.6185277824406512e-14,2.8421709430404007e-14
3440.502505686854,-222.02088212418974,721.77278960327169,0,0,0.49696382091428593,-0.0034234640858871001,6,6,-224.88143513487975,727.04699442229719,-219.16032911349973,716.49858478424619,0,2.1538326677728037e-14,2.8421709430404007e-14
3443.4009913698255,-219.46757978302395,723.14458870880981,0,0,0.49007231708027815,-0.0013325705652315796,6,6,-222.2917179510838,728.43838164088675,-216.6434416149641,717.85079577673287,0,2.6423307986078726e-14,2.8421709430404007e-14
3446.2994770527966,-216.90899218879957,724.50651673887228,0,0,0.48923654803746458,0.00075591717466030276,6,6,-219.72870498277862,729.80266814904462,-214.08927939482052,719.21036532869994,0,4.0745185003743245e-14,0
3449.1979627357678,-214.3543059800223,725.87573089258342,0,0,0.497285006754908,0.0038611529762398191,6,6,-217.21655284304379,731.14901667045694,-211.49205911700082,720.60244511470989,0,4.0079051188968151e-14,2.8421709430404007e-14
3452.0964484187393,-211.81091468196706,727.26582807417878,0,0,0.5004133931989716,-0.001701330910093506,6,6,-214.68964438771326,732.53013384809185,-208.93218497622087,722.00152230026572,0,2.2204460492503131e-16,0
3454.99493410171,-209.26071266851295,728.64335041141726,0,0,0.48741228835035988,-0.0072736186430805124,6,6,-212.07075922044365,733.94463689452516,-206.45066611658225,723.34206392830936,0,4.163336342344337e-14,2.8421709430404007e-14
3457.8934197846816,-206.68210431826546,729.96675466634929,0,0,0.45822861053931346,-0.012863375055286909,6,6,-209.33626523824958,735.34777964406771,-204.02794339828134,724.58572968863086,0,2.2204460492503131e-14,2.8421709430404007e-14
3460.7919054676527,-204.06108660607973,731.20400017121233,0,0,0.42658661983908114,-0.0080014463706771406,6,6,-206.54368101178676,736.66630051234631,-201.57849220037269,725.74169983007835,0,4.6074255521943996e-14,2.8421709430404007e-14
3463.6903911506242,-201.4119906197098,732.38016187870335,0,0,0.41194347673626125,-0.0021075666986643269,6,6,-203.8143364820223,737.87822829862137,-199.0096447573973,726.88209545878533,0,5.595524044110789e-14,0
3466.5888768335954,-198.75573185712526,733.54011935827032,0,0,0.41435481333624158,0.0037724825717665414,6,6,-201.1713284111076,739.03237693493122,-196.34013530314292,728.04786178160941,0,1.2212453270876722e-14,0
3469.4873625165665,-196.10911918160997,734.72189807012398,0,0,0.42212227815774911,-2.8787134768086099e-09,6,6,-198.56730335378776,740.19522709144678,-193.65093500943217,729.24856904880119,0,2.5979218776228663e-14,2.8421709430404007e-14
3472.3858481995376,-193.46505821141733,735.90940000287389,0,0,0.42212227615339415,1.4956775143502169e-09,6,6,-195.92324237262463,741.38272902912377,-191.00687405021003,730.43607097662402,0,1.6431300764452317e-14,0
3475.2843338825087,-190.82099724637229,737.09690194708651,0,0,0.4221222868281484,5.8700680066534843e-09,6,6,-193.27918146600604,742.57023094709587,-188.36281302673854,731.62357294707715,0,1.3100631690576847e-14,0
3478.1828195654803,-188.17695832367872,738.28445284354018,0,0,0.42298375066767901,0.0068292908230575952,6,6,-190.63985670561092,743.75566217606217,-185.71405994174651,732.81324351101819,0,3.3084646133829665e-14,2.8421709430404007e-14
3481.0813052484514,-185.5422228248095,739.49246866657575,0,0,0.43383036161259703,0.00066105772309724186,6,6,-188.06431924484104,744.93664258445017,-183.02012640477795,734.04829474870132,0,3.9190872769268026e-14,0
3483.9797909314229,-182.90980127261201,740.7055384548853,0,0,0.42682238679779827,-0.0055007757671233035,6,6,-185.39368343924733,746.16725333047805,-180.4259191059767,735.24382357929255,0,1.099120794378905e-14,2.8421709430404007e-14
3486.8782766143941,-180.25842417491046,741.87642707929217,0,0,0.4018990023887431,-0.011704850542465199,6,6,-182.60542459164972,747.39834604318742,-177.9114237581712,736.35450811539692,0,2.042810365310288e-14,0
3489.7767622973647,-177.57155412360746,742.96323893935198,0,0,0.36887802390760371,-0.0091997851212901969,6,6,-179.73496905712437,748.55963383476774,-175.40813919009054,737.36684404393623,4.5474735088646412e-13,4.5075054799781356e-14,2.8421709430404007e-14
3492.6752479803363,-174.85623489257028,743.97711463809662,0,0,0.3476546455424801,-0.0054449314364186634,6,6,-176.9003971190273,749.61816071058411,-172.81207266611327,738.33606856560914,0,1.0547118733938987e-14,2.8421709430404007e-14
3495.5737336633074,-172.12521207744706,744.94802008388956,0,0,0.33730508887758465,-0.0016981798393936945,6,6,-174.11088354264879,750.6099198385906,-170.13954061224533,739.28612032918852,4.5474735088646412e-13,5.5622173533720343e-14,0
3498.472219346279,-169.38921409494557,745.90485481013263,0,0,0.33473950769784838,-0.005211625446119336,6,6,-171.36035297758417,751.57183032669786,-167.41807521230697,740.2378792935674,4.5474735088646412e-13,4.8183679268731794e-14,0
3501.3707050292501,-166.64559310300325,746.83955689351103,0,0,0.32312150951050306,-0.0028067710678399481,6,6,-168.55076152690617,752.52905012899021,-164.74042467910033,741.15006365803185,0,3.219646771412954e-14,2.8421709430404007e-14
3504.2691907122216,-163.8944438388591,747.75190622126411,0,0,0.31846015733323091,-0.00041058085275180468,6,6,-165.77307092921572,753.45021827444077,-162.01581674850249,742.05359416808744,4.5474735088646412e-13,1.0547118733938987e-14,2.8421709430404007e-14
3507.1676763951923,-161.14220856154088,748.66098056558315,0,0,0.32074005207763628,0.0019842619433346293,6,6,-163.03382230987009,754.35499474076153,-159.25059481321168,742.96696639040476,0,4.3076653355456074e-14,0
3510.0661620781634,-158.39568896612093,749.58714446126669,0,0,0.32970813446642083,0.0019031117764324798,6,6,-160.33829035078207,755.26396574261003,-156.45308758145978,743.91032317992335,0,2.886579864025407e-15,0
3512.964647761135,-155.6539519398776,750.52740780480258,0,0,0.32895202418552383,-0.002425012776838664,6,6,-157.59226046671884,756.20569628415751,-153.71564341303636,744.84911932544765,0,5.5511151231257827e-15,0
3515.8631334441061,-152.90569201977502,751.44836433377236,0,0,0.31564242702517725,-0.0067607848815971422,6,6,-154.7682553670287,757.15194722327851,-151.04312867252133,745.74478144426621,4.5474735088646412e-13,3.8635761256955448e-14,0
3518.7616191270777,-150.14002064460055,752.31544114992437,0,0,0.29050919355857635,-0.0089700021620627429,6,6,-151.85866136233338,758.06403002749687,-148.42137992686773,746.56685227235187,0,4.241051954068098e-14,2.8421709430404007e-14
3521.6601048100488,-147.35416200299159,753.1154029110229,0,0,0.27086277441299922,-0.004587464154205822,6,6,-148.95953912807352,758.89664536280293,-145.74878487790966,747.33416045924287,0,1.4210854715202004e-14,2.8421709430404007e-14
3524.5585904930199,-144.55787155027107,753.87825498707377,0,0,0.26390479975025527,-0.00021512577029087117,6,6,-146.12298440069628,759.67052757781346,-142.99275869984587,748.08598239633409,0,4.0190073491430667e-14,0
3527.457076175991,-141.76110397206833,754.6393632366337,0,0,0.26961488722935795,0.0041564300124251616,6,6,-143.35926551069707,760.42260451609354,-140.16294243343958,748.85612195717385,0,4.6407322429331543e-14,0
3530.3555618589621,-138.97052204532915,755.42284682253751,0,0,0.2759117053910346,0.00073121311707164045,6,6,-140.60506767864848,761.19591018375195,-137.33597641200981,749.64978346132307,4.5474735088646412e-13,5.4178883601707639e-14,0
3533.2540475419337,-136.18170219265119,756.21259495359834,0,0,0.27499217339355381,-0.0013657792656639035,6,6,-137.81093861919842,761.98715889093694,-134.55246576610395,750.43803101625974,0,6.6613381477509392e-16,0
3536.1525332249048,-133.3897831111685,756.99129410227408,0,0,0.26799266791178772,-0.0034644031487344154,6,6,-134.97856086533344,762.7771203395431,-131.80100535700356,751.20546786500506,4.5474735088646412e-13,3.9412917374193057e-14,0
3539.0510189078764,-130.59045679650075,757.74289182983239,0,0,0.25705593964517304,-0.0029672378049418304,6,6,-132.1158627852565,763.5457477275321,-129.065050807745,751.94003593213267,0,5.2402526762307389e-14,0
3541.9495045908475,-127.78431511678824,758.46866570057068,0,0,0.24946306910803848,-0.0022718751735962502,6,6,-129.26561722442463,764.28293642577023,-126.30301300915185,752.65439497537113,0,2.7200464103316335e-14,2.8421709430404007e-14
3544.8479902738186,-124.97345201439099,759.17594644308906,0,0,0.24388613270998893,-0.0015763027871596622,6,6,-126.42230543624544,764.99838783497796,-123.52459859253653,753.35350505120016,0,4.7295500849031669e-14,1.4210854715202004e-14
3547.7464759567897,-122.15938458473886,759.87037775025067,0,0,0.24032514370116995,-0.00088086845307531233,6,6,-123.58749521442502,765.69794156623561,-120.7312739550527,754.04281393426572,0,1.3988810110276972e-14,0
3550.6449616397608,-119.34330893721403,760.55662209542572,0,0,0.23739025341726178,-0.0014071681426698797,6,6,-120.75431018046231,766.38835215532663,-117.93230769396575,754.72489203552482,0,1.9539925233402755e-14,0
3553.5434473227324,-116.52445803904962,761.23136595385472,0,0,0.2321017452153549,-0.0022422725895927119,6,6,-117.90459854218669,767.07047651896653,-115.14431753591255,755.39225538874291,0,2.0761170560490427e-14,1.4210854715202004e-14
3556.4419330057035,-113.70128471045552,761.88777283047023,0,0,0.22438941039653224,-0.0030798952041108615,6,6,-115.0363514390488,767.73735374111698,-112.36621798186225,756.03819191982348,0,5.1736392947532295e-14,0
3559.3404186886751,-110.87263114786838,762.5201403973665,0,0,0.21614898038624442,-0.0023568383074710404,6,6,-112.15945003152424,768.3805241015848,-109.58581226421251,756.65975669314821,0,4.5741188614556449e-14,1.4210854715202004e-14
3562.2389043716457,-108.03939762709862,763.13167114413909,0,0,0.20886010570505942,-0.002672562108282925,6,6,-109.28346710387135,769.00127855323922,-106.7953281503259,757.26206373503896,0,8.2156503822261584e-15,0
3565.1373900546173,-105.20151373588307,763.72123636148808,0,0,0.20065658062102756,-0.0029879032736174526,6,6,-106.39739041977208,769.60085190648169,-104.00563705199406,757.84162081649447,0,6.6613381477509392e-16,0
3568.0358757375884,-102.35863234377879,764.28620217548098,0,0,0.19148563595792067,-0.0058570224425072087,6,6,-103.50053786473374,770.17653763122644,-101.21672682282384,758.39586671973552,0,4.8627768478581856e-14,0
3570.9343614205595,-99.509219051649808,764.81718175359299,0,0,0.17821811278695013,-0.0032984828783511407,6,6,-100.57287620147436,770.72214860088582,-98.445561901825258,758.91221490630016,0,4.2188474935755949e-14,0
3573.8328471035311,-96.654842082657453,765.32089474250142,0,0,0.17235951970693189,-0.00074473117547562643,6,6,-97.683886378512568,771.23199175043214,-95.625797786802337,759.4097977345707,0,7.7715611723760958e-15,0
3576.7313327865022,-93.7993804526172,765.81844461925164,0,0,0.17389932148870779,0.0018074232211491258,6,6,-94.83752544265424,771.72795009599508,-92.76123546258016,759.90893914250819,4.5474735088646412e-13,1.532107773982716e-14,1.4210854715202004e-14
3579.6298184694733,-90.946767860107769,766.33201001063412,0,0,0.18312700573507756,0.0025980227502228801,6,6,-92.039398928061189,772.2316843532858,-89.85413679215435,760.43233566798244,0,4.2521541843143495e-14,1.4210854715202004e-14
3582.5283041524444,-88.097618987884005,766.86452037214895,0,0,0.18429059269094789,-0.0017948262125125135,6,6,-89.197114098721912,772.7629193499431,-86.998123877046098,760.96612139435479,0,4.0967229608668276e-14,1.4210854715202004e-14
3585.426789835416,-85.245753242347064,767.38219339545583,0,0,0.17271527321251509,-0.0061946391398895297,6,6,-86.276900366522028,773.29292394322283,-84.2146061181721,761.47146284768883,0,5.2513549064769904e-14,0
3588.3252755183871,-82.3851137188135,767.84861324278063,0,0,0.14873624310303055,-0.0090003742831228657,6,6,-83.274244402040623,773.78236809347538,-81.495983035586377,761.91485839208588,0,4.8405723873656825e-14,1.4210854715202004e-14
3591.2237612013582,-79.514045172975131,768.2459623608022,0,0,0.12814387764252905,-0.0052084380944341403,6,6,-80.280805933993136,774.19676717488937,-78.747284411957125,762.29515754671502,0,3.6748382115092681e-14,0
3594.1222468843298,-76.63726502735183,768.59992466211042,0,0,0.11853693046123916,-0.0014218572902733062,6,6,-77.346822216999186,774.55782098502675,-75.927707837704475,762.6420283391941,0,5.4733995114020217e-14,0
3597.0207325673005,-73.759039355484035,768.94202643503058,0,0,0.1198974185960288,0.0023608634148334956,6,6,-74.47670153321701,774.8989519002896,-73.041377177751059,762.98510096977157,0,2.2204460492503131e-15,0
3599.919218250272,-70.881923298496659,769.29333485740403,0,0,0.12053041019411002,-0.0010058703266464305,6,6,-71.603356015971883,775.24980485515914,-70.160490581021435,763.33686485964893,0,2.375877272697835e-14,1.4210854715202004e-14
3602.8177039332431,-68.004063931998303,769.63850410592249,0,0,0.11850497967090451,-0.0003917659698692926,6,6,-68.713430761787265,775.59642309671074,-67.294697102209341,763.68058511513425,0,1.7652546091539989e-14,1.4210854715202004e-14
3605.7161896162147,-65.125813966682855,769.98040515946946,0,0,0.11825915893700945,0.00022213838011076305,6,6,-65.833716195035009,775.93849834731861,-64.417911738330702,764.0223119716203,4.5474735088646412e-13,1.1879386363489175e-14,0
3608.6146752991858,-62.247779177315714,770.32411071732031,0,0,0.11961017348456471,0.00042585391838077704,6,6,-62.963730227745899,776.28124208177655,-61.531828126885529,764.36697935286406,0,3.2307490016592055e-14,0
3611.5131609821569,-59.370140332220487,770.67111746980333,0,0,0.1201860963794973,-2.8449376708978784e-05,6,6,-60.089522112066028,776.62783551372877,-58.650758552374946,764.7143994258779,0,1.0769163338864018e-14,0
3614.411646665128,-56.492472908112099,771.0178869222342,0,0,0.11944524591282514,-0.00048276019997697784,6,6,-57.207441453598932,776.97513628573779,-55.777504362625265,765.0606375587306,0,2.5424107263916085e-14,7.1054273576010019e-15
3617.3101323480992,-53.614323507122684,771.36062925524368,0,0,0.11738743199899863,-0.00093719111803231708,6,6,-54.317031636831402,777.3193372766558,-52.911615377413966,765.40192123383156,4.5474735088646412e-13,3.5749181392930041e-14,7.1054273576010019e-15
3620.2086180310707,-50.736083512321414,771.70260072670351,0,0,0.119844267206014,0.00045324643760803377,6,6,-51.45342907017212,777.65956432829046,-50.018737954470708,765.74563712511656,0,1.1102230246251565e-15,0
3623.1071037140418,-47.85819389029507,772.04751538557127,0,0,0.11749724047353728,-0.0020729179991213083,6,6,-48.561556332403931,778.00614620775104,-47.154831448186208,766.0888845633915,0,1.7430501486614958e-14,0
3626.0055893970134,-44.978294250104142,772.37512982023918,0,0,0.10782546731809454,-0.0046011336404655212,6,6,-45.623994167941305,778.34028460583397,-44.332594332266979,766.40997503464439,4.5474735088646412e-13,2.808864252301646e-14,0
3628.9040750799845,-42.094307204713921,772.66432974673558,0,0,0.091139335977736338,-0.0059168639348316197,6,6,-42.640386497103741,778.63942785525421,-41.548227912324101,766.68923163821694,4.5474735088646412e-13,1.865174681370263e-14,0
3631.8025607629552,-39.206062789494894,772.90753220316117,0,0,0.078314188007991878,-0.0029332726984105354,6,6,-39.67546775512136,778.88914226887471,-38.736657823868427,766.92592213744763,0,4.6629367034256575e-15,0
3634.7010464459267,-36.315837123548164,773.12616844050365,0,0,0.074131152029892095,4.6439580861581789e-05,6,6,-36.7602167652635,779.10968970594831,-35.871457481832827,767.14264717505898,4.5474735088646412e-13,5.1070259132757201e-14,0
3637.5995321288979,-33.425641207818515,773.34519375884781,0,0,0.078583488015659647,0.0030262406304256257,6,6,-33.896657004040861,779.32667719690141,-32.954625411596169,767.36371032079421,0,3.0753177782116836e-14,0
3640.4980178118694,-30.5363684292888,773.57610826187215,0,0,0.079837651246094404,9.9507531998317647e-10,6,6,-31.014885609699682,779.55699626517492,-30.057851248877917,767.59522025856938,0,2.808864252301646e-14,3.5527136788005009e-15
3643.3965034948405,-27.647115388040927,773.80727079781582,0,0,0.079837653124183935,3.0083551862551783e-10,6,6,-28.125632579684453,779.78815880021989,-27.168598196397401,767.82638279541175,0,2.9087843245179101e-14,3.5527136788005009e-15
3646.2949891778121,-24.757862346995065,774.03843333627879,0,0,0.079837652990029206,-3.9340435839499865e-10,6,6,-25.236379537836228,780.01932133874709,-24.279345156153902,768.05754533381048,4.5474735088646412e-13,1.6431300764452317e-14,0
3649.1934748607828,-21.868609305737799,774.26959587209899,0,0,0.079837651983447472,8.1487558406038269e-16,6,6,-22.347126490558708,780.25048387504899,-21.39009212091689,768.28870786914899,0,1.5543122344752192e-15,0
3652.0919605437539,-18.979356264408768,774.50075840697514,0,0,0.079837651983452704,2.7909053983944131e-15,6,6,-19.457873449229709,780.48164640992513,-18.500839079587827,768.51987040402514,0,1.7763568394002505e-15,3.5527136788005009e-15
3654.9904462267255,-16.090103223079733,774.73192094185129,0,0,0.079837651983463653,4.7669352127284302e-15,6,6,-16.568620407900738,780.71280894480128,-15.611586038258727,768.75103293890129,0,3.1086244689504383e-15,0
3657.8889319096966,-13.200850181751271,774.96308347672743,0,0,0.079837651983480348,6.7429650270620423e-15,6,6,-13.679367366572377,780.94397147967743,-12.722332996930165,768.98219547377744,0,4.2188474935755949e-15,1.7763568394002505e-15
3660.7874175926681,-10.311597140422242,775.19424601160347,0,0,0.07983765198346722,4.7180363090257997e-15,6,6,-10.79011432524327,781.17513401455346,-9.8330799556012138,769.21335800865347,0,3.1086244689504383e-15,0
3663.6859032756392,-7.4223440990937783,775.42540854647962,0,0,0.07983765198347946,3.7315629151887512e-15,6,6,-7.9008612839148791,781.40629654942961,-6.9438269142726776,769.44452054352962,0,4.2188474935755949e-15,0
3666.5843889586099,-4.5330910577658807,775.65657108135576,0,0,0.079837651983488842,2.7450895213519016e-15,6,6,-5.0116082425870374,781.63745908430576,-4.054573872944724,769.67568307840577,4.5474735088646412e-13,5.1070259132757201e-15,0
3669.4828746415815,-1.6438380164362831,775.8877336162318,0,0,0.079837651983450025,-1.2421561799722989e-15,6,6,-2.1223552012572076,781.86862161918179,-1.1653208316153585,769.9068456132818,4.5474735088646412e-13,1.7763568394002505e-15,0
3672.3813603245526,1.24541502489218,776.11889615110783,0,0,0.079837651983449276,7.3325702902943647e-16,6,6,0.76689784007125994,782.09978415405783,1.7239322097131002,770.13800814815784,0,1.7763568394002505e-15,2.2204460492503131e-16
3675.2798460075242,4.1346680662212103,776.35005868598387,0,0,0.079837651983454272,2.7086702380315576e-15,6,6,3.6561508814002601,782.33094668893386,4.61318525104216,770.36917068303387,0,2.2204460492503131e-15,0
3678.1783316904953,7.0239211075496755,776.58122122086002,0,0,0.079837651983446764,-1.064310792338119e-15,6,6,6.5454039227287701,782.56210922381001,7.5024382923705808,770.60033321791002,0,1.3322676295501878e-15,0
3681.0768173734668,9.9131741488787064,776.81238375573605,0,0,0.079837651983445099,-7.5370977173234204e-17,6,6,9.4346569640578117,782.79327175868605,10.391691333699601,770.83149575278605,0,1.3322676295501878e-15,0
3683.9753030564375,12.802427190206604,777.04354629061208,0,0,0.079837651983446334,9.135688379912641e-16,6,6,12.323910005385702,783.02443429356208,13.280944375027506,771.06265828766209,0,1.5543122344752192e-15,0
3686.8737887394086,15.691680231535631,777.27470882548823,0,0,0.0798376519834504,1.9025086531561485e-15,6,6,15.213163046714705,783.25559682843823,16.170197416356558,771.29382082253824,4.5474735088646412e-13,1.9984014443252818e-15,0
3689.7722744223802,18.580933272864662,777.50587136036427,0,0,0.079837651983444766,-2.4592717876493865e-15,6,6,18.102416088043768,783.48675936331426,19.059450457685557,771.52498335741427,0,1.1102230246251565e-15,0
3692.6707601053513,21.470186314193128,777.73703389524042,0,0,0.079837651983431915,-6.4150310483081642e-15,6,6,20.991669129372312,783.71792189819041,21.948703499013945,771.75614589229042,0,4.4408920985006262e-16,0
3695.5692457883229,24.359439355522159,777.96819643011634,0,0,0.079837651983407587,-1.0370790308967751e-14,6,6,23.880922170701488,783.94908443306633,24.83795654034283,771.98730842716634,0,1.5543122344752192e-15,0
3698.467731471294,27.248692396850622,778.1993589649926,0,0,0.079837651983447583,1.3062858824578041e-15,6,6,26.770175212029713,784.18024696794259,27.727209581671531,772.2184709620426,0,1.5543122344752192e-15,0
3701.3662171542651,30.137945438179084,778.43052149986863,0,0,0.079837651983452801,2.3026249616054324e-15,6,6,29.659428253358143,784.41140950281863,30.616462623000025,772.44963349691864,0,2.2204460492503131e-15,0
3704.2647028372362,33.027198479507547,778.66168403474467,0,0,0.079837651983460933,3.2989640407530611e-15,6,6,32.54868129468656,784.64257203769466,33.505715664328534,772.68079603179467,4.5474735088646412e-13,2.4424906541753444e-15,0
3707.1631885202073,35.916451520836574,778.89284656962081,0,0,0.079837651983471938,4.2953031199008864e-15,6,6,35.437934336015516,784.87373457257081,36.394968705657632,772.91195856667082,0,3.5527136788005009e-15,0
3710.0616742031789,38.805704562165616,779.12400910449685,0,0,0.0798376519834533,3.7213583272675015e-15,6,6,38.327187377344671,785.10489710744685,39.28422174698656,773.14312110154685,0,1.9984014443252818e-15,0
3712.96015988615,41.694957603494068,779.355171639373,0,0,0.079837651983466956,5.689372272286294e-15,6,6,41.216440418673045,785.33605964232299,42.17347478831509,773.374283636423,0,3.3306690738754696e-15,0
3715.8586455691216,44.584210644823095,779.58633417424915,0,0,0.079837651983486288,7.6573862173054494e-15,6,6,44.105693460001952,785.56722217719914,45.062727829644238,773.60544617129915,0,4.8849813083506888e-15,0
3718.7571312520927,47.473463686151568,779.81749670912507,0,0,0.079837651983444946,-2.8196700283539103e-15,6,6,46.994946501330674,785.79838471207506,47.951980870972463,773.83660870617507,0,1.3322676295501878e-15,0
3721.6556169350638,50.362716727480034,780.04865924400121,0,0,0.079837651983433941,-4.7827511307174316e-15,6,6,49.884199542659204,786.02954724695121,50.841233912300865,774.06777124105122,0,8.8817841970012523e-16,0
3724.5541026180349,53.251969768809062,780.27982177887725,0,0,0.079837651983417232,-6.7458322330813607e-15,6,6,52.77345258398833,786.26070978182725,53.730486953629793,774.29893377592725,0,8.8817841970012523e-16,0
3727.452588301006,56.141222810137521,780.51098431375306,0,0,0.079837651983394833,-8.7089133354449467e-15,6,6,55.662705625316924,786.49187231670305,56.619739994958117,774.53009631080306,0,2.55351295663786e-15,0
3730.3510739839776,59.030475851333165,780.74214685036509,0,0,0.079837653208023426,2.2443308820030136e-10,6,6,58.551958659188202,786.72303485272914,59.508993043478128,774.76125884800103,0,7.9936057773011271e-15,0
3733.2495596669487,61.919728892385564,780.97330938875041,0,0,0.079837652852424515,-4.6980185534819244e-10,6,6,61.441211702367397,786.95419739128454,62.39824608240373,774.99242138621628,0,4.3409720262843621e-14,7.1054273576010019e-15
3736.1480453499203,64.808981933753344,781.20447192320137,0,0,0.079837650484595651,-1.1640366807380169e-09,6,6,64.330464757896905,787.18535992686861,65.287499109609783,775.22358391953412,4.5474735088646412e-13,5.1292303737682232e-14,0
3739.0465310328909,67.698234975928543,781.43563444758411,0,0,0.079837645661290826,-1.8701538469790824e-09,6,6,67.219717828919741,787.41652245355931,68.176752122937344,775.4547464416089,0,6.7723604502134549e-15,0
3741.9450167158625,70.587488019193955,781.66679695830146,0,0,0.079837642252906099,-4.8168448434417229e-10,6,6,70.108970892570326,787.64768496590773,71.066005145817584,775.68590895069519,4.5474735088646412e-13,1.0325074129013956e-14,0
3744.8435023988336,73.476741062784782,781.89795946498498,0,0,0.079837642868979403,9.0678463600254209e-10,6,6,72.998223932476492,787.87884747229634,73.955258193093073,775.91707145767361,0,1.0436096431476471e-14,0
3747.7419880818047,76.365994105768905,782.12912197926255,0,0,0.079837647509511112,2.2952542124734357e-09,6,6,75.887476947706105,788.11000998435338,76.844511263831706,776.14823397417172,0,5.5067062021407764e-14,1.4210854715202004e-14
3750.6404737647763,79.255247147627813,782.36028450755146,0,0,0.079837651423231126,9.5149108015241696e-10,6,6,78.77672996615749,788.34117251076952,79.733764329098136,776.37939650433339,4.5474735088646412e-13,2.2204460492503131e-15,0
3753.5389594477474,82.144500188850316,782.59144704382447,0,0,0.079837653174999565,2.5725624936903893e-10,6,6,81.665982996902869,788.57233504620433,82.623017380797762,776.61055904144462,4.5474735088646412e-13,1.0436096431476471e-14,0
3756.4374451307185,85.033753229898366,782.82260958225174,0,0,0.079837652914538162,-4.3697864611450856e-10,6,6,84.555236039508713,788.8034975847562,85.512270420288019,776.84172157974729,0,2.1538326677728037e-14,0
3759.3359308136896,87.923006271170294,783.05377211789607,0,0,0.079837651983450775,3.2148066959724151e-15,6,6,87.444489086349364,789.03466012084607,88.401523455991224,777.07288411494608,0,1.9984014443252818e-15,0
3762.2344164966612,90.812259312499322,783.28493465277211,0,0,0.079837651983462959,5.1877534836468725e-15,6,6,90.33374212767832,789.2658226557221,91.290776497320323,777.30404664982211,0,3.1086244689504383e-15,0
3765.1329021796323,93.701512353827795,783.51609718764826,0,0,0.079837651983480848,7.1607002713209237e-15,6,6,93.22299516900668,789.49698519059825,94.18002953864891,777.53520918469826,0,4.2188474935755949e-15,0
3768.0313878626034,96.590765347984586,783.74726031107377,0,0,0.079850737075337033,0.00014366411815183865,6,6,96.112169902735545,789.72814205207044,97.069360793233628,777.76637857007711,4.5474735088646412e-13,3.2418512319054571e-14,0
3770.929873545575,99.479981534133046,783.97888294762333,0,0,0.080081019017857039,1.5234165216855207e-05,6,6,99.000008812520775,789.95965431814977,99.959954255745316,777.99811157709689,0,2.6645352591003757e-14,1.4210854715202004e-14
3773.8283592285457,102.36918749387418,784.21063316066818,0,0,0.079939049295709344,-0.000113195583238409,6,6,101.89006386554578,790.19147261251589,102.84831112220257,778.22979370882047,0,2.9420910152566648e-14,0
3776.7268449115172,105.25846930493798,784.44143542160384,0,0,0.079424826063363763,-0.00024162675533630825,6,6,104.78242122641537,790.42252045919815,105.73451738346058,778.46035038400953,0,4.3076653355456074e-14,0
3779.6253305944883,108.14785464661939,784.67093823535993,0,0,0.079362493474918139,5.288346649711561e-05,6,6,107.67217938553347,790.65205293464385,108.62352990770532,778.68982353607601,4.5474735088646412e-13,2.7866597918091429e-14,0
3782.5238162774599,111.0372387871973,784.90045608039202,0,0,0.079003636048565265,-0.00030050124350870224,6,6,110.56370992412141,790.8817410941524,111.51076765027318,778.91917106663163,4.5474735088646412e-13,1.2434497875801753e-14,0
3785.422301960431,113.92682152687605,785.12745716749214,0,0,0.077620489822607622,-0.00065389222665142961,6,6,113.46156610590792,791.10939141932568,114.39207694784419,779.1455229156586,0,7.2164496600635175e-15,0
3788.3207876434021,116.81682946456401,785.34897296480881,0,0,0.075177496419232964,-0.0010435780266416922,6,6,116.36618924334802,791.33202598070477,117.26746968578,779.36591994891285,0,4.7295500849031669e-14,1.4210854715202004e-14
3791.2192733263732,119.70740393004714,785.56296993215858,0,0,0.072851004751880777,-0.00056173941943407678,6,6,119.2706844388201,791.54705516600859,120.14412342127417,779.57888469830857,4.5474735088646412e-13,4.7295500849031669e-14,0
3794.1177590093444,122.59832354135989,785.77226022785783,0,0,0.071921089550777056,-7.9919282359238209e-05,6,6,122.1671689299794,791.75674898639727,123.02947815274038,779.78777146931839,0,2.4313884239290928e-14,0
3797.0162446923159,125.4892916345493,785.98088085356164,0,0,0.072387710571032021,0.00040189656088668562,6,6,125.05534458195869,791.96516777478689,125.92323868713991,779.9965939323364,0,4.2521541843143495e-14,1.4210854715202004e-14
3799.914730375287,128.38011001126259,786.19156599134294,0,0,0.07282478721557549,1.4018740076118817e-08,6,6,127.9435474081575,792.17566267284553,128.81667261436769,780.20746930984035,0,5.3623772089395061e-14,0
3802.8132160582586,131.27091310067078,786.40246111375359,0,0,0.072824815266709086,5.3369764715370229e-09,6,6,130.83435032970499,792.38655778301006,131.70747587163657,780.41836444449712,0,5.3956838996782608e-14,0
3805.7117017412297,134.1617161868169,786.61335628088239,0,0,0.07282481815387537,-3.344787035069152e-09,6,6,133.72515339857404,792.59745294887841,134.59827897505977,780.62925961288636,0,3.2418512319054571e-14,0
3808.6101874242004,137.05251927466716,786.8242514246291,0,0,0.072824809511394958,7.934765140467387e-09,6,6,136.61595653814172,792.80834809639816,137.48908201119261,780.84015475286003,0,1.9984014443252818e-15,0
3811.5086731071719,139.94332236123435,787.03514658600398,0,0,0.072824819928204443,-7.4700530576897849e-10,6,6,139.50675956237373,793.01924325322545,140.37988516009497,781.0510499187825,4.5474735088646412e-13,1.4988010832439613e-14,0
3814.4071587901431,142.83412544825549,787.24604174111948,0,0,0.072824805181026589,-9.4287757657109541e-09,6,6,142.3975627376434,793.23013841477905,143.27068815886759,781.26194506745992,0,5.0293103015519591e-14,0
3817.3056444731146,145.724928541043,787.45693681723185,0,0,0.072824765269861147,-1.8110546398755768e-08,6,6,145.28836606926319,793.44103350831506,146.16149101282281,781.47284012614864,4.5474735088646412e-13,1.3100631690576847e-14,0
3820.2041301560857,148.61573164549603,787.66783173342844,0,0,0.072824700800970629,-1.6280072228527581e-08,6,6,148.17916955950429,793.65192845265642,149.05229373148777,781.68373501420047,4.5474735088646412e-13,5.0404125317982107e-14,0
3823.1026158390573,151.50653475973579,787.87872651546741,0,0,0.072824678777392446,1.0834623248906556e-09,6,6,151.06997280553526,793.86282324430999,151.94309671393631,781.89462978662482,0,3.5971225997855072e-14,2.8421709430404007e-14
3826.001101522028,154.39733787331247,788.0896213065846,0,0,0.072824707081770648,1.844699683852353e-08,6,6,153.9607757497358,794.07371802307057,154.83389999688913,782.10552459009864,0,3.6637359812630166e-14,0
3828.8995872049991,157.28814097575074,788.30051625039584,0,0,0.072824779965082076,2.4073479908484798e-08,6,6,156.85157841603331,794.28461293506371,157.72470353546817,782.31641956572798,0,1.7541523789077473e-14,0
3831.7980728879706,160.17894406450154,788.51141138184687,0,0,0.072824824577742558,6.7099466817101364e-09,6,6,159.74238123781763,794.49550804703847,160.61550689118545,782.52731471665527,0,4.5297099404706387e-14,0
3834.6965585709418,163.06974714915037,788.72230656952024,0,0,0.072824818862451096,-1.0653586298699015e-08,6,6,162.63318435666733,794.70640323720693,163.50630994163342,782.73820990183356,0,2.631228568361621e-14,0
3837.5950442539133,165.96055024031145,788.93320166792773,0,0,0.072824762819207467,-2.8017119670266188e-08,6,6,165.52398778319659,794.91729836008085,166.39711269742631,782.94910497577462,4.5474735088646412e-13,3.8080649744642869e-14,0
3840.4935299368844,168.85135334611039,789.14409656567034,0,0,0.072824696235971362,-1.4503349100843218e-08,6,6,168.41479128743603,795.12819328689113,169.28791540478474,783.15999984444954,0,8.7707618945387367e-15,0
3843.3920156198556,171.74215646076951,789.35499134195629,0,0,0.072824679362199898,2.8601855497877856e-09,6,6,171.30559450306944,795.33908807054354,172.17871841846957,783.37089461336905,0,4.4630965589931293e-14,0
3846.2905013028267,174.63295957368084,789.56588614220766,0,0,0.072824712816385001,2.0223720095407859e-08,6,6,174.19639741578769,795.54998285619013,175.06952173157399,783.58178942822519,0,5.4845017416482733e-14,2.8421709430404007e-14
3849.1889869857978,177.52375475327577,789.77688960219575,0,0,0.072982789401751028,9.4502825993707281e-05,6,6,177.08624665526597,795.76091723115735,177.96126285128557,783.79286197323415,0,1.7763568394002505e-14,0
3852.0874726687694,180.41450913499565,789.98845130463883,0,0,0.073063639155332816,-3.8715022252439642e-05,6,6,179.97651723125708,795.97244354162069,180.85250103873423,784.00445906765697,4.5474735088646412e-13,1.5987211554602254e-14,0
3854.9859583517405,183.30528722849192,790.19968861787527,0,0,0.072758357752386441,-0.00017193469732548311,6,6,182.86912214668001,796.18381428679368,183.74145231030383,784.21556294895686,0,5.3512749786932545e-14,0
3857.884444034712,186.19617018750137,790.40948527610124,0,0,0.072066931068379206,-0.00030516216614166378,6,6,185.76414279378662,796.39391109075382,186.62819758121611,784.42505946144865,4.5474735088646412e-13,1.6542323066914832e-14,0
3860.7829297176827,189.0867227496652,790.6237705117735,0,0,0.07509160938347674,0.0001391145278637292,6,6,188.63659639679898,796.60686220975504,189.53684910253142,784.64067881379196,0,4.1522341120980855e-14,0
3863.6814154006543,191.97718924155859,790.83922067606625,0,0,0.072816957953266565,-0.00170875043582036,6,6,191.54067348952947,796.82332077534852,192.41370499358771,784.85512057678397,0,5.1514348342607263e-14,0
3866.5799010836254,194.8686810034763,791.04035130906857,0,0,0.065185193185120061,-0.0035574051868167088,6,6,194.47784676454361,797.0276084939303,195.25951524240898,785.05309412420684,0,5.0293103015519591e-14,0
3869.4783867665965,197.76204321047857,791.21232338211939,0,0,0.05358882861249735,-0.0034804178844013859,6,6,197.4406641110989,797.20371015602086,198.08342230985824,785.22093660821793,0,3.1752378504279477e-14,0
3872.3768724495681,200.65697192827074,791.35574633635599,0,0,0.04637324422889149,-0.0014986376806714235,6,6,200.37883217680647,797.34929605907087,200.935111679735,785.36219661364112,0,2.1094237467877974e-14,0
3875.2753581325392,203.55250238820472,791.48659257131885,0,0,0.04490027645126049,0.00048219436249527259,6,6,203.28319124089396,797.48054548287348,203.82181353551547,785.49263965976422,4.5474735088646412e-13,1.9984014443252818e-14,0
3878.1738438155103,206.44784940104242,791.62139941497765,0,0,0.048524472645704732,-1.3770067352556865e-09,6,6,206.15681680862684,797.61433692759636,206.73888199345799,785.62846190235894,0,2.7977620220553945e-14,2.8421709430404007e-14
3881.0723294984814,209.34292333114266,791.76199171078031,0,0,0.048524469878305353,-5.3254176214567279e-10,6,6,209.05189075531192,797.75492922420437,209.6339559069734,785.76905419735624,0,1.5543122344752192e-15,0
3883.970815181453,212.23799726146243,791.90258400211428,0,0,0.048524469558575124,3.1192294255160301e-10,6,6,211.94696468754782,797.89552151563134,212.52902983537703,785.90964648859722,0,4.5297099404706387e-14,0
3886.8693008644241,215.13307119165637,792.04317629606578,0,0,0.04852447168651388,1.1563878044654172e-09,6,6,214.84203860498917,798.03611380896359,215.42410377832357,786.05023878316797,0,5.6399329650957952e-14,0
3889.7677865473952,218.0281445580506,792.18378019869817,0,0,0.048535470944446178,3.5896655269812892e-06,6,6,217.73704605353552,798.17671451009096,218.31924306256568,786.19084588730539,0,5.5289106626332796e-14,0
3892.6662722303668,220.92321669304584,792.32440945434473,0,0,0.048535568378260445,-3.5224348944774887e-06,6,6,220.63211760461633,798.3173437373747,221.21431578147536,786.33147517131476,0,1.3211653993039363e-14,0
3895.5647579133379,223.81829026362627,792.4650091520848,0,0,0.048515051490204388,-1.0634535334360937e-05,6,6,223.52731413161982,798.45794940630083,224.10926639563272,786.47206889786878,0,5.3290705182007514e-14,0
3898.463243596309,226.71336807446605,792.60552150943431,0,0,0.048480683240297924,-5.4338490004556566e-06,6,6,226.42259790949973,798.59847176045139,227.00413823943236,786.61257125841723,0,2.19824158875781e-14,0
3901.3617292792801,229.6084494591347,792.74596021584273,0,0,0.048460765937810589,-8.3093981528181945e-06,6,6,229.317798657629,798.73891625702845,229.89910026064041,786.75300417465701,0,2.3092638912203256e-14,0
3904.2602149622517,232.50353422533669,792.88632919512327,0,0,0.04843251389652576,-1.118494793773907e-05,6,6,232.21305273718846,798.87929344539566,232.79401571348492,786.89336494485087,0,2.2426505097428162e-14,0
3907.1587006452228,235.39862354063092,793.02660431738161,0,0,0.048395927113616545,-1.4060499035268388e-05,6,6,235.10836131595906,799.01957919142615,235.68888576530279,787.03362944333708,0,2.6645352591003757e-14,0
3910.0571863281939,238.29371913308066,793.16674982332574,0,0,0.048343722363306231,-1.5495966627125117e-05,6,6,238.00376977056109,799.15973984227071,238.58366849560022,787.17375980438078,0,3.0642155479654321e-14,0
3912.9556720111655,241.18882089762209,793.30676777457904,0,0,0.04831326823511195,-5.5178530259046874e-06,6,6,240.89905404652328,799.29976662089996,241.47858774872091,787.31376892825813,0,3.1086244689504383e-14,0
3915.8541576941361,244.08392490127159,793.44673942324721,0,0,0.048311735527561087,4.4602608388667086e-06,6,6,243.79416723568769,799.43973871368894,244.37368256685548,787.45374013280548,0,3.3750779948604759e-14,0
3918.7526433771077,246.9790273206678,793.58674383498737,0,0,0.048327897748730773,-2.5996112781497743e-08,6,6,246.68917279494173,799.57973844151888,247.26888184639387,787.59374922845586,0,3.3750779948604759e-14,0
3921.6511290600788,249.87412883557099,793.72676695023881,0,0,0.048327848819643845,-7.7657161389905234e-09,6,6,249.58427460307669,799.71976157095264,250.16398306806528,787.73377232952498,4.5474735088646412e-13,2.2759572004815709e-14,0
3924.5496147430504,252.76923035362739,793.86679000032495,0,0,0.048327852731093073,1.0464676778696057e-08,6,6,252.47937609769178,799.8597846199051,253.059084609563,787.87379538074481,0,1.0769163338864018e-14,0
3927.4481004260215,255.66433186743475,794.00681313822452,0,0,0.048327909483080328,2.8695074715753544e-08,6,6,255.37447727138479,799.99980774135486,255.95418646348472,788.01381853509417,0,4.7628567756419216e-14,0
3930.3465861089926,258.5594334817161,794.14683419864957,0,0,0.048326425273770908,-2.4552980184500168e-07,6,6,258.26958778052483,800.13982923197818,258.84927918290737,788.15383916532096,4.5474735088646412e-13,2.4868995751603507e-14,0
3933.2450717919637,261.45453519085436,794.28685329779546,0,0,0.048326950306006318,6.07810184364581e-07,6,6,261.16468634314759,800.27984817894492,261.74438403856112,788.293858416646,0,2.5979218776228663e-14,0
3936.1435574749348,264.34963665331048,794.4268774973259,0,0,0.04832994873188718,1.4611500479863809e-06,6,6,264.05976983605404,800.41987150935813,264.63950347056692,788.43388348529368,0,4.9737991503207013e-14,0
3939.0420431579064,267.24473823632997,794.56689920299732,0,0,0.048311508915241094,-1.4338984982922811e-05,6,6,266.95498192883355,800.55989855910161,267.53449454382638,788.57389984689303,0,5.773159728050814e-15,0
3941.9405288408775,270.13984356589401,794.70684342398727,0,0,0.048299616693178601,6.1331668758735995e-06,6,6,269.85015852849722,800.69984622551408,270.42952860329081,788.71384062246045,0,1.6431300764452317e-14,0
3944.8390145238491,273.03494640697363,794.84683911092986,0,0,0.048347062707210356,2.6605317879564353e-05,6,6,272.744977025808,800.83982816131083,273.32491578813926,788.85385006054889,0,1.5765166949677223e-14,0
3947.7375002068202,275.93003844255355,794.98705805364682,0,0,0.048453846964228914,4.7077474033281781e-05,6,6,275.6394291061593,800.98001610569429,276.22064777894781,788.99410000159935,0,3.5305092183079978e-14,0
3950.6359858897908,278.82511358250548,795.12762540127699,0,0,0.048567818129383669,2.8745737001064351e-05,6,6,278.53382122358823,801.12055029331725,279.11640594142273,789.13470050923672,0,2.9753977059954195e-14,0
3953.5344715727624,281.72017700249631,795.26843394734931,0,0,0.048620205606549227,7.4024334075539665e-06,6,6,281.42857068976298,801.26134357109424,282.01178331522965,789.27552432360437,0,6.8833827526759706e-15,0
3956.4329572557335,284.61523740097704,795.40930460944332,0,0,0.048610729823932768,-1.3940870182368664e-05,6,6,284.32368787576564,801.4022169961172,284.90678692618843,789.41639222276945,0,3.9745984281580604e-14,0
3959.3314429387051,287.51030203833398,795.55008812825906,0,0,0.048582976162942555,-2.1237812887280678e-08,6,6,287.21891883849355,801.54300860419153,287.8016852381744,789.5571676523266,0,2.19824158875781e-14,0
3962.2299286216762,290.40536774126156,795.69084973563804,0,0,0.048582939806529037,-3.8486753153058888e-09,6,6,290.11398475930224,801.68377022216418,290.69675072322087,789.69792924911189,0,4.1300296516055823e-14,0
3965.1284143046478,293.3004334457608,795.83161131072166,0,0,0.048582953852282042,1.3540462350992829e-08,6,6,293.00905037962639,801.82453179315507,293.59181651189522,789.83869082828824,0,3.6193270602780103e-14,0
3968.0268999876184,296.19549914473419,795.97237299941946,0,0,0.048583018151815767,2.9042710125628192e-08,6,6,295.90411569325778,801.96529346311706,296.48688259621059,789.97945253572186,4.5474735088646412e-13,3.5083047578154947e-14,0
3970.9253856705895,299.09056483386104,796.11313489067959,0,0,0.048583077130616423,1.1653575611789921e-08,6,6,298.79918102892941,802.10605533719172,299.38194863879266,790.12021444416746,4.5474735088646412e-13,5.2402526762307389e-14,0
3973.8238713535611,301.98563051823282,796.25389687972825,0,0,0.048583085707260172,-5.7355586164618165e-09,6,6,301.69424666190201,802.24681732374131,302.27701437456363,790.26097643571518,0,1.7097434579227411e-14,0
3976.7223570365322,304.8806962049452,796.39465882064815,0,0,0.048583043881747223,-2.3124692985274026e-08,6,6,304.58931259927141,802.38757927684844,305.17207981061898,790.40173836444785,0,4.7739590058881731e-14,0
3979.6208427195038,307.77594243686286,796.53159846688277,0,0,0.044686387937843415,-0.0014266601003723404,6,6,307.50791333338032,802.52560884389129,308.04397154034541,790.53758808987425,4.5474735088646412e-13,2.631228568361621e-14,0
3982.5193284024749,310.67163736194499,796.65875759419384,0,0,0.044349578940093781,0.00119420073472254,6,6,310.4056271102545,802.65285790583323,310.93764761363548,790.66465728255446,0,4.163336342344337e-14,0
3985.417814085446,313.56686834782869,796.7959410350386,0,0,0.051612280637658742,0.0038182072924666981,6,6,313.25733213190506,802.78795132633752,313.87640456375232,790.80393074373967,0,1.1657341758564144e-14,0
3988.3162997684171,316.46055390589328,796.96237034601563,0,0,0.054405448264000407,-0.018612191717774257,6,6,316.13428223003672,802.95349267772724,316.78682558174984,790.97124801430402,0,5.4845017416482733e-14,0
3991.2147854513883,319.3568761131433,797.07259919147566,0,0,0.032055080484600429,0.0029346058169799905,6,6,319.16457856604222,803.06951687086553,319.54917366024438,791.07568151208579,0,2.0872192862952943e-14,0
3994.1132711343598,322.25201887556744,797.20762001894514,0,0,0.071640064883772253,0.024696067096457105,6,6,321.82254607015057,803.19222970625196,322.68149168098432,791.22301033163831,0,6.4392935428259079e-15,5.6843418860808015e-14
3997.0117568173309,325.12867251111169,797.55131430924826,0,0,0.17806392250035469,0.049248783577151477,6,6,324.06592586245807,803.45644509194699,326.1914191597653,791.64618352654952,0,2.4980018054066022e-14,0
3999.9102425003025,327.95654824641105,798.18556771790645,0,0,0.24068088610971039,0.01678022352460324,6,6,326.5263645955464,804.01262312564018,329.38673189727569,792.35851231017273,0,3.8746783559417963e-14,5.6843418860808015e-14
4002.8087281832732,330.74402396035879,798.97691032874661,0,0,0.32487075408932925,0.042499646303798128,6,6,328.82890614110323,804.66306225587357,332.65914177961434,793.29075840161966,0,3.3195668436292181e-14,0
4005.7072138662447,333.40685677572969,800.11233022247427,0,0,0.5000353350129797,0.081541378591296024,6,6,330.53011748955299,805.37772394748356,336.28359606190639,794.84693649746498,0,5.1958437552457326e-14,0
4008.6056995492158,335.71704371844305,801.84347387391779,0,0,0.80487535615094452,0.10813420077161724,6,6,331.39257824635672,806.00268033437794,340.04150919052938,797.68426741345763,0,3.5194069880617462e-14,0
4011.504185232187,337.4382905095386,804.16753479104773,0,0,1.0360909438147603,0.055173174019691962,6,6,332.27577771082912,807.22506019620153,342.60080330824809,801.11000938589393,0,2.4091839634365897e-14,0
4014.4026709151585,338.75697603671949,806.74708866451806,0,0,1.1443320322637875,0.021741914037297284,6,6,333.29437205232858,809.22901487408114,344.2195800211104,804.26516245495498,4.5474735088646412e-13,1.2878587085651816e-14,0
4017.3011565981296,339.90768100535178,809.40728683895213,0,0,1.167274890217014,-0.0064543078905084069,6,6,334.3895771611559,811.76324311288226,345.42578484954765,807.051330565022,0,7.6605388699135801e-15,0
4020.1996422811008,340.94265585168063,812.11326730975543,0,0,1.2561271858123579,0.029389461156133827,6,6,335.23726285701241,813.97027855807642,346.64804884634884,810.25625606143444,4.5474735088646412e-13,2.3203661214665772e-14,0
4023.0981279640719,341.74898047195461,814.89694313420773,0,0,1.3119155176782611,0.0093811818498959199,6,6,335.94891790171391,816.43293603174754,347.54904304219531,813.36095023666792,4.5474735088646412e-13,3.4527936065842368e-14,0
4025.9966136470434,342.47878093852034,817.70204165391908,0,0,1.311401908235214,-0.0097440293865930783,6,6,336.67950803371434,819.24101331564088,348.27805384332635,816.16306999219728,0,2.5757174171303632e-14,0
4028.8950993300145,343.26384465610909,820.49209203708244,0,0,1.2999791609311429,0.011868625911965677,6,6,337.48252899142028,822.09720548641371,349.04516032079789,818.88697858775117,0,1.9428902930940239e-14,0
4031.7935850129857,344.01105119417326,823.29258536633824,0,0,1.3130524441755786,-0.0028086435091267139,6,6,338.20924606186929,824.82198302776294,349.81285632647723,821.76318770491355,0,1.3988810110276972e-14,0
4034.6920706959572,344.78112351393236,826.08678982555193,0,0,1.2835363135470435,-0.017645366609901906,6,6,339.02698081700009,827.78674330236868,350.53526621086462,824.38683634873519,0,7.3274719625260332e-15,0
4037.5905563789279,345.69329519408609,828.83731205996207,0,0,1.210160688123884,-0.033051584864868776,6,6,340.07925890109027,830.95452638565655,351.30733148708191,826.7200977342676,0,3.3306690738754696e-14,0
4040.4890420618995,346.69762402337352,831.55618857130219,0,0,1.2181346977400143,-0.0087937721051267181,6,6,341.06688370472256,833.62856968102074,352.32836434202449,829.48380746158364,0,8.5487172896137054e-15,0
4043.3875277448706,347.77150568555294,834.2477742059101,0,0,1.1492849640515115,-0.039919359946651974,6,6,342.29667594309285,836.70261417851009,353.24633542801303,831.79293423331012,0,2.886579864025407e-14,0
4046.2860134278421,349.15598941822913,836.78998382513214,0,0,0.97341705633948183,-0.084489292346463601,6,6,344.19511409341982,840.16484915751187,354.11686474303843,833.41511849275241,0,3.1752378504279477e-14,0
4049.1844991108132,351.09473876181022,838.93201073025534,0,0,0.70381859968372973,-0.07820684715200453,6,6,347.21193710550472,843.5062703750275,354.97754041811572,834.35775108548319,4.5474735088646412e-13,3.7192471324942744e-14,0
4052.0829847937844,353.47389203586829,840.58060287757166,0,0,0.52225477990693814,-0.048957831703845371,6,6,350.48087834971983,845.78078259317078,356.46690572201675,835.38042316197254,0,3.7192471324942744e-14,5.6843418860808015e-14
4054.9814704767555,356.06761028681422,841.87100133583874,0,0,0.41044362712981158,-0.029422994209568541,6,6,353.67351339626282,847.37266472781869,358.46170717736561,836.3693379438588,0,3.6859404417555197e-14,0
4057.8799561597266,358.76448431565774,842.93165078100174,0,0,0.33391714309829312,-0.066862803877773255,6,6,356.79800641906957,848.60024537598122,360.73096221224591,837.26305618602225,0,5.6843418860808015e-14,0
4060.7784418426982,361.56798023981918,843.65746434567359,0,0,0.18862254828787947,-0.03413242787623879,6,6,360.44294392289078,849.55104503024825,362.69301655674758,837.76388366109893,0,2.9864999362416711e-14,0
4063.6769275256693,364.43217438556286,844.09929792548724,0,0,0.13083677267558133,-0.0064188737859847446,6,6,363.64939153133781,850.04801635916112,365.21495723978791,838.15057949181335,0,2.2204460492503131e-14,0
4066.5754132086408,367.30457309355489,844.48688662547829,0,0,0.1501316927846805,0.02000635915594216,6,6,366.40716302239071,850.41939496210728,368.20198316471908,838.55437828884931,4.5474735088646412e-13,4.7961634663806763e-14,0
4069.473898891612,370.16107602616631,844.97793512736746,0,0,0.17262228737679317,-0.0018936516345656061,6,6,369.13047852066808,850.88876153165825,371.19167353166455,839.06710872307667,0,4.7850612361344247e-14,5.6843418860808015e-14
4072.3723845745826,373.01745939379526,845.47016068696712,0,0,0.16944594682173814,-0.00029815327867353499,6,6,372.00564185326516,851.38423079685549,374.02927693432537,839.55609057707875,0,9.4368957093138306e-15,0
4075.2708702575542,375.874268050833,845.95991761357891,0,0,0.17089370116648353,0.0012971480667847387,6,6,374.85388945297808,851.872516662816,376.89464664868791,840.04731856434182,0,3.8635761256955448e-14,5.6843418860808015e-14
4078.1693559405253,378.72927290953453,846.46006322713788,0,0,0.17561719582149349,0.00025707451817885571,6,6,377.68097766854311,852.36777658238077,379.77756815052595,840.55234987189499,0,4.4408920985006262e-14,5.6843418860808015e-14
4081.0678416234969,381.58285833391665,846.96826385327427,0,0,0.17712554666496533,0.00078371410411440094,6,6,380.52565338438143,852.87438929172185,382.64006328345187,841.06213841482668,0,5.3290705182007514e-15,0
4083.966327306468,384.4352811354222,847.482945254328,0,0,0.18016047692657572,0.0013104676058791618,6,6,383.36015640343061,853.38583495435284,385.51040586741379,841.58005555430316,0,4.418687638008123e-14,0
4086.8648129894395,387.28572700638881,848.00845739286103,0,0,0.18472252377990561,0.0018374583377127132,6,6,386.18368429629987,853.90638091433368,388.38776971647775,842.11053387138838,4.5474735088646412e-13,4.5963233219481481e-14,0
4089.7632986724107,390.13397211206745,848.54577888156007,0,0,0.18768157803859908,0.0010154727958196753,6,6,389.0144819764742,854.44041558252047,391.25346224766071,842.65114218059966,0,1.9984014443252818e-14,0
4092.6617843553813,392.98053163222852,849.09195269467443,0,0,0.19186825015422995,0.0018734707653487556,6,6,391.83637246894602,854.98185081001361,394.12469079551101,843.20205457933525,0,4.418687638008123e-14,0
4095.5602700383529,395.82408006043778,849.6535756363154,0,0,0.1985426202161357,0.0027320565115038836,6,6,394.64063531383243,855.53570607789288,397.00752480704313,843.77144519473791,0,9.7699626167013776e-15,0
4098.4587557213245,398.66309254492978,850.23767249263187,0,0,0.20757310805089019,0.0031726691476395381,6,6,397.42657826735325,856.10887615468869,399.89960682250631,844.36646883057506,0,3.1752378504279477e-14,5.6843418860808015e-14
4101.3572414042956,401.49685322225349,850.84675104467908,0,0,0.21540225157431073,0.0022296944608048465,6,6,400.21441081431948,856.70809401965778,402.77929563018751,844.98540806970038,0,3.7081449022480228e-14,0
4104.2557270872667,404.32662247149455,851.47413211217224,0,0,0.22049940065000687,0.0012875394547633258,6,6,403.01432071348773,857.3288621739199,405.63892422950136,845.61940205042458,0,4.3742787170231168e-14,0
4107.1542127702378,407.15403301878774,852.11207008402573,0,0,0.22286649714884491,0.00034579990045138987,6,6,405.8278762391995,857.96367740133201,408.48018979837599,846.26046276671946,0,1.5543122344752192e-14,0
4110.0526984532089,409.9810714515263,852.75165768560726,0,0,0.22250498175759784,0.0006433669754233052,6,6,408.65703020466071,858.60374404660695,411.30511269839189,846.89957132460756,0,3.7081449022480228e-14,0
4112.95118413618,412.80687490547092,853.39666752795654,0,0,0.22729525304182768,0.002662328217212788,6,6,411.45481587572726,859.24234425354518,414.15893393521458,847.55099080236789,0,1.1102230246251565e-16,0
4115.8496698191511,415.62760569473528,854.06346387528981,0,0,0.23794190453647754,0.0046847480654333539,6,6,414.21338758593288,859.89441466746212,417.04182380353768,848.23251308311751,0,2.6090241078691179e-14,0
4118.7481555021232,418.43954488925635,854.76638213751744,0,0,0.25048794199219293,0.0029533791915579122,6,6,416.9522846722092,860.5791316630681,419.9268051063035,848.95363261196678,0,3.0420110874729289e-14,0
4121.6466411850943,421.24416268718267,855.49800445976825,0,0,0.26027439906971717,0.0038000122266531968,6,6,419.70008837485432,861.29592085430238,422.78823699951101,849.70008806523413,0,1.5210055437364645e-14,0
4124.5451268680654,424.04054514378959,856.26047375861651,0,0,0.27252056663029478,0.0046508137440484914,6,6,422.42558613036317,862.0390468856915,425.655504157216,850.48190063154152,0,2.9976021664879227e-14,0
4127.4436125510365,426.82638683837524,857.06056978263553,0,0,0.28723967015969665,0.0055063694311263114,6,6,425.12655041894243,862.81474706068059,428.52622325780806,851.30639250459046,0,1.8873791418627661e-15,0
4130.3420982340076,429.59751995474323,857.91013723529329,0,0,0.30663180357294995,0.0052500554546798224,6,6,427.78642436128683,863.63027121548669,431.40861554819963,852.1900032550999,0,4.0301095793893182e-14,0
4133.2405839169787,432.35544869708127,858.80174784163,0,0,0.31718208340645659,0.0020311565959052272,6,6,430.48410600314679,864.50245626443655,434.22679139101575,853.10103941882346,0,3.2085445411667024e-14,0
4136.1390695999498,435.10809198518535,859.70958712662048,0,0,0.31841114089350397,-0.0011830755036122719,6,6,433.22974420805474,865.40799125656326,436.98643976231597,854.01118299667769,0,2.8199664825478976e-14,0
4139.0375552829219,437.86226843311664,860.61276256100143,0,0,0.31768218403327647,0.0013778604770249903,6,6,435.98807504545744,866.31253441131742,439.73646182077584,854.91299071068545,0,3.8635761256955448e-14,0
4141.936040965893,440.61424035834432,861.52263281678938,0,0,0.32057157937079706,0.00061589997961000818,6,6,438.72358592283632,867.21696559644795,442.50489479385232,855.82830003713082,0,1.3322676295501878e-14,0
4144.8345266488641,443.3645844910962,862.43741477558524,0,0,0.32125267758257242,-0.00014592145077627056,6,6,441.47005209454693,868.13045851320271,445.25911688764546,856.74437103796777,0,2.7755575615628914e-15,0
4147.7330123318352,446.11531302116578,863.35103950797327,0,0,0.31983401658766758,1.836281228478544e-08,6,6,444.22885902746691,869.04676521499755,448.00176701486464,857.65531380094899,0,1.9095836023552692e-14,0
4150.6314980148063,448.86680957228145,864.26234954498943,0,0,0.31983404990353898,4.6256537534678703e-09,6,6,446.98035538882453,869.9580751891649,450.75326375573837,858.56662390081397,0,5.4622972811557702e-14,0
4153.5299836977774,451.61830611118177,865.17365961889686,0,0,0.31983404340244681,-9.1115081416735622e-09,6,6,449.73185196475328,870.8693852753363,453.50476025761026,859.47793396245743,0,3.7525538232330291e-14,0
4156.4284693807485,454.36980267415043,866.08496962013885,0,0,0.3198339970843892,-2.284866790990384e-08,6,6,452.48334879153691,871.78069536395515,456.25625655676396,860.38924387632255,0,4.4853010194856324e-14,0
4159.3269550637206,457.12129929860328,866.99627943574455,0,0,0.31983391283720641,-2.4889879465150487e-08,6,6,455.23484589583859,872.69200533848937,459.00775270136796,861.30055353299974,0,1.4654943925052066e-14,0
4162.2254407466908,459.87279598566232,867.90758906232134,0,0,0.31983387257838863,-2.8893288736025404e-09,6,6,457.98634281220086,873.60331504101248,461.75924915912378,862.21186308363019,0,3.3084646133829665e-14,0
4165.1239264296628,462.62429268035595,868.81889866585607,0,0,0.31983389608784873,1.9111220792308467e-08,6,6,460.737839372991,874.51462460019775,464.5107459877209,863.12317273151439,0,3.7747582837255322e-14,0
4168.0224121126339,465.37578932487645,869.73020842087465,0,0,0.31983397831588573,2.6456864707193048e-08,6,6,463.48933554916317,875.42593420009689,467.26224310058973,864.0344826416524,0,2.4868995751603507e-14,0
4170.920897795605,468.12728590018025,870.64151838486202,0,0,0.31983403509225888,1.2719710788187175e-08,6,6,466.24083180108431,876.33724405697831,470.0137399992762,864.94579271274574,0,1.5987211554602254e-14,0
4173.8193834785761,470.87878244189,871.55282845029274,0,0,0.31983405205168158,-1.0174466999475876e-09,6,6,468.99232824619787,877.24855409041584,472.76523663758212,865.85710281016964,0,3.4638958368304884e-14,0
4176.7178691615472,473.63027898628116,872.46413850760689,0,0,0.31983402919415133,-1.475460226643767e-08,6,6,471.74382492077922,878.1598641908497,475.51673305178309,866.76841282436408,0,1.7319479184152442e-14,5.6843418860808015e-14
4179.6163548445184,476.38177556073776,873.37544847415836,0,0,0.31983399913170502,-5.6325283327561166e-09,6,6,474.49532166646327,879.07117421411249,478.26822945501226,867.67972273420423,0,3.9745984281580604e-14,5.6843418860808015e-14
4182.5148405274895,479.13327215100355,874.28675839299899,0,0,0.31983399073870322,-1.5877311150824813e-10,6,6,477.24681830453329,879.98248414878617,481.01972599747381,868.59103263721181,0,1.3322676295501878e-15,0
4185.4133262104615,481.88476874168668,875.19806831057258,0,0,0.31983399821130182,5.314982033680988e-09,6,6,479.99831485265457,880.89379405226305,483.7712226307188,869.50234256888211,0,6.2172489379008766e-15,0
4188.3118118934326,484.63626531863378,876.10937826960674,0,0,0.31983401857742377,5.6178589693851472e-09,6,6,482.74981131360181,881.80510397287742,486.52271932366574,870.41365256633605,0,1.7763568394002505e-15,0
4191.2102975764037,487.38776187992693,877.0206882758979,0,0,0.31983403089430418,2.8809790596348102e-09,6,6,485.50130780474137,882.71641395593338,489.27421595511248,871.32496259586242,0,1.2434497875801753e-14,0
4194.1087832593748,490.13925843360937,877.93199830516517,0,0,0.31983403527837623,1.4409845985315033e-10,6,6,488.25280433345335,883.62772397693027,492.02571253376539,872.23627263340006,0,4.9182879990894435e-14,0
4197.0072689423459,492.8907549869142,878.84330833558261,0,0,0.31983403172963876,-2.5927821744445276e-09,6,6,491.00430090697085,884.53903401404227,494.77720906685755,873.14758265712294,0,2.9531932455029164e-14,0
4199.905754625318,495.64225154178342,879.75461836129193,0,0,0.31983403479821654,9.630317116047489e-10,6,6,493.75579744436226,885.45034403396289,497.52870563920459,874.05889268862097,0,2.7866597918091429e-14,5.6843418860808015e-14
4202.8042403082882,498.3937480944424,880.66592839365308,0,0,0.31983403362315044,-1.7738455284824091e-09,6,6,496.50729400371409,886.3616540685407,500.28020218517071,874.97020271876545,0,4.5519144009631418e-15,0
4205.7027259912593,501.14524465178738,881.57723841186782,0,0,0.31983402451528525,-4.5107223437105155e-09,6,6,499.258790612935,887.27296410393706,503.03169869063976,875.88151271979859,0,5.7176485768195562e-14,0
4208.6012116742313,503.89674122140275,882.48854839304613,0,0,0.31983400574129378,-7.5292459954553074e-09,6,6,502.01028728948188,888.18427412053165,505.78319515332362,876.79282266556061,0,2.708944180085382e-14,0
4211.4996973572015,506.64823780814589,883.39985832250829,0,0,0.31983399185069039,-2.0554857561039227e-09,6,6,504.76178395534208,889.09558407619772,508.5346916609497,877.70413256881886,0,2.708944180085382e-14,0
4214.3981830401735,509.39973440032458,884.31116823557954,0,0,0.31983399382570077,3.4182734986256918e-09,6,6,507.51328053627162,890.00689398554323,511.28618826437753,878.61544248561586,0,3.4861002973229915e-14,0
4217.2966687231446,512.15123098346749,885.22247817590983,0,0,0.31983401166632563,8.8920343907847238e-09,6,6,510.26477701779925,890.918203892218,514.03768494913572,879.52675245960165,0,4.3298697960381105e-15,1.1368683772161603e-13
4220.1951544061167,514.90272753911711,886.13378819922139,0,0,0.31983404760088985,6.5744361791510714e-09,6,6,513.0162733687755,891.82951384774071,516.78918170945872,880.43806255070206,0,4.418687638008123e-14,0
4223.0936400890869,517.65422407754124,887.04509827456377,0,0,0.31983404674831506,-7.162726201294209e-09,6,6,515.76776991205566,892.74082392469143,519.54067824302683,881.34937262443611,0,4.75175454539567e-14,0
4225.992125772058,520.40572063488344,887.9564082927817,0,0,0.31983400607877244,-2.0899887233740355e-08,6,6,518.51926670104035,893.65213401963058,522.29217456872652,882.26068256593283,0,8.8817841970012523e-15,0
4228.89061145503,523.15721724854302,888.86771814097233,0,0,0.31983392371321595,-2.8010927357475235e-08,6,6,521.27076378383163,894.56344402319996,525.04367071325441,883.17199225874469,0,2.7311486405778851e-14,0
4231.7890971380002,525.90871392981217,889.77902778502869,0,0,0.31983387440808725,-6.0103757466034429e-09,6,6,524.0222607459292,895.47475376026819,527.79516711369513,884.08330180978919,0,5.8730798002670781e-14,0
4234.6875828209722,528.66021062696177,890.69033738115274,0,0,0.31983388887123798,1.5990173938755758e-08,6,6,526.77375736070064,896.3860633291082,530.5466638932229,884.99461143319729,0,4.6407322429331543e-14,0
4237.5860685039434,531.41170727862652,891.60164711417178,0,0,0.31983683035331462,0.00041310730570476176,6,6,529.52523725849778,897.29736751313408,533.29817729875526,885.90592671520949,0,1.4210854715202004e-14,1.1368683772161603e-13
4240.4845541869145,534.1628139053106,892.51413341623015,0,0,0.32051236795107457,5.302533062463407e-05,6,6,532.27249664264502,898.20857813423981,536.05313116797618,886.81968869822049,0,4.1078251911130792e-14,0
4243.3830398698856,536.91378029306543,893.42704254722378,0,0,0.32014421838488094,-0.00030705496876431244,6,6,535.02555956580636,899.12218279880221,538.8020010203245,887.73190229564534,0,4.929390229335695e-14,0
4246.2815255528567,539.66555786397498,894.33750289577267,0,0,0.31873237075847383,-0.0006671433556810813,6,6,537.78537968619867,900.03530335031769,541.5457360417513,888.63970244122766,0,4.9515946898281982e-14,0
4249.1800112358287,542.41898194319458,895.24297092648965,0,0,0.31679610383508705,-0.00054367321330290176,6,6,540.54983974559548,900.94440122468279,544.28812414079368,889.5415406282965,0,5.3068660577082483e-14,0
4252.0784969187989,545.1738499774583,896.14403710114209,0,0,0.31553568939698001,-0.00032603229878764049,6,6,543.31189542772336,901.84781876375166,547.03580452719325,890.44025543853252,0,9.9920072216264089e-15,0
4254.9769826017709,547.92956842638955,897.0424995670885,0,0,0.31490610220180076,-0.00010839297022661726,6,6,546.071205273337,902.74745236193064,549.7879315794421,891.33754677224636,0,1.4432899320127035e-14,0
4257.8754682847421,550.68557500291456,897.94007797595464,0,0,0.31478049086880611,-0.00031258342303568863,6,6,548.8279284712462,903.64526415726198,552.54322153458293,892.2348917946473,0,1.5654144647214707e-14,0
4260.7739539677132,553.44198626293644,898.83641266565076,0,0,0.31408090979517295,-0.00017013869919910859,6,6,551.58833142579533,904.54289702510914,555.29564110007755,893.12992830619237,0,1.4654943925052066e-14,0
4263.6724396506843,556.198839257435,899.7313879510798,0,0,0.31379419998085401,-2.769570964611634e-05,6,6,554.34682060153011,905.43840353702137,558.05085791333988,894.02437236513822,0,6.3060667798708891e-14,0
4266.5709253336554,558.9557640955162,900.62614192781064,0,0,0.31392035822242165,0.00011474693867850748,6,6,557.10302546730054,906.33292382091975,560.80850272373186,894.91936003470153,0,1.1435297153639112e-14,0
4269.4694110166274,561.71249999487929,901.521477853747,0,0,0.31405929264071536,1.6365212157598053e-08,6,6,559.85896851612506,907.22800228261497,563.56603147363353,895.81495342487904,0,8.2156503822261584e-15,0
4272.3678966995976,564.46921320574052,902.41688364300921,0,0,0.31405931997548892,2.4962051904832086e-09,6,6,562.61568157099975,908.12340802121139,566.32274484048128,896.71035926480704,0,1.2434497875801753e-14,0
4275.2663823825696,567.22592641012523,903.31228945221767,0,0,0.31405930711114488,-1.1372802303448023e-08,6,6,565.37239484879512,909.01881385426429,569.07945797145533,897.60576505017104,0,1.8873791418627661e-14,0
4278.1648680655408,569.98263964375951,904.20769517138024,0,0,0.31405925745915625,-1.6964042514399425e-08,6,6,568.12910836576975,909.9142196654584,571.83617092174927,898.50117067730207,0,5.6621374255882984e-15,0
4281.0633537485119,572.7393529185365,905.10310076385952,0,0,0.31405922449150914,-5.784143347208598e-09,6,6,570.88582182867742,910.80962531904424,574.59288400839557,899.39657620867479,0,6.2172489379008766e-15,0
4283.961839431483,575.49606620832378,905.99850631012134,0,0,0.31405922392864649,5.3957594976670143e-09,6,6,573.64253512167659,911.70503086634926,577.34959729497098,900.29198175389342,0,4.5297099404706387e-14,0
4286.8603251144541,578.25277948411122,906.89391189949811,0,0,0.31405925577056909,1.6575658911814632e-08,6,6,576.39924821575732,912.60043639670607,580.10631075246511,901.18738740229014,0,3.3195668436292181e-14,0
4289.7588107974261,581.00949271929517,907.78931761387867,0,0,0.31405930594170595,1.1854618366238468e-08,6,6,579.15596116463848,913.49584201809284,582.86302427395185,902.08279320966449,0,1.1657341758564144e-14,0
4292.6572964803963,583.76620592410097,908.68472342178802,0,0,0.31405932020258093,-2.0143933152650139e-09,6,6,581.9126742880643,914.39124779956921,585.61973756013765,902.97819904400683,0,2.7533531010703882e-14,0
4295.5557821633674,586.52291913413796,909.58012921360273,0,0,0.31405929426432633,-1.5883404279250018e-08,6,6,584.66938764611859,915.28665363946129,588.37645062215734,903.87360478774417,0,4.4408920985006262e-15,0
4298.4542678463395,589.2796323853878,910.4755348785211,0,0,0.31405922957539978,-2.3430498644246419e-08,6,6,587.42610126651732,916.18205942428267,591.13316350425828,904.76901033275954,0,4.3076653355456074e-14,0
4301.3527535293106,592.03634569120072,911.37094037546206,0,0,0.31405918565918123,-6.8723717720039444e-09,6,6,590.18281482293924,917.07746500262363,593.88987655946221,905.66441574830048,0,5.2069459854919842e-14,0
4304.2512392122817,594.79305901485213,912.26634581749136,0,0,0.31405918973645852,9.6857561715704623e-09,6,6,592.93952812332361,917.97287043709559,596.64658990638065,906.55982119788712,0,2.6534330288541241e-14,0
4307.1497248952528,597.54977231336318,913.16175133691195,0,0,0.31405924180723094,2.6243882605241803e-08,6,6,595.69624112469148,918.8682758600014,599.40330350203487,907.45522681382249,0,1.2434497875801753e-14,0
4310.0482105782248,600.30648555289747,914.05715703792748,0,0,0.31405930633124507,1.4304272117832941e-08,6,6,598.45295399601787,919.76368144141964,602.16001710977707,908.35063263443533,0,4.8183679268731794e-14,0
4312.946696261195,603.06319875533995,914.95256285311655,0,0,0.31405932379523144,-2.2538509385947526e-09,6,6,601.20966709880167,920.65908722423865,604.91673041187823,909.24603848199445,0,4.2854608750531042e-14,0
4315.8451819441661,605.81991196363174,915.84796865029671,0,0,0.31405929326573545,-1.8811974346365746e-08,6,6,603.96638048131081,921.5544930780062,607.67344344595267,910.14144422258721,0,5.3956838996782608e-14,0
4318.7436676271382,608.57662521974714,916.74337430024116,0,0,0.31405922287746679,-2.1736183204905822e-08,6,6,606.72309413909863,922.44989885841755,610.43015630039565,911.03684974206476,0,4.8849813083506888e-15,0
4321.6421533101093,611.33333852935868,917.63877978548669,0,0,0.31405918387219756,-5.1780561285631039e-09,6,6,609.47980767129468,923.34530441596053,613.18686938742269,911.93225515501285,0,5.6621374255882984e-15,0
4324.5406389930804,614.09005185240937,918.53418522935817,0,0,0.3140591928604245,1.1380071754974901e-08,6,6,612.23652094305385,924.240709843172,615.9435827617649,912.82766061554435,0,3.8968828164342995e-14,0
4327.4391246760515,616.84676514592172,919.42959076415877,0,0,0.314059249842146,2.7938197864487539e-08,6,6,614.99323391139853,925.13611527235526,618.70029638044491,913.72306625596229,0,4.9515946898281982e-14,0
4330.3376103590226,619.60347837971892,920.3249964828276,0,0,0.31405931032248591,1.2609967374489518e-08,6,6,617.74994680006319,926.03152087892192,621.45700995937466,914.61847208673328,0,1.9095836023552692e-14,0
4333.2360960419937,622.36019158078705,921.2204023022507,0,0,0.31405932287555127,-3.9481577875047609e-09,6,6,620.506659929497,926.92692667507742,624.21372323207709,915.51387792942398,0,3.3750779948604759e-14,0
4336.1345817249648,625.11690479210245,922.11580809012696,0,0,0.31405928743512762,-2.0506283564968917e-08,6,6,623.26337334305401,927.82233252864364,626.97043624115088,916.40928365161028,0,4.1078251911130792e-15,0
4339.0330674079369,627.87295650115311,923.01324411921996,0,0,0.31667470131393594,0.0012498929399994145,6,6,626.00450648533899,928.71490129397228,629.74140651696723,917.31158694446765,0,4.0190073491430667e-14,0
4341.931553090908,630.62653971664804,923.91822918819605,0,0,0.31744785048205759,-0.00071633451712205211,6,6,628.75368202821346,929.6184400684067,632.49939740508262,918.2180183079854,0,1.1102230246251565e-14,0
4344.8300387738791,633.38199353660173,924.81749343148317,0,0,0.31252103291157141,-0.0026836610369946265,6,6,631.53724236406049,930.5268623205468,635.22674470914296,919.10812454241955,0,2.5979218776228663e-14,0
4347.7285244568502,636.14430106342036,925.6954462472487,0,0,0.30359200861129343,0.0042382307042144471,6,6,634.35060184521365,931.42105915021421,637.93800028162707,919.96983334428319,0,2.4868995751603507e-14,0
4350.6270101398213,638.90740773871585,926.57091668902672,0,0,0.30718790369293775,-0.0017515372616112477,6,6,637.09313145826889,932.29004263432705,640.72168401916281,920.85179074372638,0,2.2426505097428162e-14,0
4353.5254958227924,641.67490498377174,927.43233563516242,0,0,0.29342983559180413,-0.0077493272442179769,6,6,639.93948204972719,933.17588046740605,643.41032791781629,921.68879080291879,0,1.6431300764452317e-14,0
4356.4239815057635,644.46097215937698,928.23131195446024,0,0,0.26220559391703074,-0.013805135574465052,6,6,642.90570382706437,934.02623563079158,646.01624049168959,922.4363882781289,0,3.5749181392930041e-14,0
4359.3224671887356,647.2723495374122,928.93620723565743,0,0,0.23460335240968733,-0.007240402597187794,6,6,645.87760620699623,934.77184696427844,648.66709286782816,923.10056750703643,0,1.7763568394002505e-14,0
4362.2209528717067,650.09938225009421,929.57544447018131,0,0,0.20840528428415708,-0.010852049844207979,6,6,648.8579825250871,935.44561710160815,651.34078197510132,923.70527183875447,0,6.2172489379008766e-15,0
4365.1194385546769,652.94505720054974,930.12535674992785,0,0,0.1715754833750511,-0.014584901173447571,6,6,651.92064773531877,936.03725874907707,653.96946666578071,924.21345475077862,0,2.8643754035329039e-14,0
4368.0179242376489,655.81123056014951,930.55519388550272,0,0,0.12701801941077656,-0.011548606815315344,6,6,655.05117004625799,936.50685819183104,656.57129107404103,924.60352957917439,0,2.5868196473766147e-14,0
4370.91640992062,658.692227605516,930.87168296543086,0,0,0.090924139492635878,-0.01338845190047303,6,6,658.14743414587167,936.84689844994091,659.23702106516032,924.89646748092082,0,1.1102230246251565e-15,0
4373.8148956035911,661.58329193885754,931.07600732643232,0,0,0.049197984430458197,-0.015442850575958324,6,6,661.28822309871589,937.06874746593257,661.87836077899919,925.08326718693206,0,3.9968028886505635e-14,0
4376.7133812865623,664.48053953815236,931.15058175732418,0,0,0.0011539038510073275,-0.01775390333322777,6,6,664.47361611658278,937.15057776284232,664.48746295972194,925.15058575180603,0,3.6193270602780103e-14,0
4379.6118669695343,667.37784618577268,931.07956517251307,0,0,-0.049281707622786664,-0.016455873189155742,6,6,667.67341675621481,937.07228058690487,667.08227561533056,925.08684975812128,0,3.0642155479654321e-14,0
4382.5103526525054,670.2685137283737,930.87020883650894,0,0,-0.09451883436086847,-0.014805883065141988,6,6,670.8347826983379,936.84342735366158,669.70224475840951,924.89699031935629,0,2.6201263381153694e-14,0
4385.4088383354756,673.14756193225503,930.53684088457567,0,0,-0.13536842744041272,-0.013422444684899512,6,6,673.95729419488919,936.48195094771575,672.33782966962087,924.59173082143559,0,1.5432100042289676e-14,0
4388.3073240184476,676.01135809631728,930.09090381375597,0,0,-0.17430810421623666,-0.014552422456305187,6,6,677.05191870331544,935.99998442102162,674.97079748931912,924.18182320649032,0,4.9404924595819466e-14,0
4391.2058097014187,678.85466086553834,929.52906969089531,0,0,-0.21557489013582584,-0.013954142342765126,6,6,680.1381151481761,935.39019117951671,677.57120658290057,923.66794820227392,0,1.3322676295501878e-14,0
4394.1042953843898,681.67290434606298,928.85259685325582,0,0,-0.25537923024885317,-0.013541729161395743,6,6,683.18857849214055,934.65800225537134,680.15723019998541,923.04719145114029,0,1.9761969838327786e-14,0
4397.002781067361,684.4624063608461,928.06593262886383,0,0,-0.29424948758903469,-0.013309225321409747,6,6,686.20253641940246,933.80805308905178,682.72227630228974,922.32381216867589,0,2.3314683517128287e-14,0
4399.9012667503321,687.21785076138929,927.16734330117538,0,0,-0.33637265207723527,-0.014068972896822502,6,6,689.19824200045548,932.83109210741941,685.23745952232309,921.50359449493135,0,3.4416913763379853e-14,0
4402.7997524333041,689.93447364148585,926.1573189866541,0,0,-0.37475764367988507,-0.012446125362858582,6,6,692.13075566505609,931.74089716493211,687.73819161791562,920.5737408083761,0,1.9872992140790302e-14,0
4405.6982381162743,692.61289345483419,925.04985231891203,0,0,-0.4086776003928333,-0.010983666529418843,6,6,694.99727053237393,930.55573516838342,690.22851637729445,919.54396946944064,0,4.7850612361344247e-14,0
4408.5967237992463,695.25478781728316,923.85779513013506,0,0,-0.43837738207385402,-0.010110700800464865,6,6,697.80161284958649,929.29044478337357,692.70796278497983,918.42514547689655,0,5.8619775700208265e-14,0
4411.4952094822174,697.85950737866153,922.58660510298648,0,0,-0.47069544283983217,-0.012214210588585624,6,6,700.58054464222676,927.93412379956806,695.13847011509631,917.23908640640491,0,1.6431300764452317e-14,0
4414.3936951651885,700.41749496881027,921.22393357226838,0,0,-0.50935244436763905,-0.014492809463857293,6,6,703.34316693249593,926.46229625166586,697.49182300512462,915.9855708928709,0,3.4972025275692431e-14,0
4417.2921808481597,702.91586340458991,919.75494678091786,0,0,-0.55491871509101509,-0.016986830786961414,6,6,706.07710869088567,924.85460640091924,699.75461811829416,914.65528716091649,0,7.9936057773011271e-15,0
4420.1906665311308,705.34524200405565,918.17442127529785,0,0,-0.59797470213624482,-0.014433847676037198,6,6,708.72306060033338,923.13328621907681,701.96742340777791,913.21555633151888,0,5.3290705182007514e-15,0
4423.0891522141028,707.70629496883907,916.49351142876992,0,0,-0.63922424144376033,-0.014061414485868494,6,6,711.2857331433263,921.30886420453032,704.12685679435185,911.67815865300952,0,2.0206059048177849e-14,0
4425.987637897073,709.99682162004251,914.71768390184275,0,0,-0.6796740815057053,-0.013881523799779931,6,6,713.76805901182547,919.3843495781922,706.22558422825955,910.05101822549329,0,1.4099832412739488e-14,0
4428.886123580045,712.2132771913266,912.85024558681573,0,0,-0.72128077762983622,-0.014611367145180848,6,6,716.1753593523888,917.35600911245626,708.2511950302644,908.3444820611752,0,2.375877272697835e-14,0
4431.7846092630161,714.34972454538524,910.89176596627181,0,0,-0.76218473265087316,-0.013649687390759653,6,6,718.49274478110567,915.23174100380493,710.20670430966481,906.55179092873868,0,5.9952043329758453e-15,0
4434.6830949459863,716.40694934995474,908.85019482955272,0,0,-0.80061059776321353,-0.012898330504730026,6,6,720.71363753818855,913.02780621039312,712.10026116172094,904.67258344871232,0,2.886579864025407e-14,0
4437.5815806289584,718.38633872652872,906.73305031884513,0,0,-0.8372006491343239,-0.012947866921795691,6,6,722.84296917928486,910.75031867029577,713.92970827377258,902.71578196739449,0,2.0206059048177849e-14,0
4440.4800663119295,720.28610872991248,904.54419113252129,0,0,-0.87481187279123795,-0.013030280333031673,6,6,724.89064612814002,908.39103858833801,715.68157133168495,900.69734367670458,0,4.5408121707168903e-14,0
4443.3785519949015,722.10178792304669,902.28509513918425,0,0,-0.91288559138887637,-0.013266880530646855,6,6,726.8494167414168,905.95388521262555,717.35415910467657,898.61630506574295,0,2.1538326677728037e-14,0
4446.2770376778717,723.82918247577163,899.95780819478114,0,0,-0.9518705391424408,-0.013659888589934751,6,6,728.71619532840816,903.43877147786327,718.9421696231351,896.476844911699,0,9.4368957093138306e-15,0
4449.1755233608437,725.46330198458907,897.56411648807,0,0,-0.99162164441339729,-0.013537239806615538,6,6,730.48478993736705,900.84811690526021,720.44181403181108,894.28011607087979,0,3.0642155479654321e-14,0
4452.0740090438148,727.00222222100842,895.10812422612503,0,0,-1.0303079812356934,-0.013190190419476283,6,6,732.14696723943848,898.19545295746207,721.85747720257837,892.02079549478799,0,5.3068660577082483e-14,0
4454.972494726785,728.44602901466237,892.59503176043665,0,0,-1.0682737353877185,-0.013039019196879406,6,6,733.70425127184092,895.48485851893133,723.18780675748383,889.70520500194198,0,2.9976021664879227e-14,0
4457.8709804097571,729.7938312411261,890.02916770642776,0,0,-1.1055098596888375,-0.011699193969764614,6,6,735.15598966443349,892.7212407075466,724.43167281781871,887.33709470530891,0,4.1855408028368402e-14,0
4460.7694660927282,731.04848891727215,887.41647661555271,0,0,-1.1413467305481493,-0.013057530987644188,6,6,736.50365927267967,889.91469926245247,725.59331856186463,884.91825396865295,0,2.886579864025407e-14,0
4463.6679517757002,732.20325377323775,884.7581657218584,0,0,-1.1813845360456874,-0.014602674916873771,6,6,737.75404895433303,887.03603157777047,726.65245859214247,882.48029986594634,0,2.631228568361621e-14,0
4466.5664374586704,733.24434569909522,882.0533659272977,0,0,-1.2262049417208827,-0.01636179462758736,6,6,738.89162709658945,884.08023859658795,727.59706430160099,880.02649325800746,0,3.6859404417555197e-14,0
4469.4649231416424,734.15346551072128,879.30149455944752,0,0,-1.2775694969344464,-0.016768881848137594,6,6,739.89736252541479,881.03575148522134,728.40956849602776,877.5672376336737,0,5.3512749786932545e-14,0
4472.3634088246135,734.92902849031475,876.50892523097878,0,0,-1.3202828415067653,-0.012738585256209843,6,6,740.74174002444124,877.99633392432202,729.11631695618826,875.02151653763553,0,6.4392935428259079e-15,0
4475.2618945075837,735.60087496981362,873.68950055872551,0,0,-1.3515924809990301,-0.0088899299477203288,6,6,741.45730027652701,874.99421609357864,729.74444966310023,872.38478502387238,0,4.6851411639181606e-14,0
4478.1603801905558,736.19751625083188,870.85316251340998,0,0,-1.3786378938507078,-0.014740829790753907,6,6,742.08708210289512,871.9990307755636,730.30795039876864,869.70729425125637,0,5.3068660577082483e-14,0
4481.0588658735269,736.69674314481767,867.99815052909059,0,0,-1.4144279361584366,-0.0099651129420803564,6,6,742.6235392660318,868.93254216944365,730.76994702360355,867.06375888873754,0,1.6431300764452317e-14,0
4483.9573515564989,737.11327288553264,865.12980954911654,0,0,-1.4364747791699759,-0.0052582607850957626,6,6,743.05922738308641,865.93331755344559,731.16731838797887,864.3263015447875,0,5.3179682879544998e-14,0
4486.8558372394691,737.48602002043742,862.25540053945906,0,0,-1.4449454057982267,-0.00058661380416505924,6,6,743.43856733854864,863.00851435930804,731.53347270232621,861.50228671961008,0,2.1538326677728037e-14,0
4489.7543229224402,737.82835550322318,859.37725341255816,0,0,-1.462642261323218,-0.0062741690305442351,6,6,743.79329779097202,860.02491343434815,731.86341321547434,858.72959339076817,0,5.1958437552457326e-14,0
4492.6528086054122,738.120023104903,856.49350059398864,0,0,-1.4756167418919379,-0.0026808208532404887,6,6,744.09286615562655,857.06371624742485,732.14718005417944,855.92328494055243,0,4.829470157119431e-14,0
4495.5512942883825,738.38926937480164,853.60754843400991,0,0,-1.4781922258353677,0.00090333898039161918,6,6,744.36356119588731,854.16237925192581,732.41497755371597,853.05271761609401,0,4.2854608750531042e-14,0
4498.4497799713545,738.66348705427981,850.72206558812957,0,0,-1.4757875415353687,-0.0014613418048475971,6,6,744.63642741051171,851.29126107379,732.69054669804791,850.15287010246914,0,3.9190872769268026e-14,0
4501.3482656543256,738.93338376568283,847.83617439070838,0,0,-1.4789413133792297,-0.000714826557187331,6,6,744.90808952740076,848.38652978578955,732.95867800396491,847.28581899562721,0,1.0547118733938987e-14,0
4504.2467513372976,739.19730061264181,844.94972909983278,0,0,-1.4799314625570101,3.1598886401724581e-05,6,6,745.17254837942585,845.49416837610022,733.22205284585777,844.40528982356534,0,1.5654144647214707e-14,0
4507.1452370202678,739.46148182422485,842.0633080417922,0,0,-1.478758130429783,0.00077802938256603393,6,6,745.43608666997523,842.61475789185693,733.48687697847447,841.51185819172747,0,1.1213252548714081e-14,0
4510.0437227032389,739.72857096227074,839.17715443748716,0,0,-1.4785037212635264,2.2267429186276746e-09,6,6,745.70303532077583,839.73012426392688,733.75410660376565,838.62418461104744,0,4.7739590058881731e-14,0
4512.942208386211,739.99570014700794,836.2910045361408,0,0,-1.4785037273710804,-6.4410497361526364e-09,6,6,745.97016450889032,836.84397432609126,734.02123578512555,835.73803474619035,0,4.6629367034256575e-14,0
4515.8406940691812,740.26282927786269,833.40485462980791,0,0,-1.4785037586021075,-1.5108842540706462e-08,6,6,746.2372936570149,833.95782423316962,734.28836489871048,832.85188502644621,0,4.6629367034256575e-14,0
4518.7391797521532,740.52995827728353,830.5187047113111,0,0,-1.4785038203517791,-2.219894576500874e-08,6,6,746.50442269058135,831.07167394575163,734.5554938639857,829.96573547687058,0,5.7953641885433171e-14,0
4521.6376654351243,740.79708711012631,827.63255477739312,0,0,-1.4785038595716333,-4.8633608430687272e-09,6,6,746.77155154511149,828.18552377751598,734.82262267514113,827.07958577727027,0,4.8405723873656825e-14,0
4524.5361511180954,741.06421590228479,824.74640483970984,0,0,-1.4785038485445423,1.2472224305048215e-08,6,6,747.03868033117237,825.29937390571376,735.0897514733972,824.19343577370591,0,3.3084646133829665e-14,0
4527.4346368010665,741.33134479877913,821.86025491168311,0,0,-1.4785037872705067,2.980780887312983e-08,6,6,747.30580919378406,822.4132243437665,735.3568804037742,821.30728547959973,0,2.042810365310288e-14,0
4530.3331224840376,741.59847386764454,818.97410499961211,0,0,-1.4785037418007514,1.1304416482250256e-08,6,6,747.57293823750604,819.52707470335292,735.62400949778305,818.4211352958713,0,2.4868995751603507e-14,0
4533.2316081670097,741.86560303107797,816.08795509629078,0,0,-1.4785037215967927,2.6366278011045086e-09,6,6,747.84006738976734,816.64092492073951,735.89113867238859,815.53498527184206,0,4.6407322429331543e-14,0
4536.1300938499799,742.13273221656766,813.20180519501389,0,0,-1.4785037265162955,-6.0311608187223716e-09,6,6,748.10719657797733,813.75477499007116,736.15826785515799,812.64883539995662,0,4.241051954068098e-14,0
4539.0285795329519,742.3998613764727,810.31565529136697,0,0,-1.4785037250082831,5.2302387199549038e-09,6,6,748.37432573704848,810.8686250954338,736.42539701589692,809.76268548730013,0,1.7097434579227411e-14,0
4541.927065215923,742.66699056296466,807.42950539018364,0,0,-1.4785037224102477,-3.437554021151127e-09,6,6,748.64145492210378,807.98247520977236,736.69252620382554,806.87653557059491,0,5.5511151231257827e-15,0
4544.8255508988941,742.93411972070032,804.54335548633571,0,0,-1.4785037449356855,-1.2105346842200102e-08,6,6,748.90858409229531,805.09632517134696,736.95965534910533,803.99038580132446,0,4.4408920985006262e-14,0
4547.7240365818652,743.20124877677119,801.65720557308487,0,0,-1.478503795288673,-2.9050112070442768e-08,6,6,749.17571317620991,802.21017495726403,737.22678437733248,801.1042361889057,0,2.19824158875781e-14,0
4550.6225222648363,743.46837765441194,798.77105564331066,0,0,-1.4785038532038792,-1.0912277414131963e-08,6,6,749.44284208587601,799.32402468147745,737.49391322294787,798.21808660514387,0,5.440092820663267e-14,0
4553.5210079478084,743.73550644076636,795.88490570508827,0,0,-1.4785038585468333,7.2255565230604386e-09,6,6,749.70997087518492,796.43787471133385,737.76104200634779,795.3319366988427,0,2.3092638912203256e-14,0
4556.4194936307786,744.00263528756591,792.99875577246178,0,0,-1.4785038113175319,2.5363393454463325e-08,6,6,749.97709969586811,793.55172506087706,738.02817087926371,792.44578648404649,0,2.708944180085382e-14,0
4559.3179793137497,744.26976431983053,790.11260585700143,0,0,-1.4785037458300814,1.603418534599704e-08,6,6,750.24422869192017,790.66557553666917,738.29529994774089,789.55963617733369,0,4.5519144009631418e-14,0
4562.2164649967217,744.53689348918135,787.22645595422375,0,0,-1.4785037142422819,5.7618848147920352e-09,6,6,750.51135784380392,787.77942582261164,738.56242913455878,786.67348608583586,0,4.241051954068098e-14,0
4565.1149506796928,744.80402270673198,784.3403060559184,0,0,-1.4785037124286013,-4.5104169626239732e-09,6,6,750.77848706035161,784.89327593514213,738.82955835311236,783.78733617669468,0,3.2529534621517087e-14,0
4568.0134363626639,745.07115188849025,781.45415615429533,0,0,-1.4785037334477271,-1.6843590731651354e-09,6,6,751.04561625373276,782.00712590794103,739.09668752324774,780.90118640064964,0,2.6645352591003757e-14,1.1368683772161603e-13
4570.911922045635,745.33828103490646,778.56800624940104,0,0,-1.4785037371671572,-8.8210526636336236e-10,6,6,751.31274540220579,779.12097598082516,739.36381666760713,778.01503651797691,0,6.2172489379008766e-15,0
4573.8104077286071,745.6054101739436,775.6818563438236,0,0,-1.4785037385612663,-7.9851681177244897e-11,6,6,751.57987454201373,776.23482606691869,739.63094580587347,775.12888662072851,0,5.440092820663267e-15,0
4576.7088934115773,745.87253931231294,772.79570643818147,0,0,-1.4785037376300552,7.2240188394779806e-10,6,6,751.84700367986818,773.34867616684005,739.8980749447577,772.24273670952289,0,1.8762769116165146e-14,0
4579.6073790945484,746.13966847245899,769.90955653455819,0,0,-1.4785037224319388,3.4563735103055624e-09,6,6,752.11413283161016,770.46252635401731,740.16520411330782,769.35658671509907,0,4.1300296516055823e-14,0
4582.5058647775204,746.40679765896698,767.02340663337634,0,0,-1.4785037249754258,-5.2114188659330171e-09,6,6,752.38126201952457,767.57637643763951,740.43233329840939,766.47043682911317,0,4.6629367034256575e-14,1.1368683772161603e-13
4585.4043504604915,746.67392680187947,764.13725672815701,0,0,-1.478503752642385,-1.387921136336232e-08,6,6,752.64839117773613,764.69022636712486,740.69946242602282,763.58428708918916,0,1.1990408665951691e-14,0
4588.3028361434626,746.94105582588281,761.25110681193405,0,0,-1.4785038107182986,-2.4658207047584446e-08,6,6,752.91552023385361,761.80407610392945,740.96659141791201,760.69813751993865,0,3.219646771412954e-15,0
4591.2013218264337,747.20818467624258,758.36495687963827,0,0,-1.4785038570662865,-7.3226222230338376e-09,6,6,753.18264910984237,758.91792589472925,741.23372024264279,757.81198786454729,0,5.2402526762307389e-14,0
4594.0998075094049,747.47531346534527,755.47880694167418,0,0,-1.4785038531673296,1.0012962942056964e-08,6,6,753.4497778967891,756.03177598005936,741.50084903390143,754.92583790328899,0,2.6201263381153694e-14,0
4596.998293192376,747.74244233821128,752.59265701145898,0,0,-1.4785037990214276,2.7348547641506325e-08,6,6,753.71690673971409,753.145626373337,741.76797793670846,752.03968764958097,0,2.0872192862952943e-14,0
4599.8967788753471,748.00956703342342,749.70650669458507,0,0,-1.4785067016150557,-4.7737090560308438e-07,6,6,753.98403303994644,750.25945871501835,742.03510102690041,749.15355467415179,0,3.4972025275692431e-14,0
4602.7952645583191,748.27668791459143,746.82035602471092,0,0,-1.4785057027338155,1.1666144317416609e-06,6,6,754.25115336877809,747.37331401292602,742.30222246040478,746.26739803649582,0,4.8627768478581856e-14,0
4605.6937502412902,748.54381855503163,743.9342062581004,0,0,-1.4784999387844564,2.8105999175099204e-06,6,6,754.51828082189718,744.48719868282262,742.56935628816609,743.38121383337818,0,5.3734794391857577e-14,0
4608.5922359242613,748.81097084566102,741.04805849543459,0,0,-1.4784926827984377,1.451190483979157e-06,6,6,754.7854290998639,741.6010942707569,742.83651259145813,740.49502272011227,0,9.7699626167013776e-15,0
4611.4907216072324,749.07813880120978,738.16191218280767,0,0,-1.4784876039704578,2.0532794334673743e-06,6,6,755.05259424656208,738.71497830136866,743.10368335585747,737.60884606424668,0,4.2188474935755949e-14,0
4614.3892072902036,749.34532393336769,735.27576746025716,0,0,-1.4784807799966126,2.6553681169255059e-06,6,6,755.31977560447217,735.82887434833287,743.37087226226322,734.72266057218144,0,5.4622972811557702e-14,0
4617.2876929731747,749.6125312788638,732.38962479420002,0,0,-1.4784722108779784,3.2574563239019776e-06,6,6,755.58697821011037,732.94278287804059,743.63808434761722,731.83646671035945,0,4.0523140398818214e-14,0
4620.1861786561458,749.87976965246685,729.5034850009896,0,0,-1.4784604162636987,3.0295917034767904e-06,6,6,755.85421005901162,730.05671355108882,743.90532924592208,728.95025645089038,0,3.7747582837255322e-14,0
4623.0846643391178,750.14703335383547,726.61734755306691,0,0,-1.4784549015402371,7.7565295802721027e-07,6,6,756.12147070938693,727.17060905054439,744.17259599828401,726.06408605558943,0,1.5099033134902129e-14,0
4625.9831500220889,750.41430354387273,723.73121070601405,0,0,-1.4784559198257328,-1.4782858097208773e-06,6,6,756.38874146279932,724.28446611980837,744.43986562494615,723.17795529221974,0,5.1070259132757201e-14,0
4628.8816357050591,750.68156456007046,720.8450730094379,0,0,-1.4784588251977202,1.9548356903477764e-09,6,6,756.65600408638454,721.39831106526526,744.70712503375637,720.29183495361053,0,5.7953641885433171e-14,0
4631.7801213880311,750.9488233300234,717.95893510486007,0,0,-1.4784588218581036,3.495512847087059e-10,6,6,756.92326285448996,718.51217318063982,744.97438380555684,717.40569702908033,0,9.7699626167013776e-15,0
4634.6786070710023,751.21608210290049,715.07279720055294,0,0,-1.4784588231713816,-1.255733296570059e-09,6,6,757.19052162809351,715.62603526848659,745.24164257770747,714.51955913261929,0,1.1324274851176597e-14,0
4637.5770927539734,751.48334086527404,712.18665929527242,0,0,-1.4784588291219327,-2.6753457712792239e-09,6,6,757.45778039375921,712.73989732765483,745.50890133678888,711.63342126289001,0,3.0642155479654321e-14,0
4640.4755784369445,751.75059960901137,709.30052138826034,0,0,-1.4784588345499392,-1.0700628516053409e-09,6,6,757.72503914049946,709.85375938821346,745.77616007752329,708.74728338830721,0,3.397282455352979e-14,0
4643.3740641199165,752.01785834379723,706.41438348041891,0,0,-1.478458835325057,5.3521953039578888e-10,6,6,757.99229787571414,706.96762147574111,746.04341881188031,705.8611454850967,0,4.1411318818518339e-14,0
4646.2725498028876,752.28511708306041,703.52824557299255,0,0,-1.4784588314472866,2.1405021813255933e-09,6,6,758.25955661283206,704.08148359148231,746.31067755328877,702.97500755450278,0,3.0753177782116836e-14,0
4649.1710354858578,752.5523758392178,700.64210766713597,0,0,-1.4784588246423001,1.7905783150316883e-09,6,6,758.52681536522459,701.19534572628163,746.57793631321101,700.08886960799032,0,8.8817841970012523e-15,0
4652.0695211688299,752.81963461008718,697.75596976263921,0,0,-1.4784588217787762,1.8529735810190564e-10,6,6,758.79407413450974,698.30920783889292,746.84519508566461,697.2027316863855,0,5.0404125317982107e-14,0
4654.968006851801,753.0868933825061,694.86983185828922,0,0,-1.4784588235681366,-1.4199836919315432e-09,6,6,759.06133290791865,695.42306992385249,747.11245385709356,694.31659379272594,0,1.2434497875801753e-14,0
4657.8664925347721,753.35415214204579,691.98369395274153,0,0,-1.4784588341944074,-1.1087484051569092e-08,6,6,759.3285916733372,692.53693195481878,747.37971261075438,691.43045595066428,0,3.8524738954492932e-14,0
4660.7649782177432,753.62141084804307,689.09755604223119,0,0,-1.4784588514431984,-8.1444956024588349e-10,6,6,759.59585038887712,689.65079394125655,747.64697130720901,688.54431814320583,0,1.1435297153639112e-14,0
4663.6634639007152,753.88866954722698,686.21141813108932,0,0,-1.47845883891575,9.4585830258546219e-09,6,6,759.86310908113046,686.76465610495916,747.9142300133235,685.65818015721948,0,3.8191672047105385e-14,1.1368683772161603e-13
4666.5619495836863,754.15592832553568,683.3252802272782,0,0,-1.4784587966120606,1.9731618629582257e-08,6,6,760.13036783603513,683.87851845388889,748.18148881503623,682.77204200066751,0,1.7763568394002505e-15,0
4669.4604352666565,754.4231872753362,680.43914233935561,0,0,-1.4784587254094457,1.9188998716763032e-08,6,6,760.39762674644362,680.99238099136198,748.44874780422879,679.88590368734924,0,3.730349362740526e-14,0
4672.3589209496286,754.69044638120818,677.55300446587967,0,0,-1.4784586972402229,2.4820049842705044e-10,6,6,760.66488583673129,678.10624328618132,748.71600692568506,676.99976564557801,0,2.3092638912203256e-14,0
4675.2574066325997,754.9577054891563,674.66686659259494,0,0,-1.4784587239706346,-1.8692597833075857e-08,6,6,760.93214495946768,675.2201052531974,748.98326601884492,674.11362793199248,0,3.2418512319054571e-14,0
4678.1558923155708,755.2249644443408,671.78072870516417,0,0,-1.4784587951029455,-2.0000856930133578e-08,6,6,761.19940395400533,672.3339669407909,749.25052493467626,671.22749046953743,0,1.8873791418627661e-15,0
4681.0543779985419,755.49222322587877,668.89459080165329,0,0,-1.4784588381870101,-9.7278156336650452e-09,6,6,761.46666275937901,669.447828779877,749.51778369237854,668.34135282342959,0,4.6185277824406512e-14,0
4683.952863681513,755.75948192603983,666.00845289060203,0,0,-1.4784588514948174,5.4522251616156242e-10,6,6,761.73392146690253,666.56169078931896,749.78504238517712,665.4552149918851,0,4.8849813083506888e-15,0
4686.851349364485,756.02674063076199,663.12231497997186,0,0,-1.4784588350263692,1.0818262442203598e-08,6,6,762.00118016251372,663.67555297707861,750.05230109901026,662.56907698286511,0,1.3766765505351941e-14,0
4689.7498350474552,756.29399938947006,660.23617707435096,0,0,-1.4784588236776084,1.4620535737252742e-09,6,6,762.2684389149432,660.7894151392602,750.31955986399691,659.68293900944172,0,4.5075054799781356e-14,0
4692.6483207304273,756.56125816174915,657.35003916998846,0,0,-1.4784588217663133,-1.4323033288138523e-10,6,6,762.53569768616489,657.90327724631652,750.58681863733341,656.79680109366041,0,5.2402526762307389e-14,0
4695.5468064133984,756.82851693282998,654.46390126551512,0,0,-1.4784588245079104,-1.7485141675209382e-09,6,6,762.80295645876242,655.01713932546375,750.85407740689755,653.91066320556649,0,9.8809849191638932e-15,0
4698.4452920963695,757.09577568950181,651.57776335970141,0,0,-1.4784588312831275,-2.182563446633737e-09,6,6,763.07021521918261,652.13100137917183,751.121336159821,651.02452534023098,0,1.2656542480726785e-14,0
4701.3437777793406,757.36303442906274,648.69162545230256,0,0,-1.4784588352828123,-5.7728114280999645e-10,6,6,763.33747396095634,649.24486344787715,751.38859489716913,648.13838745672797,0,1.1657341758564144e-14,0
4704.2422634623117,757.6302931637947,645.80548754445556,0,0,-1.4784588346296101,1.0280008709481491e-09,6,6,763.6047326953269,646.35872554393268,751.65585363226251,645.25224954497844,0,3.7858605139717838e-14,0
4707.1407491452837,757.89755190712594,642.91934963740812,0,0,-1.4784588293235204,2.6332834012398867e-09,6,6,763.87199143572263,643.47258766858613,751.92311237852925,642.36611160623011,0,2.2204460492503131e-14,0
4710.0392348282539,758.18102847776845,640.03477527706389,0,0,-1.468405128343139,0.0012795267071876463,6,6,764.14960407394767,640.64804956536705,752.21245288158923,639.42150098876073,0,1.8318679906315083e-14,0
4712.937720511226,758.4750181404105,637.15124028179855,0,0,-1.4726232701345987,-0.00419179589602078,6,6,764.44612750830458,637.73933289070226,752.50390877251641,636.56314767289484,0,4.3298697960381105e-15,0
4715.8362061941971,758.73393126594681,634.26439121604642,0,0,-1.4927276036891231,-0.0096849852508284276,6,6,764.71565637389813,634.73232789221618,752.75220615799549,633.79645453987666,0,2.1538326677728037e-14,0
4718.7346918771673,758.9304169267707,631.37260284357069,0,0,-1.5019084094429984,0.0028193294537047142,6,6,764.9161859204587,631.78560351451927,752.94464793308271,630.95960217262211,0,2.6756374893466273e-14,0
4721.6331775601393,759.12327162572933,628.48055721093965,0,0,-1.5128887228459165,-0.010397988411922111,6,6,765.11321456476924,628.82780868616453,753.13332868668942,628.13330573571477,0,1.8429702208777599e-14,0
4724.5316632431104,759.22853545007047,625.58428515885578,0,0,-1.5626506068006092,-0.024074253454124887,6,6,765.22833639290843,625.63315893833237,753.2287345072325,625.53541137937918,0,4.2965631052993558e-14,0
4727.4301489260824,759.13108567160964,622.6884318875035,0,0,-1.6522777139649274,-0.018105347938101903,6,6,765.11117903960451,622.20008435749651,753.15099230361477,623.17677941751049,0,6.4392935428259079e-15,0
4730.3286346090526,758.81547241264741,619.8075716732352,0,0,-1.7090580707681857,-0.021220405790275402,6,6,764.75821478323871,618.98064173861042,752.87273004205611,620.63450160785999,0,3.8635761256955448e-14,0
4733.2271202920247,758.32270917998051,616.95183181595598,0,0,-1.7762617957335476,-0.025341528858020816,6,6,764.19650592560492,615.72769465407737,752.44891243435609,618.1759689778346,0,2.19824158875781e-14,0
4736.1256059749958,757.62088530961341,614.14041131844749,0,0,-1.857210574330318,-0.030754556570008678,6,6,763.37646371071219,612.44532510565307,751.86530690851464,615.83549753124191,0,2.9976021664879227e-14,0
4739.024091657966,756.68692292220373,611.3972708383136,0,0,-1.9344521008955484,-0.023696973517947039,6,6,762.29453934751791,609.26311104426202,751.07930649688956,613.53143063236519,0,2.6423307986078726e-14,0
4741.922577340938,755.55732851801372,608.72871573263762,0,0,-2.0106443509488301,-0.029186417989244512,6,6,760.98622682970529,606.17390397414874,750.12843020632215,611.28352749112651,0,1.7541523789077473e-14,0
4744.8210630239091,754.2051279092525,606.1662055072419,0,0,-2.1057488788284955,-0.03685556223097531,6,6,759.36688482461386,603.10740418209514,749.04337099389113,609.22500683238866,0,4.5630166312093934e-14,0
4747.7195487068811,752.5858339945014,603.76439755537672,0,0,-2.2291078891208622,-0.051266827574427458,6,6,757.33199188170352,600.09370479926804,747.83967610729928,607.4350903114854,0,1.0547118733938987e-14,0
4750.6180343898513,750.66644321942238,601.59497555028872,0,0,-2.3531330132988995,-0.034735804849849256,6,6,754.92205275032461,597.36534347166844,746.41083368852014,605.82460762890901,0,2.2204460492503131e-14,0
4753.5165200728225,748.53659734379778,599.63016084456251,0,0,-2.433129443384896,-0.020865726191332361,6,6,752.44060269757608,595.0739845751815,744.63259199001948,604.18633711394352,0,3.3306690738754696e-14,0
4756.4150057557945,746.29073790962025,597.7982058855373,0,0,-2.4756528740407098,-0.0085805881908146107,6,6,749.99752824021152,593.08018665655618,742.58394757902897,602.51622511451842,0,2.1649348980190553e-14,0
4759.3134914387647,743.96689639596684,596.06689308738225,0,0,-2.5389982593620299,-0.024776972767362366,6,6,747.3675872960381,591.12368548480549,740.56620549589559,601.01010068995902,0,4.9737991503207013e-14,0
4762.2119771217367,741.53116433607659,594.49642024918137,0,0,-2.5928907480727634,-0.012512856367072391,6,6,744.66064512499236,589.37720644315539,738.40168354716081,599.61563405520735,0,1.3322676295501878e-15,0
4765.1104628047078,739.03964570113033,593.01544562979848,0,0,-2.6120084835444852,-0.00071633178158899476,6,6,742.07069280002895,587.83734235888369,736.0085986022317,598.19354890071327,0,1.6653345369377348e-14,0
4768.0089484876798,736.54293167179583,591.54317628405124,0,0,-2.6097859113718154,-0.0090482232252861432,6,6,739.58547998303527,586.37182251798822,733.50038336055638,596.71453005011426,0,1.5987211554602254e-14,0
4770.90743417065,734.02862501873085,590.10123529266241,0,0,-2.6299884681830905,-0.0048945375686244392,6,6,736.96608499160209,584.86947374345368,731.09116504585961,595.33299684187114,0,2.55351295663786e-14,0
4773.8059198536212,731.49407318764895,588.69509951805298,0,0,-2.6381770052230427,-0.00075794127240108805,6,6,734.38859468510952,583.4394601372793,728.59955169018838,593.95073889882667,0,4.1078251911130792e-14,0
4776.7044055365932,728.95643170984602,587.29453412553119,0,0,-2.6343852368746745,0.00337571779077948,6,6,731.87086051863128,582.04990785490691,726.04200290106075,592.53916039615547,0,4.7073456244106637e-14,0
4779.6028912195634,726.42484907926632,585.88304352346472,0,0,-2.6337261199965414,-0.00062328706369729737,6,6,729.3427340764307,580.640339341144,723.50696408210194,591.12574770578544,0,2.9753977059954195e-14,0
4782.5013769025354,723.89120564807934,584.47525477043507,0,0,-2.6349377619563086,-0.00021277575987040982,6,6,726.80273622458947,579.22901900542729,720.9796750715692,589.72149053544285,0,1.1102230246251565e-15,0
4785.3998625855065,721.35669430881967,583.06902878794108,0,0,-2.6349596091775838,0.0001977006339854291,6,6,724.26811026896144,577.82272941533256,718.4452783486779,588.3153281605496,0,2.5091040356528538e-14,0
4788.2983482684776,718.82287295335982,581.66156008900089,0,0,-2.6343113573805863,1.1776581087399547e-08,6,6,721.73768922452655,576.41714914921533,715.90805668219309,586.90597102878644,0,5.8397731095283234e-14,0
4791.1968339514488,716.28939796754526,580.25346785103716,0,0,-2.6343113355035515,3.3189113472720738e-09,6,6,719.20421435344417,575.00905697501923,713.37458158164634,585.49787872705508,0,4.5519144009631418e-14,0
4794.0953196344199,713.75592299527477,578.84537558870102,0,0,-2.6343113381409538,-5.1387598567308664e-09,6,6,716.67073936734198,573.60096470499548,710.84110662320757,584.08978647240656,0,3.0753177782116836e-14,0
4796.9938053173919,711.2224480020285,577.43728336409833,0,0,-2.6343113652927928,-1.3596428794190076e-08,6,6,714.13726423170033,572.19287240125016,708.30763177235667,582.68169432694651,0,3.0198066269804258e-14,0
4799.8922910003621,708.68897296121645,576.02919122507672,0,0,-2.6343113978381902,-7.1150214004157845e-09,6,6,711.60378902020682,570.78478016736472,705.77415690222608,581.27360228278872,0,2.1649348980190553e-14,1.1368683772161603e-13
4802.7907766833341,706.15549789138117,574.6210991382676,0,0,-2.6343114062037638,1.3426460126548297e-09,6,6,709.07031390649911,569.37668805617147,703.24068187626324,579.86551022036372,0,1.7541523789077473e-14,0
4805.6892623663052,703.62202282703117,573.2130070416024,0,0,-2.6343113900549096,9.8003140179076059e-09,6,6,706.53683892684035,567.96859600657729,700.707206727222,578.4574180766275,0,4.5519144009631418e-14,0
4808.5877480492763,701.08854780172999,571.80491487466372,0,0,-2.6343113540161358,1.091114494213649e-08,6,6,704.00336409054125,566.56050394468502,698.17373151291872,577.04932580464242,0,7.0832228971084987e-14,0
4811.4862337322475,698.55507281888515,570.39682263135285,0,0,-2.6343113346475575,2.4534736316459964e-09,6,6,701.46988920927322,565.15241175783001,695.64025642849708,575.64123350487569,0,2.1538326677728037e-14,0
4814.3847194152186,696.02159784605078,568.98873037002375,0,0,-2.6343113397934208,-6.0041987610090163e-09,6,6,698.93641420945187,563.74431948150163,693.10678148264969,574.23314125854586,0,3.1530333899354446e-14,0
4817.2832050981906,693.48812284871144,567.58063815278513,0,0,-2.634311369453723,-1.446186850539269e-08,6,6,696.40293905656165,562.33622717780861,690.57330664086123,572.82504912776164,0,1.2656542480726785e-14,0
4820.1816907811608,690.95464780336181,566.17254602192941,0,0,-2.6343113998200924,-6.2495926787372551e-09,6,6,693.86946385195836,560.92813495844052,688.03983175476526,571.41695708541829,0,4.1411318818518339e-14,0
4823.0801764641328,688.42117273250358,564.76445393696497,0,0,-2.6343114056772339,2.2080742374960185e-09,6,6,691.33598875038285,559.52004285640362,685.5063567146243,570.00886501752632,0,3.3306690738754696e-15,0
4825.9786621471039,685.88769767065628,563.35636183578549,0,0,-2.6343113870199484,1.0665742127647074e-08,6,6,688.80251378638195,558.1119508096067,682.97288155493061,568.60077286196429,0,5.4067861299245124e-14,0
4828.877147830075,683.35422265056309,561.94826965948573,0,0,-2.6343113509083609,1.0045716698222586e-08,6,6,686.26903895567284,556.7038587385656,680.43940634545334,567.19268058040586,0,3.1308289294429414e-14,0
4831.7756335130462,680.82074767032941,560.54017741147959,0,0,-2.6343113340482089,1.5880488552545405e-09,6,6,683.73556406386069,555.29576653970366,677.90593127679813,565.78458828325552,0,1.1435297153639112e-14,0
4834.6741191960173,678.28727269657418,559.13208515181043,0,0,-2.6343113417024879,-6.8696196881627617e-09,6,6,681.20208904996332,553.88767425772369,675.37245634318504,564.37649604589717,0,8.2156503822261584e-15,0
4837.5726048789893,675.75379769479025,557.72399294257298,0,0,-2.634311373682177,-1.3841829887880263e-08,6,6,678.6686138804647,552.47958195527133,672.8389815091158,562.96840392987463,0,1.5543122344752192e-15,0
4840.4710905619595,673.22032264524307,556.31590081926436,0,0,-2.6343114015453106,-5.3841645127668329e-09,6,6,676.13513868479185,551.07148975074676,670.30550660569429,561.56031188778195,0,5.1958437552457326e-14,0
4843.3695762449306,670.68684757372148,554.90780873549306,0,0,-2.6343114048940266,3.0734984875552275e-09,6,6,673.60166359570815,549.66339765721466,667.77203155173481,560.15221981377147,0,3.1086244689504383e-15,0
4846.2680619279026,668.1533725147425,553.49971662915141,0,0,-2.6343113837283267,1.1531162843510509e-08,6,6,671.06818864773084,548.2553056125671,665.23855638175417,558.74412764573572,0,5.0626169922907138e-14,0
4849.1665476108737,665.6198974998249,552.09162444353501,0,0,-2.6343113480572566,9.1802821748609099e-09,6,6,668.53471381988697,546.84721353092527,662.70508117976283,557.33603535614475,0,1.0547118733938987e-14,0
4852.0650332938449,663.08642252183756,550.68353219148196,0,0,-2.634311333705559,7.2261120430665425e-10,6,6,666.00123891716589,545.43912132070477,660.17160612650923,555.92794306225915,0,1.4876988529977098e-14,0
4854.963518976816,660.55294754679835,549.27543993412189,0,0,-2.6343113438683008,-7.7350600849738163e-09,6,6,663.46776388882904,544.03102903372223,657.63813120476766,554.51985083452155,0,1.7763568394002505e-14,0
4857.862004659788,658.01947254026902,547.86734773342016,0,0,-2.6343113776591638,-1.2976399080283071e-08,6,6,660.93428870508649,542.62293673452632,655.10465637545155,553.111758732314,0,4.4408920985006262e-16,0
4860.7604903427582,655.48599748689026,546.45925561701085,0,0,-2.6343114030138519,-4.5187288329781063e-09,6,6,658.40081351873732,541.21484454421272,652.57118145504319,551.70366668980898,0,4.4408920985006262e-15,0
4863.6589760257293,652.95252241506626,545.05116353378219,0,0,-2.6343114038541078,3.9389394212598705e-09,6,6,655.86733844250671,539.8067524585349,650.0377063876258,550.29557460902947,0,3.8746783559417963e-14,0
4866.5574617087013,650.41904735931746,543.64307142162852,0,0,-2.6343113801799314,1.2396609412847671e-08,6,6,653.33386351091508,538.3986604153871,647.50423120771984,548.88748242786994,0,1.4432899320127035e-14,0
4869.4559473916725,647.8855723494803,542.23497922687932,0,0,-2.634311345462828,8.3148534540108292e-09,6,6,650.80038868314864,536.99056832183192,644.97075601581196,547.47939013192672,0,3.3084646133829665e-14,0
4872.3544330746436,645.35209737338323,540.8268869714326,0,0,-2.6343113336195669,-1.4282012242739909e-10,6,6,648.26691376916244,535.58247610090609,642.43728097760402,546.07129784195911,0,2.2870594307278225e-14,0
4875.2529187576147,642.81862239669988,539.4187947170326,0,0,-2.6343113462907519,-8.6004936358850813e-09,6,6,645.73343872602618,534.17438380957196,639.90380606737358,544.66320562449323,0,1.4210854715202004e-14,0
4878.1514044405858,640.28514738597426,538.01070252387012,0,0,-2.6343113777825149,-8.4862464795547388e-09,6,6,643.19996355014484,532.7662915246168,637.37033122180367,543.25511352312344,0,4.4075854077618715e-14,0
4881.0498901235569,637.75167233870764,536.60261039646252,0,0,-2.6343113962511668,-4.2574095760769899e-09,6,6,640.66648840602102,531.35819934337644,634.83685627139425,541.84702144954861,0,3.5527136788005009e-15,0
4883.948375806528,635.21819727406876,535.19451830032017,0,0,-2.6343114024625973,-2.8573611513062525e-11,6,6,638.13301330880688,529.95010722912889,632.30338123933063,540.43892937151145,0,4.9515946898281982e-14,0
4886.8468614895,632.6847222093071,533.78642620438416,0,0,-2.6343113964168072,4.2002623467592698e-09,6,6,635.5995382757518,528.54201515081525,629.7699061428624,539.03083725795307,0,5.0404125317982107e-14,0
4889.7453471724712,630.15124714757212,532.37833410301539,0,0,-2.634311401889081,-1.293947419390757e-09,6,6,633.06606318531794,527.13392303349576,627.2364311098263,537.62274517253502,0,5.5289106626332796e-14,0
4892.6438328554423,627.61777208103945,530.97024201027443,0,0,-2.6343113995109646,2.9348846934055809e-09,6,6,630.53258813125717,525.72583094768663,624.70295603082172,536.21465307286223,0,7.0388139761234925e-14,0
4895.5423185384134,625.08429702648311,529.56214989598061,0,0,-2.6343113848756379,7.1637174534493437e-09,6,6,627.99911315345446,524.31773887605209,622.16948089951177,534.80656091590913,0,1.5432100042289676e-14,0
4898.4408042213845,622.55082200217544,528.1540577272533,0,0,-2.6343113552856892,1.1245537226415541e-08,6,6,625.46563828432863,522.9096467935741,619.63600572002224,533.39846866093251,0,5.9507954119908391e-14,0
4901.3392899043556,620.01734701822397,526.74596548593024,0,0,-2.6343113349478786,2.7878665161291016e-09,6,6,622.93216340703702,521.50155461153201,617.10253062941092,531.99037636032847,0,4.5075054799781356e-14,0
4904.2377755873267,617.48387204565188,525.33787322413582,0,0,-2.6343113391245079,-5.6698054237986749e-09,6,6,620.398688412561,520.09346233756344,614.56905567874276,530.5822841107082,0,2.2870594307278225e-14,0
4907.1362612702987,614.95039704993462,523.92978100397352,0,0,-2.6343113678155761,-1.412747486296215e-08,6,6,617.86521326637592,518.68537003377196,612.03558083349333,529.17419197417507,0,1.0880185641326534e-14,0
4910.0347469532699,612.4169219947139,522.52168889088841,0,0,-2.6343114132004439,-8.1335386462596559e-09,6,6,615.33173797313839,517.27727778839824,609.50210601628942,527.76609999337859,0,3.1086244689504383e-14,0
4912.9332326362401,609.88344690634551,521.11359683742762,0,0,-2.6343114134914329,7.9327515274506859e-09,6,6,612.79826288324386,515.86918573408934,606.96863092944716,526.3580079407659,0,5.517808432387028e-14,0
4915.8317183192121,607.3499718503507,519.70550472571324,0,0,-2.6343113672145098,2.3999042712801352e-08,6,6,610.2647880699443,514.46109375726371,604.43515563075709,524.94991569416277,0,5.6066262743570405e-14,0
4918.7302040021832,604.81649689339997,518.29741243580986,0,0,-2.634311275999357,2.9056257943149701e-08,6,6,607.73131359136323,513.05300173323576,601.90168019543671,523.54182313838396,0,2.3980817331903381e-14,0
4921.6286896851543,602.28302204708223,516.88931994684469,0,0,-2.6343112260909165,5.3813381356723208e-09,6,6,605.1978390067859,511.6449093897445,599.36820508737856,522.13373050394489,0,9.3258734068513149e-15,0
4924.5271753681254,599.74954722273094,515.48122741836505,0,0,-2.6343112448038952,-1.8293582726112235e-08,6,6,602.66436408429604,510.23681680671996,596.83473036116584,520.72563803001015,0,2.3647750424515834e-14,1.1368683772161603e-13
4927.4256610510974,597.21607232375902,514.07313502413785,0,0,-2.6343113307800214,-3.1302818273979882e-08,6,6,600.13088873443007,508.82872416188809,594.30125591308797,519.31754588638762,0,3.397282455352979e-14,0
4930.3241467340686,594.68259730416571,512.66504284693588,0,0,-2.6343113982268296,-1.5236524697436159e-08,6,6,597.5974133611179,507.4206317880911,591.76778124721352,517.90945390578065,0,6.8833827526759706e-15,0
4933.2226324170388,592.14912222238547,511.25695078161857,0,0,-2.634311419105722,8.2976554125791745e-10,6,6,595.06393816984018,506.01253966191564,589.23430627493076,516.5013619013215,0,1.1990408665951691e-14,0
4936.1211181000108,589.61564714398992,509.84885871020703,0,0,-2.6343113934167008,1.6896057559182312e-08,6,6,592.53046322616842,504.60444766538285,586.70083106181141,515.0932697550312,0,3.1086244689504383e-15,0
4939.0196037829819,587.08217212455213,508.44076653273237,0,0,-2.6343113491284682,9.5146742472523433e-09,6,6,589.99698843899637,503.19635561700028,584.16735581010789,513.68517744846451,0,3.6637359812630166e-14,0
4941.918089465953,584.54869714573999,507.03267428216617,0,0,-2.6343113338075366,1.0570053855417409e-09,6,6,587.46351354053343,501.7882634110918,581.63388075094656,512.27708515324059,0,1.0658141036401503e-14,0
4944.8165751489241,582.01522217123954,505.62458202383669,0,0,-2.634311343001039,-7.4006639423912751e-09,6,6,584.9300385178185,500.38017112596492,579.10040582466058,510.86899292170847,0,1.3655743202889425e-14,0
4947.7150608318952,579.48174716657388,504.21648981978143,0,0,-2.6343113761529273,-1.331078678509969e-08,6,6,582.39656333929076,498.972078825278,576.566930993857,509.46090081428486,0,3.8857805861880479e-14,0
4950.6135465148673,576.94827211462916,502.80839770078143,0,0,-2.6343114024768375,-4.8531195546080773e-09,6,6,579.86308814929259,497.56398662954865,574.03345607996573,508.0528087720142,0,7.8825834748386114e-15,0
4953.5120321978375,574.41479704287985,501.40030561742049,0,0,-2.6343114042863247,3.6045455353096112e-09,6,6,577.32961306805362,496.15589454091338,571.49998101770609,506.64471669392759,0,2.0206059048177849e-14,0
4956.4105178808095,571.88132198584185,499.99221350759046,0,0,-2.634311381581389,1.206221221508335e-08,6,6,574.79613813008962,494.74780249726405,568.96650584159408,505.23662451791688,0,4.4408920985006262e-15,0
4959.3090035637806,569.34784697405917,498.58412131634088,0,0,-2.6343113464348726,8.6492403616844389e-09,6,6,572.26266330262968,493.33971040846012,566.43303064548866,503.82853222422165,0,1.7541523789077473e-14,0
4962.2074892467517,566.81437199727247,497.17602906212727,0,0,-2.63431133362239,1.9157075190978594e-10,6,6,569.72918839303691,491.93161819159258,563.89955560150804,502.42043993266196,0,5.773159728050814e-15,0
4965.1059749297228,564.2808970212709,495.7679368065086,0,0,-2.6343113453243427,-8.2660989423514417e-09,6,6,567.19571335566548,490.52352590186484,561.36608068687633,501.01234771115236,0,2.9976021664879227e-14,0
4968.0044606126939,561.74742201171284,494.35984461125145,0,0,-2.6343113799724094,-1.2445357259124446e-08,6,6,564.66223816439879,489.11543360561495,558.8326058590269,499.60425561688794,0,1.9317880628477724e-14,0
4970.902946295666,559.21394695615629,492.95175249875075,0,0,-2.6343114037878848,-3.9876900347581156e-09,6,6,562.12876298394406,487.7073414236965,556.29913092836853,498.19616357380499,0,8.8817841970012523e-16,0
4973.8014319786362,556.68047188432615,491.54366041553334,0,0,-2.6343114030889363,4.4699754307531078e-09,6,6,559.59528791577952,486.29924934251642,553.76565585287278,496.78807148855026,0,3.4861002973229915e-14,0
4976.6999176616082,554.14699683073979,490.13556829949198,0,0,-2.6343113778755631,1.29276428678341e-08,6,6,557.06181299442244,484.8911572999674,551.23218066705715,495.37997929901655,0,1.6209256159527285e-14,0
4979.5984033445793,551.61352182393614,488.72747609928433,0,0,-2.6343113439979304,7.7838148047137443e-09,6,6,554.52833816528698,483.48306519850684,548.6987054825853,493.97188700006183,0,3.0309088572266774e-14,0
4982.4968890275495,549.08004684881655,487.3193838420753,0,0,-2.6343113336938719,-6.7385541753046837e-10,6,6,551.99486324420616,482.07497297133222,546.16523045342694,492.56379471281838,0,1.2989609388114332e-14,0
4985.3953747105215,546.54657187094506,485.91129158981352,0,0,-2.6343113479042506,-9.1315253425628178e-09,6,6,549.46138819180953,480.66688067764977,543.63175555008058,491.15570250197726,0,8.8817841970012523e-16,0
4988.2938603934927,544.0130968563202,484.50319940367854,0,0,-2.6343113835352212,-1.1579931808609997e-08,6,6,546.92791299032126,479.25878838765709,541.09828072231915,489.74761041969998,0,1.8984813721090177e-14,0
4991.1923460764647,541.47962179751096,483.09510729702527,0,0,-2.6343114048422689,-3.1222616184622987e-09,6,6,544.39443781976911,477.85069621889767,538.56480577525281,488.33951837515286,0,3.1641356201816961e-14,0
4994.0908317594349,538.94614672596333,481.68701521330229,0,0,-2.6343114016348839,5.3354071945343473e-09,6,6,541.86096276504236,476.44260414452367,536.0313306868843,486.93142628208091,0,7.9936057773011271e-15,0
4996.9893174424069,536.41267167619139,480.27892309040016,0,0,-2.6343113739130639,1.3793078360819005e-08,6,6,539.32748786065497,475.03451210242554,533.49785549172782,485.52333407837477,0,4.9960036108132044e-15,0
4999.887803125378,533.87919667414599,478.87083088162962,0,0,-2.6343113418176896,6.9183810867565416e-09,6,6,536.79401302693088,473.6264199872071,530.96438032136109,484.11524177605213,0,1.7763568394002505e-15,0
5002.7862888083482,531.34572170032868,477.46273862207357,0,0,-2.6343113340220827,-1.5392921127234631e-09,6,6,534.26053809399696,472.21832775037382,528.43090530666041,482.70714949377333,0,9.7699626167013776e-15,0
5005.6847744913202,528.81224672022995,476.05464637382141,0,0,-2.634311350740921,-9.9969646332645178e-09,6,6,531.72706302621782,470.81023545338934,525.89743041424208,481.29905729425349,0,1.7985612998927536e-14,0
5008.5832601742914,526.27877170042723,474.64655419699284,0,0,-2.6343113868413419,-1.071449510435316e-08,6,6,529.19358781708968,469.40214317133467,523.36395558376478,479.890965222651,0,1.1546319456101628e-14,0
5011.4817458572634,523.74529663873409,473.23846209554114,0,0,-2.6343114056399348,-2.256825611636971e-09,6,6,526.66011265680891,467.99405101508853,520.83048062065927,478.48287317599375,0,4.6629367034256575e-15,0
5014.3802315402336,521.21182156783038,471.83037001066202,0,0,-2.6343113999240964,6.2008428856603989e-09,6,6,524.12663761588146,466.58595894686999,518.2970055197793,477.07478107445405,0,5.2180482157382357e-15,0
5017.2787172232056,518.67834652222882,470.42227788024553,0,0,-2.6343113696957232,1.4510618818396245e-08,6,6,521.59316272880994,465.1778669045637,515.7635303156477,475.66668885592736,0,9.3258734068513149e-15,0
5020.1772029061767,516.14487152465165,469.01418566344296,0,0,-2.6343113398941189,6.0529488123894689e-09,6,6,519.05968788752455,463.76977477462731,513.23005516177875,474.25859655225861,0,1.3100631690576847e-14,0
5023.0756885891469,513.61139655177442,467.6060934021898,0,0,-2.6343113346069549,-2.4047238634047045e-09,6,6,516.52621294237542,462.36168252878525,510.69658016117342,472.85050427559435,0,1.9095836023552692e-14,0
5025.9741742721189,511.07792156908636,466.19800115859709,0,0,-2.6343113538342329,-1.0862395478536159e-08,6,6,513.99273785885157,460.95359022914857,508.16310527932114,471.44241208804561,0,2.1094237467877974e-14,0
5028.8726599550901,508.54444654407951,464.78990899113279,0,0,-2.6343113898907937,-9.8490615947145731e-09,6,6,511.45926264474934,459.54549795658602,505.62963044340967,470.03432002567956,0,4.7739590058881731e-15,0
5031.7711456380621,506.01097147985615,463.38181689422794,0,0,-2.6343114061809412,-1.3913928076751419e-09,6,6,508.92578749509374,458.13740581219838,503.09615546461856,468.6262279762575,0,5.773159728050814e-15,0
5034.6696313210323,503.47749640995698,461.973724807542,0,0,-2.6343113979566586,7.0662753656520988e-09,6,6,506.39231246832611,456.72931374948473,500.56268035158786,467.21813586559927,0,3.2085445411667024e-14,0
5037.5681170040034,500.94402136887771,460.56563266899292,0,0,-2.6343113655203894,1.3645184099680958e-08,6,6,503.85883759735594,455.32122170548138,498.02920514039948,465.81004363250446,0,5.8841820305133297e-15,0
5040.4666026869754,498.41054637541185,459.15754044478871,0,0,-2.6343113382272336,5.1875153791555259e-09,6,6,501.32536274702659,453.91312956083169,495.49573000379712,464.40195132874572,0,7.8825834748386114e-15,0
5043.3650883699456,495.87707140312341,457.74944818249429,0,0,-2.6343113354485137,-3.2701556294088301e-09,6,6,498.79188778931092,452.50503730663678,492.9622550169359,462.9938590583518,0,7.8825834748386114e-15,0
5046.2635740529176,493.34359641747915,456.34135594420837,0,0,-2.6343113571842305,-1.1727825195637084e-08,6,6,496.25841268967565,451.09694500499523,490.42878014528264,461.58576688342151,0,1.5987211554602254e-14,0
5049.1620597358888,490.81012138731279,454.93326378603109,0,0,-2.6343113926835673,-8.9836311601080465e-09,6,6,493.72493747333618,449.68885274334389,487.8953053012894,460.1776748287183,0,2.042810365310288e-14,0
5052.0605454188608,488.27664632092279,453.52517169302399,0,0,-2.6343114064652813,-5.2596539431386325e-10,6,6,491.19146233466921,448.28076061016566,485.36183030717638,458.76958277588233,0,2.55351295663786e-15,0
5054.959031101831,485.74317125238952,452.117079603881,0,0,-2.6343113957325737,7.9317001394821792e-09,6,6,488.65798732242263,446.87266855230649,482.8283551823564,457.3614906554555,0,2.6645352591003757e-14,0
5057.8575167848021,483.20969621611459,450.70898745669376,0,0,-2.6343113616017289,1.2779753624355066e-08,6,6,486.12451246514388,445.46457650460439,480.29487996708531,455.95339840878313,0,7.3274719625260332e-15,0
5060.7560024677741,480.67622122640108,449.30089522573962,0,0,-2.6343113368170106,4.3220850747343849e-09,6,6,483.59103760541166,444.05648434589318,477.76140484739051,454.54530610558606,0,1.2434497875801753e-14,0
5063.6544881507443,478.14274625432915,447.89280296304827,0,0,-2.6343113365467272,-4.1355853812217717e-09,6,6,481.05756263475718,442.64839208398962,475.22792987390113,453.13721384210692,0,6.8833827526759706e-15,0
5066.5529738337164,475.60927126537632,446.48471073072432,0,0,-2.6343113607908788,-1.2593254013101693e-08,6,6,478.52408751865806,441.24029978099844,472.69445501209458,451.72912168045019,0,2.4757973449140991e-14,0
5069.4514595166875,473.07579623016221,445.07661858162004,0,0,-2.6343113952196711,-8.1182008103867926e-09,6,6,475.99061230288521,439.83220753154058,470.16098015743921,450.3210296316995,0,2.3314683517128287e-14,0
5072.3499451996586,470.54232116196937,443.66852649186171,0,0,-2.6343114064929463,3.3946605783449797e-10,6,6,473.45713717557067,438.42411540892272,467.62750514836807,448.91293757480071,0,1.3211653993039363e-14,0
5075.2484308826297,468.00884609516419,442.26043439961188,0,0,-2.6343113932517959,8.7971330757773264e-09,6,6,470.92366217820751,437.01602335526837,465.09403001212087,447.50484544395539,0,5.9952043329758453e-15,0
5078.1469165656008,465.47517341102724,440.85269811134623,0,0,-2.6351562039372594,-0.00077624925125535497,6,6,468.38555791994889,435.60582647100387,462.56478890210559,446.09956975168859,0,1.4432899320127035e-14,0
5081.0454022485728,462.93956095081461,439.44845879240836,0,0,-2.6360570913883197,0.00015460606304898972,6,6,465.84521743852622,434.19896735271448,460.033904463103,444.69795023210224,0,2.19824158875781e-14,0
5083.943887931543,460.40457829171561,438.0430834582001,0,0,-2.6342599086599026,0.0010855096289185543,6,6,463.31966437725805,432.79882248892363,457.48949220617317,443.28734442747657,0,1.5543122344752192e-15,0
5086.8423736145151,457.87403183670637,436.62974002446981,0,0,-2.6297641657902036,0.0020166669248694816,6,6,460.81266523230812,431.39863748616546,454.93539844110461,441.86084256277417,0,1.4988010832439613e-14,0
5089.7408592974862,455.34836942308084,435.20768249868098,0,0,-2.6280777269866662,0.00078668346646298905,6,6,458.29582056995963,429.98154322223962,452.40091827620205,440.43382177512234,0,3.219646771412954e-15,0
5092.6393449804573,452.82603917975223,433.77972606923225,0,0,-2.6243438356957549,0.0017898440272314838,6,6,455.79298357064118,428.5646286606144,449.85909478886327,438.9948234778501,0,1.3766765505351941e-14,0
5095.5378306634284,450.31115425759225,432.33870486982767,0,0,-2.6177013963344544,0.0027936594324540556,6,6,453.31267390852315,427.1434301143334,447.30963460666135,437.53397962532193,0,1.4543921622589551e-14,0
5098.4363163463995,447.80754305996334,430.87818994957217,0,0,-2.6098032648399094,0.0022230311507533138,6,6,450.85000162982215,425.70678338552284,444.76508449010453,436.04959651362151,0,1.8429702208777599e-14,0
5101.3348020293715,445.31408818080894,429.40039668109256,0,0,-2.6033583303417411,0.0022241771470006447,6,6,448.38981270914525,424.24870582994566,442.23836365247263,434.55208753223945,0,1.2989609388114332e-14,0
5104.2332877123417,442.83021223431751,427.90655919155773,0,0,-2.5969091723836701,0.0022259454280288333,6,6,445.93909663840776,422.77481116948917,439.72132783022727,433.0383072136263,0,1.8540724511240114e-14,0
5107.1317733953128,440.35602620141537,426.39672689114201,0,0,-2.5904539867697256,0.0022283364447004705,6,6,443.4979719889709,421.28515407369508,437.21408041385985,431.50829970858894,0,3.3306690738754696e-15,0
5110.0302590782849,437.89240866590063,424.86971339396104,0,0,-2.5831643176204739,0.002306192642306539,6,6,441.07153231812578,419.78117993098152,434.71328501367549,429.95824685694055,0,1.5543122344752192e-14,0
5112.928744761256,435.43905081782958,423.32626627277159,0,0,-2.5771300910511603,0.0018576423881622949,6,6,438.64882176876097,418.25700888706342,432.2292798668982,428.39552365847976,0,2.3869795029440866e-14,0
5115.8272304442271,432.99403776907229,421.76963055348261,0,0,-2.572394985610404,0.0014097415569352732,6,6,436.22777611510486,416.71562854424292,429.76029942303973,426.82363256272231,0,1.8984813721090177e-14,0
5118.7257161271982,430.55635896132617,420.20153708795874,0,0,-2.5666948341037075,0.0023233108801063254,6,6,433.81885319379023,415.16604988381067,427.2938647288621,425.23702429210681,0,2.0761170560490427e-14,0
5121.6242018101702,428.12838790807911,418.61845277915552,0,0,-2.5613746280975436,0.0013478030802816484,6,6,431.41762567175653,413.60039389807429,424.83915014440169,423.63651166023675,0,2.1760371282653068e-14,0
5124.5226874931404,425.70661777126162,417.02589376209033,0,0,-2.5588812281135924,0.00037272324582487938,6,6,429.00835732524615,412.01605185663522,422.40487821727709,422.03573566754545,0,2.4424906541753444e-15,5.6843418860808015e-14
5127.4211731761116,423.28656929172433,415.43071840299859,0,0,-2.5592024950390773,-0.00047654452282371306,6,6,426.58669917884015,410.41981601638548,419.98643940460852,420.4416207896117,0,2.1316282072803006e-14,0
5130.3196588590836,420.86555832773354,413.83700416166357,0,0,-2.5591508603599489,0.00051215936460270533,6,6,424.16594694678679,408.82627218287809,417.56516970868029,418.84773614044906,9.0949470177292824e-13,1.1546319456101628e-14,0
5133.2181445420547,418.44691677688058,412.23969822501095,0,0,-2.5562334235461468,0.0015009582882040888,6,6,421.76190982361959,407.23861623207461,415.13192373014158,417.2407802179473,0,2.1538326677728037e-14,0
5136.1166302250258,416.03524979901198,410.63188663045264,0,0,-2.5504495851780811,0.0024900096556202339,6,6,419.37911268666863,405.6500615644199,412.69138691135532,415.61371169648538,0,7.9936057773011271e-15,0
5139.0151159079969,413.63368087776831,409.00902916136431,0,0,-2.545008739844592,0.0015172484954953935,6,6,417.00459947762903,404.04547118415553,410.2627622779076,413.97258713857309,0,2.2204460492503131e-15,0
5141.913601590968,411.23978173803022,407.3748783494982,0,0,-2.5400377193269974,0.0019129213303181699,6,6,414.63533253544136,402.42813853602507,407.84423094061907,412.32161816297133,9.0949470177292824e-13,7.7715611723760958e-15,0
5144.8120872739391,408.8549815389697,405.72748007876191,0,0,-2.5339189773638022,0.0023092238891955805,6,6,412.28073640917245,400.80160923501438,405.42922666876694,410.65335092250945,9.0949470177292824e-13,1.6431300764452317e-14,0
5147.7105729569103,406.48129747513616,404.0641084892664,0,0,-2.5264322849716052,0.0030274768960154175,6,6,409.94383447330466,399.16402302712248,403.01876047696766,408.96419395141032,0,7.7715611723760958e-16,0
5150.6090586398823,404.12082109887791,402.38204698614584,0,0,-2.5189155219297441,0.0021592811455785504,6,6,407.62009271229971,397.50812678003859,400.62154948545611,407.25596719225308,0,1.9539925233402755e-14,0
5153.5075443228534,401.77091545998792,400.68524258605589,0,0,-2.5139144519473495,0.001291624573124425,6,6,405.29451802831721,395.82888335917994,398.24731289165862,405.54160181293184,9.0949470177292824e-13,2.0761170560490427e-14,0
5156.4060300058245,399.42737700586559,398.97965107785461,0,0,-2.5114276615558944,0.00042431689646463109,6,6,402.96304541401406,394.13206931911958,395.89170859771713,403.82723283658964,0,6.6613381477509392e-16,0
5159.3045156887956,397.08680676141938,397.26998796388074,0,0,-2.5096811093293594,0.00093095530161374247,6,6,400.63093632729834,392.42858882517481,393.54267719554042,402.11138710258666,0,6.106226635438361e-15,0
5162.2030013717667,394.75082582397948,395.5540615630926,0,0,-2.5061198443445538,0.0015264231672723325,6,6,398.31217438426432,390.72531468298416,391.18947726369464,400.38280844320104,0,6.2172489379008766e-15,0
5165.1014870547378,392.42246118900647,393.82781772365297,0,0,-2.5008320563364155,0.0021223201231910503,6,6,396.00929323136296,389.0179699194158,388.83562914664998,398.63766552789014,0,1.5765166949677223e-14,0
5167.999972737709,390.10470092845361,392.08736553787617,0,0,-2.4941052069271601,0.0022202511188128384,6,6,393.72380669598596,387.30175445428256,386.48559516092126,396.87297662146977,9.0949470177292824e-13,5.2180482157382357e-15,0
5170.898458420681,387.79816219170579,390.3320666058712,0,0,-2.4882542357979505,0.0018170571037674902,6,6,391.44520632395432,385.56771259956236,384.15111805945725,395.09642061218005,0,2.19824158875781e-14,0
5173.7969441036521,385.50089900900224,388.56464312358719,0,0,-2.4835714931660657,0.0014141548860387221,6,6,389.17021331707076,383.81741946037062,381.83158470093372,393.31186678680376,9.0949470177292824e-13,5.773159728050814e-15,0
5176.6954297866223,383.21089879813957,386.78781740366662,0,0,-2.480056191043527,0.0010114869889038351,6,6,386.89687832578238,382.05352179377934,379.52491927049675,391.52211301355391,9.0949470177292824e-13,8.8817841970012523e-16,0
5179.5939154695943,380.92676286830277,385.00345929646124,0,0,-2.4766214004740577,0.0013277621919108849,6,6,384.62898193470704,380.28185215647676,377.22454380189851,389.72506643644573,0,6.5503158452884236e-15,0
5182.4924011525654,378.64950008145195,383.21033879368053,0,0,-2.4724243291770418,0.0015683340395230957,6,6,382.3715034034779,378.5043116719113,374.92749675942599,387.91636591544977,0,1.021405182655144e-14,0
5185.3908868355365,376.380412706931,381.40688517169872,0,0,-2.4675294731466346,0.0018092563769295817,6,6,380.12540667341176,376.71913302477128,372.63541874045023,386.09463731862616,9.0949470177292824e-13,1.2212453270876722e-15,0
5188.2893725185077,374.12035930972422,379.59212251513571,0,0,-2.4632123761670712,0.0010090734665560957,6,6,377.88555579569424,374.92058150364511,370.3551628237542,384.26366352662632,0,2.1760371282653068e-14,0
5191.1878582014797,371.86705964850296,377.76898029579826,0,0,-2.4590221633873544,0.0018823166023792446,6,6,375.65179777364693,373.1132572236985,368.08232152335898,382.42470336789802,9.0949470177292824e-13,2.298161660974074e-14,0
5194.0863438844508,369.62374326010411,375.93357321330149,0,0,-2.4522998189643879,0.002756390990205887,6,6,373.43969300788206,371.30339745827519,365.80779351232616,380.56374896832779,0,1.9761969838327786e-14,0
5196.984829567421,367.39516633251719,374.08030473330774,0,0,-2.4430423172302502,0.0036316030251125351,6,6,371.2538158132985,369.48565303982036,363.53651685173588,378.67495642679512,9.0949470177292824e-13,2.9976021664879227e-15,0
5199.883315250393,365.18637224596881,372.20350912463954,0,0,-2.4321115489776992,0.0030362557689079931,6,6,369.09501328280163,367.65130908013509,361.27773120913599,376.75570916914398,0,7.9936057773011271e-15,0
5202.7818009333641,362.99416160803469,370.30735457767179,0,0,-2.4256248438691848,0.0014398820461681608,6,6,366.93224898474273,365.78060432904834,359.05607423132665,374.83410482629523,9.0949470177292824e-13,8.8817841970012523e-15,0
5205.6802866163353,360.80988050498411,368.40206387009709,0,0,-2.4237637207705318,-0.00015563712055374231,6,6,364.75638589594752,363.88265072245315,356.8633751140207,372.92147701774104,9.0949470177292824e-13,3.0198066269804258e-14,0
5208.5787722993064,358.62654929786027,366.49568469297634,0,0,-2.4224890946702677,0.0013465823028747967,6,6,362.57881204333233,361.98130553402729,354.6742865523882,371.01006385192539,9.0949470177292824e-13,1.8873791418627661e-14,0
5211.4772579822784,356.44878476998821,364.58294967049881,0,0,-2.4196599095437987,0.00060562449129844228,6,6,360.41380369527849,360.07977024679275,352.48376584469793,369.08612909420486,0,2.19824158875781e-14,0
5214.3757436652495,354.27438057090035,362.66639409976801,0,0,-2.4189781962057406,-0.00013522328441791773,6,6,358.242468452092,358.16591872852774,350.3062926897087,367.16686947100828,0,4.7739590058881731e-15,0
5217.2742293482197,352.09922808040415,360.7506881310739,0,0,-2.4203614264773905,-1.5024504651560845e-15,6,6,356.06108697368842,356.24472828774367,348.13736918711987,365.25664797440413,0,3.6304292905242619e-14,0
5220.1727150311917,349.92248473143729,358.83678958440424,0,0,-2.4203614264773949,-1.502450465156062e-15,6,6,353.88434362472151,354.33082974107401,345.96062583815308,363.34274942773447,9.0949470177292824e-13,6.4392935428259079e-15,0
5223.0712007141628,347.74574138247038,356.92289103773459,0,0,-2.4203614264773994,-1.5024504651560397e-15,6,6,351.7076002757546,352.41693119440436,343.78388248918617,361.42885088106482,0,6.4392935428259079e-15,0
5225.969686397134,345.56899803350348,355.00899249106487,0,0,-2.4203614264774034,-1.5024504651560183e-15,6,6,349.53085692678769,350.50303264773459,341.60713914021926,359.51495233439516,9.0949470177292824e-13,6.6613381477509392e-15,0
5228.8681720801051,343.39247991620817,353.09483784676155,0,0,-2.4199995843657072,0.00014095384928238376,6,6,347.3559689961192,348.59031186577022,339.42899083629715,357.59936382775288,0,1.9761969838327786e-14,0
5231.7666577630762,341.21658984258107,351.17996927819922,0,0,-2.4199522341776132,-0.00010828143853038977,6,6,345.18029220820131,346.67563097421089,337.25288747696084,355.68430758218756,0,8.5487172896137054e-15,0
5234.6651434460482,339.0400989307692,349.26578374898156,0,0,-2.4206272904557369,-0.00035751838657206594,6,6,343.00075971163801,344.75877074934562,335.0794381499004,353.77279674861751,0,1.7319479184152442e-14,0
5237.5636291290184,336.86163264079011,347.35384689205722,0,0,-2.4219677315416672,-0.00043454255293666878,6,6,340.81624847984648,342.84152891063297,332.90701680173373,351.86616487348147,0,1.9428902930940239e-14,0
5240.4621148119904,334.68074981246696,345.44466681348405,0,0,-2.4230157771501637,-0.00028862495968277766,6,6,338.63063436547048,340.92820669321907,330.73086525946343,349.96112693374903,0,1.2878587085651816e-14,0
5243.3606004949615,332.49827051020196,343.53731181928612,0,0,-2.4236408821525321,-0.00014270726735502178,6,6,336.44533102985412,339.01838348900657,328.55120999054981,348.05624014956567,0,1.8873791418627661e-15,0
5246.2590861779327,330.31500241378228,341.63085971051203,0,0,-2.4238430476916522,3.2098459209754612e-06,6,6,334.26114928119858,337.11113351296638,326.36885554636598,346.15058590805768,9.0949470177292824e-13,1.9206858326015208e-14,0
5249.1575718609038,328.13136644589497,339.7248290009947,0,0,-2.4242214071476047,-0.00016663710091477415,6,6,332.07580294974986,335.20361006501548,324.18692994204008,344.24604793697392,9.0949470177292824e-13,1.2212453270876722e-14,0
5252.0560575438749,325.94688670738452,337.81976536751739,0,0,-2.4245546663938389,-6.3317051914991976e-05,6,6,329.88981625421468,333.2972321626936,322.00395716055436,342.34229857234118,0,1.4876988529977098e-14,0
5254.9545432268469,323.76205737136524,335.915102661106,0,0,-2.424588454676242,4.0002600740327947e-05,6,6,327.70483410731561,331.39243623404678,319.81928063541488,340.43776908816523,0,1.7763568394002505e-15,0
5257.8530289098171,321.57742911305866,334.01020933215062,0,0,-2.4244130128496675,-5.2181761490397954e-09,6,6,325.52099925318487,329.48823470264364,317.63385897293244,338.53218396165761,0,6.6613381477509392e-16,0
5260.7515145927891,319.39294931684992,332.10514574413884,0,0,-2.4244130196828415,5.0318026470399017e-10,6,6,323.33651942607673,327.58317108768478,315.44937920762311,336.6271204005929,0,2.6645352591003757e-14,0
5263.6500002757602,317.20846952342345,330.20008215294428,0,0,-2.4244130099327457,6.2245367741205923e-09,6,6,321.15203967673995,325.67810753494041,313.26489937010695,334.72205677094814,0,4.6629367034256575e-15,0
5266.5484859587305,315.02398976436712,328.29501852233761,0,0,-2.4244129835993786,1.1945894467168013e-08,6,6,318.96756003676239,323.77304400818122,311.08041949197184,332.81699303649401,0,2.298161660974074e-14,0
5269.4469716417025,312.83951008480835,326.38995480056786,0,0,-2.4244129297932693,1.3074524272696762e-08,6,6,316.78308060051347,321.86798049859965,308.89593956910323,330.91192910253608,9.0949470177292824e-13,1.021405182655144e-14,0
5272.3454573246736,310.65503047550197,324.48489099824883,0,0,-2.4244129179879956,-4.9287030187853043e-09,6,6,314.59860104459028,319.96291674283555,306.71145990641367,329.00686525366211,0,3.2862601528904634e-14,0
5275.2439430076456,308.47055083897925,322.57982722713581,0,0,-2.4244129583648202,-2.2931930768115973e-08,6,6,312.41412122548456,318.05785281249365,304.52698045247394,327.10180164177797,0,3.9968028886505635e-15,0
5278.1424286906158,306.2860710749618,320.67476360221366,0,0,-2.4244130512272744,-3.4009310521639142e-08,6,6,310.22964104154545,316.15278882136192,302.34250110837814,325.19673838306539,0,1.7763568394002505e-14,0
5281.0409143735878,304.10159114349614,318.76970016930426,0,0,-2.4244131142039542,-9.4455739585451162e-09,6,6,308.04516082530085,314.24772514009959,300.15802146169142,323.29167519850893,9.0949470177292824e-13,5.440092820663267e-15,0
5283.939400056559,301.91711115987152,316.86463679619919,0,0,-2.4244131059829965,1.5118162145091035e-08,6,6,305.86068087885121,312.34266179941443,297.97354144089184,321.38661179298396,0,3.5305092183079978e-14,0
5286.8378857395292,299.73263125972971,314.95957332737362,0,0,-2.4244130265644004,3.968189898412006e-08,6,6,303.67620133783828,310.43759864378166,295.78906118162115,319.48154801096558,0,3.1530333899354446e-14,0
5289.7363714225012,297.54815153445247,313.05450965802811,0,0,-2.424412944406606,1.877438424479542e-08,6,6,301.49172198407649,308.53253529843118,293.60458108482845,317.57648401762503,9.0949470177292824e-13,2.1316282072803006e-14,0
5292.6348571054723,295.3636719130422,311.14944586958558,0,0,-2.4244129160803705,7.7115690874556679e-10,6,6,299.30724249075672,306.62747162169512,291.42010133532767,315.67142011747603,0,6.6613381477509392e-16,0
5295.5333427884443,293.17919229589154,309.24438207626167,0,0,-2.4244129399362304,-1.7232069077747649e-08,6,6,297.1227627657305,304.72240773429394,289.23562182605258,313.76635641822941,0,7.5495165674510645e-15,0
5298.4318284714145,290.99471259309882,307.33931838113887,0,0,-2.4244129911532517,-1.0624641657420138e-08,6,6,294.9382828313357,302.81734383719322,287.05114235486195,311.86129292508451,0,0,0
5301.3303141543856,288.81023282329926,305.43425476285017,0,0,-2.4244130136569857,-4.903283588479109e-09,6,6,292.75380295977482,300.9122801301595,284.8666626868237,309.95622939554084,0,1.3322676295501878e-15,0
5304.2287998373577,286.62575302642597,303.52919117560856,0,0,-2.4244130195774471,8.1807354807292027e-10,6,6,290.56932313612936,299.00721651957014,282.68218291672258,308.05116583164698,0,2.3980817331903381e-14,0
5307.1272855203279,284.44127323406786,301.62412758318527,0,0,-2.4244130089146365,6.5394308401917008e-09,6,6,288.38484339198823,297.10215296919637,280.4977030761475,306.14610219717417,0,1.787459069646502e-14,0
5310.0257712032999,282.25679344197994,299.71906399045196,0,0,-2.4244130195445677,-8.939011603491737e-10,6,6,286.20036355183203,295.19708933454319,278.31322333212785,304.24103864636072,9.0949470177292824e-13,3.397282455352979e-14,0
5312.924256886271,280.072313644958,297.81400040337678,0,0,-2.4244130138438926,4.8274552253116609e-09,6,6,284.01588378058835,293.29202576994902,276.12874350932765,302.33597503680454,0,5.1070259132757201e-15,0
5315.822742569243,277.88783387459216,295.9089367857357,0,0,-2.4244129915599473,1.054881252893964e-08,6,6,281.83140411098998,291.38696224018622,273.94426363819434,300.43091133128519,0,2.9531932455029164e-14,0
5318.7212282522132,275.70335417050944,294.00387309209191,0,0,-2.424412940602811,1.7470681553282264e-08,6,6,279.64692463733411,289.48189874749551,271.75978370368477,298.52584743668831,0,1.5432100042289676e-14,0
5321.6197139351843,273.51887455274823,292.09880929946922,0,0,-2.4244129160553376,-5.3254503983540111e-10,6,6,277.46244513057593,287.57683505167751,269.57530397492053,296.62078354726094,0,2.3536728122053319e-14,0
5324.5181996181564,271.33439493204412,290.19374551021633,0,0,-2.4244129436899606,-1.8535773033693106e-08,6,6,275.27796538490878,285.67177115344555,267.39082447917946,294.71571986698711,0,4.4408920985006262e-15,0
5327.4166853011266,269.14991520883194,288.28868183850471,0,0,-2.4244130250337284,-4.0007462907483707e-08,6,6,273.09348529386216,283.76670716094907,265.20634512380173,292.81065651606036,9.0949470177292824e-13,2.886579864025407e-15,0
5330.3151709840986,266.96543531070529,286.38361836736425,0,0,-2.4244131053959652,-1.5443725304816225e-08,6,6,270.90900503233951,281.86164337289449,263.02186558907107,290.90559336183401,9.0949470177292824e-13,1.2878587085651816e-14,0
5333.2136566670697,264.7809553272993,284.4785549940068,0,0,-2.4244131145605623,9.1200115466062809e-09,6,6,268.72452500749142,279.95657996339582,260.83738564710717,289.00053002461777,9.0949470177292824e-13,1.5765166949677223e-14,0
5336.1121423500408,262.59647539425686,282.57349156290837,0,0,-2.4244130525275192,3.3683748841624528e-08,6,6,266.54004535496085,278.05151677692902,258.65290543355286,287.09546634888773,0,2.6645352591003757e-14,0
5339.0106280330119,260.41199562788944,280.66842794068077,0,0,-2.4244129592503576,2.3170540740163517e-08,6,6,264.35556601039036,276.14645352254644,256.46842524538852,285.19040235881511,9.0949470177292824e-13,5.1070259132757201e-15,0
5341.909113715983,258.22751599033876,278.76336417074702,0,0,-2.4244129181819267,5.1673123797604632e-09,6,6,262.17108655855009,274.24138991456897,254.28394542212743,283.28533842692508,0,3.7747582837255322e-15,0
5344.8075993989551,256.04303638132029,276.85830036809506,0,0,-2.4244129292955958,-1.2835915573984512e-08,6,6,259.9866068992759,272.33632606808942,252.09946586336468,281.3802746681007,0,1.3211653993039363e-14,0
5347.7060850819253,253.85855670312336,274.95323664476933,0,0,-2.4244129831390029,-1.2021723029713295e-08,6,6,257.80212697760044,270.43126213242846,249.91498642864624,279.47521115711021,0,5.773159728050814e-15,0
5350.6045707648973,251.67407694473306,273.04817301339551,0,0,-2.4244130096921586,-6.3003656388900728e-09,6,6,255.61764709913746,268.52619839634042,247.73050679032866,277.57014763045061,0,1.5543122344752192e-14,0
5353.5030564478684,249.48959715155564,271.1431094219156,0,0,-2.4244130196620435,-5.790094461218648e-10,6,6,253.43316726087647,266.62113476554356,245.54602704223481,275.66508407828763,0,3.3306690738754696e-15,0
5356.4015421308395,247.30511735517845,269.23804583409952,0,0,-2.4244130130486599,5.142346636551468e-09,6,6,251.24868749440486,264.71607120380781,243.36154721595204,273.76002046439123,0,1.8873791418627661e-14,2.8421709430404007e-14
5359.3000278138106,245.12063756681331,267.3329822371004,0,0,-2.4244130184174812,-2.2909837305056172e-09,6,6,249.06420768176204,262.81100758563633,241.17706745186459,271.85495688856446,0,2.4091839634365897e-14,0
5362.1985134967817,242.93615776808122,265.42791865198603,0,0,-2.4244130167662283,3.4303739491935316e-09,6,6,246.87972789049687,260.90594400703384,238.99258764566557,269.94989329693823,9.0949470177292824e-13,2.3314683517128287e-14,0
5365.0969991797538,240.75167798829031,263.52285504515112,0,0,-2.4244129985317011,9.1517322811985872e-09,6,6,244.69524819316203,259.00088047210807,236.80810778341859,268.04482961819417,0,6.2172489379008766e-15,0
5367.995484862724,238.56719826196016,261.61779137701785,0,0,-2.424412954523834,2.1866839096425498e-08,6,6,242.51076866583432,257.09581697752287,234.623627858086,266.13976577651283,9.0949470177292824e-13,1.1546319456101628e-14,0
5370.8939705456951,236.38271862981432,259.71272760088635,0,0,-2.42441291723416,3.8636127532589499e-09,6,6,240.32628920231144,255.19075334844587,232.4391480573172,264.23470185332684,0,9.5479180117763462e-15,0
5373.7924562286671,234.19823901900227,257.80766380029155,0,0,-2.4244129321265842,-1.4139615933510845e-08,6,6,238.14180952415623,253.28568948912172,230.25466851384832,262.32963811146135,0,9.7699626167013776e-15,0
5376.6909419116382,232.01375933011329,255.9026000892236,0,0,-2.4244129992011074,-3.2142843102588824e-08,6,6,235.95732953195795,251.38062551354068,228.07018912826862,260.42457466490652,9.0949470177292824e-13,1.4876988529977098e-14,0
5379.5894275946093,229.82927947282764,253.99753657125336,0,0,-2.4244130923426437,-2.1441877003035476e-08,6,6,233.77284925348863,249.47556162826027,225.88570969216664,258.51951151424646,0,1.3100631690576847e-14,0
5382.4879132775804,227.64479949772874,252.09247318837023,0,0,-2.4244131188927969,3.1218601080329687e-09,6,6,231.58836915833061,247.57049814067477,223.70122983712687,256.6144482360657,9.0949470177292824e-13,6.2172489379008766e-15,0
5385.3863989605525,225.46031953987051,250.18740978572268,0,0,-2.4244130742453098,2.7685597370939307e-08,6,6,229.40388940236721,245.66543491409769,221.51674967737381,254.70938465734767,0,5.6621374255882984e-15,0
5388.2848846435227,223.27583972895104,248.28234621458179,0,0,-2.4244129772055882,2.7566699790159844e-08,6,6,227.2194100302589,243.76037172563974,219.33226942764318,252.80432070352384,9.0949470177292824e-13,7.7715611723760958e-15,0
5391.1833703264938,221.09136006933093,246.37728246995263,0,0,-2.424412923394951,9.563472662850673e-09,6,6,225.03493061396912,241.85530819321662,217.14778952469274,250.89925674668865,0,7.9936057773011271e-15,0
5394.0818560094658,218.90688046251984,244.47221866477179,0,0,-2.4244129217664114,-8.4397550006625513e-09,6,6,222.85045101452224,239.95024439445805,214.96330991051744,248.99419293508552,0,4.4408920985006262e-16,0
5396.9803416924369,216.72240080910436,242.56715491302731,0,0,-2.4244129723199661,-2.644297933910575e-08,6,6,220.66597113250486,238.04518044335205,212.77883048570385,247.08912938270257,0,5.9952043329758453e-15,0
5399.878827375408,214.53792106409114,240.66209126631838,0,0,-2.4244130047385211,-7.6974481412489973e-09,6,6,218.48149124089576,236.14011666879827,210.59435088728651,245.1840658638385,0,9.2148511043887993e-15,0
5402.7773130583791,212.35344127649162,238.75702766843864,0,0,-2.4244130187578286,-1.9760915221618751e-09,6,6,216.29701138990131,234.23505301563242,208.40987116308193,243.27900232124486,0,5.5511151231257827e-15,0
5405.6757987413512,210.1689614779807,236.85196408307101,0,0,-2.4244130161938671,3.745264721160074e-09,6,6,214.11253160298455,232.32998944037595,206.22539135297686,241.37393872576607,9.0949470177292824e-13,4.1078251911130792e-15,0
5408.5742844243214,207.98448169088982,234.94690048461166,0,0,-2.4244130163015747,-3.6880662753249667e-09,6,6,211.92805181540663,230.42492584149184,204.04091156637301,239.46887512773148,0,2.4424906541753444e-15,0
5411.4727701072925,205.80000189233033,233.04183689929712,0,0,-2.4244130186997475,2.0332899186727583e-09,6,6,209.74357200600267,228.51986224671995,201.85643177865799,237.56381155187429,0,1.5432100042289676e-14,0
5414.3712557902645,203.61552210499877,231.13677330110889,0,0,-2.4244130045146508,7.7546464993104743e-09,6,6,207.55909228281575,226.61479870447164,199.67195192718179,235.65874789774614,0,3.5527136788005009e-15,0
5417.2697414732356,201.43104236060847,229.23170965368632,0,0,-2.4244129715563396,2.626299590083117e-08,6,6,205.37461268746208,224.70973518702249,197.48747203375487,233.75368412035016,0,4.8849813083506888e-15,0
5420.1682271562067,199.24656270815061,227.32664590084332,0,0,-2.424412921524465,8.2597714623341149e-09,6,6,203.19013326124707,222.8046716314837,195.30299215505414,231.84862017020293,0,6.8833827526759706e-15,0
5423.0667128391779,197.06208310130421,225.42158209570437,0,0,-2.4244129236746845,-9.7434562626218156e-09,6,6,201.00565364467744,220.89960781786522,193.11851255793098,229.94355637354352,0,1.1546319456101628e-14,0
5425.965198522149,194.87760344065339,223.51651835225528,0,0,-2.4244129780070014,-2.7746683412784029e-08,6,6,198.82117373833728,218.99454386015279,190.9340331429695,228.03849284435776,0,1.1990408665951691e-14,0
5428.8636842051201,192.6931236278854,221.61145478323331,0,0,-2.4244130750439901,-2.7440027333266666e-08,6,6,196.63669348677047,217.08947990845869,188.74955376900033,226.13342965800794,9.0949470177292824e-13,5.6621374255882984e-15,0
5431.7621698880912,190.50864366918688,219.70639138155582,0,0,-2.4244131189796945,-2.876289331985391e-09,6,6,194.45221332939582,215.18441633351767,186.56507400897794,224.22836642959396,9.0949470177292824e-13,0,0
5434.6606555710632,188.32416369459858,217.80132799808356,0,0,-2.4244130917177569,2.1687448529461497e-08,6,6,192.26773347808532,213.27935305755477,184.38059391111184,222.32330293861236,0,1.7097434579227411e-14,0
5437.5591412540343,186.13968378888924,215.89626453563992,0,0,-2.4244133227999627,-6.2219726243139501e-07,6,6,190.08325252742793,211.37428868382241,182.19611505035056,220.41824038745742,0,6.2172489379008766e-15,0
5440.4576269370054,183.95520228437371,213.99120290650436,0,0,-2.4244141957959284,1.9816539148871096e-08,6,6,187.89876707524419,209.469223611969,180.01163749350323,218.51318220103971,0,8.7707618945387367e-15,0
5443.3561126199766,181.77072088928051,212.08614115189616,0,0,-2.4244132079240441,6.6183034969476473e-07,6,6,185.71429014728528,207.56416575309979,177.82715163127574,216.60811655069253,9.0949470177292824e-13,1.7763568394002505e-15,0
5446.2545983029477,179.58624314868223,210.18107520678819,0,0,-2.4244103591844324,1.3038440670022618e-06,6,6,183.52982528860144,205.65911104221212,175.64266100876301,214.70303937136427,0,1.0436096431476471e-14,0
5449.1530839859188,177.40177082244844,208.27600305321181,0,0,-2.4244083417707771,5.623228759786702e-07,6,6,181.34536208503189,203.75404684448139,173.45817955986499,212.79795926194222,0,1.1102230246251565e-15,0
5452.0515696688899,175.2173018837868,206.3709270152473,0,0,-2.4244060864744355,9.938665204546206e-07,6,6,179.16090334471153,201.84897970049533,171.27370042286208,210.89287432999927,9.0949470177292824e-13,7.1054273576010019e-15,0
5454.9500553518619,173.03283843310126,204.46584468447338,0,0,-2.424402580354982,1.4254102002625344e-06,6,6,176.97645574848917,199.94391119648702,169.08922111771335,208.98777817245974,0,8.8817841970012523e-16,0
5457.848541034833,170.84838297114487,202.56075319346621,0,0,-2.4243973993216952,2.2192202799687137e-06,6,6,174.79202371476779,198.03884013755311,166.90474222752195,207.08266624937932,0,2.4424906541753444e-15,0
5460.7470267178032,168.66393805092324,200.65564961494863,0,0,-2.4243925500958672,1.1268206489868117e-06,6,6,172.60760072227737,196.13375568269325,164.7202753795691,205.17754354720401,0,1.9539925233402755e-14,0
5463.6455124007753,166.47949935291751,198.75053890187988,0,0,-2.4243908671746022,3.4421076253089599e-08,6,6,170.4231696342575,194.22865160650468,162.53582907157752,203.27242619725507,0,1.7541523789077473e-14,0
5466.5439980837464,164.29506084498385,196.84542797087289,0,0,-2.4243923505579881,-1.0579786151281357e-06,6,6,168.23872441862702,192.32353482552767,160.35139727134069,201.36732111621811,9.0949470177292824e-13,1.6431300764452317e-14,0
5469.4424837667175,162.11062963298224,194.9403086742652,0,0,-2.4243817192030916,2.1689529861502918e-06,6,6,166.05434128025337,190.41845745566258,158.16691798571111,199.46215989286782,0,3.1086244689504383e-15,0
5472.3409694496886,159.92620951918374,193.03517665239505,0,0,-2.424384774674158,-4.2772753807386413e-06,6,6,163.86990735005091,188.51331338391671,155.98251168831658,197.55703992087339,0,1.3100631690576847e-14,0
5475.2394551326606,157.74176578648331,191.1300717123153,0,0,-2.4244065144449642,-1.0723502675017317e-05,6,6,161.6853653121475,186.60812270981856,153.79816626081913,195.65202071481204,0,6.4392935428259079e-15,0
5478.1379408156317,155.55726363752885,189.22503375610958,0,0,-2.4244438522016427,-1.2007554998542213e-05,6,6,159.50069432101259,184.70293751160537,151.61383295404511,193.74713000061379,0,4.8849813083506888e-15,0
5481.0364264986019,153.37269732046067,187.32006938368062,0,0,-2.4244701991071427,-6.1722182850721461e-06,6,6,157.31600885933332,182.79786924355039,149.42938578158802,191.84226952381084,0,5.9952043329758453e-15,0
5483.934912181574,151.18809692370601,185.41514409358686,0,0,-2.4244796323761491,-3.3688347696561469e-07,6,6,155.13136580327279,180.89290675533931,147.24482804413924,189.93738143183441,0,1.3988810110276972e-14,0
5486.8333978645451,149.00349466688269,183.51022093664901,0,0,-2.4244721520101673,5.4984522059432458e-06,6,6,152.94679737432949,178.98801309562236,145.06019195943588,188.03242877767565,0,1.5543122344752192e-15,0
5489.7318835475162,146.81890197966914,181.6052868051556,0,0,-2.424473738242928,-8.5512317685730246e-07,6,6,150.76219751383675,177.08307270913872,142.87560644550152,186.12750090117248,0,7.5495165674510645e-15,0
5492.6303692304873,144.6343047183538,179.70035791928271,0,0,-2.4244753219695792,-2.3767271511524909e-07,6,6,148.57759309056547,175.17813757816927,140.69101634614213,184.22257826039615,0,8.5487172896137054e-15,0
5495.5288549134584,142.44970614474994,177.79543053835891,0,0,-2.4244751160248046,3.7977779575753881e-07,6,6,146.39299544828918,173.2732110093452,138.50641684121069,182.31765006737263,0,2.886579864025407e-15,0
5498.4273405964304,140.26510918959065,175.89050130137178,0,0,-2.4244742648560447,3.9139955509179957e-09,6,6,144.20840234230045,171.36828512876437,136.32181603688085,180.4127174739792,0,7.7715611723760958e-16,0
5501.3258262794006,138.08051272319901,173.98557150387094,0,0,-2.4244742618024402,-1.8069609976989571e-09,6,6,142.02380588971786,169.46335534330478,134.13721955668015,178.5077876644371,0,1.0436096431476471e-14,0
5504.2243119623727,135.89591624682876,172.08064171781035,0,0,-2.4244742753309456,-7.5279172026985904e-09,6,6,139.83920935216881,167.55842550389735,131.95262314148871,176.60285793172335,0,6.8833827526759706e-15,0
5507.1227976453438,133.71131972889111,170.17571197942428,0,0,-2.4244743057515747,-1.9540429988278437e-08,6,6,137.6546126966625,165.65349564555382,129.76802676111973,174.69792831329474,0,2.55351295663786e-15,0
5510.0212833283149,131.52672313563789,168.27078232740664,0,0,-2.4244743458071225,-8.0985190425501417e-09,6,6,135.47001592226943,163.74856583558542,127.58343034900638,172.79299881922785,0,3.3306690738754696e-15,0
5512.919769011286,129.34212649767096,166.36585272667034,0,0,-2.4244743526984607,3.3433888230503225e-09,6,6,133.28541925313834,161.84363620767456,125.39883374220356,170.88806924566612,0,1.5876189252139739e-14,0
5515.8182546942571,127.15752987816549,164.46092310476467,0,0,-2.4244743264255919,1.4785297960239424e-08,6,6,131.10082275244449,159.93870668937049,123.2142370038865,168.98313952015886,0,1.8873791418627661e-15,0
5518.7167403772291,124.97293333154748,162.55599339926312,0,0,-2.4244742858308883,9.9054810532030041e-09,6,6,128.9162263894045,158.03377714394577,121.02964027369045,167.07820965458046,0,5.773159728050814e-15,0
5521.6152260601993,122.78833684173932,160.65106362861329,0,0,-2.4244742654110469,4.1845255213672515e-09,6,6,126.73162999193929,156.12884745381734,118.84504369153936,165.17327980340923,9.0949470177292824e-13,6.5503158452884236e-15,0
5524.5137117431714,120.60374037503512,158.74613383146647,0,0,-2.4244742615733141,-1.5364308062229456e-09,6,6,124.54703354259014,154.22391767180383,116.66044720748009,163.2683499911291,0,1.3988810110276972e-14,0
5527.4121974261425,118.41914390036185,156.84120404345941,0,0,-2.4244742697826229,5.8963797983454185e-09,6,6,122.36243703079261,152.31898785142508,114.47585076993109,161.36342023549375,0,1.2212453270876722e-15,0
5530.3106831091127,116.23454743005938,154.93627425044593,0,0,-2.4244742609831054,1.7542365223774648e-10,6,6,120.17784060028346,150.41405809311067,112.2912542598353,159.4584904077812,0,1.0436096431476471e-14,0
5533.2091687920847,114.04995096072139,153.03134445631804,0,0,-2.4244742687656973,-5.5455325272401779e-09,6,6,117.9932440957509,148.50912826829372,110.10665782569188,157.55356064434235,0,6.3282712403633923e-15,0
5536.1076544750558,111.86535446076627,151.12641469730636,0,0,-2.4244742931303973,-1.1266487652143113e-08,6,6,115.80864748561333,146.6041984132049,107.9220614359192,155.64863098140782,0,9.7699626167013776e-15,0
5539.0061401580278,109.68075789520256,149.22148501353362,0,0,-2.4244743356822624,-1.2063284427409864e-08,6,6,113.62405072762088,144.69926856163769,105.73746506278424,153.74370146542955,0,7.5495165674510645e-15,0
5541.9046258409981,107.49616126557808,147.3165554032318,0,0,-2.4244743540654152,-6.2137596334706876e-10,6,6,111.43945401486381,142.79433887884571,103.55286851629235,151.8387719276179,9.0949470177292824e-13,4.8849813083506888e-15,1.4210854715202004e-14
5544.8031115239701,105.31156463252114,145.41162579686315,0,0,-2.4244743392843615,1.0820532264395698e-08,6,6,109.25485744865,140.88940933076307,101.36827181639228,149.93384226296322,0,9.1038288019262836e-15,0
5547.7015972069412,103.12696805814701,143.50669612319291,0,0,-2.4244742967750832,1.1887863351344761e-08,6,6,107.07026106651203,138.98447982471939,99.183675049781996,148.02891242166643,9.0949470177292824e-13,8.1046280797636427e-15,0
5550.6000828899114,100.94237155296501,141.60176637017662,0,0,-2.4244742706093332,6.1669088129818832e-09,6,6,104.8856646796572,137.07955017488231,96.999078426272831,146.12398256547093,0,6.6613381477509392e-16,0
5553.4985685728834,98.757775081831753,139.69683657811015,0,0,-2.4244742610256904,4.4595310188178476e-10,6,6,102.70106825186325,135.17462042060694,94.814481911800257,144.21905273561336,0,8.992806499463768e-15,0
5556.3970542558545,96.57317861316308,137.79190678322195,0,0,-2.4244742680241562,-5.2750026940172153e-09,6,6,100.51647175154601,133.26969059812174,92.629885474780153,142.31412296832215,0,4.8849813083506888e-15,0
5559.2955399388266,94.388582137031392,135.8869769968835,0,0,-2.4244742621548099,2.1578050400961401e-09,6,6,98.331875301956771,131.36476083492786,90.445288972106013,140.40919315883914,0,5.3290705182007514e-15,0
5562.1940256217968,92.203985670937556,133.98204719904206,0,0,-2.424474264191498,-3.5631512032464428e-09,6,6,96.147278826652581,129.45983102905515,88.26069251522253,138.50426336902896,0,1.0436096431476471e-14,0
5565.0925113047679,90.0193891851671,132.07711742375997,0,0,-2.4244742828102948,-9.2841067690078849e-09,6,6,93.962682256683905,127.5549011803537,86.076096113650294,136.59933366716623,0,1.3433698597964394e-14,0
5567.9909969877399,87.83479264676923,130.17218770883179,0,0,-2.4244743215753384,-1.6028046606564675e-08,6,6,91.778085542982126,125.64997131256358,83.891499750556335,134.69440410509998,0,8.8817841970012523e-15,0
5570.8894826707101,85.650196033073655,128.26725808026603,0,0,-2.4244743514502956,-4.5861371505731861e-09,6,6,89.593488794185518,123.74504156619213,81.706903271961792,132.78947459433994,0,2.7755575615628914e-15,0
5573.7879683536821,83.465599394051722,126.36232848073597,0,0,-2.4244743481610458,6.8557705611901134e-09,6,6,87.408892170038285,121.84011197963254,79.522306618065159,130.88454498183941,9.0949470177292824e-13,1.9984014443252818e-15,0
5576.6864540366532,81.281002792884607,124.45739883779612,0,0,-2.4244743117075873,1.8297680880410158e-08,6,6,85.224295733721604,119.93518248043935,77.33770985204761,128.97961519515289,0,7.9936057773011271e-15,0
5579.5849397196253,79.096406268280376,122.55246910705236,0,0,-2.424474277798649,8.1492905524240973e-09,6,6,83.039699362460922,118.03025288340848,75.153113174099829,127.07468533069624,0,1.7763568394002505e-15,0
5582.4834254025955,76.911809788927428,120.64753932441778,0,0,-2.4244742624691007,2.4283349738580424e-09,6,6,80.855102952431508,116.12532316122279,72.968516625423348,125.16975548761276,9.0949470177292824e-13,4.4408920985006262e-15,0
5585.3819110855666,74.727213322978727,118.74260952640378,0,0,-2.424474263721661,-3.2926210665032046e-09,6,6,78.67050648081846,114.22039335826959,70.783920165138994,123.26482569453798,0,0,0
5588.2803967685386,72.542616845436086,116.83767974168238,0,0,-2.4244742653175395,4.1401868858537675e-09,6,6,76.485909996058908,112.31546356725516,68.599323694813265,121.35989591610959,0,4.2188474935755949e-15,0
5591.1788824515088,70.358020378789774,114.93274994447356,0,0,-2.4244742616083217,-1.580769041993657e-09,6,6,74.301313546186492,110.41053378467288,66.414727211393057,119.45496610427423,0,4.4408920985006262e-16,0
5594.0773681344808,68.173423903414218,113.02782015727317,0,0,-2.4244742744812124,-7.3017246692361535e-09,6,6,72.116717012596936,108.50560394671091,64.230130794231499,117.55003636783543,0,1.4432899320127035e-15,0
5596.9758538174519,65.988827387724371,111.12289041630883,0,0,-2.4244743039362091,-1.3022678907937541e-08,6,6,69.932120363705224,106.60067408959689,62.045534411743517,115.64510674302078,0,4.4408920985006262e-16,0
5599.874339500424,63.804230811771241,109.21796074444396,0,0,-2.4244743325699187,-7.4189853730074816e-09,6,6,67.747523658264257,104.69574430482091,59.860937965278225,113.74017718406701,0,6.6613381477509392e-15,0
5602.7728251833942,61.619634194853525,107.31303111955768,0,0,-2.4244743469999182,-2.5379376591143166e-09,6,6,65.562926976090964,102.79081462303292,57.676341413616086,111.83524761608244,0,8.8817841970012523e-16,0
5605.6713108663653,59.435037563926798,105.40810151074517,0,0,-2.4244743472822705,2.3431101836091377e-09,6,6,63.378330343887377,100.88588501310701,55.491744783966219,109.93031800838332,0,1.5543122344752192e-15,0
5608.5697965493373,57.25044093540167,103.50317189917764,0,0,-2.424474354016418,-5.5641310594913729e-09,6,6,61.193733684908977,98.980955374984774,53.307148185894363,108.02538842337052,0,5.5511151231257827e-16,0
5611.4682822323075,55.065844285075876,101.5982423126174,0,0,-2.4244743594184603,1.8366384899788139e-09,6,6,59.009137010153978,97.076025767122687,51.122551559997774,106.12045885811212,0,3.9968028886505635e-15,7.1054273576010019e-15
5614.3667679152795,52.881247644889775,99.693312714426526,0,0,-2.4244743433694769,9.2374085960208822e-09,6,6,56.824540442544858,95.17109623221765,48.937954847234693,104.2155291966354,9.0949470177292824e-13,4.9960036108132044e-15,0
5617.2652535982506,50.696651055790348,97.788383057637716,0,0,-2.4244743047577662,2.0686451526249737e-08,6,6,54.639944028055943,93.266166727686127,46.753358083524752,102.31059938758931,0,8.8817841970012523e-16,0
5620.1637392812208,48.512054553652362,95.883453301125826,0,0,-2.42447426259772,8.4046330634508413e-09,6,6,52.455347716574799,91.361237137423657,44.568761390729925,100.40566946482799,0,2.6645352591003757e-15,0
5623.0622249641929,46.327458097919475,93.978523491395336,0,0,-2.4244742560363473,-3.8771840890167203e-09,6,6,50.270751290513857,89.456307353566586,42.384164905325093,98.500739629224086,0,6.4392935428259079e-15,0
5625.960710647164,44.142861620782192,92.073593706217991,0,0,-2.4244742850736434,-1.6158999632138335e-08,6,6,48.086154682063643,87.551377453886673,40.19956855950074,96.59580995854931,0,1.1102230246251565e-15,0
5628.859196330136,41.958265060955974,90.168664015864891,0,0,-2.4244743342739214,-1.2515660798019699e-08,6,6,45.901557899743125,85.646447569522465,38.014972222168822,94.690880462207318,9.0949470177292824e-13,0,0
5631.7576820131062,39.773668432765959,88.263734403919145,0,0,-2.4244743539682805,-1.0737524013343067e-09,6,6,43.716961182490955,83.741517879916088,35.830375683040963,92.785950927922201,0,1.3322676295501878e-15,7.1054273576010019e-15
5634.6561676960782,37.589071798644738,86.358804798770166,0,0,-2.4244743404984335,1.0368155586983018e-08,6,6,41.532364609283299,81.836588327882666,33.645778988006178,90.881021269657666,0,4.4408920985006262e-16,0
5637.5546533790493,35.404475221076105,84.453875128766455,0,0,-2.4244742981503569,1.2114051850016338e-08,6,6,39.347768223221827,79.931658824869814,31.461182218930379,88.976091432663097,0,1.6653345369377348e-15,0
5640.4531390620195,33.219878713898972,82.548945378038653,0,0,-2.4244742713290037,6.3930970874392765e-09,6,6,37.163171837336655,78.026729179906468,29.276585590461284,87.071161576170837,0,3.9968028886505635e-15,0
5643.3516247449916,31.035282242018233,80.644015586827422,0,0,-2.4244742610897574,6.7214110910840611e-10,6,6,34.978575411760005,76.121799429071586,27.091989072276462,85.166231744583257,9.0949470177292824e-13,1.7763568394002505e-15,3.5527136788005009e-15
5646.2501104279627,28.850685773850593,78.739085791361859,0,0,-2.424474267432621,-5.048814997035584e-09,6,6,32.793978914908564,74.216869608594266,24.907392632792622,83.261301974129452,9.0949470177292824e-13,1.9984014443252818e-15,0
5649.1485961109347,26.666089297308513,76.834156005493213,0,0,-2.4244742624150497,2.3839936238240545e-09,6,6,30.609382461057027,72.311939842511364,22.722796133559999,81.356372168475062,9.0949470177292824e-13,3.3306690738754696e-16,0
5652.0470817939049,24.481492831343921,74.929226207504627,0,0,-2.4244742637961325,-3.3369622461656422e-09,6,6,28.424785988846878,70.407010039076766,20.538199673840964,79.451442375932487,0,3.5527136788005009e-15,3.5527136788005009e-15
5654.945567476876,22.296896346952078,73.024296430643574,0,0,-2.4244742817593234,-9.0579174815863782e-09,6,6,26.240189423221601,68.50208019138158,18.353603270682555,77.546512669905567,0,8.8817841970012523e-16,0
5657.844053159848,20.112299811444267,71.119366712402154,0,0,-2.4244743197126506,-1.6480424536556877e-08,6,6,24.055592716080636,66.597150323479084,16.169006906807898,75.641583101325224,0,4.4408920985006262e-16,0
5660.7425388428182,17.927703200046874,69.214437081198355,0,0,-2.4244743508988185,-5.0385150255667537e-09,6,6,21.870995963652643,64.692220569299081,13.984410436441108,73.736653593097628,0,1.5543122344752192e-15,0
5663.6410245257903,15.743106560826972,67.309507481896105,0,0,-2.4244743489207798,6.4033925691335186e-09,6,6,19.68639933337786,62.787290977796822,11.799813788276085,71.831723985995382,9.0949470177292824e-13,2.886579864025407e-15,3.5527136788005009e-15
5666.5395102087614,13.558509956963993,65.40457784204844,0,0,-2.424474313778533,1.7845302599237808e-08,6,6,17.501802888435726,60.882361476525325,9.6152170254922602,69.926794207571547,0,2.55351295663786e-15,1.7763568394002505e-15
5669.4379958917334,11.373913429763084,63.49964811428255,0,0,-2.4244742787454956,8.3754788956544209e-09,6,6,15.317206519661788,58.977431886904967,7.4306203398643786,68.021864341660134,0,2.6645352591003757e-15,1.7763568394002505e-15
5672.3364815747036,9.1893169492286457,61.594718332998362,0,0,-2.4244742627603437,2.6545232455262928e-09,6,6,13.132610111415664,57.072502168654921,5.2460237870416275,66.116934497341802,0,1.1102230246251565e-15,0
5675.2349672576747,7.0047204833503933,59.689788534905205,0,0,-2.4244742633573009,-3.0664329094023166e-09,6,6,10.948013642837843,55.167572368207786,3.0614273238629446,64.212004701602623,0,1.9984014443252818e-15,8.8817841970012523e-16
5678.1334529406467,4.8201240059598609,57.784858750009015,0,0,-2.4244742658049536,4.3663755625581855e-09,6,6,8.7634171543784944,53.262642573659782,0.87683085754122647,62.307074926358247,0,2.2204460492503131e-16,0
5681.031938623617,2.6355275390096313,55.879928953148998,0,0,-2.4244742614401313,-1.3545806362966829e-09,6,6,6.578820707166936,51.35771279401154,-1.3077656291476731,60.402145112286455,0,1.7763568394002505e-15,8.8817841970012523e-16
5683.930424306589,0.45093106457781612,53.97499916486413,0,0,-2.4244742736574185,-7.0755365775632035e-09,6,6,4.3942241774859072,49.452782957550326,-3.4923620483302753,58.497215372177934,0,2.2204460492503131e-15,1.4432899320127035e-15
5686.8289099895601,-1.733665448918901,52.070069421383501,0,0,-2.4244743024568129,-1.27964911733007e-08,6,6,2.2096275337520996,47.54785310050525,-5.6769584315899015,56.592285742261751,0,2.2204460492503131e-15,1.5543122344752192e-15
5689.7273956725312,-3.91826203601499,50.165139762306161,0,0,-2.4244743438473031,-9.00327780873406e-09,6,6,0.025030759479256037,45.642923278213082,-7.8615548315092365,54.68735624639924,0,3.3306690738754696e-16,0
5692.6258813555023,-6.1028586727471374,48.260210160152255,0,0,-2.4244743533610715,2.4386301132649619e-09,6,6,-2.1595659202762123,43.7379936385436,-10.046151425218063,52.78242668176091,0,2.2204460492503131e-15,8.8817841970012523e-16
5695.5243670384734,-8.2874552960119576,46.355280542559186,0,0,-2.4244743297106335,1.3880538962737172e-08,6,6,-4.3441624365886309,41.833064114211133,-12.230748155435284,50.877496970907238,0,8.8817841970012523e-16,0
5698.4228527214455,-10.472051848822199,44.450350844156894,0,0,-2.4244742881530148,1.0357860732333406e-08,6,6,-6.5287588014663296,39.928134579682705,-14.415344896178068,48.972567108631083,0,6.6613381477509392e-16,1.7763568394002505e-15
5701.3213384044157,-12.656648341805283,42.545421077147438,0,0,-2.4244742664219565,4.6369054867913104e-09,6,6,-8.7133551961768703,38.023204898365186,-16.599941487433696,47.067637255929689,0,2.2204460492503131e-15,1.7763568394002505e-15
5704.2198240873877,-14.841244809186517,40.640491280776629,0,0,-2.4244742612730072,-1.0840506405318612e-09,6,6,-10.89795164027344,36.118275122298193,-18.784537978099593,45.162707439255065,0,1.3322676295501878e-15,0
5707.1183097703588,-17.025841282494348,38.735561491204855,0,0,-2.4244742711858849,6.3487576002847263e-09,6,6,-13.082548158409448,34.213345293637033,-20.969134406579247,43.257777688772677,0,3.4416913763379853e-15,0
5710.0167954533299,-19.210437754223431,36.83063169982259,0,0,-2.4244742610751562,6.2780172493884475e-10,6,6,-15.267144584415631,32.308415542124337,-23.15373092403123,41.352847857520842,0,2.2204460492503131e-16,0
5712.915281136301,-21.395034222485879,34.925701904465328,0,0,-2.4244742675465365,-5.0931542697925734e-09,6,6,-17.451741081943059,30.403485721248526,-25.3383273630287,39.447918087682133,0,1.4432899320127035e-15,3.5527136788005009e-15
5715.8137668192721,-23.579630718871844,33.020772141356183,0,0,-2.424474290600025,-1.0814109295986697e-08,6,6,-19.636337682581882,28.498555867232717,-27.522923755161806,37.542988415479648,9.0949470177292824e-13,2.4424906541753444e-15,0
5718.7122525022442,-25.76422727804885,31.115842450256316,0,0,-2.4244743328137339,-1.2968041146619782e-08,6,6,-21.820934432658415,26.59362600967183,-29.707520123439284,35.638058890840803,0,6.6613381477509392e-16,0
5721.6107381852144,-27.94882390470508,29.210912836553856,0,0,-2.4244743538193108,-1.5261326359764975e-09,6,6,-24.005531154306411,24.68869631313823,-31.892116655103749,33.733129359969482,0,1.3322676295501878e-15,0
5724.5092238681855,-30.133420539790432,27.305983232512535,0,0,-2.4244743416606815,9.9157752942451858e-09,6,6,-26.19012773440781,22.783766757041946,-34.076713345173054,31.828199707983124,9.0949470177292824e-13,1.9984014443252818e-15,0
5727.4077095511575,-32.318017120192849,25.401053565748871,0,0,-2.4244742970084516,1.8103602489301387e-08,6,6,-28.374724112883179,20.878837266355102,-36.261310127502519,29.92326986514264,9.0949470177292824e-13,7.7715611723760958e-16,0
5730.3061952341286,-34.502613613921035,23.496123799603577,0,0,-2.4244742611175236,6.6616925571365785e-09,6,6,-30.559320444304831,18.973907641738258,-38.445906783537239,28.018339957468896,0,1.7763568394002505e-15,0
5733.2046809170997,-36.687210070870577,21.591193991273428,0,0,-2.4244742583908128,-4.7802199086952079e-09,6,6,-32.743916888923593,17.068977844160326,-40.630503252817562,26.113410138386531,0,1.7763568394002505e-15,0
5736.1031666000708,-38.871806554210679,19.686264213214351,0,0,-2.4244742888283199,-1.6222130556444318e-08,6,6,-34.928513509908683,15.164047946077238,-42.815099598512674,24.208480480351461,0,1.5543122344752192e-15,0
5739.0016522830429,-41.05640312010722,17.781334529817997,0,0,-2.4244743364862713,-1.1797247698207588e-08,6,6,-37.113110291324794,13.259118074751621,-44.999695948889645,22.303550984884371,0,5.5511151231257827e-16,0
5741.9001379660131,-43.240999750528808,15.876404920430371,0,0,-2.4244743540983209,-3.5533953934329713e-10,6,6,-39.297707001391885,11.354188395914528,-47.18429249966573,20.398621444946215,0,2.6645352591003757e-15,0
5744.7986236489842,-45.425596382912779,13.971475313292405,0,0,-2.4244743385461645,1.1086568484376421e-08,6,6,-41.48230356344564,9.4492588501032682,-49.368889202379918,18.493691776481544,9.0949470177292824e-13,1.9984014443252818e-15,1.7763568394002505e-15
5747.6971093319562,-47.610192955403527,12.066545637460644,0,0,-2.4244742959784098,1.1754845439525028e-08,6,6,-43.666899943435787,7.5443293421286324,-51.553485967371266,16.588761932792654,0,2.1094237467877974e-15,1.7763568394002505e-15
5750.5955950149273,-49.794789459436572,10.161615883123824,0,0,-2.4244742701982105,6.0338906734191387e-09,6,6,-45.851496330885197,5.639399689450693,-53.738082587987947,14.683832076796955,0,4.4408920985006262e-16,0
5753.4940806978984,-51.979385930153327,8.2566860905808817,0,0,-2.4244742610001193,3.129347598765257e-10,6,6,-48.036092760006191,3.7344699331785214,-55.922679100300464,12.778902247983241,9.0949470177292824e-13,1.8873791418627661e-15,1.7763568394002505e-15
5756.3925663808695,-54.16398239914141,6.3517562960571636,0,0,-2.4244742683841372,-5.4080212131733241e-09,6,6,-50.220689262386401,1.8295401095374568,-58.10727553589642,10.873972482576871,0,2.55351295663786e-15,1.7763568394002505e-15
5759.2910520638416,-56.348578875001039,4.4468265094087442,0,0,-2.4244742620138724,2.024786986040485e-09,6,6,-52.405285709438317,-0.075389651991143003,-60.29187204056376,8.9690426708086317,0,1.3322676295501878e-15,1.7763568394002505e-15
5762.1895377468118,-58.533175341195005,2.5418967116793336,0,0,-2.4244742644361112,-3.696169126831407e-09,6,6,-54.589882186586166,-1.9803194592721505,-62.476468495803843,7.0641128826308179,0,1.3322676295501878e-15,8.8817841970012523e-16
5765.0880234297829,-60.717771827797201,0.63696693735400389,0,0,-2.4244742834404587,-9.4171245368194362e-09,6,6,-56.774478759130133,-3.8852493085371922,-64.661064896464268,5.1591831832452,0,8.8817841970012523e-16,4.4408920985006262e-16
5767.9865091127549,-62.902368367920552,-1.2679627755926624,0,0,-2.4244743226465473,-1.5762011251745378e-08,6,6,-58.959075476551902,-5.7901791760849521,-66.845661259289201,3.2542536248996274,0,1.3322676295501878e-15,1.3322676295501878e-15
5770.884994795726,-65.086964982926958,-3.1728924026646164,0,0,-2.4244743517504053,-4.3201019669990639e-09,6,6,-61.143672223172253,-7.6951089179219405,-69.03025774268167,1.3493241125927082,0,2.2204460492503131e-16,4.4408920985006262e-16
5773.7834804786971,-67.2715616217845,-5.0778220023799001,0,0,-2.4244743476900563,7.1218056746675186e-09,6,6,-63.328268843668013,-9.600038501626079,-71.214854399900986,-0.55560550313372059,0,1.5543122344752192e-15,8.8817841970012523e-16
5776.6819661616682,-69.456158221321417,-6.9827516471921998,0,0,-2.4244743104654991,1.8563716024988616e-08,6,6,-65.512865274867423,-11.504967999651049,-73.39945116777541,-2.4605352947333508,0,2.4424906541753444e-15,1.7763568394002505e-15
5779.5804518446394,-71.640754744438709,-8.8876813796403962,0,0,-2.4244742772539301,8.0162724893090442e-09,6,6,-67.697461647794825,-13.409897601136297,-75.584047841082594,-4.3654651581444952,0,1.1102230246251565e-16,0
5782.4789375276105,-73.82535122312089,-10.792611163043539,0,0,-2.4244742623099329,2.2953168995890386e-09,6,6,-69.882058058897016,-15.314827325610878,-77.768644387344764,-6.2703950004761992,0,4.5519144009631418e-15,3.5527136788005009e-15
5785.3774232105816,-76.009947689133,-12.697540960983572,0,0,-2.4244742639480443,-3.4256391266300371e-09,6,6,-72.066654532317017,-17.219757130010464,-79.953240845948983,-8.1753247919566796,9.0949470177292824e-13,1.1102230246251565e-15,1.7763568394002505e-15
5788.2759088935536,-78.198246339876107,-14.598200978259792,0,0,-2.432504260940159,-0.0046676754996495696,6,6,-74.291393307810878,-19.151935641790669,-82.105099371941336,-10.044466314728915,9.0949470177292824e-13,3.3306690738754696e-15,3.5527136788005009e-15
5791.1743945765247,-80.404746309806526,-16.477712266366748,0,0,-2.4363817313635758,0.0019895803757394815,6,6,-76.515579574265516,-21.04656136686911,-84.293913045347537,-11.908863165864384,9.0949470177292824e-13,1.3322676295501878e-15,0
5794.0728802594958,-82.60034025884562,-18.369910903034956,0,0,-2.4209495838437549,0.0086675448396352547,6,6,-78.641132264144062,-22.878200163352144,-86.559548253547177,-13.861621642717768,0,6.6613381477509392e-16,0
5796.9713659424669,-84.747595000000004,-20.316616,0,0,-2.3860839822632789,-0.0084121088874142842,6,6,-80.633640814987686,-24.684153173696366,-88.861549185012322,-15.949078826303634,8.7081373722201615e-15,7.8825834748386114e-15,0
