schema_version,time_s,step,position_x_m,position_y_m,yaw_rad,yaw_rate_rad_s,vx_m_s,vy_m_s,speed_m_s,steering_angle_rad,throttle,brake,longitudinal_accel_m_s2,lateral_accel_m_s2,track_s_m,unwrapped_track_s_m,track_progress_fraction,lateral_error_m,heading_error_rad,reference_curvature_1_m,target_speed_m_s,speed_error_m_s,lap_number,lap_elapsed_time_s,sector_index,on_track,friction_utilization_fl,friction_utilization_fr,friction_utilization_rl,friction_utilization_rr
4,0,0,0,0,0,0,20,0,20,0,0,-0,-0.22949188053691275,0,0,0,0,0,0,0,20,0,0,0,0,1,0,0,0,0
4,0.0050000000000000001,1,0.099997131044410811,0,0,0,19.998852429861756,0,19.998852429861756,0,2.2425000000000003e-05,-0,-0.22947746863243942,0,0.099997131044410811,0.099997131044410811,0.00033332377014803606,0,0,0,20,0.0011475701382437364,0,0.0050000000000000001,0,1,0,0,2.5674224593863085e-05,2.5674224593863085e-05
4,0.01,2,0.19998852588344379,0,0,0,19.997705810378267,0,19.997705810378267,0,8.9400000000000005e-05,-0,-0.22911201977187792,0,0.19998852588344379,0.19998852588344379,0.0006666284196114793,0,0,0,20,0.0022941896217325564,0,0.01,0,1,0,0,0.0001022219422569469,0.0001022219422569469
4,0.014999999999999999,3,0.29997419364828243,0,0,0,19.996561890696981,0,19.996561890696981,0,0.00020047500000000001,-0,-0.22839795332855722,0,0.29997419364828243,0.29997419364828243,0.000999913978827608,0,0,0,20,0.0034381093030191323,0,0.014999999999999999,0,1,0,0,0.00022891887613553258,0.00022891887613553258
4,0.02,4,0.39995415218548969,0,0,0,19.995422407798205,0,19.995422407798205,0,0.00035519999999999996,-0,-0.22733771748752502,0,0.39995415218548969,0.39995415218548969,0.0013331805072849656,0,0,0,20,0.0045775922017945447,0,0.02,0,1,0,0,0.0004050285263325093,0.0004050285263325093
4,0.025000000000000001,5,0.49992842799579484,0,0,0,19.994289086340775,0,19.994289086340775,0,0.00055312500000000012,-0,-0.22593379330518651,0,0.49992842799579484,0.49992842799579484,0.0016664280933193162,0,0,0,20,0.0057109136592252696,0,0.025000000000000001,0,1,0,0,0.00062980645802961359,0.00062980645802961359
4,0.029999999999999999,6,0.59989705617205913,0,0,0,19.993163638488255,0,19.993163638488255,0,0.0007938,-0,-0.22418869841706643,0,0.59989705617205913,0.59989705617205913,0.0019996568539068639,0,0,0,20,0.0068363615117448262,0,0.029999999999999999,0,1,0,0,0.0009025043557236421,0.0009025043557236421
4,0.035000000000000003,7,0.69986008033632829,0,0,0,19.99204776371753,0,19.99204776371753,0,0.0010767750000000003,-0,-0.22210499039448348,0,0.69986008033632829,0.69986008033632829,0.0023328669344544277,0,0,0,20,0.0079522362824704373,0,0.035000000000000003,0,1,0,0,0.0012223738150967923,0.0012223738150967923
4,0.040000000000000001,8,0.7998175525758866,0,0,0,19.990943148611439,0,19.990943148611439,0,0.0014016,-0,-0.2196852697524859,0,0.7998175525758866,0.7998175525758866,0.0026660585085862888,0,0,0,20,0.009056851388560716,0,0.040000000000000001,0,1,0,0,0.0015886698497733841,0.0015886698497733841
4,0.044999999999999998,9,0.89976953337823873,0,0,0,19.989851466637276,0,19.989851466637276,0,0.0017678249999999998,-0,-0.21693218261286326,0,0.89976953337823873,0.89976953337823873,0.0029992317779274622,0,0,0,20,0.010148533362723811,0,0.044999999999999998,0,1,0,0,0.002000654095671287,0.002000654095671287
4,0.050000000000000003,10,0.99971609156495167,0,0,0,19.988774377912797,0,19.988774377912797,0,0.0021750000000000003,-0,-0.21384842302741963,0,0.99971609156495167,0.99971609156495167,0.0033323869718831721,0,0,0,20,0.01122562208720268,0,0.050000000000000003,0,1,0,0,0.0024575977007714501,0.0024575977007714501
4,0.055,11,1.0996573042242994,0,0,0,19.987713528961457,0,19.987713528961457,0,0.0026226750000000001,-0,-0.21043673496797344,0,1.0996573042242994,1.0996573042242994,0.0036655243474143315,0,0,0,20,0.012286471038542857,0,0.055,0,1,0,0,0.0029587838928549883,0.0029587838928549883
4,0.059999999999999998,12,1.1995932566426601,0,0,0,19.98667055245852,0,19.98667055245852,0,0.0031103999999999997,-0,-0.20669991399072737,0,1.1995932566426601,1.1995932566426601,0.003998644188808867,0,0,0,20,0.013329447541480022,0,0.059999999999999998,0,1,0,0,0.0035035102220618095,0.0035035102220618095
4,0.065000000000000002,13,1.2995240422346248,0,0,0,19.985647066969637,0,19.985647066969637,0,0.0036377250000000001,-0,-0.20264080858374103,0,1.2995240422346248,1.2995240422346248,0.0043317468074487494,0,0,0,20,0.014352933030362891,0,0.065000000000000002,0,1,0,0,0.0040910904789895168,0.0040910904789895168
4,0.070000000000000007,14,1.3994497624717821,0,0,0,19.984644676683462,0,19.984644676683462,0,0.0042042000000000008,-0,-0.19826232120722417,0,1.3994497624717821,1.3994497624717821,0.0046648325415726069,0,0,0,20,0.01535532331653755,0,0.070000000000000007,0,1,0,0,0.0047208562924706283,0.0047208562924706283
4,0.074999999999999997,15,1.499370526810156,0,0,0,19.983664971139802,0,19.983664971139802,0,0.0048093750000000003,-0,-0.19356740903726652,0,1.499370526810156,1.499370526810156,0.0049979017560338535,0,0,0,20,0.016335028860197554,0,0.074999999999999997,0,1,0,0,0.0053921584141447257,0.0053921584141447257
4,0.080000000000000002,16,1.5992864526162753,0,0,0,19.982709524954789,0,19.982709524954789,0,0.0054527999999999998,-0,-0.18855908442441707,0,1.5992864526162753,1.5992864526162753,0.0053309548420542507,0,0,0,20,0.017290475045211195,0,0.080000000000000002,0,1,0,0,0.0061043676994939041,0.0061043676994939041
4,0.085000000000000006,17,1.6991976650918641,0,0,0,19.981779897544417,0,19.981779897544417,0,0.0061340250000000004,-0,-0.18324041507923536,0,1.6991976650918641,1.6991976650918641,0.0056639922169728803,0,0,0,20,0.018220102455583032,0,0.085000000000000006,0,1,0,0,0.0068568757971555093,0.0068568757971555093
4,0.089999999999999997,18,1.7991042971971498,0,0,0,19.980877632847832,0,19.980877632847832,0,0.0068525999999999995,-0,-0.17761452399755168,0,1.7991042971971498,1.7991042971971498,0.0059970143239904995,0,0,0,20,0.019122367152167641,0,0.089999999999999997,0,1,0,0,0.0076490955600918399,0.0076490955600918399
4,0.095000000000000001,19,1.8990064895727887,0,0,0,19.980004259051615,0,19.980004259051615,0,0.0076080749999999997,-0,-0.17168458913870097,0,1.8990064895727887,1.8990064895727887,0.0063300216319092956,0,0,0,20,0.019995740948385077,0,0.095000000000000001,0,1,0,0,0.0084804611936121592,0.0084804611936121592
4,0.10000000000000001,20,1.9989043904604176,0,0,0,19.979161288316249,0,19.979161288316249,0,0.0084000000000000012,-0,-0.16545384287043491,0,1.9989043904604176,1.9989043904604176,0.0066630146348680584,0,0,0,20,0.020838711683751399,0,0.10000000000000001,0,1,0,0,0.0093504281563402021,0.0093504281563402021
4,0.105,21,2.0987981556218469,0,0,0,19.978350216505923,0,19.978350216505923,0,0.0092279249999999979,-0,-0.15892557119457368,0,2.0987981556218469,2.0987981556218469,0.0069959938520728227,0,0,0,20,0.021649783494076758,0,0.105,0,1,0,0,0.010258472831034036,0.010258472831034036
4,0.11,22,2.1986879482569126,0,0,0,19.977572522922738,0,19.977572522922738,0,0.010091399999999999,-0,-0.15210311276773275,0,2.1986879482569126,2.1986879482569126,0.0073289598275230418,0,0,0,20,0.022427477077261671,0,0.11,0,1,0,0,0.011204091982727897,0.011204091982727897
4,0.115,23,2.2985739389200117,0,0,0,19.976829670046271,0,19.976829670046271,0,0.010989974999999999,-0,-0.14498985773165743,0,2.2985739389200117,2.2985739389200117,0.0076619131297333727,0,0,0,20,0.023170329953728697,0,0.115,0,1,0,0,0.012186802022010262,0.012186802022010262
4,0.12,24,2.3984563054353525,0,0,0,19.976123103279448,0,19.976123103279448,0,0.011923199999999998,-0,-0.13758924636781841,0,2.3984563054353525,2.3984563054353525,0.0079948543514511746,0,0,0,20,0.023876896720551599,0,0.12,0,1,0,0,0.013206138091410517,0.013206138091410517
4,0.125,25,2.4983352328109496,0,0,0,19.975454250701542,0,19.975454250701542,0,0.012890624999999999,-0,-0.12990476759097344,0,2.4983352328109496,2.4983352328109496,0.0083277841093698322,0,0,0,20,0.024545749298457764,0,0.125,0,1,0,0,0.014261652992866575,0.014261652992866575
4,0.13,26,2.5982109131514051,0,0,0,19.974824522829092,0,19.974824522829092,0,0.013891800000000001,-0,-0.12193995729637963,0,2.5982109131514051,2.5982109131514051,0.008660703043838017,0,0,0,20,0.025175477170908067,0,0.13,0,1,0,0,0.015352915974115439,0.015352915974115439
4,0.13500000000000001,27,2.6980835455695145,0,0,0,19.974235312385392,0,19.974235312385392,0,0.014926275000000001,-0,-0.11369839657525983,0,2.6980835455695145,2.6980835455695145,0.0089936118185650477,0,0,0,20,0.025764687614607595,0,0.13500000000000001,0,1,0,0,0.016479511391611298,0.016479511391611298
4,0.14000000000000001,28,2.7979533360967443,0,0,0,19.973687994079238,0,19.973687994079238,0,0.0159936,-0,-0.10518370981298328,0,2.7979533360967443,2.7979533360967443,0.009326511120322482,0,0,0,20,0.02631200592076155,0,0.14000000000000001,0,1,0,0,0.017641037267252968,0.017641037267252968
4,0.14499999999999999,29,2.8978204975926256,0,0,0,19.973183924393421,0,19.973183924393421,0,0.017093324999999996,-0,-0.096399562684219314,0,2.8978204975926256,2.8978204975926256,0.0096594016586420851,0,0,0,20,0.026816075606578949,0,0.14499999999999999,0,1,0,0,0.018837103755812649,0.018837103755812649
4,0.14999999999999999,30,2.997685249653117,0,0,0,19.972724441383477,0,19.972724441383477,0,0.018224999999999998,-0,-0.087349660059070022,0,2.997685249653117,2.997685249653117,0.0099922841655103907,0,0,0,20,0.027275558616523199,0,0.14999999999999999,0,1,0,0,0.020067331539516536,0.020067331539516536
4,0.155,31,3.0975478185179872,0,0,0,19.97231086448711,0,19.97231086448711,0,0.019388174999999997,-0,-0.078037743833886508,0,3.0975478185179872,3.0975478185179872,0.010325159395059957,0,0,0,20,0.027689135512890317,0,0.155,0,1,0,0,0.021331350165747481,0.021331350165747481
4,0.16,32,3.1974084369772728,0,0,0,19.971944494344619,0,19.971944494344619,0,0.020582400000000001,-0,-0.068467590700122608,0,3.1974084369772728,3.1974084369772728,0.010658028123257576,0,0,0,20,0.028055505655380841,0,0.16,0,1,0,0,0.022628796343331221,0.022628796343331221
4,0.16500000000000001,33,3.2972673442768654,0,0,0,19.971626612630594,0,19.971626612630594,0,0.021807225,-0,-0.058643009864193692,0,3.2972673442768654,3.2972673442768654,0.010990891147589551,0,0,0,20,0.028373387369406089,0,0.16500000000000001,0,1,0,0,0.023959312212337328,0.023959312212337328
4,0.17000000000000001,34,3.3971247860232854,0,0,0,19.971358481897131,0,19.971358481897131,0,0.023062200000000008,-0,-0.048567840730879518,0,3.3971247860232854,3.3971247860232854,0.011323749286744284,0,0,0,20,0.028641518102869412,0,0.17000000000000001,0,1,0,0,0.025322543601781145,0.025322543601781145
4,0.17500000000000002,35,3.4969810140877033,0,0,0,19.971141345428677,0,19.971141345428677,0,0.024346875000000004,-0,-0.038245950562350077,0,3.4969810140877033,3.4969810140877033,0.011656603380292344,0,0,0,20,0.028858654571322973,0,0.17500000000000002,0,1,0,0,0.026718138289055088,0.026718138289055088
4,0.17999999999999999,36,3.5968362865092622,0,0,0,19.970976427108628,0,19.970976427108628,0,0.025660800000000001,-0,-0.027681232124401899,0,3.5968362865092622,3.5968362865092622,0.011989454288364208,0,0,0,20,0.02902357289137214,0,0.17999999999999999,0,1,0,0,0.028145744274350449,0.028145744274350449
4,0.185,37,3.6966908673977636,0,0,0,19.970864931297704,0,19.970864931297704,0,0.027003524999999997,-0,-0.016877601330977841,0,3.6966908673977636,3.6966908673977636,0.01232230289132588,0,0,0,20,0.029135068702295541,0,0.185,0,1,0,0,0.029605008082753112,0.029605008082753112
4,0.19,38,3.7965450268357746,0,0,0,19.970808042724073,0,19.970808042724073,0,0.0283746,-0,-0.0058389948975001932,0,3.7965450268357746,3.7965450268357746,0.012655150089452581,0,0,0,20,0.029191957275926939,0,0.19,0,1,0,0,0.031095573106108595,0.031095573106108595
4,0.19500000000000001,39,3.8963990407802149,0,0,0,19.97080692638518,0,19.97080692638518,0,0.029773575,-0,0.0054306319870076033,0,3.8963990407802149,3.8963990407802149,0.012987996802600717,0,0,0,20,0.029193073614820264,0,0.19500000000000001,0,1,0,0,0.032617077996150767,0.032617077996150767
4,0.20000000000000001,40,3.9962531909634817,0,0,0,19.970862727461139,0,19.970862727461139,0,0.031200000000000006,-0,0.016927307959614578,0,3.9962531909634817,3.9962531909634817,0.013320843969878272,0,0,0,20,0.029137272538861225,0,0.20000000000000001,0,1,0,0,0.034169155119773448,0.034169155119773448
4,0.20500000000000002,41,4.096107764794171,0,0,0,19.970976573391585,0,19.970976573391585,0,0.032653425000000007,-0,0.028649602105085749,0,4.096107764794171,4.096107764794171,0.013653692549313904,0,0,0,20,0.029023426608414837,0,0.20500000000000002,0,1,0,0,0.035751429903161304,0.035751429903161304
4,0.20999999999999999,42,4.1959630553419602,0,0,0,19.971149602852297,0,19.971149602852297,0,0.034133399999999994,-0,0.040598188853751743,0,4.1959630553419602,4.1959630553419602,0.013986543517806534,0,0,0,20,0.028850397147703433,0,0.20999999999999999,0,1,0,0,0.037363531518543658,0.037363531518543658
4,0.215,43,4.2958193612903743,0,0,0,19.971382912003502,0,19.971382912003502,0,0.03563947499999999,-0,0.052760809756851802,0,4.2958193612903743,4.2958193612903743,0.014319397870967915,0,0,0,20,0.028617087996497759,0,0.215,0,1,0,0,0.039005072331133199,0.039005072331133199
4,0.22,44,4.3956769866965804,0,0,0,19.971677560988674,0,19.971677560988674,0,0.037171200000000001,-0,0.065133454187590062,0,4.3956769866965804,4.3956769866965804,0.014652256622321934,0,0,0,20,0.028322439011326139,0,0.22,0,1,0,0,0.040675647004973996,0.040675647004973996
4,0.22500000000000001,45,4.4955362408683381,0,0,0,19.972034589903672,0,19.972034589903672,0,0.038728125000000002,-0,0.077712113946349512,0,4.4955362408683381,4.4955362408683381,0.01498512080289446,0,0,0,20,0.027965410096328469,0,0.22500000000000001,0,1,0,0,0.042374837066181399,0.042374837066181399
4,0.23000000000000001,46,4.5953974382637979,0,0,0,19.972455018812113,0,19.972455018812113,0,0.0403098,-0,0.090492784543820592,0,4.5953974382637979,4.5953974382637979,0.015317991460879326,0,0,0,20,0.027544981187887174,0,0.23000000000000001,0,1,0,0,0.044102209898425622,0.044102209898425622
4,0.23500000000000001,47,4.6952608983913917,0,0,0,19.972939847766977,0,19.972939847766977,0,0.041915775000000002,-0,0.10347146641014277,0,4.6952608983913917,4.6952608983913917,0.015650869661304637,0,0,0,20,0.02706015223302316,0,0.23500000000000001,0,1,0,0,0.045857317864149337,0.045857317864149337
4,0.23999999999999999,48,4.7951269457098453,0,0,0,19.97349005683807,0,19.97349005683807,0,0.043545599999999997,-0,0.11664416602970672,0,4.7951269457098453,4.7951269457098453,0.015983756485699486,0,0,0,20,0.026509943161929783,0,0.23999999999999999,0,1,0,0,0.047639697556748288,0.047639697556748288
4,0.245,49,4.894995909528344,0,0,0,19.974106606144989,0,19.974106606144989,0,0.045198824999999991,-0,0.13000689700147303,0,4.894995909528344,4.894995909528344,0.016316653031761146,0,0,0,20,0.025893393855010771,0,0.245,0,1,0,0,0.049448869187993197,0.049448869187993197
4,0.25,50,4.9948681239068735,0,0,0,19.974790435895173,0,19.974790435895173,0,0.046875,-0,0.14355568102487054,0,4.9948681239068735,4.9948681239068735,0.016649560413022912,0,0,0,20,0.025209564104827109,0,0.25,0,1,0,0,0.051284336113990595,0.051284336113990595
4,0.255,51,5.094743927556765,0,0,0,19.975542466426724,0,19.975542466426724,0,0.048573675000000004,-0,0.15728654881153017,0,5.094743927556765,5.094743927556765,0.016982479758522549,0,0,0,20,0.02445753357327618,0,0.255,0,1,0,0,0.053145584501974312,0.053145584501974312
4,0.26000000000000001,52,5.1946236637414636,0,0,0,19.976363598255599,0,19.976363598255599,0,0.050294400000000003,-0,0.17119554092330277,0,5.1946236637414636,5.1946236637414636,0.017315412212471546,0,0,0,20,0.02363640174440107,0,0.26000000000000001,0,1,0,0,0.055032083139191029,0.055032083139191029
4,0.26500000000000001,53,5.2945076801775448,0,0,0,19.977254712126797,0,19.977254712126797,0,0.052036725000000006,-0,0.18527870853718606,0,5.2945076801775448,5.2945076801775448,0.017648358933925148,0,0,0,20,0.022745287873203068,0,0.26500000000000001,0,1,0,0,0.056943283384098965,0.056943283384098965
4,0.27000000000000002,54,5.3943963289359953,0,0,0,19.978216669069198,0,19.978216669069198,0,0.053800200000000006,-0,0.19953211413796382,0,5.3943963289359953,5.3943963289359953,0.017981321096453319,0,0,0,20,0.021783330930801981,0,0.27000000000000002,0,1,0,0,0.058878619259045466,0.058878619259045466
4,0.27500000000000002,55,5.4942899663437768,0,0,0,19.979250310453683,0,19.979250310453683,0,0.055584375000000012,-0,0.21395183213952187,0,5.4942899663437768,5.4942899663437768,0.01831429988781259,0,0,0,20,0.020749689546317285,0,0.27500000000000002,0,1,0,0,0.060837507682532793,0.060837507682532793
4,0.28000000000000003,56,5.5941889528856867,0,0,0,19.980356458054189,0,19.980356458054189,0,0.057388800000000004,-0,0.22853394943596758,0,5.5941889528856867,5.5941889528856867,0.018647296509618955,0,0,0,20,0.019643541945811194,0,0.28000000000000003,0,1,0,0,0.062819348838131756,0.062819348838131756
4,0.28500000000000003,57,5.694093653106532,0,0,0,19.98153591411134,0,19.98153591411134,0,0.059213025000000002,-0,0.24327456588382865,0,5.694093653106532,5.694093653106532,0.018980312177021775,0,0,0,20,0.018464085888659554,0,0.28500000000000003,0,1,0,0,0.064823526676069096,0.064823526676069096
4,0.28999999999999998,58,5.7940044355136262,0,0,0,19.98278946139833,0,19.98278946139833,0,0.061056599999999989,-0,0.25816979471674995,0,5.7940044355136262,5.7940044355136262,0.019313348118378756,0,0,0,20,0.017210538601670322,0,0.28999999999999998,0,1,0,0,0.066849409542503666,0.066849409542503666
4,0.29499999999999998,59,5.8939216724796211,0,0,0,19.984117863288702,0,19.984117863288702,0,0.062919074999999991,-0,0.27321576289424604,0,5.8939216724796211,5.8939216724796211,0.019646405574932069,0,0,0,20,0.01588213671129779,0,0.29499999999999998,0,1,0,0,0.068896350930533812,0.068896350930533812
4,0.29999999999999999,60,5.9938457401456811,0,0,0,19.985521863825717,0,19.985521863825717,0,0.064799999999999996,-0,0.28840861138618878,0,5.9938457401456811,5.9938457401456811,0.019979485800485603,0,0,0,20,0.014478136174282952,0,0.29999999999999999,0,1,0,0,0.070963690346046396,0.070963690346046396
4,0.30499999999999999,61,6.0937770183250084,0,0,0,19.987002187792989,0,19.987002187792989,0,0.066698924999999992,-0,0.30374449539483828,0,6.0937770183250084,6.0937770183250084,0.020312590061083362,0,0,0,20,0.01299781220701135,0,0.30499999999999999,0,1,0,0,0.073050754280645822,0.073050754280645822
4,0.31,62,6.1937158904067235,0,0,0,19.988559540786067,0,19.988559540786067,0,0.068615399999999993,-0,0.3192195845163307,0,6.1937158904067235,6.1937158904067235,0.020645719634689079,0,0,0,20,0.011440459213932996,0,0.31,0,1,0,0,0.075156857283089989,0.075156857283089989
4,0.315,63,6.2936627432601044,0,0,0,19.990194609686249,0,19.990194609686249,0,0.070548975,-0,0.33483053980238486,0,6.2936627432601044,6.2936627432601044,0.020978875810867013,0,0,0,20,0.0098053903137511611,0,0.315,0,1,0,0,0.077281775626658111,0.077281775626658111
4,0.32000000000000001,64,6.3936179671535909,0,0,0,19.991908067264269,0,19.991908067264269,0,0.0724992,-0,0.35057401937089089,0,6.3936179671535909,6.3936179671535909,0.021312059890511971,0,0,0,20,0.0080919327357307225,0,0.32000000000000001,0,1,0,0,0.079425305559055928,0.079425305559055928
4,0.32500000000000001,65,6.4935819556627399,0,0,0,19.993700562027303,0,19.993700562027303,0,0.074465625000000008,-0,0.36644478881672177,0,6.4935819556627399,6.4935819556627399,0.021645273185542466,0,0,0,20,0.0062994379726966088,0,0.32500000000000001,0,1,0,0,0.081585295496784935,0.081585295496784935
4,0.33000000000000002,66,6.5935551055489929,0,0,0,19.995572721064036,0,19.995572721064036,0,0.076447799999999996,-0,0.38243910665216069,0,6.5935551055489929,6.5935551055489929,0.021978517018496645,0,0,0,20,0.0044272789359638409,0,0.33000000000000002,0,1,0,0,0.083761018065526868,0.083761018065526868
4,0.33500000000000002,67,6.6935378166625359,0,0,0,19.997525152797206,0,19.997525152797206,0,0.078445275000000009,-0,0.39855324790455054,0,6.6935378166625359,6.6935378166625359,0.022311792722208453,0,0,0,20,0.0024748472027944501,0,0.33500000000000002,0,1,0,0,0.085951745766771087,0.085951745766771087
4,0.34000000000000002,68,6.7935304918491726,0,0,0,19.999558447064913,0,19.999558447064913,0,0.080457600000000004,-0,0.41478350359986838,0,6.7935304918491726,6.7935304918491726,0.022645101639497241,0,0,0,20,0.00044155293508651994,0,0.34000000000000002,0,1,0,0,0.088156752390054036,0.088156752390054036
4,0.34500000000000003,69,6.8935335368576016,0,0,0,20.001673175199237,0,20.001673175199237,0,0.082484325000000011,-0,0.43112618020898852,0,6.8935335368576016,6.8935335368576016,0.022978445122858671,0,0,0,20,-0.0016731751992367094,0,0.34500000000000003,0,1,0,0,0.090375314392578565,0.090375314392578565
4,0.35000000000000003,70,6.9935473602470744,0,0,0,20.003869890102003,0,20.003869890102003,0,0.084525000000000017,-0,0.4475775990609836,0,6.9935473602470744,6.9935473602470744,0.023311824534156915,0,0,0,20,-0.003869890102002671,0,0.35000000000000003,0,1,0,0,0.092606712236408012,0.092606712236408012
4,0.35499999999999998,71,7.0935723732954283,0,0,0,20.006149126317553,0,20.006149126317553,0,0.086579175000000008,-0,0.46413409572771464,0,7.0935723732954283,7.0935723732954283,0.023645241244318094,0,0,0,20,-0.0061491263175526001,0,0.35499999999999998,0,1,0,0,0.094850231674087196,0.094850231674087196
4,0.35999999999999999,72,7.1936089899116071,0,0,0,20.008511402893912,0,20.008511402893912,0,0.0886464,-0,0.4807933869928851,0,7.1936089899116071,7.1936089899116071,0.023978696633038692,0,0,0,20,-0.0085114028939123898,0,0.35999999999999999,0,1,0,0,0.097106865229348055,0.097106865229348055
4,0.36499999999999999,73,7.2936576265666604,0,0,0,20.010957223809339,0,20.010957223809339,0,0.09072622499999998,-0,0.49755101010753622,0,7.2936576265666604,7.2936576265666604,0.024312192088555534,0,0,0,20,-0.010957223809338501,0,0.36499999999999999,0,1,0,0,0.09937497185530153,0.09937497185530153
4,0.37,74,7.3937187021935307,0,0,0,20.013487070250495,0,20.013487070250495,0,0.092818199999999976,-0,0.51440298759100445,0,7.3937187021935307,7.3937187021935307,0.024645729007311767,0,0,0,20,-0.013487070250494781,0,0.37,0,1,0,0,0.10165344672782461,0.10165344672782461
4,0.375,75,7.4937926380840478,0,0,0,20.016101404853817,0,20.016101404853817,0,0.094921875000000003,-0,0.53134566724263987,0,7.4937926380840478,7.4937926380840478,0.024979308793613493,0,0,0,20,-0.016101404853817058,0,0.375,0,1,0,0,0.10394157273792629,0.10394157273792629
4,0.38,76,7.5938798577976181,0,0,0,20.018800672023797,0,20.018800672023797,0,0.097036800000000006,-0,0.54837540840893051,0,7.5938798577976181,7.5938798577976181,0.025312932859325395,0,0,0,20,-0.018800672023797205,0,0.38,0,1,0,0,0.10623864017177258,0.10623864017177258
4,0.38500000000000001,77,7.6939807870702088,0,0,0,20.021585297989567,0,20.021585297989567,0,0.099162524999999987,-0,0.56548858152015713,0,7.6939807870702088,7.6939807870702088,0.025646602623567362,0,0,0,20,-0.021585297989567209,0,0.38500000000000001,0,1,0,0,0.1085439479612221,0.1085439479612221
4,0.39000000000000001,78,7.7940958537236087,0,0,0,20.024455690859114,0,20.024455690859114,0,0.1012986,-0,0.58268156760592626,0,7.7940958537236087,7.7940958537236087,0.025980319512412028,0,0,0,20,-0.024455690859113588,0,0.39000000000000001,0,1,0,0,0.11085680486348337,0.11085680486348337
4,0.39500000000000002,79,7.8942254875749525,0,0,0,20.027412240671026,0,20.027412240671026,0,0.10344457500000002,-0,0.59995075779215246,0,7.8942254875749525,7.8942254875749525,0.026314084958583176,0,0,0,20,-0.027412240671026211,0,0.39500000000000002,0,1,0,0,0.11317653056238652,0.11317653056238652
4,0.40000000000000002,80,7.9943701203464954,0,0,0,20.030455319443682,0,20.030455319443682,0,0.10560000000000003,-0,0.61729255278205386,0,7.9943701203464954,7.9943701203464954,0.026647900401154986,0,0,0,20,-0.030455319443682072,0,0.40000000000000002,0,1,0,0,0.11550245668460926,0.11550245668460926
4,0.40500000000000003,81,8.0945301855756338,0,0,0,20.033585281221818,0,20.033585281221818,0,0.10776442500000002,-0,0.63470336232366431,0,8.0945301855756338,8.0945301855756338,0.026981767285252114,0,0,0,20,-0.033585281221817809,0,0.40500000000000003,0,1,0,0,0.11783392772508104,0.11783392772508104
4,0.41000000000000003,82,8.1947061185251435,0,0,0,20.036802462120384,0,20.036802462120384,0,0.1099374,-0,0.65217960466632896,0,8.1947061185251435,8.1947061185251435,0.027315687061750478,0,0,0,20,-0.036802462120384405,0,0.41000000000000003,0,1,0,0,0.12017030187670373,0.12017030187670373
4,0.41500000000000004,83,8.2948983560936398,0,0,0,20.040107180365691,0,20.040107180365691,0,0.11211847500000001,-0,0.66971770600860481,0,8.2948983560936398,8.2948983560936398,0.027649661186978799,0,0,0,20,-0.040107180365691164,0,0.41500000000000004,0,1,0,0,0.12251095176045884,0.12251095176045884
4,0.41999999999999998,84,8.395107336726225,0,0,0,20.043499736333743,0,20.043499736333743,0,0.11430719999999998,-0,0.68731409993991788,0,8.395107336726225,8.395107336726225,0.027983691122420749,0,0,0,20,-0.043499736333743044,0,0.41999999999999998,0,1,0,0,0.12485526505290838,0.12485526505290838
4,0.42499999999999999,85,8.4953335003253319,0,0,0,20.046980412585807,0,20.046980412585807,0,0.11650312499999997,-0,0.70496522687827734,0,8.4953335003253319,8.4953335003253319,0.028317778334417773,0,0,0,20,-0.046980412585806874,0,0.42499999999999999,0,1,0,0,0.12720264500902959,0.12720264500902959
4,0.42999999999999999,86,8.5955772881617314,0,0,0,20.050549473901128,0,20.050549473901128,0,0.11870579999999999,-0,0.72266753350626711,0,8.5955772881617314,8.5955772881617314,0.028651924293872439,0,0,0,20,-0.050549473901128295,0,0.42999999999999999,0,1,0,0,0.12955251087924249,0.12955251087924249
4,0.435,87,8.6958391427856991,0,0,0,20.05420716730686,0,20.05420716730686,0,0.12091477499999999,-0,0.7404174722074669,0,8.6958391427856991,8.6958391427856991,0.028986130475952332,0,0,0,20,-0.054207167306859816,0,0.435,0,1,0,0,0.13190429822038424,0.13190429822038424
4,0.44,88,8.7961195079383234,0,0,0,20.057953722105147,0,20.057953722105147,0,0.12312960000000001,-0,0.75821150050537878,0,8.7961195079383234,8.7961195079383234,0.029320398359794411,0,0,0,20,-0.05795372210514671,0,0.44,0,1,0,0,0.13425745910124687,0.13425745910124687
4,0.44500000000000001,89,8.8964188284629397,0,0,0,20.061789349897445,0,20.061789349897445,0,0.125349825,-0,0.77604608050683799,0,8.8964188284629397,8.8964188284629397,0.029654729428209799,0,0,0,20,-0.061789349897445334,0,0.44500000000000001,0,1,0,0,0.13661146220411632,0.13661146220411632
4,0.45000000000000001,90,8.9967375502166878,0,0,0,20.06571424460606,0,20.06571424460606,0,0.12757500000000002,-0,0.79391767835181704,0,8.9967375502166878,8.9967375502166878,0.029989125167388959,0,0,0,20,-0.06571424460605968,0,0.45000000000000001,0,1,0,0,0.13896579282452726,0.13896579282452726
4,0.45500000000000002,91,9.0970761199821588,0,0,0,20.069728582492939,0,20.069728582492939,0,0.12980467499999998,-0,0.81182276367142236,0,9.0970761199821588,9.0970761199821588,0.030323587066607195,0,0,0,20,-0.069728582492938784,0,0.45500000000000002,0,1,0,0,0.14131995277216805,0.14131995277216805
4,0.46000000000000002,92,9.197434985379136,0,0,0,20.07383252217581,0,20.07383252217581,0,0.1320384,-0,0.82975780905580399,0,9.197434985379136,9.197434985379136,0.030658116617930452,0,0,0,20,-0.073832522175809601,0,0.46000000000000002,0,1,0,0,0.14367346017653745,0.14367346017653745
4,0.46500000000000002,93,9.2978145947764119,0,0,0,20.078026204641656,0,20.078026204641656,0,0.13427572499999998,-0,0.84771928953358466,0,9.2978145947764119,9.2978145947764119,0.030992715315921373,0,0,0,20,-0.078026204641655994,0,0.46500000000000002,0,1,0,0,0.14602584920155404,0.14602584920155404
4,0.47000000000000003,94,9.3982153972036588,0,0,0,20.08230975325764,0,20.08230975325764,0,0.1365162,-0,0.86570368206432891,0,9.3982153972036588,9.3982153972036588,0.031327384657345532,0,0,0,20,-0.082309753257639784,0,0.47000000000000003,0,1,0,0,0.14837666967386115,0.14837666967386115
4,0.47500000000000003,95,9.4986378422633528,0,0,0,20.086683273779524,0,20.086683273779524,0,0.13875937499999999,-0,0.8837074650454565,0,9.4986378422633528,9.4986378422633528,0.031662126140877843,0,0,0,20,-0.086683273779524228,0,0.47500000000000003,0,1,0,0,0.15072548663003923,0.15072548663003923
4,0.47999999999999998,96,9.5990823800427343,0,0,0,20.091146854357653,0,20.091146854357653,0,0.14100479999999999,-0,0.90172711783491455,0,9.5990823800427343,9.5990823800427343,0.031996941266809117,0,0,0,20,-0.09114685435765324,0,0.47999999999999998,0,1,0,0,0.15307187978834499,0.15307187978834499
4,0.48499999999999999,97,9.6995494610257893,0,0,0,20.095700565540596,0,20.095700565540596,0,0.14325202500000001,-0,0.91975912029079854,0,9.6995494610257893,9.6995494610257893,0.032331831536752634,0,0,0,20,-0.095700565540596472,0,0.48499999999999999,0,1,0,0,0.15541544295093365,0.15541544295093365
4,0.48999999999999999,98,9.8000395360052472,0,0,0,20.100344460276538,0,20.100344460276538,0,0.14550059999999998,-0,0.93779995232902313,0,9.8000395360052472,9.8000395360052472,0.032666798453350826,0,0,0,20,-0.10034446027653843,0,0.48999999999999999,0,1,0,0,0.157755783342792,0.157755783342792
4,0.495,99,9.9005530559945747,0,0,0,20.105078573912508,0,20.105078573912508,0,0.14775007499999998,-0,0.9558460935000288,0,9.9005530559945747,9.9005530559945747,0.033001843519981915,0,0,0,20,-0.10507857391250752,0,0.495,0,1,0,0,0.16009252089381915,0.16009252089381915
4,0.5,100,10.001090472139964,0,0,0,20.10990292419152,0,20.10990292419152,0,0.14999999999999999,-0,0.97389402258539526,0,10.001090472139964,10.001090472139964,0.033336968240466544,0,0,0,20,-0.1099029241915197,0,0.5,0,1,0,0,0.16242528747063351,0.16242528747063351
4,0.505,101,10.101652235632306,0,0,0,20.114817511247779,0,20.114817511247779,0,0.15224992500000001,-0,0.99194021721514458,0,10.101652235632306,10.101652235632306,0.033672174118774351,0,0,0,20,-0.11481751124777873,0,0.505,0,1,0,0,0.16475372606477176,0.16475372606477176
4,0.51000000000000001,102,10.202238797619124,0,0,0,20.119822317600001,0,20.119822317600001,0,0.15449939999999998,-0,1.0099811535063909,0,10.202238797619124,10.202238797619124,0.034007462658730413,0,0,0,20,-0.11982231760000062,0,0.51000000000000001,0,1,0,0,0.16707748994397251,0.16707748994397251
4,0.51500000000000001,103,10.302850609116481,0,0,0,20.124917308142994,0,20.124917308142994,0,0.15674797500000001,-0,1.0280133057238989,0,10.302850609116481,10.302850609116481,0.034342835363721604,0,0,0,20,-0.12491730814299373,0,0.51500000000000001,0,1,0,0,0.16939624177321275,0.16939624177321275
4,0.52000000000000002,104,10.403488120920832,0,0,0,20.130102430137597,0,20.130102430137597,0,0.1589952,-0,1.0460331459630074,0,10.403488120920832,10.403488120920832,0.034678293736402771,0,0,0,20,-0.13010243013759748,0,0.52000000000000002,0,1,0,0,0.17170965271208957,0.17170965271208957
4,0.52500000000000002,105,10.504151783520829,0,0,0,20.135377613199079,0,20.135377613199079,0,0.161240625,-0,1.064037143855274,0,10.504151783520829,10.504151783520829,0.035013839278402764,0,0,0,20,-0.13537761319907915,0,0.52500000000000002,0,1,0,0,0.17401740149502337,0.17401740149502337
4,0.53000000000000003,106,10.604842047009058,0,0,0,20.140742769284138,0,20.140742769284138,0,0.16348380000000001,-0,1.0820217662970892,0,10.604842047009058,10.604842047009058,0.035349473490030189,0,0,0,20,-0.14074276928413809,0,0.53000000000000003,0,1,0,0,0.17631917350059456,0.17631917350059456
4,0.53500000000000003,107,10.705559360993712,0,0,0,20.146197792676595,0,20.146197792676595,0,0.165724275,-0,1.0999834772014199,0,10.705559360993712,10.705559360993712,0.035685197869979042,0,0,0,20,-0.14619779267659538,0,0.53500000000000003,0,1,0,0,0.17861465981613012,0.17861465981613012
4,0.54000000000000004,108,10.806304174510194,0,0,0,20.151742559971904,0,20.151742559971904,0,0.16796160000000002,-0,1.1179187372727435,0,10.806304174510194,10.806304174510194,0.036021013915033977,0,0,0,20,-0.151742559971904,0,0.54000000000000004,0,1,0,0,0.18090355630342786,0.18090355630342786
4,0.54500000000000004,109,10.907076935932622,0,0,0,20.157376930060593,0,20.157376930060593,0,0.17019532500000001,-0,1.1358240038051395,0,10.907076935932622,10.907076935932622,0.036356923119775404,0,0,0,20,-0.15737693006059317,0,0.54500000000000004,0,1,0,0,0.18318556267124458,0.18318556267124458
4,0.55000000000000004,110,11.007878092885273,0,0,0,20.163100744110757,0,20.163100744110757,0,0.17242500000000002,-0,1.1536957305034206,0,11.007878092885273,11.007878092885273,0.036692926976284242,0,0,0,20,-0.16310074411075703,0,0.55000000000000004,0,1,0,0,0.18546038155989461,0.18546038155989461
4,0.55500000000000005,111,11.108708092153917,0,0,0,20.168913825549716,0,20.168913825549716,0,0.17465017499999999,-0,1.171530367327096,0,11.108708092153917,11.108708092153917,0.037029026973846385,0,0,0,20,-0.16891382554971557,0,0.55500000000000005,0,1,0,0,0.18772771764299956,0.18772771764299956
4,0.56000000000000005,112,11.209567379597072,0,0,0,20.17481598004494,0,20.17481598004494,0,0.17687040000000001,-0,1.1893243603568886,0,11.209567379597072,11.209567379597072,0.037365224598656904,0,0,0,20,-0.17481598004494003,0,0.56000000000000005,0,1,0,0,0.18998727675111299,0.18998727675111299
4,0.56500000000000006,113,11.310456400057152,0,0,0,20.180806995484364,0,20.180806995484364,0,0.17908522500000001,-0,1.2070741516834271,0,11.310456400057152,11.310456400057152,0.037701521333523842,0,0,0,20,-0.18080699548436385,0,0.56500000000000006,0,1,0,0,0.19223876502160442,0.19223876502160442
4,0.57000000000000006,114,11.411375597271519,0,0,0,20.186886641956217,0,20.186886641956217,0,0.18129420000000004,-0,1.2247761793176946,0,11.411375597271519,11.411375597271519,0.03803791865757173,0,0,0,20,-0.1868866419562174,0,0.57000000000000006,0,1,0,0,0.19448188807885297,0.19448188807885297
4,0.57500000000000007,115,11.512325413783433,0,0,0,20.193054671728436,0,20.193054671728436,0,0.183496875,-0,1.2424268771227069,0,11.512325413783433,11.512325413783433,0.038374418045944776,0,0,0,20,-0.19305467172843649,0,0.57500000000000007,0,1,0,0,0.19671635024843945,0.19671635024843945
4,0.57999999999999996,116,11.613306290852902,0,0,0,20.199310819227794,0,20.199310819227794,0,0.18569279999999999,-0,1.2600226747658743,0,11.613306290852902,11.613306290852902,0.038711020969509673,0,0,0,20,-0.1993108192277937,0,0.57999999999999996,0,1,0,0,0.19894185380867982,0.19894185380867982
4,0.58499999999999996,117,11.714318668367421,0,0,0,20.205654801018856,0,20.205654801018856,0,0.18788152499999997,-0,1.2775599976913845,0,11.714318668367421,11.714318668367421,0.03904772889455807,0,0,0,20,-0.20565480101885569,0,0.58499999999999996,0,1,0,0,0.20115809828248155,0.20115809828248155
4,0.58999999999999997,118,11.815362984752605,0,0,0,20.212086315782827,0,20.212086315782827,0,0.19006259999999997,-0,1.2950352671119501,0,11.815362984752605,11.815362984752605,0.039384543282508684,0,0,0,20,-0.21208631578282677,0,0.58999999999999997,0,1,0,0,0.20336477977215031,0.20336477977215031
4,0.59499999999999997,119,11.916439676882726,0,0,0,20.218605044296414,0,20.218605044296414,0,0.19223557499999999,-0,1.312444900019158,0,11.916439676882726,11.916439676882726,0.039721465589609088,0,0,0,20,-0.21860504429641381,0,0.59499999999999997,0,1,0,0,0.20556159033941995,0.20556159033941995
4,0.59999999999999998,120,12.017549179991136,0,0,0,20.225210649410784,0,20.225210649410784,0,0.19439999999999999,-0,1.3297853092116534,0,12.017549179991136,12.017549179991136,0.040058497266637121,0,0,0,20,-0.2252106494107835,0,0.59999999999999998,0,1,0,0,0.20774821743263128,0.20774821743263128
4,0.60499999999999998,121,12.118691927580578,0,0,0,20.231902776030708,0,20.231902776030708,0,0.19655542499999998,-0,1.3470529033403245,0,12.118691927580578,12.118691927580578,0.040395639758601928,0,0,0,20,-0.23190277603070797,0,0.60499999999999998,0,1,0,0,0.20992434336264157,0.20992434336264157
4,0.60999999999999999,122,12.219868351333417,0,0,0,20.238681051093966,0,20.238681051093966,0,0.1987014,-0,1.3642440869696233,0,12.219868351333417,12.219868351333417,0.040732894504444728,0,0,0,20,-0.23868105109396609,0,0.60999999999999999,0,1,0,0,0.21208964482871029,0.21208964482871029
4,0.61499999999999999,123,12.321078881021746,0,0,0,20.2455450835511,0,20.2455450835511,0,0.20083747499999996,-0,1.3813552606541348,0,12.321078881021746,12.321078881021746,0.041070262936739155,0,0,0,20,-0.24554508355110016,0,0.61499999999999999,0,1,0,0,0.21424379249528272,0.21424379249528272
4,0.62,124,12.4223239444174,0,0,0,20.252494464345585,0,20.252494464345585,0,0.20296320000000001,-0,1.3983828210294706,0,12.4223239444174,12.4223239444174,0.041407746481391332,0,0,0,20,-0.25249446434558465,0,0.62,0,1,0,0,0.21638645062027373,0.21638645062027373
4,0.625,125,12.523603967201872,0,0,0,20.259528766394492,0,20.259528766394492,0,0.205078125,-0,1.4153231609165349,0,12.523603967201872,12.523603967201872,0.041745346557339573,0,0,0,20,-0.25952876639449229,0,0.625,0,1,0,0,0.21851727673514901,0.21851727673514901
4,0.63,126,12.624919372876137,0,0,0,20.266647544569704,0,20.266647544569704,0,0.2071818,-0,1.4321726694382173,0,12.624919372876137,12.624919372876137,0.042083064576253791,0,0,0,20,-0.26664754456970385,0,0.63,0,1,0,0,0.22063592137680729,0.22063592137680729
4,0.63500000000000001,127,12.726270582670377,0,0,0,20.273850335679736,0,20.273850335679736,0,0.209273775,-0,1.4489277321475194,0,12.726270582670377,12.726270582670377,0.042420901942234593,0,0,0,20,-0.27385033567973593,0,0.63500000000000001,0,1,0,0,0.22274202787098332,0.22274202787098332
4,0.64000000000000001,128,12.827658015453624,0,0,0,20.281136658452226,0,20.281136658452226,0,0.2113536,-0,1.4655847311661385,0,12.827658015453624,12.827658015453624,0.042758860051512082,0,0,0,20,-0.28113665845222613,0,0.64000000000000001,0,1,0,0,0.22483523216662271,0.22483523216662271
4,0.64500000000000002,129,12.929082087643309,0,0,0,20.288506013517157,0,20.288506013517157,0,0.21342082500000001,-0,1.4821400453325257,0,12.929082087643309,12.929082087643309,0.043096940292144365,0,0,0,20,-0.2885060135171571,0,0.64500000000000002,0,1,0,0,0.22691516272042475,0.22691516272042475
4,0.65000000000000002,130,13.030543213114735,0,0,0,20.295957883390813,0,20.295957883390813,0,0.215475,-0,1.4985900503584151,0,13.030543213114735,13.030543213114735,0.043435144043715783,0,0,0,20,-0.29595788339081253,0,0.65000000000000002,0,1,0,0,0.22898144043050442,0.22898144043050442
4,0.65500000000000003,131,13.13204180311047,0,0,0,20.303491732460561,0,20.303491732460561,0,0.21751567500000002,-0,1.5149311189928503,0,13.13204180311047,13.13204180311047,0.043773472677034901,0,0,0,20,-0.30349173246056083,0,0.65500000000000003,0,1,0,0,0.23103367861789864,0.23103367861789864
4,0.66000000000000003,132,13.233578266149667,0,0,0,20.311107006970467,0,20.311107006970467,0,0.2195424,-0,1.5311596211927214,0,13.233578266149667,13.233578266149667,0.044111927553832225,0,0,0,20,-0.31110700697046667,0,0.66000000000000003,0,1,0,0,0.2330714830544274,0.2330714830544274
4,0.66500000000000004,133,13.335153007937315,0,0,0,20.318803135007762,0,20.318803135007762,0,0.22155472500000001,-0,1.5472719242988562,0,13.335153007937315,13.335153007937315,0.044450510026457717,0,0,0,20,-0.31880313500776225,0,0.66500000000000004,0,1,0,0,0.23509445203522136,0.23509445203522136
4,0.67000000000000004,134,13.436766431273417,0,0,0,20.326579526490217,0,20.326579526490217,0,0.22355220000000003,-0,1.5632643932166965,0,13.436766431273417,13.436766431273417,0.044789221437578061,0,0,0,20,-0.32657952649021738,0,0.67000000000000004,0,1,0,0,0.23710217649404139,0.23710217649404139
4,0.67500000000000004,135,13.538418935962119,0,0,0,20.334435573154426,0,20.334435573154426,0,0.22553437500000001,-0,1.5791333906006431,0,13.538418935962119,13.538418935962119,0.045128063119873725,0,0,0,20,-0.33443557315442618,0,0.67500000000000004,0,1,0,0,0.23909424015935049,0.23909424015935049
4,0.68000000000000005,136,13.640110918720772,0,0,0,20.342370648545014,0,20.342370648545014,0,0.22750080000000003,-0,1.5948752770411461,0,13.640110918720772,13.640110918720772,0.045467036395735905,0,0,0,20,-0.34237064854501398,0,0.68000000000000005,0,1,0,0,0.24107021974894083,0.24107021974894083
4,0.68500000000000005,137,13.741842773088953,0,0,0,20.350384108004796,0,20.350384108004796,0,0.229451025,-0,1.6104864112536537,0,13.741842773088953,13.741842773088953,0.04580614257696318,0,0,0,20,-0.35038410800479625,0,0.68500000000000005,0,1,0,0,0.24302968520078091,0.24302968520078091
4,0.69000000000000006,138,13.843614889337426,0,0,0,20.358475288665868,0,20.358475288665868,0,0.2313846,-0,1.6259631502685621,0,13.843614889337426,13.843614889337426,0.046145382964458088,0,0,0,20,-0.35847528866586842,0,0.69000000000000006,0,1,0,0,0.24497219993762748,0.24497219993762748
4,0.69500000000000006,139,13.945427654377074,0,0,0,20.366643509441669,0,20.366643509441669,0,0.23330107500000002,-0,1.6413018496213281,0,13.945427654377074,13.945427654377074,0.04648475884792358,0,0,0,20,-0.36664350944166912,0,0.69500000000000006,0,1,0,0,0.24689732116283561,0.24689732116283561
4,0.70000000000000007,140,14.047281451667786,0,0,0,20.374888071019964,0,20.374888071019964,0,0.23520000000000002,-0,1.6564988635419513,0,14.047281451667786,14.047281451667786,0.046824271505559283,0,0,0,20,-0.37488807101996358,0,0.70000000000000007,0,1,0,0,0.24880460018471198,0.24880460018471198
4,0.70499999999999996,141,14.14917666112731,0,0,0,20.3832082558568,0,20.3832082558568,0,0.237080925,-0,1.6715505451430546,0,14.14917666112731,14.14917666112731,0.047163922203757702,0,0,0,20,-0.38320825585680041,0,0.70499999999999996,0,1,0,0,0.25069358276667808,0.25069358276667808
4,0.70999999999999996,142,14.251113659040088,0,0,0,20.391603328171385,0,20.391603328171385,0,0.2389434,-0,1.6864532466058377,0,14.251113659040088,14.251113659040088,0.047503712196800295,0,0,0,20,-0.3916033281713851,0,0.70999999999999996,0,1,0,0,0.25256380950045032,0.25256380950045032
4,0.71499999999999997,143,14.353092817966056,0,0,0,20.400072533941881,0,20.400072533941881,0,0.24078697499999996,-0,1.7012033193632077,0,14.353092817966056,14.353092817966056,0.047843642726553517,0,0,0,20,-0.40007253394188069,0,0.71499999999999997,0,1,0,0,0.25441481619939943,0.25441481619939943
4,0.71999999999999997,144,14.45511450664943,0,0,0,20.408615100902125,0,20.408615100902125,0,0.24261119999999997,-0,1.7157971142794353,0,14.45511450664943,14.45511450664943,0.048183715022164765,0,0,0,20,-0.40861510090212505,0,0.71999999999999997,0,1,0,0,0.25624613430922111,0.25624613430922111
4,0.72499999999999998,145,14.557179089927478,0,0,0,20.417230238539215,0,20.417230238539215,0,0.244415625,-0,1.730230981825724,0,14.557179089927478,14.557179089927478,0.04852393029975826,0,0,0,20,-0.41723023853921504,0,0.72499999999999998,0,1,0,0,0.25805729133303634,0.25805729133303634
4,0.72999999999999998,146,14.659286928639288,0,0,0,20.425917138091982,0,20.425917138091982,0,0.24619979999999997,-0,1.7445012722511213,0,14.659286928639288,14.659286928639288,0.048864289762130961,0,0,0,20,-0.42591713809198239,0,0.72999999999999998,0,1,0,0,0.25984781126803913,0.25984781126803913
4,0.73499999999999999,147,14.761438379534514,0,0,0,20.434674972550294,0,20.434674972550294,0,0.24796327499999998,-0,1.7586043357482426,0,14.761438379534514,14.761438379534514,0.049204794598448377,0,0,0,20,-0.43467497255029386,0,0.73499999999999999,0,1,0,0,0.2616172150508278,0.2616172150508278
4,0.73999999999999999,148,14.863633795182142,0,0,0,20.443502896655172,0,20.443502896655172,0,0.24970559999999997,-0,1.7725365226133181,0,14.863633795182142,14.863633795182142,0.049545445983940478,0,0,0,20,-0.44350289665517195,0,0.73999999999999999,0,1,0,0,0.26336502100858072,0.26336502100858072
4,0.745,149,14.965873523879239,0,0,0,20.452400046899704,0,20.452400046899704,0,0.25142632500000001,-0,1.7862941834001247,0,14.965873523879239,14.965873523879239,0.049886245079597463,0,0,0,20,-0.45240004689970448,0,0.745,0,1,0,0,0.26509074531328825,0.26509074531328825
4,0.75,150,15.068157909559723,0,0,0,20.4613655415307,0,20.4613655415307,0,0.25312499999999999,-0,1.7998736690674011,0,15.068157909559723,15.068157909559723,0.050227193031865743,0,0,0,20,-0.46136554153070009,0,0.75,0,1,0,0,0.26679390243630191,0.26679390243630191
4,0.755,151,15.170487291703134,0,0,0,20.470398480551065,0,20.470398480551065,0,0.25480117499999999,-0,1.8132713311193887,0,15.170487291703134,15.170487291703134,0.050568290972343784,0,0,0,20,-0.47039848055106503,0,0.755,0,1,0,0,0.26847400560054074,0.26847400560054074
4,0.76000000000000001,152,15.272862005243425,0,0,0,20.479497945722869,0,20.479497945722869,0,0.25645439999999997,-0,1.826483521739183,0,15.272862005243425,15.272862005243425,0.050909540017478085,0,0,0,20,-0.47949794572286919,0,0.76000000000000001,0,1,0,0,0.27013056722777024,0.27013056722777024
4,0.76500000000000001,153,15.375282380477762,0,0,0,20.488663000571062,0,20.488663000571062,0,0.25808422499999994,-0,1.8395065939146353,0,15.375282380477762,15.375282380477762,0.051250941268259208,0,0,0,20,-0.48866300057106216,0,0.76500000000000001,0,1,0,0,0.27176309937847004,0.27176309937847004
4,0.77000000000000002,154,15.477748742975354,0,0,0,20.497892690387793,0,20.497892690387793,0,0.25969019999999998,-0,1.8523369015565609,0,15.477748742975354,15.477748742975354,0.05159249580991785,0,0,0,20,-0.49789269038779338,0,0.77000000000000002,0,1,0,0,0.27337111418190824,0.27337111418190824
4,0.77500000000000002,155,15.580261413486298,0,0,0,20.507186042237301,0,20.507186042237301,0,0.26127187500000004,-0,1.8649707996090823,0,15.580261413486298,15.580261413486298,0.051934204711620996,0,0,0,20,-0.50718604223730068,0,0.77500000000000002,0,1,0,0,0.27495412425415888,0.27495412425415888
4,0.78000000000000003,156,15.682820707850453,0,0,0,20.516542064961346,0,20.516542064961346,0,0.26282880000000003,-0,1.8774046441519519,0,15.682820707850453,15.682820707850453,0.05227606902616818,0,0,0,20,-0.51654206496134591,0,0.78000000000000003,0,1,0,0,0.27651164310192455,0.27651164310192455
4,0.78500000000000003,157,15.785426936906346,0,0,0,20.525959749185123,0,20.525959749185123,0,0.26436052500000001,-0,1.8896347924947603,0,15.785426936906346,15.785426936906346,0.052618089789687822,0,0,0,20,-0.52595974918512312,0,0.78500000000000003,0,1,0,0,0.27804318551016,0.27804318551016
4,0.79000000000000004,158,15.888080406400096,0,0,0,20.535438067323629,0,20.535438067323629,0,0.26586660000000001,-0,1.9016576032629491,0,15.888080406400096,15.888080406400096,0.052960268021333655,0,0,0,20,-0.53543806732362853,0,0.79000000000000004,0,1,0,0,0.2795482679116349,0.2795482679116349
4,0.79500000000000004,159,15.990781416894391,0,0,0,20.544975973588446,0,20.544975973588446,0,0.26734657500000003,-0,1.9134694364756073,0,15.990781416894391,15.990781416894391,0.053302604722981303,0,0,0,20,-0.54497597358844629,0,0.79500000000000004,0,1,0,0,0.28102640873672324,0.28102640873672324
4,0.80000000000000004,160,16.093530263677483,0,0,0,20.554572403994879,0,20.554572403994879,0,0.26880000000000004,-0,1.9250666536150598,0,16.093530263677483,16.093530263677483,0.053645100878924941,0,0,0,20,-0.55457240399487873,0,0.80000000000000004,0,1,0,0,0.2824771287418622,0.2824771287418622
4,0.80500000000000005,161,16.196327236672218,0,0,0,20.564226276369428,0,20.564226276369428,0,0.27022642499999999,-0,1.9364456176882887,0,16.196327236672218,16.196327236672218,0.053987757455574062,0,0,0,20,-0.56422627636942835,0,0.80500000000000005,0,1,0,0,0.28389995131528145,0.28389995131528145
4,0.81000000000000005,162,16.299172620345129,0,0,0,20.573936490357564,0,20.573936490357564,0,0.27162540000000002,-0,1.9476026932802575,0,16.299172620345129,16.299172620345129,0.054330575401150431,0,0,0,20,-0.57393649035756411,0,0.81000000000000005,0,1,0,0,0.28529440275876805,0.28529440275876805
4,0.81500000000000006,163,16.402066693615534,0,0,0,20.583701927431711,0,20.583701927431711,0,0.27299647500000002,-0,1.9585342465992504,0,16.402066693615534,16.402066693615534,0.054673555645385112,0,0,0,20,-0.58370192743171145,0,0.81500000000000006,0,1,0,0,0.28666001254439788,0.28666001254439788
4,0.82000000000000006,164,16.505009729764698,0,0,0,20.59352145089948,0,20.59352145089948,0,0.27433920000000001,-0,1.9692366455143637,0,16.505009729764698,16.505009729764698,0.055016699099215659,0,0,0,20,-0.59352145089948039,0,0.82000000000000006,0,1,0,0,0.28799631354533212,0.28799631354533212
4,0.82500000000000007,165,16.608001996345031,0,0,0,20.603393905912043,0,20.603393905912043,0,0.275653125,-0,1.9797062595853097,0,16.608001996345031,16.608001996345031,0.055360006654483436,0,0,0,20,-0.60339390591204278,0,0.82500000000000007,0,1,0,0,0.28930284223994562,0.28930284223994562
4,0.83000000000000007,166,16.711043755089324,0,0,0,20.613318119472645,0,20.613318119472645,0,0.27693780000000001,-0,1.9899394600847249,0,16.711043755089324,16.711043755089324,0.055703479183631083,0,0,0,20,-0.6133181194726447,0,0.83000000000000007,0,1,0,0,0.29057913888871983,0.29057913888871983
4,0.83499999999999996,167,16.814135261820034,0,0,0,20.623292900445204,0,20.623292900445204,0,0.278192775,-0,1.9999326200132042,0,16.814135261820034,16.814135261820034,0.056047117539400115,0,0,0,20,-0.62329290044520391,0,0.83499999999999996,0,1,0,0,0.29182474768350181,0.29182474768350181
4,0.83999999999999997,168,16.917276766358608,0,0,0,20.633317039562986,0,20.633317039562986,0,0.27941759999999993,-0,2.0096821141072865,0,16.917276766358608,16.917276766358608,0.05639092255452869,0,0,0,20,-0.63331703956298568,0,0.83999999999999997,0,1,0,0,0.293039216868893,0.293039216868893
4,0.84499999999999997,169,17.020468512434846,0,0,0,20.643389309437278,0,20.643389309437278,0,0.28061182499999998,-0,2.0191843188406704,0,17.020468512434846,17.020468512434846,0.056734895041449483,0,0,0,20,-0.64338930943727846,0,0.84499999999999997,0,1,0,0,0.29422209883569034,0.29422209883569034
4,0.84999999999999998,170,17.123710737596323,0,0,0,20.653508464566073,0,20.653508464566073,0,0.28177499999999994,-0,2.0284356124189049,0,17.123710737596323,17.123710737596323,0.057079035791987739,0,0,0,20,-0.65350846456607314,0,0.84999999999999998,0,1,0,0,0.29537295018645954,0.29537295018645954
4,0.85499999999999998,171,17.227003673117839,0,0,0,20.663673241342696,0,20.663673241342696,0,0.282906675,-0,2.0374323747678957,0,17.227003673117839,17.227003673117839,0.057423345577059463,0,0,0,20,-0.66367324134269623,0,0.85499999999999998,0,1,0,0,0.29649133177347259,0.29649133177347259
4,0.85999999999999999,172,17.330347543910911,0,0,0,20.673882358064368,0,20.673882358064368,0,0.28400639999999999,-0,2.0461709875164815,0,17.330347543910911,17.330347543910911,0.057767825146369703,0,0,0,20,-0.67388235806436825,0,0.85999999999999999,0,1,0,0,0.29757680870938008,0.29757680870938008
4,0.86499999999999999,173,17.433742568433324,0,0,0,20.684134514940666,0,20.684134514940666,0,0.285073725,-0,2.0546478339734513,0,17.433742568433324,17.433742568433324,0.058112475228111082,0,0,0,20,-0.68413451494066635,0,0.86499999999999999,0,1,0,0,0.29862895035113446,0.29862895035113446
4,0.87,174,17.537188958598708,0,0,0,20.694428394101852,0,20.694428394101852,0,0.28610819999999998,-0,2.0628592990993009,0,17.537188958598708,17.537188958598708,0.058457296528662363,0,0,0,20,-0.69442839410185186,0,0.87,0,1,0,0,0.29964733025780366,0.29964733025780366
4,0.875,175,17.640686919686164,0,0,0,20.704762659607049,0,20.704762659607049,0,0.287109375,-0,2.0708017694730949,0,17.640686919686164,17.640686919686164,0.058802289732287211,0,0,0,20,-0.70476265960704865,0,0.875,0,1,0,0,0.30063152612304217,0.30063152612304217
4,0.88,176,17.744236650249928,0,0,0,20.715135957452244,0,20.715135957452244,0,0.28807679999999997,-0,2.078471633254757,0,17.744236650249928,17.744236650249928,0.059147455500833092,0,0,0,20,-0.71513595745224379,0,0.88,0,1,0,0,0.30158111968309531,0.30158111968309531
4,0.88500000000000001,177,17.847838342029068,0,0,0,20.725546915578096,0,20.725546915578096,0,0.289010025,-0,2.0858652801431741,0,17.847838342029068,17.847838342029068,0.059492794473430227,0,0,0,20,-0.72554691557809647,0,0.88500000000000001,0,1,0,0,0.30249569660132225,0.30249569660132225
4,0.89000000000000001,178,17.95149217985724,0,0,0,20.735994143877505,0,20.735994143877505,0,0.28990860000000002,-0,2.0929791013304442,0,17.95149217985724,17.95149217985724,0.059838307266190799,0,0,0,20,-0.73599414387750528,0,0.89000000000000001,0,1,0,0,0.30337484633031353,0.30337484633031353
4,0.89500000000000002,179,18.05519834157246,0,0,0,20.746476234202966,0,20.746476234202966,0,0.29077207499999996,-0,2.0998094894526469,0,18.05519834157246,18.05519834157246,0.060183994471908198,0,0,0,20,-0.74647623420296583,0,0.89500000000000002,0,1,0,0,0.30421816195276807,0.30421816195276807
4,0.90000000000000002,180,18.158956997926918,0,0,0,20.756991760373655,0,20.756991760373655,0,0.29159999999999997,-0,2.1063528385374943,0,18.158956997926918,18.158956997926918,0.060529856659756395,0,0,0,20,-0.7569917603736549,0,0.90000000000000002,0,1,0,0,0.30502524000236891,0.30502524000236891
4,0.90500000000000003,181,18.262768312496831,0,0,0,20.767539278182248,0,20.767539278182248,0,0.29239192499999994,-0,2.1126055439492051,0,18.262768312496831,18.262768312496831,0.060875894374989435,0,0,0,20,-0.7675392781822481,0,0.90500000000000003,0,1,0,0,0.30579568026596143,0.30579568026596143
4,0.91000000000000003,182,18.36663244159233,0,0,0,20.778117325401471,0,20.778117325401471,0,0.2931474,-0,2.1185640023309897,0,18.36663244159233,18.36663244159233,0.061222108138641103,0,0,0,20,-0.77811732540147105,0,0.91000000000000003,0,1,0,0,0.30652908556839487,0.30652908556839487
4,0.91500000000000004,183,18.470549534167368,0,0,0,20.788724421790331,0,20.788724421790331,0,0.293865975,-0,2.1242246115454653,0,18.470549534167368,18.470549534167368,0.061568498447224562,0,0,0,20,-0.78872442179033087,0,0.91500000000000004,0,1,0,0,0.30722506154143259,0.30722506154143259
4,0.92000000000000004,184,18.574519731729673,0,0,0,20.799359069100078,0,20.799359069100078,0,0.29454720000000001,-0,2.1295837706133729,0,18.574519731729673,18.574519731729673,0.061915065772432241,0,0,0,20,-0.79935906910007759,0,0.92000000000000004,0,1,0,0,0.30788321637817107,0.30788321637817107
4,0.92500000000000004,185,18.678543168250723,0,0,0,20.810019751079825,0,20.810019751079825,0,0.29519062499999998,-0,2.1346378796509264,0,18.678543168250723,18.678543168250723,0.062261810560835747,0,0,0,20,-0.8100197510798246,0,0.92500000000000004,0,1,0,0,0.30850316057443528,0.30850316057443528
4,0.93000000000000005,186,18.782619970075746,0,0,0,20.820704933481871,0,20.820704933481871,0,0.2957958,-0,2.1393833398061233,0,18.782619970075746,18.782619970075746,0.062608733233585817,0,0,0,20,-0.82070493348187057,0,0.93000000000000005,0,1,0,0,0.30908450665862969,0.30908450665862969
4,0.93500000000000005,187,18.88675025583375,0,0,0,20.831413064066705,0,20.831413064066705,0,0.29636227500000001,-0,2.1438165531943438,0,18.88675025583375,18.88675025583375,0.062955834186112503,0,0,0,20,-0.83141306406670523,0,0.93500000000000005,0,1,0,0,0.30962686891153496,0.30962686891153496
4,0.94000000000000006,188,18.990934136347576,0,0,0,20.842142572607678,0,20.842142572607678,0,0.29688960000000003,-0,2.147933922833555,0,18.990934136347576,18.990934136347576,0.063303113787825258,0,0,0,20,-0.84214257260767766,0,0.94000000000000006,0,1,0,0,0.31012986307753448,0.31012986307753448
4,0.94500000000000006,189,19.095171714543973,0,0,0,20.852891870895341,0,20.852891870895341,0,0.29737732499999997,-0,2.1517318525794091,0,19.095171714543973,19.095171714543973,0.06365057238181325,0,0,0,20,-0.85289187089534124,0,0.94500000000000006,0,1,0,0,0.31059310606874474,0.31059310606874474
4,0.95000000000000007,190,19.199463085363696,0,0,0,20.863659352741497,0,20.863659352741497,0,0.29782500000000001,-0,2.1552067470605452,0,19.199463085363696,19.199463085363696,0.063998210284545651,0,0,0,20,-0.86365935274149663,0,0.95000000000000007,0,1,0,0,0.31101621566350324,0.31101621566350324
4,0.95500000000000007,191,19.303808335671615,0,0,0,20.87444339398288,0,20.87444339398288,0,0.29823217499999999,-0,2.1583550116143431,0,19.303808335671615,19.303808335671615,0.064346027785572052,0,0,0,20,-0.87444339398287951,0,0.95500000000000007,0,1,0,0,0.3113988102006382,0.3113988102006382
4,0.95999999999999996,192,19.40820754416686,0,0,0,20.885242352484557,0,20.885242352484557,0,0.29859839999999999,-0,2.1611730522234294,0,19.40820754416686,19.40820754416686,0.064694025147222861,0,0,0,20,-0.88524235248455696,0,0.95999999999999996,0,1,0,0,0.31174050827091532,0.31174050827091532
4,0.96499999999999997,193,19.512660781292958,0,0,0,20.896054568142986,0,20.896054568142986,0,0.29892322500000001,-0,2.1636572754531462,0,19.512660781292958,19.512660781292958,0.065042202604309859,0,0,0,20,-0.89605456814298634,0,0.96499999999999997,0,1,0,0,0.31204092840700465,0.31204092840700465
4,0.96999999999999997,194,19.617168109148004,0,0,0,20.906878362888783,0,20.906878362888783,0,0.29920619999999998,-0,2.1658040883902432,0,19.617168109148004,19.617168109148004,0.065390560363826677,0,0,0,20,-0.90687836288878287,0,0.96999999999999997,0,1,0,0,0.31229968877327335,0.31229968877327335
4,0.97499999999999998,195,19.721729581394836,0,0,0,20.917712040689175,0,20.917712040689175,0,0.299446875,-0,2.1676098985830095,0,19.721729581394836,19.721729581394836,0.065739098604649451,0,0,0,20,-0.91771204068917456,0,0.97499999999999998,0,1,0,0,0.31251640685664822,0.31251640685664822
4,0.97999999999999998,196,19.826345243171229,0,0,0,20.928553887550162,0,20.928553887550162,0,0.29964479999999999,-0,2.1690711139830317,0,19.826345243171229,19.826345243171229,0.066087817477237423,0,0,0,20,-0.92855388755016222,0,0.97999999999999998,0,1,0,0,0.31269069915973524,0.31269069915973524
4,0.98499999999999999,197,19.931015131000084,0,0,0,20.939402171518395,0,20.939402171518395,0,0.29979952500000001,-0,2.1701841428887967,0,19.931015131000084,19.931015131000084,0.066436717103333612,0,0,0,20,-0.93940217151839533,0,0.98499999999999999,0,1,0,0,0.31282218089732156,0.31282218089732156
4,0.98999999999999999,198,20.03573927269964,0,0,0,20.950255142682767,0,20.950255142682767,0,0.29991059999999997,-0,2.1709453938912753,0,20.03573927269964,20.03573927269964,0.066785797575665468,0,0,0,20,-0.95025514268276723,0,0.98999999999999999,0,1,0,0,0.31291046569731301,0.31291046569731301
4,0.995,199,20.140517687293691,0,0,0,20.961111033175751,0,20.961111033175751,0,0.299977575,-0,2.1713512758216806,0,20.140517687293691,20.140517687293691,0.067135058957645641,0,0,0,20,-0.96111103317575086,0,0.995,0,1,0,0,0.3129551653070935,0.3129551653070935
4,1,200,20.245350384921807,0,0,0,20.971968057174472,0,20.971968057174472,0,0.29999999999999999,-0,2.1713981977015111,0,20.245350384921807,20.245350384921807,0.067484501283072693,0,0,0,20,-0.97196805717447177,0,1,0,1,0,0,0.31295588930621304,0.31295588930621304
4,1.0050000000000001,201,20.350237367127697,0,0,0,20.982824713671071,0,20.982824713671071,0,0.29999999999999999,-0,2.1712643816377528,0,20.350237367127697,20.350237367127697,0.067834124557092326,0,0,0,20,-0.98282471367107149,0,1.0050000000000001,0,1,0,0,0.31293577073130702,0.31293577073130702
4,1.01,202,20.455178630942928,0,0,0,20.993680700829426,0,20.993680700829426,0,0.29999999999999999,-0,2.1711304685065609,0,20.455178630942928,20.455178630942928,0.068183928769809762,0,0,0,20,-0.99368070082942594,0,1.01,0,1,0,0,0.31291815475002832,0.31291815475002832
4,1.0150000000000001,203,20.560174173019742,0,0,0,21.004536018253571,0,21.004536018253571,0,0.29999999999999999,-0,2.170996493613738,0,20.560174173019742,20.560174173019742,0.068533913910065802,0,0,0,20,-1.004536018253571,0,1.0150000000000001,0,1,0,0,0.31290296108050586,0.31290296108050586
4,1.02,204,20.66522399000884,0,0,0,21.015390665717334,0,21.015390665717334,0,0.29999999999999999,-0,2.1708624895546054,0,20.66522399000884,20.66522399000884,0.068884079966696141,0,0,0,20,-1.0153906657173337,0,1.02,0,1,0,0,0.31289010172718656,0.31289010172718656
4,1.0249999999999999,205,20.77032807856018,0,0,0,21.026244643150601,0,21.026244643150601,0,0.29999999999999999,-0,2.1707284861526484,0,20.77032807856018,20.77032807856018,0.069234426928533932,0,0,0,20,-1.0262446431506014,0,1.0249999999999999,0,1,0,0,0.31287948178296077,0.31287948178296077
4,1.03,206,20.875486435323729,0,0,0,21.03709795062537,0,21.03709795062537,0,0.29999999999999999,-0,2.1705945104224593,0,20.875486435323729,20.875486435323729,0.069584954784412428,0,0,0,20,-1.0370979506253697,0,1.03,0,1,0,0,0.31287100022180719,0.31287100022180719
4,1.0349999999999999,207,20.980699056950151,0,0,0,21.047950588341656,0,21.047950588341656,0,0.29999999999999999,-0,2.1704605865555338,0,20.980699056950151,20.980699056950151,0.069935663523167171,0,0,0,20,-1.0479505883416564,0,1.0349999999999999,0,1,0,0,0.31286455067902835,0.31286455067902835
4,1.04,208,21.085965940091391,0,0,0,21.058802556613379,0,21.058802556613379,0,0.29999999999999999,-0,2.1703267359274103,0,21.085965940091391,21.085965940091391,0.070286553133637977,0,0,0,20,-1.0588025566133794,0,1.04,0,1,0,0,0.31286002221635079,0.31286002221635079
4,1.0449999999999999,209,21.191287081401221,0,0,0,21.069653855854355,0,21.069653855854355,0,0.29999999999999999,-0,2.1701929771246258,0,21.191287081401221,21.191287081401221,0.070637623604670741,0,0,0,20,-1.0696538558543551,0,1.0449999999999999,0,1,0,0,0.3128573000693638,0.3128573000693638
4,1.05,210,21.296662477535705,0,0,0,21.080504486564447,0,21.080504486564447,0,0.29999999999999999,-0,2.1700593259899321,0,21.296662477535705,21.296662477535705,0.070988874925119017,0,0,0,20,-1.0805044865644469,0,1.05,0,1,0,0,0.3128562663749701,0.3128562663749701
4,1.0549999999999999,211,21.40209212515359,0,0,0,21.091354449316,0,21.091354449316,0,0.29999999999999999,-0,2.1699257956842195,0,21.40209212515359,21.40209212515359,0.071340307083845297,0,0,0,20,-1.0913544493160003,0,1.0549999999999999,0,1,0,0,0.31285680087671341,0.31285680087671341
4,1.0600000000000001,212,21.507576020916645,0,0,0,21.102203744740617,0,21.102203744740617,0,0.29999999999999999,-0,2.1697923967635724,0,21.507576020916645,21.507576020916645,0.071691920069722151,0,0,0,20,-1.102203744740617,0,1.0600000000000001,0,1,0,0,0.31285878160604419,0.31285878160604419
4,1.0649999999999999,213,21.613114161489911,0,0,0,21.113052373516354,0,21.113052373516354,0,0.29999999999999999,-0,2.1696591372699219,0,21.613114161489911,21.613114161489911,0.072043713871633039,0,0,0,20,-1.1130523735163536,0,1.0649999999999999,0,1,0,0,0.31286208553776679,0.31286208553776679
4,1.0700000000000001,214,21.718706543541909,0,0,0,21.123900336399213,0,21.123900336399213,0,0.29999999999999999,-0,2.1695260751262548,0,21.718706543541909,21.718706543541909,0.072395688478473025,0,0,0,20,-1.1239003363992133,0,1.0700000000000001,0,1,0,0,0.31286658935606637,0.31286658935606637
4,1.075,215,21.824353163751265,0,0,0,21.134747637625225,0,21.134747637625225,0,0.29999999999999999,-0,2.1693944130152096,0,21.824353163751265,21.824353163751265,0.072747843879170881,0,0,0,20,-1.1347476376252246,0,1.075,0,1,0,0,0.31287218103898645,0.31287218103898645
4,1.0800000000000001,216,21.930054018820922,0,0,0,21.14559428050871,0,21.14559428050871,0,0.29999999999999999,-0,2.1692627384552203,0,21.930054018820922,21.930054018820922,0.0731001800627364,0,0,0,20,-1.1455942805087105,0,1.0800000000000001,0,1,0,0,0.31287874705665175,0.31287874705665175
4,1.085,217,22.035809105459016,0,0,0,21.156440264991932,0,21.156440264991932,0,0.29999999999999999,-0,2.1691310531321708,0,22.035809105459016,22.035809105459016,0.073452697018196719,0,0,0,20,-1.1564402649919323,0,1.085,0,1,0,0,0.31288616444804834,0.31288616444804834
4,1.0900000000000001,218,22.141618420373419,0,0,0,21.167285591023841,0,21.167285591023841,0,0.29999999999999999,-0,2.1689993580388141,0,22.141618420373419,22.141618420373419,0.073805394734578061,0,0,0,20,-1.1672855910238411,0,1.0900000000000001,0,1,0,0,0.31289431180967603,0.31289431180967603
4,1.095,219,22.247481960271756,0,0,0,21.178130258556646,0,21.178130258556646,0,0.29999999999999999,-0,2.1688676534858602,0,22.247481960271756,22.247481960271756,0.074158273200905858,0,0,0,20,-1.1781302585566458,0,1.095,0,1,0,0,0.31290306981319982,0.31290306981319982
4,1.1000000000000001,220,22.353399721861408,0,0,0,21.188974267542434,0,21.188974267542434,0,0.29999999999999999,-0,2.1687359391188261,0,22.353399721861408,22.353399721861408,0.074511332406204694,0,0,0,20,-1.1889742675424344,0,1.1000000000000001,0,1,0,0,0.31291232168870059,0.31291232168870059
4,1.105,221,22.459371701849516,0,0,0,21.199817617929902,0,21.199817617929902,0,0.29999999999999999,-0,2.1686042139401889,0,22.459371701849516,22.459371701849516,0.074864572339498392,0,0,0,20,-1.1998176179299023,0,1.105,0,1,0,0,0.31292195367283288,0.31292195367283288
4,1.1100000000000001,222,22.565397896942947,0,0,0,21.210660309663609,0,21.210660309663609,0,0.29999999999999999,-0,2.1684724792817027,0,22.565397896942947,22.565397896942947,0.075217992989809829,0,0,0,20,-1.2106603096636093,0,1.1100000000000001,0,1,0,0,0.31293186662671157,0.31293186662671157
4,1.115,223,22.67147830385132,0,0,0,21.221502344472427,0,21.221502344472427,0,0.29999999999999999,-0,2.16834142391339,0,22.67147830385132,22.67147830385132,0.07557159434617107,0,0,0,20,-1.2215023444724267,0,1.115,0,1,0,0,0.31294457908470347,0.31294457908470347
4,1.1200000000000001,224,22.777612919295034,0,0,0,21.232343723698918,0,21.232343723698918,0,0.29999999999999999,-0,2.1682102462645831,0,22.777612919295034,22.777612919295034,0.07592537639765011,0,0,0,20,-1.2323437236989179,0,1.1200000000000001,0,1,0,0,0.31295694304606048,0.31295694304606048
4,1.125,225,22.883801739994649,0,0,0,21.243184446730506,0,21.243184446730506,0,0.29999999999999999,-0,2.1680789458902954,0,22.883801739994649,22.883801739994649,0.076279339133315499,0,0,0,20,-1.2431844467305062,0,1.125,0,1,0,0,0.3129688726241765,0.3129688726241765
4,1.1300000000000001,226,22.990044762667655,0,0,0,21.254024512952753,0,21.254024512952753,0,0.29999999999999999,-0,2.1679475224880926,0,22.990044762667655,22.990044762667655,0.076633482542225517,0,0,0,20,-1.2540245129527534,0,1.1300000000000001,0,1,0,0,0.31298028902903069,0.31298028902903069
4,1.135,227,23.096341984028466,0,0,0,21.264863921750027,0,21.264863921750027,0,0.29999999999999999,-0,2.1678159758799951,0,23.096341984028466,23.096341984028466,0.076987806613428217,0,0,0,20,-1.2648639217500275,0,1.135,0,1,0,0,0.31299112054094441,0.31299112054094441
4,1.1400000000000001,228,23.202693400788419,0,0,0,21.275702672506082,0,21.275702672506082,0,0.29999999999999999,-0,2.1676843059965023,0,23.202693400788419,23.202693400788419,0.077342311335961395,0,0,0,20,-1.2757026725060818,0,1.1400000000000001,0,1,0,0,0.313001302451001,0.313001302451001
4,1.145,229,23.309099009655764,0,0,0,21.286540764604563,0,21.286540764604563,0,0.29999999999999999,-0,2.1675525128626307,0,23.309099009655764,23.309099009655764,0.07769699669885255,0,0,0,20,-1.2865407646045632,0,1.145,0,1,0,0,0.31301077697031232,0.31301077697031232
4,1.1500000000000001,230,23.415558807335675,0,0,0,21.29737819742946,0,21.29737819742946,0,0.29999999999999999,-0,2.1674205965858881,0,23.415558807335675,23.415558807335675,0.078051862691118912,0,0,0,20,-1.2973781974294596,0,1.1500000000000001,0,1,0,0,0.3130194931103541,0.3130194931103541
4,1.155,231,23.522072790530245,0,0,0,21.308214970365476,0,21.308214970365476,0,0.29999999999999999,-0,2.1672885573460636,0,23.522072790530245,23.522072790530245,0.078406909301767483,0,0,0,20,-1.3082149703654764,0,1.155,0,1,0,0,0.31302740653661343,0.31302740653661343
4,1.1599999999999999,232,23.628640955938494,0,0,0,21.319051082798381,0,21.319051082798381,0,0.29999999999999999,-0,2.1671563953867241,0,23.628640955938494,23.628640955938494,0.078762136519794981,0,0,0,20,-1.3190510827983815,0,1.1599999999999999,0,1,0,0,0.31303447939780377,0.31303447939780377
4,1.165,233,23.735263300256371,0,0,0,21.329886534115303,0,21.329886534115303,0,0.29999999999999999,-0,2.1670241110082897,0,23.735263300256371,23.735263300256371,0.079117544334187898,0,0,0,20,-1.3298865341153032,0,1.165,0,1,0,0,0.31304068013289865,0.31304068013289865
4,1.1699999999999999,234,23.841939820176769,0,0,0,21.340721323705012,0,21.340721323705012,0,0.29999999999999999,-0,2.166891704562572,0,23.841939820176769,23.841939820176769,0.079473132733922563,0,0,0,20,-1.3407213237050115,0,1.1699999999999999,0,1,0,0,0.31304598325822691,0.31304598325822691
4,1.175,235,23.948670512389526,0,0,0,21.351555450958145,0,21.351555450958145,0,0.29999999999999999,-0,2.1667591764486382,0,23.948670512389526,23.948670512389526,0.079828901707965083,0,0,0,20,-1.3515554509581449,0,1.175,0,1,0,0,0.31305036913684264,0.31305036913684264
4,1.1799999999999999,236,24.055455373581442,0,0,0,21.362388915267452,0,21.362388915267452,0,0.29999999999999999,-0,2.1666265271098784,0,24.055455373581442,24.055455373581442,0.080184851245271471,0,0,0,20,-1.3623889152674522,0,1.1799999999999999,0,1,0,0,0.31305382373235546,0.31305382373235546
4,1.1850000000000001,237,24.162294400436284,0,0,0,21.373221716028006,0,21.373221716028006,0,0.29999999999999999,-0,2.1664937570321352,0,24.162294400436284,24.162294400436284,0.080540981334787612,0,0,0,20,-1.3732217160280058,0,1.1850000000000001,0,1,0,0,0.31305633834935737,0.31305633834935737
4,1.1899999999999999,238,24.269187589634804,0,0,0,21.384053852637415,0,21.384053852637415,0,0.29999999999999999,-0,2.1663608667427816,0,24.269187589634804,24.269187589634804,0.080897291965449342,0,0,0,20,-1.3840538526374146,0,1.1899999999999999,0,1,0,0,0.31305790936253491,0.31305790936253491
4,1.1950000000000001,239,24.37613493785474,0,0,0,21.394885324496023,0,21.394885324496023,0,0.29999999999999999,-0,2.1662278568106017,0,24.37613493785474,24.37613493785474,0.081253783126182463,0,0,0,20,-1.3948853244960233,0,1.1950000000000001,0,1,0,0,0.31305853793649019,0.31305853793649019
4,1.2,240,24.483136441770849,0,0,0,21.405716131007129,0,21.405716131007129,0,0.29999999999999999,-0,2.1660947278463638,0,24.483136441770849,24.483136441770849,0.08161045480590283,0,0,0,20,-1.4057161310071287,0,1.2,0,1,0,0,0.31305822973823039,0.31305822973823039
4,1.2050000000000001,241,24.59019209805491,0,0,0,21.416546271577186,0,21.416546271577186,0,0.29999999999999999,-0,2.1659614805039573,0,24.59019209805491,24.59019209805491,0.08196730699351637,0,0,0,20,-1.4165462715771859,0,1.2050000000000001,0,1,0,0,0.31305699464420672,0.31305699464420672
4,1.21,242,24.697301903375738,0,0,0,21.427375745616029,0,21.427375745616029,0,0.29999999999999999,-0,2.165828115481979,0,24.697301903375738,24.697301903375738,0.082324339677919134,0,0,0,20,-1.427375745616029,0,1.21,0,1,0,0,0.31305484644370724,0.31305484644370724
4,1.2150000000000001,243,24.804465854399208,0,0,0,21.438204552537108,0,21.438204552537108,0,0.29999999999999999,-0,2.1656946335256553,0,24.804465854399208,24.804465854399208,0.082681552847997358,0,0,0,20,-1.4382045525371083,0,1.2150000000000001,0,1,0,0,0.31305180254031573,0.31305180254031573
4,1.22,244,24.911683947788273,0,0,0,21.449032691757711,0,21.449032691757711,0,0.29999999999999999,-0,2.1655610354289987,0,24.911683947788273,24.911683947788273,0.08303894649262758,0,0,0,20,-1.4490326917577114,0,1.22,0,1,0,0,0.31304788365306685,0.31304788365306685
4,1.2250000000000001,245,25.018956180202984,0,0,0,21.459860162699233,0,21.459860162699233,0,0.29999999999999999,-0,2.1654273220370972,0,25.018956180202984,25.018956180202984,0.083396520600676607,0,0,0,20,-1.4598601626992327,0,1.2250000000000001,0,1,0,0,0.31304311351882658,0.31304311351882658
4,1.23,246,25.126282548300509,0,0,0,21.470686964787415,0,21.470686964787415,0,0.29999999999999999,-0,2.1652934942484414,0,25.126282548300509,25.126282548300509,0.083754275161001701,0,0,0,20,-1.470686964787415,0,1.23,0,1,0,0,0.31303751859733209,0.31303751859733209
4,1.2350000000000001,247,25.233663048735153,0,0,0,21.481513097452638,0,21.481513097452638,0,0.29999999999999999,-0,2.1651595530172112,0,25.233663048735153,25.233663048735153,0.084112210162450504,0,0,0,20,-1.4815130974526376,0,1.2350000000000001,0,1,0,0,0.31303112778023157,0.31303112778023157
4,1.24,248,25.341097678158388,0,0,0,21.492338560224233,0,21.492338560224233,0,0.29999999999999999,-0,2.1650256116899791,0,25.341097678158388,25.341097678158388,0.084470325593861292,0,0,0,20,-1.4923385602242334,0,1.24,0,1,0,0,0.31302439973271584,0.31302439973271584
4,1.2450000000000001,249,25.448586433222509,0,0,0,21.503163353969814,0,21.503163353969814,0,0.29999999999999999,-0,2.1648918660359979,0,25.448586433222509,25.448586433222509,0.084828621444075034,0,0,0,20,-1.5031633539698142,0,1.2450000000000001,0,1,0,0,0.31301810444083267,0.31301810444083267
4,1.25,250,25.556129310583025,0,0,0,21.51398747867729,0,21.51398747867729,0,0.29999999999999999,-0,2.1647579960322618,0,25.556129310583025,25.556129310583025,0.085187097701943409,0,0,0,20,-1.51398747867729,0,1.25,0,1,0,0,0.31301105113838068,0.31301105113838068
4,1.2550000000000001,251,25.663726306893174,0,0,0,21.524810933718999,0,21.524810933718999,0,0.29999999999999999,-0,2.1646239993788199,0,25.663726306893174,25.663726306893174,0.08554575435631058,0,0,0,20,-1.5248109337189995,0,1.2550000000000001,0,1,0,0,0.31300326248898247,0.31300326248898247
4,1.26,252,25.771377418803041,0,0,0,21.535633718456769,0,21.535633718456769,0,0.29999999999999999,-0,2.164489874173614,0,25.771377418803041,25.771377418803041,0.085904591396010144,0,0,0,20,-1.5356337184567685,0,1.26,0,1,0,0,0.31299476361378303,0.31299476361378303
4,1.2650000000000001,253,25.879082642959492,0,0,0,21.546455832243925,0,21.546455832243925,0,0.29999999999999999,-0,2.164355618917285,0,25.879082642959492,25.879082642959492,0.086263608809864972,0,0,0,20,-1.5464558322439252,0,1.2650000000000001,0,1,0,0,0.31298558185402087,0.31298558185402087
4,1.27,254,25.986841976006144,0,0,0,21.557277274427307,0,21.557277274427307,0,0.29999999999999999,-0,2.1642212325151249,0,25.986841976006144,25.986841976006144,0.08662280658668714,0,0,0,20,-1.5572772744273067,0,1.27,0,1,0,0,0.31297574653420124,0.31297574653420124
4,1.2750000000000001,255,26.094655414583332,0,0,0,21.568098044349291,0,21.568098044349291,0,0.29999999999999999,-0,2.1640867142762663,0,26.094655414583332,26.094655414583332,0.086982184715277772,0,0,0,20,-1.5680980443492913,0,1.2750000000000001,0,1,0,0,0.31296528872700841,0.31296528872700841
4,1.28,256,26.202522955328103,0,0,0,21.578918141349803,0,21.578918141349803,0,0.29999999999999999,-0,2.1639520639102181,0,26.202522955328103,26.202522955328103,0.087341743184427015,0,0,0,20,-1.5789181413498028,0,1.28,0,1,0,0,0.31295424102102787,0.31295424102102787
4,1.2849999999999999,257,26.310444594874195,0,0,0,21.589737564768299,0,21.589737564768299,0,0.29999999999999999,-0,2.1638172815208723,0,26.310444594874195,26.310444594874195,0.087701481982913984,0,0,0,20,-1.5897375647682992,0,1.2849999999999999,0,1,0,0,0.31294263729228355,0.31294263729228355
4,1.29,258,26.418420329852051,0,0,0,21.600556313945734,0,21.600556313945734,0,0.29999999999999999,-0,2.1636823675981098,0,26.418420329852051,26.418420329852051,0.088061401099506831,0,0,0,20,-1.6005563139457344,0,1.29,0,1,0,0,0.31293051248052367,0.31293051248052367
4,1.2949999999999999,259,26.526450156888824,0,0,0,21.611374388226448,0,21.611374388226448,0,0.29999999999999999,-0,2.1635473230071574,0,26.526450156888824,26.526450156888824,0.088421500522962743,0,0,0,20,-1.611374388226448,0,1.2949999999999999,0,1,0,0,0.31291790237112138,0.31291790237112138
4,1.3,260,26.634534072608403,0,0,0,21.622191786960023,0,21.622191786960023,0,0.29999999999999999,-0,2.1634121489758407,0,26.634534072608403,26.634534072608403,0.088781780242028013,0,0,0,20,-1.6221917869600233,0,1.3,0,1,0,0,0.31290484338338082,0.31290484338338082
4,1.3049999999999999,261,26.742672073631439,0,0,0,21.633008509503053,0,21.633008509503053,0,0.29999999999999999,-0,2.1632768470798971,0,26.742672073631439,26.742672073631439,0.089142240245438126,0,0,0,20,-1.6330085095030533,0,1.3049999999999999,0,1,0,0,0.31289137236597148,0.31289137236597148
4,1.3100000000000001,262,26.85086415657539,0,0,0,21.643824555220849,0,21.643824555220849,0,0.29999999999999999,-0,2.1631414192265113,0,26.85086415657539,26.85086415657539,0.089502880521917974,0,0,0,20,-1.6438245552208492,0,1.3100000000000001,0,1,0,0,0.31287752640013849,0.31287752640013849
4,1.3149999999999999,263,26.959110318054563,0,0,0,21.654639923489047,0,21.654639923489047,0,0.29999999999999999,-0,2.1630058676362482,0,26.959110318054563,26.959110318054563,0.089863701060181878,0,0,0,20,-1.6546399234890465,0,1.3149999999999999,0,1,0,0,0.31286334261126703,0.31286334261126703
4,1.3200000000000001,264,27.067410554680176,0,0,0,21.665454613695132,0,21.665454613695132,0,0.29999999999999999,-0,2.1628701948235518,0,27.067410554680176,27.067410554680176,0.090224701848933928,0,0,0,20,-1.6654546136951325,0,1.3200000000000001,0,1,0,0,0.31284885798930734,0.31284885798930734
4,1.325,265,27.175764863060412,0,0,0,21.676268625239853,0,21.676268625239853,0,0.29999999999999999,-0,2.162734403575985,0,27.175764863060412,27.175764863060412,0.090585882876868043,0,0,0,20,-1.6762686252398531,0,1.325,0,1,0,0,0.3128341092184968,0.3128341092184968
4,1.3300000000000001,266,27.284173239800495,0,0,0,21.687081957538531,0,21.687081957538531,0,0.29999999999999999,-0,2.1625984969323961,0,27.284173239800495,27.284173239800495,0.090947244132668317,0,0,0,20,-1.6870819575385312,0,1.3300000000000001,0,1,0,0,0.3128191325167497,0.3128191325167497
4,1.335,267,27.392635681502767,0,0,0,21.697894610022264,0,21.697894610022264,0,0.29999999999999999,-0,2.1624624781601729,0,27.392635681502767,27.392635681502767,0.091308785605009227,0,0,0,20,-1.6978946100222636,0,1.335,0,1,0,0,0.31280396348501505,0.31280396348501505
4,1.3400000000000001,268,27.50115218476677,0,0,0,21.708706582139012,0,21.708706582139012,0,0.29999999999999999,-0,2.1623263507317727,0,27.50115218476677,27.50115218476677,0.091670507282555894,0,0,0,20,-1.7087065821390119,0,1.3400000000000001,0,1,0,0,0.31278863696684078,0.31278863696684078
4,1.345,269,27.60972274618932,0,0,0,21.719517873354555,0,21.719517873354555,0,0.29999999999999999,-0,2.1621901183006931,0,27.60972274618932,27.60972274618932,0.092032409153964392,0,0,0,20,-1.7195178733545546,0,1.345,0,1,0,0,0.31277318691832168,0.31277318691832168
4,1.3500000000000001,270,27.718347362364618,0,0,0,21.730328483153343,0,21.730328483153343,0,0.29999999999999999,-0,2.1620537846770524,0,27.718347362364618,27.718347362364618,0.092394491207882054,0,0,0,20,-1.7303284831533432,0,1.3500000000000001,0,1,0,0,0.31275764628854452,0.31275764628854452
4,1.355,271,27.82702602988433,0,0,0,21.741138411039223,0,21.741138411039223,0,0.29999999999999999,-0,2.1619173538029495,0,27.82702602988433,27.82702602988433,0.092756753432947772,0,0,0,20,-1.7411384110392234,0,1.355,0,1,0,0,0.31274204691059015,0.31274204691059015
4,1.3600000000000001,272,27.935758745337694,0,0,0,21.751947656536025,0,21.751947656536025,0,0.29999999999999999,-0,2.1617808297277539,0,27.935758745337694,27.935758745337694,0.093119195817792308,0,0,0,20,-1.751947656536025,0,1.3600000000000001,0,1,0,0,0.31272641940309676,0.31272641940309676
4,1.365,273,28.044545505311614,0,0,0,21.762756219188041,0,21.762756219188041,0,0.29999999999999999,-0,2.1616442165834879,0,28.044545505311614,28.044545505311614,0.09348181835103872,0,0,0,20,-1.7627562191880415,0,1.365,0,1,0,0,0.31271079308233596,0.31271079308233596
4,1.3700000000000001,274,28.153386306390772,0,0,0,21.773564098560389,0,21.773564098560389,0,0.29999999999999999,-0,2.1615075185604393,0,28.153386306390772,28.153386306390772,0.093844621021302574,0,0,0,20,-1.7735640985603887,0,1.3700000000000001,0,1,0,0,0.31269519588470662,0.31269519588470662
4,1.375,275,28.262281145157726,0,0,0,21.784371294239222,0,21.784371294239222,0,0.29999999999999999,-0,2.1613707398831541,0,28.262281145157726,28.262281145157726,0.094207603817192412,0,0,0,20,-1.7843712942392216,0,1.375,0,1,0,0,0.31267965429950362,0.31267965429950362
4,1.3800000000000001,276,28.371230018193017,0,0,0,21.795177805831855,0,21.795177805831855,0,0.29999999999999999,-0,2.1612338847869279,0,28.371230018193017,28.371230018193017,0.09457076672731006,0,0,0,20,-1.7951778058318553,0,1.3800000000000001,0,1,0,0,0.31266419331177991,0.31266419331177991
4,1.385,277,28.480232922075277,0,0,0,21.805983632966765,0,21.805983632966765,0,0.29999999999999999,-0,2.1610969574949337,0,28.480232922075277,28.480232922075277,0.094934109740250919,0,0,0,20,-1.8059836329667647,0,1.385,0,1,0,0,0.31264883635507418,0.31264883635507418
4,1.3900000000000001,278,28.589289853381334,0,0,0,21.816788775293464,0,21.816788775293464,0,0.29999999999999999,-0,2.1609599621960869,0,28.589289853381334,28.589289853381334,0.095297632844604449,0,0,0,20,-1.8167887752934639,0,1.3900000000000001,0,1,0,0,0.31263360527375106,0.31263360527375106
4,1.395,279,28.698400808686312,0,0,0,21.827593232482279,0,21.827593232482279,0,0.29999999999999999,-0,2.1608229030237669,0,28.698400808686312,28.698400808686312,0.09566133602895438,0,0,0,20,-1.827593232482279,0,1.395,0,1,0,0,0.31261852029465559,0.31261852029465559
4,1.4000000000000001,280,28.807565784563742,0,0,0,21.838397004224021,0,21.838397004224021,0,0.29999999999999999,-0,2.1606857840354787,0,28.807565784563742,28.807565784563742,0.09602521928187914,0,0,0,20,-1.8383970042240207,0,1.4000000000000001,0,1,0,0,0.31260360000776449,0.31260360000776449
4,1.405,281,28.916784777585658,0,0,0,21.849200090229559,0,21.849200090229559,0,0.29999999999999999,-0,2.1605486091935528,0,28.916784777585658,28.916784777585658,0.096389282591952188,0,0,0,20,-1.8492000902295587,0,1.405,0,1,0,0,0.31258886135548347,0.31258886135548347
4,1.4099999999999999,282,29.026057784322692,0,0,0,21.860002490229299,0,21.860002490229299,0,0.29999999999999999,-0,2.1604113823469513,0,29.026057784322692,29.026057784322692,0.096753525947742308,0,0,0,20,-1.8600024902292986,0,1.4099999999999999,0,1,0,0,0.31257431963022025,0.31257431963022025
4,1.415,283,29.135384801344184,0,0,0,21.870804203972572,0,21.870804203972572,0,0.29999999999999999,-0,2.1602741072142573,0,29.135384801344184,29.135384801344184,0.097117949337813952,0,0,0,20,-1.8708042039725719,0,1.415,0,1,0,0,0.3125599884798394,0.3125599884798394
4,1.4199999999999999,284,29.244765825218266,0,0,0,21.881605231226942,0,21.881605231226942,0,0.29999999999999999,-0,2.1601367873678994,0,29.244765825218266,29.244765825218266,0.09748255275072755,0,0,0,20,-1.881605231226942,0,1.4199999999999999,0,1,0,0,0.31254587992058996,0.31254587992058996
4,1.425,285,29.354200852511944,0,0,0,21.892405571777438,0,21.892405571777438,0,0.29999999999999999,-0,2.1599994262196609,0,29.354200852511944,29.354200852511944,0.097847336175039809,0,0,0,20,-1.892405571777438,0,1.425,0,1,0,0,0.31253200435708134,0.31253200435708134
4,1.4299999999999999,286,29.4636898797912,0,0,0,21.903205225425722,0,21.903205225425722,0,0.29999999999999999,-0,2.159862027007514,0,29.4636898797912,29.4636898797912,0.098212299599303998,0,0,0,20,-1.9032052254257223,0,1.4299999999999999,0,1,0,0,0.31251837060887089,0.31251837060887089
4,1.4350000000000001,287,29.573232903621058,0,0,0,21.914004191989186,0,21.914004191989186,0,0.29999999999999999,-0,2.1597245927838129,0,29.573232903621058,29.573232903621058,0.098577443012070193,0,0,0,20,-1.9140041919891857,0,1.4350000000000001,0,1,0,0,0.31250498594321663,0.31250498594321663
4,1.4399999999999999,288,29.68282992056567,0,0,0,21.924802471299994,0,21.924802471299994,0,0.29999999999999999,-0,2.1595871264048574,0,29.68282992056567,29.68282992056567,0.098942766401885568,0,0,0,20,-1.9248024712999943,0,1.4399999999999999,0,1,0,0,0.31249185611354457,0.31249185611354457
4,1.4450000000000001,289,29.792480927188379,0,0,0,21.935600063204088,0,21.935600063204088,0,0.29999999999999999,-0,2.1594496305218467,0,29.792480927188379,29.792480927188379,0.099308269757294593,0,0,0,20,-1.9356000632040882,0,1.4450000000000001,0,1,0,0,0.31247898540317193,0.31247898540317193
4,1.45,290,29.902185920051796,0,0,0,21.946396967560133,0,21.946396967560133,0,0.29999999999999999,-0,2.1593121075732262,0,29.902185920051796,29.902185920051796,0.099673953066839321,0,0,0,20,-1.9463969675601334,0,1.45,0,1,0,0,0.31246637667382998,0.31246637667382998
4,1.4550000000000001,291,30.01194489571785,0,0,0,21.957193184238442,0,21.957193184238442,0,0.29999999999999999,-0,2.1591745597784175,0,30.01194489571785,30.01194489571785,0.1000398163190595,0,0,0,20,-1.9571931842384416,0,1.4550000000000001,0,1,0,0,0.31245403141852579,0.31245403141852579
4,1.46,292,30.121757850747851,0,0,0,21.967988713119865,0,21.967988713119865,0,0.29999999999999999,-0,2.1590369891329257,0,30.121757850747851,30.121757850747851,0.10040585950249284,0,0,0,20,-1.9679887131198655,0,1.46,0,1,0,0,0.31244194981829115,0.31244194981829115
4,1.4650000000000001,293,30.231624781702536,0,0,0,21.978783554094665,0,21.978783554094665,0,0.29999999999999999,-0,2.1588993974047983,0,30.231624781702536,30.231624781702536,0.10077208260567512,0,0,0,20,-1.9787835540946652,0,1.4650000000000001,0,1,0,0,0.31243013080236337,0.31243013080236337
4,1.47,294,30.341545685142115,0,0,0,21.989577707061372,0,21.989577707061372,0,0.29999999999999999,-0,2.1587617861324144,0,30.341545685142115,30.341545685142115,0.10113848561714038,0,0,0,20,-1.9895777070613718,0,1.47,0,1,0,0,0.31241857211135554,0.31241857211135554
4,1.4750000000000001,295,30.45152055762631,0,0,0,22.000371171925629,0,22.000371171925629,0,0.29999999999999999,-0,2.1586241566235631,0,30.45152055762631,30.45152055762631,0.10150506852542103,0,0,0,20,-2.0003711719256287,0,1.4750000000000001,0,1,0,0,0.31240727036297922,0.31240727036297922
4,1.48,296,30.561549395714387,0,0,0,22.011163948599041,0,22.011163948599041,0,0.29999999999999999,-0,2.1584865099557811,0,30.561549395714387,30.561549395714387,0.10187183131904795,0,0,0,20,-2.0111639485990409,0,1.48,0,1,0,0,0.31239622111989218,0.31239622111989218
4,1.4850000000000001,297,30.671632195965177,0,0,0,22.021956036998034,0,22.021956036998034,0,0.29999999999999999,-0,2.1583488469778933,0,30.671632195965177,30.671632195965177,0.1022387739865506,0,0,0,20,-2.0219560369980343,0,1.4850000000000001,0,1,0,0,0.31238541895925354,0.31238541895925354
4,1.49,298,30.78176895493711,0,0,0,22.032747437042705,0,22.032747437042705,0,0.29999999999999999,-0,2.1582111683127181,0,30.78176895493711,30.78176895493711,0.10260589651645703,0,0,0,20,-2.0327474370427048,0,1.49,0,1,0,0,0.31237485754358507,0.31237485754358507
4,1.4950000000000001,299,30.891959669188218,0,0,0,22.043538148655713,0,22.043538148655713,0,0.29999999999999999,-0,2.1580734743608696,0,30.891959669188218,30.891959669188218,0.10297319889729406,0,0,0,20,-2.0435381486557134,0,1.4950000000000001,0,1,0,0,0.31236452969254702,0.31236452969254702
4,1.5,300,31.002204335276154,0,0,0,22.054328171761171,0,22.054328171761171,0,0.29999999999999999,-0,2.1579357653056088,0,31.002204335276154,31.002204335276154,0.10334068111758718,0,0,0,20,-2.0543281717611706,0,1.5,0,1,0,0,0.31235442745525255,0.31235442745525255
4,1.5050000000000001,301,31.112502949758191,0,0,0,22.065117506283578,0,22.065117506283578,0,0.29999999999999999,-0,2.1577980411186735,0,31.112502949758191,31.112502949758191,0.10370834316586064,0,0,0,20,-2.0651175062835776,0,1.5050000000000001,0,1,0,0,0.31234454218276259,0.31234454218276259
4,1.51,302,31.222855509191223,0,0,0,22.075906152146775,0,22.075906152146775,0,0.29999999999999999,-0,2.1576603015670237,0,31.222855509191223,31.222855509191223,0.10407618503063741,0,0,0,20,-2.075906152146775,0,1.51,0,1,0,0,0.31233486460041693,0.31233486460041693
4,1.5150000000000001,303,31.333262010131762,0,0,0,22.086694109272948,0,22.086694109272948,0,0.29999999999999999,-0,2.1575225462204335,0,31.333262010131762,31.333262010131762,0.1044442067004392,0,0,0,20,-2.0866941092729476,0,1.5150000000000001,0,1,0,0,0.31232538487967521,0.31232538487967521
4,1.52,304,31.443722449135922,0,0,0,22.097481377581648,0,22.097481377581648,0,0.29999999999999999,-0,2.1573847744598624,0,31.443722449135922,31.443722449135922,0.10481240816378641,0,0,0,20,-2.0974813775816479,0,1.52,0,1,0,0,0.31231609270916183,0.31231609270916183
4,1.5250000000000001,305,31.55423682275941,0,0,0,22.108267956988882,0,22.108267956988882,0,0.29999999999999999,-0,2.1572469854865264,0,31.55423682275941,31.55423682275941,0.10518078940919803,0,0,0,20,-2.1082679569888825,0,1.5250000000000001,0,1,0,0,0.3123069773646221,0.3123069773646221
4,1.53,306,31.664805127557496,0,0,0,22.119053847406235,0,22.119053847406235,0,0.29999999999999999,-0,2.1571091783315994,0,31.664805127557496,31.664805127557496,0.10554935042519166,0,0,0,20,-2.119053847406235,0,1.53,0,1,0,0,0.31229802777752269,0.31229802777752269
4,1.5350000000000001,307,31.775427360085001,0,0,0,22.129839048740038,0,22.129839048740038,0,0.29999999999999999,-0,2.1569713518664759,0,31.775427360085001,31.775427360085001,0.10591809120028334,0,0,0,20,-2.1298390487400383,0,1.5350000000000001,0,1,0,0,0.31228923260204089,0.31228923260204089
4,1.54,308,31.886103516896259,0,0,0,22.140623560890607,0,22.140623560890607,0,0.29999999999999999,-0,2.1568335048135094,0,31.886103516896259,31.886103516896259,0.10628701172298753,0,0,0,20,-2.1406235608906066,0,1.54,0,1,0,0,0.31228058028021388,0.31228058028021388
4,1.5449999999999999,309,31.996833594545091,0,0,0,22.151407383751518,0,22.151407383751518,0,0.29999999999999999,-0,2.1566956357571629,0,31.996833594545091,31.996833594545091,0.10665611198181697,0,0,0,20,-2.1514073837515184,0,1.5449999999999999,0,1,0,0,0.31227205910503303,0.31227205910503303
4,1.55,310,32.10761758958477,0,0,0,22.162190517208952,0,22.162190517208952,0,0.29999999999999999,-0,2.1565577431554899,0,32.10761758958477,32.10761758958477,0.10702539196528256,0,0,0,20,-2.1621905172089519,0,1.55,0,1,0,0,0.31226365728129069,0.31226365728129069
4,1.5549999999999999,311,32.218455498567977,0,0,0,22.172972961141085,0,22.172972961141085,0,0.29999999999999999,-0,2.1564198253518794,0,32.218455498567977,32.218455498567977,0.10739485166189326,0,0,0,20,-2.1729729611410846,0,1.5549999999999999,0,1,0,0,0.31225536298400641,0.31225536298400641
4,1.5600000000000001,312,32.329347318046757,0,0,0,22.18375471541755,0,22.18375471541755,0,0.29999999999999999,-0,2.1562818805869903,0,32.329347318046757,32.329347318046757,0.10776449106015586,0,0,0,20,-2.1837547154175496,0,1.5600000000000001,0,1,0,0,0.31224716441427663,0.31224716441427663
4,1.5649999999999999,313,32.440293044572492,0,0,0,22.194535779898949,0,22.194535779898949,0,0.29999999999999999,-0,2.1561439070108031,0,32.440293044572492,32.440293044572492,0.10813431014857497,0,0,0,20,-2.1945357798989491,0,1.5649999999999999,0,1,0,0,0.31223904985241296,0.31223904985241296
4,1.5700000000000001,314,32.551292674695837,0,0,0,22.205316154436435,0,22.205316154436435,0,0.29999999999999999,-0,2.1560059026947278,0,32.551292674695837,32.551292674695837,0.10850430891565278,0,0,0,20,-2.205316154436435,0,1.5700000000000001,0,1,0,0,0.31223100770825341,0.31223100770825341
4,1.575,315,32.662346204966681,0,0,0,22.216095838871347,0,22.216095838871347,0,0.29999999999999999,-0,2.1558678656436974,0,32.662346204966681,32.662346204966681,0.10887448734988894,0,0,0,20,-2.2160958388713468,0,1.575,0,1,0,0,0.31222302656854595,0.31222302656854595
4,1.5800000000000001,316,32.773453631934096,0,0,0,22.226874833034906,0,22.226874833034906,0,0.29999999999999999,-0,2.1557297938081841,0,32.773453631934096,32.773453631934096,0.10924484543978032,0,0,0,20,-2.2268748330349055,0,1.5800000000000001,0,1,0,0,0.31221509524132662,0.31221509524132662
4,1.585,317,32.884614952146279,0,0,0,22.237653136747973,0,22.237653136747973,0,0.29999999999999999,-0,2.1555916850960819,0,32.884614952146279,32.884614952146279,0.10961538317382093,0,0,0,20,-2.2376531367479728,0,1.585,0,1,0,0,0.31220720279722675,0.31220720279722675
4,1.5900000000000001,318,32.995830162150511,0,0,0,22.248430749820869,0,22.248430749820869,0,0.29999999999999999,-0,2.1554535373843944,0,32.995830162150511,32.995830162150511,0.1099861005405017,0,0,0,20,-2.2484307498208693,0,1.5900000000000001,0,1,0,0,0.31219933860766658,0.31219933860766658
4,1.595,319,33.107099258493093,0,0,0,22.259207672053247,0,22.259207672053247,0,0.29999999999999999,-0,2.1553153485306753,0,33.107099258493093,33.107099258493093,0.11035699752831031,0,0,0,20,-2.2592076720532468,0,1.595,0,1,0,0,0.3121914923799019,0.3121914923799019
4,1.6000000000000001,320,33.218422237719295,0,0,0,22.269983903234021,0,22.269983903234021,0,0.29999999999999999,-0,2.1551771163841762,0,33.218422237719295,33.218422237719295,0.11072807412573099,0,0,0,20,-2.2699839032340208,0,1.6000000000000001,0,1,0,0,0.31218365418891286,0.31218365418891286
4,1.605,321,33.329799096373314,0,0,0,22.280759443141353,0,22.280759443141353,0,0.29999999999999999,-0,2.1550388387966408,0,33.329799096373314,33.329799096373314,0.11109933032124437,0,0,0,20,-2.2807594431413527,0,1.605,0,1,0,0,0.31217581450613524,0.31217581450613524
4,1.6100000000000001,322,33.441229830998203,0,0,0,22.291534291542689,0,22.291534291542689,0,0.29999999999999999,-0,2.1549005136327204,0,33.441229830998203,33.441229830998203,0.11147076610332735,0,0,0,20,-2.2915342915426891,0,1.6100000000000001,0,1,0,0,0.312167964225049,0.312167964225049
4,1.615,323,33.55271443813583,0,0,0,22.302308448194861,0,22.302308448194861,0,0.29999999999999999,-0,2.1547621387799567,0,33.55271443813583,33.55271443813583,0.11184238146045276,0,0,0,20,-2.3023084481948608,0,1.615,0,1,0,0,0.31216009468365435,0.31216009468365435
4,1.6200000000000001,324,33.664252914326816,0,0,0,22.313081912844204,0,22.313081912844204,0,0.29999999999999999,-0,2.154623712158303,0,33.664252914326816,33.664252914326816,0.11221417638108938,0,0,0,20,-2.3130819128442042,0,1.6200000000000001,0,1,0,0,0.31215219768387625,0.31215219768387625
4,1.625,325,33.775845256110493,0,0,0,22.32385468522676,0,22.32385468522676,0,0.29999999999999999,-0,2.1544852317291494,0,33.775845256110493,33.775845256110493,0.11258615085370165,0,0,0,20,-2.3238546852267596,0,1.625,0,1,0,0,0.31214426550795232,0.31214426550795232
4,1.6300000000000001,326,33.887491460024847,0,0,0,22.334626765068496,0,22.334626765068496,0,0.29999999999999999,-0,2.1543466955038233,0,33.887491460024847,33.887491460024847,0.11295830486674949,0,0,0,20,-2.3346267650684958,0,1.6300000000000001,0,1,0,0,0.31213629093186857,0.31213629093186857
4,1.635,327,33.999191522606473,0,0,0,22.345398152085579,0,22.345398152085579,0,0.29999999999999999,-0,2.1542081015515451,0,33.999191522606473,33.999191522606473,0.11333063840868825,0,0,0,20,-2.3453981520855791,0,1.635,0,1,0,0,0.3121282672359188,0.3121282672359188
4,1.6400000000000001,328,34.110945440390509,0,0,0,22.35616884598468,0,22.35616884598468,0,0.29999999999999999,-0,2.1540694480068097,0,34.110945440390509,34.110945440390509,0.11370315146796836,0,0,0,20,-2.3561688459846799,0,1.6400000000000001,0,1,0,0,0.31212018821247334,0.31212018821247334
4,1.645,329,34.222753209910621,0,0,0,22.366938846463324,0,22.366938846463324,0,0.29999999999999999,-0,2.1539307330761872,0,34.222753209910621,34.222753209910621,0.1140758440330354,0,0,0,20,-2.3669388464633236,0,1.645,0,1,0,0,0.31211204817104971,0.31211204817104971
4,1.6500000000000001,330,34.334614827698928,0,0,0,22.377708153210261,0,22.377708153210261,0,0.29999999999999999,-0,2.153791955044523,0,34.334614827698928,34.334614827698928,0.11444871609232976,0,0,0,20,-2.3777081532102606,0,1.6500000000000001,0,1,0,0,0.31210384194078905,0.31210384194078905
4,1.655,331,34.446530290285978,0,0,0,22.388476765905871,0,22.388476765905871,0,0.29999999999999999,-0,2.1536531122805282,0,34.446530290285978,34.446530290285978,0.11482176763428659,0,0,0,20,-2.388476765905871,0,1.655,0,1,0,0,0.31209556487044504,0.31209556487044504
4,1.6600000000000001,332,34.55849959420069,0,0,0,22.399244684222595,0,22.399244684222595,0,0.29999999999999999,-0,2.1535142032417589,0,34.55849959420069,34.55849959420069,0.11519499864733564,0,0,0,20,-2.3992446842225945,0,1.6600000000000001,0,1,0,0,0.31208721282600249,0.31208721282600249
4,1.665,333,34.670522735970344,0,0,0,22.4100119078254,0,22.4100119078254,0,0.29999999999999999,-0,2.1533752264789761,0,34.670522735970344,34.670522735970344,0.11556840911990114,0,0,0,20,-2.4100119078253996,0,1.665,0,1,0,0,0.31207878218604429,0.31207878218604429
4,1.6699999999999999,334,34.782599712120515,0,0,0,22.420778436372242,0,22.420778436372242,0,0.29999999999999999,-0,2.1532361806398899,0,34.782599712120515,34.782599712120515,0.11594199904040171,0,0,0,20,-2.4207784363722418,0,1.6699999999999999,0,1,0,0,0.31207026983499381,0.31207026983499381
4,1.675,335,34.894730519175056,0,0,0,22.431544269514568,0,22.431544269514568,0,0.29999999999999999,-0,2.1530970644722918,0,34.894730519175056,34.894730519175056,0.11631576839725019,0,0,0,20,-2.4315442695145677,0,1.675,0,1,0,0,0.31206167315436001,0.31206167315436001
4,1.6799999999999999,336,35.00691515365606,0,0,0,22.44230940689782,0,22.44230940689782,0,0.29999999999999999,-0,2.1529578768265845,0,35.00691515365606,35.00691515365606,0.11668971717885353,0,0,0,20,-2.4423094068978202,0,1.6799999999999999,0,1,0,0,0.31205299001211939,0.31205299001211939
4,1.6850000000000001,337,35.119153612083835,0,0,0,22.453073848161949,0,22.453073848161949,0,0.29999999999999999,-0,2.152818616657711,0,35.119153612083835,35.119153612083835,0.11706384537361278,0,0,0,20,-2.4530738481619494,0,1.6850000000000001,0,1,0,0,0.31204421875036642,0.31204421875036642
4,1.6899999999999999,338,35.231445890976872,0,0,0,22.463837592941946,0,22.463837592941946,0,0.29999999999999999,-0,2.1526792830265045,0,35.231445890976872,35.231445890976872,0.11743815296992291,0,0,0,20,-2.463837592941946,0,1.6899999999999999,0,1,0,0,0.31203535817137223,0.31203535817137223
4,1.6950000000000001,339,35.343791986851834,0,0,0,22.474600640868374,0,22.474600640868374,0,0.29999999999999999,-0,2.1525398751004707,0,35.343791986851834,35.343791986851834,0.11781263995617278,0,0,0,20,-2.4746006408683741,0,1.6950000000000001,0,1,0,0,0.31202640752218586,0.31202640752218586
4,1.7,340,35.456191896223515,0,0,0,22.4853629915679,0,22.4853629915679,0,0.29999999999999999,-0,2.1524003921540142,0,35.456191896223515,35.456191896223515,0.11818730632074505,0,0,0,20,-2.4853629915679001,0,1.7,0,1,0,0,0.3120173664779155,0.3120173664779155
4,1.7050000000000001,341,35.568645615604844,0,0,0,22.496124644663833,0,22.496124644663833,0,0.29999999999999999,-0,2.1522608335681426,0,35.568645615604844,35.568645615604844,0.11856215205201615,0,0,0,20,-2.4961246446638334,0,1.7050000000000001,0,1,0,0,0.31200823512382825,0.31200823512382825
4,1.71,342,35.681153141506847,0,0,0,22.506885599776645,0,22.506885599776645,0,0.29999999999999999,-0,2.1521211988296525,0,35.681153141506847,35.681153141506847,0.11893717713835615,0,0,0,20,-2.5068855997766448,0,1.71,0,1,0,0,0.31199901393640245,0.31199901393640245
4,1.7150000000000001,343,35.793714470438665,0,0,0,22.51764585652451,0,22.51764585652451,0,0.29999999999999999,-0,2.1519814875298326,0,35.793714470438665,35.793714470438665,0.11931238156812889,0,0,0,20,-2.5176458565245099,0,1.7150000000000001,0,1,0,0,0.31198970376346891,0.31198970376346891
4,1.72,344,35.906329598907512,0,0,0,22.528405414523814,0,22.528405414523814,0,0.29999999999999999,-0,2.151841699362707,0,35.906329598907512,35.906329598907512,0.11968776532969171,0,0,0,20,-2.5284054145238137,0,1.72,0,1,0,0,0.31198030580357033,0.31198030580357033
4,1.7250000000000001,345,36.018998523418681,0,0,0,22.539164273389666,0,22.539164273389666,0,0.29999999999999999,-0,2.1517018341228384,0,36.018998523418681,36.018998523418681,0.12006332841139561,0,0,0,20,-2.539164273389666,0,1.7250000000000001,0,1,0,0,0.31197082158467221,0.31197082158467221
4,1.73,346,36.131721240475542,0,0,0,22.549922432736395,0,22.549922432736395,0,0.29999999999999999,-0,2.1515618917027268,0,36.131721240475542,36.131721240475542,0.12043907080158514,0,0,0,20,-2.5499224327363947,0,1.73,0,1,0,0,0.31196125294234867,0.31196125294234867
4,1.7350000000000001,347,36.244497746579533,0,0,0,22.560679892178026,0,22.560679892178026,0,0.29999999999999999,-0,2.1514218720898257,0,36.244497746579533,36.244497746579533,0.12081499248859845,0,0,0,20,-2.5606798921780261,0,1.7350000000000001,0,1,0,0,0.31195160199756772,0.31195160199756772
4,1.74,348,36.357328038230172,0,0,0,22.571436651328757,0,22.571436651328757,0,0.29999999999999999,-0,2.1512817753632114,0,36.357328038230172,36.357328038230172,0.12119109346076724,0,0,0,20,-2.5714366513287565,0,1.74,0,1,0,0,0.31194187113419536,0.31194187113419536
4,1.7450000000000001,349,36.470212111925029,0,0,0,22.582192709803401,0,22.582192709803401,0,0.29999999999999999,-0,2.1511416016899281,0,36.470212111925029,36.470212111925029,0.12156737370641676,0,0,0,20,-2.582192709803401,0,1.7450000000000001,0,1,0,0,0.31193206297633252,0.31193206297633252
4,1.75,350,36.583149964159773,0,0,0,22.592948067217819,0,22.592948067217819,0,0.29999999999999999,-0,2.1510013513210429,0,36.583149964159773,36.583149964159773,0.12194383321386591,0,0,0,20,-2.5929480672178187,0,1.75,0,1,0,0,0.31192218036559571,0.31192218036559571
4,1.7550000000000001,351,36.696141591428137,0,0,0,22.603702723189325,0,22.603702723189325,0,0.29999999999999999,-0,2.1508610245874435,0,36.696141591428137,36.696141591428137,0.12232047197142712,0,0,0,20,-2.6037027231893255,0,1.7550000000000001,0,1,0,0,0.31191222633844667,0.31191222633844667
4,1.76,352,36.80918699022196,0,0,0,22.614456677337085,0,22.614456677337085,0,0.29999999999999999,-0,2.1507206218954047,0,36.80918699022196,36.80918699022196,0.12269728996740653,0,0,0,20,-2.6144566773370848,0,1.76,0,1,0,0,0.31190220410367125,0.31190220410367125
4,1.7650000000000001,353,36.922286157031174,0,0,0,22.625209929282466,0,22.625209929282466,0,0.29999999999999999,-0,2.1505801437219563,0,36.922286157031174,36.922286157031174,0.12307428719010391,0,0,0,20,-2.625209929282466,0,1.7650000000000001,0,1,0,0,0.31189211702010322,0.31189211702010322
4,1.77,354,37.035439088343821,0,0,0,22.635962478649397,0,22.635962478649397,0,0.29999999999999999,-0,2.1504395906100826,0,37.035439088343821,37.035439088343821,0.12345146362781274,0,0,0,20,-2.6359624786493967,0,1.77,0,1,0,0,0.31188196857468131,0.31188196857468131
4,1.7750000000000001,355,37.148645780646078,0,0,0,22.646714325064668,0,22.646714325064668,0,0.29999999999999999,-0,2.1502989631637868,0,37.148645780646078,37.148645780646078,0.12382881926882026,0,0,0,20,-2.6467143250646679,0,1.7750000000000001,0,1,0,0,0.3118717623609244,0.3118717623609244
4,1.78,356,37.261906230422262,0,0,0,22.657465468158236,0,22.657465468158236,0,0.29999999999999999,-0,2.1501582620430444,0,37.261906230422262,37.261906230422262,0.12420635410140754,0,0,0,20,-2.6574654681582359,0,1.78,0,1,0,0,0.31186150205790208,0.31186150205790208
4,1.7850000000000001,357,37.375220434154848,0,0,0,22.668215907563486,0,22.668215907563486,0,0.29999999999999999,-0,2.1500174879586753,0,37.375220434154848,37.375220434154848,0.12458406811384949,0,0,0,20,-2.6682159075634857,0,1.7850000000000001,0,1,0,0,0.31185119140977335,0.31185119140977335
4,1.79,358,37.48858838832448,0,0,0,22.678965642917472,0,22.678965642917472,0,0.29999999999999999,-0,2.14987664166717,0,37.48858838832448,37.48858838832448,0.12496196129441493,0,0,0,20,-2.678965642917472,0,1.79,0,1,0,0,0.31184083420595987,0.31184083420595987
4,1.7949999999999999,359,37.602010089410008,0,0,0,22.689714673861136,0,22.689714673861136,0,0.29999999999999999,-0,2.1497357239654877,0,37.602010089410008,37.602010089410008,0.1253400336313667,0,0,0,20,-2.6897146738611362,0,1.7949999999999999,0,1,0,0,0.31183043426201346,0.31183043426201346
4,1.8,360,37.715485533888483,0,0,0,22.700463000039491,0,22.700463000039491,0,0.29999999999999999,-0,2.1495947356858593,0,37.715485533888483,37.715485533888483,0.1257182851129616,0,0,0,20,-2.7004630000394911,0,1.8,0,1,0,0,0.31181999540123267,0.31181999540123267
4,1.8049999999999999,361,37.829014718235207,0,0,0,22.711210621101795,0,22.711210621101795,0,0.29999999999999999,-0,2.1494536776906155,0,37.829014718235207,37.829014718235207,0.12609671572745068,0,0,0,20,-2.7112106211017952,0,1.8049999999999999,0,1,0,0,0.31180952143707708,0.31180952143707708
4,1.8100000000000001,362,37.942597638923729,0,0,0,22.72195753670168,0,22.72195753670168,0,0.29999999999999999,-0,2.1493125508670707,0,37.942597638923729,37.942597638923729,0.1264753254630791,0,0,0,20,-2.7219575367016802,0,1.8100000000000001,0,1,0,0,0.31179901615642225,0.31179901615642225
4,1.8149999999999999,363,38.056234292425884,0,0,0,22.732703746497261,0,22.732703746497261,0,0.29999999999999999,-0,2.1491713561224812,0,38.056234292425884,38.056234292425884,0.12685411430808627,0,0,0,20,-2.7327037464972612,0,1.8149999999999999,0,1,0,0,0.3117884833036913,0.3117884833036913
4,1.8200000000000001,364,38.169924675211803,0,0,0,22.743449250151237,0,22.743449250151237,0,0.29999999999999999,-0,2.1490300943790963,0,38.169924675211803,38.169924675211803,0.12723308225070601,0,0,0,20,-2.7434492501512366,0,1.8200000000000001,0,1,0,0,0.31177792656589559,0.31177792656589559
4,1.825,365,38.283668783749938,0,0,0,22.754194047330941,0,22.754194047330941,0,0.29999999999999999,-0,2.1488887665693319,0,38.283668783749938,38.283668783749938,0.12761222927916646,0,0,0,20,-2.754194047330941,0,1.825,0,1,0,0,0.31176734955860935,0.31176734955860935
4,1.8300000000000001,366,38.397466614507103,0,0,0,22.764938137708384,0,22.764938137708384,0,0.29999999999999999,-0,2.1487473736310778,0,38.397466614507103,38.397466614507103,0.12799155538169035,0,0,0,20,-2.7649381377083841,0,1.8300000000000001,0,1,0,0,0.31175675581290013,0.31175675581290013
4,1.835,367,38.511318163948474,0,0,0,22.775681520960269,0,22.775681520960269,0,0.29999999999999999,-0,2.148605916503159,0,38.511318163948474,38.511318163948474,0.12837106054649491,0,0,0,20,-2.7756815209602692,0,1.835,0,1,0,0,0.31174614876322765,0.31174614876322765
4,1.8400000000000001,368,38.62522342853763,0,0,0,22.786424196767992,0,22.786424196767992,0,0.29999999999999999,-0,2.1484643961209668,0,38.62522342853763,38.62522342853763,0.1287507447617921,0,0,0,20,-2.7864241967679924,0,1.8400000000000001,0,1,0,0,0.31173553173632373,0.31173553173632373
4,1.845,369,38.73918240473656,0,0,0,22.797166164817604,0,22.797166164817604,0,0.29999999999999999,-0,2.1483228134122734,0,38.73918240473656,38.73918240473656,0.12913060801578854,0,0,0,20,-2.7971661648176038,0,1.845,0,1,0,0,0.31172490794105773,0.31172490794105773
4,1.8500000000000001,370,38.853195089005695,0,0,0,22.807907424799765,0,22.807907424799765,0,0.29999999999999999,-0,2.1481811692932475,0,38.853195089005695,38.853195089005695,0.12951065029668565,0,0,0,20,-2.8079074247997653,0,1.8500000000000001,0,1,0,0,0.31171428045928717,0.31171428045928717
4,1.855,371,38.967261477803937,0,0,0,22.818647976409686,0,22.818647976409686,0,0.29999999999999999,-0,2.1480394646646741,0,38.967261477803937,38.967261477803937,0.12989087159267979,0,0,0,20,-2.8186479764096859,0,1.855,0,1,0,0,0.31170365223769125,0.31170365223769125
4,1.8600000000000001,372,39.081381567588672,0,0,0,22.829387819347033,0,22.829387819347033,0,0.29999999999999999,-0,2.1478977004083966,0,39.081381567588672,39.081381567588672,0.13027127189196225,0,0,0,20,-2.8293878193470334,0,1.8600000000000001,0,1,0,0,0.31169302608057781,0.31169302608057781
4,1.865,373,39.195555354815795,0,0,0,22.840126953315828,0,22.840126953315828,0,0.29999999999999999,-0,2.1477558773839882,0,39.195555354815795,39.195555354815795,0.13065185118271933,0,0,0,20,-2.8401269533158278,0,1.865,0,1,0,0,0.31168240464365293,0.31168240464365293
4,1.8700000000000001,374,39.309782835939728,0,0,0,22.85086537802432,0,22.85086537802432,0,0.29999999999999999,-0,2.1476139964256542,0,39.309782835939728,39.309782835939728,0.13103260945313241,0,0,0,20,-2.8508653780243201,0,1.8700000000000001,0,1,0,0,0.31167179042873633,0.31167179042873633
4,1.875,375,39.424064007413456,0,0,0,22.861603093184872,0,22.861603093184872,0,0.29999999999999999,-0,2.1474720583393783,0,39.424064007413456,39.424064007413456,0.1314135466913782,0,0,0,20,-2.8616030931848719,0,1.875,0,1,0,0,0.31166118577940422,0.31166118577940422
4,1.8800000000000001,376,39.538398865688521,0,0,0,22.872340098513796,0,22.872340098513796,0,0.29999999999999999,-0,2.1473300639003132,0,39.538398865688521,39.538398865688521,0.13179466288562841,0,0,0,20,-2.8723400985137957,0,1.8800000000000001,0,1,0,0,0.31165059287753627,0.31165059287753627
4,1.885,377,39.652787407215072,0,0,0,22.883076393731194,0,22.883076393731194,0,0.29999999999999999,-0,2.1471880138504198,0,39.652787407215072,39.652787407215072,0.13217595802405024,0,0,0,20,-2.8830763937311943,0,1.885,0,1,0,0,0.31164001374074179,0.31164001374074179
4,1.8900000000000001,378,39.767229628441854,0,0,0,22.893811978560798,0,22.893811978560798,0,0.29999999999999999,-0,2.147045908896354,0,39.767229628441854,39.767229628441854,0.13255743209480617,0,0,0,20,-2.8938119785607981,0,1.8900000000000001,0,1,0,0,0.31162945022063632,0.31162945022063632
4,1.895,379,39.881725525816243,0,0,0,22.904546852729773,0,22.904546852729773,0,0.29999999999999999,-0,2.1469037497076067,0,39.881725525816243,39.881725525816243,0.13293908508605415,0,0,0,20,-2.9045468527297729,0,1.895,0,1,0,0,0.31161890400193853,0.31161890400193853
4,1.9000000000000001,380,39.996275095784263,0,0,0,22.915281015968539,0,22.915281015968539,0,0.29999999999999999,-0,2.1467615369148896,0,39.996275095784263,39.996275095784263,0.13332091698594753,0,0,0,20,-2.9152810159685387,0,1.9000000000000001,0,1,0,0,0.3116083766023538,0.3116083766023538
4,1.905,381,40.110878334790598,0,0,0,22.926014468010571,0,22.926014468010571,0,0.29999999999999999,-0,2.1466192711087708,0,40.110878334790598,40.110878334790598,0.13370292778263532,0,0,0,20,-2.9260144680105711,0,1.905,0,1,0,0,0.31159786937320927,0.31159786937320927
4,1.9100000000000001,382,40.225535239278599,0,0,0,22.936747208592191,0,22.936747208592191,0,0.29999999999999999,-0,2.1464769528385514,0,40.225535239278599,40.225535239278599,0.13408511746426199,0,0,0,20,-2.9367472085921911,0,1.9100000000000001,0,1,0,0,0.31158738350080484,0.31158738350080484
4,1.915,383,40.340245805690316,0,0,0,22.947479237452367,0,22.947479237452367,0,0.29999999999999999,-0,2.1463345826113858,0,40.340245805690316,40.340245805690316,0.13446748601896771,0,0,0,20,-2.9474792374523666,0,1.915,0,1,0,0,0.31157692000844017,0.31157692000844017
4,1.9199999999999999,384,40.455010030466489,0,0,0,22.958210554332489,0,22.958210554332489,0,0.29999999999999999,-0,2.1461921608916308,0,40.455010030466489,40.455010030466489,0.1348500334348883,0,0,0,20,-2.9582105543324886,0,1.9199999999999999,0,1,0,0,0.31156647975907975,0.31156647975907975
4,1.925,385,40.569827910046577,0,0,0,22.968941158976168,0,22.968941158976168,0,0.29999999999999999,-0,2.1460496881004265,0,40.569827910046577,40.569827910046577,0.13523275970015525,0,0,0,20,-2.9689411589761683,0,1.925,0,1,0,0,0.31155606345861425,0.31155606345861425
4,1.9299999999999999,386,40.684699440868762,0,0,0,22.97967105112901,0,22.97967105112901,0,0.29999999999999999,-0,2.1459071646154975,0,40.684699440868762,40.684699440868762,0.13561566480289589,0,0,0,20,-2.9796710511290101,0,1.9299999999999999,0,1,0,0,0.31154567165967734,0.31154567165967734
4,1.9350000000000001,387,40.799624619369958,0,0,0,22.990400230538398,0,22.990400230538398,0,0.29999999999999999,-0,2.1457645907711655,0,40.799624619369958,40.799624619369958,0.13599874873123319,0,0,0,20,-2.9904002305383983,0,1.9350000000000001,0,1,0,0,0.31153530476597585,0.31153530476597585
4,1.9399999999999999,388,40.914603441985818,0,0,0,23.00112869695328,0,23.00112869695328,0,0.29999999999999999,-0,2.1456219668585708,0,40.914603441985818,40.914603441985818,0.13638201147328607,0,0,0,20,-3.0011286969532804,0,1.9399999999999999,0,1,0,0,0.31152496303709154,0.31152496303709154
4,1.9450000000000001,389,41.029635905150748,0,0,0,23.011856450123954,0,23.011856450123954,0,0.29999999999999999,-0,2.145479293126082,0,41.029635905150748,41.029635905150748,0.13676545301716916,0,0,0,20,-3.011856450123954,0,1.9450000000000001,0,1,0,0,0.31151464659371086,0.31151464659371086
4,1.95,390,41.144722005297901,0,0,0,23.022583489801857,0,23.022583489801857,0,0.29999999999999999,-0,2.1453365697798978,0,41.144722005297901,41.144722005297901,0.13714907335099299,0,0,0,20,-3.0225834898018569,0,1.95,0,1,0,0,0.31150435542324117,0.31150435542324117
4,1.9550000000000001,391,41.2598617388592,0,0,0,23.033309815739344,0,23.033309815739344,0,0.29999999999999999,-0,2.1451937969848225,0,41.2598617388592,41.2598617388592,0.137532872462864,0,0,0,20,-3.0333098157393437,0,1.9550000000000001,0,1,0,0,0.31149408938577094,0.31149408938577094
4,1.96,392,41.375055102265321,0,0,0,23.044035427689501,0,23.044035427689501,0,0.29999999999999999,-0,2.1450509748652027,0,41.375055102265321,41.375055102265321,0.13791685034088441,0,0,0,20,-3.0440354276895008,0,1.96,0,1,0,0,0.31148384822033148,0.31148384822033148
4,1.9650000000000001,393,41.490302091945708,0,0,0,23.054760325405933,0,23.054760325405933,0,0.29999999999999999,-0,2.144908103506022,0,41.490302091945708,41.490302091945708,0.13830100697315237,0,0,0,20,-3.0547603254059332,0,1.9650000000000001,0,1,0,0,0.31147363155141999,0.31147363155141999
4,1.97,394,41.605602704328582,0,0,0,23.065484508642577,0,23.065484508642577,0,0.29999999999999999,-0,2.1447651829541341,0,41.605602704328582,41.605602704328582,0.13868534234776195,0,0,0,20,-3.0654845086425766,0,1.97,0,1,0,0,0.3114634388957418,0.3114634388957418
4,1.9750000000000001,395,41.720956935840924,0,0,0,23.076207977153508,0,23.076207977153508,0,0.29999999999999999,-0,2.1446222132196309,0,41.720956935840924,41.720956935840924,0.13906985645280309,0,0,0,20,-3.0762079771535085,0,1.9750000000000001,0,1,0,0,0.311453269669134,0.311453269669134
4,1.98,396,41.836364782908497,0,0,0,23.086930730692764,0,23.086930730692764,0,0.29999999999999999,-0,2.1444791942773231,0,41.836364782908497,41.836364782908497,0.13945454927636167,0,0,0,20,-3.0869307306927638,0,1.98,0,1,0,0,0.31144312319363004,0.31144312319363004
4,1.9850000000000001,397,41.951826241955821,0,0,0,23.097652769014175,0,23.097652769014175,0,0.29999999999999999,-0,2.1443361260683336,0,41.951826241955821,41.951826241955821,0.1398394208065194,0,0,0,20,-3.0976527690141751,0,1.9850000000000001,0,1,0,0,0.31143299870462726,0.31143299870462726
4,1.99,398,42.067341309406196,0,0,0,23.108374091871191,0,23.108374091871191,0,0.29999999999999999,-0,2.1441930085017842,0,42.067341309406196,42.067341309406196,0.14022447103135399,0,0,0,20,-3.1083740918711911,0,1.99,0,1,0,0,0.31142289535812423,0.31142289535812423
4,1.9950000000000001,399,42.182909981681682,0,0,0,23.119094699016735,0,23.119094699016735,0,0.29999999999999999,-0,2.1440498414565603,0,42.182909981681682,42.182909981681682,0.14060969993893893,0,0,0,20,-3.1190946990167348,0,1.9950000000000001,0,1,0,0,0.31141281223798822,0.31141281223798822
4,2,400,42.298532255203099,0,0,0,23.129814590203047,0,23.129814590203047,0,0.29999999999999999,-0,2.1439066247831589,0,42.298532255203099,42.298532255203099,0.14099510751734368,0,0,0,20,-3.129814590203047,0,2,0,1,0,0,0.31140274836322229,0.31140274836322229
4,2.0049999999999999,401,42.414208126390029,0,0,0,23.140533765181562,0,23.140533765181562,0,0.29999999999999999,-0,2.143763358305582,0,42.414208126390029,42.414208126390029,0.14138069375463344,0,0,0,20,-3.1405337651815621,0,2.0049999999999999,0,1,0,0,0.31139270269519942,0.31139270269519942
4,2.0100000000000002,402,42.529937591660818,0,0,0,23.151252223702766,0,23.151252223702766,0,0.29999999999999999,-0,2.1436200418232909,0,42.529937591660818,42.529937591660818,0.14176645863886939,0,0,0,20,-3.151252223702766,0,2.0100000000000002,0,1,0,0,0.31138267414483173,0.31138267414483173
4,2.0150000000000001,403,42.645720647432547,0,0,0,23.161969965516086,0,23.161969965516086,0,0.29999999999999999,-0,2.1434766751131882,0,42.645720647432547,42.645720647432547,0.14215240215810848,0,0,0,20,-3.1619699655160858,0,2.0150000000000001,0,1,0,0,0.31137266157964805,0.31137266157964805
4,2.02,404,42.761557290121047,0,0,0,23.17268699036978,0,23.17268699036978,0,0.29999999999999999,-0,2.1433332579316331,0,42.761557290121047,42.761557290121047,0.14253852430040348,0,0,0,20,-3.1726869903697796,0,2.02,0,1,0,0,0.31136266383075012,0.31136266383075012
4,2.0249999999999999,405,42.87744751614089,0,0,0,23.183403298010845,0,23.183403298010845,0,0.29999999999999999,-0,2.1431897900164683,0,42.87744751614089,42.87744751614089,0.14292482505380297,0,0,0,20,-3.1834032980108447,0,2.0249999999999999,0,1,0,0,0.31135267969962444,0.31135267969962444
4,2.0300000000000002,406,42.993391321905378,0,0,0,23.194118888184924,0,23.194118888184924,0,0.29999999999999999,-0,2.1430462710890521,0,42.993391321905378,42.993391321905378,0.14331130440635126,0,0,0,20,-3.1941188881849243,0,2.0300000000000002,0,1,0,0,0.3113427079647838,0.3113427079647838
4,2.0350000000000001,407,43.109388703826532,0,0,0,23.204833760636227,0,23.204833760636227,0,0.29999999999999999,-0,2.1429027008562889,0,43.109388703826532,43.109388703826532,0.14369796234608845,0,0,0,20,-3.2048337606362267,0,2.0350000000000001,0,1,0,0,0.31133274738821937,0.31133274738821937
4,2.04,408,43.225439658315103,0,0,0,23.215547915107468,0,23.215547915107468,0,0.29999999999999999,-0,2.1427590790126434,0,43.225439658315103,43.225439658315103,0.14408479886105036,0,0,0,20,-3.215547915107468,0,2.04,0,1,0,0,0.31132279672163937,0.31132279672163937
4,2.0449999999999999,409,43.341544181780542,0,0,0,23.226261351339808,0,23.226261351339808,0,0.29999999999999999,-0,2.1426154052421351,0,43.341544181780542,43.341544181780542,0.14447181393926847,0,0,0,20,-3.226261351339808,0,2.0449999999999999,0,1,0,0,0.31131285471248077,0.31131285471248077
4,2.0499999999999998,410,43.457702270631003,0,0,0,23.236974069072804,0,23.236974069072804,0,0.29999999999999999,-0,2.1424716792202947,0,43.457702270631003,43.457702270631003,0.14485900756877002,0,0,0,20,-3.2369740690728044,0,2.0499999999999998,0,1,0,0,0.31130292010967342,0.31130292010967342
4,2.0550000000000002,411,43.573913921273338,0,0,0,23.247686068044374,0,23.247686068044374,0,0.29999999999999999,-0,2.1423279006160891,0,43.573913921273338,43.573913921273338,0.14524637973757779,0,0,0,20,-3.2476860680443735,0,2.0550000000000002,0,1,0,0,0.31129299166914465,0.31129299166914465
4,2.0600000000000001,412,43.690179130113073,0,0,0,23.258397347990769,0,23.258397347990769,0,0.29999999999999999,-0,2.142184069093795,0,43.690179130113073,43.690179130113073,0.14563393043371023,0,0,0,20,-3.2583973479907691,0,2.0600000000000001,0,1,0,0,0.31128306815904994,0.31128306815904994
4,2.0649999999999999,413,43.806497893554429,0,0,0,23.26910790864655,0,23.26910790864655,0,0.29999999999999999,-0,2.1420401843148209,0,43.806497893554429,43.806497893554429,0.14602165964518143,0,0,0,20,-3.26910790864655,0,2.0649999999999999,0,1,0,0,0.31127314836472081,0.31127314836472081
4,2.0699999999999998,414,43.922870208000276,0,0,0,23.279817749744588,0,23.279817749744588,0,0.29999999999999999,-0,2.1418962459394657,0,43.922870208000276,43.922870208000276,0.14640956736000091,0,0,0,20,-3.2798177497445877,0,2.0699999999999998,0,1,0,0,0.31126323109331694,0.31126323109331694
4,2.0750000000000002,415,44.039296069852163,0,0,0,23.290526871016052,0,23.290526871016052,0,0.29999999999999999,-0,2.1417522536286162,0,44.039296069852163,44.039296069852163,0.14679765356617389,0,0,0,20,-3.290526871016052,0,2.0750000000000002,0,1,0,0,0.31125331517817906,0.31125331517817906
4,2.0800000000000001,416,44.155775475510275,0,0,0,23.301235272190421,0,23.301235272190421,0,0.29999999999999999,-0,2.141608207045369,0,44.155775475510275,44.155775475510275,0.14718591825170091,0,0,0,20,-3.3012352721904215,0,2.0800000000000001,0,1,0,0,0.31124339948287361,0.31124339948287361
4,2.085,417,44.272308421373452,0,0,0,23.311942952995498,0,23.311942952995498,0,0.29999999999999999,-0,2.1414641058565791,0,44.272308421373452,44.272308421373452,0.14757436140457816,0,0,0,20,-3.3119429529954978,0,2.085,0,1,0,0,0.31123348290492636,0.31123348290492636
4,2.0899999999999999,418,44.388894903839159,0,0,0,23.322649913157431,0,23.322649913157431,0,0.29999999999999999,-0,2.1413199497343256,0,44.388894903839159,44.388894903839159,0.1479629830127972,0,0,0,20,-3.3226499131574307,0,2.0899999999999999,0,1,0,0,0.31122356437924215,0.31122356437924215
4,2.0950000000000002,419,44.505534919303493,0,0,0,23.333356152400746,0,23.333356152400746,0,0.29999999999999999,-0,2.1411757383572976,0,44.505534919303493,44.505534919303493,0.14835178306434499,0,0,0,20,-3.3333561524007465,0,2.0950000000000002,0,1,0,0,0.31121364288120784,0.31121364288120784
4,2.1000000000000001,420,44.622228464161175,0,0,0,23.344061670448387,0,23.344061670448387,0,0.29999999999999999,-0,2.1410314714120897,0,44.622228464161175,44.622228464161175,0.14874076154720392,0,0,0,20,-3.3440616704483865,0,2.1000000000000001,0,1,0,0,0.31120371742948233,0.31120371742948233
4,2.105,421,44.738975534805526,0,0,0,23.354766467021744,0,23.354766467021744,0,0.29999999999999999,-0,2.1408871485944072,0,44.738975534805526,44.738975534805526,0.14912991844935175,0,0,0,20,-3.3547664670217436,0,2.105,0,1,0,0,0.31119378708847006,0.31119378708847006
4,2.1099999999999999,422,44.855776127628474,0,0,0,23.365470541840718,0,23.365470541840718,0,0.29999999999999999,-0,2.1407427696101862,0,44.855776127628474,44.855776127628474,0.14951925375876157,0,0,0,20,-3.3654705418407183,0,2.1099999999999999,0,1,0,0,0.31118385097048618,0.31118385097048618
4,2.1150000000000002,423,44.972630239020539,0,0,0,23.376173894623761,0,23.376173894623761,0,0.29999999999999999,-0,2.1405983341766115,0,44.972630239020539,44.972630239020539,0.14990876746340179,0,0,0,20,-3.3761738946237614,0,2.1150000000000002,0,1,0,0,0.31117390823761309,0.31117390823761309
4,2.1200000000000001,424,45.089537865370843,0,0,0,23.386876525087949,0,23.386876525087949,0,0.29999999999999999,-0,2.1404538420230494,0,45.089537865370843,45.089537865370843,0.15029845955123614,0,0,0,20,-3.3868765250879491,0,2.1200000000000001,0,1,0,0,0.31116395810325675,0.31116395810325675
4,2.125,425,45.20649900306708,0,0,0,23.397578432949029,0,23.397578432949029,0,0.29999999999999999,-0,2.1403092928918803,0,45.20649900306708,45.20649900306708,0.15068833001022361,0,0,0,20,-3.3975784329490288,0,2.125,0,1,0,0,0.31115399983340708,0.31115399983340708
4,2.1299999999999999,426,45.323513648495521,0,0,0,23.408279617921497,0,23.408279617921497,0,0.29999999999999999,-0,2.1401646865392379,0,45.323513648495521,45.323513648495521,0.1510783788283184,0,0,0,20,-3.4082796179214974,0,2.1299999999999999,0,1,0,0,0.31114403274761149,0.31114403274761149
4,2.1350000000000002,427,45.440581798041002,0,0,0,23.418980079718668,0,23.418980079718668,0,0.29999999999999999,-0,2.1400200227356572,0,45.440581798041002,45.440581798041002,0.15146860599347001,0,0,0,20,-3.4189800797186685,0,2.1350000000000002,0,1,0,0,0.31113405621966789,0.31113405621966789
4,2.1400000000000001,428,45.557703448086933,0,0,0,23.429679818052744,0,23.429679818052744,0,0.29999999999999999,-0,2.1398753012666245,0,45.557703448086933,45.557703448086933,0.1518590114936231,0,0,0,20,-3.4296798180527439,0,2.1400000000000001,0,1,0,0,0.31112406967804851,0.31112406967804851
4,2.145,429,45.674878595015272,0,0,0,23.440378832634892,0,23.440378832634892,0,0.29999999999999999,-0,2.1397305219330396,0,45.674878595015272,45.674878595015272,0.15224959531671758,0,0,0,20,-3.4403788326348916,0,2.145,0,1,0,0,0.31111407260606327,0.31111407260606327
4,2.1499999999999999,430,45.792107235206544,0,0,0,23.451077123175324,0,23.451077123175324,0,0.29999999999999999,-0,2.1395856845515877,0,45.792107235206544,45.792107235206544,0.15264035745068849,0,0,0,20,-3.4510771231753239,0,2.1499999999999999,0,1,0,0,0.3111040645417727,0.3111040645417727
4,2.1550000000000002,431,45.909389365039807,0,0,0,23.461774689383379,0,23.461774689383379,0,0.29999999999999999,-0,2.1394407889550173,0,45.909389365039807,45.909389365039807,0.15303129788346603,0,0,0,20,-3.461774689383379,0,2.1550000000000002,0,1,0,0,0.31109404507766425,0.31109404507766425
4,2.1600000000000001,432,46.026724980892673,0,0,0,23.472471530967596,0,23.472471530967596,0,0.29999999999999999,-0,2.1392958349923399,0,46.026724980892673,46.026724980892673,0.15342241660297559,0,0,0,20,-3.4724715309675958,0,2.1600000000000001,0,1,0,0,0.31108401386010026,0.31108401386010026
4,2.165,433,46.144114079141289,0,0,0,23.483167647635799,0,23.483167647635799,0,0.29999999999999999,-0,2.1391508225289395,0,46.144114079141289,46.144114079141289,0.15381371359713764,0,0,0,20,-3.4831676476357991,0,2.165,0,1,0,0,0.31107397058855396,0.31107397058855396
4,2.1699999999999999,434,46.261556656160352,0,0,0,23.493863039095185,0,23.493863039095185,0,0.29999999999999999,-0,2.1390057514466068,0,46.261556656160352,46.261556656160352,0.15420518885386783,0,0,0,20,-3.493863039095185,0,2.1699999999999999,0,1,0,0,0.31106391501464176,0.31106391501464176
4,2.1750000000000003,435,46.379052708323073,0,0,0,23.504557705052395,0,23.504557705052395,0,0.29999999999999999,-0,2.1388606216434942,0,46.379052708323073,46.379052708323073,0.1545968423610769,0,0,0,20,-3.5045577050523953,0,2.1750000000000003,0,1,0,0,0.31105384694096938,0.31105384694096938
4,2.1800000000000002,436,46.496602232001216,0,0,0,23.515251645213606,0,23.515251645213606,0,0.29999999999999999,-0,2.138715433033993,0,46.496602232001216,46.496602232001216,0.15498867410667072,0,0,0,20,-3.5152516452136062,0,2.1800000000000002,0,1,0,0,0.31104376621980179,0.31104376621980179
4,2.1850000000000001,437,46.614205223565058,0,0,0,23.525944859284607,0,23.525944859284607,0,0.29999999999999999,-0,2.1385701855485482,0,46.614205223565058,46.614205223565058,0.15538068407855019,0,0,0,20,-3.525944859284607,0,2.1850000000000001,0,1,0,0,0.3110336727515714,0.3110336727515714
4,2.1899999999999999,438,46.731861679383421,0,0,0,23.536637346970874,0,23.536637346970874,0,0.29999999999999999,-0,2.1384248791334,0,46.731861679383421,46.731861679383421,0.1557728722646114,0,0,0,20,-3.5366373469708741,0,2.1899999999999999,0,1,0,0,0.31102356648323976,0.31102356648323976
4,2.1949999999999998,439,46.84957159582364,0,0,0,23.547329107977657,0,23.547329107977657,0,0.29999999999999999,-0,2.1382795137502644,0,46.84957159582364,46.84957159582364,0.15616523865274548,0,0,0,20,-3.5473291079776565,0,2.1949999999999998,0,1,0,0,0.31101344740652354,0.31101344740652354
4,2.2000000000000002,440,46.967334969251574,0,0,0,23.558020142010054,0,23.558020142010054,0,0.29999999999999999,-0,2.1381340893759604,0,46.967334969251574,46.967334969251574,0.15655778323083858,0,0,0,20,-3.5580201420100543,0,2.2000000000000002,0,1,0,0,0.31100331555600036,0.31100331555600036
4,2.2050000000000001,441,47.085151796031624,0,0,0,23.568710448773082,0,23.568710448773082,0,0.29999999999999999,-0,2.1379886060019726,0,47.085151796031624,47.085151796031624,0.15695050598677207,0,0,0,20,-3.5687104487730821,0,2.2050000000000001,0,1,0,0,0.31099317100710877,0.31099317100710877
4,2.21,442,47.2030220725267,0,0,0,23.579400027971747,0,23.579400027971747,0,0.29999999999999999,-0,2.1378430636339725,0,47.2030220725267,47.2030220725267,0.15734340690842233,0,0,0,20,-3.5794000279717473,0,2.21,0,1,0,0,0.31098301387405242,0.31098301387405242
4,2.2149999999999999,443,47.320945795098247,0,0,0,23.590088879311125,0,23.590088879311125,0,0.29999999999999999,-0,2.1376974622912943,0,47.320945795098247,47.320945795098247,0.15773648598366083,0,0,0,20,-3.590088879311125,0,2.2149999999999999,0,1,0,0,0.31097284430762651,0.31097284430762651
4,2.2200000000000002,444,47.438922960106225,0,0,0,23.600777002496418,0,23.600777002496418,0,0.29999999999999999,-0,2.1375518020063593,0,47.438922960106225,47.438922960106225,0.15812974320035408,0,0,0,20,-3.6007770024964181,0,2.2200000000000002,0,1,0,0,0.31096266249297522,0.31096266249297522
4,2.2250000000000001,445,47.556953563909133,0,0,0,23.611464397233021,0,23.611464397233021,0,0.29999999999999999,-0,2.1374060828240777,0,47.556953563909133,47.556953563909133,0.15852317854636377,0,0,0,20,-3.6114643972330214,0,2.2250000000000001,0,1,0,0,0.31095246864729592,0.31095246864729592
4,2.23,446,47.675037602863988,0,0,0,23.622151063226589,0,23.622151063226589,0,0.29999999999999999,-0,2.1372603048012038,0,47.675037602863988,47.675037602863988,0.15891679200954661,0,0,0,20,-3.622151063226589,0,2.23,0,1,0,0,0.31094226301750083,0.31094226301750083
4,2.2349999999999999,447,47.793175073326339,0,0,0,23.632837000183077,0,23.632837000183077,0,0.29999999999999999,-0,2.1371144680056746,0,47.793175073326339,47.793175073326339,0.15931058357775446,0,0,0,20,-3.632837000183077,0,2.2349999999999999,0,1,0,0,0.31093204587784878,0.31093204587784878
4,2.2400000000000002,448,47.91136597165027,0,0,0,23.643522207808818,0,23.643522207808818,0,0.29999999999999999,-0,2.1369685725159147,0,47.91136597165027,47.91136597165027,0.15970455323883423,0,0,0,20,-3.6435222078088181,0,2.2400000000000002,0,1,0,0,0.31092181752755987,0.31092181752755987
4,2.2450000000000001,449,48.029610294188387,0,0,0,23.654206685810557,0,23.654206685810557,0,0.29999999999999999,-0,2.136822618420128,0,48.029610294188387,48.029610294188387,0.16009870098062795,0,0,0,20,-3.6542066858105571,0,2.2450000000000001,0,1,0,0,0.31091157828842203,0.31091157828842203
4,2.25,450,48.147908037291849,0,0,0,23.664890433895504,0,23.664890433895504,0,0.29999999999999999,-0,2.1366766058155719,0,48.147908037291849,48.147908037291849,0.16049302679097283,0,0,0,20,-3.6648904338955042,0,2.25,0,1,0,0,0.31090132850240276,0.31090132850240276
4,2.2549999999999999,451,48.266259197310333,0,0,0,23.675573451771374,0,23.675573451771374,0,0.29999999999999999,-0,2.1365305348078172,0,48.266259197310333,48.266259197310333,0.16088753065770112,0,0,0,20,-3.6755734517713741,0,2.2549999999999999,0,1,0,0,0.31089106852927406,0.31089106852927406
4,2.2600000000000002,452,48.384663770592063,0,0,0,23.686255739146432,0,23.686255739146432,0,0.29999999999999999,-0,2.136384405510003,0,48.384663770592063,48.384663770592063,0.1612822125686402,0,0,0,20,-3.6862557391464321,0,2.2600000000000002,0,1,0,0,0.31088079874426294,0.31088079874426294
4,2.2650000000000001,453,48.503121753483811,0,0,0,23.696937295729523,0,23.696937295729523,0,0.29999999999999999,-0,2.1362382180420867,0,48.503121753483811,48.503121753483811,0.1616770725116127,0,0,0,20,-3.6969372957295228,0,2.2650000000000001,0,1,0,0,0.31087051953573386,0.31087051953573386
4,2.27,454,48.621633142330886,0,0,0,23.707618121230112,0,23.707618121230112,0,0.29999999999999999,-0,2.1360919725300951,0,48.621633142330886,48.621633142330886,0.16207211047443629,0,0,0,20,-3.7076181212301123,0,2.27,0,1,0,0,0.31086023130291485,0.31086023130291485
4,2.2749999999999999,455,48.740197933477155,0,0,0,23.718298215358303,0,23.718298215358303,0,0.29999999999999999,-0,2.1359456691053755,0,48.740197933477155,48.740197933477155,0.16246732644492384,0,0,0,20,-3.7182982153583026,0,2.2749999999999999,0,1,0,0,0.31084993445367287,0.31084993445367287
4,2.2800000000000002,456,48.858816123265029,0,0,0,23.728977577824871,0,23.728977577824871,0,0.29999999999999999,-0,2.1357993079038544,0,48.858816123265029,48.858816123265029,0.16286272041088343,0,0,0,20,-3.728977577824871,0,2.2800000000000002,0,1,0,0,0.31083962940234772,0.31083962940234772
4,2.2850000000000001,457,48.977487708035483,0,0,0,23.73965620834128,0,23.73965620834128,0,0.29999999999999999,-0,2.1356528890653088,0,48.977487708035483,48.977487708035483,0.16325829236011827,0,0,0,20,-3.7396562083412803,0,2.2850000000000001,0,1,0,0,0.31082931656765084,0.31082931656765084
4,2.29,458,49.096212684128041,0,0,0,23.7503341066197,0,23.7503341066197,0,0.29999999999999999,-0,2.1355064127326449,0,49.096212684128041,49.096212684128041,0.16365404228042679,0,0,0,20,-3.7503341066197002,0,2.29,0,1,0,0,0.31081899637063543,0.31081899637063543
4,2.2949999999999999,459,49.214991047880801,0,0,0,23.761011272373025,0,23.761011272373025,0,0.29999999999999999,-0,2.1353598790511987,0,49.214991047880801,49.214991047880801,0.16404997015960268,0,0,0,20,-3.7610112723730253,0,2.2949999999999999,0,1,0,0,0.31080866923274425,0.31080866923274425
4,2.3000000000000003,460,49.333822795630418,0,0,0,23.771687705314875,0,23.771687705314875,0,0.29999999999999999,-0,2.1352132881680466,0,49.333822795630418,49.333822795630418,0.16444607598543473,0,0,0,20,-3.771687705314875,0,2.3000000000000003,0,1,0,0,0.31079833557393921,0.31079833557393921
4,2.3050000000000002,461,49.452707923712119,0,0,0,23.782363405159614,0,23.782363405159614,0,0.29999999999999999,-0,2.1350666402313436,0,49.452707923712119,49.452707923712119,0.16484235974570707,0,0,0,20,-3.7823634051596144,0,2.3050000000000002,0,1,0,0,0.31078799581091843,0.31078799581091843
4,2.3100000000000001,462,49.571646428459708,0,0,0,23.793038371622345,0,23.793038371622345,0,0.29999999999999999,-0,2.1349199353896808,0,49.571646428459708,49.571646428459708,0.16523882142819904,0,0,0,20,-3.7930383716223446,0,2.3100000000000001,0,1,0,0,0.31077765035542521,0.31077765035542521
4,2.3149999999999999,463,49.690638306205564,0,0,0,23.803712604418916,0,23.803712604418916,0,0.29999999999999999,-0,2.1347731737914666,0,49.690638306205564,49.690638306205564,0.16563546102068522,0,0,0,20,-3.8037126044189158,0,2.3149999999999999,0,1,0,0,0.31076729961265048,0.31076729961265048
4,2.3199999999999998,464,49.809683553280649,0,0,0,23.81438610326591,0,23.81438610326591,0,0.29999999999999999,-0,2.1346263555843379,0,49.809683553280649,49.809683553280649,0.16603227851093549,0,0,0,20,-3.8143861032659103,0,2.3199999999999998,0,1,0,0,0.31075694397973375,0.31075694397973375
4,2.3250000000000002,465,49.928782166014507,0,0,0,23.825058867880653,0,23.825058867880653,0,0.29999999999999999,-0,2.1344794809145964,0,49.928782166014507,49.928782166014507,0.16642927388671502,0,0,0,20,-3.825058867880653,0,2.3250000000000002,0,1,0,0,0.31074658384436427,0.31074658384436427
4,2.3300000000000001,466,50.047934140735265,0,0,0,23.835730897981193,0,23.835730897981193,0,0.29999999999999999,-0,2.1343325499266754,0,50.047934140735265,50.047934140735265,0.16682644713578421,0,0,0,20,-3.8357308979811933,0,2.3300000000000001,0,1,0,0,0.31073621958348302,0.31073621958348302
4,2.335,467,50.167139473769659,0,0,0,23.846402193286295,0,23.846402193286295,0,0.29999999999999999,-0,2.1341855627626369,0,50.167139473769659,50.167139473769659,0.16722379824589886,0,0,0,20,-3.8464021932862948,0,2.335,0,1,0,0,0.31072585156208932,0.31072585156208932
4,2.3399999999999999,468,50.286398161443003,0,0,0,23.857072753515425,0,23.857072753515425,0,0.29999999999999999,-0,2.134038519561702,0,50.286398161443003,50.286398161443003,0.16762132720481002,0,0,0,20,-3.8570727535154248,0,2.3399999999999999,0,1,0,0,0.31071548013214967,0.31071548013214967
4,2.3450000000000002,469,50.40571020007922,0,0,0,23.867742578388743,0,23.867742578388743,0,0.29999999999999999,-0,2.1338914204598116,0,50.40571020007922,50.40571020007922,0.16801903400026408,0,0,0,20,-3.8677425783887429,0,2.3450000000000002,0,1,0,0,0.31070510563161308,0.31070510563161308
4,2.3500000000000001,470,50.525075586000831,0,0,0,23.878411667627077,0,23.878411667627077,0,0.29999999999999999,-0,2.133744265589224,0,50.525075586000831,50.525075586000831,0.16841691862000277,0,0,0,20,-3.878411667627077,0,2.3500000000000001,0,1,0,0,0.31069472838352835,0.31069472838352835
4,2.355,471,50.644494315528966,0,0,0,23.889080020951901,0,23.889080020951901,0,0.29999999999999999,-0,2.1335970550781407,0,50.644494315528966,50.644494315528966,0.16881498105176321,0,0,0,20,-3.8890800209519014,0,2.355,0,1,0,0,0.31068434869526618,0.31068434869526618
4,2.3599999999999999,472,50.763966384983362,0,0,0,23.89974763808533,0,23.89974763808533,0,0.29999999999999999,-0,2.1334497890503723,0,50.763966384983362,50.763966384983362,0.16921322128327787,0,0,0,20,-3.89974763808533,0,2.3599999999999999,0,1,0,0,0.31067396685784349,0.31067396685784349
4,2.3650000000000002,473,50.88349179068237,0,0,0,23.910414518750077,0,23.910414518750077,0,0.29999999999999999,-0,2.1333024676250338,0,50.88349179068237,50.88349179068237,0.16961163930227457,0,0,0,20,-3.910414518750077,0,2.3650000000000002,0,1,0,0,0.3106635831453487,0.3106635831453487
4,2.3700000000000001,474,51.003070528942956,0,0,0,23.921080662669443,0,23.921080662669443,0,0.29999999999999999,-0,2.1331550909162784,0,51.003070528942956,51.003070528942956,0.17001023509647653,0,0,0,20,-3.9210806626694428,0,2.3700000000000001,0,1,0,0,0.31065319781446643,0.31065319781446643
4,2.375,475,51.1227025960807,0,0,0,23.931746069567282,0,23.931746069567282,0,0.29999999999999999,-0,2.1330076590330593,0,51.1227025960807,51.1227025960807,0.17040900865360234,0,0,0,20,-3.9317460695672821,0,2.375,0,1,0,0,0.31064281110409891,0.31064281110409891
4,2.3799999999999999,476,51.242387988409803,0,0,0,23.942410739167986,0,23.942410739167986,0,0.29999999999999999,-0,2.1328601720789337,0,51.242387988409803,51.242387988409803,0.170807959961366,0,0,0,20,-3.9424107391679861,0,2.3799999999999999,0,1,0,0,0.31063242323508183,0.31063242323508183
4,2.3850000000000002,477,51.362126702243096,0,0,0,23.95307467119645,0,23.95307467119645,0,0.29999999999999999,-0,2.1327126301518895,0,51.362126702243096,51.362126702243096,0.171207089007477,0,0,0,20,-3.9530746711964504,0,2.3850000000000002,0,1,0,0,0.31062203440999303,0.31062203440999303
4,2.3900000000000001,478,51.481918733892023,0,0,0,23.96373786537804,0,23.96373786537804,0,0.29999999999999999,-0,2.1325650333442137,0,51.481918733892023,51.481918733892023,0.17160639577964007,0,0,0,20,-3.9637378653780395,0,2.3900000000000001,0,1,0,0,0.31061164481304843,0.31061164481304843
4,2.395,479,51.601764079666673,0,0,0,23.974400321438569,0,23.974400321438569,0,0.29999999999999999,-0,2.1324173817423873,0,51.601764079666673,51.601764079666673,0.17200588026555558,0,0,0,20,-3.9744003214385693,0,2.395,0,1,0,0,0.31060125461008414,0.31060125461008414
4,2.3999999999999999,480,51.721662735875753,0,0,0,23.985062039104275,0,23.985062039104275,0,0.29999999999999999,-0,2.132269675427013,0,51.721662735875753,51.721662735875753,0.17240554245291917,0,0,0,20,-3.9850620391042746,0,2.3999999999999999,0,1,0,0,0.31059086394861957,0.31059086394861957
4,2.4050000000000002,481,51.841614698826604,0,0,0,23.995723018101774,0,23.995723018101774,0,0.29999999999999999,-0,2.1321219144727723,0,51.841614698826604,51.841614698826604,0.17280538232942202,0,0,0,20,-3.9957230181017742,0,2.4050000000000002,0,1,0,0,0.31058047295799962,0.31058047295799962
4,2.4100000000000001,482,51.961619964825204,0,0,0,24.006383258158053,0,24.006383258158053,0,0.29999999999999999,-0,2.1319740989484117,0,51.961619964825204,51.961619964825204,0.17320539988275069,0,0,0,20,-4.0063832581580527,0,2.4100000000000001,0,1,0,0,0.31057008174960926,0.31057008174960926
4,2.415,483,52.081678530176163,0,0,0,24.017042759000415,0,24.017042759000415,0,0.29999999999999999,-0,2.1318262289167564,0,52.081678530176163,52.081678530176163,0.17360559510058721,0,0,0,20,-4.0170427590004145,0,2.415,0,1,0,0,0.31055969041715964,0.31055969041715964
4,2.4199999999999999,484,52.201790391182733,0,0,0,24.027701520356469,0,24.027701520356469,0,0.29999999999999999,-0,2.1316783044347507,0,52.201790391182733,52.201790391182733,0.1740059679706091,0,0,0,20,-4.0277015203564694,0,2.4199999999999999,0,1,0,0,0.31054929903703832,0.31054929903703832
4,2.4250000000000003,485,52.321955544146796,0,0,0,24.038359541954097,0,24.038359541954097,0,0.29999999999999999,-0,2.1315303255535234,0,52.321955544146796,52.321955544146796,0.17440651848048933,0,0,0,20,-4.0383595419540974,0,2.4250000000000003,0,1,0,0,0.3105389076687215,0.3105389076687215
4,2.4300000000000002,486,52.442173985368889,0,0,0,24.049016823521416,0,24.049016823521416,0,0.29999999999999999,-0,2.1313822923184778,0,52.442173985368889,52.442173985368889,0.17480724661789629,0,0,0,20,-4.0490168235214163,0,2.4300000000000002,0,1,0,0,0.31052851635524364,0.31052851635524364
4,2.4350000000000001,487,52.562445711148172,0,0,0,24.059673364786761,0,24.059673364786761,0,0.29999999999999999,-0,2.1312342047694037,0,52.562445711148172,52.562445711148172,0.17520815237049392,0,0,0,20,-4.0596733647867609,0,2.4350000000000001,0,1,0,0,0.3105181251237179,0.3105181251237179
4,2.4399999999999999,488,52.682770717782461,0,0,0,24.070329165478647,0,24.070329165478647,0,0.29999999999999999,-0,2.1310860629406077,0,52.682770717782461,52.682770717782461,0.17560923572594153,0,0,0,20,-4.0703291654786469,0,2.4399999999999999,0,1,0,0,0.31050773398590559,0.31050773398590559
4,2.4449999999999998,489,52.803149001568215,0,0,0,24.08098422532575,0,24.08098422532575,0,0.29999999999999999,-0,2.1309378668610695,0,52.803149001568215,52.803149001568215,0.17601049667189406,0,0,0,20,-4.08098422532575,0,2.4449999999999998,0,1,0,0,0.31049734293882852,0.31049734293882852
4,2.4500000000000002,490,52.923580558800523,0,0,0,24.091638544056881,0,24.091638544056881,0,0.29999999999999999,-0,2.1307896165546087,0,52.923580558800523,52.923580558800523,0.17641193519600173,0,0,0,20,-4.091638544056881,0,2.4500000000000002,0,1,0,0,0.31048695196542025,0.31048695196542025
4,2.4550000000000001,491,53.044065385773138,0,0,0,24.10229212140095,0,24.10229212140095,0,0.29999999999999999,-0,2.1306413120400745,0,53.044065385773138,53.044065385773138,0.17681355128591045,0,0,0,20,-4.10229212140095,0,2.4550000000000001,0,1,0,0,0.31047656103521104,0.31047656103521104
4,2.46,492,53.164603478778439,0,0,0,24.112944957086956,0,24.112944957086956,0,0.29999999999999999,-0,2.1304929533315438,0,53.164603478778439,53.164603478778439,0.17721534492926147,0,0,0,20,-4.1129449570869561,0,2.46,0,1,0,0,0.31046617010504313,0.31046617010504313
4,2.4649999999999999,493,53.285194834107457,0,0,0,24.123597050843955,0,24.123597050843955,0,0.29999999999999999,-0,2.1303445404385388,0,53.285194834107457,53.285194834107457,0.17761731611369153,0,0,0,20,-4.123597050843955,0,2.4649999999999999,0,1,0,0,0.31045577911981076,0.31045577911981076
4,2.4700000000000002,494,53.405839448049875,0,0,0,24.134248402401042,0,24.134248402401042,0,0.29999999999999999,-0,2.1301960733662533,0,53.405839448049875,53.405839448049875,0.17801946482683292,0,0,0,20,-4.1342484024010417,0,2.4700000000000002,0,1,0,0,0.31044538801322191,0.31044538801322191
4,2.4750000000000001,495,53.526537316894014,0,0,0,24.144899011487322,0,24.144899011487322,0,0.29999999999999999,-0,2.1300475521157884,0,53.526537316894014,53.526537316894014,0.17842179105631339,0,0,0,20,-4.1448990114873219,0,2.4750000000000001,0,1,0,0,0.31043499670857627,0.31043499670857627
4,2.48,496,53.647288436926843,0,0,0,24.155548877831897,0,24.155548877831897,0,0.29999999999999999,-0,2.1298989766843999,0,53.647288436926843,53.647288436926843,0.17882429478975614,0,0,0,20,-4.1555488778318974,0,2.48,0,1,0,0,0.31042460511955561,0.31042460511955561
4,2.4849999999999999,497,53.768092804433977,0,0,0,24.166198001163853,0,24.166198001163853,0,0.29999999999999999,-0,2.1297503470657495,0,53.768092804433977,53.768092804433977,0.17922697601477991,0,0,0,20,-4.1661980011638526,0,2.4849999999999999,0,1,0,0,0.31041421315102358,0.31041421315102358
4,2.4900000000000002,498,53.888950415699675,0,0,0,24.176846381212226,0,24.176846381212226,0,0.29999999999999999,-0,2.1296016632501651,0,53.888950415699675,53.888950415699675,0.1796298347189989,0,0,0,20,-4.1768463812122256,0,2.4900000000000002,0,1,0,0,0.3104038206998293,0.3104038206998293
4,2.4950000000000001,499,54.009861267006841,0,0,0,24.187494017706005,0,24.187494017706005,0,0.29999999999999999,-0,2.1294529252249017,0,54.009861267006841,54.009861267006841,0.18003287089002279,0,0,0,20,-4.1874940177060047,0,2.4950000000000001,0,1,0,0,0.31039342765561306,0.31039342765561306
4,2.5,500,54.130825354637025,0,0,0,24.1981409103741,0,24.1981409103741,0,0.29999999999999999,-0,2.1293041329744109,0,54.130825354637025,54.130825354637025,0.18043608451545676,0,0,0,20,-4.1981409103741001,0,2.5,0,1,0,0,0.31038303390160815,0.31038303390160815
4,2.5049999999999999,501,54.251842674870417,0,0,0,24.208787058945344,0,24.208787058945344,0,0.29999999999999999,-0,2.129155286480604,0,54.251842674870417,54.251842674870417,0.18083947558290139,0,0,0,20,-4.2087870589453438,0,2.5049999999999999,0,1,0,0,0.31037263931543746,0.31037263931543746
4,2.5100000000000002,502,54.372913223985861,0,0,0,24.219432463148468,0,24.219432463148468,0,0.29999999999999999,-0,2.1290063857231258,0,54.372913223985861,54.372913223985861,0.18124304407995287,0,0,0,20,-4.2194324631484683,0,2.5100000000000002,0,1,0,0,0.31036224376990118,0.31036224376990118
4,2.5150000000000001,503,54.494036998260839,0,0,0,24.2300771227121,0,24.2300771227121,0,0.29999999999999999,-0,2.1288574306796151,0,54.494036998260839,54.494036998260839,0.18164678999420281,0,0,0,20,-4.2300771227120997,0,2.5150000000000001,0,1,0,0,0.31035184713375136,0.31035184713375136
4,2.52,504,54.615213993971466,0,0,0,24.240721037364747,0,24.240721037364747,0,0.29999999999999999,-0,2.1287084213259755,0,54.615213993971466,54.615213993971466,0.18205071331323822,0,0,0,20,-4.2407210373647466,0,2.52,0,1,0,0,0.31034144927245172,0.31034144927245172
4,2.5249999999999999,505,54.736444207392516,0,0,0,24.251364206834797,0,24.251364206834797,0,0.29999999999999999,-0,2.1285593576366328,0,54.736444207392516,54.736444207392516,0.18245481402464173,0,0,0,20,-4.251364206834797,0,2.5249999999999999,0,1,0,0,0.3103310500489197,0.3103310500489197
4,2.5300000000000002,506,54.857727634797392,0,0,0,24.262006630850507,0,24.262006630850507,0,0.29999999999999999,-0,2.1284102395847966,0,54.857727634797392,54.857727634797392,0.1828590921159913,0,0,0,20,-4.2620066308505073,0,2.5300000000000002,0,1,0,0,0.3103206493242478,0.3103206493242478
4,2.5350000000000001,507,54.979064272458146,0,0,0,24.272648309139996,0,24.272648309139996,0,0.29999999999999999,-0,2.1282610671427085,0,54.979064272458146,54.979064272458146,0.18326354757486049,0,0,0,20,-4.2726483091399956,0,2.5350000000000001,0,1,0,0,0.31031024695840276,0.31031024695840276
4,2.54,508,55.100454116645466,0,0,0,24.283289241431238,0,24.283289241431238,0,0.29999999999999999,-0,2.1281118402818917,0,55.100454116645466,55.100454116645466,0.18366818038881821,0,0,0,20,-4.2832892414312376,0,2.54,0,1,0,0,0.31029984281089945,0.31029984281089945
4,2.5449999999999999,509,55.221897163628675,0,0,0,24.293929427452067,0,24.293929427452067,0,0.29999999999999999,-0,2.1279625589733882,0,55.221897163628675,55.221897163628675,0.18407299054542892,0,0,0,20,-4.293929427452067,0,2.5449999999999999,0,1,0,0,0.31028943674144827,0.31028943674144827
4,2.5500000000000003,510,55.343393409675748,0,0,0,24.304568866930175,0,24.304568866930175,0,0.29999999999999999,-0,2.1278132231879896,0,55.343393409675748,55.343393409675748,0.18447797803225249,0,0,0,20,-4.3045688669301754,0,2.5500000000000003,0,1,0,0,0.31027902861057433,0.31027902861057433
4,2.5550000000000002,511,55.464942851053287,0,0,0,24.315207559593102,0,24.315207559593102,0,0.29999999999999999,-0,2.1276638328964617,0,55.464942851053287,55.464942851053287,0.18488314283684429,0,0,0,20,-4.3152075595931016,0,2.5550000000000002,0,1,0,0,0.31026861828020647,0.31026861828020647
4,2.5600000000000001,512,55.586545484026537,0,0,0,24.325845505168246,0,24.325845505168246,0,0.29999999999999999,-0,2.1275143880697565,0,55.586545484026537,55.586545484026537,0.18528848494675512,0,0,0,20,-4.3258455051682461,0,2.5600000000000001,0,1,0,0,0.31025820561423528,0.31025820561423528
4,2.5649999999999999,513,55.708201304859372,0,0,0,24.33648270338286,0,24.33648270338286,0,0.29999999999999999,-0,2.1273648886792151,0,55.708201304859372,55.708201304859372,0.18569400434953123,0,0,0,20,-4.3364827033828597,0,2.5649999999999999,0,1,0,0,0.31024779047903861,0.31024779047903861
4,2.5699999999999998,514,55.829910309814309,0,0,0,24.347119153964051,0,24.347119153964051,0,0.29999999999999999,-0,2.1272153346967637,0,55.829910309814309,55.829910309814309,0.18609970103271437,0,0,0,20,-4.3471191539640515,0,2.5699999999999998,0,1,0,0,0.31023737274397362,0.31023737274397362
4,2.5750000000000002,515,55.951672495152501,0,0,0,24.357754856638795,0,24.357754856638795,0,0.29999999999999999,-0,2.1270657260950934,0,55.951672495152501,55.951672495152501,0.18650557498384168,0,0,0,20,-4.3577548566387954,0,2.5750000000000002,0,1,0,0,0.31022695228183572,0.31022695228183572
4,2.5800000000000001,516,56.073487857133728,0,0,0,24.368389811133927,0,24.368389811133927,0,0.29999999999999999,-0,2.1269160628478327,0,56.073487857133728,56.073487857133728,0.18691162619044577,0,0,0,20,-4.3683898111339268,0,2.5800000000000001,0,1,0,0,0.31021652896928159,0.31021652896928159
4,2.585,517,56.195356392016414,0,0,0,24.379024017176153,0,24.379024017176153,0,0.29999999999999999,-0,2.1267663449297078,0,56.195356392016414,56.195356392016414,0.18731785464005471,0,0,0,20,-4.3790240171761532,0,2.585,0,1,0,0,0.31020610268721788,0.31020610268721788
4,2.5899999999999999,518,56.317278096057613,0,0,0,24.389657474492065,0,24.389657474492065,0,0.29999999999999999,-0,2.1266165723166917,0,56.317278096057613,56.317278096057613,0.18772426032019204,0,0,0,20,-4.3896574744920649,0,2.5899999999999999,0,1,0,0,0.31019567332115511,0.31019567332115511
4,2.5950000000000002,519,56.439252965513006,0,0,0,24.400290182808124,0,24.400290182808124,0,0.29999999999999999,-0,2.126466744986137,0,56.439252965513006,56.439252965513006,0.1881308432183767,0,0,0,20,-4.4002901828081242,0,2.5950000000000002,0,1,0,0,0.3101852407615257,0.3101852407615257
4,2.6000000000000001,520,56.56128099663691,0,0,0,24.410922141850694,0,24.410922141850694,0,0.29999999999999999,-0,2.1263168629169051,0,56.56128099663691,56.56128099663691,0.18853760332212302,0,0,0,20,-4.4109221418506941,0,2.6000000000000001,0,1,0,0,0.31017480490396687,0.31017480490396687
4,2.605,521,56.68336218568227,0,0,0,24.421553351346031,0,24.421553351346031,0,0.29999999999999999,-0,2.1261669260894749,0,56.68336218568227,56.68336218568227,0.18894454061894089,0,0,0,20,-4.4215533513460308,0,2.605,0,1,0,0,0.31016436564956879,0.31016436564956879
4,2.6099999999999999,522,56.805496528900669,0,0,0,24.432183811020295,0,24.432183811020295,0,0.29999999999999999,-0,2.1260169344860458,0,56.805496528900669,56.805496528900669,0.18935165509633556,0,0,0,20,-4.4321838110202947,0,2.6099999999999999,0,1,0,0,0.31015392290508803,0.31015392290508803
4,2.6150000000000002,523,56.927684022542316,0,0,0,24.442813520599568,0,24.442813520599568,0,0.29999999999999999,-0,2.125866888090624,0,56.927684022542316,56.927684022542316,0.18975894674180771,0,0,0,20,-4.442813520599568,0,2.6150000000000002,0,1,0,0,0.31014347658312769,0.31014347658312769
4,2.6200000000000001,524,57.04992466285605,0,0,0,24.453442479809855,0,24.453442479809855,0,0.29999999999999999,-0,2.1257167868890994,0,57.04992466285605,57.04992466285605,0.19016641554285349,0,0,0,20,-4.4534424798098549,0,2.6200000000000001,0,1,0,0,0.31013302660228292,0.31013302660228292
4,2.625,525,57.172218446089339,0,0,0,24.464070688377095,0,24.464070688377095,0,0.29999999999999999,-0,2.125566630869312,0,57.172218446089339,57.172218446089339,0.19057406148696446,0,0,0,20,-4.4640706883770953,0,2.625,0,1,0,0,0.31012257288725487,0.31012257288725487
4,2.6299999999999999,526,57.294565368488286,0,0,0,24.474698146027169,0,24.474698146027169,0,0.29999999999999999,-0,2.1254164200211023,0,57.294565368488286,57.294565368488286,0.19098188456162762,0,0,0,20,-4.4746981460271691,0,2.6299999999999999,0,1,0,0,0.31011211536893257,0.31011211536893257
4,2.6350000000000002,527,57.416965426297622,0,0,0,24.485324852485913,0,24.485324852485913,0,0.29999999999999999,-0,2.1252661543363565,0,57.416965426297622,57.416965426297622,0.19138988475432542,0,0,0,20,-4.4853248524859133,0,2.6350000000000002,0,1,0,0,0.31010165398444434,0.31010165398444434
4,2.6400000000000001,528,57.539418615760702,0,0,0,24.495950807479129,0,24.495950807479129,0,0.29999999999999999,-0,2.125115833809033,0,57.539418615760702,57.539418615760702,0.19179806205253566,0,0,0,20,-4.4959508074791295,0,2.6400000000000001,0,1,0,0,0.31009118867717889,0.31009118867717889
4,2.645,529,57.661924933119515,0,0,0,24.506576010732594,0,24.506576010732594,0,0.29999999999999999,-0,2.1249654584351876,0,57.661924933119515,57.661924933119515,0.19220641644373171,0,0,0,20,-4.5065760107325943,0,2.645,0,1,0,0,0.31008071939677878,0.31008071939677878
4,2.6499999999999999,530,57.784484374614671,0,0,0,24.517200461972067,0,24.517200461972067,0,0.29999999999999999,-0,2.124815028212979,0,57.784484374614671,57.784484374614671,0.19261494791538222,0,0,0,20,-4.5172004619720667,0,2.6499999999999999,0,1,0,0,0.31007024609910627,0.31007024609910627
4,2.6550000000000002,531,57.907096936485416,0,0,0,24.527824160923309,0,24.527824160923309,0,0.29999999999999999,-0,2.1246645431426727,0,57.907096936485416,57.907096936485416,0.1930236564549514,0,0,0,20,-4.5278241609233092,0,2.6550000000000002,0,1,0,0,0.31005976874618296,0.31005976874618296
4,2.6600000000000001,532,58.029762614969627,0,0,0,24.538447107312084,0,24.538447107312084,0,0.29999999999999999,-0,2.1245140032266283,0,58.029762614969627,58.029762614969627,0.19343254204989876,0,0,0,20,-4.5384471073120842,0,2.6600000000000001,0,1,0,0,0.31004928730610526,0.31004928730610526
4,2.665,533,58.152481406303806,0,0,0,24.549069300864172,0,24.549069300864172,0,0.29999999999999999,-0,2.1243634084692831,0,58.152481406303806,58.152481406303806,0.19384160468767936,0,0,0,20,-4.549069300864172,0,2.665,0,1,0,0,0.31003880175293658,0.31003880175293658
4,2.6699999999999999,534,58.275253306723087,0,0,0,24.559690741305385,0,24.559690741305385,0,0.29999999999999999,-0,2.124212758877122,0,58.275253306723087,58.275253306723087,0.19425084435574363,0,0,0,20,-4.5596907413053849,0,2.6699999999999999,0,1,0,0,0.31002831206657755,0.31002831206657755
4,2.6750000000000003,535,58.398078312461223,0,0,0,24.570311428361567,0,24.570311428361567,0,0.29999999999999999,-0,2.1240620544586477,0,58.398078312461223,58.398078312461223,0.19466026104153741,0,0,0,20,-4.5703114283615669,0,2.6750000000000003,0,1,0,0,0.31001781823261659,0.31001781823261659
4,2.6800000000000002,536,58.520956419750604,0,0,0,24.580931361758612,0,24.580931361758612,0,0.29999999999999999,-0,2.1239112952243309,0,58.520956419750604,58.520956419750604,0.19506985473250202,0,0,0,20,-4.580931361758612,0,2.6800000000000002,0,1,0,0,0.31000732024216082,0.31000732024216082
4,2.6850000000000001,537,58.643887624822256,0,0,0,24.591550541222471,0,24.591550541222471,0,0.29999999999999999,-0,2.1237604811865665,0,58.643887624822256,58.643887624822256,0.19547962541607419,0,0,0,20,-4.5915505412224711,0,2.6850000000000001,0,1,0,0,0.30999681809165125,0.30999681809165125
4,2.6899999999999999,538,58.766871923905818,0,0,0,24.602168966479162,0,24.602168966479162,0,0.29999999999999999,-0,2.1236096123596133,0,58.766871923905818,58.766871923905818,0.19588957307968605,0,0,0,20,-4.6021689664791623,0,2.6899999999999999,0,1,0,0,0.30998631178266051,0.30998631178266051
4,2.6949999999999998,539,58.889909313229573,0,0,0,24.612786637254779,0,24.612786637254779,0,0.29999999999999999,-0,2.1234586887595324,0,58.889909313229573,58.889909313229573,0.19629969771076525,0,0,0,20,-4.6127866372547786,0,2.6949999999999998,0,1,0,0,0.30997580132167796,0.30997580132167796
4,2.7000000000000002,540,59.012999789020434,0,0,0,24.623403553275498,0,24.623403553275498,0,0.29999999999999999,-0,2.1233077104041209,0,59.012999789020434,59.012999789020434,0.19670999929673477,0,0,0,20,-4.623403553275498,0,2.7000000000000002,0,1,0,0,0.30996528671988188,0.30996528671988188
4,2.7050000000000001,541,59.136143347503946,0,0,0,24.634019714267591,0,24.634019714267591,0,0.29999999999999999,-0,2.1231566773128354,0,59.136143347503946,59.136143347503946,0.19712047782501316,0,0,0,20,-4.6340197142675912,0,2.7050000000000001,0,1,0,0,0.30995476799289995,0.30995476799289995
4,2.71,542,59.259339984904273,0,0,0,24.644635119957432,0,24.644635119957432,0,0.29999999999999999,-0,2.1230055895067186,0,59.259339984904273,59.259339984904273,0.19753113328301425,0,0,0,20,-4.6446351199574316,0,2.71,0,1,0,0,0.30994424516056152,0.30994424516056152
4,2.7149999999999999,543,59.382589697444224,0,0,0,24.655249770071503,0,24.655249770071503,0,0.29999999999999999,-0,2.1228544470083146,0,59.382589697444224,59.382589697444224,0.19794196565814742,0,0,0,20,-4.655249770071503,0,2.7149999999999999,0,1,0,0,0.30993371824664001,0.30993371824664001
4,2.7200000000000002,544,59.505892481345235,0,0,0,24.665863664336399,0,24.665863664336399,0,0.29999999999999999,-0,2.1227032498415874,0,59.505892481345235,59.505892481345235,0.19835297493781745,0,0,0,20,-4.6658636643363991,0,2.7200000000000002,0,1,0,0,0.30992318727859136,0.30992318727859136
4,2.7250000000000001,545,59.62924833282738,0,0,0,24.676476802478845,0,24.676476802478845,0,0.29999999999999999,-0,2.1225519980318306,0,59.62924833282738,59.62924833282738,0.1987641611094246,0,0,0,20,-4.6764768024788452,0,2.7250000000000001,0,1,0,0,0.30991265228728476,0.30991265228728476
4,2.73,546,59.752657248109365,0,0,0,24.687089184225691,0,24.687089184225691,0,0.29999999999999999,-0,2.1224006916055811,0,59.752657248109365,59.752657248109365,0.19917552416036455,0,0,0,20,-4.687089184225691,0,2.73,0,1,0,0,0.30990211330673118,0.30990211330673118
4,2.7349999999999999,547,59.876119223408523,0,0,0,24.697700809303921,0,24.697700809303921,0,0.29999999999999999,-0,2.1222493305905226,0,59.876119223408523,59.876119223408523,0.1995870640780284,0,0,0,20,-4.697700809303921,0,2.7349999999999999,0,1,0,0,0.30989157037380949,0.30989157037380949
4,2.7400000000000002,548,59.999634254940837,0,0,0,24.708311677440662,0,24.708311677440662,0,0.29999999999999999,-0,2.1220979150153996,0,59.999634254940837,59.999634254940837,0.1999987808498028,0,0,0,20,-4.7083116774406619,0,2.7400000000000002,0,1,0,0,0.30988102352799063,0.30988102352799063
4,2.7450000000000001,549,60.123202338920912,0,0,0,24.71892178836319,0,24.71892178836319,0,0.29999999999999999,-0,2.1219464449099164,0,60.123202338920912,60.123202338920912,0.2004106744630697,0,0,0,20,-4.7189217883631898,0,2.7450000000000001,0,1,0,0,0.30987047281106328,0.30987047281106328
4,2.75,550,60.246823471561996,0,0,0,24.729531141798926,0,24.729531141798926,0,0.29999999999999999,-0,2.1217949203046502,0,60.246823471561996,60.246823471561996,0.20082274490520666,0,0,0,20,-4.7295311417989261,0,2.75,0,1,0,0,0.3098599182668596,0.3098599182668596
4,2.7549999999999999,551,60.370497649075972,0,0,0,24.740139737475452,0,24.740139737475452,0,0.29999999999999999,-0,2.1216433412309512,0,60.370497649075972,60.370497649075972,0.20123499216358656,0,0,0,20,-4.7401397374754524,0,2.7549999999999999,0,1,0,0,0.30984935994098439,0.30984935994098439
4,2.7600000000000002,552,60.494224867673367,0,0,0,24.750747575120506,0,24.750747575120506,0,0.29999999999999999,-0,2.1214917077208519,0,60.494224867673367,60.494224867673367,0.20164741622557789,0,0,0,20,-4.7507475751205064,0,2.7600000000000002,0,1,0,0,0.30983879788054797,0.30983879788054797
4,2.7650000000000001,553,60.618005123563343,0,0,0,24.761354654461986,0,24.761354654461986,0,0.29999999999999999,-0,2.1213400198069765,0,60.618005123563343,60.618005123563343,0.20206001707854448,0,0,0,20,-4.7613546544619858,0,2.7650000000000001,0,1,0,0,0.30982823213390265,0.30982823213390265
4,2.77,554,60.741838412953697,0,0,0,24.771960975227955,0,24.771960975227955,0,0.29999999999999999,-0,2.1211882775224447,0,60.741838412953697,60.741838412953697,0.20247279470984567,0,0,0,20,-4.7719609752279553,0,2.77,0,1,0,0,0.30981766275038658,0.30981766275038658
4,2.7749999999999999,555,60.865724732050879,0,0,0,24.782566537146646,0,24.782566537146646,0,0.29999999999999999,-0,2.1210364809007864,0,60.865724732050879,60.865724732050879,0.20288574910683627,0,0,0,20,-4.7825665371466464,0,2.7749999999999999,0,1,0,0,0.30980708978007199,0.30980708978007199
4,2.7800000000000002,556,60.98966407705997,0,0,0,24.793171339946458,0,24.793171339946458,0,0.29999999999999999,-0,2.120884629975853,0,60.98966407705997,60.98966407705997,0.20329888025686657,0,0,0,20,-4.7931713399464577,0,2.7800000000000002,0,1,0,0,0.30979651327352287,0.30979651327352287
4,2.7850000000000001,557,61.113656444184699,0,0,0,24.803775383355955,0,24.803775383355955,0,0.29999999999999999,-0,2.1207327247817291,0,61.113656444184699,61.113656444184699,0.20371218814728234,0,0,0,20,-4.8037753833559549,0,2.7850000000000001,0,1,0,0,0.3097859332815589,0.3097859332815589
4,2.79,558,61.237701829627433,0,0,0,24.814378667103881,0,24.814378667103881,0,0.29999999999999999,-0,2.1205807653526541,0,61.237701829627433,61.237701829627433,0.20412567276542479,0,0,0,20,-4.8143786671038811,0,2.79,0,1,0,0,0.30977534985502991,0.30977534985502991
4,2.7949999999999999,559,61.361800229589186,0,0,0,24.824981190919146,0,24.824981190919146,0,0.29999999999999999,-0,2.1204287517229394,0,61.361800229589186,61.361800229589186,0.20453933409863062,0,0,0,20,-4.8249811909191465,0,2.7949999999999999,0,1,0,0,0.30976476304459793,0.30976476304459793
4,2.8000000000000003,560,61.485951640269619,0,0,0,24.835582954530832,0,24.835582954530832,0,0.29999999999999999,-0,2.1202766839268912,0,61.485951640269619,61.485951640269619,0.20495317213423206,0,0,0,20,-4.8355829545308318,0,2.8000000000000003,0,1,0,0,0.30975417290053109,0.30975417290053109
4,2.8050000000000002,561,61.610156057867037,0,0,0,24.846183957668192,0,24.846183957668192,0,0.29999999999999999,-0,2.1201245619987397,0,61.610156057867037,61.610156057867037,0.20536718685955679,0,0,0,20,-4.8461839576681918,0,2.8050000000000002,0,1,0,0,0.30974357947250647,0.30974357947250647
4,2.8100000000000001,562,61.734413478578389,0,0,0,24.856784200060652,0,24.856784200060652,0,0.29999999999999999,-0,2.1199723859725657,0,61.734413478578389,61.734413478578389,0.20578137826192797,0,0,0,20,-4.8567842000606518,0,2.8100000000000001,0,1,0,0,0.30973298280942468,0.30973298280942468
4,2.8149999999999999,563,61.85872389859928,0,0,0,24.867383681437808,0,24.867383681437808,0,0.29999999999999999,-0,2.119820155882234,0,61.85872389859928,61.85872389859928,0.20619574632866428,0,0,0,20,-4.8673836814378078,0,2.8149999999999999,0,1,0,0,0.30972238295923538,0.30972238295923538
4,2.8199999999999998,564,61.983087314123956,0,0,0,24.877982401529422,0,24.877982401529422,0,0.29999999999999999,-0,2.1196678717613353,0,61.983087314123956,61.983087314123956,0.20661029104707984,0,0,0,20,-4.8779824015294224,0,2.8199999999999998,0,1,0,0,0.30971177996877464,0.30971177996877464
4,2.8250000000000002,565,62.107503721345317,0,0,0,24.888580360065426,0,24.888580360065426,0,0.29999999999999999,-0,2.1195155336431224,0,62.107503721345317,62.107503721345317,0.2070250124044844,0,0,0,20,-4.8885803600654256,0,2.8250000000000002,0,1,0,0,0.30970117388361346,0.30970117388361346
4,2.8300000000000001,566,62.231973116454903,0,0,0,24.899177556775914,0,24.899177556775914,0,0.29999999999999999,-0,2.1193631415604557,0,62.231973116454903,62.231973116454903,0.20743991038818302,0,0,0,20,-4.8991775567759142,0,2.8300000000000001,0,1,0,0,0.30969056474791923,0.30969056474791923
4,2.835,567,62.356495495642918,0,0,0,24.909773991391145,0,24.909773991391145,0,0.29999999999999999,-0,2.1192106955457564,0,62.356495495642918,62.356495495642918,0.20785498498547639,0,0,0,20,-4.9097739913911447,0,2.835,0,1,0,0,0.3096799526043279,0.3096799526043279
4,2.8399999999999999,568,62.48107085509821,0,0,0,24.920369663641537,0,24.920369663641537,0,0.29999999999999999,-0,2.1190581956309558,0,62.48107085509821,62.48107085509821,0.2082702361836607,0,0,0,20,-4.9203696636415373,0,2.8399999999999999,0,1,0,0,0.30966933749382974,0.30966933749382974
4,2.8450000000000002,569,62.605699191008277,0,0,0,24.930964573257672,0,24.930964573257672,0,0.29999999999999999,-0,2.1189056418474554,0,62.605699191008277,62.605699191008277,0.20868566397002758,0,0,0,20,-4.9309645732576719,0,2.8450000000000002,0,1,0,0,0.30965871945566609,0.30965871945566609
4,2.8500000000000001,570,62.730380499559281,0,0,0,24.941558719970281,0,24.941558719970281,0,0.29999999999999999,-0,2.1187530342260881,0,62.730380499559281,62.730380499559281,0.20910126833186427,0,0,0,20,-4.9415587199702813,0,2.8500000000000001,0,1,0,0,0.30964809852723868,0.30964809852723868
4,2.855,571,62.855114776936027,0,0,0,24.952152103510251,0,24.952152103510251,0,0.29999999999999999,-0,2.1186003727970828,0,62.855114776936027,62.855114776936027,0.20951704925645342,0,0,0,20,-4.9521521035102509,0,2.855,0,1,0,0,0.30963747474403053,0.30963747474403053
4,2.8599999999999999,572,62.979902019321983,0,0,0,24.962744723608619,0,24.962744723608619,0,0.29999999999999999,-0,2.1184476575900373,0,62.979902019321983,62.979902019321983,0.20993300673107329,0,0,0,20,-4.9627447236086191,0,2.8599999999999999,0,1,0,0,0.30962684813953917,0.30962684813953917
4,2.8650000000000002,573,63.104742222899262,0,0,0,24.97333657999657,0,24.97333657999657,0,0.29999999999999999,-0,2.1182948886338897,0,63.104742222899262,63.104742222899262,0.21034914074299754,0,0,0,20,-4.9733365799965696,0,2.8650000000000002,0,1,0,0,0.30961621874522083,0.30961621874522083
4,2.8700000000000001,574,63.229635383848645,0,0,0,24.983927672405425,0,24.983927672405425,0,0.29999999999999999,-0,2.1181420659569001,0,63.229635383848645,63.229635383848645,0.21076545127949547,0,0,0,20,-4.9839276724054251,0,2.8700000000000001,0,1,0,0,0.30960558659044674,0.30960558659044674
4,2.875,575,63.354581498349567,0,0,0,24.99451800056665,0,24.99451800056665,0,0.29999999999999999,-0,2.1179891895866283,0,63.354581498349567,63.354581498349567,0.21118193832783189,0,0,0,20,-4.9945180005666501,0,2.875,0,1,0,0,0.30959495170246931,0.30959495170246931
4,2.8799999999999999,576,63.479580562580118,0,0,0,25.005107564211848,0,25.005107564211848,0,0.29999999999999999,-0,2.1178362595499247,0,63.479580562580118,63.479580562580118,0.21159860187526705,0,0,0,20,-5.0051075642118477,0,2.8799999999999999,0,1,0,0,0.30958431410640036,0.30958431410640036
4,2.8850000000000002,577,63.604632572717044,0,0,0,25.015696363072749,0,25.015696363072749,0,0.29999999999999999,-0,2.1176832758729192,0,63.604632572717044,63.604632572717044,0.2120154419090568,0,0,0,20,-5.0156963630727489,0,2.8850000000000002,0,1,0,0,0.30957367382519901,0.30957367382519901
4,2.8900000000000001,578,63.729737524935757,0,0,0,25.026284396881216,0,25.026284396881216,0,0.29999999999999999,-0,2.1175302385810113,0,63.729737524935757,63.729737524935757,0.21243245841645253,0,0,0,20,-5.0262843968812163,0,2.8900000000000001,0,1,0,0,0.30956303087966941,0.30956303087966941
4,2.895,579,63.854895415410326,0,0,0,25.03687166536924,0,25.03687166536924,0,0.29999999999999999,-0,2.1173771476988725,0,63.854895415410326,63.854895415410326,0.21284965138470108,0,0,0,20,-5.0368716653692402,0,2.895,0,1,0,0,0.30955238528846851,0.30955238528846851
4,2.8999999999999999,580,63.980106240313475,0,0,0,25.047458168268928,0,25.047458168268928,0,0.29999999999999999,-0,2.1172240032504441,0,63.980106240313475,63.980106240313475,0.21326702080104493,0,0,0,20,-5.0474581682689283,0,2.8999999999999999,0,1,0,0,0.30954173706812316,0.30954173706812316
4,2.9050000000000002,581,64.105369995816588,0,0,0,25.058043905312505,0,25.058043905312505,0,0.29999999999999999,-0,2.1170708052589418,0,64.105369995816588,64.105369995816588,0.21368456665272195,0,0,0,20,-5.0580439053125055,0,2.9050000000000002,0,1,0,0,0.30953108623305481,0.30953108623305481
4,2.9100000000000001,582,64.230686678089725,0,0,0,25.068628876232314,0,25.068628876232314,0,0.29999999999999999,-0,2.1169175537468616,0,64.230686678089725,64.230686678089725,0.21410228892696576,0,0,0,20,-5.0686288762323137,0,2.9100000000000001,0,1,0,0,0.30952043279561398,0.30952043279561398
4,2.915,583,64.356056283301598,0,0,0,25.079213080760809,0,25.079213080760809,0,0.29999999999999999,-0,2.1167642487359934,0,64.356056283301598,64.356056283301598,0.21452018761100533,0,0,0,20,-5.0792130807608089,0,2.915,0,1,0,0,0.30950977676612085,0.30950977676612085
4,2.9199999999999999,584,64.481478807619567,0,0,0,25.089796518630546,0,25.089796518630546,0,0.29999999999999999,-0,2.1166108902474288,0,64.481478807619567,64.481478807619567,0.21493826269206523,0,0,0,20,-5.0897965186305463,0,2.9199999999999999,0,1,0,0,0.30949911815291464,0.30949911815291464
4,2.9250000000000003,585,64.606954247209686,0,0,0,25.100379189574188,0,25.100379189574188,0,0.29999999999999999,-0,2.1164574783015797,0,64.606954247209686,64.606954247209686,0.21535651415736562,0,0,0,20,-5.1003791895741877,0,2.9250000000000003,0,1,0,0,0.30948845696240829,0.30948845696240829
4,2.9300000000000002,586,64.732482598236658,0,0,0,25.110961093324498,0,25.110961093324498,0,0.29999999999999999,-0,2.1163040129181963,0,64.732482598236658,64.732482598236658,0.2157749419941222,0,0,0,20,-5.110961093324498,0,2.9300000000000002,0,1,0,0,0.3094777931991502,0.3094777931991502
4,2.9350000000000001,587,64.858063856863836,0,0,0,25.121542229614338,0,25.121542229614338,0,0.29999999999999999,-0,2.1161504941163867,0,64.858063856863836,64.858063856863836,0.21619354618954612,0,0,0,20,-5.121542229614338,0,2.9350000000000001,0,1,0,0,0.30946712686589134,0.30946712686589134
4,2.9399999999999999,588,64.983698019253254,0,0,0,25.132122598176661,0,25.132122598176661,0,0.29999999999999999,-0,2.1159969219146357,0,64.983698019253254,64.983698019253254,0.21661232673084418,0,0,0,20,-5.1321225981766609,0,2.9399999999999999,0,1,0,0,0.30945645796365728,0.30945645796365728
4,2.9449999999999998,589,65.109385081565605,0,0,0,25.142702198744512,0,25.142702198744512,0,0.29999999999999999,-0,2.1158432963308345,0,65.109385081565605,65.109385081565605,0.21703128360521867,0,0,0,20,-5.1427021987445123,0,2.9449999999999998,0,1,0,0,0.30944578649182547,0.30944578649182547
4,2.9500000000000002,590,65.235125039960252,0,0,0,25.153281031051026,0,25.153281031051026,0,0.29999999999999999,-0,2.1156896173823023,0,65.235125039960252,65.235125039960252,0.21745041679986751,0,0,0,20,-5.1532810310510264,0,2.9500000000000002,0,1,0,0,0.30943511244820521,0.30943511244820521
4,2.9550000000000001,591,65.360917890595232,0,0,0,25.163859094829423,0,25.163859094829423,0,0.29999999999999999,-0,2.1155358850858144,0,65.360917890595232,65.360917890595232,0.21786972630198412,0,0,0,20,-5.163859094829423,0,2.9550000000000001,0,1,0,0,0.30942443582912293,0.30942443582912293
4,2.96,592,65.48676362962722,0,0,0,25.174436389813,0,25.174436389813,0,0.29999999999999999,-0,2.1153820994576318,0,65.48676362962722,65.48676362962722,0.2182892120987574,0,0,0,20,-5.1744363898129997,0,2.96,0,1,0,0,0.30941375662950876,0.30941375662950876
4,2.9649999999999999,593,65.612662253211582,0,0,0,25.18501291573514,0,25.18501291573514,0,0.29999999999999999,-0,2.1152282605135291,0,65.612662253211582,65.612662253211582,0.21870887417737195,0,0,0,20,-5.1850129157351397,0,2.9649999999999999,0,1,0,0,0.30940307484298696,0.30940307484298696
4,2.9700000000000002,594,65.73861375750235,0,0,0,25.195588672329301,0,25.195588672329301,0,0.29999999999999999,-0,2.1150743682688256,0,65.73861375750235,65.73861375750235,0.21912871252500785,0,0,0,20,-5.1955886723293006,0,2.9700000000000002,0,1,0,0,0.30939239046196737,0.30939239046196737
4,2.9750000000000001,595,65.864618138652219,0,0,0,25.206163659329018,0,25.206163659329018,0,0.29999999999999999,-0,2.1149204227384177,0,65.864618138652219,65.864618138652219,0.21954872712884074,0,0,0,20,-5.2061636593290181,0,2.9750000000000001,0,1,0,0,0.30938170347773897,0.30938170347773897
4,2.98,596,65.990675392812548,0,0,0,25.216737876467899,0,25.216737876467899,0,0.29999999999999999,-0,2.1147664239368082,0,65.990675392812548,65.990675392812548,0.21996891797604182,0,0,0,20,-5.2167378764678993,0,2.98,0,1,0,0,0.30937101388056398,0.30937101388056398
4,2.9849999999999999,597,66.116785516133362,0,0,0,25.227311323479626,0,25.227311323479626,0,0.29999999999999999,-0,2.1146123718781427,0,66.116785516133362,66.116785516133362,0.22038928505377786,0,0,0,20,-5.2273113234796256,0,2.9849999999999999,0,1,0,0,0.30936032165977295,0.30936032165977295
4,2.9900000000000002,598,66.242948504763362,0,0,0,25.237884000097942,0,25.237884000097942,0,0.29999999999999999,-0,2.1144582665762375,0,66.242948504763362,66.242948504763362,0.2208098283492112,0,0,0,20,-5.2378840000979423,0,2.9900000000000002,0,1,0,0,0.30934962680385975,0.30934962680385975
4,2.9950000000000001,599,66.369164354849914,0,0,0,25.24845590605667,0,25.24845590605667,0,0.29999999999999999,-0,2.1143041080446152,0,66.369164354849914,66.369164354849914,0.22123054784949972,0,0,0,20,-5.2484559060566696,0,2.9950000000000001,0,1,0,0,0.30933892930057627,0.30933892930057627
4,3,600,66.49543306253905,0,0,0,25.259027041089691,0,25.259027041089691,0,0.29999999999999999,-0,2.1141498962965377,0,66.49543306253905,66.49543306253905,0.22165144354179683,0,0,0,20,-5.2590270410896913,0,3,0,1,0,0,0.30932822913702623,0.30932822913702623
4,3.0049999999999999,601,66.621754623975491,0,0,0,25.269597404930959,0,25.269597404930959,0,0.29999999999999999,-0,2.1139956313450363,0,66.621754623975491,66.621754623975491,0.22207251541325163,0,0,0,20,-5.2695974049309591,0,3.0049999999999999,0,1,0,0,0.30931752629975873,0.30931752629975873
4,3.0100000000000002,602,66.748129035302597,0,0,0,25.280166997314488,0,25.280166997314488,0,0.29999999999999999,-0,2.1138413132029457,0,66.748129035302597,66.748129035302597,0.22249376345100866,0,0,0,20,-5.2801669973144882,0,3.0100000000000002,0,1,0,0,0.30930682077485905,0.30930682077485905
4,3.0150000000000001,603,66.874556292662419,0,0,0,25.290735817974358,0,25.290735817974358,0,0.29999999999999999,-0,2.1136869418829352,0,66.874556292662419,66.874556292662419,0.22291518764220805,0,0,0,20,-5.2907358179743582,0,3.0150000000000001,0,1,0,0,0.30929611254803863,0.30929611254803863
4,3.02,604,67.001036392195687,0,0,0,25.301303866644709,0,25.301303866644709,0,0.29999999999999999,-0,2.1135325173975397,0,67.001036392195687,67.001036392195687,0.22333678797398562,0,0,0,20,-5.3013038666447088,0,3.02,0,1,0,0,0.30928540160472262,0.30928540160472262
4,3.0249999999999999,605,67.12756933004178,0,0,0,25.311871143059744,0,25.311871143059744,0,0.29999999999999999,-0,2.1133780397591901,0,67.12756933004178,67.12756933004178,0.22375856443347261,0,0,0,20,-5.3118711430597436,0,3.0249999999999999,0,1,0,0,0.3092746879301348,0.3092746879301348
4,3.0300000000000002,606,67.254155102338757,0,0,0,25.32243764695373,0,25.32243764695373,0,0.29999999999999999,-0,2.1132235089802425,0,67.254155102338757,67.254155102338757,0.22418051700779584,0,0,0,20,-5.3224376469537305,0,3.0300000000000002,0,1,0,0,0.30926397150938062,0.30926397150938062
4,3.0350000000000001,607,67.38079370522334,0,0,0,25.333003378060997,0,25.333003378060997,0,0.29999999999999999,-0,2.1130689250730077,0,67.38079370522334,67.38079370522334,0.22460264568407781,0,0,0,20,-5.3330033780609973,0,3.0350000000000001,0,1,0,0,0.30925325232752582,0.30925325232752582
4,3.04,608,67.507485134830944,0,0,0,25.343568336115933,0,25.343568336115933,0,0.29999999999999999,-0,2.1129142880497791,0,67.507485134830944,67.507485134830944,0.22502495044943649,0,0,0,20,-5.3435683361159327,0,3.04,0,1,0,0,0.30924253036967336,0.30924253036967336
4,3.0449999999999999,609,67.634229387295633,0,0,0,25.354132520852989,0,25.354132520852989,0,0.29999999999999999,-0,2.1127595979228575,0,67.634229387295633,67.634229387295633,0.22544743129098543,0,0,0,20,-5.3541325208529891,0,3.0449999999999999,0,1,0,0,0.30923180562103669,0.30923180562103669
4,3.0500000000000003,610,67.761026458750166,0,0,0,25.364695932006676,0,25.364695932006676,0,0.29999999999999999,-0,2.1126048547045788,0,67.761026458750166,67.761026458750166,0.22587008819583387,0,0,0,20,-5.3646959320066756,0,3.0500000000000003,0,1,0,0,0.3092210780670081,0.3092210780670081
4,3.0550000000000002,611,67.88787634532595,0,0,0,25.375258569311569,0,25.375258569311569,0,0.29999999999999999,-0,2.1124500584073371,0,67.88787634532595,67.88787634532595,0.22629292115108648,0,0,0,20,-5.3752585693115691,0,3.0550000000000002,0,1,0,0,0.30921034769322558,0.30921034769322558
4,3.0600000000000001,612,68.014779043153084,0,0,0,25.385820432502303,0,25.385820432502303,0,0.29999999999999999,-0,2.1122952090436078,0,68.014779043153084,68.014779043153084,0.22671593014384361,0,0,0,20,-5.3858204325023031,0,3.0600000000000001,0,1,0,0,0.30919961448563393,0.30919961448563393
4,3.0649999999999999,613,68.141734548360333,0,0,0,25.396381521313579,0,25.396381521313579,0,0.29999999999999999,-0,2.1121403066259692,0,68.141734548360333,68.141734548360333,0.22713911516120111,0,0,0,20,-5.3963815213135788,0,3.0649999999999999,0,1,0,0,0.30918887843054299,0.30918887843054299
4,3.0700000000000003,614,68.268742857075139,0,0,0,25.406941835480158,0,25.406941835480158,0,0.29999999999999999,-0,2.1119853511671236,0,68.268742857075139,68.268742857075139,0.22756247619025047,0,0,0,20,-5.4069418354801577,0,3.0700000000000003,0,1,0,0,0.30917813951468143,0.30917813951468143
4,3.0750000000000002,615,68.39580396542361,0,0,0,25.417501374736869,0,25.417501374736869,0,0.29999999999999999,-0,2.1118303426799159,0,68.39580396542361,68.39580396542361,0.22798601321807871,0,0,0,20,-5.4175013747368688,0,3.0750000000000002,0,1,0,0,0.30916739772524643,0.30916739772524643
4,3.0800000000000001,616,68.522917869530545,0,0,0,25.428060138818598,0,25.428060138818598,0,0.29999999999999999,-0,2.1116752811773498,0,68.522917869530545,68.522917869530545,0.22840972623176847,0,0,0,20,-5.4280601388185978,0,3.0800000000000001,0,1,0,0,0.3091566530499491,0.3091566530499491
4,3.085,617,68.650084565519393,0,0,0,25.438618127460305,0,25.438618127460305,0,0.29999999999999999,-0,2.111520166672606,0,68.650084565519393,68.650084565519393,0.22883361521839798,0,0,0,20,-5.4386181274603054,0,3.085,0,1,0,0,0.30914590547705684,0.30914590547705684
4,3.0899999999999999,618,68.777304049512296,0,0,0,25.449175340397009,0,25.449175340397009,0,0.29999999999999999,-0,2.1113649991790555,0,68.777304049512296,68.777304049512296,0.22925768016504097,0,0,0,20,-5.4491753403970087,0,3.0899999999999999,0,1,0,0,0.30913515499542898,0.30913515499542898
4,3.0950000000000002,619,68.904576317630074,0,0,0,25.459731777363803,0,25.459731777363803,0,0.29999999999999999,-0,2.1112097787102728,0,68.904576317630074,68.904576317630074,0.22968192105876692,0,0,0,20,-5.4597317773638032,0,3.0950000000000002,0,1,0,0,0.30912440159455107,0.30912440159455107
4,3.1000000000000001,620,69.031901365992212,0,0,0,25.470287438095845,0,25.470287438095845,0,0.29999999999999999,-0,2.1110545052800491,0,69.031901365992212,69.031901365992212,0.2301063378866407,0,0,0,20,-5.4702874380958448,0,3.1000000000000001,0,1,0,0,0.30911364526456342,0.30911364526456342
4,3.105,621,69.159279190716873,0,0,0,25.48084232232836,0,25.48084232232836,0,0.29999999999999999,-0,2.1108991789023999,0,69.159279190716873,69.159279190716873,0.23053093063572291,0,0,0,20,-5.4808423223283604,0,3.105,0,1,0,0,0.3091028859962856,0.3091028859962856
4,3.1099999999999999,622,69.286709787920898,0,0,0,25.491396429796648,0,25.491396429796648,0,0.29999999999999999,-0,2.1107437995915768,0,69.286709787920898,69.286709787920898,0.23095569929306967,0,0,0,20,-5.491396429796648,0,3.1099999999999999,0,1,0,0,0.30909212378123735,0.30909212378123735
4,3.1150000000000002,623,69.414193153719793,0,0,0,25.501949760236077,0,25.501949760236077,0,0.29999999999999999,-0,2.1105883673620727,0,69.414193153719793,69.414193153719793,0.23138064384573265,0,0,0,20,-5.5019497602360765,0,3.1150000000000002,0,1,0,0,0.30908135861165537,0.30908135861165537
4,3.1200000000000001,624,69.54172928422777,0,0,0,25.512502313382093,0,25.512502313382093,0,0.29999999999999999,-0,2.1104328822286287,0,69.54172928422777,69.54172928422777,0.23180576428075925,0,0,0,20,-5.5125023133820932,0,3.1200000000000001,0,1,0,0,0.30907059048050617,0.30907059048050617
4,3.125,625,69.669318175557692,0,0,0,25.523054088970213,0,25.523054088970213,0,0.29999999999999999,-0,2.110277344206239,0,69.669318175557692,69.669318175557692,0.2322310605851923,0,0,0,20,-5.5230540889702127,0,3.125,0,1,0,0,0.30905981938149535,0.30905981938149535
4,3.1299999999999999,626,69.796959823821112,0,0,0,25.533605086736031,0,25.533605086736031,0,0.29999999999999999,-0,2.1101217533101551,0,69.796959823821112,69.796959823821112,0.23265653274607037,0,0,0,20,-5.5336050867360314,0,3.1299999999999999,0,1,0,0,0.30904904530907273,0.30904904530907273
4,3.1350000000000002,627,69.924654225128251,0,0,0,25.544155306415217,0,25.544155306415217,0,0.29999999999999999,-0,2.1099661095558857,0,69.924654225128251,69.924654225128251,0.2330821807504275,0,0,0,20,-5.5441553064152167,0,3.1350000000000002,0,1,0,0,0.30903826825843472,0.30903826825843472
4,3.1400000000000001,628,70.052401375588019,0,0,0,25.554704747743518,0,25.554704747743518,0,0.29999999999999999,-0,2.1098104129591997,0,70.052401375588019,70.052401375588019,0.23350800458529339,0,0,0,20,-5.5547047477435179,0,3.1400000000000001,0,1,0,0,0.30902748822552251,0.30902748822552251
4,3.145,629,70.180201271307993,0,0,0,25.565253410456762,0,25.565253410456762,0,0.29999999999999999,-0,2.1096546635361255,0,70.180201271307993,70.180201271307993,0.23393400423769331,0,0,0,20,-5.5652534104567621,0,3.145,0,1,0,0,0.30901670520701774,0.30901670520701774
4,3.1499999999999999,630,70.308053908394456,0,0,0,25.575801294290859,0,25.575801294290859,0,0.29999999999999999,-0,2.1094988613029488,0,70.308053908394456,70.308053908394456,0.23436017969464817,0,0,0,20,-5.5758012942908586,0,3.1499999999999999,0,1,0,0,0.30900591920033454,0.30900591920033454
4,3.1550000000000002,631,70.435959282952339,0,0,0,25.586348398981801,0,25.586348398981801,0,0.29999999999999999,-0,2.1093430062762106,0,70.435959282952339,70.435959282952339,0.23478653094317448,0,0,0,20,-5.5863483989818015,0,3.1550000000000002,0,1,0,0,0.30899513020360903,0.30899513020360903
4,3.1600000000000001,632,70.563917391085269,0,0,0,25.59689472426566,0,25.59689472426566,0,0.29999999999999999,-0,2.1091870984727037,0,70.563917391085269,70.563917391085269,0.23521305797028422,0,0,0,20,-5.5968947242656597,0,3.1600000000000001,0,1,0,0,0.30898433821568566,0.30898433821568566
4,3.165,633,70.691928228895549,0,0,0,25.607440269878595,0,25.607440269878595,0,0.29999999999999999,-0,2.1090311379094695,0,70.691928228895549,70.691928228895549,0.23563976076298515,0,0,0,20,-5.6074402698785946,0,3.165,0,1,0,0,0.30897354323610188,0.30897354323610188
4,3.1699999999999999,634,70.81999179248416,0,0,0,25.617985035556849,0,25.617985035556849,0,0.29999999999999999,-0,2.1088751246037902,0,70.81999179248416,70.81999179248416,0.23606663930828053,0,0,0,20,-5.617985035556849,0,3.1699999999999999,0,1,0,0,0.30896274526506901,0.30896274526506901
4,3.1750000000000003,635,70.948108077950778,0,0,0,25.628529021036755,0,25.628529021036755,0,0.29999999999999999,-0,2.1087190585731843,0,70.948108077950778,70.948108077950778,0.23649369359316927,0,0,0,20,-5.6285290210367549,0,3.1750000000000003,0,1,0,0,0.30895194430345213,0.30895194430345213
4,3.1800000000000002,636,71.076277081393755,0,0,0,25.639072226054733,0,25.639072226054733,0,0.29999999999999999,-0,2.1085629398353993,0,71.076277081393755,71.076277081393755,0.23692092360464584,0,0,0,20,-5.6390722260547328,0,3.1800000000000002,0,1,0,0,0.30894114035274756,0.30894114035274756
4,3.1850000000000001,637,71.204498798910123,0,0,0,25.649614650347292,0,25.649614650347292,0,0.29999999999999999,-0,2.1084067684084045,0,71.204498798910123,71.204498798910123,0.2373483293297004,0,0,0,20,-5.6496146503472922,0,3.1850000000000001,0,1,0,0,0.30893033341505799,0.30893033341505799
4,3.1899999999999999,638,71.332773226595592,0,0,0,25.660156293651031,0,25.660156293651031,0,0.29999999999999999,-0,2.1082505443103807,0,71.332773226595592,71.332773226595592,0.23777591075531865,0,0,0,20,-5.6601562936510312,0,3.1899999999999999,0,1,0,0,0.30891952349306701,0.30891952349306701
4,3.1950000000000003,639,71.461100360544549,0,0,0,25.670697155702641,0,25.670697155702641,0,0.29999999999999999,-0,2.1080942675597152,0,71.461100360544549,71.461100360544549,0.23820366786848182,0,0,0,20,-5.6706971557026407,0,3.1950000000000003,0,1,0,0,0.3089087105900109,0.3089087105900109
4,3.2000000000000002,640,71.58948019685009,0,0,0,25.681237236238903,0,25.681237236238903,0,0.29999999999999999,-0,2.1079379381749881,0,71.58948019685009,71.58948019685009,0.23863160065616695,0,0,0,20,-5.6812372362389034,0,3.2000000000000002,0,1,0,0,0.30889789470965046,0.30889789470965046
4,3.2050000000000001,641,71.717912731603974,0,0,0,25.691776534996698,0,25.691776534996698,0,0.29999999999999999,-0,2.1077815561749649,0,71.717912731603974,71.717912731603974,0.23905970910534657,0,0,0,20,-5.6917765349966984,0,3.2050000000000001,0,1,0,0,0.30888707585624031,0.30888707585624031
4,3.21,642,71.846397960896653,0,0,0,25.702315051712993,0,25.702315051712993,0,0.29999999999999999,-0,2.1076251215785855,0,71.846397960896653,71.846397960896653,0.23948799320298883,0,0,0,20,-5.7023150517129935,0,3.21,0,1,0,0,0.30887625403449903,0.30887625403449903
4,3.2149999999999999,643,71.974935880817256,0,0,0,25.712852786124856,0,25.712852786124856,0,0.29999999999999999,-0,2.1074686344049542,0,71.974935880817256,71.974935880817256,0.23991645293605751,0,0,0,20,-5.7128527861248557,0,3.2149999999999999,0,1,0,0,0.30886542924957622,0.30886542924957622
4,3.2200000000000002,644,72.103526487453621,0,0,0,25.723389737969445,0,25.723389737969445,0,0.29999999999999999,-0,2.1073120946733286,0,72.103526487453621,72.103526487453621,0.24034508829151208,0,0,0,20,-5.7233897379694447,0,3.2200000000000002,0,1,0,0,0.30885460150702138,0.30885460150702138
4,3.2250000000000001,645,72.232169776892235,0,0,0,25.733925906984023,0,25.733925906984023,0,0.29999999999999999,-0,2.1071555024031077,0,72.232169776892235,72.232169776892235,0.24077389925630746,0,0,0,20,-5.7339259069840232,0,3.2250000000000001,0,1,0,0,0.30884377081275088,0.30884377081275088
4,3.23,646,72.360865745218305,0,0,0,25.744461292905942,0,25.744461292905942,0,0.29999999999999999,-0,2.1069988576138221,0,72.360865745218305,72.360865745218305,0.24120288581739435,0,0,0,20,-5.7444612929059424,0,3.23,0,1,0,0,0.30883293717301491,0.30883293717301491
4,3.2349999999999999,647,72.489614388515704,0,0,0,25.754995895472661,0,25.754995895472661,0,0.29999999999999999,-0,2.1068421603251211,0,72.489614388515704,72.489614388515704,0.24163204796171903,0,0,0,20,-5.7549958954726605,0,3.2349999999999999,0,1,0,0,0.30882210059436488,0.30882210059436488
4,3.2400000000000002,648,72.618415702866997,0,0,0,25.765529714421728,0,25.765529714421728,0,0.29999999999999999,-0,2.1066854105567634,0,72.618415702866997,72.618415702866997,0.24206138567622332,0,0,0,20,-5.7655297144217279,0,3.2400000000000002,0,1,0,0,0.30881126108362023,0.30881126108362023
4,3.2450000000000001,649,72.747269684353455,0,0,0,25.776062749490794,0,25.776062749490794,0,0.29999999999999999,-0,2.1065286083286034,0,72.747269684353455,72.747269684353455,0.24249089894784484,0,0,0,20,-5.7760627494907943,0,3.2450000000000001,0,1,0,0,0.30880041864783569,0.30880041864783569
4,3.25,650,72.876176329055014,0,0,0,25.786595000417613,0,25.786595000417613,0,0.29999999999999999,-0,2.106371753660583,0,72.876176329055014,72.876176329055014,0.24292058776351672,0,0,0,20,-5.7865950004176128,0,3.25,0,1,0,0,0.30878957329426904,0.30878957329426904
4,3.2549999999999999,651,73.005135633050301,0,0,0,25.797126466940032,0,25.797126466940032,0,0.29999999999999999,-0,2.106214846572716,0,73.005135633050301,73.005135633050301,0.24335045211016768,0,0,0,20,-5.797126466940032,0,3.2549999999999999,0,1,0,0,0.30877872503034909,0.30877872503034909
4,3.2600000000000002,652,73.134147592416639,0,0,0,25.807657148796004,0,25.807657148796004,0,0.29999999999999999,-0,2.1060578870850821,0,73.134147592416639,73.134147592416639,0.24378049197472212,0,0,0,20,-5.8076571487960038,0,3.2600000000000002,0,1,0,0,0.30876787386364435,0.30876787386364435
4,3.2650000000000001,653,73.26321220323004,0,0,0,25.818187045723583,0,25.818187045723583,0,0.29999999999999999,-0,2.1059008752178126,0,73.26321220323004,73.26321220323004,0.24421070734410014,0,0,0,20,-5.8181870457235831,0,3.2650000000000001,0,1,0,0,0.3087570198018324,0.3087570198018324
4,3.27,654,73.392329461565225,0,0,0,25.828716157460917,0,25.828716157460917,0,0.29999999999999999,-0,2.1057438109910813,0,73.392329461565225,73.392329461565225,0.24464109820521743,0,0,0,20,-5.8287161574609172,0,3.27,0,1,0,0,0.30874616285267009,0.30874616285267009
4,3.2749999999999999,655,73.521499363495565,0,0,0,25.83924448374626,0,25.83924448374626,0,0.29999999999999999,-0,2.1055866944250936,0,73.521499363495565,73.521499363495565,0.24507166454498522,0,0,0,20,-5.8392444837462598,0,3.2749999999999999,0,1,0,0,0.30873530302396435,0.30873530302396435
4,3.2800000000000002,656,73.650721905093164,0,0,0,25.849772024317968,0,25.849772024317968,0,0.29999999999999999,-0,2.1054295255400772,0,73.650721905093164,73.650721905093164,0.24550240635031054,0,0,0,20,-5.8497720243179678,0,3.2800000000000002,0,1,0,0,0.30872444032354451,0.30872444032354451
4,3.2850000000000001,657,73.779997082428793,0,0,0,25.860298778914494,0,25.860298778914494,0,0.29999999999999999,-0,2.1052723043562711,0,73.779997082428793,73.779997082428793,0.24593332360809597,0,0,0,20,-5.860298778914494,0,3.2850000000000001,0,1,0,0,0.30871357475923539,0.30871357475923539
4,3.29,658,73.909324891571913,0,0,0,25.870824747274398,0,25.870824747274398,0,0.29999999999999999,-0,2.105115030893919,0,73.909324891571913,73.909324891571913,0.2463644163052397,0,0,0,20,-5.8708247472743977,0,3.29,0,1,0,0,0.30870270633883129,0.30870270633883129
4,3.2949999999999999,659,74.038705328590709,0,0,0,25.881349929136334,0,25.881349929136334,0,0.29999999999999999,-0,2.1049577051732582,0,74.038705328590709,74.038705328590709,0.2467956844286357,0,0,0,20,-5.8813499291363343,0,3.2949999999999999,0,1,0,0,0.30869183507007192,0.30869183507007192
4,3.3000000000000003,660,74.168138389552013,0,0,0,25.891874324239065,0,25.891874324239065,0,0.29999999999999999,-0,2.1048003272145097,0,74.168138389552013,74.168138389552013,0.24722712796517338,0,0,0,20,-5.8918743242390654,0,3.3000000000000003,0,1,0,0,0.30868096096061887,0.30868096096061887
4,3.3050000000000002,661,74.297624070521394,0,0,0,25.902397932321449,0,25.902397932321449,0,0.29999999999999999,-0,2.1046428970378752,0,74.297624070521394,74.297624070521394,0.24765874690173798,0,0,0,20,-5.902397932321449,0,3.3050000000000002,0,1,0,0,0.30867008401803364,0.30867008401803364
4,3.3100000000000001,662,74.427162367563085,0,0,0,25.912920753122446,0,25.912920753122446,0,0.29999999999999999,-0,2.1044854146635248,0,74.427162367563085,74.427162367563085,0.24809054122521029,0,0,0,20,-5.9129207531224459,0,3.3100000000000001,0,1,0,0,0.30865920424975735,0.30865920424975735
4,3.3149999999999999,663,74.556753276740039,0,0,0,25.92344278638112,0,25.92344278638112,0,0.29999999999999999,-0,2.1043278801115921,0,74.556753276740039,74.556753276740039,0.2485225109224668,0,0,0,20,-5.9234427863811199,0,3.3149999999999999,0,1,0,0,0.30864832166309131,0.30864832166309131
4,3.3200000000000003,664,74.68639679411389,0,0,0,25.933964031836631,0,25.933964031836631,0,0.29999999999999999,-0,2.1041702934021664,0,74.68639679411389,74.68639679411389,0.24895465598037964,0,0,0,20,-5.9339640318366307,0,3.3200000000000003,0,1,0,0,0.3086374362651792,0.3086374362651792
4,3.3250000000000002,665,74.81609291574496,0,0,0,25.944484489228245,0,25.944484489228245,0,0.29999999999999999,-0,2.1040126545552882,0,74.81609291574496,74.81609291574496,0.24938697638581653,0,0,0,20,-5.9444844892282447,0,3.3250000000000002,0,1,0,0,0.30862654806299139,0.30862654806299139
4,3.3300000000000001,666,74.945841637692297,0,0,0,25.955004158295321,0,25.955004158295321,0,0.29999999999999999,-0,2.1038549635909427,0,74.945841637692297,74.945841637692297,0.24981947212564098,0,0,0,20,-5.9550041582953206,0,3.3300000000000001,0,1,0,0,0.30861565706330918,0.30861565706330918
4,3.335,667,75.07564295601361,0,0,0,25.965523038777324,0,25.965523038777324,0,0.29999999999999999,-0,2.1036972205290536,0,75.07564295601361,75.07564295601361,0.25025214318671202,0,0,0,20,-5.9655230387773237,0,3.335,0,1,0,0,0.30860476327271208,0.30860476327271208
4,3.3399999999999999,668,75.20549686676533,0,0,0,25.976041130413815,0,25.976041130413815,0,0.29999999999999999,-0,2.103539425389481,0,75.20549686676533,75.20549686676533,0.25068498955588442,0,0,0,20,-5.9760411304138152,0,3.3399999999999999,0,1,0,0,0.30859386669756567,0.30859386669756567
4,3.3450000000000002,669,75.335403366002581,0,0,0,25.986558432944456,0,25.986558432944456,0,0.29999999999999999,-0,2.1033815781920149,0,75.335403366002581,75.335403366002581,0.2511180112200086,0,0,0,20,-5.9865584329444559,0,3.3450000000000002,0,1,0,0,0.30858296734401125,0.30858296734401125
4,3.3500000000000001,670,75.465362449779164,0,0,0,25.997074946109006,0,25.997074946109006,0,0.29999999999999999,-0,2.1032236789563723,0,75.465362449779164,75.465362449779164,0.25155120816593057,0,0,0,20,-5.9970749461090058,0,3.3500000000000001,0,1,0,0,0.30857206521795622,0.30857206521795622
4,3.355,671,75.595374114147617,0,0,0,26.007590669647321,0,26.007590669647321,0,0.29999999999999999,-0,2.1030657277021949,0,75.595374114147617,75.595374114147617,0.25198458038049204,0,0,0,20,-6.0075906696473211,0,3.355,0,1,0,0,0.30856116032506725,0.30856116032506725
4,3.3599999999999999,672,75.725438355159156,0,0,0,26.018105603299361,0,26.018105603299361,0,0.29999999999999999,-0,2.1029077244490462,0,75.725438355159156,75.725438355159156,0.25241812785053053,0,0,0,20,-6.018105603299361,0,3.3599999999999999,0,1,0,0,0.30855025267076353,0.30855025267076353
4,3.3650000000000002,673,75.855555168863702,0,0,0,26.028619746805177,0,26.028619746805177,0,0.29999999999999999,-0,2.1027496692164074,0,75.855555168863702,75.855555168863702,0.25285185056287901,0,0,0,20,-6.0286197468051768,0,3.3650000000000002,0,1,0,0,0.30853934226021201,0.30853934226021201
4,3.3700000000000001,674,75.985724551309872,0,0,0,26.039133099904923,0,26.039133099904923,0,0.29999999999999999,-0,2.102591562023679,0,75.985724551309872,75.985724551309872,0.25328574850436625,0,0,0,20,-6.0391330999049231,0,3.3700000000000001,0,1,0,0,0.30852842909832356,0.30852842909832356
4,3.375,675,76.115946498544986,0,0,0,26.049645662338847,0,26.049645662338847,0,0.29999999999999999,-0,2.1024334028901763,0,76.115946498544986,76.115946498544986,0.25371982166181661,0,0,0,20,-6.0496456623388468,0,3.375,0,1,0,0,0.3085175131897514,0.3085175131897514
4,3.3799999999999999,676,76.246221006615059,0,0,0,26.060157433847291,0,26.060157433847291,0,0.29999999999999999,-0,2.1022751918351315,0,76.246221006615059,76.246221006615059,0.2541540700220502,0,0,0,20,-6.0601574338472908,0,3.3799999999999999,0,1,0,0,0.30850659453888912,0.30850659453888912
4,3.3850000000000002,677,76.376548071564812,0,0,0,26.070668414170694,0,26.070668414170694,0,0.29999999999999999,-0,2.1021169288776913,0,76.376548071564812,76.376548071564812,0.25458849357188273,0,0,0,20,-6.0706684141706937,0,3.3850000000000002,0,1,0,0,0.30849567314987136,0.30849567314987136
4,3.3900000000000001,678,76.506927689437688,0,0,0,26.081178603049594,0,26.081178603049594,0,0.29999999999999999,-0,2.101958614036918,0,76.506927689437688,76.506927689437688,0.25502309229812564,0,0,0,20,-6.0811786030495938,0,3.3900000000000001,0,1,0,0,0.30848474902657508,0.30848474902657508
4,3.395,679,76.637359856275808,0,0,0,26.091688000224622,0,26.091688000224622,0,0.29999999999999999,-0,2.1018002473317896,0,76.637359856275808,76.637359856275808,0.25545786618758604,0,0,0,20,-6.0916880002246216,0,3.395,0,1,0,0,0.30847382217262181,0.30847382217262181
4,3.3999999999999999,680,76.767844568119997,0,0,0,26.102196605436504,0,26.102196605436504,0,0.29999999999999999,-0,2.1016418287811995,0,76.767844568119997,76.767844568119997,0.25589281522706664,0,0,0,20,-6.1021966054365038,0,3.3999999999999999,0,1,0,0,0.30846289259138115,0.30846289259138115
4,3.4050000000000002,681,76.898381821009806,0,0,0,26.112704418426055,0,26.112704418426055,0,0.29999999999999999,-0,2.1014833584039594,0,76.898381821009806,76.898381821009806,0.25632793940336601,0,0,0,20,-6.1127044184260555,0,3.4050000000000002,0,1,0,0,0.30845196028597471,0.30845196028597471
4,3.4100000000000001,682,77.028971610983461,0,0,0,26.123211438934195,0,26.123211438934195,0,0.29999999999999999,-0,2.1013248362188013,0,77.028971610983461,77.028971610983461,0.25676323870327822,0,0,0,20,-6.1232114389341952,0,3.4100000000000001,0,1,0,0,0.30844102525928219,0.30844102525928219
4,3.415,683,77.15961393407791,0,0,0,26.133717666701926,0,26.133717666701926,0,0.29999999999999999,-0,2.1011662622443761,0,77.15961393407791,77.15961393407791,0.25719871311359305,0,0,0,20,-6.1337176667019264,0,3.415,0,1,0,0,0.30843008751394679,0.30843008751394679
4,3.4199999999999999,684,77.290308786328808,0,0,0,26.144223101470352,0,26.144223101470352,0,0.29999999999999999,-0,2.1010076364992596,0,77.290308786328808,77.290308786328808,0.25763436262109601,0,0,0,20,-6.1442231014703523,0,3.4199999999999999,0,1,0,0,0.30841914705238249,0.30841914705238249
4,3.4250000000000003,685,77.421056163770515,0,0,0,26.154727742980665,0,26.154727742980665,0,0.29999999999999999,-0,2.1008489590019512,0,77.421056163770515,77.421056163770515,0.25807018721256836,0,0,0,20,-6.1547277429806648,0,3.4250000000000003,0,1,0,0,0.30840820387678164,0.30840820387678164
4,3.4300000000000002,686,77.551856062436087,0,0,0,26.165231590974148,0,26.165231590974148,0,0.29999999999999999,-0,2.1006902297708798,0,77.551856062436087,77.551856062436087,0.25850618687478694,0,0,0,20,-6.1652315909741482,0,3.4300000000000002,0,1,0,0,0.30839725798912304,0.30839725798912304
4,3.4350000000000001,687,77.682708478357299,0,0,0,26.175734645192179,0,26.175734645192179,0,0.29999999999999999,-0,2.100531448824404,0,77.682708478357299,77.682708478357299,0.25894236159452433,0,0,0,20,-6.1757346451921791,0,3.4350000000000001,0,1,0,0,0.3083863093911815,0.3083863093911815
4,3.4399999999999999,688,77.813613407564617,0,0,0,26.18623690537623,0,26.18623690537623,0,0.29999999999999999,-0,2.1003726161808172,0,77.813613407564617,77.813613407564617,0.25937871135854873,0,0,0,20,-6.1862369053762301,0,3.4399999999999999,0,1,0,0,0.30837535808453614,0.30837535808453614
4,3.4450000000000003,689,77.944570846087231,0,0,0,26.196738371267855,0,26.196738371267855,0,0.29999999999999999,-0,2.10021373185835,0,77.944570846087231,77.944570846087231,0.25981523615362412,0,0,0,20,-6.1967383712678554,0,3.4450000000000003,0,1,0,0,0.30836440407058169,0.30836440407058169
4,3.4500000000000002,690,78.075580789953037,0,0,0,26.207239042608709,0,26.207239042608709,0,0.29999999999999999,-0,2.100054795875173,0,78.075580789953037,78.075580789953037,0.26025193596651014,0,0,0,20,-6.207239042608709,0,3.4500000000000002,0,1,0,0,0.30835344735053755,0.30835344735053755
4,3.4550000000000001,691,78.206643235188636,0,0,0,26.217738919140533,0,26.217738919140533,0,0.29999999999999999,-0,2.0998958082494013,0,78.206643235188636,78.206643235188636,0.26068881078396211,0,0,0,20,-6.2177389191405332,0,3.4550000000000001,0,1,0,0,0.30834248792545921,0.30834248792545921
4,3.46,692,78.337758177819339,0,0,0,26.22823800060516,0,26.22823800060516,0,0.29999999999999999,-0,2.0997367689990973,0,78.337758177819339,78.337758177819339,0.26112586059273113,0,0,0,20,-6.2282380006051596,0,3.46,0,1,0,0,0.30833152579624884,0.30833152579624884
4,3.4649999999999999,693,78.468925613869146,0,0,0,26.238736286744512,0,26.238736286744512,0,0.29999999999999999,-0,2.0995776781422752,0,78.468925613869146,78.468925613869146,0.2615630853795638,0,0,0,20,-6.238736286744512,0,3.4649999999999999,0,1,0,0,0.30832056096366645,0.30832056096366645
4,3.4700000000000002,694,78.60014553936081,0,0,0,26.249233777300603,0,26.249233777300603,0,0.29999999999999999,-0,2.0994185356969042,0,78.60014553936081,78.60014553936081,0.26200048513120272,0,0,0,20,-6.2492337773006028,0,3.4700000000000002,0,1,0,0,0.30830959342834163,0.30830959342834163
4,3.4750000000000001,695,78.731417950315759,0,0,0,26.25973047201553,0,26.25973047201553,0,0.29999999999999999,-0,2.0992593416809133,0,78.731417950315759,78.731417950315759,0.26243805983438584,0,0,0,20,-6.25973047201553,0,3.4750000000000001,0,1,0,0,0.3082986231907841,0.3082986231907841
4,3.48,696,78.862742842754145,0,0,0,26.270226370631487,0,26.270226370631487,0,0.29999999999999999,-0,2.0991000961121946,0,78.862742842754145,78.862742842754145,0.26287580947584716,0,0,0,20,-6.2702263706314874,0,3.48,0,1,0,0,0.30828765025139604,0.30828765025139604
4,3.4849999999999999,697,78.994120212694824,0,0,0,26.280721472890757,0,26.280721472890757,0,0.29999999999999999,-0,2.0989407990086062,0,78.994120212694824,78.994120212694824,0.26331373404231606,0,0,0,20,-6.2807214728907574,0,3.4849999999999999,0,1,0,0,0.30827667461048314,0.30827667461048314
4,3.4900000000000002,698,79.125550056155362,0,0,0,26.291215778535712,0,26.291215778535712,0,0.29999999999999999,-0,2.0987814503879769,0,79.125550056155362,79.125550056155362,0.2637518335205179,0,0,0,20,-6.2912157785357117,0,3.4900000000000002,0,1,0,0,0.30826569626826589,0.30826569626826589
4,3.4950000000000001,699,79.257032369152057,0,0,0,26.301709287308807,0,26.301709287308807,0,0.29999999999999999,-0,2.0986220502681125,0,79.257032369152057,79.257032369152057,0.26419010789717351,0,0,0,20,-6.3017092873088068,0,3.4950000000000001,0,1,0,0,0.3082547152248914,0.3082547152248914
4,3.5,700,79.388567147699902,0,0,0,26.312201998952592,0,26.312201998952592,0,0.29999999999999999,-0,2.0984625986667962,0,79.388567147699902,79.388567147699902,0.26462855715899969,0,0,0,20,-6.3122019989525917,0,3.5,0,1,0,0,0.30824373148044365,0.30824373148044365
4,3.5049999999999999,701,79.52015438781261,0,0,0,26.322693913209701,0,26.322693913209701,0,0.29999999999999999,-0,2.0983030956017927,0,79.52015438781261,79.52015438781261,0.26506718129270868,0,0,0,20,-6.3226939132097009,0,3.5049999999999999,0,1,0,0,0.30823274503495562,0.30823274503495562
4,3.5100000000000002,702,79.651794085502601,0,0,0,26.333185029822864,0,26.333185029822864,0,0.29999999999999999,-0,2.0981435410908542,0,79.651794085502601,79.651794085502601,0.26550598028500866,0,0,0,20,-6.3331850298228645,0,3.5100000000000002,0,1,0,0,0.30822175588841894,0.30822175588841894
4,3.5150000000000001,703,79.783486236781002,0,0,0,26.343675348534894,0,26.343675348534894,0,0.29999999999999999,-0,2.0979839351517224,0,79.783486236781002,79.783486236781002,0.26594495412260333,0,0,0,20,-6.3436753485348945,0,3.5150000000000001,0,1,0,0,0.308210764040795,0.308210764040795
4,3.52,704,79.915230837657674,0,0,0,26.354164869088695,0,26.354164869088695,0,0.29999999999999999,-0,2.0978242778021334,0,79.915230837657674,79.915230837657674,0.26638410279219227,0,0,0,20,-6.3541648690886952,0,3.52,0,1,0,0,0.30819976949202504,0.30819976949202504
4,3.5249999999999999,705,80.047027884141187,0,0,0,26.36465359122726,0,26.36465359122726,0,0.29999999999999999,-0,2.0976645690598188,0,80.047027884141187,80.047027884141187,0.26682342628047062,0,0,0,20,-6.3646535912272597,0,3.5249999999999999,0,1,0,0,0.30818877224203961,0.30818877224203961
4,3.5300000000000002,706,80.178877372238816,0,0,0,26.375141514693667,0,26.375141514693667,0,0.29999999999999999,-0,2.0975048089425115,0,80.178877372238816,80.178877372238816,0.26726292457412937,0,0,0,20,-6.3751415146936665,0,3.5300000000000002,0,1,0,0,0.30817777229076865,0.30817777229076865
4,3.5350000000000001,707,80.310779297956572,0,0,0,26.385628639231086,0,26.385628639231086,0,0.29999999999999999,-0,2.0973449974679474,0,80.310779297956572,80.310779297956572,0.26770259765985521,0,0,0,20,-6.3856286392310864,0,3.5350000000000001,0,1,0,0,0.30816676963814987,0.30816676963814987
4,3.54,708,80.442733657299158,0,0,0,26.396114964582779,0,26.396114964582779,0,0.29999999999999999,-0,2.0971851346538699,0,80.442733657299158,80.442733657299158,0.26814244552433053,0,0,0,20,-6.3961149645827788,0,3.54,0,1,0,0,0.30815576428413793,0.30815576428413793
4,3.5449999999999999,709,80.574740446269999,0,0,0,26.406600490492089,0,26.406600490492089,0,0.29999999999999999,-0,2.0970252205180304,0,80.574740446269999,80.574740446269999,0.26858246815423331,0,0,0,20,-6.4066004904920888,0,3.5449999999999999,0,1,0,0,0.30814475622871218,0.30814475622871218
4,3.5500000000000003,710,80.706799660871241,0,0,0,26.417085216702453,0,26.417085216702453,0,0.29999999999999999,-0,2.0968652550781948,0,80.706799660871241,80.706799660871241,0.26902266553623749,0,0,0,20,-6.4170852167024535,0,3.5500000000000003,0,1,0,0,0.30813374547188493,0.30813374547188493
4,3.5550000000000002,711,80.838911297103763,0,0,0,26.427569142957395,0,26.427569142957395,0,0.29999999999999999,-0,2.0967052383521421,0,80.838911297103763,80.838911297103763,0.26946303765701257,0,0,0,20,-6.4275691429573953,0,3.5550000000000002,0,1,0,0,0.30812273201370821,0.30812273201370821
4,3.5600000000000001,712,80.971075350967126,0,0,0,26.438052269000529,0,26.438052269000529,0,0.29999999999999999,-0,2.0965451703576701,0,80.971075350967126,80.971075350967126,0.26990358450322377,0,0,0,20,-6.4380522690005293,0,3.5600000000000001,0,1,0,0,0.3081117158542811,0.3081117158542811
4,3.5649999999999999,713,81.103291818459653,0,0,0,26.448534594575555,0,26.448534594575555,0,0.29999999999999999,-0,2.0963850511125961,0,81.103291818459653,81.103291818459653,0.2703443060615322,0,0,0,20,-6.4485345945755554,0,3.5649999999999999,0,1,0,0,0.30810069699375564,0.30810069699375564
4,3.5700000000000003,714,81.235560695578343,0,0,0,26.459016119426266,0,26.459016119426266,0,0.29999999999999999,-0,2.0962248806347592,0,81.235560695578343,81.235560695578343,0.27078520231859449,0,0,0,20,-6.4590161194262663,0,3.5700000000000003,0,1,0,0,0.30808967543234284,0.30808967543234284
4,3.5750000000000002,715,81.367881978318948,0,0,0,26.469496843296543,0,26.469496843296543,0,0.29999999999999999,-0,2.0960646589420215,0,81.367881978318948,81.367881978318948,0.27122627326106313,0,0,0,20,-6.4694968432965432,0,3.5750000000000002,0,1,0,0,0.3080786511703178,0.3080786511703178
4,3.5800000000000001,716,81.500255662675912,0,0,0,26.479976765930356,0,26.479976765930356,0,0.29999999999999999,-0,2.0959043860522728,0,81.500255662675912,81.500255662675912,0.27166751887558638,0,0,0,20,-6.4799767659303562,0,3.5800000000000001,0,1,0,0,0.30806762420802475,0.30806762420802475
4,3.585,717,81.632681744642426,0,0,0,26.490455887071764,0,26.490455887071764,0,0.29999999999999999,-0,2.0957440619834293,0,81.632681744642426,81.632681744642426,0.27210893914880807,0,0,0,20,-6.4904558870717644,0,3.585,0,1,0,0,0.30805659454588113,0.30805659454588113
4,3.5899999999999999,718,81.765160220210376,0,0,0,26.500934206464919,0,26.500934206464919,0,0.29999999999999999,-0,2.0955836867534354,0,81.765160220210376,81.765160220210376,0.2725505340673679,0,0,0,20,-6.5009342064649189,0,3.5899999999999999,0,1,0,0,0.30804556218438156,0.30804556218438156
4,3.5950000000000002,719,81.897691085370397,0,0,0,26.51141172385406,0,26.51141172385406,0,0.29999999999999999,-0,2.0954232603802665,0,81.897691085370397,81.897691085370397,0.27299230361790133,0,0,0,20,-6.5114117238540601,0,3.5950000000000002,0,1,0,0,0.30803452712410079,0.30803452712410079
4,3.6000000000000001,720,82.030274336111816,0,0,0,26.521888438983513,0,26.521888438983513,0,0.29999999999999999,-0,2.095262782881929,0,82.030274336111816,82.030274336111816,0.2734342477870394,0,0,0,20,-6.5218884389835132,0,3.6000000000000001,0,1,0,0,0.30802348936569696,0.30802348936569696
4,3.605,721,82.16290996842271,0,0,0,26.5323643515977,0,26.5323643515977,0,0.29999999999999999,-0,2.095102254276461,0,82.16290996842271,82.16290996842271,0.27387636656140901,0,0,0,20,-6.5323643515976997,0,3.605,0,1,0,0,0.30801244890991358,0.30801244890991358
4,3.6099999999999999,722,82.295597978289848,0,0,0,26.54283946144113,0,26.54283946144113,0,0.29999999999999999,-0,2.0949416745819338,0,82.295597978289848,82.295597978289848,0.27431865992763282,0,0,0,20,-6.5428394614411296,0,3.6099999999999999,0,1,0,0,0.30800140575758161,0.30800140575758161
4,3.6150000000000002,723,82.428338361698749,0,0,0,26.553313768258402,0,26.553313768258402,0,0.29999999999999999,-0,2.0947810438164525,0,82.428338361698749,82.428338361698749,0.27476112787232915,0,0,0,20,-6.553313768258402,0,3.6150000000000002,0,1,0,0,0.30799035990962015,0.30799035990962015
4,3.6200000000000001,724,82.561131114633639,0,0,0,26.563787271794208,0,26.563787271794208,0,0.29999999999999999,-0,2.0946203619981563,0,82.561131114633639,82.561131114633639,0.27520377038211213,0,0,0,20,-6.5637872717942081,0,3.6200000000000001,0,1,0,0,0.30797931136703854,0.30797931136703854
4,3.625,725,82.693976233077464,0,0,0,26.574259971793328,0,26.574259971793328,0,0.29999999999999999,-0,2.0944596291452178,0,82.693976233077464,82.693976233077464,0.27564658744359155,0,0,0,20,-6.5742599717933281,0,3.625,0,1,0,0,0.30796826013093576,0.30796826013093576
4,3.6299999999999999,726,82.826873713011921,0,0,0,26.584731868000635,0,26.584731868000635,0,0.29999999999999999,-0,2.0942988452758442,0,82.826873713011921,82.826873713011921,0.27608957904337306,0,0,0,20,-6.5847318680006346,0,3.6299999999999999,0,1,0,0,0.30795720620250078,0.30795720620250078
4,3.6350000000000002,727,82.959823550417397,0,0,0,26.595202960161089,0,26.595202960161089,0,0.29999999999999999,-0,2.0941380104082783,0,82.959823550417397,82.959823550417397,0.27653274516805798,0,0,0,20,-6.5952029601610889,0,3.6350000000000002,0,1,0,0,0.3079461495830127,0.3079461495830127
4,3.6400000000000001,728,83.092825741273032,0,0,0,26.605673248019748,0,26.605673248019748,0,0.29999999999999999,-0,2.0939771245607961,0,83.092825741273032,83.092825741273032,0.27697608580424343,0,0,0,20,-6.6056732480197482,0,3.6400000000000001,0,1,0,0,0.30793509027383942,0.30793509027383942
4,3.645,729,83.22588028155667,0,0,0,26.616142731321759,0,26.616142731321759,0,0.29999999999999999,-0,2.093816187751707,0,83.22588028155667,83.22588028155667,0.27741960093852225,0,0,0,20,-6.6161427313217587,0,3.645,0,1,0,0,0.30792402827643683,0.30792402827643683
4,3.6499999999999999,730,83.358987167244891,0,0,0,26.626611409812359,0,26.626611409812359,0,0.29999999999999999,-0,2.0936551999993558,0,83.358987167244891,83.358987167244891,0.27786329055748299,0,0,0,20,-6.6266114098123587,0,3.6499999999999999,0,1,0,0,0.30791296359234743,0.30791296359234743
4,3.6550000000000002,731,83.492146394313011,0,0,0,26.637079283236876,0,26.637079283236876,0,0.29999999999999999,-0,2.093494161322119,0,83.492146394313011,83.492146394313011,0.27830715464771005,0,0,0,20,-6.6370792832368757,0,3.6550000000000002,0,1,0,0,0.3079018962231983,0.3079018962231983
4,3.6600000000000001,732,83.625357958735052,0,0,0,26.647546351340733,0,26.647546351340733,0,0.29999999999999999,-0,2.0933330717384067,0,83.625357958735052,83.625357958735052,0.27875119319578351,0,0,0,20,-6.6475463513407327,0,3.6600000000000001,0,1,0,0,0.30789082617069935,0.30789082617069935
4,3.665,733,83.758621856483785,0,0,0,26.658012613869445,0,26.658012613869445,0,0.29999999999999999,-0,2.0931719312666592,0,83.758621856483785,83.758621856483785,0.27919540618827926,0,0,0,20,-6.6580126138694453,0,3.665,0,1,0,0,0.30787975343664081,0.30787975343664081
4,3.6699999999999999,734,83.89193808353069,0,0,0,26.668478070568618,0,26.668478070568618,0,0.29999999999999999,-0,2.0930107399253499,0,83.89193808353069,83.89193808353069,0.27963979361176894,0,0,0,20,-6.668478070568618,0,3.6699999999999999,0,1,0,0,0.30786867802289053,0.30786867802289053
4,3.6750000000000003,735,84.025306635845993,0,0,0,26.678942721183947,0,26.678942721183947,0,0.29999999999999999,-0,2.0928494977329812,0,84.025306635845993,84.025306635845993,0.28008435545281996,0,0,0,20,-6.6789427211839474,0,3.6750000000000003,0,1,0,0,0.3078575999313915,0.3078575999313915
4,3.6800000000000002,736,84.158727509398631,0,0,0,26.689406565461226,0,26.689406565461226,0,0.29999999999999999,-0,2.0926882047080837,0,84.158727509398631,84.158727509398631,0.28052909169799545,0,0,0,20,-6.6894065654612263,0,3.6800000000000002,0,1,0,0,0.30784651916415845,0.30784651916415845
4,3.6850000000000001,737,84.292200700156286,0,0,0,26.69986960314634,0,26.69986960314634,0,0.29999999999999999,-0,2.0925268608692176,0,84.292200700156286,84.292200700156286,0.28097400233385428,0,0,0,20,-6.6998696031463396,0,3.6850000000000001,0,1,0,0,0.30783543572327493,0.30783543572327493
4,3.6899999999999999,738,84.42572620408535,0,0,0,26.710331833985261,0,26.710331833985261,0,0.29999999999999999,-0,2.0923654662349698,0,84.42572620408535,84.42572620408535,0.28141908734695115,0,0,0,20,-6.7103318339852613,0,3.6899999999999999,0,1,0,0,0.30782434961088923,0.30782434961088923
4,3.6950000000000003,739,84.559304017150964,0,0,0,26.720793257724061,0,26.720793257724061,0,0.29999999999999999,-0,2.0922040208239521,0,84.559304017150964,84.559304017150964,0.28186434672383653,0,0,0,20,-6.7207932577240612,0,3.6950000000000003,0,1,0,0,0.30781326082921207,0.30781326082921207
4,3.7000000000000002,740,84.692934135317003,0,0,0,26.731253874108901,0,26.731253874108901,0,0.29999999999999999,-0,2.0920425246548011,0,84.692934135317003,84.692934135317003,0.2823097804510567,0,0,0,20,-6.7312538741089014,0,3.7000000000000002,0,1,0,0,0.30780216938051147,0.30780216938051147
4,3.7050000000000001,741,84.82661655454605,0,0,0,26.74171368288604,0,26.74171368288604,0,0.29999999999999999,-0,2.0918809777461775,0,84.82661655454605,84.82661655454605,0.28275538851515347,0,0,0,20,-6.74171368288604,0,3.7050000000000001,0,1,0,0,0.30779107526711003,0.30779107526711003
4,3.71,742,84.960351270799435,0,0,0,26.752172683801827,0,26.752172683801827,0,0.29999999999999999,-0,2.0917193801167633,0,84.960351270799435,84.960351270799435,0.28320117090266478,0,0,0,20,-6.7521726838018274,0,3.71,0,1,0,0,0.30777997849138061,0.30777997849138061
4,3.7149999999999999,743,85.094138280037214,0,0,0,26.762630876602703,0,26.762630876602703,0,0.29999999999999999,-0,2.0915577317852612,0,85.094138280037214,85.094138280037214,0.28364712760012406,0,0,0,20,-6.762630876602703,0,3.7149999999999999,0,1,0,0,0.30776887905574252,0.30776887905574252
4,3.7200000000000002,744,85.227977578218187,0,0,0,26.773088261035205,0,26.773088261035205,0,0.29999999999999999,-0,2.0913960327703935,0,85.227977578218187,85.227977578218187,0.28409325859406065,0,0,0,20,-6.7730882610352054,0,3.7200000000000002,0,1,0,0,0.30775777696265766,0.30775777696265766
4,3.7250000000000001,745,85.361869161299865,0,0,0,26.783544836845966,0,26.783544836845966,0,0.29999999999999999,-0,2.0912342830908996,0,85.361869161299865,85.361869161299865,0.28453956387099955,0,0,0,20,-6.7835448368459659,0,3.7250000000000001,0,1,0,0,0.30774667221462604,0.30774667221462604
4,3.73,746,85.495813025238519,0,0,0,26.794000603781704,0,26.794000603781704,0,0.29999999999999999,-0,2.0910724827655365,0,85.495813025238519,85.495813025238519,0.28498604341746175,0,0,0,20,-6.7940006037817042,0,3.73,0,1,0,0,0.30773556481418257,0.30773556481418257
4,3.7349999999999999,747,85.62980916598913,0,0,0,26.80445556158924,0,26.80445556158924,0,0.29999999999999999,-0,2.0909106318130761,0,85.62980916598913,85.62980916598913,0.28543269721996378,0,0,0,20,-6.8044555615892399,0,3.7349999999999999,0,1,0,0,0.30772445476389237,0.30772445476389237
4,3.7400000000000002,748,85.763857579505441,0,0,0,26.814909710015485,0,26.814909710015485,0,0.29999999999999999,-0,2.090748730252304,0,85.763857579505441,85.763857579505441,0.28587952526501814,0,0,0,20,-6.8149097100154847,0,3.7400000000000002,0,1,0,0,0.30771334206634721,0.30771334206634721
4,3.7450000000000001,749,85.897958261739902,0,0,0,26.825363048807446,0,26.825363048807446,0,0.29999999999999999,-0,2.0905867781020184,0,85.897958261739902,85.897958261739902,0.28632652753913301,0,0,0,20,-6.8253630488074464,0,3.7450000000000001,0,1,0,0,0.30770222672416175,0.30770222672416175
4,3.75,750,86.032111208643713,0,0,0,26.835815577712221,0,26.835815577712221,0,0.29999999999999999,-0,2.0904247753810283,0,86.032111208643713,86.032111208643713,0.28677370402881236,0,0,0,20,-6.8358155777122214,0,3.75,0,1,0,0,0.30769110873996919,0.30769110873996919
4,3.7549999999999999,751,86.166316416166794,0,0,0,26.846267296477002,0,26.846267296477002,0,0.29999999999999999,-0,2.0902627221081533,0,86.166316416166794,86.166316416166794,0.28722105472055598,0,0,0,20,-6.8462672964770022,0,3.7549999999999999,0,1,0,0,0.30767998811641784,0.30767998811641784
4,3.7600000000000002,752,86.300573880257829,0,0,0,26.856718204849081,0,26.856718204849081,0,0.29999999999999999,-0,2.090100618302221,0,86.300573880257829,86.300573880257829,0.28766857960085945,0,0,0,20,-6.8567182048490807,0,3.7600000000000002,0,1,0,0,0.30766886485616751,0.30766886485616751
4,3.7650000000000001,753,86.434883596864211,0,0,0,26.867168302575834,0,26.867168302575834,0,0.29999999999999999,-0,2.0899384639820662,0,86.434883596864211,86.434883596864211,0.28811627865621403,0,0,0,20,-6.8671683025758341,0,3.7650000000000001,0,1,0,0,0.30765773896188586,0.30765773896188586
4,3.77,754,86.569245561932092,0,0,0,26.877617589404743,0,26.877617589404743,0,0.29999999999999999,-0,2.0897762591665305,0,86.569245561932092,86.569245561932092,0.28856415187310697,0,0,0,20,-6.8776175894047427,0,3.77,0,1,0,0,0.30764661043624486,0.30764661043624486
4,3.7749999999999999,755,86.70365977140635,0,0,0,26.888066065083372,0,26.888066065083372,0,0.29999999999999999,-0,2.0896140038744599,0,86.70365977140635,86.70365977140635,0.28901219923802118,0,0,0,20,-6.8880660650833718,0,3.7749999999999999,0,1,0,0,0.30763547928191765,0.30763547928191765
4,3.7800000000000002,756,86.838126221230596,0,0,0,26.89851372935939,0,26.89851372935939,0,0.29999999999999999,-0,2.0894516981247042,0,86.838126221230596,86.838126221230596,0.28946042073743533,0,0,0,20,-6.8985137293593901,0,3.7800000000000002,0,1,0,0,0.30762434550157502,0.30762434550157502
4,3.7850000000000001,757,86.972644907347188,0,0,0,26.908960581980555,0,26.908960581980555,0,0.29999999999999999,-0,2.0892893419361158,0,86.972644907347188,86.972644907347188,0.28990881635782395,0,0,0,20,-6.9089605819805548,0,3.7850000000000001,0,1,0,0,0.30761320909788287,0.30761320909788287
4,3.79,758,87.107215825697224,0,0,0,26.919406622694719,0,26.919406622694719,0,0.29999999999999999,-0,2.089126935327549,0,87.107215825697224,87.107215825697224,0.29035738608565742,0,0,0,20,-6.9194066226947193,0,3.79,0,1,0,0,0.30760207007349888,0.30760207007349888
4,3.7949999999999999,759,87.241838972220535,0,0,0,26.929851851249829,0,26.929851851249829,0,0.29999999999999999,-0,2.0889644783178589,0,87.241838972220535,87.241838972220535,0.29080612990740179,0,0,0,20,-6.9298518512498291,0,3.7949999999999999,0,1,0,0,0.30759092843107,0.30759092843107
4,3.8000000000000003,760,87.3765143428557,0,0,0,26.940296267393926,0,26.940296267393926,0,0.29999999999999999,-0,2.0888019709259003,0,87.3765143428557,87.3765143428557,0.291255047809519,0,0,0,20,-6.9402962673939257,0,3.8000000000000003,0,1,0,0,0.30757978417322973,0.30757978417322973
4,3.8050000000000002,761,87.511241933540035,0,0,0,26.950739870875147,0,26.950739870875147,0,0.29999999999999999,-0,2.0886394131705259,0,87.511241933540035,87.511241933540035,0.29170413977846676,0,0,0,20,-6.9507398708751467,0,3.8050000000000002,0,1,0,0,0.30756863730259576,0.30756863730259576
4,3.8100000000000001,762,87.646021740209591,0,0,0,26.961182661441722,0,26.961182661441722,0,0.29999999999999999,-0,2.088476805070588,0,87.646021740209591,87.646021740209591,0.29215340580069865,0,0,0,20,-6.9611826614417218,0,3.8100000000000001,0,1,0,0,0.30755748782176773,0.30755748782176773
4,3.8149999999999999,763,87.780853758799168,0,0,0,26.971624638841977,0,26.971624638841977,0,0.29999999999999999,-0,2.0883141466449349,0,87.780853758799168,87.780853758799168,0.29260284586266389,0,0,0,20,-6.9716246388419769,0,3.8149999999999999,0,1,0,0,0.30754633573332546,0.30754633573332546
4,3.8200000000000003,764,87.915737985242316,0,0,0,26.982065802824327,0,26.982065802824327,0,0.29999999999999999,-0,2.0881514379124115,0,87.915737985242316,87.915737985242316,0.2930524599508077,0,0,0,20,-6.9820658028243265,0,3.8200000000000003,0,1,0,0,0.30753518103982624,0.30753518103982624
4,3.8250000000000002,765,88.050674415471306,0,0,0,26.992506153137285,0,26.992506153137285,0,0.29999999999999999,-0,2.0879886788918602,0,88.050674415471306,88.050674415471306,0.29350224805157105,0,0,0,20,-6.9925061531372847,0,3.8250000000000002,0,1,0,0,0.30752402374380411,0.30752402374380411
4,3.8300000000000001,766,88.185663045417158,0,0,0,27.002945689529462,0,27.002945689529462,0,0.29999999999999999,-0,2.087825869602117,0,88.185663045417158,88.185663045417158,0.2939522101513905,0,0,0,20,-7.0029456895294615,0,3.8300000000000001,0,1,0,0,0.30751286384776783,0.30751286384776783
4,3.835,767,88.320703871009641,0,0,0,27.013384411749556,0,27.013384411749556,0,0.29999999999999999,-0,2.087663010062013,0,88.320703871009641,88.320703871009641,0.29440234623669881,0,0,0,20,-7.0133844117495556,0,3.835,0,1,0,0,0.30750170135419935,0.30750170135419935
4,3.8399999999999999,768,88.455796888177275,0,0,0,27.023822319546362,0,27.023822319546362,0,0.29999999999999999,-0,2.087500100290375,0,88.455796888177275,88.455796888177275,0.29485265629392426,0,0,0,20,-7.0238223195463618,0,3.8399999999999999,0,1,0,0,0.30749053626555284,0.30749053626555284
4,3.8450000000000002,769,88.590942092847314,0,0,0,27.034259412668771,0,27.034259412668771,0,0.29999999999999999,-0,2.0873371403060217,0,88.590942092847314,88.590942092847314,0.29530314030949106,0,0,0,20,-7.0342594126687708,0,3.8450000000000002,0,1,0,0,0.30747936858425395,0.30747936858425395
4,3.8500000000000001,770,88.726139480945761,0,0,0,27.044695690865765,0,27.044695690865765,0,0.29999999999999999,-0,2.0871741301277669,0,88.726139480945761,88.726139480945761,0.29575379826981918,0,0,0,20,-7.0446956908657654,0,3.8500000000000001,0,1,0,0,0.30746819831269839,0.30746819831269839
4,3.855,771,88.861389048397356,0,0,0,27.055131153886421,0,27.055131153886421,0,0.29999999999999999,-0,2.0870110697744169,0,88.861389048397356,88.861389048397356,0.29620463016132453,0,0,0,20,-7.0551311538864212,0,3.855,0,1,0,0,0.30745702545325176,0.30745702545325176
4,3.8599999999999999,772,88.996690791125587,0,0,0,27.065565801479913,0,27.065565801479913,0,0.29999999999999999,-0,2.0868479592647722,0,88.996690791125587,88.996690791125587,0.29665563597041861,0,0,0,20,-7.065565801479913,0,3.8599999999999999,0,1,0,0,0.30744585000824864,0.30744585000824864
4,3.8650000000000002,773,89.132044705052692,0,0,0,27.075999633395504,0,27.075999633395504,0,0.29999999999999999,-0,2.0866847986176249,0,89.132044705052692,89.132044705052692,0.297106815683509,0,0,0,20,-7.0759996333955044,0,3.8650000000000002,0,1,0,0,0.30743467197999258,0.30743467197999258
4,3.8700000000000001,774,89.267450786099658,0,0,0,27.086432649382555,0,27.086432649382555,0,0.29999999999999999,-0,2.0865215878517605,0,89.267450786099658,89.267450786099658,0.29755816928699885,0,0,0,20,-7.0864326493825551,0,3.8700000000000001,0,1,0,0,0.30742349137075553,0.30742349137075553
4,3.875,775,89.402909030186223,0,0,0,27.096864849190521,0,27.096864849190521,0,0.29999999999999999,-0,2.0863583269859576,0,89.402909030186223,89.402909030186223,0.29800969676728739,0,0,0,20,-7.0968648491905206,0,3.875,0,1,0,0,0.30741230818277826,0.30741230818277826
4,3.8799999999999999,776,89.538419433230857,0,0,0,27.107296232568945,0,27.107296232568945,0,0.29999999999999999,-0,2.086195016038987,0,89.538419433230857,89.538419433230857,0.29846139811076955,0,0,0,20,-7.1072962325689453,0,3.8799999999999999,0,1,0,0,0.30740112241827,0.30740112241827
4,3.8850000000000002,777,89.673981991150782,0,0,0,27.117726799267473,0,27.117726799267473,0,0.29999999999999999,-0,2.0860316550296121,0,89.673981991150782,89.673981991150782,0.29891327330383594,0,0,0,20,-7.1177267992674729,0,3.8850000000000002,0,1,0,0,0.30738993407940879,0.30738993407940879
4,3.8900000000000001,778,89.809596699861984,0,0,0,27.128156549035836,0,27.128156549035836,0,0.29999999999999999,-0,2.0858682439765901,0,89.809596699861984,89.809596699861984,0.29936532233287327,0,0,0,20,-7.1281565490358361,0,3.8900000000000001,0,1,0,0,0.30737874316834196,0.30737874316834196
4,3.895,779,89.945263555279183,0,0,0,27.138585481623863,0,27.138585481623863,0,0.29999999999999999,-0,2.0857047828986701,0,89.945263555279183,89.945263555279183,0.29981754518426396,0,0,0,20,-7.1385854816238634,0,3.895,0,1,0,0,0.3073675496871866,0.3073675496871866
4,3.8999999999999999,780,90.080982553315849,0,0,0,27.149013596781479,0,27.149013596781479,0,0.29999999999999999,-0,2.0855412718145936,0,90.080982553315849,90.080982553315849,0.30026994184438616,0,0,0,20,-7.1490135967814794,0,3.8999999999999999,0,1,0,0,0.30735635363802982,0.30735635363802982
4,3.9050000000000002,781,90.2167536898842,0,0,0,27.159440894258697,0,27.159440894258697,0,0.29999999999999999,-0,2.0853777107430984,0,90.2167536898842,90.2167536898842,0.300722512299614,0,0,0,20,-7.1594408942586973,0,3.9050000000000002,0,1,0,0,0.30734515502292992,0.30734515502292992
4,3.9100000000000001,782,90.35257696089522,0,0,0,27.16986737380563,0,27.16986737380563,0,0.29999999999999999,-0,2.0852140997029127,0,90.35257696089522,90.35257696089522,0.30117525653631738,0,0,0,20,-7.16986737380563,0,3.9100000000000001,0,1,0,0,0.30733395384391682,0.30733395384391682
4,3.915,783,90.488452362258627,0,0,0,27.180293035172479,0,27.180293035172479,0,0.29999999999999999,-0,2.0850504387127597,0,90.488452362258627,90.488452362258627,0.3016281745408621,0,0,0,20,-7.180293035172479,0,3.915,0,1,0,0,0.30732275010299293,0.30732275010299293
4,3.9199999999999999,784,90.624379889882903,0,0,0,27.190717878109538,0,27.190717878109538,0,0.29999999999999999,-0,2.0848867277913574,0,90.624379889882903,90.624379889882903,0.30208126629960969,0,0,0,20,-7.1907178781095382,0,3.9199999999999999,0,1,0,0,0.30731154380213455,0.30731154380213455
4,3.9250000000000003,785,90.760359539675264,0,0,0,27.201141902367201,0,27.201141902367201,0,0.29999999999999999,-0,2.084722966957417,0,90.760359539675264,90.760359539675264,0.30253453179891754,0,0,0,20,-7.2011419023672012,0,3.9250000000000003,0,1,0,0,0.30730033494329229,0.30730033494329229
4,3.9300000000000002,786,90.896391307541691,0,0,0,27.211565107695954,0,27.211565107695954,0,0.29999999999999999,-0,2.0845591562296453,0,90.896391307541691,90.896391307541691,0.30298797102513897,0,0,0,20,-7.2115651076959537,0,3.9300000000000002,0,1,0,0,0.30728912352839288,0.30728912352839288
4,3.9350000000000001,787,91.032475189386929,0,0,0,27.22198749384637,0,27.22198749384637,0,0.29999999999999999,-0,2.0843952956267437,0,91.032475189386929,91.032475189386929,0.30344158396462312,0,0,0,20,-7.2219874938463704,0,3.9350000000000001,0,1,0,0,0.30727790955933959,0.30727790955933959
4,3.9399999999999999,788,91.168611181114443,0,0,0,27.232409060569125,0,27.232409060569125,0,0.29999999999999999,-0,2.0842313851674095,0,91.168611181114443,91.168611181114443,0.3038953706037148,0,0,0,20,-7.2324090605691254,0,3.9399999999999999,0,1,0,0,0.30726669303801413,0.30726669303801413
4,3.9450000000000003,789,91.30479927862649,0,0,0,27.242829807614982,0,27.242829807614982,0,0.29999999999999999,-0,2.0840674248703359,0,91.30479927862649,91.30479927862649,0.30434933092875499,0,0,0,20,-7.2428298076149815,0,3.9450000000000003,0,1,0,0,0.30725547396627728,0.30725547396627728
4,3.9500000000000002,790,91.441039477824049,0,0,0,27.253249734734798,0,27.253249734734798,0,0.29999999999999999,-0,2.0839034147542135,0,91.441039477824049,91.441039477824049,0.30480346492608018,0,0,0,20,-7.2532497347347977,0,3.9500000000000002,0,1,0,0,0.30724425234597086,0.30724425234597086
4,3.9550000000000001,791,91.577331774606876,0,0,0,27.263668841679525,0,27.263668841679525,0,0.29999999999999999,-0,2.0837393548377281,0,91.577331774606876,91.577331774606876,0.30525777258202291,0,0,0,20,-7.2636688416795252,0,3.9550000000000001,0,1,0,0,0.30723302817891862,0.30723302817891862
4,3.96,792,91.713676164873476,0,0,0,27.274087128200208,0,27.274087128200208,0,0.29999999999999999,-0,2.083575245139563,0,91.713676164873476,91.713676164873476,0.30571225388291157,0,0,0,20,-7.2740871282002075,0,3.96,0,1,0,0,0.30722180146692768,0.30722180146692768
4,3.9650000000000003,793,91.850072644521092,0,0,0,27.284504594047984,0,27.284504594047984,0,0.29999999999999999,-0,2.0834110856784012,0,91.850072644521092,91.850072644521092,0.3061669088150703,0,0,0,20,-7.2845045940479842,0,3.9650000000000003,0,1,0,0,0.30721057221179005,0.30721057221179005
4,3.9700000000000002,794,91.986521209445755,0,0,0,27.294921238974084,0,27.294921238974084,0,0.29999999999999999,-0,2.0832468764729213,0,91.986521209445755,91.986521209445755,0.30662173736481918,0,0,0,20,-7.2949212389740836,0,3.9700000000000002,0,1,0,0,0.30719934041528374,0.30719934041528374
4,3.9750000000000001,795,92.12302185554222,0,0,0,27.305337062729834,0,27.305337062729834,0,0.29999999999999999,-0,2.0830826175418031,0,92.12302185554222,92.12302185554222,0.30707673951847408,0,0,0,20,-7.3053370627298335,0,3.9750000000000001,0,1,0,0,0.30718810607917463,0.30718810607917463
4,3.98,796,92.259574578704019,0,0,0,27.315752065066654,0,27.315752065066654,0,0.29999999999999999,-0,2.0829183089037233,0,92.259574578704019,92.259574578704019,0.30753191526234674,0,0,0,20,-7.3157520650666541,0,3.98,0,1,0,0,0.3071768692052172,0.3071768692052172
4,3.9849999999999999,797,92.396179374823433,0,0,0,27.326166245736054,0,27.326166245736054,0,0.29999999999999999,-0,2.0827539505773598,0,92.396179374823433,92.396179374823433,0.30798726458274478,0,0,0,20,-7.3261662457360543,0,3.9849999999999999,0,1,0,0,0.30716562979515649,0.30716562979515649
4,3.9900000000000002,798,92.532836239791507,0,0,0,27.336579604489643,0,27.336579604489643,0,0.29999999999999999,-0,2.0825895425813901,0,92.532836239791507,92.532836239791507,0.3084427874659717,0,0,0,20,-7.3365796044896427,0,3.9900000000000002,0,1,0,0,0.30715438785072918,0.30715438785072918
4,3.9950000000000001,799,92.669545169498051,0,0,0,27.346992141079117,0,27.346992141079117,0,0.29999999999999999,-0,2.0824250849344921,0,92.669545169498051,92.669545169498051,0.30889848389832686,0,0,0,20,-7.3469921410791166,0,3.9950000000000001,0,1,0,0,0.30714314337366483,0.30714314337366483
4,4,800,92.806306159831607,0,0,0,27.357403855256266,0,27.357403855256266,0,0.29999999999999999,-0,2.0822605776553451,0,92.806306159831607,92.806306159831607,0.30935435386610538,0,0,0,20,-7.3574038552562655,0,4,0,1,0,0,0.30713189636568766,0.30713189636568766
4,4.0049999999999999,801,92.943119206679512,0,0,0,27.367814746772979,0,27.367814746772979,0,0.29999999999999999,-0,2.0820960207626293,0,92.943119206679512,92.943119206679512,0.3098103973555984,0,0,0,20,-7.3678147467729787,0,4.0049999999999999,0,1,0,0,0.30712064682851709,0.30712064682851709
4,4.0099999999999998,802,93.079984305927823,0,0,0,27.378224815381234,0,27.378224815381234,0,0.29999999999999999,-0,2.081931414275028,0,93.079984305927823,93.079984305927823,0.31026661435309272,0,0,0,20,-7.378224815381234,0,4.0099999999999998,0,1,0,0,0.30710939476386967,0.30710939476386967
4,4.0149999999999997,803,93.216901453461389,0,0,0,27.388634060833102,0,27.388634060833102,0,0.29999999999999999,-0,2.0817667582112249,0,93.216901453461389,93.216901453461389,0.31072300484487131,0,0,0,20,-7.3886340608331018,0,4.0149999999999997,0,1,0,0,0.30709814017346015,0.30709814017346015
4,4.0200000000000005,804,93.353870645163809,0,0,0,27.399042482880748,0,27.399042482880748,0,0.29999999999999999,-0,2.0816020525899086,0,93.353870645163809,93.353870645163809,0.3111795688172127,0,0,0,20,-7.3990424828807484,0,4.0200000000000005,0,1,0,0,0.30708688305900211,0.30708688305900211
4,4.0250000000000004,805,93.490891876917445,0,0,0,27.409450081276436,0,27.409450081276436,0,0.29999999999999999,-0,2.081437297429769,0,93.490891876917445,93.490891876917445,0.31163630625639149,0,0,0,20,-7.4094500812764359,0,4.0250000000000004,0,1,0,0,0.30707562342220984,0.30707562342220984
4,4.0300000000000002,806,93.627965144603408,0,0,0,27.419856855772512,0,27.419856855772512,0,0.29999999999999999,-0,2.081272492749501,0,93.627965144603408,93.627965144603408,0.31209321714867805,0,0,0,20,-7.4198568557725118,0,4.0300000000000002,0,1,0,0,0.30706436126479913,0.30706436126479913
4,4.0350000000000001,807,93.765090444101588,0,0,0,27.430262806121426,0,27.430262806121426,0,0.29999999999999999,-0,2.0811076385678011,0,93.765090444101588,93.765090444101588,0.31255030148033863,0,0,0,20,-7.4302628061214264,0,4.0350000000000001,0,1,0,0,0.30705309658848789,0.30705309658848789
4,4.04,808,93.902267771290624,0,0,0,27.440667932075719,0,27.440667932075719,0,0.29999999999999999,-0,2.0809427349033731,0,93.902267771290624,93.902267771290624,0.3130075592376354,0,0,0,20,-7.4406679320757192,0,4.04,0,1,0,0,0.30704182939499769,0.30704182939499769
4,4.0449999999999999,809,94.039497122047933,0,0,0,27.451072233388022,0,27.451072233388022,0,0.29999999999999999,-0,2.0807777817749229,0,94.039497122047933,94.039497122047933,0.31346499040682646,0,0,0,20,-7.4510722333880217,0,4.0449999999999999,0,1,0,0,0.30703055968605425,0.30703055968605425
4,4.0499999999999998,810,94.176778492249682,0,0,0,27.461475709811062,0,27.461475709811062,0,0.29999999999999999,-0,2.0806127792011626,0,94.176778492249682,94.176778492249682,0.31392259497416558,0,0,0,20,-7.4614757098110616,0,4.0499999999999998,0,1,0,0,0.30701928746338875,0.30701928746338875
4,4.0549999999999997,811,94.314111877770813,0,0,0,27.471878361097655,0,27.471878361097655,0,0.29999999999999999,-0,2.0804477272008084,0,94.314111877770813,94.314111877770813,0.31438037292590271,0,0,0,20,-7.4718783610976551,0,4.0549999999999997,0,1,0,0,0.30700801272873818,0.30700801272873818
4,4.0600000000000005,812,94.451497274485021,0,0,0,27.482280187000722,0,27.482280187000722,0,0.29999999999999999,-0,2.0802826257925822,0,94.451497274485021,94.451497274485021,0.3148383242482834,0,0,0,20,-7.4822801870007218,0,4.0600000000000005,0,1,0,0,0.30699673548384615,0.30699673548384615
4,4.0650000000000004,813,94.588934678264764,0,0,0,27.492681187273266,0,27.492681187273266,0,0.29999999999999999,-0,2.080117474995212,0,94.588934678264764,94.588934678264764,0.31529644892754921,0,0,0,20,-7.4926811872732664,0,4.0650000000000004,0,1,0,0,0.30698545573046382,0.30698545573046382
4,4.0700000000000003,814,94.726424084981289,0,0,0,27.503081361668389,0,27.503081361668389,0,0.29999999999999999,-0,2.0799522748274311,0,94.726424084981289,94.726424084981289,0.3157547469499376,0,0,0,20,-7.5030813616683893,0,4.0700000000000003,0,1,0,0,0.30697417347035016,0.30697417347035016
4,4.0750000000000002,815,94.863965490504583,0,0,0,27.513480709939287,0,27.513480709939287,0,0.29999999999999999,-0,2.0797870253079793,0,94.863965490504583,94.863965490504583,0.31621321830168192,0,0,0,20,-7.5134807099392873,0,4.0750000000000002,0,1,0,0,0.30696288870527283,0.30696288870527283
4,4.0800000000000001,816,95.001558890703407,0,0,0,27.523879231839249,0,27.523879231839249,0,0.29999999999999999,-0,2.0796217264556018,0,95.001558890703407,95.001558890703407,0.31667186296901134,0,0,0,20,-7.5238792318392491,0,4.0800000000000001,0,1,0,0,0.30695160143700845,0.30695160143700845
4,4.085,817,95.139204281445288,0,0,0,27.534276927121653,0,27.534276927121653,0,0.29999999999999999,-0,2.0794563782890512,0,95.139204281445288,95.139204281445288,0.31713068093815094,0,0,0,20,-7.5342769271216525,0,4.085,0,1,0,0,0.30694031166734309,0.30694031166734309
4,4.0899999999999999,818,95.276901658596515,0,0,0,27.544673795539978,0,27.544673795539978,0,0.29999999999999999,-0,2.0792909808270856,0,95.276901658596515,95.276901658596515,0.31758967219532169,0,0,0,20,-7.5446737955399783,0,4.0899999999999999,0,1,0,0,0.30692901939807271,0.30692901939807271
4,4.0949999999999998,819,95.41465101802217,0,0,0,27.555069836847796,0,27.555069836847796,0,0.29999999999999999,-0,2.0791255340884711,0,95.41465101802217,95.41465101802217,0.31804883672674056,0,0,0,20,-7.555069836847796,0,4.0949999999999998,0,1,0,0,0.30691772463100309,0.30691772463100309
4,4.0999999999999996,820,95.55245235558607,0,0,0,27.565465050798768,0,27.565465050798768,0,0.29999999999999999,-0,2.0789600380919793,0,95.55245235558607,95.55245235558607,0.31850817451862024,0,0,0,20,-7.5654650507987675,0,4.0999999999999996,0,1,0,0,0.30690642736795082,0.30690642736795082
4,4.1050000000000004,821,95.690305667150824,0,0,0,27.575859437146651,0,27.575859437146651,0,0.29999999999999999,-0,2.0787944928563884,0,95.690305667150824,95.690305667150824,0.31896768555716942,0,0,0,20,-7.5758594371466508,0,4.1050000000000004,0,1,0,0,0.30689512761074261,0.30689512761074261
4,4.1100000000000003,822,95.828210948577791,0,0,0,27.586252995645296,0,27.586252995645296,0,0.29999999999999999,-0,2.0786288984004857,0,95.828210948577791,95.828210948577791,0.31942736982859266,0,0,0,20,-7.586252995645296,0,4.1100000000000003,0,1,0,0,0.30688382536121628,0.30688382536121628
4,4.1150000000000002,823,95.966168195727121,0,0,0,27.596645726048653,0,27.596645726048653,0,0.29999999999999999,-0,2.0784632547430619,0,95.966168195727121,95.966168195727121,0.31988722731909042,0,0,0,20,-7.5966457260486528,0,4.1150000000000002,0,1,0,0,0.30687252062122011,0.30687252062122011
4,4.1200000000000001,824,96.104177404457715,0,0,0,27.607037628110756,0,27.607037628110756,0,0.29999999999999999,-0,2.0782975619029185,0,96.104177404457715,96.104177404457715,0.32034725801485903,0,0,0,20,-7.6070376281107563,0,4.1200000000000001,0,1,0,0,0.30686121339261341,0.30686121339261341
4,4.125,825,96.242238570627251,0,0,0,27.617428701585741,0,27.617428701585741,0,0.29999999999999999,-0,2.0781318198988603,0,96.242238570627251,96.242238570627251,0.32080746190209086,0,0,0,20,-7.6174287015857409,0,4.125,0,1,0,0,0.30684990367726583,0.30684990367726583
4,4.1299999999999999,826,96.380351690092184,0,0,0,27.627818946227837,0,27.627818946227837,0,0.29999999999999999,-0,2.0779660287497017,0,96.380351690092184,96.380351690092184,0.32126783896697392,0,0,0,20,-7.627818946227837,0,4.1299999999999999,0,1,0,0,0.30683859147705839,0.30683859147705839
4,4.1349999999999998,827,96.518516758707733,0,0,0,27.638208361791364,0,27.638208361791364,0,0.29999999999999999,-0,2.0778001884742627,0,96.518516758707733,96.518516758707733,0.32172838919569247,0,0,0,20,-7.6382083617913636,0,4.1349999999999998,0,1,0,0,0.30682727679388228,0.30682727679388228
4,4.1399999999999997,828,96.656733772327897,0,0,0,27.648596948030736,0,27.648596948030736,0,0.29999999999999999,-0,2.0776342990913705,0,96.656733772327897,96.656733772327897,0.32218911257442634,0,0,0,20,-7.6485969480307361,0,4.1399999999999997,0,1,0,0,0.30681595962963926,0.30681595962963926
4,4.1450000000000005,829,96.795002726805436,0,0,0,27.658984704700465,0,27.658984704700465,0,0.29999999999999999,-0,2.0774683606198594,0,96.795002726805436,96.795002726805436,0.32265000908935143,0,0,0,20,-7.6589847047004653,0,4.1450000000000005,0,1,0,0,0.30680463998624141,0.30680463998624141
4,4.1500000000000004,830,96.933323617991888,0,0,0,27.669371631555151,0,27.669371631555151,0,0.29999999999999999,-0,2.0773023730785702,0,96.933323617991888,96.933323617991888,0.32311107872663963,0,0,0,20,-7.6693716315551512,0,4.1500000000000004,0,1,0,0,0.30679331786561054,0.30679331786561054
4,4.1550000000000002,831,97.071696441737558,0,0,0,27.679757728349497,0,27.679757728349497,0,0.29999999999999999,-0,2.0771363364863498,0,97.071696441737558,97.071696441737558,0.32357232147245851,0,0,0,20,-7.6797577283494967,0,4.1550000000000002,0,1,0,0,0.30678199326967864,0.30678199326967864
4,4.1600000000000001,832,97.210121193891538,0,0,0,27.690142994838293,0,27.690142994838293,0,0.29999999999999999,-0,2.0769702508620518,0,97.210121193891538,97.210121193891538,0.3240337373129718,0,0,0,20,-7.6901429948382933,0,4.1600000000000001,0,1,0,0,0.30677066620038684,0.30677066620038684
4,4.165,833,97.348597870301688,0,0,0,27.700527430776429,0,27.700527430776429,0,0.29999999999999999,-0,2.0768041162245376,0,97.348597870301688,97.348597870301688,0.32449532623433897,0,0,0,20,-7.7005274307764289,0,4.165,0,1,0,0,0.30675933665968547,0.30675933665968547
4,4.1699999999999999,834,97.487126466814644,0,0,0,27.710911035918883,0,27.710911035918883,0,0.29999999999999999,-0,2.0766379325926727,0,97.487126466814644,97.487126466814644,0.32495708822271546,0,0,0,20,-7.7109110359188833,0,4.1699999999999999,0,1,0,0,0.30674800464953372,0.30674800464953372
4,4.1749999999999998,835,97.625706979275805,0,0,0,27.721293810020729,0,27.721293810020729,0,0.29999999999999999,-0,2.0764716999853308,0,97.625706979275805,97.625706979275805,0.3254190232642527,0,0,0,20,-7.7212938100207289,0,4.1749999999999998,0,1,0,0,0.30673667017189904,0.30673667017189904
4,4.1799999999999997,836,97.764339403529362,0,0,0,27.731675752837141,0,27.731675752837141,0,0.29999999999999999,-0,2.07630541842139,0,97.764339403529362,97.764339403529362,0.32588113134509789,0,0,0,20,-7.7316757528371411,0,4.1799999999999997,0,1,0,0,0.30672533322875689,0.30672533322875689
4,4.1850000000000005,837,97.903023735418287,0,0,0,27.742056864123381,0,27.742056864123381,0,0.29999999999999999,-0,2.0761390879197359,0,97.903023735418287,97.903023735418287,0.32634341245139431,0,0,0,20,-7.7420568641233807,0,4.1850000000000005,0,1,0,0,0.30671399382209036,0.30671399382209036
4,4.1900000000000004,838,98.041759970784312,0,0,0,27.752437143634808,0,27.752437143634808,0,0.29999999999999999,-0,2.0759727084992585,0,98.041759970784312,98.041759970784312,0.32680586656928107,0,0,0,20,-7.7524371436348076,0,4.1900000000000004,0,1,0,0,0.30670265195388946,0.30670265195388946
4,4.1950000000000003,839,98.180548105467949,0,0,0,27.762816591126874,0,27.762816591126874,0,0.29999999999999999,-0,2.0758062801788548,0,98.180548105467949,98.180548105467949,0.32726849368489314,0,0,0,20,-7.7628165911268745,0,4.1950000000000003,0,1,0,0,0.3066913076261511,0.3066913076261511
4,4.2000000000000002,840,98.319388135308486,0,0,0,27.77319520635513,0,27.77319520635513,0,0.29999999999999999,-0,2.0756398029774252,0,98.319388135308486,98.319388135308486,0.32773129378436161,0,0,0,20,-7.7731952063551297,0,4.2000000000000002,0,1,0,0,0.30667996084087817,0.30667996084087817
4,4.2050000000000001,841,98.458280056143991,0,0,0,27.783572989075214,0,27.783572989075214,0,0.29999999999999999,-0,2.0754732769138777,0,98.458280056143991,98.458280056143991,0.32819426685381331,0,0,0,20,-7.7835729890752141,0,4.2050000000000001,0,1,0,0,0.30666861160007947,0.30666861160007947
4,4.21,842,98.597223863811323,0,0,0,27.793949939042864,0,27.793949939042864,0,0.29999999999999999,-0,2.0753067020071234,0,98.597223863811323,98.597223863811323,0.32865741287937106,0,0,0,20,-7.7939499390428644,0,4.21,0,1,0,0,0.30665725990576898,0.30665725990576898
4,4.2149999999999999,843,98.736219554146103,0,0,0,27.804326056013913,0,27.804326056013913,0,0.29999999999999999,-0,2.07514007827608,0,98.736219554146103,98.736219554146103,0.32912073184715368,0,0,0,20,-7.8043260560139132,0,4.2149999999999999,0,1,0,0,0.30664590575996536,0.30664590575996536
4,4.2199999999999998,844,98.875267122982734,0,0,0,27.814701339744285,0,27.814701339744285,0,0.29999999999999999,-0,2.0749734057396694,0,98.875267122982734,98.875267122982734,0.32958422374327578,0,0,0,20,-7.8147013397442855,0,4.2199999999999998,0,1,0,0,0.30663454916469146,0.30663454916469146
4,4.2249999999999996,845,99.014366566154408,0,0,0,27.825075789989999,0,27.825075789989999,0,0.29999999999999999,-0,2.0748066844168171,0,99.014366566154408,99.014366566154408,0.33004788855384803,0,0,0,20,-7.8250757899899988,0,4.2249999999999996,0,1,0,0,0.30662319012197436,0.30662319012197436
4,4.2300000000000004,846,99.153517879493094,0,0,0,27.835449406507173,0,27.835449406507173,0,0.29999999999999999,-0,2.0746399143264544,0,99.153517879493094,99.153517879493094,0.33051172626497699,0,0,0,20,-7.8354494065071734,0,4.2300000000000004,0,1,0,0,0.30661182863384406,0.30661182863384406
4,4.2350000000000003,847,99.292721058829528,0,0,0,27.845822189052015,0,27.845822189052015,0,0.29999999999999999,-0,2.0744730954875168,0,99.292721058829528,99.292721058829528,0.3309757368627651,0,0,0,20,-7.845822189052015,0,4.2350000000000003,0,1,0,0,0.30660046470233338,0.30660046470233338
4,4.2400000000000002,848,99.43197609999325,0,0,0,27.856194137380832,0,27.856194137380832,0,0.29999999999999999,-0,2.0743062279189433,0,99.43197609999325,99.43197609999325,0.33143992033331082,0,0,0,20,-7.8561941373808324,0,4.2400000000000002,0,1,0,0,0.30658909832947789,0.30658909832947789
4,4.2450000000000001,849,99.571282998812563,0,0,0,27.866565251250019,0,27.866565251250019,0,0.29999999999999999,-0,2.0741393116396765,0,99.571282998812563,99.571282998812563,0.33190427666270855,0,0,0,20,-7.8665652512500195,0,4.2450000000000001,0,1,0,0,0.30657772951731471,0.30657772951731471
4,4.25,850,99.710641751114579,0,0,0,27.876935530416073,0,27.876935530416073,0,0.29999999999999999,-0,2.0739723466686644,0,99.710641751114579,99.710641751114579,0.33236880583704859,0,0,0,20,-7.8769355304160733,0,4.25,0,1,0,0,0.30656635826788242,0.30656635826788242
4,4.2549999999999999,851,99.850052352725157,0,0,0,27.887304974635583,0,27.887304974635583,0,0.29999999999999999,-0,2.0738053330248558,0,99.850052352725157,99.850052352725157,0.33283350784241716,0,0,0,20,-7.8873049746355832,0,4.2549999999999999,0,1,0,0,0.30655498458322084,0.30655498458322084
4,4.2599999999999998,852,99.989514799468949,0,0,0,27.897673583665231,0,27.897673583665231,0,0.29999999999999999,-0,2.0736382707272072,0,99.989514799468949,99.989514799468949,0.33329838266489648,0,0,0,20,-7.897673583665231,0,4.2599999999999998,0,1,0,0,0.30654360846537032,0.30654360846537032
4,4.2649999999999997,853,100.12902908716941,0,0,0,27.908041357261794,0,27.908041357261794,0,0.29999999999999999,-0,2.0734711597946736,0,100.12902908716941,100.12902908716941,0.33376343029056471,0,0,0,20,-7.9080413572617942,0,4.2649999999999997,0,1,0,0,0.30653222991637136,0.30653222991637136
4,4.2700000000000005,854,100.26859521164877,0,0,0,27.91840829518215,0,27.91840829518215,0,0.29999999999999999,-0,2.0733040002462175,0,100.26859521164877,100.26859521164877,0.3342286507054959,0,0,0,20,-7.9184082951821502,0,4.2700000000000005,0,1,0,0,0.30652084893826409,0.30652084893826409
4,4.2750000000000004,855,100.40821316872804,0,0,0,27.928774397183261,0,27.928774397183261,0,0.29999999999999999,-0,2.0731367921008013,0,100.40821316872804,100.40821316872804,0.33469404389576013,0,0,0,20,-7.9287743971832612,0,4.2750000000000004,0,1,0,0,0.30650946553308844,0.30650946553308844
4,4.2800000000000002,856,100.54788295422701,0,0,0,27.939139663022193,0,27.939139663022193,0,0.29999999999999999,-0,2.0729695353773918,0,100.54788295422701,100.54788295422701,0.33515960984742338,0,0,0,20,-7.9391396630221927,0,4.2800000000000002,0,1,0,0,0.30649807970288312,0.30649807970288312
4,4.2850000000000001,857,100.68760456396426,0,0,0,27.949504092456102,0,27.949504092456102,0,0.29999999999999999,-0,2.0728022300949589,0,100.68760456396426,100.68760456396426,0.33562534854654752,0,0,0,20,-7.9495040924561025,0,4.2850000000000001,0,1,0,0,0.30648669144968554,0.30648669144968554
4,4.29,858,100.82737799375715,0,0,0,27.959867685242241,0,27.959867685242241,0,0.29999999999999999,-0,2.072634876272474,0,100.82737799375715,100.82737799375715,0.33609125997919054,0,0,0,20,-7.9598676852422408,0,4.29,0,1,0,0,0.30647530077553159,0.30647530077553159
4,4.2949999999999999,859,100.96720323942186,0,0,0,27.970230441137957,0,27.970230441137957,0,0.29999999999999999,-0,2.0724674739289117,0,100.96720323942186,100.96720323942186,0.3365573441314062,0,0,0,20,-7.9702304411379572,0,4.2949999999999999,0,1,0,0,0.30646390768245535,0.30646390768245535
4,4.2999999999999998,860,101.10708029677332,0,0,0,27.980592359900694,0,27.980592359900694,0,0.29999999999999999,-0,2.0723000230832493,0,101.10708029677332,101.10708029677332,0.33702360098924439,0,0,0,20,-7.9805923599006938,0,4.2999999999999998,0,1,0,0,0.30645251217248859,0.30645251217248859
4,4.3049999999999997,861,101.24700916162524,0,0,0,27.990953441287985,0,27.990953441287985,0,0.29999999999999999,-0,2.0721325237544654,0,101.24700916162524,101.24700916162524,0.33749003053875082,0,0,0,20,-7.990953441287985,0,4.3049999999999997,0,1,0,0,0.30644111424766052,0.30644111424766052
4,4.3100000000000005,862,101.38698982979017,0,0,0,28.001313685057465,0,28.001313685057465,0,0.29999999999999999,-0,2.0719649759615426,0,101.38698982979017,101.38698982979017,0.33795663276596721,0,0,0,20,-8.0013136850574647,0,4.3100000000000005,0,1,0,0,0.3064297139099979,0.3064297139099979
4,4.3150000000000004,863,101.52702229707938,0,0,0,28.011673090966859,0,28.011673090966859,0,0.29999999999999999,-0,2.0717973797234635,0,101.52702229707938,101.52702229707938,0.3384234076569313,0,0,0,20,-8.011673090966859,0,4.3150000000000004,0,1,0,0,0.3064183111615244,0.3064183111615244
4,4.3200000000000003,864,101.66710655930299,0,0,0,28.02203165877399,0,28.02203165877399,0,0.29999999999999999,-0,2.071629735059215,0,101.66710655930299,101.66710655930299,0.33889035519767663,0,0,0,20,-8.0220316587739902,0,4.3200000000000003,0,1,0,0,0.30640690600426079,0.30640690600426079
4,4.3250000000000002,865,101.80724261226987,0,0,0,28.032389388236773,0,28.032389388236773,0,0.29999999999999999,-0,2.0714620419877847,0,101.80724261226987,101.80724261226987,0.33935747537423294,0,0,0,20,-8.0323893882367727,0,4.3250000000000002,0,1,0,0,0.30639549844022435,0.30639549844022435
4,4.3300000000000001,866,101.94743045178771,0,0,0,28.042746279113221,0,28.042746279113221,0,0.29999999999999999,-0,2.0712943005281623,0,101.94743045178771,101.94743045178771,0.33982476817262569,0,0,0,20,-8.0427462791132207,0,4.3300000000000001,0,1,0,0,0.30638408847142901,0.30638408847142901
4,4.335,867,102.08767007366296,0,0,0,28.05310233116144,0,28.05310233116144,0,0.29999999999999999,-0,2.0711265106993397,0,102.08767007366296,102.08767007366296,0.34029223357887656,0,0,0,20,-8.0531023311614405,0,4.335,0,1,0,0,0.30637267609988517,0.30637267609988517
4,4.3399999999999999,868,102.22796147370087,0,0,0,28.063457544139631,0,28.063457544139631,0,0.29999999999999999,-0,2.0709586725203106,0,102.22796147370087,102.22796147370087,0.34075987157900289,0,0,0,20,-8.0634575441396308,0,4.3399999999999999,0,1,0,0,0.30636126132759955,0.30636126132759955
4,4.3449999999999998,869,102.3683046477055,0,0,0,28.07381191780609,0,28.07381191780609,0,0.29999999999999999,-0,2.0707907860100696,0,102.3683046477055,102.3683046477055,0.34122768215901833,0,0,0,20,-8.0738119178060899,0,4.3449999999999998,0,1,0,0,0.30634984415657512,0.30634984415657512
4,4.3500000000000005,870,102.50869959147968,0,0,0,28.084165451919208,0,28.084165451919208,0,0.29999999999999999,-0,2.0706228511876152,0,102.50869959147968,102.50869959147968,0.34169566530493228,0,0,0,20,-8.0841654519192083,0,4.3500000000000005,0,1,0,0,0.30633842458881089,0.30633842458881089
4,4.3550000000000004,871,102.64914630082504,0,0,0,28.094518146237476,0,28.094518146237476,0,0.29999999999999999,-0,2.0704548680719457,0,102.64914630082504,102.64914630082504,0.34216382100275011,0,0,0,20,-8.0945181462374762,0,4.3550000000000004,0,1,0,0,0.30632700262630219,0.30632700262630219
4,4.3600000000000003,872,102.789644771542,0,0,0,28.104870000519472,0,28.104870000519472,0,0.29999999999999999,-0,2.0702868366820617,0,102.789644771542,102.789644771542,0.34263214923847335,0,0,0,20,-8.1048700005194725,0,4.3600000000000003,0,1,0,0,0.30631557827104028,0.30631557827104028
4,4.3650000000000002,873,102.93019499942977,0,0,0,28.115221014523872,0,28.115221014523872,0,0.29999999999999999,-0,2.070118757036965,0,102.93019499942977,102.93019499942977,0.34310064999809925,0,0,0,20,-8.1152210145238719,0,4.3650000000000002,0,1,0,0,0.30630415152501239,0.30630415152501239
4,4.3700000000000001,874,103.07079698028637,0,0,0,28.125571188009449,0,28.125571188009449,0,0.29999999999999999,-0,2.0699506291556609,0,103.07079698028637,103.07079698028637,0.34356932326762124,0,0,0,20,-8.1255711880094488,0,4.3700000000000001,0,1,0,0,0.30629272239020205,0.30629272239020205
4,4.375,875,103.2114507099086,0,0,0,28.135920520735066,0,28.135920520735066,0,0.29999999999999999,-0,2.0697824530571549,0,103.2114507099086,103.2114507099086,0.3440381690330287,0,0,0,20,-8.1359205207350662,0,4.375,0,1,0,0,0.3062812908685888,0.3062812908685888
4,4.3799999999999999,876,103.35215618409205,0,0,0,28.14626901245969,0,28.14626901245969,0,0.29999999999999999,-0,2.0696142287604542,0,103.35215618409205,103.35215618409205,0.34450718728030683,0,0,0,20,-8.1462690124596904,0,4.3799999999999999,0,1,0,0,0.30626985696214826,0.30626985696214826
4,4.3849999999999998,877,103.49291339863113,0,0,0,28.156616662942373,0,28.156616662942373,0,0.29999999999999999,-0,2.069445956284568,0,103.49291339863113,103.49291339863113,0.34497637799543712,0,0,0,20,-8.1566166629423726,0,4.3849999999999998,0,1,0,0,0.30625842067285208,0.30625842067285208
4,4.3899999999999997,878,103.63372234931902,0,0,0,28.166963471942267,0,28.166963471942267,0,0.29999999999999999,-0,2.0692776356485076,0,103.63372234931902,103.63372234931902,0.34544574116439669,0,0,0,20,-8.1669634719422675,0,4.3899999999999997,0,1,0,0,0.30624698200266842,0.30624698200266842
4,4.3950000000000005,879,103.77458303194769,0,0,0,28.177309439218622,0,28.177309439218622,0,0.29999999999999999,-0,2.0691092668712856,0,103.77458303194769,103.77458303194769,0.34591527677315898,0,0,0,20,-8.1773094392186216,0,4.3950000000000005,0,1,0,0,0.30623554095356154,0.30623554095356154
4,4.4000000000000004,880,103.91549544230793,0,0,0,28.187654564530778,0,28.187654564530778,0,0.29999999999999999,-0,2.0689408499719164,0,103.91549544230793,103.91549544230793,0.34638498480769309,0,0,0,20,-8.1876545645307779,0,4.4000000000000004,0,1,0,0,0.30622409752749236,0.30622409752749236
4,4.4050000000000002,881,104.05645957618933,0,0,0,28.197998847638171,0,28.197998847638171,0,0.29999999999999999,-0,2.0687723849694164,0,104.05645957618933,104.05645957618933,0.34685486525396442,0,0,0,20,-8.1979988476381713,0,4.4050000000000002,0,1,0,0,0.30621265172641782,0.30621265172641782
4,4.4100000000000001,882,104.19747542938025,0,0,0,28.208342288300333,0,28.208342288300333,0,0.29999999999999999,-0,2.0686038718828037,0,104.19747542938025,104.19747542938025,0.34732491809793414,0,0,0,20,-8.208342288300333,0,4.4100000000000001,0,1,0,0,0.30620120355229197,0.30620120355229197
4,4.415,883,104.33854299766786,0,0,0,28.21868488627689,0,28.21868488627689,0,0.29999999999999999,-0,2.0684353107310982,0,104.33854299766786,104.33854299766786,0.34779514332555955,0,0,0,20,-8.2186848862768898,0,4.415,0,1,0,0,0.3061897530070653,0.3061897530070653
4,4.4199999999999999,884,104.47966227683814,0,0,0,28.229026641327565,0,28.229026641327565,0,0.29999999999999999,-0,2.0682667015333216,0,104.47966227683814,104.47966227683814,0.34826554092279383,0,0,0,20,-8.2290266413275646,0,4.4199999999999999,0,1,0,0,0.30617830009268537,0.30617830009268537
4,4.4249999999999998,885,104.62083326267586,0,0,0,28.239367553212176,0,28.239367553212176,0,0.29999999999999999,-0,2.0680980443084986,0,104.62083326267586,104.62083326267586,0.3487361108755862,0,0,0,20,-8.2393675532121762,0,4.4249999999999998,0,1,0,0,0.30616684481109652,0.30616684481109652
4,4.4299999999999997,886,104.76205595096458,0,0,0,28.249707621690636,0,28.249707621690636,0,0.29999999999999999,-0,2.0679293390756537,0,104.76205595096458,104.76205595096458,0.34920685316988193,0,0,0,20,-8.2497076216906358,0,4.4299999999999997,0,1,0,0,0.30615538716424046,0.30615538716424046
4,4.4350000000000005,887,104.90333033748668,0,0,0,28.26004684652295,0,28.26004684652295,0,0.29999999999999999,-0,2.0677605858538155,0,104.90333033748668,104.90333033748668,0.34967776779162224,0,0,0,20,-8.2600468465229504,0,4.4350000000000005,0,1,0,0,0.30614392715405603,0.30614392715405603
4,4.4400000000000004,888,105.04465641802332,0,0,0,28.270385227469223,0,28.270385227469223,0,0.29999999999999999,-0,2.0675917846620138,0,105.04465641802332,105.04465641802332,0.3501488547267444,0,0,0,20,-8.2703852274692231,0,4.4400000000000004,0,1,0,0,0.30613246478247963,0.30613246478247963
4,4.4450000000000003,889,105.18603418835448,0,0,0,28.280722764289653,0,28.280722764289653,0,0.29999999999999999,-0,2.0674229355192808,0,105.18603418835448,105.18603418835448,0.35062011396118159,0,0,0,20,-8.2807227642896528,0,4.4450000000000003,0,1,0,0,0.30612100005144521,0.30612100005144521
4,4.4500000000000002,890,105.32746364425894,0,0,0,28.291059456744531,0,28.291059456744531,0,0.29999999999999999,-0,2.0672540384446507,0,105.32746364425894,105.32746364425894,0.35109154548086313,0,0,0,20,-8.2910594567445308,0,4.4500000000000002,0,1,0,0,0.30610953296288451,0.30610953296288451
4,4.4550000000000001,891,105.46894478151425,0,0,0,28.301395304594244,0,28.301395304594244,0,0.29999999999999999,-0,2.0670850934571594,0,105.46894478151425,105.46894478151425,0.35156314927171417,0,0,0,20,-8.3013953045942444,0,4.4550000000000001,0,1,0,0,0.30609806351872731,0.30609806351872731
4,4.46,892,105.61047759589681,0,0,0,28.31173030759928,0,28.31173030759928,0,0.29999999999999999,-0,2.0669161005758467,0,105.61047759589681,105.61047759589681,0.35203492531965602,0,0,0,20,-8.3117303075992801,0,4.46,0,1,0,0,0.30608659172090136,0.30608659172090136
4,4.4649999999999999,893,105.75206208318178,0,0,0,28.322064465520214,0,28.322064465520214,0,0.29999999999999999,-0,2.066747059819753,0,105.75206208318178,105.75206208318178,0.35250687361060595,0,0,0,20,-8.3220644655202136,0,4.4649999999999999,0,1,0,0,0.30607511757133277,0.30607511757133277
4,4.4699999999999998,894,105.89369823914315,0,0,0,28.33239777811772,0,28.33239777811772,0,0.29999999999999999,-0,2.0665779712079213,0,105.89369823914315,105.89369823914315,0.35297899413047717,0,0,0,20,-8.3323977781177199,0,4.4699999999999998,0,1,0,0,0.30606364107194595,0.30606364107194595
4,4.4750000000000005,895,106.03538605955369,0,0,0,28.342730245152566,0,28.342730245152566,0,0.29999999999999999,-0,2.066408834759399,0,106.03538605955369,106.03538605955369,0.35345128686517896,0,0,0,20,-8.3427302451525662,0,4.4750000000000005,0,1,0,0,0.30605216222466425,0.30605216222466425
4,4.4800000000000004,896,106.177125540185,0,0,0,28.353061866385616,0,28.353061866385616,0,0.29999999999999999,-0,2.066239650493233,0,106.177125540185,106.177125540185,0.35392375180061669,0,0,0,20,-8.353061866385616,0,4.4800000000000004,0,1,0,0,0.30604068103140952,0.30604068103140952
4,4.4850000000000003,897,106.31891667680748,0,0,0,28.363392641577832,0,28.363392641577832,0,0.29999999999999999,-0,2.0660704184284748,0,106.31891667680748,106.31891667680748,0.3543963889226916,0,0,0,20,-8.3633926415778319,0,4.4850000000000003,0,1,0,0,0.30602919749410251,0.30602919749410251
4,4.4900000000000002,898,106.46075946519031,0,0,0,28.373722570490269,0,28.373722570490269,0,0.29999999999999999,-0,2.0659011385841781,0,106.46075946519031,106.46075946519031,0.35486919821730101,0,0,0,20,-8.3737225704902691,0,4.4900000000000002,0,1,0,0,0.3060177116146634,0.3060177116146634
4,4.4950000000000001,899,106.6026539011015,0,0,0,28.384051652884075,0,28.384051652884075,0,0.29999999999999999,-0,2.0657318109793996,0,106.6026539011015,106.6026539011015,0.35534217967033838,0,0,0,20,-8.3840516528840752,0,4.4950000000000001,0,1,0,0,0.30600622339501132,0.30600622339501132
4,4.5,900,106.74459998030788,0,0,0,28.394379888520493,0,28.394379888520493,0,0.29999999999999999,-0,2.0655624356331965,0,106.74459998030788,106.74459998030788,0.35581533326769293,0,0,0,20,-8.3943798885204934,0,4.5,0,1,0,0,0.30599473283706474,0.30599473283706474
4,4.5049999999999999,901,106.88659769857505,0,0,0,28.404707277160867,0,28.404707277160867,0,0.29999999999999999,-0,2.0653930125646323,0,106.88659769857505,106.88659769857505,0.35628865899525014,0,0,0,20,-8.4047072771608669,0,4.5049999999999999,0,1,0,0,0.30598323994274212,0.30598323994274212
4,4.5099999999999998,902,107.02864705166743,0,0,0,28.415033818566634,0,28.415033818566634,0,0.29999999999999999,-0,2.0652235417927707,0,107.02864705166743,107.02864705166743,0.35676215683889145,0,0,0,20,-8.4150338185666342,0,4.5099999999999998,0,1,0,0,0.3059717447139611,0.3059717447139611
4,4.5149999999999997,903,107.17074803534827,0,0,0,28.425359512499323,0,28.425359512499323,0,0.29999999999999999,-0,2.0650540233366783,0,107.17074803534827,107.17074803534827,0.35723582678449423,0,0,0,20,-8.4253595124993232,0,4.5149999999999997,0,1,0,0,0.30596024715263948,0.30596024715263948
4,4.5200000000000005,904,107.31290064537959,0,0,0,28.435684358720561,0,28.435684358720561,0,0.29999999999999999,-0,2.064884457215427,0,107.31290064537959,107.31290064537959,0.35770966881793193,0,0,0,20,-8.435684358720561,0,4.5200000000000005,0,1,0,0,0.30594874726069504,0.30594874726069504
4,4.5250000000000004,905,107.45510487752223,0,0,0,28.446008356992067,0,28.446008356992067,0,0.29999999999999999,-0,2.0647148434480882,0,107.45510487752223,107.45510487752223,0.35818368292507413,0,0,0,20,-8.446008356992067,0,4.5250000000000004,0,1,0,0,0.30593724504004538,0.30593724504004538
4,4.5300000000000002,906,107.59736072753586,0,0,0,28.45633150707566,0,28.45633150707566,0,0.29999999999999999,-0,2.064545182053739,0,107.59736072753586,107.59736072753586,0.35865786909178621,0,0,0,20,-8.4563315070756602,0,4.5300000000000002,0,1,0,0,0.30592574049260868,0.30592574049260868
4,4.5350000000000001,907,107.73966819117894,0,0,0,28.466653808733255,0,28.466653808733255,0,0.29999999999999999,-0,2.0643754730514581,0,107.73966819117894,107.73966819117894,0.3591322273039298,0,0,0,20,-8.4666538087332555,0,4.5350000000000001,0,1,0,0,0.30591423362030318,0.30591423362030318
4,4.54,908,107.88202726420874,0,0,0,28.47697526172686,0,28.47697526172686,0,0.29999999999999999,-0,2.0642057164603278,0,107.88202726420874,107.88202726420874,0.35960675754736249,0,0,0,20,-8.4769752617268601,0,4.54,0,1,0,0,0.30590272442504768,0.30590272442504768
4,4.5449999999999999,909,108.02443794238137,0,0,0,28.487295865818577,0,28.487295865818577,0,0.29999999999999999,-0,2.0640359122994325,0,108.02443794238137,108.02443794238137,0.36008145980793788,0,0,0,20,-8.4872958658185773,0,4.5449999999999999,0,1,0,0,0.30589121290876137,0.30589121290876137
4,4.5499999999999998,910,108.1669002214517,0,0,0,28.497615620770603,0,28.497615620770603,0,0.29999999999999999,-0,2.0638660605878614,0,108.1669002214517,108.1669002214517,0.36055633407150567,0,0,0,20,-8.4976156207706026,0,4.5499999999999998,0,1,0,0,0.30587969907336426,0.30587969907336426
4,4.5549999999999997,911,108.30941409717344,0,0,0,28.507934526345235,0,28.507934526345235,0,0.29999999999999999,-0,2.0636961613447049,0,108.30941409717344,108.30941409717344,0.36103138032391147,0,0,0,20,-8.5079345263452346,0,4.5549999999999997,0,1,0,0,0.30586818292077694,0.30586818292077694
4,4.5600000000000005,912,108.45197956529913,0,0,0,28.518252582304861,0,28.518252582304861,0,0.29999999999999999,-0,2.0635262145890585,0,108.45197956529913,108.45197956529913,0.36150659855099709,0,0,0,20,-8.5182525823048607,0,4.5600000000000005,0,1,0,0,0.30585666445292076,0.30585666445292076
4,4.5650000000000004,913,108.59459662158007,0,0,0,28.528569788411968,0,28.528569788411968,0,0.29999999999999999,-0,2.0633562203400198,0,108.59459662158007,108.59459662158007,0.36198198873860021,0,0,0,20,-8.5285697884119678,0,4.5650000000000004,0,1,0,0,0.30584514367171789,0.30584514367171789
4,4.5700000000000003,914,108.73726526176642,0,0,0,28.538886144429135,0,28.538886144429135,0,0.29999999999999999,-0,2.063186178616689,0,108.73726526176642,108.73726526176642,0.36245755087255477,0,0,0,20,-8.5388861444291351,0,4.5700000000000003,0,1,0,0,0.30583362057909169,0.30583362057909169
4,4.5750000000000002,915,108.87998548160715,0,0,0,28.549201650119041,0,28.549201650119041,0,0.29999999999999999,-0,2.0630160894381699,0,108.87998548160715,108.87998548160715,0.36293328493869048,0,0,0,20,-8.5492016501190413,0,4.5750000000000002,0,1,0,0,0.30582209517696607,0.30582209517696607
4,4.5800000000000001,916,109.02275727685002,0,0,0,28.559516305244458,0,28.559516305244458,0,0.29999999999999999,-0,2.062845952823571,0,109.02275727685002,109.02275727685002,0.36340919092283336,0,0,0,20,-8.5595163052444576,0,4.5800000000000001,0,1,0,0,0.30581056746726626,0.30581056746726626
4,4.585,917,109.1655806432416,0,0,0,28.569830109568251,0,28.569830109568251,0,0.29999999999999999,-0,2.0626757687920017,0,109.1655806432416,109.1655806432416,0.36388526881080535,0,0,0,20,-8.569830109568251,0,4.585,0,1,0,0,0.3057990374519185,0.3057990374519185
4,4.5899999999999999,918,109.30845557652729,0,0,0,28.580143062853381,0,28.580143062853381,0,0.29999999999999999,-0,2.0625055373625769,0,109.30845557652729,109.30845557652729,0.3643615185884243,0,0,0,20,-8.5801430628533808,0,4.5899999999999999,0,1,0,0,0.30578750513285002,0.30578750513285002
4,4.5949999999999998,919,109.45138207245134,0,0,0,28.590455164862909,0,28.590455164862909,0,0.29999999999999999,-0,2.0623352585544126,0,109.45138207245134,109.45138207245134,0.36483794024150445,0,0,0,20,-8.5904551648629095,0,4.5949999999999998,0,1,0,0,0.30577597051198907,0.30577597051198907
4,4.6000000000000005,920,109.59436012675674,0,0,0,28.600766415359992,0,28.600766415359992,0,0.29999999999999999,-0,2.0621649323866289,0,109.59436012675674,109.59436012675674,0.36531453375585582,0,0,0,20,-8.6007664153599919,0,4.6000000000000005,0,1,0,0,0.30576443359126543,0.30576443359126543
4,4.6050000000000004,921,109.73738973518536,0,0,0,28.611076814107875,0,28.611076814107875,0,0.29999999999999999,-0,2.0619945588783501,0,109.73738973518536,109.73738973518536,0.36579129911728453,0,0,0,20,-8.6110768141078751,0,4.6050000000000004,0,1,0,0,0.30575289437260944,0.30575289437260944
4,4.6100000000000003,922,109.88047089347785,0,0,0,28.621386360869906,0,28.621386360869906,0,0.29999999999999999,-0,2.0618241380487028,0,109.88047089347785,109.88047089347785,0.36626823631159283,0,0,0,20,-8.6213863608699057,0,4.6100000000000003,0,1,0,0,0.30574135285795317,0.30574135285795317
4,4.6150000000000002,923,110.02360359737369,0,0,0,28.631695055409523,0,28.631695055409523,0,0.29999999999999999,-0,2.0616536699168164,0,110.02360359737369,110.02360359737369,0.36674534532457898,0,0,0,20,-8.6316950554095229,0,4.6150000000000002,0,1,0,0,0.30572980904922942,0.30572980904922942
4,4.6200000000000001,924,110.16678784261119,0,0,0,28.642002897490265,0,28.642002897490265,0,0.29999999999999999,-0,2.0614831545018251,0,110.16678784261119,110.16678784261119,0.36722262614203727,0,0,0,20,-8.642002897490265,0,4.6200000000000001,0,1,0,0,0.30571826294837234,0.30571826294837234
4,4.625,925,110.31002362492744,0,0,0,28.652309886875766,0,28.652309886875766,0,0.29999999999999999,-0,2.0613125918228645,0,110.31002362492744,110.31002362492744,0.36770007874975813,0,0,0,20,-8.6523098868757664,0,4.625,0,1,0,0,0.30570671455731713,0.30570671455731713
4,4.6299999999999999,926,110.45331094005839,0,0,0,28.662616023329754,0,28.662616023329754,0,0.29999999999999999,-0,2.061141981899075,0,110.45331094005839,110.45331094005839,0.36817770313352793,0,0,0,20,-8.662616023329754,0,4.6299999999999999,0,1,0,0,0.305695163878,0.305695163878
4,4.6349999999999998,927,110.59664978373878,0,0,0,28.67292130661605,0,28.67292130661605,0,0.29999999999999999,-0,2.0609713247495987,0,110.59664978373878,110.59664978373878,0.36865549927912927,0,0,0,20,-8.6729213066160504,0,4.6349999999999998,0,1,0,0,0.30568361091235863,0.30568361091235863
4,4.6399999999999997,928,110.7400401517022,0,0,0,28.683225736498574,0,28.683225736498574,0,0.29999999999999999,-0,2.0608006203935822,0,110.7400401517022,110.7400401517022,0.36913346717234069,0,0,0,20,-8.6832257364985743,0,4.6399999999999997,0,1,0,0,0.3056720556623313,0.3056720556623313
4,4.6450000000000005,929,110.88348203968104,0,0,0,28.69352931274134,0,28.69352931274134,0,0.29999999999999999,-0,2.0606298688501754,0,110.88348203968104,110.88348203968104,0.36961160679893679,0,0,0,20,-8.6935293127413402,0,4.6450000000000005,0,1,0,0,0.30566049812985746,0.30566049812985746
4,4.6500000000000004,930,111.0269754434065,0,0,0,28.703832035108462,0,28.703832035108462,0,0.29999999999999999,-0,2.0604590701385299,0,111.0269754434065,111.0269754434065,0.37008991814468833,0,0,0,20,-8.7038320351084622,0,4.6500000000000004,0,1,0,0,0.30564893831687789,0.30564893831687789
4,4.6550000000000002,931,111.17052035860861,0,0,0,28.714133903364143,0,28.714133903364143,0,0.29999999999999999,-0,2.0602882242778024,0,111.17052035860861,111.17052035860861,0.37056840119536205,0,0,0,20,-8.714133903364143,0,4.6550000000000002,0,1,0,0,0.30563737622533388,0.30563737622533388
4,4.6600000000000001,932,111.31411678101624,0,0,0,28.724434917272688,0,28.724434917272688,0,0.29999999999999999,-0,2.0601173312871506,0,111.31411678101624,111.31411678101624,0.37104705593672077,0,0,0,20,-8.7244349172726885,0,4.6600000000000001,0,1,0,0,0.30562581185716781,0.30562581185716781
4,4.665,933,111.45776470635704,0,0,0,28.734735076598497,0,28.734735076598497,0,0.29999999999999999,-0,2.0599463911857372,0,111.45776470635704,111.45776470635704,0.37152588235452344,0,0,0,20,-8.734735076598497,0,4.665,0,1,0,0,0.3056142452143229,0.3056142452143229
4,4.6699999999999999,934,111.60146413035753,0,0,0,28.745034381106059,0,28.745034381106059,0,0.29999999999999999,-0,2.059775403992727,0,111.60146413035753,111.60146413035753,0.37200488043452506,0,0,0,20,-8.7450343811060591,0,4.6699999999999999,0,1,0,0,0.30560267629874344,0.30560267629874344
4,4.6749999999999998,935,111.74521504874302,0,0,0,28.755332830559968,0,28.755332830559968,0,0.29999999999999999,-0,2.0596043697272886,0,111.74521504874302,111.74521504874302,0.37248405016247671,0,0,0,20,-8.7553328305599685,0,4.6749999999999998,0,1,0,0,0.30559110511237408,0.30559110511237408
4,4.6799999999999997,936,111.88901745723766,0,0,0,28.765630424724911,0,28.765630424724911,0,0.29999999999999999,-0,2.0594332884085924,0,111.88901745723766,111.88901745723766,0.3729633915241255,0,0,0,20,-8.7656304247249111,0,4.6799999999999997,0,1,0,0,0.30557953165716034,0.30557953165716034
4,4.6850000000000005,937,112.0328713515644,0,0,0,28.775927163365665,0,28.775927163365665,0,0.29999999999999999,-0,2.059262160055813,0,112.0328713515644,112.0328713515644,0.37344290450521467,0,0,0,20,-8.7759271633656653,0,4.6850000000000005,0,1,0,0,0.30556795593504865,0.30556795593504865
4,4.6900000000000004,938,112.17677672744504,0,0,0,28.786223046247109,0,28.786223046247109,0,0.29999999999999999,-0,2.0590909846881282,0,112.17677672744504,112.17677672744504,0.37392258909148346,0,0,0,20,-8.7862230462471089,0,4.6900000000000004,0,1,0,0,0.30555637794798574,0.30555637794798574
4,4.6950000000000003,939,112.3207335806002,0,0,0,28.796518073134219,0,28.796518073134219,0,0.29999999999999999,-0,2.058919762324718,0,112.3207335806002,112.3207335806002,0.37440244526866734,0,0,0,20,-8.7965180731342194,0,4.6950000000000003,0,1,0,0,0.30554479769791892,0.30554479769791892
4,4.7000000000000002,940,112.46474190674934,0,0,0,28.806812243792063,0,28.806812243792063,0,0.29999999999999999,-0,2.0587484929847655,0,112.46474190674934,112.46474190674934,0.37488247302249778,0,0,0,20,-8.8068122437920628,0,4.7000000000000002,0,1,0,0,0.30553321518679616,0.30553321518679616
4,4.7050000000000001,941,112.60880170161069,0,0,0,28.817105557985805,0,28.817105557985805,0,0.29999999999999999,-0,2.0585771766874572,0,112.60880170161069,112.60880170161069,0.3753626723387023,0,0,0,20,-8.8171055579858049,0,4.7050000000000001,0,1,0,0,0.30552163041656571,0.30552163041656571
4,4.71,942,112.75291296090136,0,0,0,28.827398015480707,0,28.827398015480707,0,0.29999999999999999,-0,2.0584058134519818,0,112.75291296090136,112.75291296090136,0.37584304320300449,0,0,0,20,-8.827398015480707,0,4.71,0,1,0,0,0.30551004338917637,0.30551004338917637
4,4.7149999999999999,943,112.89707568033727,0,0,0,28.837689616042127,0,28.837689616042127,0,0.29999999999999999,-0,2.0582344032975315,0,112.89707568033727,112.89707568033727,0.37632358560112422,0,0,0,20,-8.8376896160421268,0,4.7149999999999999,0,1,0,0,0.30549845410657694,0.30549845410657694
4,4.7199999999999998,944,113.04128985563317,0,0,0,28.847980359435518,0,28.847980359435518,0,0.29999999999999999,-0,2.058062946243302,0,113.04128985563317,113.04128985563317,0.3768042995187772,0,0,0,20,-8.8479803594355175,0,4.7199999999999998,0,1,0,0,0.30548686257071683,0.30548686257071683
4,4.7250000000000005,945,113.18555548250262,0,0,0,28.858270245426425,0,28.858270245426425,0,0.29999999999999999,-0,2.05789144230849,0,113.18555548250262,113.18555548250262,0.3772851849416754,0,0,0,20,-8.858270245426425,0,4.7250000000000005,0,1,0,0,0.30547526878354542,0.30547526878354542
4,4.7300000000000004,946,113.32987255665803,0,0,0,28.868559273780498,0,28.868559273780498,0,0.29999999999999999,-0,2.0577198915122961,0,113.32987255665803,113.32987255665803,0.37776624185552676,0,0,0,20,-8.8685592737804981,0,4.7300000000000004,0,1,0,0,0.30546367274701236,0.30546367274701236
4,4.7350000000000003,947,113.47424107381063,0,0,0,28.878847444263478,0,28.878847444263478,0,0.29999999999999999,-0,2.0575482938739245,0,113.47424107381063,113.47424107381063,0.37824747024603544,0,0,0,20,-8.8788474442634779,0,4.7350000000000003,0,1,0,0,0.30545207446306721,0.30545207446306721
4,4.7400000000000002,948,113.61866102967049,0,0,0,28.889134756641198,0,28.889134756641198,0,0.29999999999999999,-0,2.0573766494125816,0,113.61866102967049,113.61866102967049,0.37872887009890166,0,0,0,20,-8.889134756641198,0,4.7400000000000002,0,1,0,0,0.30544047393365975,0.30544047393365975
4,4.7450000000000001,949,113.76313241994649,0,0,0,28.899421210679595,0,28.899421210679595,0,0.29999999999999999,-0,2.0572049581474752,0,113.76313241994649,113.76313241994649,0.37921044139982163,0,0,0,20,-8.8994212106795949,0,4.7450000000000001,0,1,0,0,0.30542887116073975,0.30542887116073975
4,4.75,950,113.90765524034633,0,0,0,28.909706806144698,0,28.909706806144698,0,0.29999999999999999,-0,2.0570332200978179,0,113.90765524034633,113.90765524034633,0.37969218413448774,0,0,0,20,-8.9097068061446976,0,4.75,0,1,0,0,0.30541726614625669,0.30541726614625669
4,4.7549999999999999,951,114.05222948657658,0,0,0,28.919991542802631,0,28.919991542802631,0,0.29999999999999999,-0,2.0568614352828236,0,114.05222948657658,114.05222948657658,0.38017409828858861,0,0,0,20,-8.9199915428026308,0,4.7549999999999999,0,1,0,0,0.30540565889216009,0.30540565889216009
4,4.7599999999999998,952,114.19685515434261,0,0,0,28.930275420419616,0,28.930275420419616,0,0.29999999999999999,-0,2.0566896037217095,0,114.19685515434261,114.19685515434261,0.38065618384780869,0,0,0,20,-8.9302754204196155,0,4.7599999999999998,0,1,0,0,0.30539404940039916,0.30539404940039916
4,4.7649999999999997,953,114.34153223934865,0,0,0,28.940558438761968,0,28.940558438761968,0,0.29999999999999999,-0,2.0565177254336957,0,114.34153223934865,114.34153223934865,0.38113844079782883,0,0,0,20,-8.9405584387619683,0,4.7649999999999997,0,1,0,0,0.30538243767292306,0.30538243767292306
4,4.7700000000000005,954,114.48626073729773,0,0,0,28.950840597596105,0,28.950840597596105,0,0.29999999999999999,-0,2.0563458004380042,0,114.48626073729773,114.48626073729773,0.38162086912432575,0,0,0,20,-8.9508405975961054,0,4.7700000000000005,0,1,0,0,0.30537082371168039,0.30537082371168039
4,4.7750000000000004,955,114.63104064389171,0,0,0,28.961121896688535,0,28.961121896688535,0,0.29999999999999999,-0,2.0561738287538609,0,114.63104064389171,114.63104064389171,0.38210346881297236,0,0,0,20,-8.9611218966885353,0,4.7750000000000004,0,1,0,0,0.30535920751861989,0.30535920751861989
4,4.7800000000000002,956,114.77587195483132,0,0,0,28.971402335805863,0,28.971402335805863,0,0.29999999999999999,-0,2.0560018104004922,0,114.77587195483132,114.77587195483132,0.38258623984943774,0,0,0,20,-8.9714023358058625,0,4.7800000000000002,0,1,0,0,0.30534758909568954,0.30534758909568954
4,4.7850000000000001,957,114.92075466581609,0,0,0,28.981681914714791,0,28.981681914714791,0,0.29999999999999999,-0,2.0558297453971295,0,114.92075466581609,114.92075466581609,0.38306918221938696,0,0,0,20,-8.981681914714791,0,4.7850000000000001,0,1,0,0,0.30533596844483712,0.30533596844483712
4,4.79,958,115.06568877254441,0,0,0,28.991960633182117,0,28.991960633182117,0,0.29999999999999999,-0,2.0556576337630053,0,115.06568877254441,115.06568877254441,0.38355229590848133,0,0,0,20,-8.9919606331821171,0,4.79,0,1,0,0,0.30532434556800986,0.30532434556800986
4,4.7949999999999999,959,115.21067427071345,0,0,0,29.002238490974737,0,29.002238490974737,0,0.29999999999999999,-0,2.0554854755173539,0,115.21067427071345,115.21067427071345,0.38403558090237816,0,0,0,20,-9.0022384909747366,0,4.7949999999999999,0,1,0,0,0.30531272046715485,0.30531272046715485
4,4.7999999999999998,960,115.3557111560193,0,0,0,29.012515487859638,0,29.012515487859638,0,0.29999999999999999,-0,2.0553132706794153,0,115.3557111560193,115.3557111560193,0.38451903718673097,0,0,0,20,-9.0125154878596376,0,4.7999999999999998,0,1,0,0,0.30530109314421811,0.30530109314421811
4,4.8049999999999997,961,115.50079942415681,0,0,0,29.022791623603908,0,29.022791623603908,0,0.29999999999999999,-0,2.0551410192684285,0,115.50079942415681,115.50079942415681,0.38500266474718936,0,0,0,20,-9.0227916236039079,0,4.8049999999999997,0,1,0,0,0.30528946360114573,0.30528946360114573
4,4.8100000000000005,962,115.64593907081971,0,0,0,29.033066897974731,0,29.033066897974731,0,0.29999999999999999,-0,2.0549687213036374,0,115.64593907081971,115.64593907081971,0.38548646356939903,0,0,0,20,-9.0330668979747308,0,4.8100000000000005,0,1,0,0,0.30527783183988277,0.30527783183988277
4,4.8150000000000004,963,115.79113009170054,0,0,0,29.043341310739386,0,29.043341310739386,0,0.29999999999999999,-0,2.0547963768042865,0,115.79113009170054,115.79113009170054,0.3859704336390018,0,0,0,20,-9.0433413107393861,0,4.8150000000000004,0,1,0,0,0.30526619786237419,0.30526619786237419
4,4.8200000000000003,964,115.9363724824907,0,0,0,29.053614861665249,0,29.053614861665249,0,0.29999999999999999,-0,2.0546239857896249,0,115.9363724824907,115.9363724824907,0.38645457494163565,0,0,0,20,-9.053614861665249,0,4.8200000000000003,0,1,0,0,0.30525456167056397,0.30525456167056397
4,4.8250000000000002,965,116.0816662388804,0,0,0,29.063887550519791,0,29.063887550519791,0,0.29999999999999999,-0,2.0544515482789025,0,116.0816662388804,116.0816662388804,0.3869388874629347,0,0,0,20,-9.0638875505197909,0,4.8250000000000002,0,1,0,0,0.30524292326639579,0.30524292326639579
4,4.8300000000000001,966,116.22701135655872,0,0,0,29.074159377070579,0,29.074159377070579,0,0.29999999999999999,-0,2.0542790642913724,0,116.22701135655872,116.22701135655872,0.38742337118852904,0,0,0,20,-9.0741593770705791,0,4.8300000000000001,0,1,0,0,0.30523128265181237,0.30523128265181237
4,4.835,967,116.37240783121355,0,0,0,29.084430341085277,0,29.084430341085277,0,0.29999999999999999,-0,2.0541065338462903,0,116.37240783121355,116.37240783121355,0.38790802610404518,0,0,0,20,-9.0844303410852767,0,4.835,0,1,0,0,0.30521963982875611,0.30521963982875611
4,4.8399999999999999,968,116.51785565853163,0,0,0,29.094700442331646,0,29.094700442331646,0,0.29999999999999999,-0,2.0539339569629136,0,116.51785565853163,116.51785565853163,0.38839285219510544,0,0,0,20,-9.0947004423316464,0,4.8399999999999999,0,1,0,0,0.30520799479916866,0.30520799479916866
4,4.8449999999999998,969,116.66335483419853,0,0,0,29.104969680577543,0,29.104969680577543,0,0.29999999999999999,-0,2.053761333660503,0,116.66335483419853,116.66335483419853,0.38887784944732845,0,0,0,20,-9.1049696805775433,0,4.8449999999999998,0,1,0,0,0.30519634756499098,0.30519634756499098
4,4.8500000000000005,970,116.80890535389868,0,0,0,29.115238055590918,0,29.115238055590918,0,0.29999999999999999,-0,2.0535886639583216,0,116.80890535389868,116.80890535389868,0.38936301784632893,0,0,0,20,-9.1152380555909183,0,4.8500000000000005,0,1,0,0,0.30518469812816346,0.30518469812816346
4,4.8550000000000004,971,116.95450721331534,0,0,0,29.125505567139825,0,29.125505567139825,0,0.29999999999999999,-0,2.0534159478756338,0,116.95450721331534,116.95450721331534,0.38984835737771778,0,0,0,20,-9.1255055671398253,0,4.8550000000000004,0,1,0,0,0.30517304649062565,0.30517304649062565
4,4.8600000000000003,972,117.10016040813059,0,0,0,29.135772214992407,0,29.135772214992407,0,0.29999999999999999,-0,2.0532431854317075,0,117.10016040813059,117.10016040813059,0.39033386802710196,0,0,0,20,-9.1357722149924072,0,4.8600000000000003,0,1,0,0,0.30516139265431669,0.30516139265431669
4,4.8650000000000002,973,117.24586493402538,0,0,0,29.146037998916906,0,29.146037998916906,0,0.29999999999999999,-0,2.0530703766458136,0,117.24586493402538,117.24586493402538,0.3908195497800846,0,0,0,20,-9.1460379989169063,0,4.8650000000000002,0,1,0,0,0.30514973662117484,0.30514973662117484
4,4.8700000000000001,974,117.39162078667948,0,0,0,29.156302918681661,0,29.156302918681661,0,0.29999999999999999,-0,2.0528975215372234,0,117.39162078667948,117.39162078667948,0.39130540262226493,0,0,0,20,-9.1563029186816607,0,4.8700000000000001,0,1,0,0,0.30513807839313778,0.30513807839313778
4,4.875,975,117.53742796177154,0,0,0,29.166566974055105,0,29.166566974055105,0,0.29999999999999999,-0,2.0527246201252134,0,117.53742796177154,117.53742796177154,0.39179142653923849,0,0,0,20,-9.1665669740551046,0,4.875,0,1,0,0,0.30512641797214263,0.30512641797214263
4,4.8799999999999999,976,117.683286454979,0,0,0,29.176830164805772,0,29.176830164805772,0,0.29999999999999999,-0,2.0525516724290598,0,117.683286454979,117.683286454979,0.39227762151659668,0,0,0,20,-9.1768301648057715,0,4.8799999999999999,0,1,0,0,0.30511475536012572,0.30511475536012572
4,4.8849999999999998,977,117.82919626197817,0,0,0,29.187092490702288,0,29.187092490702288,0,0.29999999999999999,-0,2.0523786784680422,0,117.82919626197817,117.82919626197817,0.39276398753992725,0,0,0,20,-9.1870924907022875,0,4.8849999999999998,0,1,0,0,0.30510309055902296,0.30510309055902296
4,4.8899999999999997,978,117.97515737844421,0,0,0,29.197353951513374,0,29.197353951513374,0,0.29999999999999999,-0,2.0522056382614431,0,117.97515737844421,117.97515737844421,0.39325052459481402,0,0,0,20,-9.1973539515133744,0,4.8899999999999997,0,1,0,0,0.30509142357076929,0.30509142357076929
4,4.8950000000000005,979,118.12116980005111,0,0,0,29.207614547007857,0,29.207614547007857,0,0.29999999999999999,-0,2.0520325518285483,0,118.12116980005111,118.12116980005111,0.39373723266683702,0,0,0,20,-9.2076145470078572,0,4.8950000000000005,0,1,0,0,0.30507975439729929,0.30507975439729929
4,4.9000000000000004,980,118.2672335224717,0,0,0,29.21787427695465,0,29.21787427695465,0,0.29999999999999999,-0,2.0518594191886423,0,118.2672335224717,118.2672335224717,0.39422411174157235,0,0,0,20,-9.2178742769546496,0,4.9000000000000004,0,1,0,0,0.305068083040547,0.305068083040547
4,4.9050000000000002,981,118.41334854137769,0,0,0,29.228133141122765,0,29.228133141122765,0,0.29999999999999999,-0,2.0516862403610165,0,118.41334854137769,118.41334854137769,0.39471116180459231,0,0,0,20,-9.2281331411227647,0,4.9050000000000002,0,1,0,0,0.30505640950244556,0.30505640950244556
4,4.9100000000000001,982,118.55951485243958,0,0,0,29.238391139281312,0,29.238391139281312,0,0.29999999999999999,-0,2.0515130153649626,0,118.55951485243958,118.55951485243958,0.39519838284146525,0,0,0,20,-9.2383911392813118,0,4.9100000000000001,0,1,0,0,0.30504473378492786,0.30504473378492786
4,4.915,983,118.70573245132677,0,0,0,29.2486482711995,0,29.2486482711995,0,0.29999999999999999,-0,2.0513397442197743,0,118.70573245132677,118.70573245132677,0.39568577483775591,0,0,0,20,-9.2486482711994995,0,4.915,0,1,0,0,0.30503305588992591,0.30503305588992591
4,4.9199999999999999,984,118.85200133370746,0,0,0,29.258904536646629,0,29.258904536646629,0,0.29999999999999999,-0,2.0511664269447487,0,118.85200133370746,118.85200133370746,0.39617333777902486,0,0,0,20,-9.2589045366466287,0,4.9199999999999999,0,1,0,0,0.30502137581937161,0.30502137581937161
4,4.9249999999999998,985,118.99832149524873,0,0,0,29.269159935392096,0,29.269159935392096,0,0.29999999999999999,-0,2.0509930635591846,0,118.99832149524873,118.99832149524873,0.39666107165082909,0,0,0,20,-9.2691599353920964,0,4.9249999999999998,0,1,0,0,0.30500969357519592,0.30500969357519592
4,4.9299999999999997,986,119.14469293161649,0,0,0,29.279414467205402,0,29.279414467205402,0,0.29999999999999999,-0,2.0508196540823835,0,119.14469293161649,119.14469293161649,0.39714897643872166,0,0,0,20,-9.2794144672054024,0,4.9299999999999997,0,1,0,0,0.30499800915932945,0.30499800915932945
4,4.9350000000000005,987,119.2911156384755,0,0,0,29.289668131856136,0,29.289668131856136,0,0.29999999999999999,-0,2.0506461985336499,0,119.2911156384755,119.2911156384755,0.39763705212825168,0,0,0,20,-9.2896681318561356,0,4.9350000000000005,0,1,0,0,0.30498632257370234,0.30498632257370234
4,4.9400000000000004,988,119.43758961148939,0,0,0,29.299920929113984,0,29.299920929113984,0,0.29999999999999999,-0,2.0504726969322897,0,119.43758961148939,119.43758961148939,0.3981252987049646,0,0,0,20,-9.2999209291139842,0,4.9400000000000004,0,1,0,0,0.3049746338202442,0.3049746338202442
4,4.9450000000000003,989,119.5841148463206,0,0,0,29.310172858748736,0,29.310172858748736,0,0.29999999999999999,-0,2.0502991492976115,0,119.5841148463206,119.5841148463206,0.398613716154402,0,0,0,20,-9.3101728587487358,0,4.9450000000000003,0,1,0,0,0.30496294290088444,0.30496294290088444
4,4.9500000000000002,990,119.73069133863045,0,0,0,29.320423920530271,0,29.320423920530271,0,0.29999999999999999,-0,2.0501255556489268,0,119.73069133863045,119.73069133863045,0.39910230446210149,0,0,0,20,-9.3204239205302706,0,4.9500000000000002,0,1,0,0,0.30495124981755167,0.30495124981755167
4,4.9550000000000001,991,119.87731908407909,0,0,0,29.330674114228568,0,29.330674114228568,0,0.29999999999999999,-0,2.0499519160055497,0,119.87731908407909,119.87731908407909,0.39959106361359698,0,0,0,20,-9.3306741142285681,0,4.9550000000000001,0,1,0,0,0.30493955457217414,0.30493955457217414
4,4.96,992,120.02399807832555,0,0,0,29.3409234396137,0,29.3409234396137,0,0.29999999999999999,-0,2.0497782303867957,0,120.02399807832555,120.02399807832555,0.40007999359441848,0,0,0,20,-9.3409234396137002,0,4.96,0,1,0,0,0.30492785716668008,0.30492785716668008
4,4.9649999999999999,993,120.17072831702767,0,0,0,29.351171896455842,0,29.351171896455842,0,0.29999999999999999,-0,2.0496044988119837,0,120.17072831702767,120.17072831702767,0.4005690943900922,0,0,0,20,-9.3511718964558419,0,4.9649999999999999,0,1,0,0,0.30491615760299695,0.30491615760299695
4,4.9699999999999998,994,120.31750979584216,0,0,0,29.361419484525261,0,29.361419484525261,0,0.29999999999999999,-0,2.0494307213004346,0,120.31750979584216,120.31750979584216,0.40105836598614053,0,0,0,20,-9.3614194845252605,0,4.9699999999999998,0,1,0,0,0.30490445588305193,0.30490445588305193
4,4.9750000000000005,995,120.46434251042459,0,0,0,29.371666203592319,0,29.371666203592319,0,0.29999999999999999,-0,2.0492568978714716,0,120.46434251042459,120.46434251042459,0.40154780836808196,0,0,0,20,-9.3716662035923193,0,4.9750000000000005,0,1,0,0,0.30489275200877225,0.30489275200877225
4,4.9800000000000004,996,120.61122645642936,0,0,0,29.381912053427477,0,29.381912053427477,0,0.29999999999999999,-0,2.0490830285444215,0,120.61122645642936,120.61122645642936,0.40203742152143124,0,0,0,20,-9.3819120534274774,0,4.9800000000000004,0,1,0,0,0.30488104598208415,0.30488104598208415
4,4.9850000000000003,997,120.75816162950976,0,0,0,29.392157033801297,0,29.392157033801297,0,0.29999999999999999,-0,2.0489091133386115,0,120.75816162950976,120.75816162950976,0.40252720543169918,0,0,0,20,-9.392157033801297,0,4.9850000000000003,0,1,0,0,0.30486933780491404,0.30486933780491404
4,4.9900000000000002,998,120.90514802531789,0,0,0,29.402401144484429,0,29.402401144484429,0,0.29999999999999999,-0,2.0487351522733732,0,120.90514802531789,120.90514802531789,0.40301716008439298,0,0,0,20,-9.4024011444844291,0,4.9900000000000002,0,1,0,0,0.30485762747918804,0.30485762747918804
4,4.9950000000000001,999,121.05218563950473,0,0,0,29.412644385247628,0,29.412644385247628,0,0.29999999999999999,-0,2.0485611453680392,0,121.05218563950473,121.05218563950473,0.40350728546501574,0,0,0,20,-9.4126443852476278,0,4.9950000000000001,0,1,0,0,0.30484591500683189,0.30484591500683189
4,5,1000,121.19927446772012,0,0,0,29.42288675586174,0,29.42288675586174,0,0.29999999999999999,-0,2.0483870926419461,0,121.19927446772012,121.19927446772012,0.40399758155906706,0,0,0,20,-9.4228867558617395,0,5,0,1,0,0,0.3048342003897711,0.3048342003897711
4,5.0049999999999999,1001,121.34641450561271,0,0,0,29.43312825609771,0,29.43312825609771,0,0.29999999999999999,-0,2.0482129941144311,0,121.34641450561271,121.34641450561271,0.40448804835204238,0,0,0,20,-9.4331282560977101,0,5.0049999999999999,0,1,0,0,0.30482248362993092,0.30482248362993092
4,5.0099999999999998,1002,121.49360574883008,0,0,0,29.443368885726581,0,29.443368885726581,0,0.29999999999999999,-0,2.0480388498048359,0,121.49360574883008,121.49360574883008,0.40497868582943358,0,0,0,20,-9.4433688857265814,0,5.0099999999999998,0,1,0,0,0.30481076472923663,0.30481076472923663
4,5.0149999999999997,1003,121.64084819301858,0,0,0,29.453608644519488,0,29.453608644519488,0,0.29999999999999999,-0,2.0478646597325021,0,121.64084819301858,121.64084819301858,0.4054694939767286,0,0,0,20,-9.4536086445194876,0,5.0149999999999997,0,1,0,0,0.30479904368961303,0.30479904368961303
4,5.0200000000000005,1004,121.78814183382349,0,0,0,29.463847532247666,0,29.463847532247666,0,0.29999999999999999,-0,2.0476904239167766,0,121.78814183382349,121.78814183382349,0.40596047277941161,0,0,0,20,-9.4638475322476658,0,5.0200000000000005,0,1,0,0,0.30478732051298463,0.30478732051298463
4,5.0250000000000004,1005,121.93548666688891,0,0,0,29.474085548682449,0,29.474085548682449,0,0.29999999999999999,-0,2.047516142377007,0,121.93548666688891,121.93548666688891,0.40645162222296299,0,0,0,20,-9.4740855486824493,0,5.0250000000000004,0,1,0,0,0.30477559520127628,0.30477559520127628
4,5.0300000000000002,1006,122.08288268785778,0,0,0,29.484322693595264,0,29.484322693595264,0,0.29999999999999999,-0,2.047341815132544,0,122.08288268785778,122.08288268785778,0.40694294229285927,0,0,0,20,-9.4843226935952636,0,5.0300000000000002,0,1,0,0,0.30476386775641223,0.30476386775641223
4,5.0350000000000001,1007,122.23032989237194,0,0,0,29.494558966757634,0,29.494558966757634,0,0.29999999999999999,-0,2.0471674422027402,0,122.23032989237194,122.23032989237194,0.40743443297457316,0,0,0,20,-9.4945589667576336,0,5.0350000000000001,0,1,0,0,0.30475213818031671,0.30475213818031671
4,5.04,1008,122.37782827607207,0,0,0,29.50479436794118,0,29.50479436794118,0,0.29999999999999999,-0,2.0469930236069511,0,122.37782827607207,122.37782827607207,0.40792609425357357,0,0,0,20,-9.5047943679411802,0,5.04,0,1,0,0,0.30474040647491402,0.30474040647491402
4,5.0449999999999999,1009,122.52537783459768,0,0,0,29.515028896917624,0,29.515028896917624,0,0.29999999999999999,-0,2.0468185593645343,0,122.52537783459768,122.52537783459768,0.40841792611532557,0,0,0,20,-9.5150288969176238,0,5.0449999999999999,0,1,0,0,0.304728672642128,0.304728672642128
4,5.0499999999999998,1010,122.67297856358718,0,0,0,29.525262553458781,0,29.525262553458781,0,0.29999999999999999,-0,2.0466440494948506,0,122.67297856358718,122.67297856358718,0.40890992854529062,0,0,0,20,-9.5252625534587807,0,5.0499999999999998,0,1,0,0,0.3047169366838825,0.3047169366838825
4,5.0549999999999997,1011,122.82063045867783,0,0,0,29.53549533733656,0,29.53549533733656,0,0.29999999999999999,-0,2.0464694940172627,0,122.82063045867783,122.82063045867783,0.40940210152892609,0,0,0,20,-9.5354953373365596,0,5.0549999999999997,0,1,0,0,0.30470519860210149,0.30470519860210149
4,5.0600000000000005,1012,122.96833351550573,0,0,0,29.545727248322972,0,29.545727248322972,0,0.29999999999999999,-0,2.0462948929511358,0,122.96833351550573,122.96833351550573,0.40989444505168576,0,0,0,20,-9.5457272483229723,0,5.0600000000000005,0,1,0,0,0.30469345839870848,0.30469345839870848
4,5.0650000000000004,1013,123.11608772970587,0,0,0,29.555958286190123,0,29.555958286190123,0,0.29999999999999999,-0,2.0461202463158381,0,123.11608772970587,123.11608772970587,0.41038695909901957,0,0,0,20,-9.5559582861901227,0,5.0650000000000004,0,1,0,0,0.30468171607562711,0.30468171607562711
4,5.0700000000000003,1014,123.26389309691206,0,0,0,29.566188450710214,0,29.566188450710214,0,0.29999999999999999,-0,2.0459455541307392,0,123.26389309691206,123.26389309691206,0.41087964365637353,0,0,0,20,-9.5661884507102144,0,5.0700000000000003,0,1,0,0,0.30466997163478088,0.30466997163478088
4,5.0750000000000002,1015,123.41174961275701,0,0,0,29.576417741655547,0,29.576417741655547,0,0.29999999999999999,-0,2.045770816415212,0,123.41174961275701,123.41174961275701,0.41137249870919002,0,0,0,20,-9.5764177416555469,0,5.0750000000000002,0,1,0,0,0.30465822507809326,0.30465822507809326
4,5.0800000000000001,1016,123.55965727287227,0,0,0,29.586646158798516,0,29.586646158798516,0,0.29999999999999999,-0,2.0455960331886316,0,123.55965727287227,123.55965727287227,0.41186552424290757,0,0,0,20,-9.5866461587985157,0,5.0800000000000001,0,1,0,0,0.3046464764074876,0.3046464764074876
4,5.085,1017,123.70761607288827,0,0,0,29.596873701911615,0,29.596873701911615,0,0.29999999999999999,-0,2.045421204470375,0,123.70761607288827,123.70761607288827,0.41235872024296089,0,0,0,20,-9.5968737019116155,0,5.085,0,1,0,0,0.30463472562488719,0.30463472562488719
4,5.0899999999999999,1018,123.85562600843429,0,0,0,29.607100370767434,0,29.607100370767434,0,0.29999999999999999,-0,2.0452463302798232,0,123.85562600843429,123.85562600843429,0.41285208669478096,0,0,0,20,-9.6071003707674336,0,5.0899999999999999,0,1,0,0,0.30462297273221517,0.30462297273221517
4,5.0949999999999998,1019,124.00368707513847,0,0,0,29.617326165138657,0,29.617326165138657,0,0.29999999999999999,-0,2.0450714106363583,0,124.00368707513847,124.00368707513847,0.4133456235837949,0,0,0,20,-9.6173261651386568,0,5.0949999999999998,0,1,0,0,0.30461121773139471,0.30461121773139471
4,5.1000000000000005,1020,124.15179926862783,0,0,0,29.627551084798071,0,29.627551084798071,0,0.29999999999999999,-0,2.044896445559365,0,124.15179926862783,124.15179926862783,0.41383933089542607,0,0,0,20,-9.6275510847980712,0,5.1000000000000005,0,1,0,0,0.30459946062434884,0.30459946062434884
4,5.1050000000000004,1021,124.29996258452822,0,0,0,29.637775129518559,0,29.637775129518559,0,0.29999999999999999,-0,2.0447214350682303,0,124.29996258452822,124.29996258452822,0.41433320861509404,0,0,0,20,-9.637775129518559,0,5.1050000000000004,0,1,0,0,0.30458770141300062,0.30458770141300062
4,5.1100000000000003,1022,124.44817701846439,0,0,0,29.647998299073095,0,29.647998299073095,0,0.29999999999999999,-0,2.0445463791823451,0,124.44817701846439,124.44817701846439,0.41482725672821463,0,0,0,20,-9.6479982990730946,0,5.1100000000000003,0,1,0,0,0.30457594009927291,0.30457594009927291
4,5.1150000000000002,1023,124.59644256605996,0,0,0,29.658220593234756,0,29.658220593234756,0,0.29999999999999999,-0,2.0443712779211003,0,124.59644256605996,124.59644256605996,0.41532147522019985,0,0,0,20,-9.6582205932347556,0,5.1150000000000002,0,1,0,0,0.30456417668508856,0.30456417668508856
4,5.1200000000000001,1024,124.74475922293738,0,0,0,29.668442011776712,0,29.668442011776712,0,0.29999999999999999,-0,2.0441961313038912,0,124.74475922293738,124.74475922293738,0.41581586407645793,0,0,0,20,-9.6684420117767118,0,5.1200000000000001,0,1,0,0,0.30455241117237047,0.30455241117237047
4,5.125,1025,124.89312698471798,0,0,0,29.678662554472233,0,29.678662554472233,0,0.29999999999999999,-0,2.0440209393501148,0,124.89312698471798,124.89312698471798,0.41631042328239326,0,0,0,20,-9.6786625544722327,0,5.125,0,1,0,0,0.30454064356304117,0.30454064356304117
4,5.1299999999999999,1026,125.04154584702198,0,0,0,29.688882221094683,0,29.688882221094683,0,0.29999999999999999,-0,2.04384570207917,0,125.04154584702198,125.04154584702198,0.41680515282340658,0,0,0,20,-9.6888822210946834,0,5.1299999999999999,0,1,0,0,0.30452887385902344,0.30452887385902344
4,5.1349999999999998,1027,125.19001580546843,0,0,0,29.699101011417529,0,29.699101011417529,0,0.29999999999999999,-0,2.0436704195104594,0,125.19001580546843,125.19001580546843,0.41730005268489478,0,0,0,20,-9.6991010114175289,0,5.1349999999999998,0,1,0,0,0.30451710206223964,0.30451710206223964
4,5.1399999999999997,1028,125.33853685567529,0,0,0,29.709318925214326,0,29.709318925214326,0,0.29999999999999999,-0,2.0434950916633872,0,125.33853685567529,125.33853685567529,0.41779512285225096,0,0,0,20,-9.7093189252143262,0,5.1399999999999997,0,1,0,0,0.30450532817461234,0.30450532817461234
4,5.1450000000000005,1029,125.48710899325933,0,0,0,29.719535962258732,0,29.719535962258732,0,0.29999999999999999,-0,2.0433197185573597,0,125.48710899325933,125.48710899325933,0.41829036331086444,0,0,0,20,-9.7195359622587318,0,5.1450000000000005,0,1,0,0,0.30449355219806379,0.30449355219806379
4,5.1500000000000004,1030,125.63573221383623,0,0,0,29.729752122324498,0,29.729752122324498,0,0.29999999999999999,-0,2.0431443002117864,0,125.63573221383623,125.63573221383623,0.41878577404612077,0,0,0,20,-9.7297521223244985,0,5.1500000000000004,0,1,0,0,0.30448177413451633,0.30448177413451633
4,5.1550000000000002,1031,125.78440651302056,0,0,0,29.739967405185482,0,29.739967405185482,0,0.29999999999999999,-0,2.0429688366460783,0,125.78440651302056,125.78440651302056,0.41928135504340186,0,0,0,20,-9.7399674051854817,0,5.1550000000000002,0,1,0,0,0.30446999398589208,0.30446999398589208
4,5.1600000000000001,1032,125.9331318864257,0,0,0,29.750181810615626,0,29.750181810615626,0,0.29999999999999999,-0,2.0427933278796493,0,125.9331318864257,125.9331318864257,0.41977710628808568,0,0,0,20,-9.7501818106156257,0,5.1600000000000001,0,1,0,0,0.30445821175411297,0.30445821175411297
4,5.165,1033,126.08190832966395,0,0,0,29.760395338388975,0,29.760395338388975,0,0.29999999999999999,-0,2.0426177739319158,0,126.08190832966395,126.08190832966395,0.42027302776554648,0,0,0,20,-9.7603953383889746,0,5.165,0,1,0,0,0.30444642744110106,0.30444642744110106
4,5.1699999999999999,1034,126.23073583834645,0,0,0,29.770607988279671,0,29.770607988279671,0,0.29999999999999999,-0,2.0424421748222965,0,126.23073583834645,126.23073583834645,0.42076911946115481,0,0,0,20,-9.7706079882796715,0,5.1699999999999999,0,1,0,0,0.30443464104877799,0.30443464104877799
4,5.1749999999999998,1035,126.37961440808323,0,0,0,29.780819760061959,0,29.780819760061959,0,0.29999999999999999,-0,2.0422665305702115,0,126.37961440808323,126.37961440808323,0.42126538136027741,0,0,0,20,-9.7808197600619593,0,5.1749999999999998,0,1,0,0,0.30442285257906559,0.30442285257906559
4,5.1799999999999997,1036,126.52854403448318,0,0,0,29.79103065351017,0,29.79103065351017,0,0.29999999999999999,-0,2.0420908411950855,0,126.52854403448318,126.52854403448318,0.42176181344827723,0,0,0,20,-9.7910306535101697,0,5.1799999999999997,0,1,0,0,0.30441106203388513,0.30441106203388513
4,5.1850000000000005,1037,126.67752471315406,0,0,0,29.801240668398737,0,29.801240668398737,0,0.29999999999999999,-0,2.0419151067163428,0,126.67752471315406,126.67752471315406,0.42225841571051353,0,0,0,20,-9.8012406683987372,0,5.1850000000000005,0,1,0,0,0.3043992694151581,0.3043992694151581
4,5.1900000000000004,1038,126.82655643970251,0,0,0,29.811449804502193,0,29.811449804502193,0,0.29999999999999999,-0,2.0417393271534126,0,126.82655643970251,126.82655643970251,0.4227551881323417,0,0,0,20,-9.8114498045021925,0,5.1900000000000004,0,1,0,0,0.30438747472480571,0.30438747472480571
4,5.1950000000000003,1039,126.97563920973406,0,0,0,29.821658061595162,0,29.821658061595162,0,0.29999999999999999,-0,2.0415635025257237,0,126.97563920973406,126.97563920973406,0.42325213069911349,0,0,0,20,-9.8216580615951621,0,5.1950000000000003,0,1,0,0,0.30437567796474907,0.30437567796474907
4,5.2000000000000002,1040,127.12477301885306,0,0,0,29.831865439452372,0,29.831865439452372,0,0.29999999999999999,-0,2.0413876328527101,0,127.12477301885306,127.12477301885306,0.42374924339617687,0,0,0,20,-9.8318654394523719,0,5.2000000000000002,0,1,0,0,0.30436387913690893,0.30436387913690893
4,5.2050000000000001,1041,127.2739578626628,0,0,0,29.842071937848644,0,29.842071937848644,0,0.29999999999999999,-0,2.0412117181538059,0,127.2739578626628,127.2739578626628,0.42424652620887598,0,0,0,20,-9.8420719378486439,0,5.2050000000000001,0,1,0,0,0.30435207824320609,0.30435207824320609
4,5.21,1042,127.4231937367654,0,0,0,29.852277556558899,0,29.852277556558899,0,0.29999999999999999,-0,2.0410357584484493,0,127.4231937367654,127.4231937367654,0.42474397912255135,0,0,0,20,-9.8522775565588994,0,5.21,0,1,0,0,0.30434027528556096,0.30434027528556096
4,5.2149999999999999,1043,127.57248063676187,0,0,0,29.862482295358152,0,29.862482295358152,0,0.29999999999999999,-0,2.0408597537560791,0,127.57248063676187,127.57248063676187,0.42524160212253953,0,0,0,20,-9.8624822953581521,0,5.2149999999999999,0,1,0,0,0.30432847026589394,0.30432847026589394
4,5.2199999999999998,1044,127.72181855825208,0,0,0,29.872686154021515,0,29.872686154021515,0,0.29999999999999999,-0,2.0406837040961374,0,127.72181855825208,127.72181855825208,0.42573939519417359,0,0,0,20,-9.8726861540215154,0,5.2199999999999998,0,1,0,0,0.30431666318612516,0.30431666318612516
4,5.2250000000000005,1045,127.87120749683481,0,0,0,29.882889132324198,0,29.882889132324198,0,0.29999999999999999,-0,2.0405076094880683,0,127.87120749683481,127.87120749683481,0.4262373583227827,0,0,0,20,-9.8828891323241983,0,5.2250000000000005,0,1,0,0,0.30430485404817453,0.30430485404817453
4,5.2300000000000004,1046,128.0206474481077,0,0,0,29.893091230041513,0,29.893091230041513,0,0.29999999999999999,-0,2.0403314699513184,0,128.0206474481077,128.0206474481077,0.42673549149369233,0,0,0,20,-9.893091230041513,0,5.2300000000000004,0,1,0,0,0.30429304285396164,0.30429304285396164
4,5.2350000000000003,1047,128.17013840766722,0,0,0,29.903292446948864,0,29.903292446948864,0,0.29999999999999999,-0,2.0401552855053366,0,128.17013840766722,128.17013840766722,0.42723379469222406,0,0,0,20,-9.9032924469488641,0,5.2350000000000003,0,1,0,0,0.30428122960540605,0.30428122960540605
4,5.2400000000000002,1048,128.3196803711088,0,0,0,29.913492782821752,0,29.913492782821752,0,0.29999999999999999,-0,2.0399790561695745,0,128.3196803711088,128.3196803711088,0.42773226790369601,0,0,0,20,-9.9134927828217521,0,5.2400000000000002,0,1,0,0,0.304269414304427,0.304269414304427
4,5.2450000000000001,1049,128.4692733340267,0,0,0,29.923692237435777,0,29.923692237435777,0,0.29999999999999999,-0,2.0398027819634841,0,128.4692733340267,128.4692733340267,0.42823091111342232,0,0,0,20,-9.9236922374357768,0,5.2450000000000001,0,1,0,0,0.30425759695294358,0.30425759695294358
4,5.25,1050,128.61891729201403,0,0,0,29.933890810566634,0,29.933890810566634,0,0.29999999999999999,-0,2.0396264629065213,0,128.61891729201403,128.61891729201403,0.42872972430671347,0,0,0,20,-9.9338908105666341,0,5.25,0,1,0,0,0.30424577755287441,0.30424577755287441
4,5.2549999999999999,1051,128.76861224066286,0,0,0,29.94408850199012,0,29.94408850199012,0,0.29999999999999999,-0,2.0394500990181452,0,128.76861224066286,128.76861224066286,0.4292287074688762,0,0,0,20,-9.9440885019901195,0,5.2549999999999999,0,1,0,0,0.30423395610613813,0.30423395610613813
4,5.2599999999999998,1052,128.91835817556407,0,0,0,29.954285311482128,0,29.954285311482128,0,0.29999999999999999,-0,2.0392736903178146,0,128.91835817556407,128.91835817556407,0.42972786058521356,0,0,0,20,-9.9542853114821277,0,5.2599999999999998,0,1,0,0,0.30422213261465297,0.30422213261465297
4,5.2649999999999997,1053,129.06815509230742,0,0,0,29.964481238818642,0,29.964481238818642,0,0.29999999999999999,-0,2.039097236824992,0,129.06815509230742,129.06815509230742,0.43022718364102475,0,0,0,20,-9.9644812388186423,0,5.2649999999999997,0,1,0,0,0.30421030708033692,0.30421030708033692
4,5.2700000000000005,1054,129.21800298648162,0,0,0,29.974676283775754,0,29.974676283775754,0,0.29999999999999999,-0,2.0389207385591428,0,129.21800298648162,129.21800298648162,0.43072667662160541,0,0,0,20,-9.9746762837757537,0,5.2700000000000005,0,1,0,0,0.30419847950510781,0.30419847950510781
4,5.2750000000000004,1055,129.36790185367417,0,0,0,29.984870446129644,0,29.984870446129644,0,0.29999999999999999,-0,2.0387441955397327,0,129.36790185367417,129.36790185367417,0.43122633951224726,0,0,0,20,-9.9848704461296443,0,5.2750000000000004,0,1,0,0,0.3041866498908829,0.3041866498908829
4,5.2800000000000002,1056,129.51785168947151,0,0,0,29.995063725656593,0,29.995063725656593,0,0.29999999999999999,-0,2.0385676077862311,0,129.51785168947151,129.51785168947151,0.4317261722982384,0,0,0,20,-9.9950637256565926,0,5.2800000000000002,0,1,0,0,0.30417481823957959,0.30417481823957959
4,5.2850000000000001,1057,129.66785248945897,0,0,0,30.00525612213298,0,30.00525612213298,0,0.29999999999999999,-0,2.0383909753181095,0,129.66785248945897,129.66785248945897,0.43222617496486321,0,0,0,20,-10.00525612213298,0,5.2850000000000001,0,1,0,0,0.30416298455311475,0.30416298455311475
4,5.29,1058,129.8179042492207,0,0,0,30.015447635335281,0,30.015447635335281,0,0.29999999999999999,-0,2.0382142981548417,0,129.8179042492207,129.8179042492207,0.43272634749740235,0,0,0,20,-10.015447635335281,0,5.29,0,1,0,0,0.30415114883340499,0.30415114883340499
4,5.2949999999999999,1059,129.96800696433982,0,0,0,30.025638265040069,0,30.025638265040069,0,0.29999999999999999,-0,2.0380375763159022,0,129.96800696433982,129.96800696433982,0.43322668988113272,0,0,0,20,-10.025638265040069,0,5.2949999999999999,0,1,0,0,0.30413931108236658,0.30413931108236658
4,5.2999999999999998,1060,130.11816063039825,0,0,0,30.035828011024012,0,30.035828011024012,0,0.29999999999999999,-0,2.0378608098207707,0,130.11816063039825,130.11816063039825,0.43372720210132748,0,0,0,20,-10.035828011024012,0,5.2999999999999998,0,1,0,0,0.3041274713019157,0.3041274713019157
4,5.3049999999999997,1061,130.26836524297681,0,0,0,30.046016873063881,0,30.046016873063881,0,0.29999999999999999,-0,2.0376839986889257,0,130.26836524297681,130.26836524297681,0.43422788414325603,0,0,0,20,-10.046016873063881,0,5.3049999999999997,0,1,0,0,0.30411562949396814,0.30411562949396814
4,5.3100000000000005,1062,130.41862079765525,0,0,0,30.056204850936538,0,30.056204850936538,0,0.29999999999999999,-0,2.0375071429398495,0,130.41862079765525,130.41862079765525,0.43472873599218415,0,0,0,20,-10.056204850936538,0,5.3100000000000005,0,1,0,0,0.30410378566043911,0.30410378566043911
4,5.3150000000000004,1063,130.56892729001217,0,0,0,30.06639194441895,0,30.06639194441895,0,0.29999999999999999,-0,2.0373302425930278,0,130.56892729001217,130.56892729001217,0.4352297576333739,0,0,0,20,-10.06639194441895,0,5.3150000000000004,0,1,0,0,0.30409193980324395,0.30409193980324395
4,5.3200000000000003,1064,130.71928471562507,0,0,0,30.076578153288171,0,30.076578153288171,0,0.29999999999999999,-0,2.0371532976679463,0,130.71928471562507,130.71928471562507,0.43573094905208354,0,0,0,20,-10.076578153288171,0,5.3200000000000003,0,1,0,0,0.30408009192429752,0.30408009192429752
4,5.3250000000000002,1065,130.86969307007033,0,0,0,30.086763477321362,0,30.086763477321362,0,0.29999999999999999,-0,2.0369763081840944,0,130.86969307007033,130.86969307007033,0.43623231023356773,0,0,0,20,-10.086763477321362,0,5.3250000000000002,0,1,0,0,0.30406824202551436,0.30406824202551436
4,5.3300000000000001,1066,131.02015234892318,0,0,0,30.096947916295779,0,30.096947916295779,0,0.29999999999999999,-0,2.0367992741609626,0,131.02015234892318,131.02015234892318,0.43673384116307723,0,0,0,20,-10.096947916295779,0,5.3300000000000001,0,1,0,0,0.30405639010880858,0.30405639010880858
4,5.335,1067,131.17066254775781,0,0,0,30.107131469988772,0,30.107131469988772,0,0.29999999999999999,-0,2.0366221956180444,0,131.17066254775781,131.17066254775781,0.43723554182585939,0,0,0,20,-10.107131469988772,0,5.335,0,1,0,0,0.30404453617609428,0.30404453617609428
4,5.3399999999999999,1068,131.32122366214725,0,0,0,30.117314138177793,0,30.117314138177793,0,0.29999999999999999,-0,2.0364450725748346,0,131.32122366214725,131.32122366214725,0.43773741220715751,0,0,0,20,-10.117314138177793,0,5.3399999999999999,0,1,0,0,0.30403268022928498,0.30403268022928498
4,5.3449999999999998,1069,131.4718356876634,0,0,0,30.127495920640385,0,30.127495920640385,0,0.29999999999999999,-0,2.0362679050508317,0,131.4718356876634,131.4718356876634,0.43823945229221134,0,0,0,20,-10.127495920640385,0,5.3449999999999998,0,1,0,0,0.30402082227029392,0.30402082227029392
4,5.3500000000000005,1070,131.62249861987709,0,0,0,30.137676817154198,0,30.137676817154198,0,0.29999999999999999,-0,2.0360906930655349,0,131.62249861987709,131.62249861987709,0.43874166206625698,0,0,0,20,-10.137676817154198,0,5.3500000000000005,0,1,0,0,0.3040089623010343,0.3040089623010343
4,5.3550000000000004,1071,131.773212454358,0,0,0,30.14785682749697,0,30.14785682749697,0,0.29999999999999999,-0,2.0359134366384466,0,131.773212454358,131.773212454358,0.43924404151452667,0,0,0,20,-10.14785682749697,0,5.3550000000000004,0,1,0,0,0.30399710032341865,0.30399710032341865
4,5.3600000000000003,1072,131.92397718667473,0,0,0,30.158035951446543,0,30.158035951446543,0,0.29999999999999999,-0,2.0357361357890693,0,131.92397718667473,131.92397718667473,0.43974659062224913,0,0,0,20,-10.158035951446543,0,5.3600000000000003,0,1,0,0,0.30398523633935931,0.30398523633935931
4,5.3650000000000002,1073,132.07479281239478,0,0,0,30.168214188780855,0,30.168214188780855,0,0.29999999999999999,-0,2.0355587905369106,0,132.07479281239478,132.07479281239478,0.44024930937464923,0,0,0,20,-10.168214188780855,0,5.3650000000000002,0,1,0,0,0.3039733703507686,0.3039733703507686
4,5.3700000000000001,1074,132.22565932708449,0,0,0,30.178391539277939,0,30.178391539277939,0,0.29999999999999999,-0,2.0353814009014775,0,132.22565932708449,132.22565932708449,0.44075219775694829,0,0,0,20,-10.178391539277939,0,5.3700000000000001,0,1,0,0,0.30396150235955777,0.30396150235955777
4,5.375,1075,132.37657672630911,0,0,0,30.188568002715929,0,30.188568002715929,0,0.29999999999999999,-0,2.0352039669022819,0,132.37657672630911,132.37657672630911,0.4412552557543637,0,0,0,20,-10.188568002715929,0,5.375,0,1,0,0,0.30394963236763867,0.30394963236763867
4,5.3799999999999999,1076,132.52754500563282,0,0,0,30.198743578873053,0,30.198743578873053,0,0.29999999999999999,-0,2.0350264885588354,0,132.52754500563282,132.52754500563282,0.44175848335210938,0,0,0,20,-10.198743578873053,0,5.3799999999999999,0,1,0,0,0.30393776037692233,0.30393776037692233
4,5.3849999999999998,1077,132.67856416061866,0,0,0,30.20891826752764,0,30.20891826752764,0,0.29999999999999999,-0,2.0348489658906521,0,132.67856416061866,132.67856416061866,0.44226188053539556,0,0,0,20,-10.20891826752764,0,5.3849999999999998,0,1,0,0,0.30392588638931944,0.30392588638931944
4,5.3899999999999997,1078,132.82963418682857,0,0,0,30.219092068458117,0,30.219092068458117,0,0.29999999999999999,-0,2.0346713989172498,0,132.82963418682857,132.82963418682857,0.44276544728942857,0,0,0,20,-10.219092068458117,0,5.3899999999999997,0,1,0,0,0.30391401040674071,0.30391401040674071
4,5.3950000000000005,1079,132.98075507982335,0,0,0,30.229264981443002,0,30.229264981443002,0,0.29999999999999999,-0,2.0344937876581479,0,132.98075507982335,132.98075507982335,0.4432691835994112,0,0,0,20,-10.229264981443002,0,5.3950000000000005,0,1,0,0,0.30390213243109609,0.30390213243109609
4,5.4000000000000004,1080,133.13192683516272,0,0,0,30.239437006260921,0,30.239437006260921,0,0.29999999999999999,-0,2.0343161321328656,0,133.13192683516272,133.13192683516272,0.44377308945054239,0,0,0,20,-10.239437006260921,0,5.4000000000000004,0,1,0,0,0.30389025246429552,0.30389025246429552
4,5.4050000000000002,1081,133.28314944840531,0,0,0,30.249608142690587,0,30.249608142690587,0,0.29999999999999999,-0,2.0341384323609275,0,133.28314944840531,133.28314944840531,0.44427716482801771,0,0,0,20,-10.249608142690587,0,5.4050000000000002,0,1,0,0,0.30387837050824873,0.30387837050824873
4,5.4100000000000001,1082,133.43442291510863,0,0,0,30.259778390510817,0,30.259778390510817,0,0.29999999999999999,-0,2.0339606883618586,0,133.43442291510863,133.43442291510863,0.44478140971702873,0,0,0,20,-10.259778390510817,0,5.4100000000000001,0,1,0,0,0.30386648656486476,0.30386648656486476
4,5.415,1083,133.58574723082904,0,0,0,30.269947749500524,0,30.269947749500524,0,0.29999999999999999,-0,2.0337829001551864,0,133.58574723082904,133.58574723082904,0.44528582410276346,0,0,0,20,-10.269947749500524,0,5.415,0,1,0,0,0.3038546006360528,0.3038546006360528
4,5.4199999999999999,1084,133.73712239112189,0,0,0,30.280116219438721,0,30.280116219438721,0,0.29999999999999999,-0,2.0336050677604396,0,133.73712239112189,133.73712239112189,0.44579040797040631,0,0,0,20,-10.280116219438721,0,5.4199999999999999,0,1,0,0,0.30384271272372138,0.30384271272372138
4,5.4249999999999998,1085,133.88854839154132,0,0,0,30.290283800104515,0,30.290283800104515,0,0.29999999999999999,-0,2.0334271911971507,0,133.88854839154132,133.88854839154132,0.44629516130513774,0,0,0,20,-10.290283800104515,0,5.4249999999999998,0,1,0,0,0.30383082282977897,0.30383082282977897
4,5.4299999999999997,1086,134.04002522764046,0,0,0,30.300450491277111,0,30.300450491277111,0,0.29999999999999999,-0,2.0332492704848524,0,134.04002522764046,134.04002522764046,0.44680008409213484,0,0,0,20,-10.300450491277111,0,5.4299999999999997,0,1,0,0,0.30381893095613355,0.30381893095613355
4,5.4350000000000005,1087,134.19155289497124,0,0,0,30.310616292735816,0,30.310616292735816,0,0.29999999999999999,-0,2.0330713056430816,0,134.19155289497124,134.19155289497124,0.4473051763165708,0,0,0,20,-10.310616292735816,0,5.4350000000000005,0,1,0,0,0.30380703710469298,0.30380703710469298
4,5.4400000000000004,1088,134.34313138908459,0,0,0,30.320781204260026,0,30.320781204260026,0,0.29999999999999999,-0,2.0328932966913755,0,134.34313138908459,134.34313138908459,0.4478104379636153,0,0,0,20,-10.320781204260026,0,5.4400000000000004,0,1,0,0,0.30379514127736457,0.30379514127736457
4,5.4450000000000003,1089,134.49476070553027,0,0,0,30.330945225629243,0,30.330945225629243,0,0.29999999999999999,-0,2.0327152436492741,0,134.49476070553027,134.49476070553027,0.44831586901843423,0,0,0,20,-10.330945225629243,0,5.4450000000000003,0,1,0,0,0.30378324347605568,0.30378324347605568
4,5.4500000000000002,1090,134.64644083985692,0,0,0,30.341108356623067,0,30.341108356623067,0,0.29999999999999999,-0,2.0325371465363187,0,134.64644083985692,134.64644083985692,0.44882146946618973,0,0,0,20,-10.341108356623067,0,5.4500000000000002,0,1,0,0,0.30377134370267317,0.30377134370267317
4,5.4550000000000001,1091,134.79817178761215,0,0,0,30.351270597021188,0,30.351270597021188,0,0.29999999999999999,-0,2.0323590053720553,0,134.79817178761215,134.79817178761215,0.44932723929204049,0,0,0,20,-10.351270597021188,0,5.4550000000000001,0,1,0,0,0.30375944195912358,0.30375944195912358
4,5.46,1092,134.94995354434243,0,0,0,30.3614319466034,0,30.3614319466034,0,0.29999999999999999,-0,2.0321808201760283,0,134.94995354434243,134.94995354434243,0.44983317848114146,0,0,0,20,-10.3614319466034,0,5.46,0,1,0,0,0.30374753824731332,0.30374753824731332
4,5.4649999999999999,1093,135.10178610559313,0,0,0,30.371592405149592,0,30.371592405149592,0,0.29999999999999999,-0,2.0320025909677875,0,135.10178610559313,135.10178610559313,0.45033928701864379,0,0,0,20,-10.371592405149592,0,5.4649999999999999,0,1,0,0,0.30373563256914843,0.30373563256914843
4,5.4699999999999998,1094,135.25366946690852,0,0,0,30.381751972439755,0,30.381751972439755,0,0.29999999999999999,-0,2.0318243177668815,0,135.25366946690852,135.25366946690852,0.45084556488969507,0,0,0,20,-10.381751972439755,0,5.4699999999999998,0,1,0,0,0.30372372492653466,0.30372372492653466
4,5.4750000000000005,1095,135.40560362383175,0,0,0,30.391910648253972,0,30.391910648253972,0,0.29999999999999999,-0,2.0316460005928638,0,135.40560362383175,135.40560362383175,0.45135201207943915,0,0,0,20,-10.391910648253972,0,5.4750000000000005,0,1,0,0,0.30371181532137737,0.30371181532137737
4,5.4800000000000004,1096,135.55758857190492,0,0,0,30.402068432372428,0,30.402068432372428,0,0.29999999999999999,-0,2.0314676394652889,0,135.55758857190492,135.55758857190492,0.4518586285730164,0,0,0,20,-10.402068432372428,0,5.4800000000000004,0,1,0,0,0.30369990375558192,0.30369990375558192
4,5.4850000000000003,1097,135.70962430666896,0,0,0,30.412225324575402,0,30.412225324575402,0,0.29999999999999999,-0,2.0312892344037126,0,135.70962430666896,135.70962430666896,0.45236541435556321,0,0,0,20,-10.412225324575402,0,5.4850000000000003,0,1,0,0,0.30368799023105314,0.30368799023105314
4,5.4900000000000002,1098,135.86171082366377,0,0,0,30.422381324643275,0,30.422381324643275,0,0.29999999999999999,-0,2.0311107854276944,0,135.86171082366377,135.86171082366377,0.45287236941221259,0,0,0,20,-10.422381324643275,0,5.4900000000000002,0,1,0,0,0.3036760747496956,0.3036760747496956
4,5.4950000000000001,1099,136.01384811842814,0,0,0,30.432536432356521,0,30.432536432356521,0,0.29999999999999999,-0,2.0309322925567943,0,136.01384811842814,136.01384811842814,0.45337949372809383,0,0,0,20,-10.432536432356521,0,5.4950000000000001,0,1,0,0,0.3036641573134139,0.3036641573134139
4,5.5,1100,136.16603618649972,0,0,0,30.442690647495716,0,30.442690647495716,0,0.29999999999999999,-0,2.0307537558105753,0,136.16603618649972,136.16603618649972,0.45388678728833243,0,0,0,20,-10.442690647495716,0,5.5,0,1,0,0,0.30365223792411195,0.30365223792411195
4,5.5049999999999999,1101,136.31827502341511,0,0,0,30.452843969841535,0,30.452843969841535,0,0.29999999999999999,-0,2.0305751752086021,0,136.31827502341511,136.31827502341511,0.4543942500780504,0,0,0,20,-10.452843969841535,0,5.5049999999999999,0,1,0,0,0.30364031658369361,0.30364031658369361
4,5.5099999999999998,1102,136.47056462470979,0,0,0,30.462996399174742,0,30.462996399174742,0,0.29999999999999999,-0,2.0303965507704413,0,136.47056462470979,136.47056462470979,0.45490188208236598,0,0,0,20,-10.462996399174742,0,5.5099999999999998,0,1,0,0,0.30362839329406249,0.30362839329406249
4,5.5149999999999997,1103,136.62290498591815,0,0,0,30.473147935276209,0,30.473147935276209,0,0.29999999999999999,-0,2.0302178825156614,0,136.62290498591815,136.62290498591815,0.45540968328639386,0,0,0,20,-10.473147935276209,0,5.5149999999999997,0,1,0,0,0.30361646805712184,0.30361646805712184
4,5.5200000000000005,1104,136.77529610257349,0,0,0,30.483298577926902,0,30.483298577926902,0,0.29999999999999999,-0,2.0300391704638345,0,136.77529610257349,136.77529610257349,0.45591765367524495,0,0,0,20,-10.483298577926902,0,5.5200000000000005,0,1,0,0,0.30360454087477462,0.30360454087477462
4,5.5250000000000004,1105,136.927737970208,0,0,0,30.493448326907885,0,30.493448326907885,0,0.29999999999999999,-0,2.0298604146345327,0,136.927737970208,136.927737970208,0.45642579323402666,0,0,0,20,-10.493448326907885,0,5.5250000000000004,0,1,0,0,0.30359261174892371,0.30359261174892371
4,5.5300000000000002,1106,137.08023058435276,0,0,0,30.503597182000316,0,30.503597182000316,0,0.29999999999999999,-0,2.0296816150473305,0,137.08023058435276,137.08023058435276,0.45693410194784256,0,0,0,20,-10.503597182000316,0,5.5300000000000002,0,1,0,0,0.30358068068147154,0.30358068068147154
4,5.5350000000000001,1107,137.23277394053781,0,0,0,30.51374514298546,0,30.51374514298546,0,0.29999999999999999,-0,2.0295027717218055,0,137.23277394053781,137.23277394053781,0.4574425798017927,0,0,0,20,-10.51374514298546,0,5.5350000000000001,0,1,0,0,0.30356874767432029,0.30356874767432029
4,5.54,1108,137.38536803429207,0,0,0,30.523892209644671,0,30.523892209644671,0,0.29999999999999999,-0,2.0293238846775363,0,137.38536803429207,137.38536803429207,0.45795122678097355,0,0,0,20,-10.523892209644671,0,5.54,0,1,0,0,0.30355681272937202,0.30355681272937202
4,5.5449999999999999,1109,137.53801286114336,0,0,0,30.534038381759405,0,30.534038381759405,0,0.29999999999999999,-0,2.0291449539341042,0,137.53801286114336,137.53801286114336,0.45846004287047787,0,0,0,20,-10.534038381759405,0,5.5449999999999999,0,1,0,0,0.30354487584852829,0.30354487584852829
4,5.5499999999999998,1110,137.69070841661841,0,0,0,30.544183659111212,0,30.544183659111212,0,0.29999999999999999,-0,2.0289659795110921,0,137.69070841661841,137.69070841661841,0.45896902805539469,0,0,0,20,-10.544183659111212,0,5.5499999999999998,0,1,0,0,0.30353293703369066,0.30353293703369066
4,5.5549999999999997,1111,137.84345469624284,0,0,0,30.554328041481746,0,30.554328041481746,0,0.29999999999999999,-0,2.0287869614280845,0,137.84345469624284,137.84345469624284,0.4594781823208095,0,0,0,20,-10.554328041481746,0,5.5549999999999997,0,1,0,0,0.30352099628676016,0.30352099628676016
4,5.5600000000000005,1112,137.99625169554122,0,0,0,30.564471528652756,0,30.564471528652756,0,0.29999999999999999,-0,2.0286078997046695,0,137.99625169554122,137.99625169554122,0.45998750565180407,0,0,0,20,-10.564471528652756,0,5.5600000000000005,0,1,0,0,0.30350905360963781,0.30350905360963781
4,5.5650000000000004,1113,138.149099410037,0,0,0,30.574614120406089,0,30.574614120406089,0,0.29999999999999999,-0,2.0284287943604347,0,138.149099410037,138.149099410037,0.46049699803345667,0,0,0,20,-10.574614120406089,0,5.5650000000000004,0,1,0,0,0.30349710900422427,0.30349710900422427
4,5.5700000000000003,1114,138.30199783525254,0,0,0,30.584755816523689,0,30.584755816523689,0,0.29999999999999999,-0,2.0282496454149728,0,138.30199783525254,138.30199783525254,0.46100665945084179,0,0,0,20,-10.584755816523689,0,5.5700000000000003,0,1,0,0,0.30348516247241986,0.30348516247241986
4,5.5750000000000002,1115,138.45494696670914,0,0,0,30.594896616787601,0,30.594896616787601,0,0.29999999999999999,-0,2.0280704528878752,0,138.45494696670914,138.45494696670914,0.46151648988903049,0,0,0,20,-10.594896616787601,0,5.5750000000000002,0,1,0,0,0.3034732140161247,0.3034732140161247
4,5.5800000000000001,1116,138.60794679992696,0,0,0,30.605036520979965,0,30.605036520979965,0,0.29999999999999999,-0,2.027891216798738,0,138.60794679992696,138.60794679992696,0.46202648933308987,0,0,0,20,-10.605036520979965,0,5.5800000000000001,0,1,0,0,0.30346126363723869,0.30346126363723869
4,5.585,1117,138.76099733042511,0,0,0,30.615175528883018,0,30.615175528883018,0,0.29999999999999999,-0,2.0277119371671577,0,138.76099733042511,138.76099733042511,0.46253665776808373,0,0,0,20,-10.615175528883018,0,5.585,0,1,0,0,0.3034493113376614,0.3034493113376614
4,5.5899999999999999,1118,138.9140985537216,0,0,0,30.625313640279099,0,30.625313640279099,0,0.29999999999999999,-0,2.0275326140127339,0,138.9140985537216,138.9140985537216,0.463046995179072,0,0,0,20,-10.625313640279099,0,5.5899999999999999,0,1,0,0,0.30343735711929209,0.30343735711929209
4,5.5949999999999998,1119,139.06725046533336,0,0,0,30.635450854950641,0,30.635450854950641,0,0.29999999999999999,-0,2.0273532473550668,0,139.06725046533336,139.06725046533336,0.4635575015511112,0,0,0,20,-10.635450854950641,0,5.5949999999999998,0,1,0,0,0.30342540098402992,0.30342540098402992
4,5.6000000000000005,1120,139.22045306077621,0,0,0,30.645587172680177,0,30.645587172680177,0,0.29999999999999999,-0,2.0271738372137591,0,139.22045306077621,139.22045306077621,0.464068176869254,0,0,0,20,-10.645587172680177,0,5.6000000000000005,0,1,0,0,0.3034134429337737,0.3034134429337737
4,5.6050000000000004,1121,139.37370633556489,0,0,0,30.655722593250339,0,30.655722593250339,0,0.29999999999999999,-0,2.0269943836084168,0,139.37370633556489,139.37370633556489,0.46457902111854965,0,0,0,20,-10.655722593250339,0,5.6050000000000004,0,1,0,0,0.30340148297042197,0.30340148297042197
4,5.6100000000000003,1122,139.52701028521307,0,0,0,30.665857116443853,0,30.665857116443853,0,0.29999999999999999,-0,2.0268148865586455,0,139.52701028521307,139.52701028521307,0.46509003428404355,0,0,0,20,-10.665857116443853,0,5.6100000000000003,0,1,0,0,0.30338952109587292,0.30338952109587292
4,5.6150000000000002,1123,139.68036490523332,0,0,0,30.675990742043549,0,30.675990742043549,0,0.29999999999999999,-0,2.0266353460840554,0,139.68036490523332,139.68036490523332,0.46560121635077772,0,0,0,20,-10.675990742043549,0,5.6150000000000002,0,1,0,0,0.30337755731202459,0.30337755731202459
4,5.6200000000000001,1124,139.83377019113715,0,0,0,30.686123469832349,0,30.686123469832349,0,0.29999999999999999,-0,2.0264557622042561,0,139.83377019113715,139.83377019113715,0.46611256730379047,0,0,0,20,-10.686123469832349,0,5.6200000000000001,0,1,0,0,0.30336559162077481,0.30336559162077481
4,5.625,1125,139.98722613843495,0,0,0,30.696255299593279,0,30.696255299593279,0,0.29999999999999999,-0,2.0262761349388612,0,139.98722613843495,139.98722613843495,0.46662408712811648,0,0,0,20,-10.696255299593279,0,5.625,0,1,0,0,0.30335362402402094,0.30335362402402094
4,5.6299999999999999,1126,140.14073274263603,0,0,0,30.706386231109459,0,30.706386231109459,0,0.29999999999999999,-0,2.0260964643074848,0,140.14073274263603,140.14073274263603,0.46713577580878679,0,0,0,20,-10.706386231109459,0,5.6299999999999999,0,1,0,0,0.30334165452366019,0.30334165452366019
4,5.6349999999999998,1127,140.29428999924863,0,0,0,30.71651626416411,0,30.71651626416411,0,0.29999999999999999,-0,2.0259167503297437,0,140.29428999924863,140.29428999924863,0.46764763333082876,0,0,0,20,-10.71651626416411,0,5.6349999999999998,0,1,0,0,0.30332968312158959,0.30332968312158959
4,5.6399999999999997,1128,140.44789790377988,0,0,0,30.726645398540544,0,30.726645398540544,0,0.29999999999999999,-0,2.0257369930252569,0,140.44789790377988,140.44789790377988,0.46815965967926626,0,0,0,20,-10.726645398540544,0,5.6399999999999997,0,1,0,0,0.30331770981970568,0.30331770981970568
4,5.6450000000000005,1129,140.60155645173586,0,0,0,30.736773634022182,0,30.736773634022182,0,0.29999999999999999,-0,2.0255571924136437,0,140.60155645173586,140.60155645173586,0.46867185483911955,0,0,0,20,-10.736773634022182,0,5.6450000000000005,0,1,0,0,0.3033057346199049,0.3033057346199049
4,5.6500000000000004,1130,140.75526563862158,0,0,0,30.746900970392534,0,30.746900970392534,0,0.29999999999999999,-0,2.0253773485145286,0,140.75526563862158,140.75526563862158,0.46918421879540528,0,0,0,20,-10.746900970392534,0,5.6500000000000004,0,1,0,0,0.30329375752408344,0.30329375752408344
4,5.6550000000000002,1131,140.90902545994092,0,0,0,30.757027407435213,0,30.757027407435213,0,0.29999999999999999,-0,2.0251974613475339,0,140.90902545994092,140.90902545994092,0.46969675153313639,0,0,0,20,-10.757027407435213,0,5.6550000000000002,0,1,0,0,0.30328177853413707,0.30328177853413707
4,5.6600000000000001,1132,141.06283591119669,0,0,0,30.76715294493393,0,30.76715294493393,0,0.29999999999999999,-0,2.0250175309322866,0,141.06283591119669,141.06283591119669,0.47020945303732231,0,0,0,20,-10.76715294493393,0,5.6600000000000001,0,1,0,0,0.30326979765196127,0.30326979765196127
4,5.665,1133,141.21669698789066,0,0,0,30.77727758267249,0,30.77727758267249,0,0.29999999999999999,-0,2.0248375572884152,0,141.21669698789066,141.21669698789066,0.47072232329296887,0,0,0,20,-10.77727758267249,0,5.665,0,1,0,0,0.30325781487945147,0.30325781487945147
4,5.6699999999999999,1134,141.37060868552345,0,0,0,30.7874013204348,0,30.7874013204348,0,0.29999999999999999,-0,2.02465754043555,0,141.37060868552345,141.37060868552345,0.47123536228507817,0,0,0,20,-10.7874013204348,0,5.6699999999999999,0,1,0,0,0.30324583021850271,0.30324583021850271
4,5.6749999999999998,1135,141.52457099959469,0,0,0,30.797524158004862,0,30.797524158004862,0,0.29999999999999999,-0,2.0244774803933221,0,141.52457099959469,141.52457099959469,0.47174856999864895,0,0,0,20,-10.797524158004862,0,5.6749999999999998,0,1,0,0,0.30323384367100953,0.30323384367100953
4,5.6799999999999997,1136,141.67858392560282,0,0,0,30.807646095166781,0,30.807646095166781,0,0.29999999999999999,-0,2.0242973771813664,0,141.67858392560282,141.67858392560282,0.47226194641867608,0,0,0,20,-10.807646095166781,0,5.6799999999999997,0,1,0,0,0.30322185523886663,0.30322185523886663
4,5.6850000000000005,1137,141.83264745904532,0,0,0,30.817767131704759,0,30.817767131704759,0,0.29999999999999999,-0,2.0241172308193183,0,141.83264745904532,141.83264745904532,0.47277549153015108,0,0,0,20,-10.817767131704759,0,5.6850000000000005,0,1,0,0,0.30320986492396795,0.30320986492396795
4,5.6900000000000004,1138,141.98676159541847,0,0,0,30.827887267403092,0,30.827887267403092,0,0.29999999999999999,-0,2.0239370413268158,0,141.98676159541847,141.98676159541847,0.47328920531806157,0,0,0,20,-10.827887267403092,0,5.6900000000000004,0,1,0,0,0.30319787272820753,0.30319787272820753
4,5.6950000000000003,1139,142.14092633021758,0,0,0,30.838006502046177,0,30.838006502046177,0,0.29999999999999999,-0,2.0237568087234981,0,142.14092633021758,142.14092633021758,0.47380308776739194,0,0,0,20,-10.838006502046177,0,5.6950000000000003,0,1,0,0,0.30318587865347879,0.30318587865347879
4,5.7000000000000002,1140,142.29514165893681,0,0,0,30.84812483541851,0,30.84812483541851,0,0.29999999999999999,-0,2.023576533029007,0,142.29514165893681,142.29514165893681,0.47431713886312271,0,0,0,20,-10.84812483541851,0,5.7000000000000002,0,1,0,0,0.30317388270167522,0.30317388270167522
4,5.7050000000000001,1141,142.44940757706928,0,0,0,30.858242267304682,0,30.858242267304682,0,0.29999999999999999,-0,2.023396214262986,0,142.44940757706928,142.44940757706928,0.47483135859023096,0,0,0,20,-10.858242267304682,0,5.7050000000000001,0,1,0,0,0.30316188487468981,0.30316188487468981
4,5.71,1142,142.60372408010701,0,0,0,30.868358797489385,0,30.868358797489385,0,0.29999999999999999,-0,2.0232158524450798,0,142.60372408010701,142.60372408010701,0.47534574693369003,0,0,0,20,-10.868358797489385,0,5.71,0,1,0,0,0.30314988517441521,0.30314988517441521
4,5.7149999999999999,1143,142.75809116354097,0,0,0,30.87847442575741,0,30.87847442575741,0,0.29999999999999999,-0,2.0230354475949364,0,142.75809116354097,142.75809116354097,0.47586030387846989,0,0,0,20,-10.87847442575741,0,5.7149999999999999,0,1,0,0,0.30313788360274402,0.30313788360274402
4,5.7199999999999998,1144,142.91250882286104,0,0,0,30.888589151893648,0,30.888589151893648,0,0.29999999999999999,-0,2.0228549997322038,0,142.91250882286104,142.91250882286104,0.4763750294095368,0,0,0,20,-10.888589151893648,0,5.7199999999999998,0,1,0,0,0.30312588016156827,0.30312588016156827
4,5.7250000000000005,1145,143.066977053556,0,0,0,30.898702975683079,0,30.898702975683079,0,0.29999999999999999,-0,2.0226745088765341,0,143.066977053556,143.066977053556,0.47688992351185333,0,0,0,20,-10.898702975683079,0,5.7250000000000005,0,1,0,0,0.30311387485277974,0.30311387485277974
4,5.7300000000000004,1146,143.22149585111359,0,0,0,30.908815896910792,0,30.908815896910792,0,0.29999999999999999,-0,2.022493975047579,0,143.22149585111359,143.22149585111359,0.47740498617037863,0,0,0,20,-10.908815896910792,0,5.7300000000000004,0,1,0,0,0.30310186767827008,0.30310186767827008
4,5.7350000000000003,1147,143.37606521102046,0,0,0,30.918927915361966,0,30.918927915361966,0,0.29999999999999999,-0,2.0223133982649939,0,143.37606521102046,143.37606521102046,0.47792021737006818,0,0,0,20,-10.918927915361966,0,5.7350000000000003,0,1,0,0,0.30308985863993076,0.30308985863993076
4,5.7400000000000002,1148,143.5306851287622,0,0,0,30.929039030821883,0,30.929039030821883,0,0.29999999999999999,-0,2.0221327785484342,0,143.5306851287622,143.5306851287622,0.47843561709587401,0,0,0,20,-10.929039030821883,0,5.7400000000000002,0,1,0,0,0.30307784773965241,0.30307784773965241
4,5.7450000000000001,1149,143.68535559982334,0,0,0,30.939149243075924,0,30.939149243075924,0,0.29999999999999999,-0,2.0219521159175593,0,143.68535559982334,143.68535559982334,0.47895118533274444,0,0,0,20,-10.939149243075924,0,5.7450000000000001,0,1,0,0,0.30306583497932599,0.30306583497932599
4,5.75,1150,143.84007661968727,0,0,0,30.949258551909566,0,30.949258551909566,0,0.29999999999999999,-0,2.0217714103920286,0,143.84007661968727,143.84007661968727,0.47946692206562425,0,0,0,20,-10.949258551909566,0,5.75,0,1,0,0,0.30305382036084166,0.30305382036084166
4,5.7549999999999999,1151,143.99484818383638,0,0,0,30.959366957108383,0,30.959366957108383,0,0.29999999999999999,-0,2.0215906619915049,0,143.99484818383638,143.99484818383638,0.47998282727945463,0,0,0,20,-10.959366957108383,0,5.7549999999999999,0,1,0,0,0.30304180388608953,0.30304180388608953
4,5.7599999999999998,1152,144.14967028775195,0,0,0,30.969474458458052,0,30.969474458458052,0,0.29999999999999999,-0,2.0214098707356509,0,144.14967028775195,144.14967028775195,0.48049890095917314,0,0,0,20,-10.969474458458052,0,5.7599999999999998,0,1,0,0,0.30302978555695947,0.30302978555695947
4,5.7649999999999997,1153,144.30454292691419,0,0,0,30.979581055744344,0,30.979581055744344,0,0.29999999999999999,-0,2.0212290366441334,0,144.30454292691419,144.30454292691419,0.48101514308971399,0,0,0,20,-10.979581055744344,0,5.7649999999999997,0,1,0,0,0.30301776537534097,0.30301776537534097
4,5.7700000000000005,1154,144.45946609680226,0,0,0,30.989686748753133,0,30.989686748753133,0,0.29999999999999999,-0,2.021048159736619,0,144.45946609680226,144.45946609680226,0.48153155365600753,0,0,0,20,-10.989686748753133,0,5.7700000000000005,0,1,0,0,0.30300574334312302,0.30300574334312302
4,5.7750000000000004,1155,144.61443979289425,0,0,0,30.999791537270383,0,30.999791537270383,0,0.29999999999999999,-0,2.0208672400327776,0,144.61443979289425,144.61443979289425,0.4820481326429808,0,0,0,20,-10.999791537270383,0,5.7750000000000004,0,1,0,0,0.30299371946219467,0.30299371946219467
4,5.7800000000000002,1156,144.76946401066712,0,0,0,31.009895421082163,0,31.009895421082163,0,0.29999999999999999,-0,2.0206862775522798,0,144.76946401066712,144.76946401066712,0.48256488003555709,0,0,0,20,-11.009895421082163,0,5.7800000000000002,0,1,0,0,0.30298169373444434,0.30298169373444434
4,5.7850000000000001,1157,144.92453874559686,0,0,0,31.019998399974643,0,31.019998399974643,0,0.29999999999999999,-0,2.0205052723147983,0,144.92453874559686,144.92453874559686,0.48308179581865623,0,0,0,20,-11.019998399974643,0,5.7850000000000001,0,1,0,0,0.30296966616176041,0.30296966616176041
4,5.79,1158,145.07966399315831,0,0,0,31.030100473734084,0,31.030100473734084,0,0.29999999999999999,-0,2.0203242243400088,0,145.07966399315831,145.07966399315831,0.48359887997719436,0,0,0,20,-11.030100473734084,0,5.79,0,1,0,0,0.30295763674603055,0.30295763674603055
4,5.7949999999999999,1159,145.23483974882529,0,0,0,31.040201642146847,0,31.040201642146847,0,0.29999999999999999,-0,2.0201431336475877,0,145.23483974882529,145.23483974882529,0.48411613249608432,0,0,0,20,-11.040201642146847,0,5.7949999999999999,0,1,0,0,0.30294560548914279,0.30294560548914279
4,5.7999999999999998,1160,145.39006600807053,0,0,0,31.050301904999397,0,31.050301904999397,0,0.29999999999999999,-0,2.0199620002572116,0,145.39006600807053,145.39006600807053,0.48463355336023511,0,0,0,20,-11.050301904999397,0,5.7999999999999998,0,1,0,0,0.30293357239298419,0.30293357239298419
4,5.8049999999999997,1161,145.54534276636568,0,0,0,31.06040126207829,0,31.06040126207829,0,0.29999999999999999,-0,2.0197808241885631,0,145.54534276636568,145.54534276636568,0.48515114255455227,0,0,0,20,-11.06040126207829,0,5.8049999999999997,0,1,0,0,0.30292153745944178,0.30292153745944178
4,5.8100000000000005,1162,145.70067001918133,0,0,0,31.070499713170186,0,31.070499713170186,0,0.29999999999999999,-0,2.0195996054613223,0,145.70067001918133,145.70067001918133,0.48566890006393776,0,0,0,20,-11.070499713170186,0,5.8100000000000005,0,1,0,0,0.30290950069040234,0.30290950069040234
4,5.8150000000000004,1163,145.85604776198704,0,0,0,31.080597258061839,0,31.080597258061839,0,0.29999999999999999,-0,2.0194183440951741,0,145.85604776198704,145.85604776198704,0.48618682587329015,0,0,0,20,-11.080597258061839,0,5.8150000000000004,0,1,0,0,0.3028974620877522,0.3028974620877522
4,5.8200000000000003,1164,146.01147599025126,0,0,0,31.090693896540106,0,31.090693896540106,0,0.29999999999999999,-0,2.019237040109803,0,146.01147599025126,146.01147599025126,0.4867049199675042,0,0,0,20,-11.090693896540106,0,5.8200000000000003,0,1,0,0,0.30288542165337745,0.30288542165337745
4,5.8250000000000002,1165,146.16695469944139,0,0,0,31.100789628391937,0,31.100789628391937,0,0.29999999999999999,-0,2.0190556935248969,0,146.16695469944139,146.16695469944139,0.48722318233147133,0,0,0,20,-11.100789628391937,0,5.8250000000000002,0,1,0,0,0.30287337938916392,0.30287337938916392
4,5.8300000000000001,1166,146.32248388502379,0,0,0,31.110884453404385,0,31.110884453404385,0,0.29999999999999999,-0,2.0188743043601449,0,146.32248388502379,146.32248388502379,0.48774161295007928,0,0,0,20,-11.110884453404385,0,5.8300000000000001,0,1,0,0,0.30286133529699699,0.30286133529699699
4,5.835,1167,146.4780635424637,0,0,0,31.1209783713646,0,31.1209783713646,0,0.29999999999999999,-0,2.0186928726352371,0,146.4780635424637,146.4780635424637,0.48826021180821233,0,0,0,20,-11.1209783713646,0,5.835,0,1,0,0,0.30284928937876177,0.30284928937876177
4,5.8399999999999999,1168,146.63369366722534,0,0,0,31.131071382059833,0,31.131071382059833,0,0.29999999999999999,-0,2.018511398369867,0,146.63369366722534,146.63369366722534,0.48877897889075117,0,0,0,20,-11.131071382059833,0,5.8399999999999999,0,1,0,0,0.30283724163634307,0.30283724163634307
4,5.8449999999999998,1169,146.78937425477184,0,0,0,31.141163485277431,0,31.141163485277431,0,0.29999999999999999,-0,2.0183298815837283,0,146.78937425477184,146.78937425477184,0.48929791418257279,0,0,0,20,-11.141163485277431,0,5.8449999999999998,0,1,0,0,0.30282519207162562,0.30282519207162562
4,5.8500000000000005,1170,146.9451053005653,0,0,0,31.151254680804836,0,31.151254680804836,0,0.29999999999999999,-0,2.0181483222965171,0,146.9451053005653,146.9451053005653,0.48981701766855101,0,0,0,20,-11.151254680804836,0,5.8500000000000005,0,1,0,0,0.3028131406864934,0.3028131406864934
4,5.8550000000000004,1171,147.10088680006672,0,0,0,31.161344968429592,0,31.161344968429592,0,0.29999999999999999,-0,2.0179667205279315,0,147.10088680006672,147.10088680006672,0.49033628933355572,0,0,0,20,-11.161344968429592,0,5.8550000000000004,0,1,0,0,0.3028010874828303,0.3028010874828303
4,5.8600000000000003,1172,147.25671874873606,0,0,0,31.171434347939343,0,31.171434347939343,0,0.29999999999999999,-0,2.0177850762976717,0,147.25671874873606,147.25671874873606,0.49085572916245357,0,0,0,20,-11.171434347939343,0,5.8600000000000003,0,1,0,0,0.30278903246251987,0.30278903246251987
4,5.8650000000000002,1173,147.41260114203223,0,0,0,31.181522819121831,0,31.181522819121831,0,0.29999999999999999,-0,2.0176033896254371,0,147.41260114203223,147.41260114203223,0.49137533714010745,0,0,0,20,-11.181522819121831,0,5.8650000000000002,0,1,0,0,0.30277697562744554,0.30277697562744554
4,5.8700000000000001,1174,147.56853397541306,0,0,0,31.191610381764892,0,31.191610381764892,0,0.29999999999999999,-0,2.0174216605309332,0,147.56853397541306,147.56853397541306,0.49189511325137686,0,0,0,20,-11.191610381764892,0,5.8700000000000001,0,1,0,0,0.30276491697948998,0.30276491697948998
4,5.875,1175,147.72451724433532,0,0,0,31.201697035656469,0,31.201697035656469,0,0.29999999999999999,-0,2.017239889033863,0,147.72451724433532,147.72451724433532,0.49241505748111775,0,0,0,20,-11.201697035656469,0,5.875,0,1,0,0,0.30275285652053591,0.30275285652053591
4,5.8799999999999999,1176,147.88055094425471,0,0,0,31.211782780584596,0,31.211782780584596,0,0.29999999999999999,-0,2.0170580751539338,0,147.88055094425471,147.88055094425471,0.49293516981418234,0,0,0,20,-11.211782780584596,0,5.8799999999999999,0,1,0,0,0.30274079425246569,0.30274079425246569
4,5.8849999999999998,1177,148.03663507062589,0,0,0,31.221867616337406,0,31.221867616337406,0,0.29999999999999999,-0,2.0168762189108538,0,148.03663507062589,148.03663507062589,0.49345545023541965,0,0,0,20,-11.221867616337406,0,5.8849999999999998,0,1,0,0,0.30272873017716123,0.30272873017716123
4,5.8899999999999997,1178,148.19276961890245,0,0,0,31.231951542703133,0,31.231951542703133,0,0.29999999999999999,-0,2.016694320324333,0,148.19276961890245,148.19276961890245,0.49397589872967484,0,0,0,20,-11.231951542703133,0,5.8899999999999997,0,1,0,0,0.30271666429650418,0.30271666429650418
4,5.8950000000000005,1179,148.34895458453693,0,0,0,31.24203455947011,0,31.24203455947011,0,0.29999999999999999,-0,2.0165123794140833,0,148.34895458453693,148.34895458453693,0.49449651528178973,0,0,0,20,-11.24203455947011,0,5.8950000000000005,0,1,0,0,0.30270459661237581,0.30270459661237581
4,5.9000000000000004,1180,148.50518996298081,0,0,0,31.252116666426765,0,31.252116666426765,0,0.29999999999999999,-0,2.0163303961998182,0,148.50518996298081,148.50518996298081,0.4950172998766027,0,0,0,20,-11.252116666426765,0,5.9000000000000004,0,1,0,0,0.30269252712665728,0.30269252712665728
4,5.9050000000000002,1181,148.66147574968448,0,0,0,31.262197863361632,0,31.262197863361632,0,0.29999999999999999,-0,2.0161483707012526,0,148.66147574968448,148.66147574968448,0.49553825249894828,0,0,0,20,-11.262197863361632,0,5.9050000000000002,0,1,0,0,0.3026804558412291,0.3026804558412291
4,5.9100000000000001,1182,148.81781194009736,0,0,0,31.272278150063336,0,31.272278150063336,0,0.29999999999999999,-0,2.0159663029381036,0,148.81781194009736,148.81781194009736,0.49605937313365783,0,0,0,20,-11.272278150063336,0,5.9100000000000001,0,1,0,0,0.30266838275797187,0.30266838275797187
4,5.915,1183,148.97419852966772,0,0,0,31.282357526320602,0,31.282357526320602,0,0.29999999999999999,-0,2.0157841929300888,0,148.97419852966772,148.97419852966772,0.49658066176555904,0,0,0,20,-11.282357526320602,0,5.915,0,1,0,0,0.30265630787876563,0.30265630787876563
4,5.9199999999999999,1184,149.1306355138428,0,0,0,31.292435991922261,0,31.292435991922261,0,0.29999999999999999,-0,2.0156020406969297,0,149.1306355138428,149.1306355138428,0.49710211837947599,0,0,0,20,-11.292435991922261,0,5.9199999999999999,0,1,0,0,0.30264423120548983,0.30264423120548983
4,5.9249999999999998,1185,149.28712288806884,0,0,0,31.302513546657231,0,31.302513546657231,0,0.29999999999999999,-0,2.0154198462583484,0,149.28712288806884,149.28712288806884,0.49762374296022943,0,0,0,20,-11.302513546657231,0,5.9249999999999998,0,1,0,0,0.3026321527400242,0.3026321527400242
4,5.9299999999999997,1186,149.44366064779092,0,0,0,31.312590190314534,0,31.312590190314534,0,0.29999999999999999,-0,2.0152376096340667,0,149.44366064779092,149.44366064779092,0.4981455354926364,0,0,0,20,-11.312590190314534,0,5.9299999999999997,0,1,0,0,0.3026200724842476,0.3026200724842476
4,5.9350000000000005,1187,149.60024878845317,0,0,0,31.322665922683292,0,31.322665922683292,0,0.29999999999999999,-0,2.0150553308438122,0,149.60024878845317,149.60024878845317,0.49866749596151055,0,0,0,20,-11.322665922683292,0,5.9350000000000005,0,1,0,0,0.30260799044003911,0.30260799044003911
4,5.9400000000000004,1188,149.75688730549859,0,0,0,31.332740743552726,0,31.332740743552726,0,0.29999999999999999,-0,2.0148730099073111,0,149.75688730549859,149.75688730549859,0.49918962435166198,0,0,0,20,-11.332740743552726,0,5.9400000000000004,0,1,0,0,0.30259590660927699,0.30259590660927699
4,5.9450000000000003,1189,149.91357619436917,0,0,0,31.342814652712153,0,31.342814652712153,0,0.29999999999999999,-0,2.0146906468442913,0,149.91357619436917,149.91357619436917,0.49971192064789721,0,0,0,20,-11.342814652712153,0,5.9450000000000003,0,1,0,0,0.30258382099383929,0.30258382099383929
4,5.9500000000000002,1190,150.07031545050583,0,0,0,31.35288764995099,0,31.35288764995099,0,0.29999999999999999,-0,2.0145082416744842,0,150.07031545050583,150.07031545050583,0.50023438483501947,0,0,0,20,-11.35288764995099,0,5.9500000000000002,0,1,0,0,0.30257173359560402,0.30257173359560402
4,5.9550000000000001,1191,150.22710506934845,0,0,0,31.362959735058752,0,31.362959735058752,0,0.29999999999999999,-0,2.0143257944176218,0,150.22710506934845,150.22710506934845,0.50075701689782814,0,0,0,20,-11.362959735058752,0,5.9550000000000001,0,1,0,0,0.30255964441644856,0.30255964441644856
4,5.96,1192,150.38394504633584,0,0,0,31.373030907825054,0,31.373030907825054,0,0.29999999999999999,-0,2.0141433050934374,0,150.38394504633584,150.38394504633584,0.50127981682111944,0,0,0,20,-11.373030907825054,0,5.96,0,1,0,0,0.30254755345825013,0.30254755345825013
4,5.9649999999999999,1193,150.54083537690576,0,0,0,31.383101168039609,0,31.383101168039609,0,0.29999999999999999,-0,2.0139607737216663,0,150.54083537690576,150.54083537690576,0.50180278458968586,0,0,0,20,-11.383101168039609,0,5.9649999999999999,0,1,0,0,0.30253546072288551,0.30253546072288551
4,5.9699999999999998,1194,150.69777605649494,0,0,0,31.393170515492226,0,31.393170515492226,0,0.29999999999999999,-0,2.0137782003220464,0,150.69777605649494,150.69777605649494,0.50232592018831645,0,0,0,20,-11.393170515492226,0,5.9699999999999998,0,1,0,0,0.3025233662122313,0.3025233662122313
4,5.9750000000000005,1195,150.85476708053906,0,0,0,31.403238949972817,0,31.403238949972817,0,0.29999999999999999,-0,2.0135955849143152,0,150.85476708053906,150.85476708053906,0.50284922360179685,0,0,0,20,-11.403238949972817,0,5.9750000000000005,0,1,0,0,0.3025112699281638,0.3025112699281638
4,5.9800000000000004,1196,151.01180844447271,0,0,0,31.41330647127139,0,31.41330647127139,0,0.29999999999999999,-0,2.013412927518214,0,151.01180844447271,151.01180844447271,0.50337269481490898,0,0,0,20,-11.41330647127139,0,5.9800000000000004,0,1,0,0,0.30249917187255865,0.30249917187255865
4,5.9850000000000003,1197,151.16890014372945,0,0,0,31.423373079178052,0,31.423373079178052,0,0.29999999999999999,-0,2.0132302281534842,0,151.16890014372945,151.16890014372945,0.50389633381243149,0,0,0,20,-11.423373079178052,0,5.9850000000000003,0,1,0,0,0.30248707204729158,0.30248707204729158
4,5.9900000000000002,1198,151.3260421737418,0,0,0,31.433438773483012,0,31.433438773483012,0,0.29999999999999999,-0,2.0130474868398696,0,151.3260421737418,151.3260421737418,0.50442014057913931,0,0,0,20,-11.433438773483012,0,5.9900000000000002,0,1,0,0,0.30247497045423782,0.30247497045423782
4,5.9950000000000001,1199,151.48323452994126,0,0,0,31.443503553976569,0,31.443503553976569,0,0.29999999999999999,-0,2.0128647035971161,0,151.48323452994126,151.48323452994126,0.50494411509980419,0,0,0,20,-11.443503553976569,0,5.9950000000000001,0,1,0,0,0.30246286709527226,0.30246286709527226
4,6,1200,151.64047720775821,0,0,0,31.453567420449133,0,31.453567420449133,0,0.29999999999999999,-0,2.0126818784449703,0,151.64047720775821,151.64047720775821,0.50546825735919398,0,0,0,20,-11.453567420449133,0,6,0,1,0,0,0.30245076197226956,0.30245076197226956
