schema_version,time_s,step,position_x_m,position_y_m,yaw_rad,yaw_rate_rad_s,vx_m_s,vy_m_s,speed_m_s,steering_angle_rad,throttle,brake,longitudinal_accel_m_s2,lateral_accel_m_s2,track_s_m,unwrapped_track_s_m,track_progress_fraction,lateral_error_m,heading_error_rad,reference_curvature_1_m,target_speed_m_s,speed_error_m_s,lap_number,lap_elapsed_time_s,sector_index,on_track,friction_utilization_fl,friction_utilization_fr,friction_utilization_rl,friction_utilization_rr
4,0,0,0,0,0,0,20,0,20,0,0,-0,-1.7029069015174025,0,0,0,0,0,0,0,20,0,0,0,0,1,0,0,0,0
4,0.0050000000000000001,1,0.098459812352229892,0,0,0,19.991485465492413,0,19.991485465492413,0,0,-0,-1.7029069015174025,0,0.098459812352229892,0.098459812352229892,0.00032819937450743298,0,0,0,20,0.0085145345075865464,0,0.0050000000000000001,0,1,0,0,0,0
4,0.01,2,0.19687769880647799,0,0,0,19.982970930984827,0,19.982970930984827,0,0,-0,-1.7029069015174025,0,0.19687769880647799,0.19687769880647799,0.00065625899602159328,0,0,0,20,0.017029069015173093,0,0.01,0,1,0,0,0,0
4,0.014999999999999999,3,0.29525365936274428,0,0,0,19.97445639647724,0,19.97445639647724,0,0,-0,-1.7029069015174025,0,0.29525365936274428,0.29525365936274428,0.00098417886454248084,0,0,0,20,0.025543603522759639,0,0.014999999999999999,0,1,0,0,0,0
4,0.02,4,0.39358769402102878,0,0,0,19.965941861969654,0,19.965941861969654,0,0,-0,-1.7029069015174025,0,0.39358769402102878,0.39358769402102878,0.0013119589800700958,0,0,0,20,0.034058138030346186,0,0.02,0,1,0,0,0,0
4,0.025000000000000001,5,0.49187980278133148,0,0,0,19.957427327462067,0,19.957427327462067,0,0,-0,-1.7029069015174025,0,0.49187980278133148,0.49187980278133148,0.0016395993426044384,0,0,0,20,0.042572672537932732,0,0.025000000000000001,0,1,0,0,0,0
4,0.029999999999999999,6,0.59012998564365238,0,0,0,19.948912792954481,0,19.948912792954481,0,0,-0,-1.7029069015174025,0,0.59012998564365238,0.59012998564365238,0.0019670999521455078,0,0,0,20,0.051087207045519278,0,0.029999999999999999,0,1,0,0,0,0
4,0.035000000000000003,7,0.68833824260799148,0,0,0,19.940398258446894,0,19.940398258446894,0,0,-0,-1.7029069015174025,0,0.68833824260799148,0.68833824260799148,0.0022944608086933049,0,0,0,20,0.059601741553105825,0,0.035000000000000003,0,1,0,0,0,0
4,0.040000000000000001,8,0.78650457367434878,0,0,0,19.931883723939308,0,19.931883723939308,0,0,-0,-1.7029069015174025,0,0.78650457367434878,0.78650457367434878,0.0026216819122478292,0,0,0,20,0.068116276060692371,0,0.040000000000000001,0,1,0,0,0,0
4,0.044999999999999998,9,0.88462897884272429,0,0,0,19.923369189431721,0,19.923369189431721,0,0,-0,-1.7029069015174025,0,0.88462897884272429,0.88462897884272429,0.002948763262809081,0,0,0,20,0.076630810568278918,0,0.044999999999999998,0,1,0,0,0,0
4,0.050000000000000003,10,0.98271145811311789,0,0,0,19.914854654924135,0,19.914854654924135,0,0,-0,-1.7029069015174025,0,0.98271145811311789,0.98271145811311789,0.0032757048603770595,0,0,0,20,0.085145345075865464,0,0.050000000000000003,0,1,0,0,0,0
4,0.055,11,1.0807520114855298,0,0,0,19.906340120416548,0,19.906340120416548,0,0,-0,-1.7029069015174025,0,1.0807520114855298,1.0807520114855298,0.0036025067049517659,0,0,0,20,0.09365987958345201,0,0.055,0,1,0,0,0,0
4,0.059999999999999998,12,1.1787506389599598,0,0,0,19.897825585908961,0,19.897825585908961,0,0,-0,-1.7029069015174025,0,1.1787506389599598,1.1787506389599598,0.003929168796533199,0,0,0,20,0.10217441409103856,0,0.059999999999999998,0,1,0,0,0,0
4,0.065000000000000002,13,1.276707340536408,0,0,0,19.889311051401375,0,19.889311051401375,0,0,-0,-1.7029069015174025,0,1.276707340536408,1.276707340536408,0.0042556911351213601,0,0,0,20,0.1106889485986251,0,0.065000000000000002,0,1,0,0,0,0
4,0.070000000000000007,14,1.3746221162148744,0,0,0,19.880796516893788,0,19.880796516893788,0,0,-0,-1.7029069015174025,0,1.3746221162148744,1.3746221162148744,0.0045820737207162478,0,0,0,20,0.11920348310621165,0,0.070000000000000007,0,1,0,0,0,0
4,0.074999999999999997,15,1.472494965995359,0,0,0,19.872281982386202,0,19.872281982386202,0,0,-0,-1.7029069015174025,0,1.472494965995359,1.472494965995359,0.0049083165533178631,0,0,0,20,0.1277180176137982,0,0.074999999999999997,0,1,0,0,0,0
4,0.080000000000000002,16,1.5703258898778618,0,0,0,19.863767447878615,0,19.863767447878615,0,0,-0,-1.7029069015174025,0,1.5703258898778618,1.5703258898778618,0.0052344196329262059,0,0,0,20,0.13623255212138474,0,0.080000000000000002,0,1,0,0,0,0
4,0.085000000000000006,17,1.6681148878623828,0,0,0,19.855252913371029,0,19.855252913371029,0,0,-0,-1.7029069015174025,0,1.6681148878623828,1.6681148878623828,0.0055603829595412763,0,0,0,20,0.14474708662897129,0,0.085000000000000006,0,1,0,0,0,0
4,0.089999999999999997,18,1.765861959948922,0,0,0,19.846738378863442,0,19.846738378863442,0,0,-0,-1.7029069015174025,0,1.765861959948922,1.765861959948922,0.0058862065331630733,0,0,0,20,0.15326162113655784,0,0.089999999999999997,0,1,0,0,0,0
4,0.095000000000000001,19,1.8635671061374794,0,0,0,19.838223844355856,0,19.838223844355856,0,0,-0,-1.7029069015174025,0,1.8635671061374794,1.8635671061374794,0.0062118903537915979,0,0,0,20,0.16177615564414438,0,0.095000000000000001,0,1,0,0,0,0
4,0.10000000000000001,20,1.9612303264280551,0,0,0,19.829709309848269,0,19.829709309848269,0,0,-0,-1.7029069015174025,0,1.9612303264280551,1.9612303264280551,0.00653743442142685,0,0,0,20,0.17029069015173093,0,0.10000000000000001,0,1,0,0,0,0
4,0.105,21,2.0588516208206489,0,0,0,19.821194775340683,0,19.821194775340683,0,0,-0,-1.7029069015174025,0,2.0588516208206489,2.0588516208206489,0.0068628387360688296,0,0,0,20,0.17880522465931747,0,0.105,0,1,0,0,0,0
4,0.11,22,2.1564309893152607,0,0,0,19.812680240833096,0,19.812680240833096,0,0,-0,-1.7029069015174025,0,2.1564309893152607,2.1564309893152607,0.0071881032977175359,0,0,0,20,0.18731975916690402,0,0.11,0,1,0,0,0,0
4,0.115,23,2.2539684319118907,0,0,0,19.804165706325509,0,19.804165706325509,0,0,-0,-1.7029069015174025,0,2.2539684319118907,2.2539684319118907,0.0075132281063729689,0,0,0,20,0.19583429367449057,0,0.115,0,1,0,0,0,0
4,0.12,24,2.3514639486105389,0,0,0,19.795651171817923,0,19.795651171817923,0,0,-0,-1.7029069015174025,0,2.3514639486105389,2.3514639486105389,0.0078382131620351302,0,0,0,20,0.20434882818207711,0,0.12,0,1,0,0,0,0
4,0.125,25,2.4489175394112053,0,0,0,19.787136637310336,0,19.787136637310336,0,0,-0,-1.7029069015174025,0,2.4489175394112053,2.4489175394112053,0.0081630584647040174,0,0,0,20,0.21286336268966366,0,0.125,0,1,0,0,0,0
4,0.13,26,2.5463292043138899,0,0,0,19.77862210280275,0,19.77862210280275,0,0,-0,-1.7029069015174025,0,2.5463292043138899,2.5463292043138899,0.008487764014379633,0,0,0,20,0.22137789719725021,0,0.13,0,1,0,0,0,0
4,0.13500000000000001,27,2.6436989433185927,0,0,0,19.770107568295163,0,19.770107568295163,0,0,-0,-1.7029069015174025,0,2.6436989433185927,2.6436989433185927,0.0088123298110619752,0,0,0,20,0.22989243170483675,0,0.13500000000000001,0,1,0,0,0,0
4,0.14000000000000001,28,2.7410267564253137,0,0,0,19.761593033787577,0,19.761593033787577,0,0,-0,-1.7029069015174025,0,2.7410267564253137,2.7410267564253137,0.0091367558547510459,0,0,0,20,0.2384069662124233,0,0.14000000000000001,0,1,0,0,0,0
4,0.14499999999999999,29,2.8383126436340529,0,0,0,19.75307849927999,0,19.75307849927999,0,0,-0,-1.7029069015174025,0,2.8383126436340529,2.8383126436340529,0.0094610421454468432,0,0,0,20,0.24692150072000985,0,0.14499999999999999,0,1,0,0,0,0
4,0.14999999999999999,30,2.9355566049448103,0,0,0,19.744563964772404,0,19.744563964772404,0,0,-0,-1.7029069015174025,0,2.9355566049448103,2.9355566049448103,0.0097851886831493672,0,0,0,20,0.25543603522759639,0,0.14999999999999999,0,1,0,0,0,0
4,0.155,31,3.0327586403575859,0,0,0,19.736049430264817,0,19.736049430264817,0,0,-0,-1.7029069015174025,0,3.0327586403575859,3.0327586403575859,0.01010919546785862,0,0,0,20,0.26395056973518294,0,0.155,0,1,0,0,0,0
4,0.16,32,3.1299187498723797,0,0,0,19.727534895757231,0,19.727534895757231,0,0,-0,-1.7029069015174025,0,3.1299187498723797,3.1299187498723797,0.010433062499574599,0,0,0,20,0.27246510424276948,0,0.16,0,1,0,0,0,0
4,0.16500000000000001,33,3.2270369334891917,0,0,0,19.719020361249644,0,19.719020361249644,0,0,-0,-1.7029069015174025,0,3.2270369334891917,3.2270369334891917,0.010756789778297306,0,0,0,20,0.28097963875035603,0,0.16500000000000001,0,1,0,0,0,0
4,0.17000000000000001,34,3.324113191208022,0,0,0,19.710505826742057,0,19.710505826742057,0,0,-0,-1.7029069015174025,0,3.324113191208022,3.324113191208022,0.01108037730402674,0,0,0,20,0.28949417325794258,0,0.17000000000000001,0,1,0,0,0,0
4,0.17500000000000002,35,3.4211475230288704,0,0,0,19.701991292234471,0,19.701991292234471,0,0,-0,-1.7029069015174025,0,3.4211475230288704,3.4211475230288704,0.011403825076762901,0,0,0,20,0.29800870776552912,0,0.17500000000000002,0,1,0,0,0,0
4,0.17999999999999999,36,3.518139928951737,0,0,0,19.693476757726884,0,19.693476757726884,0,0,-0,-1.7029069015174025,0,3.518139928951737,3.518139928951737,0.01172713309650579,0,0,0,20,0.30652324227311567,0,0.17999999999999999,0,1,0,0,0,0
4,0.185,37,3.6150904089766218,0,0,0,19.684962223219298,0,19.684962223219298,0,0,-0,-1.7029069015174025,0,3.6150904089766218,3.6150904089766218,0.012050301363255406,0,0,0,20,0.31503777678070222,0,0.185,0,1,0,0,0,0
4,0.19,38,3.7119989631035248,0,0,0,19.676447688711711,0,19.676447688711711,0,0,-0,-1.7029069015174025,0,3.7119989631035248,3.7119989631035248,0.01237332987701175,0,0,0,20,0.32355231128828876,0,0.19,0,1,0,0,0,0
4,0.19500000000000001,39,3.8088655913324461,0,0,0,19.667933154204125,0,19.667933154204125,0,0,-0,-1.7029069015174025,0,3.8088655913324461,3.8088655913324461,0.01269621863777482,0,0,0,20,0.33206684579587531,0,0.19500000000000001,0,1,0,0,0,0
4,0.20000000000000001,40,3.9056902936633855,0,0,0,19.659418619696538,0,19.659418619696538,0,0,-0,-1.7029069015174025,0,3.9056902936633855,3.9056902936633855,0.013018967645544619,0,0,0,20,0.34058138030346186,0,0.20000000000000001,0,1,0,0,0,0
4,0.20500000000000002,41,4.0024730700963431,0,0,0,19.650904085188952,0,19.650904085188952,0,0,-0,-1.7029069015174025,0,4.0024730700963431,4.0024730700963431,0.013341576900321143,0,0,0,20,0.3490959148110484,0,0.20500000000000002,0,1,0,0,0,0
4,0.20999999999999999,42,4.0992139206313194,0,0,0,19.642389550681365,0,19.642389550681365,0,0,-0,-1.7029069015174025,0,4.0992139206313194,4.0992139206313194,0.013664046402104398,0,0,0,20,0.35761044931863495,0,0.20999999999999999,0,1,0,0,0,0
4,0.215,43,4.1959128452683139,0,0,0,19.633875016173779,0,19.633875016173779,0,0,-0,-1.7029069015174025,0,4.1959128452683139,4.1959128452683139,0.01398637615089438,0,0,0,20,0.3661249838262215,0,0.215,0,1,0,0,0,0
4,0.22,44,4.2925698440073266,0,0,0,19.625360481666192,0,19.625360481666192,0,0,-0,-1.7029069015174025,0,4.2925698440073266,4.2925698440073266,0.014308566146691088,0,0,0,20,0.37463951833380804,0,0.22,0,1,0,0,0,0
4,0.22500000000000001,45,4.3891849168483574,0,0,0,19.616845947158605,0,19.616845947158605,0,0,-0,-1.7029069015174025,0,4.3891849168483574,4.3891849168483574,0.014630616389494524,0,0,0,20,0.38315405284139459,0,0.22500000000000001,0,1,0,0,0,0
4,0.23000000000000001,46,4.4857580637914056,0,0,0,19.608331412651019,0,19.608331412651019,0,0,-0,-1.7029069015174025,0,4.4857580637914056,4.4857580637914056,0.014952526879304685,0,0,0,20,0.39166858734898113,0,0.23000000000000001,0,1,0,0,0,0
4,0.23500000000000001,47,4.582289284836472,0,0,0,19.599816878143432,0,19.599816878143432,0,0,-0,-1.7029069015174025,0,4.582289284836472,4.582289284836472,0.015274297616121573,0,0,0,20,0.40018312185656768,0,0.23500000000000001,0,1,0,0,0,0
4,0.23999999999999999,48,4.6787785799835566,0,0,0,19.591302343635846,0,19.591302343635846,0,0,-0,-1.7029069015174025,0,4.6787785799835566,4.6787785799835566,0.015595928599945189,0,0,0,20,0.40869765636415423,0,0.23999999999999999,0,1,0,0,0,0
4,0.245,49,4.7752259492326594,0,0,0,19.582787809128259,0,19.582787809128259,0,0,-0,-1.7029069015174025,0,4.7752259492326594,4.7752259492326594,0.01591741983077553,0,0,0,20,0.41721219087174077,0,0.245,0,1,0,0,0,0
4,0.25,50,4.8716313925837804,0,0,0,19.574273274620673,0,19.574273274620673,0,0,-0,-1.7029069015174025,0,4.8716313925837804,4.8716313925837804,0.0162387713086126,0,0,0,20,0.42572672537932732,0,0.25,0,1,0,0,0,0
4,0.255,51,4.9679949100369196,0,0,0,19.565758740113086,0,19.565758740113086,0,0,-0,-1.7029069015174025,0,4.9679949100369196,4.9679949100369196,0.016559983033456398,0,0,0,20,0.43424125988691387,0,0.255,0,1,0,0,0,0
4,0.26000000000000001,52,5.064316501592077,0,0,0,19.5572442056055,0,19.5572442056055,0,0,-0,-1.7029069015174025,0,5.064316501592077,5.064316501592077,0.016881055005306924,0,0,0,20,0.44275579439450041,0,0.26000000000000001,0,1,0,0,0,0
4,0.26500000000000001,53,5.1605961672492526,0,0,0,19.548729671097913,0,19.548729671097913,0,0,-0,-1.7029069015174025,0,5.1605961672492526,5.1605961672492526,0.017201987224164175,0,0,0,20,0.45127032890208696,0,0.26500000000000001,0,1,0,0,0,0
4,0.27000000000000002,54,5.2568339070084464,0,0,0,19.540215136590326,0,19.540215136590326,0,0,-0,-1.7029069015174025,0,5.2568339070084464,5.2568339070084464,0.017522779690028155,0,0,0,20,0.45978486340967351,0,0.27000000000000002,0,1,0,0,0,0
4,0.27500000000000002,55,5.3530297208696584,0,0,0,19.53170060208274,0,19.53170060208274,0,0,-0,-1.7029069015174025,0,5.3530297208696584,5.3530297208696584,0.017843432402898863,0,0,0,20,0.46829939791726005,0,0.27500000000000002,0,1,0,0,0,0
4,0.28000000000000003,56,5.4491836088328887,0,0,0,19.523186067575153,0,19.523186067575153,0,0,-0,-1.7029069015174025,0,5.4491836088328887,5.4491836088328887,0.018163945362776296,0,0,0,20,0.4768139324248466,0,0.28000000000000003,0,1,0,0,0,0
4,0.28500000000000003,57,5.5452955708981371,0,0,0,19.514671533067567,0,19.514671533067567,0,0,-0,-1.7029069015174025,0,5.5452955708981371,5.5452955708981371,0.018484318569660457,0,0,0,20,0.48532846693243314,0,0.28500000000000003,0,1,0,0,0,0
4,0.28999999999999998,58,5.6413656070654037,0,0,0,19.50615699855998,0,19.50615699855998,0,0,-0,-1.7029069015174025,0,5.6413656070654037,5.6413656070654037,0.018804552023551347,0,0,0,20,0.49384300144001969,0,0.28999999999999998,0,1,0,0,0,0
4,0.29499999999999998,59,5.7373937173346885,0,0,0,19.497642464052394,0,19.497642464052394,0,0,-0,-1.7029069015174025,0,5.7373937173346885,5.7373937173346885,0.019124645724448962,0,0,0,20,0.50235753594760624,0,0.29499999999999998,0,1,0,0,0,0
4,0.29999999999999999,60,5.8333799017059915,0,0,0,19.489127929544807,0,19.489127929544807,0,0,-0,-1.7029069015174025,0,5.8333799017059915,5.8333799017059915,0.019444599672353305,0,0,0,20,0.51087207045519278,0,0.29999999999999999,0,1,0,0,0,0
4,0.30499999999999999,61,5.9293241601793127,0,0,0,19.480613395037221,0,19.480613395037221,0,0,-0,-1.7029069015174025,0,5.9293241601793127,5.9293241601793127,0.019764413867264376,0,0,0,20,0.51938660496277933,0,0.30499999999999999,0,1,0,0,0,0
4,0.31,62,6.0252264927546522,0,0,0,19.472098860529634,0,19.472098860529634,0,0,-0,-1.7029069015174025,0,6.0252264927546522,6.0252264927546522,0.020084088309182173,0,0,0,20,0.52790113947036588,0,0.31,0,1,0,0,0,0
4,0.315,63,6.1210868994320098,0,0,0,19.463584326022048,0,19.463584326022048,0,0,-0,-1.7029069015174025,0,6.1210868994320098,6.1210868994320098,0.020403622998106698,0,0,0,20,0.53641567397795242,0,0.315,0,1,0,0,0,0
4,0.32000000000000001,64,6.2169053802113856,0,0,0,19.455069791514461,0,19.455069791514461,0,0,-0,-1.7029069015174025,0,6.2169053802113856,6.2169053802113856,0.020723017934037951,0,0,0,20,0.54493020848553897,0,0.32000000000000001,0,1,0,0,0,0
4,0.32500000000000001,65,6.3126819350927796,0,0,0,19.446555257006874,0,19.446555257006874,0,0,-0,-1.7029069015174025,0,6.3126819350927796,6.3126819350927796,0.021042273116975933,0,0,0,20,0.55344474299312552,0,0.32500000000000001,0,1,0,0,0,0
4,0.33000000000000002,66,6.4084165640761919,0,0,0,19.438040722499288,0,19.438040722499288,0,0,-0,-1.7029069015174025,0,6.4084165640761919,6.4084165640761919,0.021361388546920639,0,0,0,20,0.56195927750071206,0,0.33000000000000002,0,1,0,0,0,0
4,0.33500000000000002,67,6.5041092671616223,0,0,0,19.429526187991701,0,19.429526187991701,0,0,-0,-1.7029069015174025,0,6.5041092671616223,6.5041092671616223,0.021680364223872074,0,0,0,20,0.57047381200829861,0,0.33500000000000002,0,1,0,0,0,0
4,0.34000000000000002,68,6.5997600443490709,0,0,0,19.421011653484115,0,19.421011653484115,0,0,-0,-1.7029069015174025,0,6.5997600443490709,6.5997600443490709,0.021999200147830238,0,0,0,20,0.57898834651588515,0,0.34000000000000002,0,1,0,0,0,0
4,0.34500000000000003,69,6.6953688956385378,0,0,0,19.412497118976528,0,19.412497118976528,0,0,-0,-1.7029069015174025,0,6.6953688956385378,6.6953688956385378,0.022317896318795126,0,0,0,20,0.5875028810234717,0,0.34500000000000003,0,1,0,0,0,0
4,0.35000000000000003,70,6.7909358210300228,0,0,0,19.403982584468942,0,19.403982584468942,0,0,-0,-1.7029069015174025,0,6.7909358210300228,6.7909358210300228,0.022636452736766743,0,0,0,20,0.59601741553105825,0,0.35000000000000003,0,1,0,0,0,0
4,0.35499999999999998,71,6.886460820523526,0,0,0,19.395468049961355,0,19.395468049961355,0,0,-0,-1.7029069015174025,0,6.886460820523526,6.886460820523526,0.022954869401745088,0,0,0,20,0.60453195003864479,0,0.35499999999999998,0,1,0,0,0,0
4,0.35999999999999999,72,6.9819438941190475,0,0,0,19.386953515453769,0,19.386953515453769,0,0,-0,-1.7029069015174025,0,6.9819438941190475,6.9819438941190475,0.023273146313730158,0,0,0,20,0.61304648454623134,0,0.35999999999999999,0,1,0,0,0,0
4,0.36499999999999999,73,7.0773850418165871,0,0,0,19.378438980946182,0,19.378438980946182,0,0,-0,-1.7029069015174025,0,7.0773850418165871,7.0773850418165871,0.023591283472721956,0,0,0,20,0.62156101905381789,0,0.36499999999999999,0,1,0,0,0,0
4,0.37,74,7.172784263616145,0,0,0,19.369924446438596,0,19.369924446438596,0,0,-0,-1.7029069015174025,0,7.172784263616145,7.172784263616145,0.023909280878720483,0,0,0,20,0.63007555356140443,0,0.37,0,1,0,0,0,0
4,0.375,75,7.268141559517721,0,0,0,19.361409911931009,0,19.361409911931009,0,0,-0,-1.7029069015174025,0,7.268141559517721,7.268141559517721,0.024227138531725735,0,0,0,20,0.63859008806899098,0,0.375,0,1,0,0,0,0
4,0.38,76,7.3634569295213153,0,0,0,19.352895377423422,0,19.352895377423422,0,0,-0,-1.7029069015174025,0,7.3634569295213153,7.3634569295213153,0.024544856431737719,0,0,0,20,0.64710462257657753,0,0.38,0,1,0,0,0,0
4,0.38500000000000001,77,7.4587303736269277,0,0,0,19.344380842915836,0,19.344380842915836,0,0,-0,-1.7029069015174025,0,7.4587303736269277,7.4587303736269277,0.024862434578756424,0,0,0,20,0.65561915708416407,0,0.38500000000000001,0,1,0,0,0,0
4,0.39000000000000001,78,7.5539618918345584,0,0,0,19.335866308408249,0,19.335866308408249,0,0,-0,-1.7029069015174025,0,7.5539618918345584,7.5539618918345584,0.025179872972781861,0,0,0,20,0.66413369159175062,0,0.39000000000000001,0,1,0,0,0,0
4,0.39500000000000002,79,7.6491514841442072,0,0,0,19.327351773900663,0,19.327351773900663,0,0,-0,-1.7029069015174025,0,7.6491514841442072,7.6491514841442072,0.025497171613814023,0,0,0,20,0.67264822609933717,0,0.39500000000000002,0,1,0,0,0,0
4,0.40000000000000002,80,7.7442991505558743,0,0,0,19.318837239393076,0,19.318837239393076,0,0,-0,-1.7029069015174025,0,7.7442991505558743,7.7442991505558743,0.025814330501852913,0,0,0,20,0.68116276060692371,0,0.40000000000000002,0,1,0,0,0,0
4,0.40500000000000003,81,7.8394048910695595,0,0,0,19.31032270488549,0,19.31032270488549,0,0,-0,-1.7029069015174025,0,7.8394048910695595,7.8394048910695595,0.026131349636898532,0,0,0,20,0.68967729511451026,0,0.40500000000000003,0,1,0,0,0,0
4,0.41000000000000003,82,7.934468705685263,0,0,0,19.301808170377903,0,19.301808170377903,0,0,-0,-1.7029069015174025,0,7.934468705685263,7.934468705685263,0.026448229018950876,0,0,0,20,0.6981918296220968,0,0.41000000000000003,0,1,0,0,0,0
4,0.41500000000000004,83,8.0294905944029846,0,0,0,19.293293635870317,0,19.293293635870317,0,0,-0,-1.7029069015174025,0,8.0294905944029846,8.0294905944029846,0.026764968648009948,0,0,0,20,0.70670636412968335,0,0.41500000000000004,0,1,0,0,0,0
4,0.41999999999999998,84,8.1244705572227254,0,0,0,19.28477910136273,0,19.28477910136273,0,0,-0,-1.7029069015174025,0,8.1244705572227254,8.1244705572227254,0.027081568524075752,0,0,0,20,0.7152208986372699,0,0.41999999999999998,0,1,0,0,0,0
4,0.42499999999999999,85,8.2194085941444843,0,0,0,19.276264566855144,0,19.276264566855144,0,0,-0,-1.7029069015174025,0,8.2194085941444843,8.2194085941444843,0.027398028647148281,0,0,0,20,0.72373543314485644,0,0.42499999999999999,0,1,0,0,0,0
4,0.42999999999999999,86,8.3143047051682615,0,0,0,19.267750032347557,0,19.267750032347557,0,0,-0,-1.7029069015174025,0,8.3143047051682615,8.3143047051682615,0.027714349017227538,0,0,0,20,0.73224996765244299,0,0.42999999999999999,0,1,0,0,0,0
4,0.435,87,8.4091588902940568,0,0,0,19.25923549783997,0,19.25923549783997,0,0,-0,-1.7029069015174025,0,8.4091588902940568,8.4091588902940568,0.028030529634313524,0,0,0,20,0.74076450216002954,0,0.435,0,1,0,0,0,0
4,0.44,88,8.5039711495218704,0,0,0,19.250720963332384,0,19.250720963332384,0,0,-0,-1.7029069015174025,0,8.5039711495218704,8.5039711495218704,0.028346570498406234,0,0,0,20,0.74927903666761608,0,0.44,0,1,0,0,0,0
4,0.44500000000000001,89,8.5987414828517021,0,0,0,19.242206428824797,0,19.242206428824797,0,0,-0,-1.7029069015174025,0,8.5987414828517021,8.5987414828517021,0.028662471609505673,0,0,0,20,0.75779357117520263,0,0.44500000000000001,0,1,0,0,0,0
4,0.45000000000000001,90,8.6934698902835521,0,0,0,19.233691894317211,0,19.233691894317211,0,0,-0,-1.7029069015174025,0,8.6934698902835521,8.6934698902835521,0.028978232967611841,0,0,0,20,0.76630810568278918,0,0.45000000000000001,0,1,0,0,0,0
4,0.45500000000000002,91,8.7881563718174203,0,0,0,19.225177359809624,0,19.225177359809624,0,0,-0,-1.7029069015174025,0,8.7881563718174203,8.7881563718174203,0.029293854572724733,0,0,0,20,0.77482264019037572,0,0.45500000000000002,0,1,0,0,0,0
4,0.46000000000000002,92,8.8828009274533066,0,0,0,19.216662825302038,0,19.216662825302038,0,0,-0,-1.7029069015174025,0,8.8828009274533066,8.8828009274533066,0.029609336424844354,0,0,0,20,0.78333717469796227,0,0.46000000000000002,0,1,0,0,0,0
4,0.46500000000000002,93,8.9774035571912112,0,0,0,19.208148290794451,0,19.208148290794451,0,0,-0,-1.7029069015174025,0,8.9774035571912112,8.9774035571912112,0.029924678523970703,0,0,0,20,0.79185170920554881,0,0.46500000000000002,0,1,0,0,0,0
4,0.47000000000000003,94,9.071964261031134,0,0,0,19.199633756286865,0,19.199633756286865,0,0,-0,-1.7029069015174025,0,9.071964261031134,9.071964261031134,0.030239880870103781,0,0,0,20,0.80036624371313536,0,0.47000000000000003,0,1,0,0,0,0
4,0.47500000000000003,95,9.1664830389730749,0,0,0,19.191119221779278,0,19.191119221779278,0,0,-0,-1.7029069015174025,0,9.1664830389730749,9.1664830389730749,0.030554943463243583,0,0,0,20,0.80888077822072191,0,0.47500000000000003,0,1,0,0,0,0
4,0.47999999999999998,96,9.2609598910170341,0,0,0,19.182604687271692,0,19.182604687271692,0,0,-0,-1.7029069015174025,0,9.2609598910170341,9.2609598910170341,0.030869866303390114,0,0,0,20,0.81739531272830845,0,0.47999999999999998,0,1,0,0,0,0
4,0.48499999999999999,97,9.3553948171630115,0,0,0,19.174090152764105,0,19.174090152764105,0,0,-0,-1.7029069015174025,0,9.3553948171630115,9.3553948171630115,0.03118464939054337,0,0,0,20,0.825909847235895,0,0.48499999999999999,0,1,0,0,0,0
4,0.48999999999999999,98,9.449787817411007,0,0,0,19.165575618256518,0,19.165575618256518,0,0,-0,-1.7029069015174025,0,9.449787817411007,9.449787817411007,0.031499292724703358,0,0,0,20,0.83442438174348155,0,0.48999999999999999,0,1,0,0,0,0
4,0.495,99,9.5441388917610208,0,0,0,19.157061083748932,0,19.157061083748932,0,0,-0,-1.7029069015174025,0,9.5441388917610208,9.5441388917610208,0.031813796305870071,0,0,0,20,0.84293891625106809,0,0.495,0,1,0,0,0,0
4,0.5,100,9.6384480402130528,0,0,0,19.148546549241345,0,19.148546549241345,0,0,-0,-1.7029069015174025,0,9.6384480402130528,9.6384480402130528,0.032128160134043508,0,0,0,20,0.85145345075865464,0,0.5,0,1,0,0,0,0
4,0.505,101,9.7327152627671012,0,0,0,19.140032014733759,0,19.140032014733759,0,0,-0,-1.7029069015174025,0,9.7327152627671012,9.7327152627671012,0.032442384209223671,0,0,0,20,0.85996798526624119,0,0.505,0,1,0,0,0,0
4,0.51000000000000001,102,9.8269405594231678,0,0,0,19.131517480226172,0,19.131517480226172,0,0,-0,-1.7029069015174025,0,9.8269405594231678,9.8269405594231678,0.032756468531410558,0,0,0,20,0.86848251977382773,0,0.51000000000000001,0,1,0,0,0,0
4,0.51500000000000001,103,9.9211239301812526,0,0,0,19.123002945718586,0,19.123002945718586,0,0,-0,-1.7029069015174025,0,9.9211239301812526,9.9211239301812526,0.033070413100604178,0,0,0,20,0.87699705428141428,0,0.51500000000000001,0,1,0,0,0,0
4,0.52000000000000002,104,10.015265375041356,0,0,0,19.114488411210999,0,19.114488411210999,0,0,-0,-1.7029069015174025,0,10.015265375041356,10.015265375041356,0.033384217916804522,0,0,0,20,0.88551158878900083,0,0.52000000000000002,0,1,0,0,0,0
4,0.52500000000000002,105,10.109364894003477,0,0,0,19.105973876703413,0,19.105973876703413,0,0,-0,-1.7029069015174025,0,10.109364894003477,10.109364894003477,0.033697882980011591,0,0,0,20,0.89402612329658737,0,0.52500000000000002,0,1,0,0,0,0
4,0.53000000000000003,106,10.203422487067616,0,0,0,19.097459342195826,0,19.097459342195826,0,0,-0,-1.7029069015174025,0,10.203422487067616,10.203422487067616,0.034011408290225385,0,0,0,20,0.90254065780417392,0,0.53000000000000003,0,1,0,0,0,0
4,0.53500000000000003,107,10.297438154233774,0,0,0,19.08894480768824,0,19.08894480768824,0,0,-0,-1.7029069015174025,0,10.297438154233774,10.297438154233774,0.034324793847445911,0,0,0,20,0.91105519231176046,0,0.53500000000000003,0,1,0,0,0,0
4,0.54000000000000004,108,10.39141189550195,0,0,0,19.080430273180653,0,19.080430273180653,0,0,-0,-1.7029069015174025,0,10.39141189550195,10.39141189550195,0.034638039651673162,0,0,0,20,0.91956972681934701,0,0.54000000000000004,0,1,0,0,0,0
4,0.54500000000000004,109,10.485343710872144,0,0,0,19.071915738673066,0,19.071915738673066,0,0,-0,-1.7029069015174025,0,10.485343710872144,10.485343710872144,0.034951145702907145,0,0,0,20,0.92808426132693356,0,0.54500000000000004,0,1,0,0,0,0
4,0.55000000000000004,110,10.579233600344356,0,0,0,19.06340120416548,0,19.06340120416548,0,0,-0,-1.7029069015174025,0,10.579233600344356,10.579233600344356,0.035264112001147853,0,0,0,20,0.9365987958345201,0,0.55000000000000004,0,1,0,0,0,0
4,0.55500000000000005,111,10.673081563918586,0,0,0,19.054886669657893,0,19.054886669657893,0,0,-0,-1.7029069015174025,0,10.673081563918586,10.673081563918586,0.035576938546395286,0,0,0,20,0.94511333034210665,0,0.55500000000000005,0,1,0,0,0,0
4,0.56000000000000005,112,10.766887601594835,0,0,0,19.046372135150307,0,19.046372135150307,0,0,-0,-1.7029069015174025,0,10.766887601594835,10.766887601594835,0.03588962533864945,0,0,0,20,0.9536278648496932,0,0.56000000000000005,0,1,0,0,0,0
4,0.56500000000000006,113,10.860651713373102,0,0,0,19.03785760064272,0,19.03785760064272,0,0,-0,-1.7029069015174025,0,10.860651713373102,10.860651713373102,0.03620217237791034,0,0,0,20,0.96214239935727974,0,0.56500000000000006,0,1,0,0,0,0
4,0.57000000000000006,114,10.954373899253387,0,0,0,19.029343066135134,0,19.029343066135134,0,0,-0,-1.7029069015174025,0,10.954373899253387,10.954373899253387,0.036514579664177954,0,0,0,20,0.97065693386486629,0,0.57000000000000006,0,1,0,0,0,0
4,0.57500000000000007,115,11.04805415923569,0,0,0,19.020828531627547,0,19.020828531627547,0,0,-0,-1.7029069015174025,0,11.04805415923569,11.04805415923569,0.0368268471974523,0,0,0,20,0.97917146837245284,0,0.57500000000000007,0,1,0,0,0,0
4,0.57999999999999996,116,11.141692493320011,0,0,0,19.012313997119961,0,19.012313997119961,0,0,-0,-1.7029069015174025,0,11.141692493320011,11.141692493320011,0.037138974977733372,0,0,0,20,0.98768600288003938,0,0.57999999999999996,0,1,0,0,0,0
4,0.58499999999999996,117,11.235288901506351,0,0,0,19.003799462612374,0,19.003799462612374,0,0,-0,-1.7029069015174025,0,11.235288901506351,11.235288901506351,0.037450963005021168,0,0,0,20,0.99620053738762593,0,0.58499999999999996,0,1,0,0,0,0
4,0.58999999999999997,118,11.328843383794709,0,0,0,18.995284928104788,0,18.995284928104788,0,0,-0,-1.7029069015174025,0,11.328843383794709,11.328843383794709,0.037762811279315696,0,0,0,20,1.0047150718952125,0,0.58999999999999997,0,1,0,0,0,0
4,0.59499999999999997,119,11.422355940185085,0,0,0,18.986770393597201,0,18.986770393597201,0,0,-0,-1.7029069015174025,0,11.422355940185085,11.422355940185085,0.038074519800616949,0,0,0,20,1.013229606402799,0,0.59499999999999997,0,1,0,0,0,0
4,0.59999999999999998,120,11.515826570677479,0,0,0,18.978255859089614,0,18.978255859089614,0,0,-0,-1.7029069015174025,0,11.515826570677479,11.515826570677479,0.038386088568924934,0,0,0,20,1.0217441409103856,0,0.59999999999999998,0,1,0,0,0,0
4,0.60499999999999998,121,11.609255275271892,0,0,0,18.969741324582028,0,18.969741324582028,0,0,-0,-1.7029069015174025,0,11.609255275271892,11.609255275271892,0.038697517584239637,0,0,0,20,1.0302586754179721,0,0.60499999999999998,0,1,0,0,0,0
4,0.60999999999999999,122,11.702642053968322,0,0,0,18.961226790074441,0,18.961226790074441,0,0,-0,-1.7029069015174025,0,11.702642053968322,11.702642053968322,0.039008806846561071,0,0,0,20,1.0387732099255587,0,0.60999999999999999,0,1,0,0,0,0
4,0.61499999999999999,123,11.795986906766771,0,0,0,18.952712255566855,0,18.952712255566855,0,0,-0,-1.7029069015174025,0,11.795986906766771,11.795986906766771,0.039319956355889238,0,0,0,20,1.0472877444331452,0,0.61499999999999999,0,1,0,0,0,0
4,0.62,124,11.889289833667238,0,0,0,18.944197721059268,0,18.944197721059268,0,0,-0,-1.7029069015174025,0,11.889289833667238,11.889289833667238,0.039630966112224129,0,0,0,20,1.0558022789407318,0,0.62,0,1,0,0,0,0
4,0.625,125,11.982550834669723,0,0,0,18.935683186551682,0,18.935683186551682,0,0,-0,-1.7029069015174025,0,11.982550834669723,11.982550834669723,0.039941836115565746,0,0,0,20,1.0643168134483183,0,0.625,0,1,0,0,0,0
4,0.63,126,12.075769909774227,0,0,0,18.927168652044095,0,18.927168652044095,0,0,-0,-1.7029069015174025,0,12.075769909774227,12.075769909774227,0.040252566365914087,0,0,0,20,1.0728313479559048,0,0.63,0,1,0,0,0,0
4,0.63500000000000001,127,12.168947058980748,0,0,0,18.918654117536509,0,18.918654117536509,0,0,-0,-1.7029069015174025,0,12.168947058980748,12.168947058980748,0.040563156863269161,0,0,0,20,1.0813458824634914,0,0.63500000000000001,0,1,0,0,0,0
4,0.64000000000000001,128,12.262082282289288,0,0,0,18.910139583028922,0,18.910139583028922,0,0,-0,-1.7029069015174025,0,12.262082282289288,12.262082282289288,0.040873607607630959,0,0,0,20,1.0898604169710779,0,0.64000000000000001,0,1,0,0,0,0
4,0.64500000000000002,129,12.355175579699846,0,0,0,18.901625048521336,0,18.901625048521336,0,0,-0,-1.7029069015174025,0,12.355175579699846,12.355175579699846,0.041183918598999489,0,0,0,20,1.0983749514786645,0,0.64500000000000002,0,1,0,0,0,0
4,0.65000000000000002,130,12.448226951212423,0,0,0,18.893110514013749,0,18.893110514013749,0,0,-0,-1.7029069015174025,0,12.448226951212423,12.448226951212423,0.041494089837374744,0,0,0,20,1.106889485986251,0,0.65000000000000002,0,1,0,0,0,0
4,0.65500000000000003,131,12.541236396827017,0,0,0,18.884595979506162,0,18.884595979506162,0,0,-0,-1.7029069015174025,0,12.541236396827017,12.541236396827017,0.041804121322756724,0,0,0,20,1.1154040204938376,0,0.65500000000000003,0,1,0,0,0,0
4,0.66000000000000003,132,12.63420391654363,0,0,0,18.876081444998576,0,18.876081444998576,0,0,-0,-1.7029069015174025,0,12.63420391654363,12.63420391654363,0.042114013055145436,0,0,0,20,1.1239185550014241,0,0.66000000000000003,0,1,0,0,0,0
4,0.66500000000000004,133,12.727129510362261,0,0,0,18.867566910490989,0,18.867566910490989,0,0,-0,-1.7029069015174025,0,12.727129510362261,12.727129510362261,0.042423765034540865,0,0,0,20,1.1324330895090107,0,0.66500000000000004,0,1,0,0,0,0
4,0.67000000000000004,134,12.82001317828291,0,0,0,18.859052375983403,0,18.859052375983403,0,0,-0,-1.7029069015174025,0,12.82001317828291,12.82001317828291,0.042733377260943034,0,0,0,20,1.1409476240165972,0,0.67000000000000004,0,1,0,0,0,0
4,0.67500000000000004,135,12.912854920305577,0,0,0,18.850537841475816,0,18.850537841475816,0,0,-0,-1.7029069015174025,0,12.912854920305577,12.912854920305577,0.043042849734351921,0,0,0,20,1.1494621585241838,0,0.67500000000000004,0,1,0,0,0,0
4,0.68000000000000005,136,13.005654736430262,0,0,0,18.84202330696823,0,18.84202330696823,0,0,-0,-1.7029069015174025,0,13.005654736430262,13.005654736430262,0.043352182454767539,0,0,0,20,1.1579766930317703,0,0.68000000000000005,0,1,0,0,0,0
4,0.68500000000000005,137,13.098412626656966,0,0,0,18.833508772460643,0,18.833508772460643,0,0,-0,-1.7029069015174025,0,13.098412626656966,13.098412626656966,0.043661375422189889,0,0,0,20,1.1664912275393569,0,0.68500000000000005,0,1,0,0,0,0
4,0.69000000000000006,138,13.191128590985688,0,0,0,18.824994237953057,0,18.824994237953057,0,0,-0,-1.7029069015174025,0,13.191128590985688,13.191128590985688,0.043970428636618958,0,0,0,20,1.1750057620469434,0,0.69000000000000006,0,1,0,0,0,0
4,0.69500000000000006,139,13.283802629416428,0,0,0,18.81647970344547,0,18.81647970344547,0,0,-0,-1.7029069015174025,0,13.283802629416428,13.283802629416428,0.044279342098054758,0,0,0,20,1.1835202965545299,0,0.69500000000000006,0,1,0,0,0,0
4,0.70000000000000007,140,13.376434741949186,0,0,0,18.807965168937884,0,18.807965168937884,0,0,-0,-1.7029069015174025,0,13.376434741949186,13.376434741949186,0.04458811580649729,0,0,0,20,1.1920348310621165,0,0.70000000000000007,0,1,0,0,0,0
4,0.70499999999999996,141,13.469024928583963,0,0,0,18.799450634430297,0,18.799450634430297,0,0,-0,-1.7029069015174025,0,13.469024928583963,13.469024928583963,0.04489674976194654,0,0,0,20,1.200549365569703,0,0.70499999999999996,0,1,0,0,0,0
4,0.70999999999999996,142,13.561573189320757,0,0,0,18.79093609992271,0,18.79093609992271,0,0,-0,-1.7029069015174025,0,13.561573189320757,13.561573189320757,0.045205243964402522,0,0,0,20,1.2090639000772896,0,0.70999999999999996,0,1,0,0,0,0
4,0.71499999999999997,143,13.65407952415957,0,0,0,18.782421565415124,0,18.782421565415124,0,0,-0,-1.7029069015174025,0,13.65407952415957,13.65407952415957,0.045513598413865236,0,0,0,20,1.2175784345848761,0,0.71499999999999997,0,1,0,0,0,0
4,0.71999999999999997,144,13.746543933100401,0,0,0,18.773907030907537,0,18.773907030907537,0,0,-0,-1.7029069015174025,0,13.746543933100401,13.746543933100401,0.045821813110334668,0,0,0,20,1.2260929690924627,0,0.71999999999999997,0,1,0,0,0,0
4,0.72499999999999998,145,13.838966416143251,0,0,0,18.765392496399951,0,18.765392496399951,0,0,-0,-1.7029069015174025,0,13.838966416143251,13.838966416143251,0.046129888053810839,0,0,0,20,1.2346075036000492,0,0.72499999999999998,0,1,0,0,0,0
4,0.72999999999999998,146,13.931346973288118,0,0,0,18.756877961892364,0,18.756877961892364,0,0,-0,-1.7029069015174025,0,13.931346973288118,13.931346973288118,0.046437823244293727,0,0,0,20,1.2431220381076358,0,0.72999999999999998,0,1,0,0,0,0
4,0.73499999999999999,147,14.023685604535004,0,0,0,18.748363427384778,0,18.748363427384778,0,0,-0,-1.7029069015174025,0,14.023685604535004,14.023685604535004,0.046745618681783348,0,0,0,20,1.2516365726152223,0,0.73499999999999999,0,1,0,0,0,0
4,0.73999999999999999,148,14.115982309883908,0,0,0,18.739848892877191,0,18.739848892877191,0,0,-0,-1.7029069015174025,0,14.115982309883908,14.115982309883908,0.047053274366279693,0,0,0,20,1.2601511071228089,0,0.73999999999999999,0,1,0,0,0,0
4,0.745,149,14.20823708933483,0,0,0,18.731334358369605,0,18.731334358369605,0,0,-0,-1.7029069015174025,0,14.20823708933483,14.20823708933483,0.047360790297782764,0,0,0,20,1.2686656416303954,0,0.745,0,1,0,0,0,0
4,0.75,150,14.30044994288777,0,0,0,18.722819823862018,0,18.722819823862018,0,0,-0,-1.7029069015174025,0,14.30044994288777,14.30044994288777,0.047668166476292566,0,0,0,20,1.277180176137982,0,0.75,0,1,0,0,0,0
4,0.755,151,14.392620870542729,0,0,0,18.714305289354431,0,18.714305289354431,0,0,-0,-1.7029069015174025,0,14.392620870542729,14.392620870542729,0.047975402901809093,0,0,0,20,1.2856947106455685,0,0.755,0,1,0,0,0,0
4,0.76000000000000001,152,14.484749872299705,0,0,0,18.705790754846845,0,18.705790754846845,0,0,-0,-1.7029069015174025,0,14.484749872299705,14.484749872299705,0.048282499574332352,0,0,0,20,1.2942092451531551,0,0.76000000000000001,0,1,0,0,0,0
4,0.76500000000000001,153,14.5768369481587,0,0,0,18.697276220339258,0,18.697276220339258,0,0,-0,-1.7029069015174025,0,14.5768369481587,14.5768369481587,0.048589456493862336,0,0,0,20,1.3027237796607416,0,0.76500000000000001,0,1,0,0,0,0
4,0.77000000000000002,154,14.668882098119713,0,0,0,18.688761685831672,0,18.688761685831672,0,0,-0,-1.7029069015174025,0,14.668882098119713,14.668882098119713,0.048896273660399045,0,0,0,20,1.3112383141683281,0,0.77000000000000002,0,1,0,0,0,0
4,0.77500000000000002,155,14.760885322182745,0,0,0,18.680247151324085,0,18.680247151324085,0,0,-0,-1.7029069015174025,0,14.760885322182745,14.760885322182745,0.049202951073942479,0,0,0,20,1.3197528486759147,0,0.77500000000000002,0,1,0,0,0,0
4,0.78000000000000003,156,14.852846620347794,0,0,0,18.671732616816499,0,18.671732616816499,0,0,-0,-1.7029069015174025,0,14.852846620347794,14.852846620347794,0.049509488734492645,0,0,0,20,1.3282673831835012,0,0.78000000000000003,0,1,0,0,0,0
4,0.78500000000000003,157,14.944765992614862,0,0,0,18.663218082308912,0,18.663218082308912,0,0,-0,-1.7029069015174025,0,14.944765992614862,14.944765992614862,0.049815886642049542,0,0,0,20,1.3367819176910878,0,0.78500000000000003,0,1,0,0,0,0
4,0.79000000000000004,158,15.036643438983948,0,0,0,18.654703547801326,0,18.654703547801326,0,0,-0,-1.7029069015174025,0,15.036643438983948,15.036643438983948,0.050122144796613158,0,0,0,20,1.3452964521986743,0,0.79000000000000004,0,1,0,0,0,0
4,0.79500000000000004,159,15.128478959455052,0,0,0,18.646189013293739,0,18.646189013293739,0,0,-0,-1.7029069015174025,0,15.128478959455052,15.128478959455052,0.050428263198183505,0,0,0,20,1.3538109867062609,0,0.79500000000000004,0,1,0,0,0,0
4,0.80000000000000004,160,15.220272554028174,0,0,0,18.637674478786153,0,18.637674478786153,0,0,-0,-1.7029069015174025,0,15.220272554028174,15.220272554028174,0.050734241846760578,0,0,0,20,1.3623255212138474,0,0.80000000000000004,0,1,0,0,0,0
4,0.80500000000000005,161,15.312024222703315,0,0,0,18.629159944278566,0,18.629159944278566,0,0,-0,-1.7029069015174025,0,15.312024222703315,15.312024222703315,0.051040080742344382,0,0,0,20,1.370840055721434,0,0.80500000000000005,0,1,0,0,0,0
4,0.81000000000000005,162,15.403733965480473,0,0,0,18.620645409770979,0,18.620645409770979,0,0,-0,-1.7029069015174025,0,15.403733965480473,15.403733965480473,0.051345779884934911,0,0,0,20,1.3793545902290205,0,0.81000000000000005,0,1,0,0,0,0
4,0.81500000000000006,163,15.49540178235965,0,0,0,18.612130875263393,0,18.612130875263393,0,0,-0,-1.7029069015174025,0,15.49540178235965,15.49540178235965,0.051651339274532165,0,0,0,20,1.3878691247366071,0,0.81500000000000006,0,1,0,0,0,0
4,0.82000000000000006,164,15.587027673340845,0,0,0,18.603616340755806,0,18.603616340755806,0,0,-0,-1.7029069015174025,0,15.587027673340845,15.587027673340845,0.051956758911136151,0,0,0,20,1.3963836592441936,0,0.82000000000000006,0,1,0,0,0,0
4,0.82500000000000007,165,15.678611638424059,0,0,0,18.59510180624822,0,18.59510180624822,0,0,-0,-1.7029069015174025,0,15.678611638424059,15.678611638424059,0.052262038794746862,0,0,0,20,1.4048981937517802,0,0.82500000000000007,0,1,0,0,0,0
4,0.83000000000000007,166,15.77015367760929,0,0,0,18.586587271740633,0,18.586587271740633,0,0,-0,-1.7029069015174025,0,15.77015367760929,15.77015367760929,0.052567178925364298,0,0,0,20,1.4134127282593667,0,0.83000000000000007,0,1,0,0,0,0
4,0.83499999999999996,167,15.86165379089654,0,0,0,18.578072737233047,0,18.578072737233047,0,0,-0,-1.7029069015174025,0,15.86165379089654,15.86165379089654,0.052872179302988466,0,0,0,20,1.4219272627669532,0,0.83499999999999996,0,1,0,0,0,0
4,0.83999999999999997,168,15.953111978285808,0,0,0,18.56955820272546,0,18.56955820272546,0,0,-0,-1.7029069015174025,0,15.953111978285808,15.953111978285808,0.053177039927619359,0,0,0,20,1.4304417972745398,0,0.83999999999999997,0,1,0,0,0,0
4,0.84499999999999997,169,16.044528239777094,0,0,0,18.561043668217874,0,18.561043668217874,0,0,-0,-1.7029069015174025,0,16.044528239777094,16.044528239777094,0.053481760799256976,0,0,0,20,1.4389563317821263,0,0.84499999999999997,0,1,0,0,0,0
4,0.84999999999999998,170,16.135902575370398,0,0,0,18.552529133710287,0,18.552529133710287,0,0,-0,-1.7029069015174025,0,16.135902575370398,16.135902575370398,0.053786341917901326,0,0,0,20,1.4474708662897129,0,0.84999999999999998,0,1,0,0,0,0
4,0.85499999999999998,171,16.227234985065721,0,0,0,18.544014599202701,0,18.544014599202701,0,0,-0,-1.7029069015174025,0,16.227234985065721,16.227234985065721,0.0540907832835524,0,0,0,20,1.4559854007972994,0,0.85499999999999998,0,1,0,0,0,0
4,0.85999999999999999,172,16.318525468863061,0,0,0,18.535500064695114,0,18.535500064695114,0,0,-0,-1.7029069015174025,0,16.318525468863061,16.318525468863061,0.054395084896210207,0,0,0,20,1.464499935304886,0,0.85999999999999999,0,1,0,0,0,0
4,0.86499999999999999,173,16.40977402676242,0,0,0,18.526985530187527,0,18.526985530187527,0,0,-0,-1.7029069015174025,0,16.40977402676242,16.40977402676242,0.054699246755874738,0,0,0,20,1.4730144698124725,0,0.86499999999999999,0,1,0,0,0,0
4,0.87,174,16.500980658763797,0,0,0,18.518470995679941,0,18.518470995679941,0,0,-0,-1.7029069015174025,0,16.500980658763797,16.500980658763797,0.055003268862545994,0,0,0,20,1.4815290043200591,0,0.87,0,1,0,0,0,0
4,0.875,175,16.592145364867193,0,0,0,18.509956461172354,0,18.509956461172354,0,0,-0,-1.7029069015174025,0,16.592145364867193,16.592145364867193,0.055307151216223975,0,0,0,20,1.4900435388276456,0,0.875,0,1,0,0,0,0
4,0.88,176,16.683268145072606,0,0,0,18.501441926664768,0,18.501441926664768,0,0,-0,-1.7029069015174025,0,16.683268145072606,16.683268145072606,0.055610893816908688,0,0,0,20,1.4985580733352322,0,0.88,0,1,0,0,0,0
4,0.88500000000000001,177,16.774348999380038,0,0,0,18.492927392157181,0,18.492927392157181,0,0,-0,-1.7029069015174025,0,16.774348999380038,16.774348999380038,0.055914496664600126,0,0,0,20,1.5070726078428187,0,0.88500000000000001,0,1,0,0,0,0
4,0.89000000000000001,178,16.865387927789488,0,0,0,18.484412857649595,0,18.484412857649595,0,0,-0,-1.7029069015174025,0,16.865387927789488,16.865387927789488,0.056217959759298296,0,0,0,20,1.5155871423504053,0,0.89000000000000001,0,1,0,0,0,0
4,0.89500000000000002,179,16.956384930300956,0,0,0,18.475898323142008,0,18.475898323142008,0,0,-0,-1.7029069015174025,0,16.956384930300956,16.956384930300956,0.05652128310100319,0,0,0,20,1.5241016768579918,0,0.89500000000000002,0,1,0,0,0,0
4,0.90000000000000002,180,17.047340006914443,0,0,0,18.467383788634422,0,18.467383788634422,0,0,-0,-1.7029069015174025,0,17.047340006914443,17.047340006914443,0.05682446668971481,0,0,0,20,1.5326162113655784,0,0.90000000000000002,0,1,0,0,0,0
4,0.90500000000000003,181,17.138253157629947,0,0,0,18.458869254126835,0,18.458869254126835,0,0,-0,-1.7029069015174025,0,17.138253157629947,17.138253157629947,0.057127510525433155,0,0,0,20,1.5411307458731649,0,0.90500000000000003,0,1,0,0,0,0
4,0.91000000000000003,182,17.22912438244747,0,0,0,18.450354719619249,0,18.450354719619249,0,0,-0,-1.7029069015174025,0,17.22912438244747,17.22912438244747,0.057430414608158231,0,0,0,20,1.5496452803807514,0,0.91000000000000003,0,1,0,0,0,0
4,0.91500000000000004,183,17.319953681367011,0,0,0,18.441840185111662,0,18.441840185111662,0,0,-0,-1.7029069015174025,0,17.319953681367011,17.319953681367011,0.057733178937890033,0,0,0,20,1.558159814888338,0,0.91500000000000004,0,1,0,0,0,0
4,0.92000000000000004,184,17.41074105438857,0,0,0,18.433325650604075,0,18.433325650604075,0,0,-0,-1.7029069015174025,0,17.41074105438857,17.41074105438857,0.058035803514628566,0,0,0,20,1.5666743493959245,0,0.92000000000000004,0,1,0,0,0,0
4,0.92500000000000004,185,17.501486501512147,0,0,0,18.424811116096489,0,18.424811116096489,0,0,-0,-1.7029069015174025,0,17.501486501512147,17.501486501512147,0.058338288338373824,0,0,0,20,1.5751888839035111,0,0.92500000000000004,0,1,0,0,0,0
4,0.93000000000000005,186,17.592190022737743,0,0,0,18.416296581588902,0,18.416296581588902,0,0,-0,-1.7029069015174025,0,17.592190022737743,17.592190022737743,0.058640633409125807,0,0,0,20,1.5837034184110976,0,0.93000000000000005,0,1,0,0,0,0
4,0.93500000000000005,187,17.682851618065357,0,0,0,18.407782047081316,0,18.407782047081316,0,0,-0,-1.7029069015174025,0,17.682851618065357,17.682851618065357,0.058942838726884522,0,0,0,20,1.5922179529186842,0,0.93500000000000005,0,1,0,0,0,0
4,0.94000000000000006,188,17.773471287494989,0,0,0,18.399267512573729,0,18.399267512573729,0,0,-0,-1.7029069015174025,0,17.773471287494989,17.773471287494989,0.059244904291649962,0,0,0,20,1.6007324874262707,0,0.94000000000000006,0,1,0,0,0,0
4,0.94500000000000006,189,17.864049031026639,0,0,0,18.390752978066143,0,18.390752978066143,0,0,-0,-1.7029069015174025,0,17.864049031026639,17.864049031026639,0.059546830103422127,0,0,0,20,1.6092470219338573,0,0.94500000000000006,0,1,0,0,0,0
4,0.95000000000000007,190,17.954584848660307,0,0,0,18.382238443558556,0,18.382238443558556,0,0,-0,-1.7029069015174025,0,17.954584848660307,17.954584848660307,0.059848616162201024,0,0,0,20,1.6177615564414438,0,0.95000000000000007,0,1,0,0,0,0
4,0.95500000000000007,191,18.045078740395994,0,0,0,18.37372390905097,0,18.37372390905097,0,0,-0,-1.7029069015174025,0,18.045078740395994,18.045078740395994,0.060150262467986645,0,0,0,20,1.6262760909490304,0,0.95500000000000007,0,1,0,0,0,0
4,0.95999999999999996,192,18.135530706233698,0,0,0,18.365209374543383,0,18.365209374543383,0,0,-0,-1.7029069015174025,0,18.135530706233698,18.135530706233698,0.060451769020778992,0,0,0,20,1.6347906254566169,0,0.95999999999999996,0,1,0,0,0,0
4,0.96499999999999997,193,18.225940746173421,0,0,0,18.356694840035797,0,18.356694840035797,0,0,-0,-1.7029069015174025,0,18.225940746173421,18.225940746173421,0.060753135820578071,0,0,0,20,1.6433051599642035,0,0.96499999999999997,0,1,0,0,0,0
4,0.96999999999999997,194,18.316308860215162,0,0,0,18.34818030552821,0,18.34818030552821,0,0,-0,-1.7029069015174025,0,18.316308860215162,18.316308860215162,0.061054362867383874,0,0,0,20,1.65181969447179,0,0.96999999999999997,0,1,0,0,0,0
4,0.97499999999999998,195,18.406635048358922,0,0,0,18.339665771020623,0,18.339665771020623,0,0,-0,-1.7029069015174025,0,18.406635048358922,18.406635048358922,0.061355450161196409,0,0,0,20,1.6603342289793765,0,0.97499999999999998,0,1,0,0,0,0
4,0.97999999999999998,196,18.496919310604699,0,0,0,18.331151236513037,0,18.331151236513037,0,0,-0,-1.7029069015174025,0,18.496919310604699,18.496919310604699,0.061656397702015663,0,0,0,20,1.6688487634869631,0,0.97999999999999998,0,1,0,0,0,0
4,0.98499999999999999,197,18.587161646952495,0,0,0,18.32263670200545,0,18.32263670200545,0,0,-0,-1.7029069015174025,0,18.587161646952495,18.587161646952495,0.061957205489841648,0,0,0,20,1.6773632979945496,0,0.98499999999999999,0,1,0,0,0,0
4,0.98999999999999999,198,18.677362057402309,0,0,0,18.314122167497864,0,18.314122167497864,0,0,-0,-1.7029069015174025,0,18.677362057402309,18.677362057402309,0.062257873524674365,0,0,0,20,1.6858778325021362,0,0.98999999999999999,0,1,0,0,0,0
4,0.995,199,18.767520541954141,0,0,0,18.305607632990277,0,18.305607632990277,0,0,-0,-1.7029069015174025,0,18.767520541954141,18.767520541954141,0.0625584018065138,0,0,0,20,1.6943923670097227,0,0.995,0,1,0,0,0,0
4,1,200,18.857637100607992,0,0,0,18.297093098482691,0,18.297093098482691,0,0,-0,-1.7029069015174025,0,18.857637100607992,18.857637100607992,0.062858790335359974,0,0,0,20,1.7029069015173093,0,1,0,1,0,0,0,0
4,1.0050000000000001,201,18.94771173336386,0,0,0,18.288578563975104,0,18.288578563975104,0,0,-0,-1.7029069015174025,0,18.94771173336386,18.94771173336386,0.063159039111212872,0,0,0,20,1.7114214360248958,0,1.0050000000000001,0,1,0,0,0,0
4,1.01,202,19.037744440221747,0,0,0,18.280064029467518,0,18.280064029467518,0,0,-0,-1.7029069015174025,0,19.037744440221747,19.037744440221747,0.063459148134072496,0,0,0,20,1.7199359705324824,0,1.01,0,1,0,0,0,0
4,1.0150000000000001,203,19.127735221181652,0,0,0,18.271549494959931,0,18.271549494959931,0,0,-0,-1.7029069015174025,0,19.127735221181652,19.127735221181652,0.063759117403938845,0,0,0,20,1.7284505050400689,0,1.0150000000000001,0,1,0,0,0,0
4,1.02,204,19.217684076243575,0,0,0,18.263034960452345,0,18.263034960452345,0,0,-0,-1.7029069015174025,0,19.217684076243575,19.217684076243575,0.064058946920811918,0,0,0,20,1.7369650395476555,0,1.02,0,1,0,0,0,0
4,1.0249999999999999,205,19.307591005407517,0,0,0,18.254520425944758,0,18.254520425944758,0,0,-0,-1.7029069015174025,0,19.307591005407517,19.307591005407517,0.064358636684691717,0,0,0,20,1.745479574055242,0,1.0249999999999999,0,1,0,0,0,0
4,1.03,206,19.397456008673476,0,0,0,18.246005891437171,0,18.246005891437171,0,0,-0,-1.7029069015174025,0,19.397456008673476,19.397456008673476,0.064658186695578254,0,0,0,20,1.7539941085628286,0,1.03,0,1,0,0,0,0
4,1.0349999999999999,207,19.487279086041454,0,0,0,18.237491356929585,0,18.237491356929585,0,0,-0,-1.7029069015174025,0,19.487279086041454,19.487279086041454,0.064957596953471516,0,0,0,20,1.7625086430704151,0,1.0349999999999999,0,1,0,0,0,0
4,1.04,208,19.57706023751145,0,0,0,18.228976822421998,0,18.228976822421998,0,0,-0,-1.7029069015174025,0,19.57706023751145,19.57706023751145,0.065256867458371504,0,0,0,20,1.7710231775780017,0,1.04,0,1,0,0,0,0
4,1.0449999999999999,209,19.666799463083464,0,0,0,18.220462287914412,0,18.220462287914412,0,0,-0,-1.7029069015174025,0,19.666799463083464,19.666799463083464,0.065555998210278216,0,0,0,20,1.7795377120855882,0,1.0449999999999999,0,1,0,0,0,0
4,1.05,210,19.756496762757497,0,0,0,18.211947753406825,0,18.211947753406825,0,0,-0,-1.7029069015174025,0,19.756496762757497,19.756496762757497,0.065854989209191653,0,0,0,20,1.7880522465931747,0,1.05,0,1,0,0,0,0
4,1.0549999999999999,211,19.846152136533547,0,0,0,18.203433218899239,0,18.203433218899239,0,0,-0,-1.7029069015174025,0,19.846152136533547,19.846152136533547,0.066153840455111829,0,0,0,20,1.7965667811007613,0,1.0549999999999999,0,1,0,0,0,0
4,1.0600000000000001,212,19.935765584411616,0,0,0,18.194918684391652,0,18.194918684391652,0,0,-0,-1.7029069015174025,0,19.935765584411616,19.935765584411616,0.066452551948038716,0,0,0,20,1.8050813156083478,0,1.0600000000000001,0,1,0,0,0,0
4,1.0649999999999999,213,20.025337106391703,0,0,0,18.186404149884066,0,18.186404149884066,0,0,-0,-1.7029069015174025,0,20.025337106391703,20.025337106391703,0.066751123687972341,0,0,0,20,1.8135958501159344,0,1.0649999999999999,0,1,0,0,0,0
4,1.0700000000000001,214,20.114866702473808,0,0,0,18.177889615376479,0,18.177889615376479,0,0,-0,-1.7029069015174025,0,20.114866702473808,20.114866702473808,0.067049555674912692,0,0,0,20,1.8221103846235209,0,1.0700000000000001,0,1,0,0,0,0
4,1.075,215,20.204354372657932,0,0,0,18.169375080868893,0,18.169375080868893,0,0,-0,-1.7029069015174025,0,20.204354372657932,20.204354372657932,0.067347847908859768,0,0,0,20,1.8306249191311075,0,1.075,0,1,0,0,0,0
4,1.0800000000000001,216,20.293800116944073,0,0,0,18.160860546361306,0,18.160860546361306,0,0,-0,-1.7029069015174025,0,20.293800116944073,20.293800116944073,0.067646000389813582,0,0,0,20,1.839139453638694,0,1.0800000000000001,0,1,0,0,0,0
4,1.085,217,20.383203935332233,0,0,0,18.152346011853719,0,18.152346011853719,0,0,-0,-1.7029069015174025,0,20.383203935332233,20.383203935332233,0.067944013117774107,0,0,0,20,1.8476539881462806,0,1.085,0,1,0,0,0,0
4,1.0900000000000001,218,20.472565827822411,0,0,0,18.143831477346133,0,18.143831477346133,0,0,-0,-1.7029069015174025,0,20.472565827822411,20.472565827822411,0.068241886092741372,0,0,0,20,1.8561685226538671,0,1.0900000000000001,0,1,0,0,0,0
4,1.095,219,20.561885794414607,0,0,0,18.135316942838546,0,18.135316942838546,0,0,-0,-1.7029069015174025,0,20.561885794414607,20.561885794414607,0.068539619314715361,0,0,0,20,1.8646830571614537,0,1.095,0,1,0,0,0,0
4,1.1000000000000001,220,20.651163835108822,0,0,0,18.12680240833096,0,18.12680240833096,0,0,-0,-1.7029069015174025,0,20.651163835108822,20.651163835108822,0.068837212783696075,0,0,0,20,1.8731975916690402,0,1.1000000000000001,0,1,0,0,0,0
4,1.105,221,20.740399949905054,0,0,0,18.118287873823373,0,18.118287873823373,0,0,-0,-1.7029069015174025,0,20.740399949905054,20.740399949905054,0.069134666499683514,0,0,0,20,1.8817121261766268,0,1.105,0,1,0,0,0,0
4,1.1100000000000001,222,20.829594138803305,0,0,0,18.109773339315787,0,18.109773339315787,0,0,-0,-1.7029069015174025,0,20.829594138803305,20.829594138803305,0.069431980462677678,0,0,0,20,1.8902266606842133,0,1.1100000000000001,0,1,0,0,0,0
4,1.115,223,20.918746401803574,0,0,0,18.1012588048082,0,18.1012588048082,0,0,-0,-1.7029069015174025,0,20.918746401803574,20.918746401803574,0.069729154672678581,0,0,0,20,1.8987411951917998,0,1.115,0,1,0,0,0,0
4,1.1200000000000001,224,21.007856738905861,0,0,0,18.092744270300614,0,18.092744270300614,0,0,-0,-1.7029069015174025,0,21.007856738905861,21.007856738905861,0.070026189129686209,0,0,0,20,1.9072557296993864,0,1.1200000000000001,0,1,0,0,0,0
4,1.125,225,21.096925150110167,0,0,0,18.084229735793027,0,18.084229735793027,0,0,-0,-1.7029069015174025,0,21.096925150110167,21.096925150110167,0.070323083833700561,0,0,0,20,1.9157702642069729,0,1.125,0,1,0,0,0,0
4,1.1300000000000001,226,21.18595163541649,0,0,0,18.075715201285441,0,18.075715201285441,0,0,-0,-1.7029069015174025,0,21.18595163541649,21.18595163541649,0.070619838784721639,0,0,0,20,1.9242847987145595,0,1.1300000000000001,0,1,0,0,0,0
4,1.135,227,21.274936194824832,0,0,0,18.067200666777854,0,18.067200666777854,0,0,-0,-1.7029069015174025,0,21.274936194824832,21.274936194824832,0.070916453982749442,0,0,0,20,1.932799333222146,0,1.135,0,1,0,0,0,0
4,1.1400000000000001,228,21.363878828335192,0,0,0,18.058686132270267,0,18.058686132270267,0,0,-0,-1.7029069015174025,0,21.363878828335192,21.363878828335192,0.071212929427783969,0,0,0,20,1.9413138677297326,0,1.1400000000000001,0,1,0,0,0,0
4,1.145,229,21.45277953594757,0,0,0,18.050171597762681,0,18.050171597762681,0,0,-0,-1.7029069015174025,0,21.45277953594757,21.45277953594757,0.071509265119825235,0,0,0,20,1.9498284022373191,0,1.145,0,1,0,0,0,0
4,1.1500000000000001,230,21.541638317661967,0,0,0,18.041657063255094,0,18.041657063255094,0,0,-0,-1.7029069015174025,0,21.541638317661967,21.541638317661967,0.071805461058873227,0,0,0,20,1.9583429367449057,0,1.1500000000000001,0,1,0,0,0,0
4,1.155,231,21.630455173478381,0,0,0,18.033142528747508,0,18.033142528747508,0,0,-0,-1.7029069015174025,0,21.630455173478381,21.630455173478381,0.072101517244927943,0,0,0,20,1.9668574712524922,0,1.155,0,1,0,0,0,0
4,1.1599999999999999,232,21.719230103396814,0,0,0,18.024627994239921,0,18.024627994239921,0,0,-0,-1.7029069015174025,0,21.719230103396814,21.719230103396814,0.072397433677989384,0,0,0,20,1.9753720057600788,0,1.1599999999999999,0,1,0,0,0,0
4,1.165,233,21.807963107417265,0,0,0,18.016113459732335,0,18.016113459732335,0,0,-0,-1.7029069015174025,0,21.807963107417265,21.807963107417265,0.07269321035805755,0,0,0,20,1.9838865402676653,0,1.165,0,1,0,0,0,0
4,1.1699999999999999,234,21.896654185539735,0,0,0,18.007598925224748,0,18.007598925224748,0,0,-0,-1.7029069015174025,0,21.896654185539735,21.896654185539735,0.072988847285132455,0,0,0,20,1.9924010747752519,0,1.1699999999999999,0,1,0,0,0,0
4,1.175,235,21.985303337764222,0,0,0,17.999084390717162,0,17.999084390717162,0,0,-0,-1.7029069015174025,0,21.985303337764222,21.985303337764222,0.073284344459214071,0,0,0,20,2.0009156092828384,0,1.175,0,1,0,0,0,0
4,1.1799999999999999,236,22.073910564090728,0,0,0,17.990569856209575,0,17.990569856209575,0,0,-0,-1.7029069015174025,0,22.073910564090728,22.073910564090728,0.073579701880302426,0,0,0,20,2.0094301437904249,0,1.1799999999999999,0,1,0,0,0,0
4,1.1850000000000001,237,22.162475864519251,0,0,0,17.982055321701989,0,17.982055321701989,0,0,-0,-1.7029069015174025,0,22.162475864519251,22.162475864519251,0.073874919548397505,0,0,0,20,2.0179446782980115,0,1.1850000000000001,0,1,0,0,0,0
4,1.1899999999999999,238,22.250999239049793,0,0,0,17.973540787194402,0,17.973540787194402,0,0,-0,-1.7029069015174025,0,22.250999239049793,22.250999239049793,0.07416999746349931,0,0,0,20,2.026459212805598,0,1.1899999999999999,0,1,0,0,0,0
4,1.1950000000000001,239,22.339480687682354,0,0,0,17.965026252686815,0,17.965026252686815,0,0,-0,-1.7029069015174025,0,22.339480687682354,22.339480687682354,0.074464935625607839,0,0,0,20,2.0349737473131846,0,1.1950000000000001,0,1,0,0,0,0
4,1.2,240,22.427920210416932,0,0,0,17.956511718179229,0,17.956511718179229,0,0,-0,-1.7029069015174025,0,22.427920210416932,22.427920210416932,0.074759734034723108,0,0,0,20,2.0434882818207711,0,1.2,0,1,0,0,0,0
4,1.2050000000000001,241,22.516317807253529,0,0,0,17.947997183671642,0,17.947997183671642,0,0,-0,-1.7029069015174025,0,22.516317807253529,22.516317807253529,0.075054392690845101,0,0,0,20,2.0520028163283577,0,1.2050000000000001,0,1,0,0,0,0
4,1.21,242,22.604673478192144,0,0,0,17.939482649164056,0,17.939482649164056,0,0,-0,-1.7029069015174025,0,22.604673478192144,22.604673478192144,0.075348911593973819,0,0,0,20,2.0605173508359442,0,1.21,0,1,0,0,0,0
4,1.2150000000000001,243,22.692987223232777,0,0,0,17.930968114656469,0,17.930968114656469,0,0,-0,-1.7029069015174025,0,22.692987223232777,22.692987223232777,0.075643290744109262,0,0,0,20,2.0690318853435308,0,1.2150000000000001,0,1,0,0,0,0
4,1.22,244,22.781259042375428,0,0,0,17.922453580148883,0,17.922453580148883,0,0,-0,-1.7029069015174025,0,22.781259042375428,22.781259042375428,0.07593753014125143,0,0,0,20,2.0775464198511173,0,1.22,0,1,0,0,0,0
4,1.2250000000000001,245,22.869488935620097,0,0,0,17.913939045641296,0,17.913939045641296,0,0,-0,-1.7029069015174025,0,22.869488935620097,22.869488935620097,0.076231629785400323,0,0,0,20,2.0860609543587039,0,1.2250000000000001,0,1,0,0,0,0
4,1.23,246,22.957676902966785,0,0,0,17.90542451113371,0,17.90542451113371,0,0,-0,-1.7029069015174025,0,22.957676902966785,22.957676902966785,0.076525589676555955,0,0,0,20,2.0945754888662904,0,1.23,0,1,0,0,0,0
4,1.2350000000000001,247,23.045822944415491,0,0,0,17.896909976626123,0,17.896909976626123,0,0,-0,-1.7029069015174025,0,23.045822944415491,23.045822944415491,0.076819409814718298,0,0,0,20,2.103090023373877,0,1.2350000000000001,0,1,0,0,0,0
4,1.24,248,23.133927059966215,0,0,0,17.888395442118536,0,17.888395442118536,0,0,-0,-1.7029069015174025,0,23.133927059966215,23.133927059966215,0.07711309019988738,0,0,0,20,2.1116045578814635,0,1.24,0,1,0,0,0,0
4,1.2450000000000001,249,23.221989249618957,0,0,0,17.87988090761095,0,17.87988090761095,0,0,-0,-1.7029069015174025,0,23.221989249618957,23.221989249618957,0.077406630832063186,0,0,0,20,2.1201190923890501,0,1.2450000000000001,0,1,0,0,0,0
4,1.25,250,23.310009513373718,0,0,0,17.871366373103363,0,17.871366373103363,0,0,-0,-1.7029069015174025,0,23.310009513373718,23.310009513373718,0.077700031711245732,0,0,0,20,2.1286336268966366,0,1.25,0,1,0,0,0,0
4,1.2550000000000001,251,23.397987851230496,0,0,0,17.862851838595777,0,17.862851838595777,0,0,-0,-1.7029069015174025,0,23.397987851230496,23.397987851230496,0.077993292837434988,0,0,0,20,2.1371481614042231,0,1.2550000000000001,0,1,0,0,0,0
4,1.26,252,23.485924263189293,0,0,0,17.85433730408819,0,17.85433730408819,0,0,-0,-1.7029069015174025,0,23.485924263189293,23.485924263189293,0.078286414210630983,0,0,0,20,2.1456626959118097,0,1.26,0,1,0,0,0,0
4,1.2650000000000001,253,23.573818749250108,0,0,0,17.845822769580604,0,17.845822769580604,0,0,-0,-1.7029069015174025,0,23.573818749250108,23.573818749250108,0.07857939583083369,0,0,0,20,2.1541772304193962,0,1.2650000000000001,0,1,0,0,0,0
4,1.27,254,23.661671309412942,0,0,0,17.837308235073017,0,17.837308235073017,0,0,-0,-1.7029069015174025,0,23.661671309412942,23.661671309412942,0.078872237698043135,0,0,0,20,2.1626917649269828,0,1.27,0,1,0,0,0,0
4,1.2750000000000001,255,23.749481943677793,0,0,0,17.828793700565431,0,17.828793700565431,0,0,-0,-1.7029069015174025,0,23.749481943677793,23.749481943677793,0.079164939812259305,0,0,0,20,2.1712062994345693,0,1.2750000000000001,0,1,0,0,0,0
4,1.28,256,23.837250652044663,0,0,0,17.820279166057844,0,17.820279166057844,0,0,-0,-1.7029069015174025,0,23.837250652044663,23.837250652044663,0.079457502173482214,0,0,0,20,2.1797208339421559,0,1.28,0,1,0,0,0,0
4,1.2849999999999999,257,23.924977434513551,0,0,0,17.811764631550258,0,17.811764631550258,0,0,-0,-1.7029069015174025,0,23.924977434513551,23.924977434513551,0.079749924781711834,0,0,0,20,2.1882353684497424,0,1.2849999999999999,0,1,0,0,0,0
4,1.29,258,24.012662291084457,0,0,0,17.803250097042671,0,17.803250097042671,0,0,-0,-1.7029069015174025,0,24.012662291084457,24.012662291084457,0.080042207636948193,0,0,0,20,2.196749902957329,0,1.29,0,1,0,0,0,0
4,1.2949999999999999,259,24.100305221757381,0,0,0,17.794735562535084,0,17.794735562535084,0,0,-0,-1.7029069015174025,0,24.100305221757381,24.100305221757381,0.080334350739191276,0,0,0,20,2.2052644374649155,0,1.2949999999999999,0,1,0,0,0,0
4,1.3,260,24.187906226532323,0,0,0,17.786221028027498,0,17.786221028027498,0,0,-0,-1.7029069015174025,0,24.187906226532323,24.187906226532323,0.080626354088441085,0,0,0,20,2.2137789719725021,0,1.3,0,1,0,0,0,0
4,1.3049999999999999,261,24.275465305409284,0,0,0,17.777706493519911,0,17.777706493519911,0,0,-0,-1.7029069015174025,0,24.275465305409284,24.275465305409284,0.080918217684697619,0,0,0,20,2.2222935064800886,0,1.3049999999999999,0,1,0,0,0,0
4,1.3100000000000001,262,24.362982458388263,0,0,0,17.769191959012325,0,17.769191959012325,0,0,-0,-1.7029069015174025,0,24.362982458388263,24.362982458388263,0.081209941527960877,0,0,0,20,2.2308080409876752,0,1.3100000000000001,0,1,0,0,0,0
4,1.3149999999999999,263,24.45045768546926,0,0,0,17.760677424504738,0,17.760677424504738,0,0,-0,-1.7029069015174025,0,24.45045768546926,24.45045768546926,0.081501525618230861,0,0,0,20,2.2393225754952617,0,1.3149999999999999,0,1,0,0,0,0
4,1.3200000000000001,264,24.537890986652275,0,0,0,17.752162889997152,0,17.752162889997152,0,0,-0,-1.7029069015174025,0,24.537890986652275,24.537890986652275,0.081792969955507583,0,0,0,20,2.2478371100028482,0,1.3200000000000001,0,1,0,0,0,0
4,1.325,265,24.625282361937309,0,0,0,17.743648355489565,0,17.743648355489565,0,0,-0,-1.7029069015174025,0,24.625282361937309,24.625282361937309,0.08208427453979103,0,0,0,20,2.2563516445104348,0,1.325,0,1,0,0,0,0
4,1.3300000000000001,266,24.712631811324361,0,0,0,17.735133820981979,0,17.735133820981979,0,0,-0,-1.7029069015174025,0,24.712631811324361,24.712631811324361,0.082375439371081202,0,0,0,20,2.2648661790180213,0,1.3300000000000001,0,1,0,0,0,0
4,1.335,267,24.79993933481343,0,0,0,17.726619286474392,0,17.726619286474392,0,0,-0,-1.7029069015174025,0,24.79993933481343,24.79993933481343,0.082666464449378099,0,0,0,20,2.2733807135256079,0,1.335,0,1,0,0,0,0
4,1.3400000000000001,268,24.887204932404519,0,0,0,17.718104751966806,0,17.718104751966806,0,0,-0,-1.7029069015174025,0,24.887204932404519,24.887204932404519,0.082957349774681735,0,0,0,20,2.2818952480331944,0,1.3400000000000001,0,1,0,0,0,0
4,1.345,269,24.974428604097625,0,0,0,17.709590217459219,0,17.709590217459219,0,0,-0,-1.7029069015174025,0,24.974428604097625,24.974428604097625,0.083248095346992082,0,0,0,20,2.290409782540781,0,1.345,0,1,0,0,0,0
4,1.3500000000000001,270,25.061610349892749,0,0,0,17.701075682951632,0,17.701075682951632,0,0,-0,-1.7029069015174025,0,25.061610349892749,25.061610349892749,0.083538701166309168,0,0,0,20,2.2989243170483675,0,1.3500000000000001,0,1,0,0,0,0
4,1.355,271,25.148750169789892,0,0,0,17.692561148444046,0,17.692561148444046,0,0,-0,-1.7029069015174025,0,25.148750169789892,25.148750169789892,0.083829167232632978,0,0,0,20,2.3074388515559541,0,1.355,0,1,0,0,0,0
4,1.3600000000000001,272,25.235848063789053,0,0,0,17.684046613936459,0,17.684046613936459,0,0,-0,-1.7029069015174025,0,25.235848063789053,25.235848063789053,0.084119493545963514,0,0,0,20,2.3159533860635406,0,1.3600000000000001,0,1,0,0,0,0
4,1.365,273,25.322904031890232,0,0,0,17.675532079428873,0,17.675532079428873,0,0,-0,-1.7029069015174025,0,25.322904031890232,25.322904031890232,0.084409680106300775,0,0,0,20,2.3244679205711272,0,1.365,0,1,0,0,0,0
4,1.3700000000000001,274,25.409918074093429,0,0,0,17.667017544921286,0,17.667017544921286,0,0,-0,-1.7029069015174025,0,25.409918074093429,25.409918074093429,0.08469972691364476,0,0,0,20,2.3329824550787137,0,1.3700000000000001,0,1,0,0,0,0
4,1.375,275,25.496890190398645,0,0,0,17.6585030104137,0,17.6585030104137,0,0,-0,-1.7029069015174025,0,25.496890190398645,25.496890190398645,0.084989633967995484,0,0,0,20,2.3414969895863003,0,1.375,0,1,0,0,0,0
4,1.3800000000000001,276,25.583820380805879,0,0,0,17.649988475906113,0,17.649988475906113,0,0,-0,-1.7029069015174025,0,25.583820380805879,25.583820380805879,0.085279401269352934,0,0,0,20,2.3500115240938868,0,1.3800000000000001,0,1,0,0,0,0
4,1.385,277,25.670708645315131,0,0,0,17.641473941398527,0,17.641473941398527,0,0,-0,-1.7029069015174025,0,25.670708645315131,25.670708645315131,0.085569028817717108,0,0,0,20,2.3585260586014734,0,1.385,0,1,0,0,0,0
4,1.3900000000000001,278,25.757554983926401,0,0,0,17.63295940689094,0,17.63295940689094,0,0,-0,-1.7029069015174025,0,25.757554983926401,25.757554983926401,0.085858516613088007,0,0,0,20,2.3670405931090599,0,1.3900000000000001,0,1,0,0,0,0
4,1.395,279,25.844359396639689,0,0,0,17.624444872383354,0,17.624444872383354,0,0,-0,-1.7029069015174025,0,25.844359396639689,25.844359396639689,0.086147864655465631,0,0,0,20,2.3755551276166464,0,1.395,0,1,0,0,0,0
4,1.4000000000000001,280,25.931121883454995,0,0,0,17.615930337875767,0,17.615930337875767,0,0,-0,-1.7029069015174025,0,25.931121883454995,25.931121883454995,0.08643707294484998,0,0,0,20,2.384069662124233,0,1.4000000000000001,0,1,0,0,0,0
4,1.405,281,26.01784244437232,0,0,0,17.60741580336818,0,17.60741580336818,0,0,-0,-1.7029069015174025,0,26.01784244437232,26.01784244437232,0.086726141481241067,0,0,0,20,2.3925841966318195,0,1.405,0,1,0,0,0,0
4,1.4099999999999999,282,26.104521079391663,0,0,0,17.598901268860594,0,17.598901268860594,0,0,-0,-1.7029069015174025,0,26.104521079391663,26.104521079391663,0.08701507026463888,0,0,0,20,2.4010987311394061,0,1.4099999999999999,0,1,0,0,0,0
4,1.415,283,26.191157788513024,0,0,0,17.590386734353007,0,17.590386734353007,0,0,-0,-1.7029069015174025,0,26.191157788513024,26.191157788513024,0.087303859295043418,0,0,0,20,2.4096132656469926,0,1.415,0,1,0,0,0,0
4,1.4199999999999999,284,26.277752571736404,0,0,0,17.581872199845421,0,17.581872199845421,0,0,-0,-1.7029069015174025,0,26.277752571736404,26.277752571736404,0.08759250857245468,0,0,0,20,2.4181278001545792,0,1.4199999999999999,0,1,0,0,0,0
4,1.425,285,26.364305429061801,0,0,0,17.573357665337834,0,17.573357665337834,0,0,-0,-1.7029069015174025,0,26.364305429061801,26.364305429061801,0.087881018096872668,0,0,0,20,2.4266423346621657,0,1.425,0,1,0,0,0,0
4,1.4299999999999999,286,26.450816360489217,0,0,0,17.564843130830248,0,17.564843130830248,0,0,-0,-1.7029069015174025,0,26.450816360489217,26.450816360489217,0.088169387868297394,0,0,0,20,2.4351568691697523,0,1.4299999999999999,0,1,0,0,0,0
4,1.4350000000000001,287,26.537285366018651,0,0,0,17.556328596322661,0,17.556328596322661,0,0,-0,-1.7029069015174025,0,26.537285366018651,26.537285366018651,0.088457617886728832,0,0,0,20,2.4436714036773388,0,1.4350000000000001,0,1,0,0,0,0
4,1.4399999999999999,288,26.623712445650103,0,0,0,17.547814061815075,0,17.547814061815075,0,0,-0,-1.7029069015174025,0,26.623712445650103,26.623712445650103,0.088745708152167008,0,0,0,20,2.4521859381849254,0,1.4399999999999999,0,1,0,0,0,0
4,1.4450000000000001,289,26.710097599383573,0,0,0,17.539299527307488,0,17.539299527307488,0,0,-0,-1.7029069015174025,0,26.710097599383573,26.710097599383573,0.089033658664611909,0,0,0,20,2.4607004726925119,0,1.4450000000000001,0,1,0,0,0,0
4,1.45,290,26.796440827219062,0,0,0,17.530784992799902,0,17.530784992799902,0,0,-0,-1.7029069015174025,0,26.796440827219062,26.796440827219062,0.089321469424063535,0,0,0,20,2.4692150072000985,0,1.45,0,1,0,0,0,0
4,1.4550000000000001,291,26.882742129156568,0,0,0,17.522270458292315,0,17.522270458292315,0,0,-0,-1.7029069015174025,0,26.882742129156568,26.882742129156568,0.0896091404305219,0,0,0,20,2.477729541707685,0,1.4550000000000001,0,1,0,0,0,0
4,1.46,292,26.969001505196093,0,0,0,17.513755923784728,0,17.513755923784728,0,0,-0,-1.7029069015174025,0,26.969001505196093,26.969001505196093,0.089896671683986976,0,0,0,20,2.4862440762152715,0,1.46,0,1,0,0,0,0
4,1.4650000000000001,293,27.055218955337637,0,0,0,17.505241389277142,0,17.505241389277142,0,0,-0,-1.7029069015174025,0,27.055218955337637,27.055218955337637,0.09018406318445879,0,0,0,20,2.4947586107228581,0,1.4650000000000001,0,1,0,0,0,0
4,1.47,294,27.141394479581198,0,0,0,17.496726854769555,0,17.496726854769555,0,0,-0,-1.7029069015174025,0,27.141394479581198,27.141394479581198,0.09047131493193733,0,0,0,20,2.5032731452304446,0,1.47,0,1,0,0,0,0
4,1.4750000000000001,295,27.227528077926777,0,0,0,17.488212320261969,0,17.488212320261969,0,0,-0,-1.7029069015174025,0,27.227528077926777,27.227528077926777,0.090758426926422595,0,0,0,20,2.5117876797380312,0,1.4750000000000001,0,1,0,0,0,0
4,1.48,296,27.313619750374375,0,0,0,17.479697785754382,0,17.479697785754382,0,0,-0,-1.7029069015174025,0,27.313619750374375,27.313619750374375,0.091045399167914584,0,0,0,20,2.5203022142456177,0,1.48,0,1,0,0,0,0
4,1.4850000000000001,297,27.399669496923991,0,0,0,17.471183251246796,0,17.471183251246796,0,0,-0,-1.7029069015174025,0,27.399669496923991,27.399669496923991,0.091332231656413299,0,0,0,20,2.5288167487532043,0,1.4850000000000001,0,1,0,0,0,0
4,1.49,298,27.485677317575625,0,0,0,17.462668716739209,0,17.462668716739209,0,0,-0,-1.7029069015174025,0,27.485677317575625,27.485677317575625,0.091618924391918752,0,0,0,20,2.5373312832607908,0,1.49,0,1,0,0,0,0
4,1.4950000000000001,299,27.571643212329278,0,0,0,17.454154182231623,0,17.454154182231623,0,0,-0,-1.7029069015174025,0,27.571643212329278,27.571643212329278,0.09190547737443093,0,0,0,20,2.5458458177683774,0,1.4950000000000001,0,1,0,0,0,0
4,1.5,300,27.657567181184948,0,0,0,17.445639647724036,0,17.445639647724036,0,0,-0,-1.7029069015174025,0,27.657567181184948,27.657567181184948,0.092191890603949833,0,0,0,20,2.5543603522759639,0,1.5,0,1,0,0,0,0
4,1.5050000000000001,301,27.743449224142637,0,0,0,17.43712511321645,0,17.43712511321645,0,0,-0,-1.7029069015174025,0,27.743449224142637,27.743449224142637,0.092478164080475461,0,0,0,20,2.5628748867835505,0,1.5050000000000001,0,1,0,0,0,0
4,1.51,302,27.829289341202344,0,0,0,17.428610578708863,0,17.428610578708863,0,0,-0,-1.7029069015174025,0,27.829289341202344,27.829289341202344,0.092764297804007814,0,0,0,20,2.571389421291137,0,1.51,0,1,0,0,0,0
4,1.5150000000000001,303,27.915087532364069,0,0,0,17.420096044201276,0,17.420096044201276,0,0,-0,-1.7029069015174025,0,27.915087532364069,27.915087532364069,0.093050291774546892,0,0,0,20,2.5799039557987236,0,1.5150000000000001,0,1,0,0,0,0
4,1.52,304,28.000843797627812,0,0,0,17.41158150969369,0,17.41158150969369,0,0,-0,-1.7029069015174025,0,28.000843797627812,28.000843797627812,0.093336145992092709,0,0,0,20,2.5884184903063101,0,1.52,0,1,0,0,0,0
4,1.5250000000000001,305,28.086558136993574,0,0,0,17.403066975186103,0,17.403066975186103,0,0,-0,-1.7029069015174025,0,28.086558136993574,28.086558136993574,0.093621860456645251,0,0,0,20,2.5969330248138967,0,1.5250000000000001,0,1,0,0,0,0
4,1.53,306,28.172230550461354,0,0,0,17.394552440678517,0,17.394552440678517,0,0,-0,-1.7029069015174025,0,28.172230550461354,28.172230550461354,0.093907435168204517,0,0,0,20,2.6054475593214832,0,1.53,0,1,0,0,0,0
4,1.5350000000000001,307,28.257861038031152,0,0,0,17.38603790617093,0,17.38603790617093,0,0,-0,-1.7029069015174025,0,28.257861038031152,28.257861038031152,0.094192870126770509,0,0,0,20,2.6139620938290697,0,1.5350000000000001,0,1,0,0,0,0
4,1.54,308,28.343449599702968,0,0,0,17.377523371663344,0,17.377523371663344,0,0,-0,-1.7029069015174025,0,28.343449599702968,28.343449599702968,0.094478165332343225,0,0,0,20,2.6224766283366563,0,1.54,0,1,0,0,0,0
4,1.5449999999999999,309,28.428996235476802,0,0,0,17.369008837155757,0,17.369008837155757,0,0,-0,-1.7029069015174025,0,28.428996235476802,28.428996235476802,0.094763320784922681,0,0,0,20,2.6309911628442428,0,1.5449999999999999,0,1,0,0,0,0
4,1.55,310,28.514500945352655,0,0,0,17.360494302648171,0,17.360494302648171,0,0,-0,-1.7029069015174025,0,28.514500945352655,28.514500945352655,0.095048336484508847,0,0,0,20,2.6395056973518294,0,1.55,0,1,0,0,0,0
4,1.5549999999999999,311,28.599963729330526,0,0,0,17.351979768140584,0,17.351979768140584,0,0,-0,-1.7029069015174025,0,28.599963729330526,28.599963729330526,0.095333212431101752,0,0,0,20,2.6480202318594159,0,1.5549999999999999,0,1,0,0,0,0
4,1.5600000000000001,312,28.685384587410415,0,0,0,17.343465233632998,0,17.343465233632998,0,0,-0,-1.7029069015174025,0,28.685384587410415,28.685384587410415,0.095617948624701382,0,0,0,20,2.6565347663670025,0,1.5600000000000001,0,1,0,0,0,0
4,1.5649999999999999,313,28.770763519592322,0,0,0,17.334950699125411,0,17.334950699125411,0,0,-0,-1.7029069015174025,0,28.770763519592322,28.770763519592322,0.095902545065307737,0,0,0,20,2.665049300874589,0,1.5649999999999999,0,1,0,0,0,0
4,1.5700000000000001,314,28.856100525876247,0,0,0,17.326436164617824,0,17.326436164617824,0,0,-0,-1.7029069015174025,0,28.856100525876247,28.856100525876247,0.096187001752920817,0,0,0,20,2.6735638353821756,0,1.5700000000000001,0,1,0,0,0,0
4,1.575,315,28.941395606262191,0,0,0,17.317921630110238,0,17.317921630110238,0,0,-0,-1.7029069015174025,0,28.941395606262191,28.941395606262191,0.096471318687540636,0,0,0,20,2.6820783698897621,0,1.575,0,1,0,0,0,0
4,1.5800000000000001,316,29.026648760750152,0,0,0,17.309407095602651,0,17.309407095602651,0,0,-0,-1.7029069015174025,0,29.026648760750152,29.026648760750152,0.09675549586916718,0,0,0,20,2.6905929043973487,0,1.5800000000000001,0,1,0,0,0,0
4,1.585,317,29.111859989340132,0,0,0,17.300892561095065,0,17.300892561095065,0,0,-0,-1.7029069015174025,0,29.111859989340132,29.111859989340132,0.097039533297800448,0,0,0,20,2.6991074389049352,0,1.585,0,1,0,0,0,0
4,1.5900000000000001,318,29.197029292032131,0,0,0,17.292378026587478,0,17.292378026587478,0,0,-0,-1.7029069015174025,0,29.197029292032131,29.197029292032131,0.097323430973440442,0,0,0,20,2.7076219734125218,0,1.5900000000000001,0,1,0,0,0,0
4,1.595,319,29.282156668826147,0,0,0,17.283863492079892,0,17.283863492079892,0,0,-0,-1.7029069015174025,0,29.282156668826147,29.282156668826147,0.09760718889608716,0,0,0,20,2.7161365079201083,0,1.595,0,1,0,0,0,0
4,1.6000000000000001,320,29.367242119722182,0,0,0,17.275348957572305,0,17.275348957572305,0,0,-0,-1.7029069015174025,0,29.367242119722182,29.367242119722182,0.097890807065740604,0,0,0,20,2.7246510424276948,0,1.6000000000000001,0,1,0,0,0,0
4,1.605,321,29.452285644720234,0,0,0,17.266834423064719,0,17.266834423064719,0,0,-0,-1.7029069015174025,0,29.452285644720234,29.452285644720234,0.098174285482400786,0,0,0,20,2.7331655769352814,0,1.605,0,1,0,0,0,0
4,1.6100000000000001,322,29.537287243820305,0,0,0,17.258319888557132,0,17.258319888557132,0,0,-0,-1.7029069015174025,0,29.537287243820305,29.537287243820305,0.098457624146067679,0,0,0,20,2.7416801114428679,0,1.6100000000000001,0,1,0,0,0,0
4,1.615,323,29.622246917022395,0,0,0,17.249805354049546,0,17.249805354049546,0,0,-0,-1.7029069015174025,0,29.622246917022395,29.622246917022395,0.098740823056741311,0,0,0,20,2.7501946459504545,0,1.615,0,1,0,0,0,0
4,1.6200000000000001,324,29.707164664326502,0,0,0,17.241290819541959,0,17.241290819541959,0,0,-0,-1.7029069015174025,0,29.707164664326502,29.707164664326502,0.099023882214421668,0,0,0,20,2.758709180458041,0,1.6200000000000001,0,1,0,0,0,0
4,1.625,325,29.792040485732628,0,0,0,17.232776285034372,0,17.232776285034372,0,0,-0,-1.7029069015174025,0,29.792040485732628,29.792040485732628,0.099306801619108764,0,0,0,20,2.7672237149656276,0,1.625,0,1,0,0,0,0
4,1.6300000000000001,326,29.876874381240771,0,0,0,17.224261750526786,0,17.224261750526786,0,0,-0,-1.7029069015174025,0,29.876874381240771,29.876874381240771,0.099589581270802571,0,0,0,20,2.7757382494732141,0,1.6300000000000001,0,1,0,0,0,0
4,1.635,327,29.961666350850933,0,0,0,17.215747216019199,0,17.215747216019199,0,0,-0,-1.7029069015174025,0,29.961666350850933,29.961666350850933,0.099872221169503117,0,0,0,20,2.7842527839808007,0,1.635,0,1,0,0,0,0
4,1.6400000000000001,328,30.046416394563114,0,0,0,17.207232681511613,0,17.207232681511613,0,0,-0,-1.7029069015174025,0,30.046416394563114,30.046416394563114,0.10015472131521037,0,0,0,20,2.7927673184883872,0,1.6400000000000001,0,1,0,0,0,0
4,1.645,329,30.131124512377312,0,0,0,17.198718147004026,0,17.198718147004026,0,0,-0,-1.7029069015174025,0,30.131124512377312,30.131124512377312,0.10043708170792437,0,0,0,20,2.8012818529959738,0,1.645,0,1,0,0,0,0
4,1.6500000000000001,330,30.215790704293529,0,0,0,17.19020361249644,0,17.19020361249644,0,0,-0,-1.7029069015174025,0,30.215790704293529,30.215790704293529,0.10071930234764509,0,0,0,20,2.8097963875035603,0,1.6500000000000001,0,1,0,0,0,0
4,1.655,331,30.300414970311763,0,0,0,17.181689077988853,0,17.181689077988853,0,0,-0,-1.7029069015174025,0,30.300414970311763,30.300414970311763,0.10100138323437255,0,0,0,20,2.8183109220111469,0,1.655,0,1,0,0,0,0
4,1.6600000000000001,332,30.384997310432016,0,0,0,17.173174543481267,0,17.173174543481267,0,0,-0,-1.7029069015174025,0,30.384997310432016,30.384997310432016,0.10128332436810672,0,0,0,20,2.8268254565187334,0,1.6600000000000001,0,1,0,0,0,0
4,1.665,333,30.469537724654288,0,0,0,17.16466000897368,0,17.16466000897368,0,0,-0,-1.7029069015174025,0,30.469537724654288,30.469537724654288,0.10156512574884763,0,0,0,20,2.83533999102632,0,1.665,0,1,0,0,0,0
4,1.6699999999999999,334,30.554036212978577,0,0,0,17.156145474466094,0,17.156145474466094,0,0,-0,-1.7029069015174025,0,30.554036212978577,30.554036212978577,0.10184678737659526,0,0,0,20,2.8438545255339065,0,1.6699999999999999,0,1,0,0,0,0
4,1.675,335,30.638492775404885,0,0,0,17.147630939958507,0,17.147630939958507,0,0,-0,-1.7029069015174025,0,30.638492775404885,30.638492775404885,0.10212830925134962,0,0,0,20,2.852369060041493,0,1.675,0,1,0,0,0,0
4,1.6799999999999999,336,30.72290741193321,0,0,0,17.13911640545092,0,17.13911640545092,0,0,-0,-1.7029069015174025,0,30.72290741193321,30.72290741193321,0.10240969137311071,0,0,0,20,2.8608835945490796,0,1.6799999999999999,0,1,0,0,0,0
4,1.6850000000000001,337,30.807280122563554,0,0,0,17.130601870943334,0,17.130601870943334,0,0,-0,-1.7029069015174025,0,30.807280122563554,30.807280122563554,0.10269093374187852,0,0,0,20,2.8693981290566661,0,1.6850000000000001,0,1,0,0,0,0
4,1.6899999999999999,338,30.891610907295917,0,0,0,17.122087336435747,0,17.122087336435747,0,0,-0,-1.7029069015174025,0,30.891610907295917,30.891610907295917,0.10297203635765305,0,0,0,20,2.8779126635642527,0,1.6899999999999999,0,1,0,0,0,0
4,1.6950000000000001,339,30.975899766130297,0,0,0,17.113572801928161,0,17.113572801928161,0,0,-0,-1.7029069015174025,0,30.975899766130297,30.975899766130297,0.10325299922043432,0,0,0,20,2.8864271980718392,0,1.6950000000000001,0,1,0,0,0,0
4,1.7,340,31.060146699066696,0,0,0,17.105058267420574,0,17.105058267420574,0,0,-0,-1.7029069015174025,0,31.060146699066696,31.060146699066696,0.10353382233022232,0,0,0,20,2.8949417325794258,0,1.7,0,1,0,0,0,0
4,1.7050000000000001,341,31.144351706105112,0,0,0,17.096543732912988,0,17.096543732912988,0,0,-0,-1.7029069015174025,0,31.144351706105112,31.144351706105112,0.10381450568701704,0,0,0,20,2.9034562670870123,0,1.7050000000000001,0,1,0,0,0,0
4,1.71,342,31.228514787245548,0,0,0,17.088029198405401,0,17.088029198405401,0,0,-0,-1.7029069015174025,0,31.228514787245548,31.228514787245548,0.10409504929081849,0,0,0,20,2.9119708015945989,0,1.71,0,1,0,0,0,0
4,1.7150000000000001,343,31.312635942488001,0,0,0,17.079514663897815,0,17.079514663897815,0,0,-0,-1.7029069015174025,0,31.312635942488001,31.312635942488001,0.10437545314162668,0,0,0,20,2.9204853361021854,0,1.7150000000000001,0,1,0,0,0,0
4,1.72,344,31.396715171832472,0,0,0,17.071000129390228,0,17.071000129390228,0,0,-0,-1.7029069015174025,0,31.396715171832472,31.396715171832472,0.10465571723944157,0,0,0,20,2.928999870609772,0,1.72,0,1,0,0,0,0
4,1.7250000000000001,345,31.480752475278962,0,0,0,17.062485594882641,0,17.062485594882641,0,0,-0,-1.7029069015174025,0,31.480752475278962,31.480752475278962,0.10493584158426321,0,0,0,20,2.9375144051173585,0,1.7250000000000001,0,1,0,0,0,0
4,1.73,346,31.56474785282747,0,0,0,17.053971060375055,0,17.053971060375055,0,0,-0,-1.7029069015174025,0,31.56474785282747,31.56474785282747,0.10521582617609157,0,0,0,20,2.9460289396249451,0,1.73,0,1,0,0,0,0
4,1.7350000000000001,347,31.648701304477996,0,0,0,17.045456525867468,0,17.045456525867468,0,0,-0,-1.7029069015174025,0,31.648701304477996,31.648701304477996,0.10549567101492666,0,0,0,20,2.9545434741325316,0,1.7350000000000001,0,1,0,0,0,0
4,1.74,348,31.73261283023054,0,0,0,17.036941991359882,0,17.036941991359882,0,0,-0,-1.7029069015174025,0,31.73261283023054,31.73261283023054,0.10577537610076847,0,0,0,20,2.9630580086401181,0,1.74,0,1,0,0,0,0
4,1.7450000000000001,349,31.816482430085102,0,0,0,17.028427456852295,0,17.028427456852295,0,0,-0,-1.7029069015174025,0,31.816482430085102,31.816482430085102,0.106054941433617,0,0,0,20,2.9715725431477047,0,1.7450000000000001,0,1,0,0,0,0
4,1.75,350,31.900310104041683,0,0,0,17.019912922344709,0,17.019912922344709,0,0,-0,-1.7029069015174025,0,31.900310104041683,31.900310104041683,0.10633436701347228,0,0,0,20,2.9800870776552912,0,1.75,0,1,0,0,0,0
4,1.7550000000000001,351,31.984095852100282,0,0,0,17.011398387837122,0,17.011398387837122,0,0,-0,-1.7029069015174025,0,31.984095852100282,31.984095852100282,0.10661365284033428,0,0,0,20,2.9886016121628778,0,1.7550000000000001,0,1,0,0,0,0
4,1.76,352,32.067839674260895,0,0,0,17.002883853329536,0,17.002883853329536,0,0,-0,-1.7029069015174025,0,32.067839674260895,32.067839674260895,0.10689279891420299,0,0,0,20,2.9971161466704643,0,1.76,0,1,0,0,0,0
4,1.7650000000000001,353,32.151541570523527,0,0,0,16.994369318821949,0,16.994369318821949,0,0,-0,-1.7029069015174025,0,32.151541570523527,32.151541570523527,0.10717180523507842,0,0,0,20,3.0056306811780509,0,1.7650000000000001,0,1,0,0,0,0
4,1.77,354,32.235201540888177,0,0,0,16.985854784314363,0,16.985854784314363,0,0,-0,-1.7029069015174025,0,32.235201540888177,32.235201540888177,0.10745067180296058,0,0,0,20,3.0141452156856374,0,1.77,0,1,0,0,0,0
4,1.7750000000000001,355,32.318819585354845,0,0,0,16.977340249806776,0,16.977340249806776,0,0,-0,-1.7029069015174025,0,32.318819585354845,32.318819585354845,0.10772939861784948,0,0,0,20,3.022659750193224,0,1.7750000000000001,0,1,0,0,0,0
4,1.78,356,32.402395703923531,0,0,0,16.968825715299189,0,16.968825715299189,0,0,-0,-1.7029069015174025,0,32.402395703923531,32.402395703923531,0.10800798567974511,0,0,0,20,3.0311742847008105,0,1.78,0,1,0,0,0,0
4,1.7850000000000001,357,32.485929896594236,0,0,0,16.960311180791603,0,16.960311180791603,0,0,-0,-1.7029069015174025,0,32.485929896594236,32.485929896594236,0.10828643298864746,0,0,0,20,3.0396888192083971,0,1.7850000000000001,0,1,0,0,0,0
4,1.79,358,32.569422163366959,0,0,0,16.951796646284016,0,16.951796646284016,0,0,-0,-1.7029069015174025,0,32.569422163366959,32.569422163366959,0.10856474054455653,0,0,0,20,3.0482033537159836,0,1.79,0,1,0,0,0,0
4,1.7949999999999999,359,32.652872504241699,0,0,0,16.94328211177643,0,16.94328211177643,0,0,-0,-1.7029069015174025,0,32.652872504241699,32.652872504241699,0.10884290834747233,0,0,0,20,3.0567178882235702,0,1.7949999999999999,0,1,0,0,0,0
4,1.8,360,32.736280919218459,0,0,0,16.934767577268843,0,16.934767577268843,0,0,-0,-1.7029069015174025,0,32.736280919218459,32.736280919218459,0.10912093639739485,0,0,0,20,3.0652324227311567,0,1.8,0,1,0,0,0,0
4,1.8049999999999999,361,32.819647408297236,0,0,0,16.926253042761257,0,16.926253042761257,0,0,-0,-1.7029069015174025,0,32.819647408297236,32.819647408297236,0.10939882469432412,0,0,0,20,3.0737469572387432,0,1.8049999999999999,0,1,0,0,0,0
4,1.8100000000000001,362,32.902971971478031,0,0,0,16.91773850825367,0,16.91773850825367,0,0,-0,-1.7029069015174025,0,32.902971971478031,32.902971971478031,0.10967657323826011,0,0,0,20,3.0822614917463298,0,1.8100000000000001,0,1,0,0,0,0
4,1.8149999999999999,363,32.986254608760845,0,0,0,16.909223973746084,0,16.909223973746084,0,0,-0,-1.7029069015174025,0,32.986254608760845,32.986254608760845,0.10995418202920282,0,0,0,20,3.0907760262539163,0,1.8149999999999999,0,1,0,0,0,0
4,1.8200000000000001,364,33.069495320145677,0,0,0,16.900709439238497,0,16.900709439238497,0,0,-0,-1.7029069015174025,0,33.069495320145677,33.069495320145677,0.11023165106715226,0,0,0,20,3.0992905607615029,0,1.8200000000000001,0,1,0,0,0,0
4,1.825,365,33.152694105632527,0,0,0,16.892194904730911,0,16.892194904730911,0,0,-0,-1.7029069015174025,0,33.152694105632527,33.152694105632527,0.11050898035210842,0,0,0,20,3.1078050952690894,0,1.825,0,1,0,0,0,0
4,1.8300000000000001,366,33.235850965221395,0,0,0,16.883680370223324,0,16.883680370223324,0,0,-0,-1.7029069015174025,0,33.235850965221395,33.235850965221395,0.11078616988407132,0,0,0,20,3.116319629776676,0,1.8300000000000001,0,1,0,0,0,0
4,1.835,367,33.318965898912282,0,0,0,16.875165835715737,0,16.875165835715737,0,0,-0,-1.7029069015174025,0,33.318965898912282,33.318965898912282,0.11106321966304095,0,0,0,20,3.1248341642842625,0,1.835,0,1,0,0,0,0
4,1.8400000000000001,368,33.402038906705187,0,0,0,16.866651301208151,0,16.866651301208151,0,0,-0,-1.7029069015174025,0,33.402038906705187,33.402038906705187,0.11134012968901728,0,0,0,20,3.1333486987918491,0,1.8400000000000001,0,1,0,0,0,0
4,1.845,369,33.48506998860011,0,0,0,16.858136766700564,0,16.858136766700564,0,0,-0,-1.7029069015174025,0,33.48506998860011,33.48506998860011,0.11161689996200036,0,0,0,20,3.1418632332994356,0,1.845,0,1,0,0,0,0
4,1.8500000000000001,370,33.568059144597051,0,0,0,16.849622232192978,0,16.849622232192978,0,0,-0,-1.7029069015174025,0,33.568059144597051,33.568059144597051,0.11189353048199017,0,0,0,20,3.1503777678070222,0,1.8500000000000001,0,1,0,0,0,0
4,1.855,371,33.65100637469601,0,0,0,16.841107697685391,0,16.841107697685391,0,0,-0,-1.7029069015174025,0,33.65100637469601,33.65100637469601,0.1121700212489867,0,0,0,20,3.1588923023146087,0,1.855,0,1,0,0,0,0
4,1.8600000000000001,372,33.733911678896987,0,0,0,16.832593163177805,0,16.832593163177805,0,0,-0,-1.7029069015174025,0,33.733911678896987,33.733911678896987,0.11244637226298995,0,0,0,20,3.1674068368221953,0,1.8600000000000001,0,1,0,0,0,0
4,1.865,373,33.816775057199983,0,0,0,16.824078628670218,0,16.824078628670218,0,0,-0,-1.7029069015174025,0,33.816775057199983,33.816775057199983,0.11272258352399994,0,0,0,20,3.1759213713297818,0,1.865,0,1,0,0,0,0
4,1.8700000000000001,374,33.899596509604997,0,0,0,16.815564094162632,0,16.815564094162632,0,0,-0,-1.7029069015174025,0,33.899596509604997,33.899596509604997,0.11299865503201666,0,0,0,20,3.1844359058373684,0,1.8700000000000001,0,1,0,0,0,0
4,1.875,375,33.982376036112029,0,0,0,16.807049559655045,0,16.807049559655045,0,0,-0,-1.7029069015174025,0,33.982376036112029,33.982376036112029,0.1132745867870401,0,0,0,20,3.1929504403449549,0,1.875,0,1,0,0,0,0
4,1.8800000000000001,376,34.06511363672108,0,0,0,16.798535025147459,0,16.798535025147459,0,0,-0,-1.7029069015174025,0,34.06511363672108,34.06511363672108,0.11355037878907026,0,0,0,20,3.2014649748525414,0,1.8800000000000001,0,1,0,0,0,0
4,1.885,377,34.147809311432148,0,0,0,16.790020490639872,0,16.790020490639872,0,0,-0,-1.7029069015174025,0,34.147809311432148,34.147809311432148,0.11382603103810716,0,0,0,20,3.209979509360128,0,1.885,0,1,0,0,0,0
4,1.8900000000000001,378,34.230463060245235,0,0,0,16.781505956132285,0,16.781505956132285,0,0,-0,-1.7029069015174025,0,34.230463060245235,34.230463060245235,0.11410154353415078,0,0,0,20,3.2184940438677145,0,1.8900000000000001,0,1,0,0,0,0
4,1.895,379,34.31307488316034,0,0,0,16.772991421624699,0,16.772991421624699,0,0,-0,-1.7029069015174025,0,34.31307488316034,34.31307488316034,0.11437691627720113,0,0,0,20,3.2270085783753011,0,1.895,0,1,0,0,0,0
4,1.9000000000000001,380,34.395644780177463,0,0,0,16.764476887117112,0,16.764476887117112,0,0,-0,-1.7029069015174025,0,34.395644780177463,34.395644780177463,0.11465214926725821,0,0,0,20,3.2355231128828876,0,1.9000000000000001,0,1,0,0,0,0
4,1.905,381,34.478172751296604,0,0,0,16.755962352609526,0,16.755962352609526,0,0,-0,-1.7029069015174025,0,34.478172751296604,34.478172751296604,0.11492724250432201,0,0,0,20,3.2440376473904742,0,1.905,0,1,0,0,0,0
4,1.9100000000000001,382,34.560658796517764,0,0,0,16.747447818101939,0,16.747447818101939,0,0,-0,-1.7029069015174025,0,34.560658796517764,34.560658796517764,0.11520219598839254,0,0,0,20,3.2525521818980607,0,1.9100000000000001,0,1,0,0,0,0
4,1.915,383,34.643102915840942,0,0,0,16.738933283594353,0,16.738933283594353,0,0,-0,-1.7029069015174025,0,34.643102915840942,34.643102915840942,0.11547700971946981,0,0,0,20,3.2610667164056473,0,1.915,0,1,0,0,0,0
4,1.9199999999999999,384,34.725505109266138,0,0,0,16.730418749086766,0,16.730418749086766,0,0,-0,-1.7029069015174025,0,34.725505109266138,34.725505109266138,0.11575168369755379,0,0,0,20,3.2695812509132338,0,1.9199999999999999,0,1,0,0,0,0
4,1.925,385,34.807865376793352,0,0,0,16.72190421457918,0,16.72190421457918,0,0,-0,-1.7029069015174025,0,34.807865376793352,34.807865376793352,0.1160262179226445,0,0,0,20,3.2780957854208204,0,1.925,0,1,0,0,0,0
4,1.9299999999999999,386,34.890183718422584,0,0,0,16.713389680071593,0,16.713389680071593,0,0,-0,-1.7029069015174025,0,34.890183718422584,34.890183718422584,0.11630061239474195,0,0,0,20,3.2866103199284069,0,1.9299999999999999,0,1,0,0,0,0
4,1.9350000000000001,387,34.972460134153835,0,0,0,16.704875145564007,0,16.704875145564007,0,0,-0,-1.7029069015174025,0,34.972460134153835,34.972460134153835,0.11657486711384611,0,0,0,20,3.2951248544359935,0,1.9350000000000001,0,1,0,0,0,0
4,1.9399999999999999,388,35.054694623987103,0,0,0,16.69636061105642,0,16.69636061105642,0,0,-0,-1.7029069015174025,0,35.054694623987103,35.054694623987103,0.11684898207995702,0,0,0,20,3.30363938894358,0,1.9399999999999999,0,1,0,0,0,0
4,1.9450000000000001,389,35.13688718792239,0,0,0,16.687846076548833,0,16.687846076548833,0,0,-0,-1.7029069015174025,0,35.13688718792239,35.13688718792239,0.11712295729307463,0,0,0,20,3.3121539234511665,0,1.9450000000000001,0,1,0,0,0,0
4,1.95,390,35.219037825959695,0,0,0,16.679331542041247,0,16.679331542041247,0,0,-0,-1.7029069015174025,0,35.219037825959695,35.219037825959695,0.11739679275319899,0,0,0,20,3.3206684579587531,0,1.95,0,1,0,0,0,0
4,1.9550000000000001,391,35.301146538099019,0,0,0,16.67081700753366,0,16.67081700753366,0,0,-0,-1.7029069015174025,0,35.301146538099019,35.301146538099019,0.11767048846033007,0,0,0,20,3.3291829924663396,0,1.9550000000000001,0,1,0,0,0,0
4,1.96,392,35.38321332434036,0,0,0,16.662302473026074,0,16.662302473026074,0,0,-0,-1.7029069015174025,0,35.38321332434036,35.38321332434036,0.11794404441446787,0,0,0,20,3.3376975269739262,0,1.96,0,1,0,0,0,0
4,1.9650000000000001,393,35.46523818468372,0,0,0,16.653787938518487,0,16.653787938518487,0,0,-0,-1.7029069015174025,0,35.46523818468372,35.46523818468372,0.1182174606156124,0,0,0,20,3.3462120614815127,0,1.9650000000000001,0,1,0,0,0,0
4,1.97,394,35.547221119129098,0,0,0,16.645273404010901,0,16.645273404010901,0,0,-0,-1.7029069015174025,0,35.547221119129098,35.547221119129098,0.11849073706376366,0,0,0,20,3.3547265959890993,0,1.97,0,1,0,0,0,0
4,1.9750000000000001,395,35.629162127676494,0,0,0,16.636758869503314,0,16.636758869503314,0,0,-0,-1.7029069015174025,0,35.629162127676494,35.629162127676494,0.11876387375892165,0,0,0,20,3.3632411304966858,0,1.9750000000000001,0,1,0,0,0,0
4,1.98,396,35.711061210325909,0,0,0,16.628244334995728,0,16.628244334995728,0,0,-0,-1.7029069015174025,0,35.711061210325909,35.711061210325909,0.11903687070108636,0,0,0,20,3.3717556650042724,0,1.98,0,1,0,0,0,0
4,1.9850000000000001,397,35.792918367077341,0,0,0,16.619729800488141,0,16.619729800488141,0,0,-0,-1.7029069015174025,0,35.792918367077341,35.792918367077341,0.1193097278902578,0,0,0,20,3.3802701995118589,0,1.9850000000000001,0,1,0,0,0,0
4,1.99,398,35.874733597930792,0,0,0,16.611215265980555,0,16.611215265980555,0,0,-0,-1.7029069015174025,0,35.874733597930792,35.874733597930792,0.11958244532643597,0,0,0,20,3.3887847340194455,0,1.99,0,1,0,0,0,0
4,1.9950000000000001,399,35.956506902886261,0,0,0,16.602700731472968,0,16.602700731472968,0,0,-0,-1.7029069015174025,0,35.956506902886261,35.956506902886261,0.11985502300962086,0,0,0,20,3.397299268527032,0,1.9950000000000001,0,1,0,0,0,0
4,2,400,36.038238281943748,0,0,0,16.594186196965381,0,16.594186196965381,0,0,-0,-1.7029069015174025,0,36.038238281943748,36.038238281943748,0.1201274609398125,0,0,0,20,3.4058138030346186,0,2,0,1,0,0,0,0
4,2.0049999999999999,401,36.119927735103253,0,0,0,16.585671662457795,0,16.585671662457795,0,0,-0,-1.7029069015174025,0,36.119927735103253,36.119927735103253,0.12039975911701084,0,0,0,20,3.4143283375422051,0,2.0049999999999999,0,1,0,0,0,0
4,2.0100000000000002,402,36.201575262364777,0,0,0,16.577157127950208,0,16.577157127950208,0,0,-0,-1.7029069015174025,0,36.201575262364777,36.201575262364777,0.12067191754121592,0,0,0,20,3.4228428720497917,0,2.0100000000000002,0,1,0,0,0,0
4,2.0150000000000001,403,36.283180863728319,0,0,0,16.568642593442622,0,16.568642593442622,0,0,-0,-1.7029069015174025,0,36.283180863728319,36.283180863728319,0.12094393621242773,0,0,0,20,3.4313574065573782,0,2.0150000000000001,0,1,0,0,0,0
4,2.02,404,36.364744539193879,0,0,0,16.560128058935035,0,16.560128058935035,0,0,-0,-1.7029069015174025,0,36.364744539193879,36.364744539193879,0.12121581513064626,0,0,0,20,3.4398719410649647,0,2.02,0,1,0,0,0,0
4,2.0249999999999999,405,36.446266288761457,0,0,0,16.551613524427449,0,16.551613524427449,0,0,-0,-1.7029069015174025,0,36.446266288761457,36.446266288761457,0.12148755429587152,0,0,0,20,3.4483864755725513,0,2.0249999999999999,0,1,0,0,0,0
4,2.0300000000000002,406,36.527746112431053,0,0,0,16.543098989919862,0,16.543098989919862,0,0,-0,-1.7029069015174025,0,36.527746112431053,36.527746112431053,0.12175915370810352,0,0,0,20,3.4569010100801378,0,2.0300000000000002,0,1,0,0,0,0
4,2.0350000000000001,407,36.609184010202668,0,0,0,16.534584455412276,0,16.534584455412276,0,0,-0,-1.7029069015174025,0,36.609184010202668,36.609184010202668,0.12203061336734222,0,0,0,20,3.4654155445877244,0,2.0350000000000001,0,1,0,0,0,0
4,2.04,408,36.690579982076301,0,0,0,16.526069920904689,0,16.526069920904689,0,0,-0,-1.7029069015174025,0,36.690579982076301,36.690579982076301,0.12230193327358767,0,0,0,20,3.4739300790953109,0,2.04,0,1,0,0,0,0
4,2.0449999999999999,409,36.771934028051952,0,0,0,16.517555386397103,0,16.517555386397103,0,0,-0,-1.7029069015174025,0,36.771934028051952,36.771934028051952,0.12257311342683984,0,0,0,20,3.4824446136028975,0,2.0449999999999999,0,1,0,0,0,0
4,2.0499999999999998,410,36.853246148129621,0,0,0,16.509040851889516,0,16.509040851889516,0,0,-0,-1.7029069015174025,0,36.853246148129621,36.853246148129621,0.12284415382709873,0,0,0,20,3.490959148110484,0,2.0499999999999998,0,1,0,0,0,0
4,2.0550000000000002,411,36.934516342309308,0,0,0,16.500526317381929,0,16.500526317381929,0,0,-0,-1.7029069015174025,0,36.934516342309308,36.934516342309308,0.12311505447436435,0,0,0,20,3.4994736826180706,0,2.0550000000000002,0,1,0,0,0,0
4,2.0600000000000001,412,37.015744610591014,0,0,0,16.492011782874343,0,16.492011782874343,0,0,-0,-1.7029069015174025,0,37.015744610591014,37.015744610591014,0.12338581536863671,0,0,0,20,3.5079882171256571,0,2.0600000000000001,0,1,0,0,0,0
4,2.0649999999999999,413,37.096930952974738,0,0,0,16.483497248366756,0,16.483497248366756,0,0,-0,-1.7029069015174025,0,37.096930952974738,37.096930952974738,0.1236564365099158,0,0,0,20,3.5165027516332437,0,2.0649999999999999,0,1,0,0,0,0
4,2.0699999999999998,414,37.17807536946048,0,0,0,16.47498271385917,0,16.47498271385917,0,0,-0,-1.7029069015174025,0,37.17807536946048,37.17807536946048,0.12392691789820159,0,0,0,20,3.5250172861408302,0,2.0699999999999998,0,1,0,0,0,0
4,2.0750000000000002,415,37.25917786004824,0,0,0,16.466468179351583,0,16.466468179351583,0,0,-0,-1.7029069015174025,0,37.25917786004824,37.25917786004824,0.12419725953349413,0,0,0,20,3.5335318206484168,0,2.0750000000000002,0,1,0,0,0,0
4,2.0800000000000001,416,37.340238424738018,0,0,0,16.457953644843997,0,16.457953644843997,0,0,-0,-1.7029069015174025,0,37.340238424738018,37.340238424738018,0.1244674614157934,0,0,0,20,3.5420463551560033,0,2.0800000000000001,0,1,0,0,0,0
4,2.085,417,37.421257063529815,0,0,0,16.44943911033641,0,16.44943911033641,0,0,-0,-1.7029069015174025,0,37.421257063529815,37.421257063529815,0.12473752354509939,0,0,0,20,3.5505608896635898,0,2.085,0,1,0,0,0,0
4,2.0899999999999999,418,37.50223377642363,0,0,0,16.440924575828824,0,16.440924575828824,0,0,-0,-1.7029069015174025,0,37.50223377642363,37.50223377642363,0.12500744592141211,0,0,0,20,3.5590754241711764,0,2.0899999999999999,0,1,0,0,0,0
4,2.0950000000000002,419,37.583168563419463,0,0,0,16.432410041321237,0,16.432410041321237,0,0,-0,-1.7029069015174025,0,37.583168563419463,37.583168563419463,0.12527722854473156,0,0,0,20,3.5675899586787629,0,2.0950000000000002,0,1,0,0,0,0
4,2.1000000000000001,420,37.664061424517314,0,0,0,16.423895506813651,0,16.423895506813651,0,0,-0,-1.7029069015174025,0,37.664061424517314,37.664061424517314,0.12554687141505771,0,0,0,20,3.5761044931863495,0,2.1000000000000001,0,1,0,0,0,0
4,2.105,421,37.744912359717183,0,0,0,16.415380972306064,0,16.415380972306064,0,0,-0,-1.7029069015174025,0,37.744912359717183,37.744912359717183,0.12581637453239061,0,0,0,20,3.584619027693936,0,2.105,0,1,0,0,0,0
4,2.1099999999999999,422,37.825721369019071,0,0,0,16.406866437798477,0,16.406866437798477,0,0,-0,-1.7029069015174025,0,37.825721369019071,37.825721369019071,0.12608573789673025,0,0,0,20,3.5931335622015226,0,2.1099999999999999,0,1,0,0,0,0
4,2.1150000000000002,423,37.906488452422977,0,0,0,16.398351903290891,0,16.398351903290891,0,0,-0,-1.7029069015174025,0,37.906488452422977,37.906488452422977,0.1263549615080766,0,0,0,20,3.6016480967091091,0,2.1150000000000002,0,1,0,0,0,0
4,2.1200000000000001,424,37.987213609928901,0,0,0,16.389837368783304,0,16.389837368783304,0,0,-0,-1.7029069015174025,0,37.987213609928901,37.987213609928901,0.12662404536642968,0,0,0,20,3.6101626312166957,0,2.1200000000000001,0,1,0,0,0,0
4,2.125,425,38.067896841536843,0,0,0,16.381322834275718,0,16.381322834275718,0,0,-0,-1.7029069015174025,0,38.067896841536843,38.067896841536843,0.12689298947178948,0,0,0,20,3.6186771657242822,0,2.125,0,1,0,0,0,0
4,2.1299999999999999,426,38.148538147246803,0,0,0,16.372808299768131,0,16.372808299768131,0,0,-0,-1.7029069015174025,0,38.148538147246803,38.148538147246803,0.12716179382415602,0,0,0,20,3.6271917002318688,0,2.1299999999999999,0,1,0,0,0,0
4,2.1350000000000002,427,38.229137527058782,0,0,0,16.364293765260545,0,16.364293765260545,0,0,-0,-1.7029069015174025,0,38.229137527058782,38.229137527058782,0.12743045842352926,0,0,0,20,3.6357062347394553,0,2.1350000000000002,0,1,0,0,0,0
4,2.1400000000000001,428,38.309694980972779,0,0,0,16.355779230752958,0,16.355779230752958,0,0,-0,-1.7029069015174025,0,38.309694980972779,38.309694980972779,0.12769898326990925,0,0,0,20,3.6442207692470419,0,2.1400000000000001,0,1,0,0,0,0
4,2.145,429,38.390210508988794,0,0,0,16.347264696245372,0,16.347264696245372,0,0,-0,-1.7029069015174025,0,38.390210508988794,38.390210508988794,0.12796736836329597,0,0,0,20,3.6527353037546284,0,2.145,0,1,0,0,0,0
4,2.1499999999999999,430,38.470684111106827,0,0,0,16.338750161737785,0,16.338750161737785,0,0,-0,-1.7029069015174025,0,38.470684111106827,38.470684111106827,0.12823561370368941,0,0,0,20,3.661249838262215,0,2.1499999999999999,0,1,0,0,0,0
4,2.1550000000000002,431,38.551115787326879,0,0,0,16.330235627230199,0,16.330235627230199,0,0,-0,-1.7029069015174025,0,38.551115787326879,38.551115787326879,0.12850371929108959,0,0,0,20,3.6697643727698015,0,2.1550000000000002,0,1,0,0,0,0
4,2.1600000000000001,432,38.631505537648948,0,0,0,16.321721092722612,0,16.321721092722612,0,0,-0,-1.7029069015174025,0,38.631505537648948,38.631505537648948,0.1287716851254965,0,0,0,20,3.678278907277388,0,2.1600000000000001,0,1,0,0,0,0
4,2.165,433,38.711853362073036,0,0,0,16.313206558215025,0,16.313206558215025,0,0,-0,-1.7029069015174025,0,38.711853362073036,38.711853362073036,0.12903951120691012,0,0,0,20,3.6867934417849746,0,2.165,0,1,0,0,0,0
4,2.1699999999999999,434,38.792159260599142,0,0,0,16.304692023707439,0,16.304692023707439,0,0,-0,-1.7029069015174025,0,38.792159260599142,38.792159260599142,0.12930719753533049,0,0,0,20,3.6953079762925611,0,2.1699999999999999,0,1,0,0,0,0
4,2.1750000000000003,435,38.872423233227266,0,0,0,16.296177489199852,0,16.296177489199852,0,0,-0,-1.7029069015174025,0,38.872423233227266,38.872423233227266,0.12957474411075756,0,0,0,20,3.7038225108001477,0,2.1750000000000003,0,1,0,0,0,0
4,2.1800000000000002,436,38.952645279957409,0,0,0,16.287662954692266,0,16.287662954692266,0,0,-0,-1.7029069015174025,0,38.952645279957409,38.952645279957409,0.12984215093319137,0,0,0,20,3.7123370453077342,0,2.1800000000000002,0,1,0,0,0,0
4,2.1850000000000001,437,39.032825400789569,0,0,0,16.279148420184679,0,16.279148420184679,0,0,-0,-1.7029069015174025,0,39.032825400789569,39.032825400789569,0.1301094180026319,0,0,0,20,3.7208515798153208,0,2.1850000000000001,0,1,0,0,0,0
4,2.1899999999999999,438,39.112963595723748,0,0,0,16.270633885677093,0,16.270633885677093,0,0,-0,-1.7029069015174025,0,39.112963595723748,39.112963595723748,0.13037654531907916,0,0,0,20,3.7293661143229073,0,2.1899999999999999,0,1,0,0,0,0
4,2.1949999999999998,439,39.193059864759945,0,0,0,16.262119351169506,0,16.262119351169506,0,0,-0,-1.7029069015174025,0,39.193059864759945,39.193059864759945,0.13064353288253316,0,0,0,20,3.7378806488304939,0,2.1949999999999998,0,1,0,0,0,0
4,2.2000000000000002,440,39.273114207898161,0,0,0,16.25360481666192,0,16.25360481666192,0,0,-0,-1.7029069015174025,0,39.273114207898161,39.273114207898161,0.13091038069299388,0,0,0,20,3.7463951833380804,0,2.2000000000000002,0,1,0,0,0,0
4,2.2050000000000001,441,39.353126625138394,0,0,0,16.245090282154333,0,16.245090282154333,0,0,-0,-1.7029069015174025,0,39.353126625138394,39.353126625138394,0.1311770887504613,0,0,0,20,3.754909717845667,0,2.2050000000000001,0,1,0,0,0,0
4,2.21,442,39.433097116480646,0,0,0,16.236575747646746,0,16.236575747646746,0,0,-0,-1.7029069015174025,0,39.433097116480646,39.433097116480646,0.13144365705493549,0,0,0,20,3.7634242523532535,0,2.21,0,1,0,0,0,0
4,2.2149999999999999,443,39.513025681924915,0,0,0,16.22806121313916,0,16.22806121313916,0,0,-0,-1.7029069015174025,0,39.513025681924915,39.513025681924915,0.13171008560641639,0,0,0,20,3.7719387868608401,0,2.2149999999999999,0,1,0,0,0,0
4,2.2200000000000002,444,39.592912321471204,0,0,0,16.219546678631573,0,16.219546678631573,0,0,-0,-1.7029069015174025,0,39.592912321471204,39.592912321471204,0.13197637440490401,0,0,0,20,3.7804533213684266,0,2.2200000000000002,0,1,0,0,0,0
4,2.2250000000000001,445,39.67275703511951,0,0,0,16.211032144123987,0,16.211032144123987,0,0,-0,-1.7029069015174025,0,39.67275703511951,39.67275703511951,0.13224252345039836,0,0,0,20,3.7889678558760131,0,2.2250000000000001,0,1,0,0,0,0
4,2.23,446,39.752559822869834,0,0,0,16.2025176096164,0,16.2025176096164,0,0,-0,-1.7029069015174025,0,39.752559822869834,39.752559822869834,0.13250853274289945,0,0,0,20,3.7974823903835997,0,2.23,0,1,0,0,0,0
4,2.2349999999999999,447,39.832320684722177,0,0,0,16.194003075108814,0,16.194003075108814,0,0,-0,-1.7029069015174025,0,39.832320684722177,39.832320684722177,0.13277440228240725,0,0,0,20,3.8059969248911862,0,2.2349999999999999,0,1,0,0,0,0
4,2.2400000000000002,448,39.912039620676538,0,0,0,16.185488540601227,0,16.185488540601227,0,0,-0,-1.7029069015174025,0,39.912039620676538,39.912039620676538,0.13304013206892179,0,0,0,20,3.8145114593987728,0,2.2400000000000002,0,1,0,0,0,0
4,2.2450000000000001,449,39.991716630732917,0,0,0,16.176974006093641,0,16.176974006093641,0,0,-0,-1.7029069015174025,0,39.991716630732917,39.991716630732917,0.13330572210244307,0,0,0,20,3.8230259939063593,0,2.2450000000000001,0,1,0,0,0,0
4,2.25,450,40.071351714891314,0,0,0,16.168459471586054,0,16.168459471586054,0,0,-0,-1.7029069015174025,0,40.071351714891314,40.071351714891314,0.13357117238297106,0,0,0,20,3.8315405284139459,0,2.25,0,1,0,0,0,0
4,2.2549999999999999,451,40.15094487315173,0,0,0,16.159944937078468,0,16.159944937078468,0,0,-0,-1.7029069015174025,0,40.15094487315173,40.15094487315173,0.13383648291050576,0,0,0,20,3.8400550629215324,0,2.2549999999999999,0,1,0,0,0,0
4,2.2600000000000002,452,40.230496105514163,0,0,0,16.151430402570881,0,16.151430402570881,0,0,-0,-1.7029069015174025,0,40.230496105514163,40.230496105514163,0.1341016536850472,0,0,0,20,3.848569597429119,0,2.2600000000000002,0,1,0,0,0,0
4,2.2650000000000001,453,40.310005411978615,0,0,0,16.142915868063294,0,16.142915868063294,0,0,-0,-1.7029069015174025,0,40.310005411978615,40.310005411978615,0.13436668470659538,0,0,0,20,3.8570841319367055,0,2.2650000000000001,0,1,0,0,0,0
4,2.27,454,40.389472792545085,0,0,0,16.134401333555708,0,16.134401333555708,0,0,-0,-1.7029069015174025,0,40.389472792545085,40.389472792545085,0.1346315759751503,0,0,0,20,3.8655986664442921,0,2.27,0,1,0,0,0,0
4,2.2749999999999999,455,40.468898247213573,0,0,0,16.125886799048121,0,16.125886799048121,0,0,-0,-1.7029069015174025,0,40.468898247213573,40.468898247213573,0.1348963274907119,0,0,0,20,3.8741132009518786,0,2.2749999999999999,0,1,0,0,0,0
4,2.2800000000000002,456,40.54828177598408,0,0,0,16.117372264540535,0,16.117372264540535,0,0,-0,-1.7029069015174025,0,40.54828177598408,40.54828177598408,0.13516093925328027,0,0,0,20,3.8826277354594652,0,2.2800000000000002,0,1,0,0,0,0
4,2.2850000000000001,457,40.627623378856605,0,0,0,16.108857730032948,0,16.108857730032948,0,0,-0,-1.7029069015174025,0,40.627623378856605,40.627623378856605,0.13542541126285534,0,0,0,20,3.8911422699670517,0,2.2850000000000001,0,1,0,0,0,0
4,2.29,458,40.706923055831147,0,0,0,16.100343195525362,0,16.100343195525362,0,0,-0,-1.7029069015174025,0,40.706923055831147,40.706923055831147,0.13568974351943716,0,0,0,20,3.8996568044746382,0,2.29,0,1,0,0,0,0
4,2.2949999999999999,459,40.786180806907709,0,0,0,16.091828661017775,0,16.091828661017775,0,0,-0,-1.7029069015174025,0,40.786180806907709,40.786180806907709,0.13595393602302569,0,0,0,20,3.9081713389822248,0,2.2949999999999999,0,1,0,0,0,0
4,2.3000000000000003,460,40.865396632086288,0,0,0,16.083314126510189,0,16.083314126510189,0,0,-0,-1.7029069015174025,0,40.865396632086288,40.865396632086288,0.13621798877362096,0,0,0,20,3.9166858734898113,0,2.3000000000000003,0,1,0,0,0,0
4,2.3050000000000002,461,40.944570531366885,0,0,0,16.074799592002602,0,16.074799592002602,0,0,-0,-1.7029069015174025,0,40.944570531366885,40.944570531366885,0.13648190177122296,0,0,0,20,3.9252004079973979,0,2.3050000000000002,0,1,0,0,0,0
4,2.3100000000000001,462,41.023702504749501,0,0,0,16.066285057495016,0,16.066285057495016,0,0,-0,-1.7029069015174025,0,41.023702504749501,41.023702504749501,0.13674567501583168,0,0,0,20,3.9337149425049844,0,2.3100000000000001,0,1,0,0,0,0
4,2.3149999999999999,463,41.102792552234135,0,0,0,16.057770522987429,0,16.057770522987429,0,0,-0,-1.7029069015174025,0,41.102792552234135,41.102792552234135,0.13700930850744711,0,0,0,20,3.942229477012571,0,2.3149999999999999,0,1,0,0,0,0
4,2.3199999999999998,464,41.181840673820787,0,0,0,16.049255988479842,0,16.049255988479842,0,0,-0,-1.7029069015174025,0,41.181840673820787,41.181840673820787,0.1372728022460693,0,0,0,20,3.9507440115201575,0,2.3199999999999998,0,1,0,0,0,0
4,2.3250000000000002,465,41.260846869509457,0,0,0,16.040741453972256,0,16.040741453972256,0,0,-0,-1.7029069015174025,0,41.260846869509457,41.260846869509457,0.13753615623169818,0,0,0,20,3.9592585460277441,0,2.3250000000000002,0,1,0,0,0,0
4,2.3300000000000001,466,41.339811139300146,0,0,0,16.032226919464669,0,16.032226919464669,0,0,-0,-1.7029069015174025,0,41.339811139300146,41.339811139300146,0.13779937046433383,0,0,0,20,3.9677730805353306,0,2.3300000000000001,0,1,0,0,0,0
4,2.335,467,41.418733483192852,0,0,0,16.023712384957083,0,16.023712384957083,0,0,-0,-1.7029069015174025,0,41.418733483192852,41.418733483192852,0.13806244494397618,0,0,0,20,3.9762876150429172,0,2.335,0,1,0,0,0,0
4,2.3399999999999999,468,41.497613901187577,0,0,0,16.015197850449496,0,16.015197850449496,0,0,-0,-1.7029069015174025,0,41.497613901187577,41.497613901187577,0.13832537967062525,0,0,0,20,3.9848021495505037,0,2.3399999999999999,0,1,0,0,0,0
4,2.3450000000000002,469,41.57645239328432,0,0,0,16.00668331594191,0,16.00668331594191,0,0,-0,-1.7029069015174025,0,41.57645239328432,41.57645239328432,0.13858817464428108,0,0,0,20,3.9933166840580903,0,2.3450000000000002,0,1,0,0,0,0
4,2.3500000000000001,470,41.655248959483082,0,0,0,15.998168781434323,0,15.998168781434323,0,0,-0,-1.7029069015174025,0,41.655248959483082,41.655248959483082,0.1388508298649436,0,0,0,20,4.0018312185656768,0,2.3500000000000001,0,1,0,0,0,0
4,2.355,471,41.734003599783861,0,0,0,15.989654246926737,0,15.989654246926737,0,0,-0,-1.7029069015174025,0,41.734003599783861,41.734003599783861,0.13911334533261288,0,0,0,20,4.0103457530732634,0,2.355,0,1,0,0,0,0
4,2.3599999999999999,472,41.812716314186659,0,0,0,15.98113971241915,0,15.98113971241915,0,0,-0,-1.7029069015174025,0,41.812716314186659,41.812716314186659,0.13937572104728888,0,0,0,20,4.0188602875808499,0,2.3599999999999999,0,1,0,0,0,0
4,2.3650000000000002,473,41.891387102691475,0,0,0,15.972625177911564,0,15.972625177911564,0,0,-0,-1.7029069015174025,0,41.891387102691475,41.891387102691475,0.13963795700897158,0,0,0,20,4.0273748220884364,0,2.3650000000000002,0,1,0,0,0,0
4,2.3700000000000001,474,41.970015965298309,0,0,0,15.964110643403977,0,15.964110643403977,0,0,-0,-1.7029069015174025,0,41.970015965298309,41.970015965298309,0.13990005321766102,0,0,0,20,4.035889356596023,0,2.3700000000000001,0,1,0,0,0,0
4,2.375,475,42.048602902007161,0,0,0,15.95559610889639,0,15.95559610889639,0,0,-0,-1.7029069015174025,0,42.048602902007161,42.048602902007161,0.14016200967335721,0,0,0,20,4.0444038911036095,0,2.375,0,1,0,0,0,0
4,2.3799999999999999,476,42.127147912818032,0,0,0,15.947081574388804,0,15.947081574388804,0,0,-0,-1.7029069015174025,0,42.127147912818032,42.127147912818032,0.1404238263760601,0,0,0,20,4.0529184256111961,0,2.3799999999999999,0,1,0,0,0,0
4,2.3850000000000002,477,42.20565099773092,0,0,0,15.938567039881217,0,15.938567039881217,0,0,-0,-1.7029069015174025,0,42.20565099773092,42.20565099773092,0.14068550332576973,0,0,0,20,4.0614329601187826,0,2.3850000000000002,0,1,0,0,0,0
4,2.3900000000000001,478,42.284112156745827,0,0,0,15.930052505373631,0,15.930052505373631,0,0,-0,-1.7029069015174025,0,42.284112156745827,42.284112156745827,0.14094704052248608,0,0,0,20,4.0699474946263692,0,2.3900000000000001,0,1,0,0,0,0
4,2.395,479,42.362531389862752,0,0,0,15.921537970866044,0,15.921537970866044,0,0,-0,-1.7029069015174025,0,42.362531389862752,42.362531389862752,0.14120843796620919,0,0,0,20,4.0784620291339557,0,2.395,0,1,0,0,0,0
4,2.3999999999999999,480,42.440908697081696,0,0,0,15.913023436358458,0,15.913023436358458,0,0,-0,-1.7029069015174025,0,42.440908697081696,42.440908697081696,0.14146969565693898,0,0,0,20,4.0869765636415423,0,2.3999999999999999,0,1,0,0,0,0
4,2.4050000000000002,481,42.519244078402657,0,0,0,15.904508901850871,0,15.904508901850871,0,0,-0,-1.7029069015174025,0,42.519244078402657,42.519244078402657,0.14173081359467551,0,0,0,20,4.0954910981491288,0,2.4050000000000002,0,1,0,0,0,0
4,2.4100000000000001,482,42.597537533825637,0,0,0,15.895994367343285,0,15.895994367343285,0,0,-0,-1.7029069015174025,0,42.597537533825637,42.597537533825637,0.14199179177941879,0,0,0,20,4.1040056326567154,0,2.4100000000000001,0,1,0,0,0,0
4,2.415,483,42.675789063350635,0,0,0,15.887479832835698,0,15.887479832835698,0,0,-0,-1.7029069015174025,0,42.675789063350635,42.675789063350635,0.1422526302111688,0,0,0,20,4.1125201671643019,0,2.415,0,1,0,0,0,0
4,2.4199999999999999,484,42.753998666977651,0,0,0,15.878965298328112,0,15.878965298328112,0,0,-0,-1.7029069015174025,0,42.753998666977651,42.753998666977651,0.14251332888992552,0,0,0,20,4.1210347016718885,0,2.4199999999999999,0,1,0,0,0,0
4,2.4250000000000003,485,42.832166344706685,0,0,0,15.870450763820525,0,15.870450763820525,0,0,-0,-1.7029069015174025,0,42.832166344706685,42.832166344706685,0.14277388781568895,0,0,0,20,4.129549236179475,0,2.4250000000000003,0,1,0,0,0,0
4,2.4300000000000002,486,42.910292096537738,0,0,0,15.861936229312938,0,15.861936229312938,0,0,-0,-1.7029069015174025,0,42.910292096537738,42.910292096537738,0.14303430698845912,0,0,0,20,4.1380637706870615,0,2.4300000000000002,0,1,0,0,0,0
4,2.4350000000000001,487,42.988375922470809,0,0,0,15.853421694805352,0,15.853421694805352,0,0,-0,-1.7029069015174025,0,42.988375922470809,42.988375922470809,0.14329458640823603,0,0,0,20,4.1465783051946481,0,2.4350000000000001,0,1,0,0,0,0
4,2.4399999999999999,488,43.066417822505898,0,0,0,15.844907160297765,0,15.844907160297765,0,0,-0,-1.7029069015174025,0,43.066417822505898,43.066417822505898,0.14355472607501965,0,0,0,20,4.1550928397022346,0,2.4399999999999999,0,1,0,0,0,0
4,2.4449999999999998,489,43.144417796643005,0,0,0,15.836392625790179,0,15.836392625790179,0,0,-0,-1.7029069015174025,0,43.144417796643005,43.144417796643005,0.14381472598881001,0,0,0,20,4.1636073742098212,0,2.4449999999999998,0,1,0,0,0,0
4,2.4500000000000002,490,43.22237584488213,0,0,0,15.827878091282592,0,15.827878091282592,0,0,-0,-1.7029069015174025,0,43.22237584488213,43.22237584488213,0.14407458614960711,0,0,0,20,4.1721219087174077,0,2.4500000000000002,0,1,0,0,0,0
4,2.4550000000000001,491,43.300291967223274,0,0,0,15.819363556775006,0,15.819363556775006,0,0,-0,-1.7029069015174025,0,43.300291967223274,43.300291967223274,0.14433430655741092,0,0,0,20,4.1806364432249943,0,2.4550000000000001,0,1,0,0,0,0
4,2.46,492,43.378166163666435,0,0,0,15.810849022267419,0,15.810849022267419,0,0,-0,-1.7029069015174025,0,43.378166163666435,43.378166163666435,0.14459388721222144,0,0,0,20,4.1891509777325808,0,2.46,0,1,0,0,0,0
4,2.4649999999999999,493,43.455998434211615,0,0,0,15.802334487759833,0,15.802334487759833,0,0,-0,-1.7029069015174025,0,43.455998434211615,43.455998434211615,0.14485332811403873,0,0,0,20,4.1976655122401674,0,2.4649999999999999,0,1,0,0,0,0
4,2.4700000000000002,494,43.533788778858813,0,0,0,15.793819953252246,0,15.793819953252246,0,0,-0,-1.7029069015174025,0,43.533788778858813,43.533788778858813,0.14511262926286272,0,0,0,20,4.2061800467477539,0,2.4700000000000002,0,1,0,0,0,0
4,2.4750000000000001,495,43.61153719760803,0,0,0,15.78530541874466,0,15.78530541874466,0,0,-0,-1.7029069015174025,0,43.61153719760803,43.61153719760803,0.14537179065869343,0,0,0,20,4.2146945812553405,0,2.4750000000000001,0,1,0,0,0,0
4,2.48,496,43.689243690459264,0,0,0,15.776790884237073,0,15.776790884237073,0,0,-0,-1.7029069015174025,0,43.689243690459264,43.689243690459264,0.14563081230153088,0,0,0,20,4.223209115762927,0,2.48,0,1,0,0,0,0
4,2.4849999999999999,497,43.766908257412517,0,0,0,15.768276349729486,0,15.768276349729486,0,0,-0,-1.7029069015174025,0,43.766908257412517,43.766908257412517,0.14588969419137507,0,0,0,20,4.2317236502705136,0,2.4849999999999999,0,1,0,0,0,0
4,2.4900000000000002,498,43.844530898467788,0,0,0,15.7597618152219,0,15.7597618152219,0,0,-0,-1.7029069015174025,0,43.844530898467788,43.844530898467788,0.14614843632822597,0,0,0,20,4.2402381847781001,0,2.4900000000000002,0,1,0,0,0,0
4,2.4950000000000001,499,43.922111613625077,0,0,0,15.751247280714313,0,15.751247280714313,0,0,-0,-1.7029069015174025,0,43.922111613625077,43.922111613625077,0.1464070387120836,0,0,0,20,4.2487527192856867,0,2.4950000000000001,0,1,0,0,0,0
4,2.5,500,43.999650402884384,0,0,0,15.742732746206727,0,15.742732746206727,0,0,-0,-1.7029069015174025,0,43.999650402884384,43.999650402884384,0.14666550134294795,0,0,0,20,4.2572672537932732,0,2.5,0,1,0,0,0,0
4,2.5049999999999999,501,44.07714726624571,0,0,0,15.73421821169914,0,15.73421821169914,0,0,-0,-1.7029069015174025,0,44.07714726624571,44.07714726624571,0.14692382422081904,0,0,0,20,4.2657817883008597,0,2.5049999999999999,0,1,0,0,0,0
4,2.5100000000000002,502,44.154602203709054,0,0,0,15.725703677191554,0,15.725703677191554,0,0,-0,-1.7029069015174025,0,44.154602203709054,44.154602203709054,0.14718200734569684,0,0,0,20,4.2742963228084463,0,2.5100000000000002,0,1,0,0,0,0
4,2.5150000000000001,503,44.232015215274416,0,0,0,15.717189142683967,0,15.717189142683967,0,0,-0,-1.7029069015174025,0,44.232015215274416,44.232015215274416,0.14744005071758137,0,0,0,20,4.2828108573160328,0,2.5150000000000001,0,1,0,0,0,0
4,2.52,504,44.309386300941796,0,0,0,15.708674608176381,0,15.708674608176381,0,0,-0,-1.7029069015174025,0,44.309386300941796,44.309386300941796,0.14769795433647265,0,0,0,20,4.2913253918236194,0,2.52,0,1,0,0,0,0
4,2.5249999999999999,505,44.386715460711194,0,0,0,15.700160073668794,0,15.700160073668794,0,0,-0,-1.7029069015174025,0,44.386715460711194,44.386715460711194,0.14795571820237063,0,0,0,20,4.2998399263312059,0,2.5249999999999999,0,1,0,0,0,0
4,2.5300000000000002,506,44.464002694582611,0,0,0,15.691645539161208,0,15.691645539161208,0,0,-0,-1.7029069015174025,0,44.464002694582611,44.464002694582611,0.14821334231527536,0,0,0,20,4.3083544608387925,0,2.5300000000000002,0,1,0,0,0,0
4,2.5350000000000001,507,44.541248002556046,0,0,0,15.683131004653621,0,15.683131004653621,0,0,-0,-1.7029069015174025,0,44.541248002556046,44.541248002556046,0.14847082667518682,0,0,0,20,4.316868995346379,0,2.5350000000000001,0,1,0,0,0,0
4,2.54,508,44.618451384631499,0,0,0,15.674616470146034,0,15.674616470146034,0,0,-0,-1.7029069015174025,0,44.618451384631499,44.618451384631499,0.148728171282105,0,0,0,20,4.3253835298539656,0,2.54,0,1,0,0,0,0
4,2.5449999999999999,509,44.69561284080897,0,0,0,15.666101935638448,0,15.666101935638448,0,0,-0,-1.7029069015174025,0,44.69561284080897,44.69561284080897,0.14898537613602991,0,0,0,20,4.3338980643615521,0,2.5449999999999999,0,1,0,0,0,0
4,2.5500000000000003,510,44.772732371088459,0,0,0,15.657587401130861,0,15.657587401130861,0,0,-0,-1.7029069015174025,0,44.772732371088459,44.772732371088459,0.14924244123696154,0,0,0,20,4.3424125988691387,0,2.5500000000000003,0,1,0,0,0,0
4,2.5550000000000002,511,44.849809975469967,0,0,0,15.649072866623275,0,15.649072866623275,0,0,-0,-1.7029069015174025,0,44.849809975469967,44.849809975469967,0.1494993665848999,0,0,0,20,4.3509271333767252,0,2.5550000000000002,0,1,0,0,0,0
4,2.5600000000000001,512,44.926845653953492,0,0,0,15.640558332115688,0,15.640558332115688,0,0,-0,-1.7029069015174025,0,44.926845653953492,44.926845653953492,0.14975615217984498,0,0,0,20,4.3594416678843118,0,2.5600000000000001,0,1,0,0,0,0
4,2.5649999999999999,513,45.003839406539036,0,0,0,15.632043797608102,0,15.632043797608102,0,0,-0,-1.7029069015174025,0,45.003839406539036,45.003839406539036,0.15001279802179679,0,0,0,20,4.3679562023918983,0,2.5649999999999999,0,1,0,0,0,0
4,2.5699999999999998,514,45.080791233226599,0,0,0,15.623529263100515,0,15.623529263100515,0,0,-0,-1.7029069015174025,0,45.080791233226599,45.080791233226599,0.15026930411075534,0,0,0,20,4.3764707368994848,0,2.5699999999999998,0,1,0,0,0,0
4,2.5750000000000002,515,45.157701134016179,0,0,0,15.615014728592929,0,15.615014728592929,0,0,-0,-1.7029069015174025,0,45.157701134016179,45.157701134016179,0.15052567044672061,0,0,0,20,4.3849852714070714,0,2.5750000000000002,0,1,0,0,0,0
4,2.5800000000000001,516,45.234569108907777,0,0,0,15.606500194085342,0,15.606500194085342,0,0,-0,-1.7029069015174025,0,45.234569108907777,45.234569108907777,0.15078189702969258,0,0,0,20,4.3934998059146579,0,2.5800000000000001,0,1,0,0,0,0
4,2.585,517,45.311395157901394,0,0,0,15.597985659577756,0,15.597985659577756,0,0,-0,-1.7029069015174025,0,45.311395157901394,45.311395157901394,0.15103798385967132,0,0,0,20,4.4020143404222445,0,2.585,0,1,0,0,0,0
4,2.5899999999999999,518,45.388179280997029,0,0,0,15.589471125070169,0,15.589471125070169,0,0,-0,-1.7029069015174025,0,45.388179280997029,45.388179280997029,0.15129393093665677,0,0,0,20,4.410528874929831,0,2.5899999999999999,0,1,0,0,0,0
4,2.5950000000000002,519,45.464921478194682,0,0,0,15.580956590562582,0,15.580956590562582,0,0,-0,-1.7029069015174025,0,45.464921478194682,45.464921478194682,0.15154973826064894,0,0,0,20,4.4190434094374176,0,2.5950000000000002,0,1,0,0,0,0
4,2.6000000000000001,520,45.541621749494354,0,0,0,15.572442056054996,0,15.572442056054996,0,0,-0,-1.7029069015174025,0,45.541621749494354,45.541621749494354,0.15180540583164784,0,0,0,20,4.4275579439450041,0,2.6000000000000001,0,1,0,0,0,0
4,2.605,521,45.618280094896043,0,0,0,15.563927521547409,0,15.563927521547409,0,0,-0,-1.7029069015174025,0,45.618280094896043,45.618280094896043,0.15206093364965348,0,0,0,20,4.4360724784525907,0,2.605,0,1,0,0,0,0
4,2.6099999999999999,522,45.694896514399751,0,0,0,15.555412987039823,0,15.555412987039823,0,0,-0,-1.7029069015174025,0,45.694896514399751,45.694896514399751,0.15231632171466583,0,0,0,20,4.4445870129601772,0,2.6099999999999999,0,1,0,0,0,0
4,2.6150000000000002,523,45.771471008005477,0,0,0,15.546898452532236,0,15.546898452532236,0,0,-0,-1.7029069015174025,0,45.771471008005477,45.771471008005477,0.15257157002668492,0,0,0,20,4.4531015474677638,0,2.6150000000000002,0,1,0,0,0,0
4,2.6200000000000001,524,45.848003575713221,0,0,0,15.53838391802465,0,15.53838391802465,0,0,-0,-1.7029069015174025,0,45.848003575713221,45.848003575713221,0.15282667858571075,0,0,0,20,4.4616160819753503,0,2.6200000000000001,0,1,0,0,0,0
4,2.625,525,45.924494217522984,0,0,0,15.529869383517063,0,15.529869383517063,0,0,-0,-1.7029069015174025,0,45.924494217522984,45.924494217522984,0.15308164739174329,0,0,0,20,4.4701306164829369,0,2.625,0,1,0,0,0,0
4,2.6299999999999999,526,46.000942933434764,0,0,0,15.521354849009477,0,15.521354849009477,0,0,-0,-1.7029069015174025,0,46.000942933434764,46.000942933434764,0.15333647644478254,0,0,0,20,4.4786451509905234,0,2.6299999999999999,0,1,0,0,0,0
4,2.6350000000000002,527,46.077349723448563,0,0,0,15.51284031450189,0,15.51284031450189,0,0,-0,-1.7029069015174025,0,46.077349723448563,46.077349723448563,0.15359116574482853,0,0,0,20,4.48715968549811,0,2.6350000000000002,0,1,0,0,0,0
4,2.6400000000000001,528,46.15371458756438,0,0,0,15.504325779994304,0,15.504325779994304,0,0,-0,-1.7029069015174025,0,46.15371458756438,46.15371458756438,0.15384571529188126,0,0,0,20,4.4956742200056965,0,2.6400000000000001,0,1,0,0,0,0
4,2.645,529,46.230037525782215,0,0,0,15.495811245486717,0,15.495811245486717,0,0,-0,-1.7029069015174025,0,46.230037525782215,46.230037525782215,0.15410012508594073,0,0,0,20,4.504188754513283,0,2.645,0,1,0,0,0,0
4,2.6499999999999999,530,46.306318538102069,0,0,0,15.48729671097913,0,15.48729671097913,0,0,-0,-1.7029069015174025,0,46.306318538102069,46.306318538102069,0.15435439512700688,0,0,0,20,4.5127032890208696,0,2.6499999999999999,0,1,0,0,0,0
4,2.6550000000000002,531,46.38255762452394,0,0,0,15.478782176471544,0,15.478782176471544,0,0,-0,-1.7029069015174025,0,46.38255762452394,46.38255762452394,0.1546085254150798,0,0,0,20,4.5212178235284561,0,2.6550000000000002,0,1,0,0,0,0
4,2.6600000000000001,532,46.45875478504783,0,0,0,15.470267641963957,0,15.470267641963957,0,0,-0,-1.7029069015174025,0,46.45875478504783,46.45875478504783,0.15486251595015943,0,0,0,20,4.5297323580360427,0,2.6600000000000001,0,1,0,0,0,0
4,2.665,533,46.534910019673738,0,0,0,15.461753107456371,0,15.461753107456371,0,0,-0,-1.7029069015174025,0,46.534910019673738,46.534910019673738,0.1551163667322458,0,0,0,20,4.5382468925436292,0,2.665,0,1,0,0,0,0
4,2.6699999999999999,534,46.611023328401664,0,0,0,15.453238572948784,0,15.453238572948784,0,0,-0,-1.7029069015174025,0,46.611023328401664,46.611023328401664,0.15537007776133888,0,0,0,20,4.5467614270512158,0,2.6699999999999999,0,1,0,0,0,0
4,2.6750000000000003,535,46.687094711231609,0,0,0,15.444724038441198,0,15.444724038441198,0,0,-0,-1.7029069015174025,0,46.687094711231609,46.687094711231609,0.15562364903743869,0,0,0,20,4.5552759615588023,0,2.6750000000000003,0,1,0,0,0,0
4,2.6800000000000002,536,46.763124168163571,0,0,0,15.436209503933611,0,15.436209503933611,0,0,-0,-1.7029069015174025,0,46.763124168163571,46.763124168163571,0.15587708056054525,0,0,0,20,4.5637904960663889,0,2.6800000000000002,0,1,0,0,0,0
4,2.6850000000000001,537,46.839111699197552,0,0,0,15.427694969426025,0,15.427694969426025,0,0,-0,-1.7029069015174025,0,46.839111699197552,46.839111699197552,0.15613037233065852,0,0,0,20,4.5723050305739754,0,2.6850000000000001,0,1,0,0,0,0
4,2.6899999999999999,538,46.915057304333551,0,0,0,15.419180434918438,0,15.419180434918438,0,0,-0,-1.7029069015174025,0,46.915057304333551,46.915057304333551,0.1563835243477785,0,0,0,20,4.580819565081562,0,2.6899999999999999,0,1,0,0,0,0
4,2.6949999999999998,539,46.990960983571568,0,0,0,15.410665900410851,0,15.410665900410851,0,0,-0,-1.7029069015174025,0,46.990960983571568,46.990960983571568,0.15663653661190524,0,0,0,20,4.5893340995891485,0,2.6949999999999998,0,1,0,0,0,0
4,2.7000000000000002,540,47.066822736911604,0,0,0,15.402151365903265,0,15.402151365903265,0,0,-0,-1.7029069015174025,0,47.066822736911604,47.066822736911604,0.15688940912303867,0,0,0,20,4.5978486340967351,0,2.7000000000000002,0,1,0,0,0,0
4,2.7050000000000001,541,47.142642564353658,0,0,0,15.393636831395678,0,15.393636831395678,0,0,-0,-1.7029069015174025,0,47.142642564353658,47.142642564353658,0.15714214188117887,0,0,0,20,4.6063631686043216,0,2.7050000000000001,0,1,0,0,0,0
4,2.71,542,47.218420465897729,0,0,0,15.385122296888092,0,15.385122296888092,0,0,-0,-1.7029069015174025,0,47.218420465897729,47.218420465897729,0.15739473488632577,0,0,0,20,4.6148777031119081,0,2.71,0,1,0,0,0,0
4,2.7149999999999999,543,47.294156441543819,0,0,0,15.376607762380505,0,15.376607762380505,0,0,-0,-1.7029069015174025,0,47.294156441543819,47.294156441543819,0.15764718813847939,0,0,0,20,4.6233922376194947,0,2.7149999999999999,0,1,0,0,0,0
4,2.7200000000000002,544,47.369850491291928,0,0,0,15.368093227872919,0,15.368093227872919,0,0,-0,-1.7029069015174025,0,47.369850491291928,47.369850491291928,0.15789950163763977,0,0,0,20,4.6319067721270812,0,2.7200000000000002,0,1,0,0,0,0
4,2.7250000000000001,545,47.445502615142054,0,0,0,15.359578693365332,0,15.359578693365332,0,0,-0,-1.7029069015174025,0,47.445502615142054,47.445502615142054,0.15815167538380684,0,0,0,20,4.6404213066346678,0,2.7250000000000001,0,1,0,0,0,0
4,2.73,546,47.521112813094199,0,0,0,15.351064158857746,0,15.351064158857746,0,0,-0,-1.7029069015174025,0,47.521112813094199,47.521112813094199,0.15840370937698067,0,0,0,20,4.6489358411422543,0,2.73,0,1,0,0,0,0
4,2.7349999999999999,547,47.596681085148361,0,0,0,15.342549624350159,0,15.342549624350159,0,0,-0,-1.7029069015174025,0,47.596681085148361,47.596681085148361,0.15865560361716122,0,0,0,20,4.6574503756498409,0,2.7349999999999999,0,1,0,0,0,0
4,2.7400000000000002,548,47.672207431304543,0,0,0,15.334035089842573,0,15.334035089842573,0,0,-0,-1.7029069015174025,0,47.672207431304543,47.672207431304543,0.15890735810434847,0,0,0,20,4.6659649101574274,0,2.7400000000000002,0,1,0,0,0,0
4,2.7450000000000001,549,47.747691851562742,0,0,0,15.325520555334986,0,15.325520555334986,0,0,-0,-1.7029069015174025,0,47.747691851562742,47.747691851562742,0.15915897283854247,0,0,0,20,4.674479444665014,0,2.7450000000000001,0,1,0,0,0,0
4,2.75,550,47.823134345922959,0,0,0,15.317006020827399,0,15.317006020827399,0,0,-0,-1.7029069015174025,0,47.823134345922959,47.823134345922959,0.1594104478197432,0,0,0,20,4.6829939791726005,0,2.75,0,1,0,0,0,0
4,2.7549999999999999,551,47.898534914385195,0,0,0,15.308491486319813,0,15.308491486319813,0,0,-0,-1.7029069015174025,0,47.898534914385195,47.898534914385195,0.15966178304795065,0,0,0,20,4.6915085136801871,0,2.7549999999999999,0,1,0,0,0,0
4,2.7600000000000002,552,47.973893556949449,0,0,0,15.299976951812226,0,15.299976951812226,0,0,-0,-1.7029069015174025,0,47.973893556949449,47.973893556949449,0.15991297852316483,0,0,0,20,4.7000230481877736,0,2.7600000000000002,0,1,0,0,0,0
4,2.7650000000000001,553,48.049210273615721,0,0,0,15.29146241730464,0,15.29146241730464,0,0,-0,-1.7029069015174025,0,48.049210273615721,48.049210273615721,0.16016403424538572,0,0,0,20,4.7085375826953602,0,2.7650000000000001,0,1,0,0,0,0
4,2.77,554,48.124485064384011,0,0,0,15.282947882797053,0,15.282947882797053,0,0,-0,-1.7029069015174025,0,48.124485064384011,48.124485064384011,0.16041495021461338,0,0,0,20,4.7170521172029467,0,2.77,0,1,0,0,0,0
4,2.7749999999999999,555,48.199717929254319,0,0,0,15.274433348289467,0,15.274433348289467,0,0,-0,-1.7029069015174025,0,48.199717929254319,48.199717929254319,0.16066572643084773,0,0,0,20,4.7255666517105333,0,2.7749999999999999,0,1,0,0,0,0
4,2.7800000000000002,556,48.274908868226646,0,0,0,15.26591881378188,0,15.26591881378188,0,0,-0,-1.7029069015174025,0,48.274908868226646,48.274908868226646,0.16091636289408881,0,0,0,20,4.7340811862181198,0,2.7800000000000002,0,1,0,0,0,0
4,2.7850000000000001,557,48.350057881300991,0,0,0,15.257404279274294,0,15.257404279274294,0,0,-0,-1.7029069015174025,0,48.350057881300991,48.350057881300991,0.16116685960433663,0,0,0,20,4.7425957207257063,0,2.7850000000000001,0,1,0,0,0,0
4,2.79,558,48.425164968477354,0,0,0,15.248889744766707,0,15.248889744766707,0,0,-0,-1.7029069015174025,0,48.425164968477354,48.425164968477354,0.16141721656159119,0,0,0,20,4.7511102552332929,0,2.79,0,1,0,0,0,0
4,2.7949999999999999,559,48.500230129755735,0,0,0,15.240375210259121,0,15.240375210259121,0,0,-0,-1.7029069015174025,0,48.500230129755735,48.500230129755735,0.16166743376585246,0,0,0,20,4.7596247897408794,0,2.7949999999999999,0,1,0,0,0,0
4,2.8000000000000003,560,48.575253365136135,0,0,0,15.231860675751534,0,15.231860675751534,0,0,-0,-1.7029069015174025,0,48.575253365136135,48.575253365136135,0.16191751121712045,0,0,0,20,4.768139324248466,0,2.8000000000000003,0,1,0,0,0,0
4,2.8050000000000002,561,48.650234674618552,0,0,0,15.223346141243947,0,15.223346141243947,0,0,-0,-1.7029069015174025,0,48.650234674618552,48.650234674618552,0.16216744891539517,0,0,0,20,4.7766538587560525,0,2.8050000000000002,0,1,0,0,0,0
4,2.8100000000000001,562,48.725174058202988,0,0,0,15.214831606736361,0,15.214831606736361,0,0,-0,-1.7029069015174025,0,48.725174058202988,48.725174058202988,0.16241724686067663,0,0,0,20,4.7851683932636391,0,2.8100000000000001,0,1,0,0,0,0
4,2.8149999999999999,563,48.800071515889442,0,0,0,15.206317072228774,0,15.206317072228774,0,0,-0,-1.7029069015174025,0,48.800071515889442,48.800071515889442,0.1626669050529648,0,0,0,20,4.7936829277712256,0,2.8149999999999999,0,1,0,0,0,0
4,2.8199999999999998,564,48.874927047677915,0,0,0,15.197802537721188,0,15.197802537721188,0,0,-0,-1.7029069015174025,0,48.874927047677915,48.874927047677915,0.16291642349225971,0,0,0,20,4.8021974622788122,0,2.8199999999999998,0,1,0,0,0,0
4,2.8250000000000002,565,48.949740653568405,0,0,0,15.189288003213601,0,15.189288003213601,0,0,-0,-1.7029069015174025,0,48.949740653568405,48.949740653568405,0.16316580217856136,0,0,0,20,4.8107119967863987,0,2.8250000000000002,0,1,0,0,0,0
4,2.8300000000000001,566,49.024512333560914,0,0,0,15.180773468706015,0,15.180773468706015,0,0,-0,-1.7029069015174025,0,49.024512333560914,49.024512333560914,0.16341504111186972,0,0,0,20,4.8192265312939853,0,2.8300000000000001,0,1,0,0,0,0
4,2.835,567,49.099242087655441,0,0,0,15.172258934198428,0,15.172258934198428,0,0,-0,-1.7029069015174025,0,49.099242087655441,49.099242087655441,0.16366414029218479,0,0,0,20,4.8277410658015718,0,2.835,0,1,0,0,0,0
4,2.8399999999999999,568,49.173929915851986,0,0,0,15.163744399690842,0,15.163744399690842,0,0,-0,-1.7029069015174025,0,49.173929915851986,49.173929915851986,0.16391309971950663,0,0,0,20,4.8362556003091584,0,2.8399999999999999,0,1,0,0,0,0
4,2.8450000000000002,569,49.248575818150549,0,0,0,15.155229865183255,0,15.155229865183255,0,0,-0,-1.7029069015174025,0,49.248575818150549,49.248575818150549,0.16416191939383518,0,0,0,20,4.8447701348167449,0,2.8450000000000002,0,1,0,0,0,0
4,2.8500000000000001,570,49.32317979455113,0,0,0,15.146715330675669,0,15.146715330675669,0,0,-0,-1.7029069015174025,0,49.32317979455113,49.32317979455113,0.16441059931517044,0,0,0,20,4.8532846693243314,0,2.8500000000000001,0,1,0,0,0,0
4,2.855,571,49.39774184505373,0,0,0,15.138200796168082,0,15.138200796168082,0,0,-0,-1.7029069015174025,0,49.39774184505373,49.39774184505373,0.16465913948351243,0,0,0,20,4.861799203831918,0,2.855,0,1,0,0,0,0
4,2.8599999999999999,572,49.472261969658348,0,0,0,15.129686261660495,0,15.129686261660495,0,0,-0,-1.7029069015174025,0,49.472261969658348,49.472261969658348,0.16490753989886117,0,0,0,20,4.8703137383395045,0,2.8599999999999999,0,1,0,0,0,0
4,2.8650000000000002,573,49.546740168364984,0,0,0,15.121171727152909,0,15.121171727152909,0,0,-0,-1.7029069015174025,0,49.546740168364984,49.546740168364984,0.16515580056121662,0,0,0,20,4.8788282728470911,0,2.8650000000000002,0,1,0,0,0,0
4,2.8700000000000001,574,49.621176441173638,0,0,0,15.112657192645322,0,15.112657192645322,0,0,-0,-1.7029069015174025,0,49.621176441173638,49.621176441173638,0.16540392147057881,0,0,0,20,4.8873428073546776,0,2.8700000000000001,0,1,0,0,0,0
4,2.875,575,49.695570788084311,0,0,0,15.104142658137736,0,15.104142658137736,0,0,-0,-1.7029069015174025,0,49.695570788084311,49.695570788084311,0.16565190262694771,0,0,0,20,4.8958573418622642,0,2.875,0,1,0,0,0,0
4,2.8799999999999999,576,49.769923209097001,0,0,0,15.095628123630149,0,15.095628123630149,0,0,-0,-1.7029069015174025,0,49.769923209097001,49.769923209097001,0.16589974403032334,0,0,0,20,4.9043718763698507,0,2.8799999999999999,0,1,0,0,0,0
4,2.8850000000000002,577,49.84423370421171,0,0,0,15.087113589122563,0,15.087113589122563,0,0,-0,-1.7029069015174025,0,49.84423370421171,49.84423370421171,0.16614744568070569,0,0,0,20,4.9128864108774373,0,2.8850000000000002,0,1,0,0,0,0
4,2.8900000000000001,578,49.918502273428437,0,0,0,15.078599054614976,0,15.078599054614976,0,0,-0,-1.7029069015174025,0,49.918502273428437,49.918502273428437,0.16639500757809478,0,0,0,20,4.9214009453850238,0,2.8900000000000001,0,1,0,0,0,0
4,2.895,579,49.992728916747183,0,0,0,15.07008452010739,0,15.07008452010739,0,0,-0,-1.7029069015174025,0,49.992728916747183,49.992728916747183,0.1666424297224906,0,0,0,20,4.9299154798926104,0,2.895,0,1,0,0,0,0
4,2.8999999999999999,580,50.066913634167946,0,0,0,15.061569985599803,0,15.061569985599803,0,0,-0,-1.7029069015174025,0,50.066913634167946,50.066913634167946,0.16688971211389314,0,0,0,20,4.9384300144001969,0,2.8999999999999999,0,1,0,0,0,0
4,2.9050000000000002,581,50.141056425690728,0,0,0,15.053055451092217,0,15.053055451092217,0,0,-0,-1.7029069015174025,0,50.141056425690728,50.141056425690728,0.16713685475230242,0,0,0,20,4.9469445489077835,0,2.9050000000000002,0,1,0,0,0,0
4,2.9100000000000001,582,50.215157291315528,0,0,0,15.04454091658463,0,15.04454091658463,0,0,-0,-1.7029069015174025,0,50.215157291315528,50.215157291315528,0.16738385763771843,0,0,0,20,4.95545908341537,0,2.9100000000000001,0,1,0,0,0,0
4,2.915,583,50.289216231042346,0,0,0,15.036026382077043,0,15.036026382077043,0,0,-0,-1.7029069015174025,0,50.289216231042346,50.289216231042346,0.16763072077014116,0,0,0,20,4.9639736179229565,0,2.915,0,1,0,0,0,0
4,2.9199999999999999,584,50.363233244871182,0,0,0,15.027511847569457,0,15.027511847569457,0,0,-0,-1.7029069015174025,0,50.363233244871182,50.363233244871182,0.16787744414957062,0,0,0,20,4.9724881524305431,0,2.9199999999999999,0,1,0,0,0,0
4,2.9250000000000003,585,50.437208332802037,0,0,0,15.01899731306187,0,15.01899731306187,0,0,-0,-1.7029069015174025,0,50.437208332802037,50.437208332802037,0.1681240277760068,0,0,0,20,4.9810026869381296,0,2.9250000000000003,0,1,0,0,0,0
4,2.9300000000000002,586,50.511141494834909,0,0,0,15.010482778554284,0,15.010482778554284,0,0,-0,-1.7029069015174025,0,50.511141494834909,50.511141494834909,0.16837047164944971,0,0,0,20,4.9895172214457162,0,2.9300000000000002,0,1,0,0,0,0
4,2.9350000000000001,587,50.5850327309698,0,0,0,15.001968244046697,0,15.001968244046697,0,0,-0,-1.7029069015174025,0,50.5850327309698,50.5850327309698,0.16861677576989934,0,0,0,20,4.9980317559533027,0,2.9350000000000001,0,1,0,0,0,0
4,2.9399999999999999,588,50.658882041206709,0,0,0,14.993453709539111,0,14.993453709539111,0,0,-0,-1.7029069015174025,0,50.658882041206709,50.658882041206709,0.1688629401373557,0,0,0,20,5.0065462904608893,0,2.9399999999999999,0,1,0,0,0,0
4,2.9449999999999998,589,50.732689425545637,0,0,0,14.984939175031524,0,14.984939175031524,0,0,-0,-1.7029069015174025,0,50.732689425545637,50.732689425545637,0.1691089647518188,0,0,0,20,5.0150608249684758,0,2.9449999999999998,0,1,0,0,0,0
4,2.9500000000000002,590,50.806454883986582,0,0,0,14.976424640523938,0,14.976424640523938,0,0,-0,-1.7029069015174025,0,50.806454883986582,50.806454883986582,0.16935484961328862,0,0,0,20,5.0235753594760624,0,2.9500000000000002,0,1,0,0,0,0
4,2.9550000000000001,591,50.880178416529546,0,0,0,14.967910106016351,0,14.967910106016351,0,0,-0,-1.7029069015174025,0,50.880178416529546,50.880178416529546,0.16960059472176514,0,0,0,20,5.0320898939836489,0,2.9550000000000001,0,1,0,0,0,0
4,2.96,592,50.953860023174528,0,0,0,14.959395571508765,0,14.959395571508765,0,0,-0,-1.7029069015174025,0,50.953860023174528,50.953860023174528,0.16984620007724843,0,0,0,20,5.0406044284912355,0,2.96,0,1,0,0,0,0
4,2.9649999999999999,593,51.027499703921528,0,0,0,14.950881037001178,0,14.950881037001178,0,0,-0,-1.7029069015174025,0,51.027499703921528,51.027499703921528,0.17009166567973844,0,0,0,20,5.049118962998822,0,2.9649999999999999,0,1,0,0,0,0
4,2.9700000000000002,594,51.101097458770546,0,0,0,14.942366502493591,0,14.942366502493591,0,0,-0,-1.7029069015174025,0,51.101097458770546,51.101097458770546,0.17033699152923515,0,0,0,20,5.0576334975064086,0,2.9700000000000002,0,1,0,0,0,0
4,2.9750000000000001,595,51.174653287721583,0,0,0,14.933851967986005,0,14.933851967986005,0,0,-0,-1.7029069015174025,0,51.174653287721583,51.174653287721583,0.1705821776257386,0,0,0,20,5.0661480320139951,0,2.9750000000000001,0,1,0,0,0,0
4,2.98,596,51.248167190774637,0,0,0,14.925337433478418,0,14.925337433478418,0,0,-0,-1.7029069015174025,0,51.248167190774637,51.248167190774637,0.17082722396924879,0,0,0,20,5.0746625665215817,0,2.98,0,1,0,0,0,0
4,2.9849999999999999,597,51.32163916792971,0,0,0,14.916822898970832,0,14.916822898970832,0,0,-0,-1.7029069015174025,0,51.32163916792971,51.32163916792971,0.17107213055976569,0,0,0,20,5.0831771010291682,0,2.9849999999999999,0,1,0,0,0,0
4,2.9900000000000002,598,51.395069219186801,0,0,0,14.908308364463245,0,14.908308364463245,0,0,-0,-1.7029069015174025,0,51.395069219186801,51.395069219186801,0.17131689739728934,0,0,0,20,5.0916916355367547,0,2.9900000000000002,0,1,0,0,0,0
4,2.9950000000000001,599,51.468457344545911,0,0,0,14.899793829955659,0,14.899793829955659,0,0,-0,-1.7029069015174025,0,51.468457344545911,51.468457344545911,0.17156152448181972,0,0,0,20,5.1002061700443413,0,2.9950000000000001,0,1,0,0,0,0
4,3,600,51.541803544007038,0,0,0,14.891279295448072,0,14.891279295448072,0,0,-0,-1.7029069015174025,0,51.541803544007038,51.541803544007038,0.17180601181335681,0,0,0,20,5.1087207045519278,0,3,0,1,0,0,0,0
4,3.0049999999999999,601,51.615107817570184,0,0,0,14.882764760940486,0,14.882764760940486,0,0,-0,-1.7029069015174025,0,51.615107817570184,51.615107817570184,0.17205035939190061,0,0,0,20,5.1172352390595144,0,3.0049999999999999,0,1,0,0,0,0
4,3.0100000000000002,602,51.688370165235348,0,0,0,14.874250226432899,0,14.874250226432899,0,0,-0,-1.7029069015174025,0,51.688370165235348,51.688370165235348,0.17229456721745115,0,0,0,20,5.1257497735671009,0,3.0100000000000002,0,1,0,0,0,0
4,3.0150000000000001,603,51.76159058700253,0,0,0,14.865735691925313,0,14.865735691925313,0,0,-0,-1.7029069015174025,0,51.76159058700253,51.76159058700253,0.17253863529000843,0,0,0,20,5.1342643080746875,0,3.0150000000000001,0,1,0,0,0,0
4,3.02,604,51.83476908287173,0,0,0,14.857221157417726,0,14.857221157417726,0,0,-0,-1.7029069015174025,0,51.83476908287173,51.83476908287173,0.17278256360957245,0,0,0,20,5.142778842582274,0,3.02,0,1,0,0,0,0
4,3.0249999999999999,605,51.907905652842949,0,0,0,14.848706622910139,0,14.848706622910139,0,0,-0,-1.7029069015174025,0,51.907905652842949,51.907905652842949,0.17302635217614315,0,0,0,20,5.1512933770898606,0,3.0249999999999999,0,1,0,0,0,0
4,3.0300000000000002,606,51.981000296916186,0,0,0,14.840192088402553,0,14.840192088402553,0,0,-0,-1.7029069015174025,0,51.981000296916186,51.981000296916186,0.17327000098972062,0,0,0,20,5.1598079115974471,0,3.0300000000000002,0,1,0,0,0,0
4,3.0350000000000001,607,52.054053015091441,0,0,0,14.831677553894966,0,14.831677553894966,0,0,-0,-1.7029069015174025,0,52.054053015091441,52.054053015091441,0.1735135100503048,0,0,0,20,5.1683224461050337,0,3.0350000000000001,0,1,0,0,0,0
4,3.04,608,52.127063807368714,0,0,0,14.82316301938738,0,14.82316301938738,0,0,-0,-1.7029069015174025,0,52.127063807368714,52.127063807368714,0.17375687935789572,0,0,0,20,5.1768369806126202,0,3.04,0,1,0,0,0,0
4,3.0449999999999999,609,52.200032673748005,0,0,0,14.814648484879793,0,14.814648484879793,0,0,-0,-1.7029069015174025,0,52.200032673748005,52.200032673748005,0.17400010891249335,0,0,0,20,5.1853515151202068,0,3.0449999999999999,0,1,0,0,0,0
4,3.0500000000000003,610,52.272959614229315,0,0,0,14.806133950372207,0,14.806133950372207,0,0,-0,-1.7029069015174025,0,52.272959614229315,52.272959614229315,0.17424319871409771,0,0,0,20,5.1938660496277933,0,3.0500000000000003,0,1,0,0,0,0
4,3.0550000000000002,611,52.345844628812642,0,0,0,14.79761941586462,0,14.79761941586462,0,0,-0,-1.7029069015174025,0,52.345844628812642,52.345844628812642,0.17448614876270882,0,0,0,20,5.2023805841353798,0,3.0550000000000002,0,1,0,0,0,0
4,3.0600000000000001,612,52.418687717497988,0,0,0,14.789104881357034,0,14.789104881357034,0,0,-0,-1.7029069015174025,0,52.418687717497988,52.418687717497988,0.17472895905832664,0,0,0,20,5.2108951186429664,0,3.0600000000000001,0,1,0,0,0,0
4,3.0649999999999999,613,52.491488880285353,0,0,0,14.780590346849447,0,14.780590346849447,0,0,-0,-1.7029069015174025,0,52.491488880285353,52.491488880285353,0.17497162960095117,0,0,0,20,5.2194096531505529,0,3.0649999999999999,0,1,0,0,0,0
4,3.0700000000000003,614,52.564248117174735,0,0,0,14.772075812341861,0,14.772075812341861,0,0,-0,-1.7029069015174025,0,52.564248117174735,52.564248117174735,0.17521416039058246,0,0,0,20,5.2279241876581395,0,3.0700000000000003,0,1,0,0,0,0
4,3.0750000000000002,615,52.636965428166135,0,0,0,14.763561277834274,0,14.763561277834274,0,0,-0,-1.7029069015174025,0,52.636965428166135,52.636965428166135,0.17545655142722044,0,0,0,20,5.236438722165726,0,3.0750000000000002,0,1,0,0,0,0
4,3.0800000000000001,616,52.709640813259554,0,0,0,14.755046743326687,0,14.755046743326687,0,0,-0,-1.7029069015174025,0,52.709640813259554,52.709640813259554,0.17569880271086519,0,0,0,20,5.2449532566733126,0,3.0800000000000001,0,1,0,0,0,0
4,3.085,617,52.782274272454991,0,0,0,14.746532208819101,0,14.746532208819101,0,0,-0,-1.7029069015174025,0,52.782274272454991,52.782274272454991,0.17594091424151664,0,0,0,20,5.2534677911808991,0,3.085,0,1,0,0,0,0
4,3.0899999999999999,618,52.854865805752446,0,0,0,14.738017674311514,0,14.738017674311514,0,0,-0,-1.7029069015174025,0,52.854865805752446,52.854865805752446,0.17618288601917481,0,0,0,20,5.2619823256884857,0,3.0899999999999999,0,1,0,0,0,0
4,3.0950000000000002,619,52.92741541315192,0,0,0,14.729503139803928,0,14.729503139803928,0,0,-0,-1.7029069015174025,0,52.92741541315192,52.92741541315192,0.17642471804383975,0,0,0,20,5.2704968601960722,0,3.0950000000000002,0,1,0,0,0,0
4,3.1000000000000001,620,52.999923094653411,0,0,0,14.720988605296341,0,14.720988605296341,0,0,-0,-1.7029069015174025,0,52.999923094653411,52.999923094653411,0.17666641031551136,0,0,0,20,5.2790113947036588,0,3.1000000000000001,0,1,0,0,0,0
4,3.105,621,53.072388850256921,0,0,0,14.712474070788755,0,14.712474070788755,0,0,-0,-1.7029069015174025,0,53.072388850256921,53.072388850256921,0.17690796283418975,0,0,0,20,5.2875259292112453,0,3.105,0,1,0,0,0,0
4,3.1099999999999999,622,53.144812679962449,0,0,0,14.703959536281168,0,14.703959536281168,0,0,-0,-1.7029069015174025,0,53.144812679962449,53.144812679962449,0.17714937559987484,0,0,0,20,5.2960404637188319,0,3.1099999999999999,0,1,0,0,0,0
4,3.1150000000000002,623,53.217194583769995,0,0,0,14.695445001773582,0,14.695445001773582,0,0,-0,-1.7029069015174025,0,53.217194583769995,53.217194583769995,0.17739064861256665,0,0,0,20,5.3045549982264184,0,3.1150000000000002,0,1,0,0,0,0
4,3.1200000000000001,624,53.289534561679559,0,0,0,14.686930467265995,0,14.686930467265995,0,0,-0,-1.7029069015174025,0,53.289534561679559,53.289534561679559,0.17763178187226519,0,0,0,20,5.313069532734005,0,3.1200000000000001,0,1,0,0,0,0
4,3.125,625,53.361832613691142,0,0,0,14.678415932758409,0,14.678415932758409,0,0,-0,-1.7029069015174025,0,53.361832613691142,53.361832613691142,0.17787277537897048,0,0,0,20,5.3215840672415915,0,3.125,0,1,0,0,0,0
4,3.1299999999999999,626,53.434088739804743,0,0,0,14.669901398250822,0,14.669901398250822,0,0,-0,-1.7029069015174025,0,53.434088739804743,53.434088739804743,0.17811362913268247,0,0,0,20,5.330098601749178,0,3.1299999999999999,0,1,0,0,0,0
4,3.1350000000000002,627,53.506302940020362,0,0,0,14.661386863743235,0,14.661386863743235,0,0,-0,-1.7029069015174025,0,53.506302940020362,53.506302940020362,0.17835434313340121,0,0,0,20,5.3386131362567646,0,3.1350000000000002,0,1,0,0,0,0
4,3.1400000000000001,628,53.578475214337999,0,0,0,14.652872329235649,0,14.652872329235649,0,0,-0,-1.7029069015174025,0,53.578475214337999,53.578475214337999,0.17859491738112665,0,0,0,20,5.3471276707643511,0,3.1400000000000001,0,1,0,0,0,0
4,3.145,629,53.650605562757654,0,0,0,14.644357794728062,0,14.644357794728062,0,0,-0,-1.7029069015174025,0,53.650605562757654,53.650605562757654,0.17883535187585886,0,0,0,20,5.3556422052719377,0,3.145,0,1,0,0,0,0
4,3.1499999999999999,630,53.722693985279328,0,0,0,14.635843260220476,0,14.635843260220476,0,0,-0,-1.7029069015174025,0,53.722693985279328,53.722693985279328,0.17907564661759776,0,0,0,20,5.3641567397795242,0,3.1499999999999999,0,1,0,0,0,0
4,3.1550000000000002,631,53.79474048190302,0,0,0,14.627328725712889,0,14.627328725712889,0,0,-0,-1.7029069015174025,0,53.79474048190302,53.79474048190302,0.17931580160634339,0,0,0,20,5.3726712742871108,0,3.1550000000000002,0,1,0,0,0,0
4,3.1600000000000001,632,53.86674505262873,0,0,0,14.618814191205303,0,14.618814191205303,0,0,-0,-1.7029069015174025,0,53.86674505262873,53.86674505262873,0.17955581684209576,0,0,0,20,5.3811858087946973,0,3.1600000000000001,0,1,0,0,0,0
4,3.165,633,53.938707697456458,0,0,0,14.610299656697716,0,14.610299656697716,0,0,-0,-1.7029069015174025,0,53.938707697456458,53.938707697456458,0.17979569232485487,0,0,0,20,5.3897003433022839,0,3.165,0,1,0,0,0,0
4,3.1699999999999999,634,54.010628416386204,0,0,0,14.60178512219013,0,14.60178512219013,0,0,-0,-1.7029069015174025,0,54.010628416386204,54.010628416386204,0.18003542805462069,0,0,0,20,5.3982148778098704,0,3.1699999999999999,0,1,0,0,0,0
4,3.1750000000000003,635,54.082507209417969,0,0,0,14.593270587682543,0,14.593270587682543,0,0,-0,-1.7029069015174025,0,54.082507209417969,54.082507209417969,0.18027502403139323,0,0,0,20,5.406729412317457,0,3.1750000000000003,0,1,0,0,0,0
4,3.1800000000000002,636,54.154344076551752,0,0,0,14.584756053174956,0,14.584756053174956,0,0,-0,-1.7029069015174025,0,54.154344076551752,54.154344076551752,0.1805144802551725,0,0,0,20,5.4152439468250435,0,3.1800000000000002,0,1,0,0,0,0
4,3.1850000000000001,637,54.226139017787553,0,0,0,14.57624151866737,0,14.57624151866737,0,0,-0,-1.7029069015174025,0,54.226139017787553,54.226139017787553,0.18075379672595851,0,0,0,20,5.4237584813326301,0,3.1850000000000001,0,1,0,0,0,0
4,3.1899999999999999,638,54.297892033125372,0,0,0,14.567726984159783,0,14.567726984159783,0,0,-0,-1.7029069015174025,0,54.297892033125372,54.297892033125372,0.18099297344375123,0,0,0,20,5.4322730158402166,0,3.1899999999999999,0,1,0,0,0,0
4,3.1950000000000003,639,54.369603122565209,0,0,0,14.559212449652197,0,14.559212449652197,0,0,-0,-1.7029069015174025,0,54.369603122565209,54.369603122565209,0.18123201040855069,0,0,0,20,5.4407875503478031,0,3.1950000000000003,0,1,0,0,0,0
4,3.2000000000000002,640,54.441272286107065,0,0,0,14.55069791514461,0,14.55069791514461,0,0,-0,-1.7029069015174025,0,54.441272286107065,54.441272286107065,0.18147090762035689,0,0,0,20,5.4493020848553897,0,3.2000000000000002,0,1,0,0,0,0
4,3.2050000000000001,641,54.512899523750939,0,0,0,14.542183380637024,0,14.542183380637024,0,0,-0,-1.7029069015174025,0,54.512899523750939,54.512899523750939,0.1817096650791698,0,0,0,20,5.4578166193629762,0,3.2050000000000001,0,1,0,0,0,0
4,3.21,642,54.584484835496831,0,0,0,14.533668846129437,0,14.533668846129437,0,0,-0,-1.7029069015174025,0,54.584484835496831,54.584484835496831,0.18194828278498942,0,0,0,20,5.4663311538705628,0,3.21,0,1,0,0,0,0
4,3.2149999999999999,643,54.656028221344741,0,0,0,14.525154311621851,0,14.525154311621851,0,0,-0,-1.7029069015174025,0,54.656028221344741,54.656028221344741,0.18218676073781581,0,0,0,20,5.4748456883781493,0,3.2149999999999999,0,1,0,0,0,0
4,3.2200000000000002,644,54.727529681294669,0,0,0,14.516639777114264,0,14.516639777114264,0,0,-0,-1.7029069015174025,0,54.727529681294669,54.727529681294669,0.18242509893764891,0,0,0,20,5.4833602228857359,0,3.2200000000000002,0,1,0,0,0,0
4,3.2250000000000001,645,54.798989215346616,0,0,0,14.508125242606678,0,14.508125242606678,0,0,-0,-1.7029069015174025,0,54.798989215346616,54.798989215346616,0.18266329738448872,0,0,0,20,5.4918747573933224,0,3.2250000000000001,0,1,0,0,0,0
4,3.23,646,54.870406823500581,0,0,0,14.499610708099091,0,14.499610708099091,0,0,-0,-1.7029069015174025,0,54.870406823500581,54.870406823500581,0.18290135607833527,0,0,0,20,5.500389291900909,0,3.23,0,1,0,0,0,0
4,3.2349999999999999,647,54.941782505756564,0,0,0,14.491096173591504,0,14.491096173591504,0,0,-0,-1.7029069015174025,0,54.941782505756564,54.941782505756564,0.18313927501918856,0,0,0,20,5.5089038264084955,0,3.2349999999999999,0,1,0,0,0,0
4,3.2400000000000002,648,55.013116262114565,0,0,0,14.482581639083918,0,14.482581639083918,0,0,-0,-1.7029069015174025,0,55.013116262114565,55.013116262114565,0.18337705420704856,0,0,0,20,5.5174183609160821,0,3.2400000000000002,0,1,0,0,0,0
4,3.2450000000000001,649,55.084408092574584,0,0,0,14.474067104576331,0,14.474067104576331,0,0,-0,-1.7029069015174025,0,55.084408092574584,55.084408092574584,0.18361469364191529,0,0,0,20,5.5259328954236686,0,3.2450000000000001,0,1,0,0,0,0
4,3.25,650,55.155657997136622,0,0,0,14.465552570068745,0,14.465552570068745,0,0,-0,-1.7029069015174025,0,55.155657997136622,55.155657997136622,0.18385219332378874,0,0,0,20,5.5344474299312552,0,3.25,0,1,0,0,0,0
4,3.2549999999999999,651,55.226865975800678,0,0,0,14.457038035561158,0,14.457038035561158,0,0,-0,-1.7029069015174025,0,55.226865975800678,55.226865975800678,0.18408955325266893,0,0,0,20,5.5429619644388417,0,3.2549999999999999,0,1,0,0,0,0
4,3.2600000000000002,652,55.298032028566752,0,0,0,14.448523501053572,0,14.448523501053572,0,0,-0,-1.7029069015174025,0,55.298032028566752,55.298032028566752,0.18432677342855583,0,0,0,20,5.5514764989464283,0,3.2600000000000002,0,1,0,0,0,0
4,3.2650000000000001,653,55.369156155434844,0,0,0,14.440008966545985,0,14.440008966545985,0,0,-0,-1.7029069015174025,0,55.369156155434844,55.369156155434844,0.18456385385144947,0,0,0,20,5.5599910334540148,0,3.2650000000000001,0,1,0,0,0,0
4,3.27,654,55.440238356404954,0,0,0,14.431494432038399,0,14.431494432038399,0,0,-0,-1.7029069015174025,0,55.440238356404954,55.440238356404954,0.18480079452134984,0,0,0,20,5.5685055679616013,0,3.27,0,1,0,0,0,0
4,3.2749999999999999,655,55.511278631477083,0,0,0,14.422979897530812,0,14.422979897530812,0,0,-0,-1.7029069015174025,0,55.511278631477083,55.511278631477083,0.18503759543825693,0,0,0,20,5.5770201024691879,0,3.2749999999999999,0,1,0,0,0,0
4,3.2800000000000002,656,55.58227698065123,0,0,0,14.414465363023226,0,14.414465363023226,0,0,-0,-1.7029069015174025,0,55.58227698065123,55.58227698065123,0.18527425660217076,0,0,0,20,5.5855346369767744,0,3.2800000000000002,0,1,0,0,0,0
4,3.2850000000000001,657,55.653233403927395,0,0,0,14.405950828515639,0,14.405950828515639,0,0,-0,-1.7029069015174025,0,55.653233403927395,55.653233403927395,0.18551077801309132,0,0,0,20,5.594049171484361,0,3.2850000000000001,0,1,0,0,0,0
4,3.29,658,55.724147901305578,0,0,0,14.397436294008052,0,14.397436294008052,0,0,-0,-1.7029069015174025,0,55.724147901305578,55.724147901305578,0.1857471596710186,0,0,0,20,5.6025637059919475,0,3.29,0,1,0,0,0,0
4,3.2949999999999999,659,55.795020472785779,0,0,0,14.388921759500466,0,14.388921759500466,0,0,-0,-1.7029069015174025,0,55.795020472785779,55.795020472785779,0.18598340157595261,0,0,0,20,5.6110782404995341,0,3.2949999999999999,0,1,0,0,0,0
4,3.3000000000000003,660,55.865851118367999,0,0,0,14.380407224992879,0,14.380407224992879,0,0,-0,-1.7029069015174025,0,55.865851118367999,55.865851118367999,0.18621950372789334,0,0,0,20,5.6195927750071206,0,3.3000000000000003,0,1,0,0,0,0
4,3.3050000000000002,661,55.936639838052237,0,0,0,14.371892690485293,0,14.371892690485293,0,0,-0,-1.7029069015174025,0,55.936639838052237,55.936639838052237,0.1864554661268408,0,0,0,20,5.6281073095147072,0,3.3050000000000002,0,1,0,0,0,0
4,3.3100000000000001,662,56.007386631838493,0,0,0,14.363378155977706,0,14.363378155977706,0,0,-0,-1.7029069015174025,0,56.007386631838493,56.007386631838493,0.18669128877279498,0,0,0,20,5.6366218440222937,0,3.3100000000000001,0,1,0,0,0,0
4,3.3149999999999999,663,56.078091499726767,0,0,0,14.35486362147012,0,14.35486362147012,0,0,-0,-1.7029069015174025,0,56.078091499726767,56.078091499726767,0.18692697166575589,0,0,0,20,5.6451363785298803,0,3.3149999999999999,0,1,0,0,0,0
4,3.3200000000000003,664,56.14875444171706,0,0,0,14.346349086962533,0,14.346349086962533,0,0,-0,-1.7029069015174025,0,56.14875444171706,56.14875444171706,0.18716251480572355,0,0,0,20,5.6536509130374668,0,3.3200000000000003,0,1,0,0,0,0
4,3.3250000000000002,665,56.21937545780937,0,0,0,14.337834552454947,0,14.337834552454947,0,0,-0,-1.7029069015174025,0,56.21937545780937,56.21937545780937,0.18739791819269791,0,0,0,20,5.6621654475450534,0,3.3250000000000002,0,1,0,0,0,0
4,3.3300000000000001,666,56.289954548003699,0,0,0,14.32932001794736,0,14.32932001794736,0,0,-0,-1.7029069015174025,0,56.289954548003699,56.289954548003699,0.18763318182667899,0,0,0,20,5.6706799820526399,0,3.3300000000000001,0,1,0,0,0,0
4,3.335,667,56.360491712300046,0,0,0,14.320805483439774,0,14.320805483439774,0,0,-0,-1.7029069015174025,0,56.360491712300046,56.360491712300046,0.18786830570766683,0,0,0,20,5.6791945165602264,0,3.335,0,1,0,0,0,0
4,3.3399999999999999,668,56.430986950698411,0,0,0,14.312290948932187,0,14.312290948932187,0,0,-0,-1.7029069015174025,0,56.430986950698411,56.430986950698411,0.18810328983566138,0,0,0,20,5.687709051067813,0,3.3399999999999999,0,1,0,0,0,0
4,3.3450000000000002,669,56.501440263198795,0,0,0,14.3037764144246,0,14.3037764144246,0,0,-0,-1.7029069015174025,0,56.501440263198795,56.501440263198795,0.18833813421066264,0,0,0,20,5.6962235855753995,0,3.3450000000000002,0,1,0,0,0,0
4,3.3500000000000001,670,56.571851649801197,0,0,0,14.295261879917014,0,14.295261879917014,0,0,-0,-1.7029069015174025,0,56.571851649801197,56.571851649801197,0.18857283883267065,0,0,0,20,5.7047381200829861,0,3.3500000000000001,0,1,0,0,0,0
4,3.355,671,56.642221110505616,0,0,0,14.286747345409427,0,14.286747345409427,0,0,-0,-1.7029069015174025,0,56.642221110505616,56.642221110505616,0.18880740370168539,0,0,0,20,5.7132526545905726,0,3.355,0,1,0,0,0,0
4,3.3599999999999999,672,56.712548645312054,0,0,0,14.278232810901841,0,14.278232810901841,0,0,-0,-1.7029069015174025,0,56.712548645312054,56.712548645312054,0.18904182881770684,0,0,0,20,5.7217671890981592,0,3.3599999999999999,0,1,0,0,0,0
4,3.3650000000000002,673,56.782834254220511,0,0,0,14.269718276394254,0,14.269718276394254,0,0,-0,-1.7029069015174025,0,56.782834254220511,56.782834254220511,0.18927611418073503,0,0,0,20,5.7302817236057457,0,3.3650000000000002,0,1,0,0,0,0
4,3.3700000000000001,674,56.853077937230985,0,0,0,14.261203741886668,0,14.261203741886668,0,0,-0,-1.7029069015174025,0,56.853077937230985,56.853077937230985,0.18951025979076996,0,0,0,20,5.7387962581133323,0,3.3700000000000001,0,1,0,0,0,0
4,3.375,675,56.923279694343478,0,0,0,14.252689207379081,0,14.252689207379081,0,0,-0,-1.7029069015174025,0,56.923279694343478,56.923279694343478,0.18974426564781161,0,0,0,20,5.7473107926209188,0,3.375,0,1,0,0,0,0
4,3.3799999999999999,676,56.993439525557989,0,0,0,14.244174672871495,0,14.244174672871495,0,0,-0,-1.7029069015174025,0,56.993439525557989,56.993439525557989,0.18997813175185996,0,0,0,20,5.7558253271285054,0,3.3799999999999999,0,1,0,0,0,0
4,3.3850000000000002,677,57.063557430874518,0,0,0,14.235660138363908,0,14.235660138363908,0,0,-0,-1.7029069015174025,0,57.063557430874518,57.063557430874518,0.19021185810291505,0,0,0,20,5.7643398616360919,0,3.3850000000000002,0,1,0,0,0,0
4,3.3900000000000001,678,57.133633410293065,0,0,0,14.227145603856322,0,14.227145603856322,0,0,-0,-1.7029069015174025,0,57.133633410293065,57.133633410293065,0.19044544470097688,0,0,0,20,5.7728543961436785,0,3.3900000000000001,0,1,0,0,0,0
4,3.395,679,57.20366746381363,0,0,0,14.218631069348735,0,14.218631069348735,0,0,-0,-1.7029069015174025,0,57.20366746381363,57.20366746381363,0.19067889154604545,0,0,0,20,5.781368930651265,0,3.395,0,1,0,0,0,0
4,3.3999999999999999,680,57.273659591436214,0,0,0,14.210116534841148,0,14.210116534841148,0,0,-0,-1.7029069015174025,0,57.273659591436214,57.273659591436214,0.1909121986381207,0,0,0,20,5.7898834651588515,0,3.3999999999999999,0,1,0,0,0,0
4,3.4050000000000002,681,57.343609793160816,0,0,0,14.201602000333562,0,14.201602000333562,0,0,-0,-1.7029069015174025,0,57.343609793160816,57.343609793160816,0.19114536597720272,0,0,0,20,5.7983979996664381,0,3.4050000000000002,0,1,0,0,0,0
4,3.4100000000000001,682,57.413518068987436,0,0,0,14.193087465825975,0,14.193087465825975,0,0,-0,-1.7029069015174025,0,57.413518068987436,57.413518068987436,0.19137839356329145,0,0,0,20,5.8069125341740246,0,3.4100000000000001,0,1,0,0,0,0
4,3.415,683,57.483384418916074,0,0,0,14.184572931318389,0,14.184572931318389,0,0,-0,-1.7029069015174025,0,57.483384418916074,57.483384418916074,0.19161128139638692,0,0,0,20,5.8154270686816112,0,3.415,0,1,0,0,0,0
4,3.4199999999999999,684,57.553208842946731,0,0,0,14.176058396810802,0,14.176058396810802,0,0,-0,-1.7029069015174025,0,57.553208842946731,57.553208842946731,0.1918440294764891,0,0,0,20,5.8239416031891977,0,3.4199999999999999,0,1,0,0,0,0
4,3.4250000000000003,685,57.622991341079405,0,0,0,14.167543862303216,0,14.167543862303216,0,0,-0,-1.7029069015174025,0,57.622991341079405,57.622991341079405,0.19207663780359802,0,0,0,20,5.8324561376967843,0,3.4250000000000003,0,1,0,0,0,0
4,3.4300000000000002,686,57.692731913314098,0,0,0,14.159029327795629,0,14.159029327795629,0,0,-0,-1.7029069015174025,0,57.692731913314098,57.692731913314098,0.19230910637771367,0,0,0,20,5.8409706722043708,0,3.4300000000000002,0,1,0,0,0,0
4,3.4350000000000001,687,57.762430559650809,0,0,0,14.150514793288043,0,14.150514793288043,0,0,-0,-1.7029069015174025,0,57.762430559650809,57.762430559650809,0.19254143519883604,0,0,0,20,5.8494852067119574,0,3.4350000000000001,0,1,0,0,0,0
4,3.4399999999999999,688,57.832087280089539,0,0,0,14.142000258780456,0,14.142000258780456,0,0,-0,-1.7029069015174025,0,57.832087280089539,57.832087280089539,0.19277362426696512,0,0,0,20,5.8579997412195439,0,3.4399999999999999,0,1,0,0,0,0
4,3.4450000000000003,689,57.901702074630286,0,0,0,14.13348572427287,0,14.13348572427287,0,0,-0,-1.7029069015174025,0,57.901702074630286,57.901702074630286,0.19300567358210097,0,0,0,20,5.8665142757271305,0,3.4450000000000003,0,1,0,0,0,0
4,3.4500000000000002,690,57.971274943273052,0,0,0,14.124971189765283,0,14.124971189765283,0,0,-0,-1.7029069015174025,0,57.971274943273052,57.971274943273052,0.1932375831442435,0,0,0,20,5.875028810234717,0,3.4500000000000002,0,1,0,0,0,0
4,3.4550000000000001,691,58.040805886017836,0,0,0,14.116456655257696,0,14.116456655257696,0,0,-0,-1.7029069015174025,0,58.040805886017836,58.040805886017836,0.19346935295339279,0,0,0,20,5.8835433447423036,0,3.4550000000000001,0,1,0,0,0,0
4,3.46,692,58.110294902864638,0,0,0,14.10794212075011,0,14.10794212075011,0,0,-0,-1.7029069015174025,0,58.110294902864638,58.110294902864638,0.1937009830095488,0,0,0,20,5.8920578792498901,0,3.46,0,1,0,0,0,0
4,3.4649999999999999,693,58.179741993813458,0,0,0,14.099427586242523,0,14.099427586242523,0,0,-0,-1.7029069015174025,0,58.179741993813458,58.179741993813458,0.19393247331271152,0,0,0,20,5.9005724137574767,0,3.4649999999999999,0,1,0,0,0,0
4,3.4700000000000002,694,58.249147158864297,0,0,0,14.090913051734937,0,14.090913051734937,0,0,-0,-1.7029069015174025,0,58.249147158864297,58.249147158864297,0.194163823862881,0,0,0,20,5.9090869482650632,0,3.4700000000000002,0,1,0,0,0,0
4,3.4750000000000001,695,58.318510398017153,0,0,0,14.08239851722735,0,14.08239851722735,0,0,-0,-1.7029069015174025,0,58.318510398017153,58.318510398017153,0.19439503466005717,0,0,0,20,5.9176014827726497,0,3.4750000000000001,0,1,0,0,0,0
4,3.48,696,58.387831711272028,0,0,0,14.073883982719764,0,14.073883982719764,0,0,-0,-1.7029069015174025,0,58.387831711272028,58.387831711272028,0.1946261057042401,0,0,0,20,5.9261160172802363,0,3.48,0,1,0,0,0,0
4,3.4849999999999999,697,58.457111098628921,0,0,0,14.065369448212177,0,14.065369448212177,0,0,-0,-1.7029069015174025,0,58.457111098628921,58.457111098628921,0.19485703699542975,0,0,0,20,5.9346305517878228,0,3.4849999999999999,0,1,0,0,0,0
4,3.4900000000000002,698,58.526348560087833,0,0,0,14.056854913704591,0,14.056854913704591,0,0,-0,-1.7029069015174025,0,58.526348560087833,58.526348560087833,0.19508782853362611,0,0,0,20,5.9431450862954094,0,3.4900000000000002,0,1,0,0,0,0
4,3.4950000000000001,699,58.595544095648762,0,0,0,14.048340379197004,0,14.048340379197004,0,0,-0,-1.7029069015174025,0,58.595544095648762,58.595544095648762,0.1953184803188292,0,0,0,20,5.9516596208029959,0,3.4950000000000001,0,1,0,0,0,0
4,3.5,700,58.66469770531171,0,0,0,14.039825844689418,0,14.039825844689418,0,0,-0,-1.7029069015174025,0,58.66469770531171,58.66469770531171,0.19554899235103904,0,0,0,20,5.9601741553105825,0,3.5,0,1,0,0,0,0
4,3.5049999999999999,701,58.733809389076676,0,0,0,14.031311310181831,0,14.031311310181831,0,0,-0,-1.7029069015174025,0,58.733809389076676,58.733809389076676,0.19577936463025558,0,0,0,20,5.968688689818169,0,3.5049999999999999,0,1,0,0,0,0
4,3.5100000000000002,702,58.80287914694366,0,0,0,14.022796775674244,0,14.022796775674244,0,0,-0,-1.7029069015174025,0,58.80287914694366,58.80287914694366,0.19600959715647887,0,0,0,20,5.9772032243257556,0,3.5100000000000002,0,1,0,0,0,0
4,3.5150000000000001,703,58.871906978912662,0,0,0,14.014282241166658,0,14.014282241166658,0,0,-0,-1.7029069015174025,0,58.871906978912662,58.871906978912662,0.19623968992970886,0,0,0,20,5.9857177588333421,0,3.5150000000000001,0,1,0,0,0,0
4,3.52,704,58.940892884983683,0,0,0,14.005767706659071,0,14.005767706659071,0,0,-0,-1.7029069015174025,0,58.940892884983683,58.940892884983683,0.19646964294994562,0,0,0,20,5.9942322933409287,0,3.52,0,1,0,0,0,0
4,3.5249999999999999,705,59.009836865156721,0,0,0,13.997253172151485,0,13.997253172151485,0,0,-0,-1.7029069015174025,0,59.009836865156721,59.009836865156721,0.19669945621718907,0,0,0,20,6.0027468278485152,0,3.5249999999999999,0,1,0,0,0,0
4,3.5300000000000002,706,59.078738919431778,0,0,0,13.988738637643898,0,13.988738637643898,0,0,-0,-1.7029069015174025,0,59.078738919431778,59.078738919431778,0.19692912973143925,0,0,0,20,6.0112613623561018,0,3.5300000000000002,0,1,0,0,0,0
4,3.5350000000000001,707,59.147599047808853,0,0,0,13.980224103136312,0,13.980224103136312,0,0,-0,-1.7029069015174025,0,59.147599047808853,59.147599047808853,0.19715866349269617,0,0,0,20,6.0197758968636883,0,3.5350000000000001,0,1,0,0,0,0
4,3.54,708,59.216417250287947,0,0,0,13.971709568628725,0,13.971709568628725,0,0,-0,-1.7029069015174025,0,59.216417250287947,59.216417250287947,0.19738805750095983,0,0,0,20,6.0282904313712748,0,3.54,0,1,0,0,0,0
4,3.5449999999999999,709,59.285193526869058,0,0,0,13.963195034121139,0,13.963195034121139,0,0,-0,-1.7029069015174025,0,59.285193526869058,59.285193526869058,0.19761731175623021,0,0,0,20,6.0368049658788614,0,3.5449999999999999,0,1,0,0,0,0
4,3.5500000000000003,710,59.353927877552188,0,0,0,13.954680499613552,0,13.954680499613552,0,0,-0,-1.7029069015174025,0,59.353927877552188,59.353927877552188,0.19784642625850729,0,0,0,20,6.0453195003864479,0,3.5500000000000003,0,1,0,0,0,0
4,3.5550000000000002,711,59.422620302337336,0,0,0,13.946165965105966,0,13.946165965105966,0,0,-0,-1.7029069015174025,0,59.422620302337336,59.422620302337336,0.19807540100779111,0,0,0,20,6.0538340348940345,0,3.5550000000000002,0,1,0,0,0,0
4,3.5600000000000001,712,59.491270801224502,0,0,0,13.937651430598379,0,13.937651430598379,0,0,-0,-1.7029069015174025,0,59.491270801224502,59.491270801224502,0.19830423600408167,0,0,0,20,6.062348569401621,0,3.5600000000000001,0,1,0,0,0,0
4,3.5649999999999999,713,59.559879374213686,0,0,0,13.929136896090792,0,13.929136896090792,0,0,-0,-1.7029069015174025,0,59.559879374213686,59.559879374213686,0.19853293124737895,0,0,0,20,6.0708631039092076,0,3.5649999999999999,0,1,0,0,0,0
4,3.5700000000000003,714,59.628446021304889,0,0,0,13.920622361583206,0,13.920622361583206,0,0,-0,-1.7029069015174025,0,59.628446021304889,59.628446021304889,0.19876148673768296,0,0,0,20,6.0793776384167941,0,3.5700000000000003,0,1,0,0,0,0
4,3.5750000000000002,715,59.69697074249811,0,0,0,13.912107827075619,0,13.912107827075619,0,0,-0,-1.7029069015174025,0,59.69697074249811,59.69697074249811,0.19898990247499371,0,0,0,20,6.0878921729243807,0,3.5750000000000002,0,1,0,0,0,0
4,3.5800000000000001,716,59.765453537793348,0,0,0,13.903593292568033,0,13.903593292568033,0,0,-0,-1.7029069015174025,0,59.765453537793348,59.765453537793348,0.19921817845931117,0,0,0,20,6.0964067074319672,0,3.5800000000000001,0,1,0,0,0,0
4,3.585,717,59.833894407190606,0,0,0,13.895078758060446,0,13.895078758060446,0,0,-0,-1.7029069015174025,0,59.833894407190606,59.833894407190606,0.19944631469063534,0,0,0,20,6.1049212419395538,0,3.585,0,1,0,0,0,0
4,3.5899999999999999,718,59.902293350689881,0,0,0,13.88656422355286,0,13.88656422355286,0,0,-0,-1.7029069015174025,0,59.902293350689881,59.902293350689881,0.19967431116896628,0,0,0,20,6.1134357764471403,0,3.5899999999999999,0,1,0,0,0,0
4,3.5950000000000002,719,59.970650368291174,0,0,0,13.878049689045273,0,13.878049689045273,0,0,-0,-1.7029069015174025,0,59.970650368291174,59.970650368291174,0.19990216789430393,0,0,0,20,6.1219503109547269,0,3.5950000000000002,0,1,0,0,0,0
4,3.6000000000000001,720,60.038965459994486,0,0,0,13.869535154537687,0,13.869535154537687,0,0,-0,-1.7029069015174025,0,60.038965459994486,60.038965459994486,0.20012988486664829,0,0,0,20,6.1304648454623134,0,3.6000000000000001,0,1,0,0,0,0
4,3.605,721,60.107238625799816,0,0,0,13.8610206200301,0,13.8610206200301,0,0,-0,-1.7029069015174025,0,60.107238625799816,60.107238625799816,0.20035746208599939,0,0,0,20,6.1389793799699,0,3.605,0,1,0,0,0,0
4,3.6099999999999999,722,60.175469865707164,0,0,0,13.852506085522514,0,13.852506085522514,0,0,-0,-1.7029069015174025,0,60.175469865707164,60.175469865707164,0.20058489955235723,0,0,0,20,6.1474939144774865,0,3.6099999999999999,0,1,0,0,0,0
4,3.6150000000000002,723,60.243659179716531,0,0,0,13.843991551014927,0,13.843991551014927,0,0,-0,-1.7029069015174025,0,60.243659179716531,60.243659179716531,0.20081219726572178,0,0,0,20,6.156008448985073,0,3.6150000000000002,0,1,0,0,0,0
4,3.6200000000000001,724,60.311806567827915,0,0,0,13.83547701650734,0,13.83547701650734,0,0,-0,-1.7029069015174025,0,60.311806567827915,60.311806567827915,0.20103935522609306,0,0,0,20,6.1645229834926596,0,3.6200000000000001,0,1,0,0,0,0
4,3.625,725,60.379912030041318,0,0,0,13.826962481999754,0,13.826962481999754,0,0,-0,-1.7029069015174025,0,60.379912030041318,60.379912030041318,0.20126637343347106,0,0,0,20,6.1730375180002461,0,3.625,0,1,0,0,0,0
4,3.6299999999999999,726,60.447975566356739,0,0,0,13.818447947492167,0,13.818447947492167,0,0,-0,-1.7029069015174025,0,60.447975566356739,60.447975566356739,0.2014932518878558,0,0,0,20,6.1815520525078327,0,3.6299999999999999,0,1,0,0,0,0
4,3.6350000000000002,727,60.515997176774178,0,0,0,13.809933412984581,0,13.809933412984581,0,0,-0,-1.7029069015174025,0,60.515997176774178,60.515997176774178,0.20171999058924725,0,0,0,20,6.1900665870154192,0,3.6350000000000002,0,1,0,0,0,0
4,3.6400000000000001,728,60.583976861293635,0,0,0,13.801418878476994,0,13.801418878476994,0,0,-0,-1.7029069015174025,0,60.583976861293635,60.583976861293635,0.20194658953764544,0,0,0,20,6.1985811215230058,0,3.6400000000000001,0,1,0,0,0,0
4,3.645,729,60.651914619915111,0,0,0,13.792904343969408,0,13.792904343969408,0,0,-0,-1.7029069015174025,0,60.651914619915111,60.651914619915111,0.20217304873305036,0,0,0,20,6.2070956560305923,0,3.645,0,1,0,0,0,0
4,3.6499999999999999,730,60.719810452638605,0,0,0,13.784389809461821,0,13.784389809461821,0,0,-0,-1.7029069015174025,0,60.719810452638605,60.719810452638605,0.202399368175462,0,0,0,20,6.2156101905381789,0,3.6499999999999999,0,1,0,0,0,0
4,3.6550000000000002,731,60.787664359464117,0,0,0,13.775875274954235,0,13.775875274954235,0,0,-0,-1.7029069015174025,0,60.787664359464117,60.787664359464117,0.20262554786488038,0,0,0,20,6.2241247250457654,0,3.6550000000000002,0,1,0,0,0,0
4,3.6600000000000001,732,60.855476340391647,0,0,0,13.767360740446648,0,13.767360740446648,0,0,-0,-1.7029069015174025,0,60.855476340391647,60.855476340391647,0.20285158780130549,0,0,0,20,6.232639259553352,0,3.6600000000000001,0,1,0,0,0,0
4,3.665,733,60.923246395421195,0,0,0,13.758846205939061,0,13.758846205939061,0,0,-0,-1.7029069015174025,0,60.923246395421195,60.923246395421195,0.20307748798473732,0,0,0,20,6.2411537940609385,0,3.665,0,1,0,0,0,0
4,3.6699999999999999,734,60.990974524552762,0,0,0,13.750331671431475,0,13.750331671431475,0,0,-0,-1.7029069015174025,0,60.990974524552762,60.990974524552762,0.20330324841517589,0,0,0,20,6.2496683285685251,0,3.6699999999999999,0,1,0,0,0,0
4,3.6750000000000003,735,61.058660727786346,0,0,0,13.741817136923888,0,13.741817136923888,0,0,-0,-1.7029069015174025,0,61.058660727786346,61.058660727786346,0.20352886909262116,0,0,0,20,6.2581828630761116,0,3.6750000000000003,0,1,0,0,0,0
4,3.6800000000000002,736,61.126305005121949,0,0,0,13.733302602416302,0,13.733302602416302,0,0,-0,-1.7029069015174025,0,61.126305005121949,61.126305005121949,0.20375435001707318,0,0,0,20,6.2666973975836981,0,3.6800000000000002,0,1,0,0,0,0
4,3.6850000000000001,737,61.193907356559571,0,0,0,13.724788067908715,0,13.724788067908715,0,0,-0,-1.7029069015174025,0,61.193907356559571,61.193907356559571,0.2039796911885319,0,0,0,20,6.2752119320912847,0,3.6850000000000001,0,1,0,0,0,0
4,3.6899999999999999,738,61.26146778209921,0,0,0,13.716273533401129,0,13.716273533401129,0,0,-0,-1.7029069015174025,0,61.26146778209921,61.26146778209921,0.20420489260699737,0,0,0,20,6.2837264665988712,0,3.6899999999999999,0,1,0,0,0,0
4,3.6950000000000003,739,61.328986281740868,0,0,0,13.707758998893542,0,13.707758998893542,0,0,-0,-1.7029069015174025,0,61.328986281740868,61.328986281740868,0.20442995427246957,0,0,0,20,6.2922410011064578,0,3.6950000000000003,0,1,0,0,0,0
4,3.7000000000000002,740,61.396462855484543,0,0,0,13.699244464385956,0,13.699244464385956,0,0,-0,-1.7029069015174025,0,61.396462855484543,61.396462855484543,0.20465487618494849,0,0,0,20,6.3007555356140443,0,3.7000000000000002,0,1,0,0,0,0
4,3.7050000000000001,741,61.463897503330237,0,0,0,13.690729929878369,0,13.690729929878369,0,0,-0,-1.7029069015174025,0,61.463897503330237,61.463897503330237,0.20487965834443411,0,0,0,20,6.3092700701216309,0,3.7050000000000001,0,1,0,0,0,0
4,3.71,742,61.531290225277949,0,0,0,13.682215395370783,0,13.682215395370783,0,0,-0,-1.7029069015174025,0,61.531290225277949,61.531290225277949,0.2051043007509265,0,0,0,20,6.3177846046292174,0,3.71,0,1,0,0,0,0
4,3.7149999999999999,743,61.59864102132768,0,0,0,13.673700860863196,0,13.673700860863196,0,0,-0,-1.7029069015174025,0,61.59864102132768,61.59864102132768,0.20532880340442561,0,0,0,20,6.326299139136804,0,3.7149999999999999,0,1,0,0,0,0
4,3.7200000000000002,744,61.665949891479428,0,0,0,13.665186326355609,0,13.665186326355609,0,0,-0,-1.7029069015174025,0,61.665949891479428,61.665949891479428,0.20555316630493142,0,0,0,20,6.3348136736443905,0,3.7200000000000002,0,1,0,0,0,0
4,3.7250000000000001,745,61.733216835733195,0,0,0,13.656671791848023,0,13.656671791848023,0,0,-0,-1.7029069015174025,0,61.733216835733195,61.733216835733195,0.20577738945244398,0,0,0,20,6.3433282081519771,0,3.7250000000000001,0,1,0,0,0,0
4,3.73,746,61.80044185408898,0,0,0,13.648157257340436,0,13.648157257340436,0,0,-0,-1.7029069015174025,0,61.80044185408898,61.80044185408898,0.20600147284696327,0,0,0,20,6.3518427426595636,0,3.73,0,1,0,0,0,0
4,3.7349999999999999,747,61.867624946546783,0,0,0,13.63964272283285,0,13.63964272283285,0,0,-0,-1.7029069015174025,0,61.867624946546783,61.867624946546783,0.20622541648848927,0,0,0,20,6.3603572771671502,0,3.7349999999999999,0,1,0,0,0,0
4,3.7400000000000002,748,61.934766113106605,0,0,0,13.631128188325263,0,13.631128188325263,0,0,-0,-1.7029069015174025,0,61.934766113106605,61.934766113106605,0.20644922037702201,0,0,0,20,6.3688718116747367,0,3.7400000000000002,0,1,0,0,0,0
4,3.7450000000000001,749,62.001865353768444,0,0,0,13.622613653817677,0,13.622613653817677,0,0,-0,-1.7029069015174025,0,62.001865353768444,62.001865353768444,0.20667288451256149,0,0,0,20,6.3773863461823233,0,3.7450000000000001,0,1,0,0,0,0
4,3.75,750,62.068922668532302,0,0,0,13.61409911931009,0,13.61409911931009,0,0,-0,-1.7029069015174025,0,62.068922668532302,62.068922668532302,0.20689640889510769,0,0,0,20,6.3859008806899098,0,3.75,0,1,0,0,0,0
4,3.7549999999999999,751,62.135938057398178,0,0,0,13.605584584802504,0,13.605584584802504,0,0,-0,-1.7029069015174025,0,62.135938057398178,62.135938057398178,0.20711979352466059,0,0,0,20,6.3944154151974963,0,3.7549999999999999,0,1,0,0,0,0
4,3.7600000000000002,752,62.202911520366072,0,0,0,13.597070050294917,0,13.597070050294917,0,0,-0,-1.7029069015174025,0,62.202911520366072,62.202911520366072,0.20734303840122023,0,0,0,20,6.4029299497050829,0,3.7600000000000002,0,1,0,0,0,0
4,3.7650000000000001,753,62.269843057435985,0,0,0,13.588555515787331,0,13.588555515787331,0,0,-0,-1.7029069015174025,0,62.269843057435985,62.269843057435985,0.20756614352478661,0,0,0,20,6.4114444842126694,0,3.7650000000000001,0,1,0,0,0,0
4,3.77,754,62.336732668607915,0,0,0,13.580040981279744,0,13.580040981279744,0,0,-0,-1.7029069015174025,0,62.336732668607915,62.336732668607915,0.20778910889535973,0,0,0,20,6.419959018720256,0,3.77,0,1,0,0,0,0
4,3.7749999999999999,755,62.403580353881864,0,0,0,13.571526446772157,0,13.571526446772157,0,0,-0,-1.7029069015174025,0,62.403580353881864,62.403580353881864,0.20801193451293953,0,0,0,20,6.4284735532278425,0,3.7749999999999999,0,1,0,0,0,0
4,3.7800000000000002,756,62.470386113257831,0,0,0,13.563011912264571,0,13.563011912264571,0,0,-0,-1.7029069015174025,0,62.470386113257831,62.470386113257831,0.2082346203775261,0,0,0,20,6.4369880877354291,0,3.7800000000000002,0,1,0,0,0,0
4,3.7850000000000001,757,62.537149946735816,0,0,0,13.554497377756984,0,13.554497377756984,0,0,-0,-1.7029069015174025,0,62.537149946735816,62.537149946735816,0.20845716648911938,0,0,0,20,6.4455026222430156,0,3.7850000000000001,0,1,0,0,0,0
4,3.79,758,62.60387185431582,0,0,0,13.545982843249398,0,13.545982843249398,0,0,-0,-1.7029069015174025,0,62.60387185431582,62.60387185431582,0.2086795728477194,0,0,0,20,6.4540171567506022,0,3.79,0,1,0,0,0,0
4,3.7949999999999999,759,62.670551835997841,0,0,0,13.537468308741811,0,13.537468308741811,0,0,-0,-1.7029069015174025,0,62.670551835997841,62.670551835997841,0.20890183945332613,0,0,0,20,6.4625316912581887,0,3.7949999999999999,0,1,0,0,0,0
4,3.8000000000000003,760,62.737189891781881,0,0,0,13.528953774234225,0,13.528953774234225,0,0,-0,-1.7029069015174025,0,62.737189891781881,62.737189891781881,0.2091239663059396,0,0,0,20,6.4710462257657753,0,3.8000000000000003,0,1,0,0,0,0
4,3.8050000000000002,761,62.803786021667939,0,0,0,13.520439239726638,0,13.520439239726638,0,0,-0,-1.7029069015174025,0,62.803786021667939,62.803786021667939,0.20934595340555981,0,0,0,20,6.4795607602733618,0,3.8050000000000002,0,1,0,0,0,0
4,3.8100000000000001,762,62.870340225656015,0,0,0,13.511924705219052,0,13.511924705219052,0,0,-0,-1.7029069015174025,0,62.870340225656015,62.870340225656015,0.20956780075218673,0,0,0,20,6.4880752947809484,0,3.8100000000000001,0,1,0,0,0,0
4,3.8149999999999999,763,62.93685250374611,0,0,0,13.503410170711465,0,13.503410170711465,0,0,-0,-1.7029069015174025,0,62.93685250374611,62.93685250374611,0.20978950834582036,0,0,0,20,6.4965898292885349,0,3.8149999999999999,0,1,0,0,0,0
4,3.8200000000000003,764,63.003322855938222,0,0,0,13.494895636203879,0,13.494895636203879,0,0,-0,-1.7029069015174025,0,63.003322855938222,63.003322855938222,0.21001107618646075,0,0,0,20,6.5051043637961214,0,3.8200000000000003,0,1,0,0,0,0
4,3.8250000000000002,765,63.069751282232353,0,0,0,13.486381101696292,0,13.486381101696292,0,0,-0,-1.7029069015174025,0,63.069751282232353,63.069751282232353,0.21023250427410783,0,0,0,20,6.513618898303708,0,3.8250000000000002,0,1,0,0,0,0
4,3.8300000000000001,766,63.136137782628502,0,0,0,13.477866567188705,0,13.477866567188705,0,0,-0,-1.7029069015174025,0,63.136137782628502,63.136137782628502,0.21045379260876168,0,0,0,20,6.5221334328112945,0,3.8300000000000001,0,1,0,0,0,0
4,3.835,767,63.202482357126669,0,0,0,13.469352032681119,0,13.469352032681119,0,0,-0,-1.7029069015174025,0,63.202482357126669,63.202482357126669,0.21067494119042224,0,0,0,20,6.5306479673188811,0,3.835,0,1,0,0,0,0
4,3.8399999999999999,768,63.268785005726855,0,0,0,13.460837498173532,0,13.460837498173532,0,0,-0,-1.7029069015174025,0,63.268785005726855,63.268785005726855,0.21089595001908951,0,0,0,20,6.5391625018264676,0,3.8399999999999999,0,1,0,0,0,0
4,3.8450000000000002,769,63.335045728429058,0,0,0,13.452322963665946,0,13.452322963665946,0,0,-0,-1.7029069015174025,0,63.335045728429058,63.335045728429058,0.21111681909476354,0,0,0,20,6.5476770363340542,0,3.8450000000000002,0,1,0,0,0,0
4,3.8500000000000001,770,63.40126452523328,0,0,0,13.443808429158359,0,13.443808429158359,0,0,-0,-1.7029069015174025,0,63.40126452523328,63.40126452523328,0.21133754841744426,0,0,0,20,6.5561915708416407,0,3.8500000000000001,0,1,0,0,0,0
4,3.855,771,63.46744139613952,0,0,0,13.435293894650773,0,13.435293894650773,0,0,-0,-1.7029069015174025,0,63.46744139613952,63.46744139613952,0.21155813798713174,0,0,0,20,6.5647061053492273,0,3.855,0,1,0,0,0,0
4,3.8599999999999999,772,63.533576341147779,0,0,0,13.426779360143186,0,13.426779360143186,0,0,-0,-1.7029069015174025,0,63.533576341147779,63.533576341147779,0.21177858780382594,0,0,0,20,6.5732206398568138,0,3.8599999999999999,0,1,0,0,0,0
4,3.8650000000000002,773,63.599669360258055,0,0,0,13.4182648256356,0,13.4182648256356,0,0,-0,-1.7029069015174025,0,63.599669360258055,63.599669360258055,0.21199889786752685,0,0,0,20,6.5817351743644004,0,3.8650000000000002,0,1,0,0,0,0
4,3.8700000000000001,774,63.66572045347035,0,0,0,13.409750291128013,0,13.409750291128013,0,0,-0,-1.7029069015174025,0,63.66572045347035,63.66572045347035,0.21221906817823449,0,0,0,20,6.5902497088719869,0,3.8700000000000001,0,1,0,0,0,0
4,3.875,775,63.731729620784662,0,0,0,13.401235756620427,0,13.401235756620427,0,0,-0,-1.7029069015174025,0,63.731729620784662,63.731729620784662,0.21243909873594888,0,0,0,20,6.5987642433795735,0,3.875,0,1,0,0,0,0
4,3.8799999999999999,776,63.797696862200993,0,0,0,13.39272122211284,0,13.39272122211284,0,0,-0,-1.7029069015174025,0,63.797696862200993,63.797696862200993,0.21265898954066997,0,0,0,20,6.60727877788716,0,3.8799999999999999,0,1,0,0,0,0
4,3.8850000000000002,777,63.863622177719343,0,0,0,13.384206687605253,0,13.384206687605253,0,0,-0,-1.7029069015174025,0,63.863622177719343,63.863622177719343,0.21287874059239781,0,0,0,20,6.6157933123947466,0,3.8850000000000002,0,1,0,0,0,0
4,3.8900000000000001,778,63.92950556733971,0,0,0,13.375692153097667,0,13.375692153097667,0,0,-0,-1.7029069015174025,0,63.92950556733971,63.92950556733971,0.21309835189113235,0,0,0,20,6.6243078469023331,0,3.8900000000000001,0,1,0,0,0,0
4,3.895,779,63.995347031062096,0,0,0,13.36717761859008,0,13.36717761859008,0,0,-0,-1.7029069015174025,0,63.995347031062096,63.995347031062096,0.21331782343687367,0,0,0,20,6.6328223814099196,0,3.895,0,1,0,0,0,0
4,3.8999999999999999,780,64.0611465688865,0,0,0,13.358663084082494,0,13.358663084082494,0,0,-0,-1.7029069015174025,0,64.0611465688865,64.0611465688865,0.21353715522962166,0,0,0,20,6.6413369159175062,0,3.8999999999999999,0,1,0,0,0,0
4,3.9050000000000002,781,64.126904180812915,0,0,0,13.350148549574907,0,13.350148549574907,0,0,-0,-1.7029069015174025,0,64.126904180812915,64.126904180812915,0.2137563472693764,0,0,0,20,6.6498514504250927,0,3.9050000000000002,0,1,0,0,0,0
4,3.9100000000000001,782,64.192619866841355,0,0,0,13.341634015067321,0,13.341634015067321,0,0,-0,-1.7029069015174025,0,64.192619866841355,64.192619866841355,0.21397539955613784,0,0,0,20,6.6583659849326793,0,3.9100000000000001,0,1,0,0,0,0
4,3.915,783,64.258293626971806,0,0,0,13.333119480559734,0,13.333119480559734,0,0,-0,-1.7029069015174025,0,64.258293626971806,64.258293626971806,0.21419431208990602,0,0,0,20,6.6668805194402658,0,3.915,0,1,0,0,0,0
4,3.9199999999999999,784,64.323925461204283,0,0,0,13.324604946052148,0,13.324604946052148,0,0,-0,-1.7029069015174025,0,64.323925461204283,64.323925461204283,0.21441308487068095,0,0,0,20,6.6753950539478524,0,3.9199999999999999,0,1,0,0,0,0
4,3.9250000000000003,785,64.389515369538771,0,0,0,13.316090411544561,0,13.316090411544561,0,0,-0,-1.7029069015174025,0,64.389515369538771,64.389515369538771,0.21463171789846258,0,0,0,20,6.6839095884554389,0,3.9250000000000003,0,1,0,0,0,0
4,3.9300000000000002,786,64.455063351975284,0,0,0,13.307575877036975,0,13.307575877036975,0,0,-0,-1.7029069015174025,0,64.455063351975284,64.455063351975284,0.21485021117325095,0,0,0,20,6.6924241229630255,0,3.9300000000000002,0,1,0,0,0,0
4,3.9350000000000001,787,64.520569408513808,0,0,0,13.299061342529388,0,13.299061342529388,0,0,-0,-1.7029069015174025,0,64.520569408513808,64.520569408513808,0.21506856469504604,0,0,0,20,6.700938657470612,0,3.9350000000000001,0,1,0,0,0,0
4,3.9399999999999999,788,64.586033539154357,0,0,0,13.290546808021801,0,13.290546808021801,0,0,-0,-1.7029069015174025,0,64.586033539154357,64.586033539154357,0.21528677846384786,0,0,0,20,6.7094531919781986,0,3.9399999999999999,0,1,0,0,0,0
4,3.9450000000000003,789,64.651455743896918,0,0,0,13.282032273514215,0,13.282032273514215,0,0,-0,-1.7029069015174025,0,64.651455743896918,64.651455743896918,0.21550485247965639,0,0,0,20,6.7179677264857851,0,3.9450000000000003,0,1,0,0,0,0
4,3.9500000000000002,790,64.716836022741504,0,0,0,13.273517739006628,0,13.273517739006628,0,0,-0,-1.7029069015174025,0,64.716836022741504,64.716836022741504,0.21572278674247167,0,0,0,20,6.7264822609933717,0,3.9500000000000002,0,1,0,0,0,0
4,3.9550000000000001,791,64.782174375688101,0,0,0,13.265003204499042,0,13.265003204499042,0,0,-0,-1.7029069015174025,0,64.782174375688101,64.782174375688101,0.21594058125229368,0,0,0,20,6.7349967955009582,0,3.9550000000000001,0,1,0,0,0,0
4,3.96,792,64.847470802736723,0,0,0,13.256488669991455,0,13.256488669991455,0,0,-0,-1.7029069015174025,0,64.847470802736723,64.847470802736723,0.2161582360091224,0,0,0,20,6.7435113300085447,0,3.96,0,1,0,0,0,0
4,3.9650000000000003,793,64.912725303887356,0,0,0,13.247974135483869,0,13.247974135483869,0,0,-0,-1.7029069015174025,0,64.912725303887356,64.912725303887356,0.21637575101295786,0,0,0,20,6.7520258645161313,0,3.9650000000000003,0,1,0,0,0,0
4,3.9700000000000002,794,64.977937879140015,0,0,0,13.239459600976282,0,13.239459600976282,0,0,-0,-1.7029069015174025,0,64.977937879140015,64.977937879140015,0.21659312626380006,0,0,0,20,6.7605403990237178,0,3.9700000000000002,0,1,0,0,0,0
4,3.9750000000000001,795,65.043108528494685,0,0,0,13.230945066468696,0,13.230945066468696,0,0,-0,-1.7029069015174025,0,65.043108528494685,65.043108528494685,0.21681036176164895,0,0,0,20,6.7690549335313044,0,3.9750000000000001,0,1,0,0,0,0
4,3.98,796,65.10823725195138,0,0,0,13.222430531961109,0,13.222430531961109,0,0,-0,-1.7029069015174025,0,65.10823725195138,65.10823725195138,0.2170274575065046,0,0,0,20,6.7775694680388909,0,3.98,0,1,0,0,0,0
4,3.9849999999999999,797,65.173324049510086,0,0,0,13.213915997453523,0,13.213915997453523,0,0,-0,-1.7029069015174025,0,65.173324049510086,65.173324049510086,0.21724441349836696,0,0,0,20,6.7860840025464775,0,3.9849999999999999,0,1,0,0,0,0
4,3.9900000000000002,798,65.238368921170817,0,0,0,13.205401462945936,0,13.205401462945936,0,0,-0,-1.7029069015174025,0,65.238368921170817,65.238368921170817,0.21746122973723606,0,0,0,20,6.794598537054064,0,3.9900000000000002,0,1,0,0,0,0
4,3.9950000000000001,799,65.30337186693356,0,0,0,13.196886928438349,0,13.196886928438349,0,0,-0,-1.7029069015174025,0,65.30337186693356,65.30337186693356,0.21767790622311187,0,0,0,20,6.8031130715616506,0,3.9950000000000001,0,1,0,0,0,0
4,4,800,65.368332886798328,0,0,0,13.188372393930763,0,13.188372393930763,0,0,-0,-1.7029069015174025,0,65.368332886798328,65.368332886798328,0.21789444295599442,0,0,0,20,6.8116276060692371,0,4,0,1,0,0,0,0
4,4.0049999999999999,801,65.433251980765107,0,0,0,13.179857859423176,0,13.179857859423176,0,0,-0,-1.7029069015174025,0,65.433251980765107,65.433251980765107,0.21811083993588368,0,0,0,20,6.8201421405768237,0,4.0049999999999999,0,1,0,0,0,0
4,4.0099999999999998,802,65.498129148833911,0,0,0,13.17134332491559,0,13.17134332491559,0,0,-0,-1.7029069015174025,0,65.498129148833911,65.498129148833911,0.2183270971627797,0,0,0,20,6.8286566750844102,0,4.0099999999999998,0,1,0,0,0,0
4,4.0149999999999997,803,65.562964391004726,0,0,0,13.162828790408003,0,13.162828790408003,0,0,-0,-1.7029069015174025,0,65.562964391004726,65.562964391004726,0.21854321463668241,0,0,0,20,6.8371712095919968,0,4.0149999999999997,0,1,0,0,0,0
4,4.0200000000000005,804,65.627757707277567,0,0,0,13.154314255900417,0,13.154314255900417,0,0,-0,-1.7029069015174025,0,65.627757707277567,65.627757707277567,0.21875919235759189,0,0,0,20,6.8456857440995833,0,4.0200000000000005,0,1,0,0,0,0
4,4.0250000000000004,805,65.692509097652419,0,0,0,13.14579972139283,0,13.14579972139283,0,0,-0,-1.7029069015174025,0,65.692509097652419,65.692509097652419,0.21897503032550805,0,0,0,20,6.8542002786071698,0,4.0250000000000004,0,1,0,0,0,0
4,4.0300000000000002,806,65.757218562129296,0,0,0,13.137285186885244,0,13.137285186885244,0,0,-0,-1.7029069015174025,0,65.757218562129296,65.757218562129296,0.21919072854043098,0,0,0,20,6.8627148131147564,0,4.0300000000000002,0,1,0,0,0,0
4,4.0350000000000001,807,65.821886100708184,0,0,0,13.128770652377657,0,13.128770652377657,0,0,-0,-1.7029069015174025,0,65.821886100708184,65.821886100708184,0.21940628700236062,0,0,0,20,6.8712293476223429,0,4.0350000000000001,0,1,0,0,0,0
4,4.04,808,65.886511713389098,0,0,0,13.120256117870071,0,13.120256117870071,0,0,-0,-1.7029069015174025,0,65.886511713389098,65.886511713389098,0.21962170571129699,0,0,0,20,6.8797438821299295,0,4.04,0,1,0,0,0,0
4,4.0449999999999999,809,65.951095400172022,0,0,0,13.111741583362484,0,13.111741583362484,0,0,-0,-1.7029069015174025,0,65.951095400172022,65.951095400172022,0.21983698466724008,0,0,0,20,6.888258416637516,0,4.0449999999999999,0,1,0,0,0,0
4,4.0499999999999998,810,66.015637161056972,0,0,0,13.103227048854897,0,13.103227048854897,0,0,-0,-1.7029069015174025,0,66.015637161056972,66.015637161056972,0.22005212387018991,0,0,0,20,6.8967729511451026,0,4.0499999999999998,0,1,0,0,0,0
4,4.0549999999999997,811,66.080136996043933,0,0,0,13.094712514347311,0,13.094712514347311,0,0,-0,-1.7029069015174025,0,66.080136996043933,66.080136996043933,0.22026712332014645,0,0,0,20,6.9052874856526891,0,4.0549999999999997,0,1,0,0,0,0
4,4.0600000000000005,812,66.144594905132919,0,0,0,13.086197979839724,0,13.086197979839724,0,0,-0,-1.7029069015174025,0,66.144594905132919,66.144594905132919,0.22048198301710972,0,0,0,20,6.9138020201602757,0,4.0600000000000005,0,1,0,0,0,0
4,4.0650000000000004,813,66.209010888323917,0,0,0,13.077683445332138,0,13.077683445332138,0,0,-0,-1.7029069015174025,0,66.209010888323917,66.209010888323917,0.22069670296107971,0,0,0,20,6.9223165546678622,0,4.0650000000000004,0,1,0,0,0,0
4,4.0700000000000003,814,66.273384945616939,0,0,0,13.069168910824551,0,13.069168910824551,0,0,-0,-1.7029069015174025,0,66.273384945616939,66.273384945616939,0.22091128315205646,0,0,0,20,6.9308310891754488,0,4.0700000000000003,0,1,0,0,0,0
4,4.0750000000000002,815,66.337717077011973,0,0,0,13.060654376316965,0,13.060654376316965,0,0,-0,-1.7029069015174025,0,66.337717077011973,66.337717077011973,0.2211257235900399,0,0,0,20,6.9393456236830353,0,4.0750000000000002,0,1,0,0,0,0
4,4.0800000000000001,816,66.402007282509032,0,0,0,13.052139841809378,0,13.052139841809378,0,0,-0,-1.7029069015174025,0,66.402007282509032,66.402007282509032,0.22134002427503011,0,0,0,20,6.9478601581906219,0,4.0800000000000001,0,1,0,0,0,0
4,4.085,817,66.466255562108103,0,0,0,13.043625307301792,0,13.043625307301792,0,0,-0,-1.7029069015174025,0,66.466255562108103,66.466255562108103,0.22155418520702702,0,0,0,20,6.9563746926982084,0,4.085,0,1,0,0,0,0
4,4.0899999999999999,818,66.530461915809198,0,0,0,13.035110772794205,0,13.035110772794205,0,0,-0,-1.7029069015174025,0,66.530461915809198,66.530461915809198,0.22176820638603065,0,0,0,20,6.964889227205795,0,4.0899999999999999,0,1,0,0,0,0
4,4.0949999999999998,819,66.594626343612305,0,0,0,13.026596238286619,0,13.026596238286619,0,0,-0,-1.7029069015174025,0,66.594626343612305,66.594626343612305,0.22198208781204101,0,0,0,20,6.9734037617133815,0,4.0949999999999998,0,1,0,0,0,0
4,4.0999999999999996,820,66.658748845517437,0,0,0,13.018081703779032,0,13.018081703779032,0,0,-0,-1.7029069015174025,0,66.658748845517437,66.658748845517437,0.22219582948505812,0,0,0,20,6.981918296220968,0,4.0999999999999996,0,1,0,0,0,0
4,4.1050000000000004,821,66.72282942152458,0,0,0,13.009567169271445,0,13.009567169271445,0,0,-0,-1.7029069015174025,0,66.72282942152458,66.72282942152458,0.22240943140508193,0,0,0,20,6.9904328307285546,0,4.1050000000000004,0,1,0,0,0,0
4,4.1100000000000003,822,66.786868071633748,0,0,0,13.001052634763859,0,13.001052634763859,0,0,-0,-1.7029069015174025,0,66.786868071633748,66.786868071633748,0.22262289357211248,0,0,0,20,6.9989473652361411,0,4.1100000000000003,0,1,0,0,0,0
4,4.1150000000000002,823,66.850864795844927,0,0,0,12.992538100256272,0,12.992538100256272,0,0,-0,-1.7029069015174025,0,66.850864795844927,66.850864795844927,0.22283621598614975,0,0,0,20,7.0074618997437277,0,4.1150000000000002,0,1,0,0,0,0
4,4.1200000000000001,824,66.914819594158132,0,0,0,12.984023565748686,0,12.984023565748686,0,0,-0,-1.7029069015174025,0,66.914819594158132,66.914819594158132,0.22304939864719378,0,0,0,20,7.0159764342513142,0,4.1200000000000001,0,1,0,0,0,0
4,4.125,825,66.978732466573348,0,0,0,12.975509031241099,0,12.975509031241099,0,0,-0,-1.7029069015174025,0,66.978732466573348,66.978732466573348,0.2232624415552445,0,0,0,20,7.0244909687589008,0,4.125,0,1,0,0,0,0
4,4.1299999999999999,826,67.042603413090589,0,0,0,12.966994496733513,0,12.966994496733513,0,0,-0,-1.7029069015174025,0,67.042603413090589,67.042603413090589,0.22347534471030198,0,0,0,20,7.0330055032664873,0,4.1299999999999999,0,1,0,0,0,0
4,4.1349999999999998,827,67.106432433709841,0,0,0,12.958479962225926,0,12.958479962225926,0,0,-0,-1.7029069015174025,0,67.106432433709841,67.106432433709841,0.22368810811236614,0,0,0,20,7.0415200377740739,0,4.1349999999999998,0,1,0,0,0,0
4,4.1399999999999997,828,67.170219528431119,0,0,0,12.94996542771834,0,12.94996542771834,0,0,-0,-1.7029069015174025,0,67.170219528431119,67.170219528431119,0.22390073176143707,0,0,0,20,7.0500345722816604,0,4.1399999999999997,0,1,0,0,0,0
4,4.1450000000000005,829,67.233964697254407,0,0,0,12.941450893210753,0,12.941450893210753,0,0,-0,-1.7029069015174025,0,67.233964697254407,67.233964697254407,0.22411321565751469,0,0,0,20,7.058549106789247,0,4.1450000000000005,0,1,0,0,0,0
4,4.1500000000000004,830,67.297667940179721,0,0,0,12.932936358703166,0,12.932936358703166,0,0,-0,-1.7029069015174025,0,67.297667940179721,67.297667940179721,0.22432555980059907,0,0,0,20,7.0670636412968335,0,4.1500000000000004,0,1,0,0,0,0
4,4.1550000000000002,831,67.361329257207046,0,0,0,12.92442182419558,0,12.92442182419558,0,0,-0,-1.7029069015174025,0,67.361329257207046,67.361329257207046,0.22453776419069016,0,0,0,20,7.0755781758044201,0,4.1550000000000002,0,1,0,0,0,0
4,4.1600000000000001,832,67.424948648336397,0,0,0,12.915907289687993,0,12.915907289687993,0,0,-0,-1.7029069015174025,0,67.424948648336397,67.424948648336397,0.22474982882778799,0,0,0,20,7.0840927103120066,0,4.1600000000000001,0,1,0,0,0,0
4,4.165,833,67.488526113567758,0,0,0,12.907392755180407,0,12.907392755180407,0,0,-0,-1.7029069015174025,0,67.488526113567758,67.488526113567758,0.22496175371189253,0,0,0,20,7.0926072448195931,0,4.165,0,1,0,0,0,0
4,4.1699999999999999,834,67.552061652901145,0,0,0,12.89887822067282,0,12.89887822067282,0,0,-0,-1.7029069015174025,0,67.552061652901145,67.552061652901145,0.22517353884300381,0,0,0,20,7.1011217793271797,0,4.1699999999999999,0,1,0,0,0,0
4,4.1749999999999998,835,67.615555266336543,0,0,0,12.890363686165234,0,12.890363686165234,0,0,-0,-1.7029069015174025,0,67.615555266336543,67.615555266336543,0.2253851842211218,0,0,0,20,7.1096363138347662,0,4.1749999999999998,0,1,0,0,0,0
4,4.1799999999999997,836,67.679006953873966,0,0,0,12.881849151657647,0,12.881849151657647,0,0,-0,-1.7029069015174025,0,67.679006953873966,67.679006953873966,0.22559668984624656,0,0,0,20,7.1181508483423528,0,4.1799999999999997,0,1,0,0,0,0
4,4.1850000000000005,837,67.7424167155134,0,0,0,12.873334617150061,0,12.873334617150061,0,0,-0,-1.7029069015174025,0,67.7424167155134,67.7424167155134,0.225808055718378,0,0,0,20,7.1266653828499393,0,4.1850000000000005,0,1,0,0,0,0
4,4.1900000000000004,838,67.80578455125486,0,0,0,12.864820082642474,0,12.864820082642474,0,0,-0,-1.7029069015174025,0,67.80578455125486,67.80578455125486,0.22601928183751621,0,0,0,20,7.1351799173575259,0,4.1900000000000004,0,1,0,0,0,0
4,4.1950000000000003,839,67.86911046109833,0,0,0,12.856305548134888,0,12.856305548134888,0,0,-0,-1.7029069015174025,0,67.86911046109833,67.86911046109833,0.2262303682036611,0,0,0,20,7.1436944518651124,0,4.1950000000000003,0,1,0,0,0,0
4,4.2000000000000002,840,67.932394445043826,0,0,0,12.847791013627301,0,12.847791013627301,0,0,-0,-1.7029069015174025,0,67.932394445043826,67.932394445043826,0.22644131481681276,0,0,0,20,7.152208986372699,0,4.2000000000000002,0,1,0,0,0,0
4,4.2050000000000001,841,67.995636503091333,0,0,0,12.839276479119714,0,12.839276479119714,0,0,-0,-1.7029069015174025,0,67.995636503091333,67.995636503091333,0.2266521216769711,0,0,0,20,7.1607235208802855,0,4.2050000000000001,0,1,0,0,0,0
4,4.21,842,68.058836635240866,0,0,0,12.830761944612128,0,12.830761944612128,0,0,-0,-1.7029069015174025,0,68.058836635240866,68.058836635240866,0.22686278878413621,0,0,0,20,7.1692380553878721,0,4.21,0,1,0,0,0,0
4,4.2149999999999999,843,68.121994841492409,0,0,0,12.822247410104541,0,12.822247410104541,0,0,-0,-1.7029069015174025,0,68.121994841492409,68.121994841492409,0.22707331613830803,0,0,0,20,7.1777525898954586,0,4.2149999999999999,0,1,0,0,0,0
4,4.2199999999999998,844,68.185111121845978,0,0,0,12.813732875596955,0,12.813732875596955,0,0,-0,-1.7029069015174025,0,68.185111121845978,68.185111121845978,0.22728370373948659,0,0,0,20,7.1862671244030452,0,4.2199999999999998,0,1,0,0,0,0
4,4.2249999999999996,845,68.248185476301558,0,0,0,12.805218341089368,0,12.805218341089368,0,0,-0,-1.7029069015174025,0,68.248185476301558,68.248185476301558,0.22749395158767186,0,0,0,20,7.1947816589106317,0,4.2249999999999996,0,1,0,0,0,0
4,4.2300000000000004,846,68.311217904859163,0,0,0,12.796703806581782,0,12.796703806581782,0,0,-0,-1.7029069015174025,0,68.311217904859163,68.311217904859163,0.22770405968286386,0,0,0,20,7.2032961934182183,0,4.2300000000000004,0,1,0,0,0,0
4,4.2350000000000003,847,68.374208407518779,0,0,0,12.788189272074195,0,12.788189272074195,0,0,-0,-1.7029069015174025,0,68.374208407518779,68.374208407518779,0.22791402802506261,0,0,0,20,7.2118107279258048,0,4.2350000000000003,0,1,0,0,0,0
4,4.2400000000000002,848,68.437156984280421,0,0,0,12.779674737566609,0,12.779674737566609,0,0,-0,-1.7029069015174025,0,68.437156984280421,68.437156984280421,0.22812385661426807,0,0,0,20,7.2203252624333913,0,4.2400000000000002,0,1,0,0,0,0
4,4.2450000000000001,849,68.500063635144073,0,0,0,12.771160203059022,0,12.771160203059022,0,0,-0,-1.7029069015174025,0,68.500063635144073,68.500063635144073,0.22833354545048024,0,0,0,20,7.2288397969409779,0,4.2450000000000001,0,1,0,0,0,0
4,4.25,850,68.562928360109751,0,0,0,12.762645668551436,0,12.762645668551436,0,0,-0,-1.7029069015174025,0,68.562928360109751,68.562928360109751,0.22854309453369917,0,0,0,20,7.2373543314485644,0,4.25,0,1,0,0,0,0
4,4.2549999999999999,851,68.62575115917744,0,0,0,12.754131134043849,0,12.754131134043849,0,0,-0,-1.7029069015174025,0,68.62575115917744,68.62575115917744,0.22875250386392479,0,0,0,20,7.245868865956151,0,4.2549999999999999,0,1,0,0,0,0
4,4.2599999999999998,852,68.688532032347155,0,0,0,12.745616599536262,0,12.745616599536262,0,0,-0,-1.7029069015174025,0,68.688532032347155,68.688532032347155,0.22896177344115717,0,0,0,20,7.2543834004637375,0,4.2599999999999998,0,1,0,0,0,0
4,4.2649999999999997,853,68.75127097961888,0,0,0,12.737102065028676,0,12.737102065028676,0,0,-0,-1.7029069015174025,0,68.75127097961888,68.75127097961888,0.22917090326539627,0,0,0,20,7.2628979349713241,0,4.2649999999999997,0,1,0,0,0,0
4,4.2700000000000005,854,68.813968000992631,0,0,0,12.728587530521089,0,12.728587530521089,0,0,-0,-1.7029069015174025,0,68.813968000992631,68.813968000992631,0.2293798933366421,0,0,0,20,7.2714124694789106,0,4.2700000000000005,0,1,0,0,0,0
4,4.2750000000000004,855,68.876623096468393,0,0,0,12.720072996013503,0,12.720072996013503,0,0,-0,-1.7029069015174025,0,68.876623096468393,68.876623096468393,0.22958874365489465,0,0,0,20,7.2799270039864972,0,4.2750000000000004,0,1,0,0,0,0
4,4.2800000000000002,856,68.93923626604618,0,0,0,12.711558461505916,0,12.711558461505916,0,0,-0,-1.7029069015174025,0,68.93923626604618,68.93923626604618,0.22979745422015393,0,0,0,20,7.2884415384940837,0,4.2800000000000002,0,1,0,0,0,0
4,4.2850000000000001,857,69.001807509725978,0,0,0,12.70304392699833,0,12.70304392699833,0,0,-0,-1.7029069015174025,0,69.001807509725978,69.001807509725978,0.23000602503241993,0,0,0,20,7.2969560730016703,0,4.2850000000000001,0,1,0,0,0,0
4,4.29,858,69.064336827507802,0,0,0,12.694529392490743,0,12.694529392490743,0,0,-0,-1.7029069015174025,0,69.064336827507802,69.064336827507802,0.23021445609169267,0,0,0,20,7.3054706075092568,0,4.29,0,1,0,0,0,0
4,4.2949999999999999,859,69.126824219391636,0,0,0,12.686014857983157,0,12.686014857983157,0,0,-0,-1.7029069015174025,0,69.126824219391636,69.126824219391636,0.23042274739797211,0,0,0,20,7.3139851420168434,0,4.2949999999999999,0,1,0,0,0,0
4,4.2999999999999998,860,69.189269685377496,0,0,0,12.67750032347557,0,12.67750032347557,0,0,-0,-1.7029069015174025,0,69.189269685377496,69.189269685377496,0.23063089895125832,0,0,0,20,7.3224996765244299,0,4.2999999999999998,0,1,0,0,0,0
4,4.3049999999999997,861,69.251673225465368,0,0,0,12.668985788967984,0,12.668985788967984,0,0,-0,-1.7029069015174025,0,69.251673225465368,69.251673225465368,0.23083891075155122,0,0,0,20,7.3310142110320164,0,4.3049999999999997,0,1,0,0,0,0
4,4.3100000000000005,862,69.314034839655264,0,0,0,12.660471254460397,0,12.660471254460397,0,0,-0,-1.7029069015174025,0,69.314034839655264,69.314034839655264,0.23104678279885088,0,0,0,20,7.339528745539603,0,4.3100000000000005,0,1,0,0,0,0
4,4.3150000000000004,863,69.376354527947171,0,0,0,12.65195671995281,0,12.65195671995281,0,0,-0,-1.7029069015174025,0,69.376354527947171,69.376354527947171,0.23125451509315723,0,0,0,20,7.3480432800471895,0,4.3150000000000004,0,1,0,0,0,0
4,4.3200000000000003,864,69.438632290341104,0,0,0,12.643442185445224,0,12.643442185445224,0,0,-0,-1.7029069015174025,0,69.438632290341104,69.438632290341104,0.23146210763447034,0,0,0,20,7.3565578145547761,0,4.3200000000000003,0,1,0,0,0,0
4,4.3250000000000002,865,69.500868126837048,0,0,0,12.634927650937637,0,12.634927650937637,0,0,-0,-1.7029069015174025,0,69.500868126837048,69.500868126837048,0.23166956042279016,0,0,0,20,7.3650723490623626,0,4.3250000000000002,0,1,0,0,0,0
4,4.3300000000000001,866,69.563062037435017,0,0,0,12.626413116430051,0,12.626413116430051,0,0,-0,-1.7029069015174025,0,69.563062037435017,69.563062037435017,0.23187687345811672,0,0,0,20,7.3735868835699492,0,4.3300000000000001,0,1,0,0,0,0
4,4.335,867,69.625214022134998,0,0,0,12.617898581922464,0,12.617898581922464,0,0,-0,-1.7029069015174025,0,69.625214022134998,69.625214022134998,0.23208404674045,0,0,0,20,7.3821014180775357,0,4.335,0,1,0,0,0,0
4,4.3399999999999999,868,69.687324080937003,0,0,0,12.609384047414878,0,12.609384047414878,0,0,-0,-1.7029069015174025,0,69.687324080937003,69.687324080937003,0.23229108026979001,0,0,0,20,7.3906159525851223,0,4.3399999999999999,0,1,0,0,0,0
4,4.3449999999999998,869,69.74939221384102,0,0,0,12.600869512907291,0,12.600869512907291,0,0,-0,-1.7029069015174025,0,69.74939221384102,69.74939221384102,0.23249797404613673,0,0,0,20,7.3991304870927088,0,4.3449999999999998,0,1,0,0,0,0
4,4.3500000000000005,870,69.811418420847062,0,0,0,12.592354978399705,0,12.592354978399705,0,0,-0,-1.7029069015174025,0,69.811418420847062,69.811418420847062,0.23270472806949022,0,0,0,20,7.4076450216002954,0,4.3500000000000005,0,1,0,0,0,0
4,4.3550000000000004,871,69.873402701955115,0,0,0,12.583840443892118,0,12.583840443892118,0,0,-0,-1.7029069015174025,0,69.873402701955115,69.873402701955115,0.23291134233985039,0,0,0,20,7.4161595561078819,0,4.3550000000000004,0,1,0,0,0,0
4,4.3600000000000003,872,69.935345057165193,0,0,0,12.575325909384532,0,12.575325909384532,0,0,-0,-1.7029069015174025,0,69.935345057165193,69.935345057165193,0.2331178168572173,0,0,0,20,7.4246740906154685,0,4.3600000000000003,0,1,0,0,0,0
4,4.3650000000000002,873,69.997245486477283,0,0,0,12.566811374876945,0,12.566811374876945,0,0,-0,-1.7029069015174025,0,69.997245486477283,69.997245486477283,0.23332415162159095,0,0,0,20,7.433188625123055,0,4.3650000000000002,0,1,0,0,0,0
4,4.3700000000000001,874,70.059103989891398,0,0,0,12.558296840369358,0,12.558296840369358,0,0,-0,-1.7029069015174025,0,70.059103989891398,70.059103989891398,0.23353034663297131,0,0,0,20,7.4417031596306416,0,4.3700000000000001,0,1,0,0,0,0
4,4.375,875,70.120920567407524,0,0,0,12.549782305861772,0,12.549782305861772,0,0,-0,-1.7029069015174025,0,70.120920567407524,70.120920567407524,0.23373640189135841,0,0,0,20,7.4502176941382281,0,4.375,0,1,0,0,0,0
4,4.3799999999999999,876,70.182695219025675,0,0,0,12.541267771354185,0,12.541267771354185,0,0,-0,-1.7029069015174025,0,70.182695219025675,70.182695219025675,0.23394231739675225,0,0,0,20,7.4587322286458146,0,4.3799999999999999,0,1,0,0,0,0
4,4.3849999999999998,877,70.244427944745837,0,0,0,12.532753236846599,0,12.532753236846599,0,0,-0,-1.7029069015174025,0,70.244427944745837,70.244427944745837,0.2341480931491528,0,0,0,20,7.4672467631534012,0,4.3849999999999998,0,1,0,0,0,0
4,4.3899999999999997,878,70.306118744568025,0,0,0,12.524238702339012,0,12.524238702339012,0,0,-0,-1.7029069015174025,0,70.306118744568025,70.306118744568025,0.23435372914856009,0,0,0,20,7.4757612976609877,0,4.3899999999999997,0,1,0,0,0,0
4,4.3950000000000005,879,70.367767618492223,0,0,0,12.515724167831426,0,12.515724167831426,0,0,-0,-1.7029069015174025,0,70.367767618492223,70.367767618492223,0.23455922539497409,0,0,0,20,7.4842758321685743,0,4.3950000000000005,0,1,0,0,0,0
4,4.4000000000000004,880,70.429374566518447,0,0,0,12.507209633323839,0,12.507209633323839,0,0,-0,-1.7029069015174025,0,70.429374566518447,70.429374566518447,0.23476458188839483,0,0,0,20,7.4927903666761608,0,4.4000000000000004,0,1,0,0,0,0
4,4.4050000000000002,881,70.490939588646683,0,0,0,12.498695098816253,0,12.498695098816253,0,0,-0,-1.7029069015174025,0,70.490939588646683,70.490939588646683,0.23496979862882228,0,0,0,20,7.5013049011837474,0,4.4050000000000002,0,1,0,0,0,0
4,4.4100000000000001,882,70.552462684876943,0,0,0,12.490180564308666,0,12.490180564308666,0,0,-0,-1.7029069015174025,0,70.552462684876943,70.552462684876943,0.23517487561625647,0,0,0,20,7.5098194356913339,0,4.4100000000000001,0,1,0,0,0,0
4,4.415,883,70.613943855209214,0,0,0,12.48166602980108,0,12.48166602980108,0,0,-0,-1.7029069015174025,0,70.613943855209214,70.613943855209214,0.2353798128506974,0,0,0,20,7.5183339701989205,0,4.415,0,1,0,0,0,0
4,4.4199999999999999,884,70.675383099643511,0,0,0,12.473151495293493,0,12.473151495293493,0,0,-0,-1.7029069015174025,0,70.675383099643511,70.675383099643511,0.23558461033214503,0,0,0,20,7.526848504706507,0,4.4199999999999999,0,1,0,0,0,0
4,4.4249999999999998,885,70.736780418179819,0,0,0,12.464636960785906,0,12.464636960785906,0,0,-0,-1.7029069015174025,0,70.736780418179819,70.736780418179819,0.23578926806059941,0,0,0,20,7.5353630392140936,0,4.4249999999999998,0,1,0,0,0,0
4,4.4299999999999997,886,70.798135810818152,0,0,0,12.45612242627832,0,12.45612242627832,0,0,-0,-1.7029069015174025,0,70.798135810818152,70.798135810818152,0.2359937860360605,0,0,0,20,7.5438775737216801,0,4.4299999999999997,0,1,0,0,0,0
4,4.4350000000000005,887,70.859449277558497,0,0,0,12.447607891770733,0,12.447607891770733,0,0,-0,-1.7029069015174025,0,70.859449277558497,70.859449277558497,0.23619816425852833,0,0,0,20,7.5523921082292667,0,4.4350000000000005,0,1,0,0,0,0
4,4.4400000000000004,888,70.920720818400866,0,0,0,12.439093357263147,0,12.439093357263147,0,0,-0,-1.7029069015174025,0,70.920720818400866,70.920720818400866,0.23640240272800289,0,0,0,20,7.5609066427368532,0,4.4400000000000004,0,1,0,0,0,0
4,4.4450000000000003,889,70.981950433345247,0,0,0,12.43057882275556,0,12.43057882275556,0,0,-0,-1.7029069015174025,0,70.981950433345247,70.981950433345247,0.23660650144448417,0,0,0,20,7.5694211772444397,0,4.4450000000000003,0,1,0,0,0,0
4,4.4500000000000002,890,71.043138122391653,0,0,0,12.422064288247974,0,12.422064288247974,0,0,-0,-1.7029069015174025,0,71.043138122391653,71.043138122391653,0.23681046040797218,0,0,0,20,7.5779357117520263,0,4.4500000000000002,0,1,0,0,0,0
4,4.4550000000000001,891,71.10428388554007,0,0,0,12.413549753740387,0,12.413549753740387,0,0,-0,-1.7029069015174025,0,71.10428388554007,71.10428388554007,0.23701427961846691,0,0,0,20,7.5864502462596128,0,4.4550000000000001,0,1,0,0,0,0
4,4.46,892,71.165387722790513,0,0,0,12.405035219232801,0,12.405035219232801,0,0,-0,-1.7029069015174025,0,71.165387722790513,71.165387722790513,0.23721795907596838,0,0,0,20,7.5949647807671994,0,4.46,0,1,0,0,0,0
4,4.4649999999999999,893,71.226449634142966,0,0,0,12.396520684725214,0,12.396520684725214,0,0,-0,-1.7029069015174025,0,71.226449634142966,71.226449634142966,0.23742149878047655,0,0,0,20,7.6034793152747859,0,4.4649999999999999,0,1,0,0,0,0
4,4.4699999999999998,894,71.287469619597445,0,0,0,12.388006150217628,0,12.388006150217628,0,0,-0,-1.7029069015174025,0,71.287469619597445,71.287469619597445,0.2376248987319915,0,0,0,20,7.6119938497823725,0,4.4699999999999998,0,1,0,0,0,0
4,4.4750000000000005,895,71.348447679153935,0,0,0,12.379491615710041,0,12.379491615710041,0,0,-0,-1.7029069015174025,0,71.348447679153935,71.348447679153935,0.23782815893051312,0,0,0,20,7.620508384289959,0,4.4750000000000005,0,1,0,0,0,0
4,4.4800000000000004,896,71.40938381281245,0,0,0,12.370977081202454,0,12.370977081202454,0,0,-0,-1.7029069015174025,0,71.40938381281245,71.40938381281245,0.23803127937604149,0,0,0,20,7.6290229187975456,0,4.4800000000000004,0,1,0,0,0,0
4,4.4850000000000003,897,71.470278020572977,0,0,0,12.362462546694868,0,12.362462546694868,0,0,-0,-1.7029069015174025,0,71.470278020572977,71.470278020572977,0.23823426006857659,0,0,0,20,7.6375374533051321,0,4.4850000000000003,0,1,0,0,0,0
4,4.4900000000000002,898,71.531130302435528,0,0,0,12.353948012187281,0,12.353948012187281,0,0,-0,-1.7029069015174025,0,71.531130302435528,71.531130302435528,0.23843710100811843,0,0,0,20,7.6460519878127187,0,4.4900000000000002,0,1,0,0,0,0
4,4.4950000000000001,899,71.591940658400091,0,0,0,12.345433477679695,0,12.345433477679695,0,0,-0,-1.7029069015174025,0,71.591940658400091,71.591940658400091,0.23863980219466696,0,0,0,20,7.6545665223203052,0,4.4950000000000001,0,1,0,0,0,0
4,4.5,900,71.652709088466679,0,0,0,12.336918943172108,0,12.336918943172108,0,0,-0,-1.7029069015174025,0,71.652709088466679,71.652709088466679,0.23884236362822225,0,0,0,20,7.6630810568278918,0,4.5,0,1,0,0,0,0
4,4.5049999999999999,901,71.713435592635278,0,0,0,12.328404408664522,0,12.328404408664522,0,0,-0,-1.7029069015174025,0,71.713435592635278,71.713435592635278,0.23904478530878426,0,0,0,20,7.6715955913354783,0,4.5049999999999999,0,1,0,0,0,0
4,4.5099999999999998,902,71.774120170905903,0,0,0,12.319889874156935,0,12.319889874156935,0,0,-0,-1.7029069015174025,0,71.774120170905903,71.774120170905903,0.239247067236353,0,0,0,20,7.6801101258430648,0,4.5099999999999998,0,1,0,0,0,0
4,4.5149999999999997,903,71.834762823278538,0,0,0,12.311375339649349,0,12.311375339649349,0,0,-0,-1.7029069015174025,0,71.834762823278538,71.834762823278538,0.23944920941092845,0,0,0,20,7.6886246603506514,0,4.5149999999999997,0,1,0,0,0,0
4,4.5200000000000005,904,71.895363549753199,0,0,0,12.302860805141762,0,12.302860805141762,0,0,-0,-1.7029069015174025,0,71.895363549753199,71.895363549753199,0.23965121183251067,0,0,0,20,7.6971391948582379,0,4.5200000000000005,0,1,0,0,0,0
4,4.5250000000000004,905,71.955922350329871,0,0,0,12.294346270634176,0,12.294346270634176,0,0,-0,-1.7029069015174025,0,71.955922350329871,71.955922350329871,0.23985307450109958,0,0,0,20,7.7056537293658245,0,4.5250000000000004,0,1,0,0,0,0
4,4.5300000000000002,906,72.016439225008568,0,0,0,12.285831736126589,0,12.285831736126589,0,0,-0,-1.7029069015174025,0,72.016439225008568,72.016439225008568,0.24005479741669522,0,0,0,20,7.714168263873411,0,4.5300000000000002,0,1,0,0,0,0
4,4.5350000000000001,907,72.076914173789277,0,0,0,12.277317201619002,0,12.277317201619002,0,0,-0,-1.7029069015174025,0,72.076914173789277,72.076914173789277,0.2402563805792976,0,0,0,20,7.7226827983809976,0,4.5350000000000001,0,1,0,0,0,0
4,4.54,908,72.13734719667201,0,0,0,12.268802667111416,0,12.268802667111416,0,0,-0,-1.7029069015174025,0,72.13734719667201,72.13734719667201,0.24045782398890669,0,0,0,20,7.7311973328885841,0,4.54,0,1,0,0,0,0
4,4.5449999999999999,909,72.197738293656755,0,0,0,12.260288132603829,0,12.260288132603829,0,0,-0,-1.7029069015174025,0,72.197738293656755,72.197738293656755,0.24065912764552252,0,0,0,20,7.7397118673961707,0,4.5449999999999999,0,1,0,0,0,0
4,4.5499999999999998,910,72.258087464743525,0,0,0,12.251773598096243,0,12.251773598096243,0,0,-0,-1.7029069015174025,0,72.258087464743525,72.258087464743525,0.24086029154914509,0,0,0,20,7.7482264019037572,0,4.5499999999999998,0,1,0,0,0,0
4,4.5549999999999997,911,72.318394709932306,0,0,0,12.243259063588656,0,12.243259063588656,0,0,-0,-1.7029069015174025,0,72.318394709932306,72.318394709932306,0.24106131569977435,0,0,0,20,7.7567409364113438,0,4.5549999999999997,0,1,0,0,0,0
4,4.5600000000000005,912,72.378660029223113,0,0,0,12.23474452908107,0,12.23474452908107,0,0,-0,-1.7029069015174025,0,72.378660029223113,72.378660029223113,0.24126220009741037,0,0,0,20,7.7652554709189303,0,4.5600000000000005,0,1,0,0,0,0
4,4.5650000000000004,913,72.43888342261593,0,0,0,12.226229994573483,0,12.226229994573483,0,0,-0,-1.7029069015174025,0,72.43888342261593,72.43888342261593,0.2414629447420531,0,0,0,20,7.7737700054265169,0,4.5650000000000004,0,1,0,0,0,0
4,4.5700000000000003,914,72.499064890110773,0,0,0,12.217715460065897,0,12.217715460065897,0,0,-0,-1.7029069015174025,0,72.499064890110773,72.499064890110773,0.24166354963370257,0,0,0,20,7.7822845399341034,0,4.5700000000000003,0,1,0,0,0,0
4,4.5750000000000002,915,72.559204431707627,0,0,0,12.20920092555831,0,12.20920092555831,0,0,-0,-1.7029069015174025,0,72.559204431707627,72.559204431707627,0.24186401477235875,0,0,0,20,7.79079907444169,0,4.5750000000000002,0,1,0,0,0,0
4,4.5800000000000001,916,72.619302047406507,0,0,0,12.200686391050724,0,12.200686391050724,0,0,-0,-1.7029069015174025,0,72.619302047406507,72.619302047406507,0.2420643401580217,0,0,0,20,7.7993136089492765,0,4.5800000000000001,0,1,0,0,0,0
4,4.585,917,72.679357737207397,0,0,0,12.192171856543137,0,12.192171856543137,0,0,-0,-1.7029069015174025,0,72.679357737207397,72.679357737207397,0.24226452579069133,0,0,0,20,7.807828143456863,0,4.585,0,1,0,0,0,0
4,4.5899999999999999,918,72.739371501110313,0,0,0,12.18365732203555,0,12.18365732203555,0,0,-0,-1.7029069015174025,0,72.739371501110313,72.739371501110313,0.2424645716703677,0,0,0,20,7.8163426779644496,0,4.5899999999999999,0,1,0,0,0,0
4,4.5949999999999998,919,72.799343339115239,0,0,0,12.175142787527964,0,12.175142787527964,0,0,-0,-1.7029069015174025,0,72.799343339115239,72.799343339115239,0.2426644777970508,0,0,0,20,7.8248572124720361,0,4.5949999999999998,0,1,0,0,0,0
4,4.6000000000000005,920,72.859273251222191,0,0,0,12.166628253020377,0,12.166628253020377,0,0,-0,-1.7029069015174025,0,72.859273251222191,72.859273251222191,0.24286424417074065,0,0,0,20,7.8333717469796227,0,4.6000000000000005,0,1,0,0,0,0
4,4.6050000000000004,921,72.919161237431155,0,0,0,12.158113718512791,0,12.158113718512791,0,0,-0,-1.7029069015174025,0,72.919161237431155,72.919161237431155,0.24306387079143718,0,0,0,20,7.8418862814872092,0,4.6050000000000004,0,1,0,0,0,0
4,4.6100000000000003,922,72.979007297742143,0,0,0,12.149599184005204,0,12.149599184005204,0,0,-0,-1.7029069015174025,0,72.979007297742143,72.979007297742143,0.24326335765914048,0,0,0,20,7.8504008159947958,0,4.6100000000000003,0,1,0,0,0,0
4,4.6150000000000002,923,73.038811432155143,0,0,0,12.141084649497618,0,12.141084649497618,0,0,-0,-1.7029069015174025,0,73.038811432155143,73.038811432155143,0.24346270477385049,0,0,0,20,7.8589153505023823,0,4.6150000000000002,0,1,0,0,0,0
4,4.6200000000000001,924,73.098573640670168,0,0,0,12.132570114990031,0,12.132570114990031,0,0,-0,-1.7029069015174025,0,73.098573640670168,73.098573640670168,0.24366191213556723,0,0,0,20,7.8674298850099689,0,4.6200000000000001,0,1,0,0,0,0
4,4.625,925,73.158293923287204,0,0,0,12.124055580482445,0,12.124055580482445,0,0,-0,-1.7029069015174025,0,73.158293923287204,73.158293923287204,0.24386097974429069,0,0,0,20,7.8759444195175554,0,4.625,0,1,0,0,0,0
4,4.6299999999999999,926,73.217972280006265,0,0,0,12.115541045974858,0,12.115541045974858,0,0,-0,-1.7029069015174025,0,73.217972280006265,73.217972280006265,0.24405990760002089,0,0,0,20,7.884458954025142,0,4.6299999999999999,0,1,0,0,0,0
4,4.6349999999999998,927,73.277608710827337,0,0,0,12.107026511467271,0,12.107026511467271,0,0,-0,-1.7029069015174025,0,73.277608710827337,73.277608710827337,0.24425869570275779,0,0,0,20,7.8929734885327285,0,4.6349999999999998,0,1,0,0,0,0
4,4.6399999999999997,928,73.337203215750435,0,0,0,12.098511976959685,0,12.098511976959685,0,0,-0,-1.7029069015174025,0,73.337203215750435,73.337203215750435,0.24445734405250144,0,0,0,20,7.9014880230403151,0,4.6399999999999997,0,1,0,0,0,0
4,4.6450000000000005,929,73.396755794775544,0,0,0,12.089997442452098,0,12.089997442452098,0,0,-0,-1.7029069015174025,0,73.396755794775544,73.396755794775544,0.24465585264925183,0,0,0,20,7.9100025575479016,0,4.6450000000000005,0,1,0,0,0,0
4,4.6500000000000004,930,73.456266447902678,0,0,0,12.081482907944512,0,12.081482907944512,0,0,-0,-1.7029069015174025,0,73.456266447902678,73.456266447902678,0.24485422149300892,0,0,0,20,7.9185170920554881,0,4.6500000000000004,0,1,0,0,0,0
4,4.6550000000000002,931,73.515735175131823,0,0,0,12.072968373436925,0,12.072968373436925,0,0,-0,-1.7029069015174025,0,73.515735175131823,73.515735175131823,0.24505245058377276,0,0,0,20,7.9270316265630747,0,4.6550000000000002,0,1,0,0,0,0
4,4.6600000000000001,932,73.575161976462994,0,0,0,12.064453838929339,0,12.064453838929339,0,0,-0,-1.7029069015174025,0,73.575161976462994,73.575161976462994,0.2452505399215433,0,0,0,20,7.9355461610706612,0,4.6600000000000001,0,1,0,0,0,0
4,4.665,933,73.634546851896175,0,0,0,12.055939304421752,0,12.055939304421752,0,0,-0,-1.7029069015174025,0,73.634546851896175,73.634546851896175,0.24544848950632059,0,0,0,20,7.9440606955782478,0,4.665,0,1,0,0,0,0
4,4.6699999999999999,934,73.693889801431382,0,0,0,12.047424769914166,0,12.047424769914166,0,0,-0,-1.7029069015174025,0,73.693889801431382,73.693889801431382,0.24564629933810461,0,0,0,20,7.9525752300858343,0,4.6699999999999999,0,1,0,0,0,0
4,4.6749999999999998,935,73.7531908250686,0,0,0,12.038910235406579,0,12.038910235406579,0,0,-0,-1.7029069015174025,0,73.7531908250686,73.7531908250686,0.24584396941689535,0,0,0,20,7.9610897645934209,0,4.6749999999999998,0,1,0,0,0,0
4,4.6799999999999997,936,73.812449922807843,0,0,0,12.030395700898993,0,12.030395700898993,0,0,-0,-1.7029069015174025,0,73.812449922807843,73.812449922807843,0.24604149974269282,0,0,0,20,7.9696042991010074,0,4.6799999999999997,0,1,0,0,0,0
4,4.6850000000000005,937,73.871667094649098,0,0,0,12.021881166391406,0,12.021881166391406,0,0,-0,-1.7029069015174025,0,73.871667094649098,73.871667094649098,0.24623889031549701,0,0,0,20,7.978118833608594,0,4.6850000000000005,0,1,0,0,0,0
4,4.6900000000000004,938,73.930842340592378,0,0,0,12.013366631883819,0,12.013366631883819,0,0,-0,-1.7029069015174025,0,73.930842340592378,73.930842340592378,0.24643614113530793,0,0,0,20,7.9866333681161805,0,4.6900000000000004,0,1,0,0,0,0
4,4.6950000000000003,939,73.989975660637668,0,0,0,12.004852097376233,0,12.004852097376233,0,0,-0,-1.7029069015174025,0,73.989975660637668,73.989975660637668,0.24663325220212556,0,0,0,20,7.9951479026237671,0,4.6950000000000003,0,1,0,0,0,0
4,4.7000000000000002,940,74.049067054784985,0,0,0,11.996337562868646,0,11.996337562868646,0,0,-0,-1.7029069015174025,0,74.049067054784985,74.049067054784985,0.24683022351594994,0,0,0,20,8.0036624371313536,0,4.7000000000000002,0,1,0,0,0,0
4,4.7050000000000001,941,74.108116523034312,0,0,0,11.98782302836106,0,11.98782302836106,0,0,-0,-1.7029069015174025,0,74.108116523034312,74.108116523034312,0.24702705507678105,0,0,0,20,8.0121769716389402,0,4.7050000000000001,0,1,0,0,0,0
4,4.71,942,74.167124065385664,0,0,0,11.979308493853473,0,11.979308493853473,0,0,-0,-1.7029069015174025,0,74.167124065385664,74.167124065385664,0.24722374688461887,0,0,0,20,8.0206915061465267,0,4.71,0,1,0,0,0,0
4,4.7149999999999999,943,74.226089681839028,0,0,0,11.970793959345887,0,11.970793959345887,0,0,-0,-1.7029069015174025,0,74.226089681839028,74.226089681839028,0.24742029893946343,0,0,0,20,8.0292060406541133,0,4.7149999999999999,0,1,0,0,0,0
4,4.7199999999999998,944,74.285013372394417,0,0,0,11.9622794248383,0,11.9622794248383,0,0,-0,-1.7029069015174025,0,74.285013372394417,74.285013372394417,0.24761671124131474,0,0,0,20,8.0377205751616998,0,4.7199999999999998,0,1,0,0,0,0
4,4.7250000000000005,945,74.343895137051817,0,0,0,11.953764890330714,0,11.953764890330714,0,0,-0,-1.7029069015174025,0,74.343895137051817,74.343895137051817,0.24781298379017272,0,0,0,20,8.0462351096692863,0,4.7250000000000005,0,1,0,0,0,0
4,4.7300000000000004,946,74.402734975811242,0,0,0,11.945250355823127,0,11.945250355823127,0,0,-0,-1.7029069015174025,0,74.402734975811242,74.402734975811242,0.24800911658603747,0,0,0,20,8.0547496441768729,0,4.7300000000000004,0,1,0,0,0,0
4,4.7350000000000003,947,74.461532888672679,0,0,0,11.936735821315541,0,11.936735821315541,0,0,-0,-1.7029069015174025,0,74.461532888672679,74.461532888672679,0.24820510962890893,0,0,0,20,8.0632641786844594,0,4.7350000000000003,0,1,0,0,0,0
4,4.7400000000000002,948,74.52028887563614,0,0,0,11.928221286807954,0,11.928221286807954,0,0,-0,-1.7029069015174025,0,74.52028887563614,74.52028887563614,0.24840096291878713,0,0,0,20,8.071778713192046,0,4.7400000000000002,0,1,0,0,0,0
4,4.7450000000000001,949,74.579002936701613,0,0,0,11.919706752300367,0,11.919706752300367,0,0,-0,-1.7029069015174025,0,74.579002936701613,74.579002936701613,0.24859667645567204,0,0,0,20,8.0802932476996325,0,4.7450000000000001,0,1,0,0,0,0
4,4.75,950,74.637675071869111,0,0,0,11.911192217792781,0,11.911192217792781,0,0,-0,-1.7029069015174025,0,74.637675071869111,74.637675071869111,0.24879225023956369,0,0,0,20,8.0888077822072191,0,4.75,0,1,0,0,0,0
4,4.7549999999999999,951,74.696305281138621,0,0,0,11.902677683285194,0,11.902677683285194,0,0,-0,-1.7029069015174025,0,74.696305281138621,74.696305281138621,0.24898768427046206,0,0,0,20,8.0973223167148056,0,4.7549999999999999,0,1,0,0,0,0
4,4.7599999999999998,952,74.754893564510155,0,0,0,11.894163148777608,0,11.894163148777608,0,0,-0,-1.7029069015174025,0,74.754893564510155,74.754893564510155,0.24918297854836718,0,0,0,20,8.1058368512223922,0,4.7599999999999998,0,1,0,0,0,0
4,4.7649999999999997,953,74.813439921983701,0,0,0,11.885648614270021,0,11.885648614270021,0,0,-0,-1.7029069015174025,0,74.813439921983701,74.813439921983701,0.249378133073279,0,0,0,20,8.1143513857299787,0,4.7649999999999997,0,1,0,0,0,0
4,4.7700000000000005,954,74.871944353559272,0,0,0,11.877134079762435,0,11.877134079762435,0,0,-0,-1.7029069015174025,0,74.871944353559272,74.871944353559272,0.24957314784519757,0,0,0,20,8.1228659202375653,0,4.7700000000000005,0,1,0,0,0,0
4,4.7750000000000004,955,74.930406859236854,0,0,0,11.868619545254848,0,11.868619545254848,0,0,-0,-1.7029069015174025,0,74.930406859236854,74.930406859236854,0.24976802286412284,0,0,0,20,8.1313804547451518,0,4.7750000000000004,0,1,0,0,0,0
4,4.7800000000000002,956,74.988827439016461,0,0,0,11.860105010747262,0,11.860105010747262,0,0,-0,-1.7029069015174025,0,74.988827439016461,74.988827439016461,0.24996275813005486,0,0,0,20,8.1398949892527384,0,4.7800000000000002,0,1,0,0,0,0
4,4.7850000000000001,957,75.04720609289808,0,0,0,11.851590476239675,0,11.851590476239675,0,0,-0,-1.7029069015174025,0,75.04720609289808,75.04720609289808,0.25015735364299357,0,0,0,20,8.1484095237603249,0,4.7850000000000001,0,1,0,0,0,0
4,4.79,958,75.105542820881723,0,0,0,11.843075941732089,0,11.843075941732089,0,0,-0,-1.7029069015174025,0,75.105542820881723,75.105542820881723,0.25035180940293905,0,0,0,20,8.1569240582679114,0,4.79,0,1,0,0,0,0
4,4.7949999999999999,959,75.163837622967378,0,0,0,11.834561407224502,0,11.834561407224502,0,0,-0,-1.7029069015174025,0,75.163837622967378,75.163837622967378,0.25054612540989124,0,0,0,20,8.165438592775498,0,4.7949999999999999,0,1,0,0,0,0
4,4.7999999999999998,960,75.222090499155058,0,0,0,11.826046872716915,0,11.826046872716915,0,0,-0,-1.7029069015174025,0,75.222090499155058,75.222090499155058,0.2507403016638502,0,0,0,20,8.1739531272830845,0,4.7999999999999998,0,1,0,0,0,0
4,4.8049999999999997,961,75.28030144944475,0,0,0,11.817532338209329,0,11.817532338209329,0,0,-0,-1.7029069015174025,0,75.28030144944475,75.28030144944475,0.25093433816481581,0,0,0,20,8.1824676617906711,0,4.8049999999999997,0,1,0,0,0,0
4,4.8100000000000005,962,75.338470473836466,0,0,0,11.809017803701742,0,11.809017803701742,0,0,-0,-1.7029069015174025,0,75.338470473836466,75.338470473836466,0.25112823491278824,0,0,0,20,8.1909821962982576,0,4.8100000000000005,0,1,0,0,0,0
4,4.8150000000000004,963,75.396597572330194,0,0,0,11.800503269194156,0,11.800503269194156,0,0,-0,-1.7029069015174025,0,75.396597572330194,75.396597572330194,0.25132199190776733,0,0,0,20,8.1994967308058442,0,4.8150000000000004,0,1,0,0,0,0
4,4.8200000000000003,964,75.454682744925947,0,0,0,11.791988734686569,0,11.791988734686569,0,0,-0,-1.7029069015174025,0,75.454682744925947,75.454682744925947,0.25151560914975318,0,0,0,20,8.2080112653134307,0,4.8200000000000003,0,1,0,0,0,0
4,4.8250000000000002,965,75.512725991623711,0,0,0,11.783474200178983,0,11.783474200178983,0,0,-0,-1.7029069015174025,0,75.512725991623711,75.512725991623711,0.25170908663874569,0,0,0,20,8.2165257998210173,0,4.8250000000000002,0,1,0,0,0,0
4,4.8300000000000001,966,75.5707273124235,0,0,0,11.774959665671396,0,11.774959665671396,0,0,-0,-1.7029069015174025,0,75.5707273124235,75.5707273124235,0.25190242437474503,0,0,0,20,8.2250403343286038,0,4.8300000000000001,0,1,0,0,0,0
4,4.835,967,75.628686707325301,0,0,0,11.76644513116381,0,11.76644513116381,0,0,-0,-1.7029069015174025,0,75.628686707325301,75.628686707325301,0.25209562235775101,0,0,0,20,8.2335548688361904,0,4.835,0,1,0,0,0,0
4,4.8399999999999999,968,75.686604176329126,0,0,0,11.757930596656223,0,11.757930596656223,0,0,-0,-1.7029069015174025,0,75.686604176329126,75.686604176329126,0.25228868058776377,0,0,0,20,8.2420694033437769,0,4.8399999999999999,0,1,0,0,0,0
4,4.8449999999999998,969,75.744479719434963,0,0,0,11.749416062148637,0,11.749416062148637,0,0,-0,-1.7029069015174025,0,75.744479719434963,75.744479719434963,0.25248159906478324,0,0,0,20,8.2505839378513635,0,4.8449999999999998,0,1,0,0,0,0
4,4.8500000000000005,970,75.802313336642825,0,0,0,11.74090152764105,0,11.74090152764105,0,0,-0,-1.7029069015174025,0,75.802313336642825,75.802313336642825,0.25267437778880941,0,0,0,20,8.25909847235895,0,4.8500000000000005,0,1,0,0,0,0
4,4.8550000000000004,971,75.860105027952699,0,0,0,11.732386993133463,0,11.732386993133463,0,0,-0,-1.7029069015174025,0,75.860105027952699,75.860105027952699,0.25286701675984236,0,0,0,20,8.2676130068665366,0,4.8550000000000004,0,1,0,0,0,0
4,4.8600000000000003,972,75.917854793364597,0,0,0,11.723872458625877,0,11.723872458625877,0,0,-0,-1.7029069015174025,0,75.917854793364597,75.917854793364597,0.25305951597788201,0,0,0,20,8.2761275413741231,0,4.8600000000000003,0,1,0,0,0,0
4,4.8650000000000002,973,75.975562632878507,0,0,0,11.71535792411829,0,11.71535792411829,0,0,-0,-1.7029069015174025,0,75.975562632878507,75.975562632878507,0.25325187544292838,0,0,0,20,8.2846420758817096,0,4.8650000000000002,0,1,0,0,0,0
4,4.8700000000000001,974,76.033228546494442,0,0,0,11.706843389610704,0,11.706843389610704,0,0,-0,-1.7029069015174025,0,76.033228546494442,76.033228546494442,0.25344409515498145,0,0,0,20,8.2931566103892962,0,4.8700000000000001,0,1,0,0,0,0
4,4.875,975,76.090852534212388,0,0,0,11.698328855103117,0,11.698328855103117,0,0,-0,-1.7029069015174025,0,76.090852534212388,76.090852534212388,0.2536361751140413,0,0,0,20,8.3016711448968827,0,4.875,0,1,0,0,0,0
4,4.8799999999999999,976,76.148434596032359,0,0,0,11.689814320595531,0,11.689814320595531,0,0,-0,-1.7029069015174025,0,76.148434596032359,76.148434596032359,0.25382811532010785,0,0,0,20,8.3101856794044693,0,4.8799999999999999,0,1,0,0,0,0
4,4.8849999999999998,977,76.205974731954342,0,0,0,11.681299786087944,0,11.681299786087944,0,0,-0,-1.7029069015174025,0,76.205974731954342,76.205974731954342,0.25401991577318112,0,0,0,20,8.3187002139120558,0,4.8849999999999998,0,1,0,0,0,0
4,4.8899999999999997,978,76.26347294197835,0,0,0,11.672785251580358,0,11.672785251580358,0,0,-0,-1.7029069015174025,0,76.26347294197835,76.26347294197835,0.25421157647326115,0,0,0,20,8.3272147484196424,0,4.8899999999999997,0,1,0,0,0,0
4,4.8950000000000005,979,76.320929226104369,0,0,0,11.664270717072771,0,11.664270717072771,0,0,-0,-1.7029069015174025,0,76.320929226104369,76.320929226104369,0.25440309742034789,0,0,0,20,8.3357292829272289,0,4.8950000000000005,0,1,0,0,0,0
4,4.9000000000000004,980,76.378343584332413,0,0,0,11.655756182565185,0,11.655756182565185,0,0,-0,-1.7029069015174025,0,76.378343584332413,76.378343584332413,0.2545944786144414,0,0,0,20,8.3442438174348155,0,4.9000000000000004,0,1,0,0,0,0
4,4.9050000000000002,981,76.435716016662468,0,0,0,11.647241648057598,0,11.647241648057598,0,0,-0,-1.7029069015174025,0,76.435716016662468,76.435716016662468,0.25478572005554156,0,0,0,20,8.352758351942402,0,4.9050000000000002,0,1,0,0,0,0
4,4.9100000000000001,982,76.493046523094549,0,0,0,11.638727113550011,0,11.638727113550011,0,0,-0,-1.7029069015174025,0,76.493046523094549,76.493046523094549,0.2549768217436485,0,0,0,20,8.3612728864499886,0,4.9100000000000001,0,1,0,0,0,0
4,4.915,983,76.55033510362864,0,0,0,11.630212579042425,0,11.630212579042425,0,0,-0,-1.7029069015174025,0,76.55033510362864,76.55033510362864,0.25516778367876214,0,0,0,20,8.3697874209575751,0,4.915,0,1,0,0,0,0
4,4.9199999999999999,984,76.607581758264757,0,0,0,11.621698044534838,0,11.621698044534838,0,0,-0,-1.7029069015174025,0,76.607581758264757,76.607581758264757,0.25535860586088255,0,0,0,20,8.3783019554651617,0,4.9199999999999999,0,1,0,0,0,0
4,4.9249999999999998,985,76.664786487002885,0,0,0,11.613183510027252,0,11.613183510027252,0,0,-0,-1.7029069015174025,0,76.664786487002885,76.664786487002885,0.25554928829000961,0,0,0,20,8.3868164899727482,0,4.9249999999999998,0,1,0,0,0,0
4,4.9299999999999997,986,76.721949289843039,0,0,0,11.604668975519665,0,11.604668975519665,0,0,-0,-1.7029069015174025,0,76.721949289843039,76.721949289843039,0.25573983096614344,0,0,0,20,8.3953310244803347,0,4.9299999999999997,0,1,0,0,0,0
4,4.9350000000000005,987,76.779070166785203,0,0,0,11.596154441012079,0,11.596154441012079,0,0,-0,-1.7029069015174025,0,76.779070166785203,76.779070166785203,0.25593023388928399,0,0,0,20,8.4038455589879213,0,4.9350000000000005,0,1,0,0,0,0
4,4.9400000000000004,988,76.836149117829393,0,0,0,11.587639906504492,0,11.587639906504492,0,0,-0,-1.7029069015174025,0,76.836149117829393,76.836149117829393,0.2561204970594313,0,0,0,20,8.4123600934955078,0,4.9400000000000004,0,1,0,0,0,0
4,4.9450000000000003,989,76.893186142975594,0,0,0,11.579125371996906,0,11.579125371996906,0,0,-0,-1.7029069015174025,0,76.893186142975594,76.893186142975594,0.25631062047658532,0,0,0,20,8.4208746280030944,0,4.9450000000000003,0,1,0,0,0,0
4,4.9500000000000002,990,76.95018124222382,0,0,0,11.570610837489319,0,11.570610837489319,0,0,-0,-1.7029069015174025,0,76.95018124222382,76.95018124222382,0.25650060414074605,0,0,0,20,8.4293891625106809,0,4.9500000000000002,0,1,0,0,0,0
4,4.9550000000000001,991,77.007134415574058,0,0,0,11.562096302981733,0,11.562096302981733,0,0,-0,-1.7029069015174025,0,77.007134415574058,77.007134415574058,0.25669044805191354,0,0,0,20,8.4379036970182675,0,4.9550000000000001,0,1,0,0,0,0
4,4.96,992,77.06404566302632,0,0,0,11.553581768474146,0,11.553581768474146,0,0,-0,-1.7029069015174025,0,77.06404566302632,77.06404566302632,0.25688015221008775,0,0,0,20,8.446418231525854,0,4.96,0,1,0,0,0,0
4,4.9649999999999999,993,77.120914984580594,0,0,0,11.545067233966559,0,11.545067233966559,0,0,-0,-1.7029069015174025,0,77.120914984580594,77.120914984580594,0.25706971661526867,0,0,0,20,8.4549327660334406,0,4.9649999999999999,0,1,0,0,0,0
4,4.9699999999999998,994,77.177742380236893,0,0,0,11.536552699458973,0,11.536552699458973,0,0,-0,-1.7029069015174025,0,77.177742380236893,77.177742380236893,0.2572591412674563,0,0,0,20,8.4634473005410271,0,4.9699999999999998,0,1,0,0,0,0
4,4.9750000000000005,995,77.234527849995203,0,0,0,11.528038164951386,0,11.528038164951386,0,0,-0,-1.7029069015174025,0,77.234527849995203,77.234527849995203,0.2574484261666507,0,0,0,20,8.4719618350486137,0,4.9750000000000005,0,1,0,0,0,0
4,4.9800000000000004,996,77.291271393855538,0,0,0,11.5195236304438,0,11.5195236304438,0,0,-0,-1.7029069015174025,0,77.291271393855538,77.291271393855538,0.25763757131285181,0,0,0,20,8.4804763695562002,0,4.9800000000000004,0,1,0,0,0,0
4,4.9850000000000003,997,77.347973011817885,0,0,0,11.511009095936213,0,11.511009095936213,0,0,-0,-1.7029069015174025,0,77.347973011817885,77.347973011817885,0.25782657670605963,0,0,0,20,8.4889909040637868,0,4.9850000000000003,0,1,0,0,0,0
4,4.9900000000000002,998,77.404632703882257,0,0,0,11.502494561428627,0,11.502494561428627,0,0,-0,-1.7029069015174025,0,77.404632703882257,77.404632703882257,0.25801544234627422,0,0,0,20,8.4975054385713733,0,4.9900000000000002,0,1,0,0,0,0
4,4.9950000000000001,999,77.46125047004864,0,0,0,11.49398002692104,0,11.49398002692104,0,0,-0,-1.7029069015174025,0,77.46125047004864,77.46125047004864,0.25820416823349546,0,0,0,20,8.5060199730789599,0,4.9950000000000001,0,1,0,0,0,0
4,5,1000,77.517826310317048,0,0,0,11.485465492413454,0,11.485465492413454,0,0,-0,-1.7029069015174025,0,77.517826310317048,77.517826310317048,0.25839275436772352,0,0,0,20,8.5145345075865464,0,5,0,1,0,0,0,0
4,5.0049999999999999,1001,77.574360224687467,0,0,0,11.476950957905867,0,11.476950957905867,0,0,-0,-1.7029069015174025,0,77.574360224687467,77.574360224687467,0.25858120074895824,0,0,0,20,8.5230490420941329,0,5.0049999999999999,0,1,0,0,0,0
4,5.0099999999999998,1002,77.630852213159912,0,0,0,11.468436423398281,0,11.468436423398281,0,0,-0,-1.7029069015174025,0,77.630852213159912,77.630852213159912,0.25876950737719973,0,0,0,20,8.5315635766017195,0,5.0099999999999998,0,1,0,0,0,0
4,5.0149999999999997,1003,77.687302275734368,0,0,0,11.459921888890694,0,11.459921888890694,0,0,-0,-1.7029069015174025,0,77.687302275734368,77.687302275734368,0.25895767425244787,0,0,0,20,8.540078111109306,0,5.0149999999999997,0,1,0,0,0,0
4,5.0200000000000005,1004,77.743710412410849,0,0,0,11.451407354383107,0,11.451407354383107,0,0,-0,-1.7029069015174025,0,77.743710412410849,77.743710412410849,0.25914570137470283,0,0,0,20,8.5485926456168926,0,5.0200000000000005,0,1,0,0,0,0
4,5.0250000000000004,1005,77.800076623189341,0,0,0,11.442892819875521,0,11.442892819875521,0,0,-0,-1.7029069015174025,0,77.800076623189341,77.800076623189341,0.25933358874396445,0,0,0,20,8.5571071801244791,0,5.0250000000000004,0,1,0,0,0,0
4,5.0300000000000002,1006,77.856400908069858,0,0,0,11.434378285367934,0,11.434378285367934,0,0,-0,-1.7029069015174025,0,77.856400908069858,77.856400908069858,0.25952133636023283,0,0,0,20,8.5656217146320657,0,5.0300000000000002,0,1,0,0,0,0
4,5.0350000000000001,1007,77.912683267052387,0,0,0,11.425863750860348,0,11.425863750860348,0,0,-0,-1.7029069015174025,0,77.912683267052387,77.912683267052387,0.25970894422350793,0,0,0,20,8.5741362491396522,0,5.0350000000000001,0,1,0,0,0,0
4,5.04,1008,77.968923700136941,0,0,0,11.417349216352761,0,11.417349216352761,0,0,-0,-1.7029069015174025,0,77.968923700136941,77.968923700136941,0.25989641233378979,0,0,0,20,8.5826507836472388,0,5.04,0,1,0,0,0,0
4,5.0449999999999999,1009,78.025122207323506,0,0,0,11.408834681845175,0,11.408834681845175,0,0,-0,-1.7029069015174025,0,78.025122207323506,78.025122207323506,0.26008374069107837,0,0,0,20,8.5911653181548253,0,5.0449999999999999,0,1,0,0,0,0
4,5.0499999999999998,1010,78.081278788612096,0,0,0,11.400320147337588,0,11.400320147337588,0,0,-0,-1.7029069015174025,0,78.081278788612096,78.081278788612096,0.26027092929537365,0,0,0,20,8.5996798526624119,0,5.0499999999999998,0,1,0,0,0,0
4,5.0549999999999997,1011,78.137393444002697,0,0,0,11.391805612830002,0,11.391805612830002,0,0,-0,-1.7029069015174025,0,78.137393444002697,78.137393444002697,0.26045797814667565,0,0,0,20,8.6081943871699984,0,5.0549999999999997,0,1,0,0,0,0
4,5.0600000000000005,1012,78.193466173495324,0,0,0,11.383291078322415,0,11.383291078322415,0,0,-0,-1.7029069015174025,0,78.193466173495324,78.193466173495324,0.26064488724498441,0,0,0,20,8.616708921677585,0,5.0600000000000005,0,1,0,0,0,0
4,5.0650000000000004,1013,78.249496977089962,0,0,0,11.374776543814828,0,11.374776543814828,0,0,-0,-1.7029069015174025,0,78.249496977089962,78.249496977089962,0.26083165659029989,0,0,0,20,8.6252234561851715,0,5.0650000000000004,0,1,0,0,0,0
4,5.0700000000000003,1014,78.305485854786625,0,0,0,11.366262009307242,0,11.366262009307242,0,0,-0,-1.7029069015174025,0,78.305485854786625,78.305485854786625,0.26101828618262207,0,0,0,20,8.633737990692758,0,5.0700000000000003,0,1,0,0,0,0
4,5.0750000000000002,1015,78.361432806585299,0,0,0,11.357747474799655,0,11.357747474799655,0,0,-0,-1.7029069015174025,0,78.361432806585299,78.361432806585299,0.26120477602195097,0,0,0,20,8.6422525252003446,0,5.0750000000000002,0,1,0,0,0,0
4,5.0800000000000001,1016,78.417337832485998,0,0,0,11.349232940292069,0,11.349232940292069,0,0,-0,-1.7029069015174025,0,78.417337832485998,78.417337832485998,0.26139112610828669,0,0,0,20,8.6507670597079311,0,5.0800000000000001,0,1,0,0,0,0
4,5.085,1017,78.473200932488709,0,0,0,11.340718405784482,0,11.340718405784482,0,0,-0,-1.7029069015174025,0,78.473200932488709,78.473200932488709,0.261577336441629,0,0,0,20,8.6592815942155177,0,5.085,0,1,0,0,0,0
4,5.0899999999999999,1018,78.529022106593445,0,0,0,11.332203871276896,0,11.332203871276896,0,0,-0,-1.7029069015174025,0,78.529022106593445,78.529022106593445,0.26176340702197815,0,0,0,20,8.6677961287231042,0,5.0899999999999999,0,1,0,0,0,0
4,5.0949999999999998,1019,78.584801354800192,0,0,0,11.323689336769309,0,11.323689336769309,0,0,-0,-1.7029069015174025,0,78.584801354800192,78.584801354800192,0.261949337849334,0,0,0,20,8.6763106632306908,0,5.0949999999999998,0,1,0,0,0,0
4,5.1000000000000005,1020,78.640538677108964,0,0,0,11.315174802261723,0,11.315174802261723,0,0,-0,-1.7029069015174025,0,78.640538677108964,78.640538677108964,0.26213512892369656,0,0,0,20,8.6848251977382773,0,5.1000000000000005,0,1,0,0,0,0
4,5.1050000000000004,1021,78.696234073519747,0,0,0,11.306660267754136,0,11.306660267754136,0,0,-0,-1.7029069015174025,0,78.696234073519747,78.696234073519747,0.26232078024506583,0,0,0,20,8.6933397322458639,0,5.1050000000000004,0,1,0,0,0,0
4,5.1100000000000003,1022,78.751887544032556,0,0,0,11.29814573324655,0,11.29814573324655,0,0,-0,-1.7029069015174025,0,78.751887544032556,78.751887544032556,0.26250629181344187,0,0,0,20,8.7018542667534504,0,5.1100000000000003,0,1,0,0,0,0
4,5.1150000000000002,1023,78.807499088647376,0,0,0,11.289631198738963,0,11.289631198738963,0,0,-0,-1.7029069015174025,0,78.807499088647376,78.807499088647376,0.26269166362882457,0,0,0,20,8.710368801261037,0,5.1150000000000002,0,1,0,0,0,0
4,5.1200000000000001,1024,78.863068707364221,0,0,0,11.281116664231376,0,11.281116664231376,0,0,-0,-1.7029069015174025,0,78.863068707364221,78.863068707364221,0.26287689569121409,0,0,0,20,8.7188833357686235,0,5.1200000000000001,0,1,0,0,0,0
4,5.125,1025,78.918596400183077,0,0,0,11.27260212972379,0,11.27260212972379,0,0,-0,-1.7029069015174025,0,78.918596400183077,78.918596400183077,0.26306198800061026,0,0,0,20,8.7273978702762101,0,5.125,0,1,0,0,0,0
4,5.1299999999999999,1026,78.974082167103958,0,0,0,11.264087595216203,0,11.264087595216203,0,0,-0,-1.7029069015174025,0,78.974082167103958,78.974082167103958,0.2632469405570132,0,0,0,20,8.7359124047837966,0,5.1299999999999999,0,1,0,0,0,0
4,5.1349999999999998,1027,79.029526008126851,0,0,0,11.255573060708617,0,11.255573060708617,0,0,-0,-1.7029069015174025,0,79.029526008126851,79.029526008126851,0.26343175336042285,0,0,0,20,8.7444269392913831,0,5.1349999999999998,0,1,0,0,0,0
4,5.1399999999999997,1028,79.084927923251769,0,0,0,11.24705852620103,0,11.24705852620103,0,0,-0,-1.7029069015174025,0,79.084927923251769,79.084927923251769,0.26361642641083921,0,0,0,20,8.7529414737989697,0,5.1399999999999997,0,1,0,0,0,0
4,5.1450000000000005,1029,79.140287912478698,0,0,0,11.238543991693444,0,11.238543991693444,0,0,-0,-1.7029069015174025,0,79.140287912478698,79.140287912478698,0.26380095970826234,0,0,0,20,8.7614560083065562,0,5.1450000000000005,0,1,0,0,0,0
4,5.1500000000000004,1030,79.195605975807652,0,0,0,11.230029457185857,0,11.230029457185857,0,0,-0,-1.7029069015174025,0,79.195605975807652,79.195605975807652,0.26398535325269218,0,0,0,20,8.7699705428141428,0,5.1500000000000004,0,1,0,0,0,0
4,5.1550000000000002,1031,79.250882113238617,0,0,0,11.221514922678271,0,11.221514922678271,0,0,-0,-1.7029069015174025,0,79.250882113238617,79.250882113238617,0.26416960704412873,0,0,0,20,8.7784850773217293,0,5.1550000000000002,0,1,0,0,0,0
4,5.1600000000000001,1032,79.306116324771608,0,0,0,11.213000388170684,0,11.213000388170684,0,0,-0,-1.7029069015174025,0,79.306116324771608,79.306116324771608,0.26435372108257205,0,0,0,20,8.7869996118293159,0,5.1600000000000001,0,1,0,0,0,0
4,5.165,1033,79.36130861040661,0,0,0,11.204485853663098,0,11.204485853663098,0,0,-0,-1.7029069015174025,0,79.36130861040661,79.36130861040661,0.26453769536802202,0,0,0,20,8.7955141463369024,0,5.165,0,1,0,0,0,0
4,5.1699999999999999,1034,79.416458970143637,0,0,0,11.195971319155511,0,11.195971319155511,0,0,-0,-1.7029069015174025,0,79.416458970143637,79.416458970143637,0.26472152990047881,0,0,0,20,8.804028680844489,0,5.1699999999999999,0,1,0,0,0,0
4,5.1749999999999998,1035,79.471567403982675,0,0,0,11.187456784647924,0,11.187456784647924,0,0,-0,-1.7029069015174025,0,79.471567403982675,79.471567403982675,0.26490522467994226,0,0,0,20,8.8125432153520755,0,5.1749999999999998,0,1,0,0,0,0
4,5.1799999999999997,1036,79.526633911923739,0,0,0,11.178942250140338,0,11.178942250140338,0,0,-0,-1.7029069015174025,0,79.526633911923739,79.526633911923739,0.26508877970641248,0,0,0,20,8.8210577498596621,0,5.1799999999999997,0,1,0,0,0,0
4,5.1850000000000005,1037,79.581658493966813,0,0,0,11.170427715632751,0,11.170427715632751,0,0,-0,-1.7029069015174025,0,79.581658493966813,79.581658493966813,0.26527219497988935,0,0,0,20,8.8295722843672486,0,5.1850000000000005,0,1,0,0,0,0
4,5.1900000000000004,1038,79.636641150111913,0,0,0,11.161913181125165,0,11.161913181125165,0,0,-0,-1.7029069015174025,0,79.636641150111913,79.636641150111913,0.26545547050037305,0,0,0,20,8.8380868188748352,0,5.1900000000000004,0,1,0,0,0,0
4,5.1950000000000003,1039,79.691581880359024,0,0,0,11.153398646617578,0,11.153398646617578,0,0,-0,-1.7029069015174025,0,79.691581880359024,79.691581880359024,0.2656386062678634,0,0,0,20,8.8466013533824217,0,5.1950000000000003,0,1,0,0,0,0
4,5.2000000000000002,1040,79.74648068470816,0,0,0,11.144884112109992,0,11.144884112109992,0,0,-0,-1.7029069015174025,0,79.74648068470816,79.74648068470816,0.26582160228236051,0,0,0,20,8.8551158878900083,0,5.2000000000000002,0,1,0,0,0,0
4,5.2050000000000001,1041,79.801337563159308,0,0,0,11.136369577602405,0,11.136369577602405,0,0,-0,-1.7029069015174025,0,79.801337563159308,79.801337563159308,0.26600445854386434,0,0,0,20,8.8636304223975948,0,5.2050000000000001,0,1,0,0,0,0
4,5.21,1042,79.856152515712481,0,0,0,11.127855043094819,0,11.127855043094819,0,0,-0,-1.7029069015174025,0,79.856152515712481,79.856152515712481,0.26618717505237494,0,0,0,20,8.8721449569051813,0,5.21,0,1,0,0,0,0
4,5.2149999999999999,1043,79.910925542367664,0,0,0,11.119340508587232,0,11.119340508587232,0,0,-0,-1.7029069015174025,0,79.910925542367664,79.910925542367664,0.26636975180789224,0,0,0,20,8.8806594914127679,0,5.2149999999999999,0,1,0,0,0,0
4,5.2199999999999998,1044,79.965656643124873,0,0,0,11.110825974079646,0,11.110825974079646,0,0,-0,-1.7029069015174025,0,79.965656643124873,79.965656643124873,0.26655218881041626,0,0,0,20,8.8891740259203544,0,5.2199999999999998,0,1,0,0,0,0
4,5.2250000000000005,1045,80.020345817984094,0,0,0,11.102311439572059,0,11.102311439572059,0,0,-0,-1.7029069015174025,0,80.020345817984094,80.020345817984094,0.26673448605994698,0,0,0,20,8.897688560427941,0,5.2250000000000005,0,1,0,0,0,0
4,5.2300000000000004,1046,80.074993066945339,0,0,0,11.093796905064472,0,11.093796905064472,0,0,-0,-1.7029069015174025,0,80.074993066945339,80.074993066945339,0.26691664355648448,0,0,0,20,8.9062030949355275,0,5.2300000000000004,0,1,0,0,0,0
4,5.2350000000000003,1047,80.129598390008596,0,0,0,11.085282370556886,0,11.085282370556886,0,0,-0,-1.7029069015174025,0,80.129598390008596,80.129598390008596,0.26709866130002863,0,0,0,20,8.9147176294431141,0,5.2350000000000003,0,1,0,0,0,0
4,5.2400000000000002,1048,80.184161787173878,0,0,0,11.076767836049299,0,11.076767836049299,0,0,-0,-1.7029069015174025,0,80.184161787173878,80.184161787173878,0.2672805392905796,0,0,0,20,8.9232321639507006,0,5.2400000000000002,0,1,0,0,0,0
4,5.2450000000000001,1049,80.238683258441171,0,0,0,11.068253301541713,0,11.068253301541713,0,0,-0,-1.7029069015174025,0,80.238683258441171,80.238683258441171,0.26746227752813723,0,0,0,20,8.9317466984582872,0,5.2450000000000001,0,1,0,0,0,0
4,5.25,1050,80.293162803810489,0,0,0,11.059738767034126,0,11.059738767034126,0,0,-0,-1.7029069015174025,0,80.293162803810489,80.293162803810489,0.26764387601270162,0,0,0,20,8.9402612329658737,0,5.25,0,1,0,0,0,0
4,5.2549999999999999,1051,80.347600423281818,0,0,0,11.05122423252654,0,11.05122423252654,0,0,-0,-1.7029069015174025,0,80.347600423281818,80.347600423281818,0.26782533474427273,0,0,0,20,8.9487757674734603,0,5.2549999999999999,0,1,0,0,0,0
4,5.2599999999999998,1052,80.401996116855173,0,0,0,11.042709698018953,0,11.042709698018953,0,0,-0,-1.7029069015174025,0,80.401996116855173,80.401996116855173,0.2680066537228506,0,0,0,20,8.9572903019810468,0,5.2599999999999998,0,1,0,0,0,0
4,5.2649999999999997,1053,80.456349884530539,0,0,0,11.034195163511367,0,11.034195163511367,0,0,-0,-1.7029069015174025,0,80.456349884530539,80.456349884530539,0.26818783294843512,0,0,0,20,8.9658048364886334,0,5.2649999999999997,0,1,0,0,0,0
4,5.2700000000000005,1054,80.51066172630793,0,0,0,11.02568062900378,0,11.02568062900378,0,0,-0,-1.7029069015174025,0,80.51066172630793,80.51066172630793,0.26836887242102642,0,0,0,20,8.9743193709962199,0,5.2700000000000005,0,1,0,0,0,0
4,5.2750000000000004,1055,80.564931642187332,0,0,0,11.017166094496194,0,11.017166094496194,0,0,-0,-1.7029069015174025,0,80.564931642187332,80.564931642187332,0.26854977214062442,0,0,0,20,8.9828339055038064,0,5.2750000000000004,0,1,0,0,0,0
4,5.2800000000000002,1056,80.61915963216876,0,0,0,11.008651559988607,0,11.008651559988607,0,0,-0,-1.7029069015174025,0,80.61915963216876,80.61915963216876,0.26873053210722919,0,0,0,20,8.991348440011393,0,5.2800000000000002,0,1,0,0,0,0
4,5.2850000000000001,1057,80.673345696252198,0,0,0,11.00013702548102,0,11.00013702548102,0,0,-0,-1.7029069015174025,0,80.673345696252198,80.673345696252198,0.26891115232084067,0,0,0,20,8.9998629745189795,0,5.2850000000000001,0,1,0,0,0,0
4,5.29,1058,80.727489834437662,0,0,0,10.991622490973434,0,10.991622490973434,0,0,-0,-1.7029069015174025,0,80.727489834437662,80.727489834437662,0.26909163278145887,0,0,0,20,9.0083775090265661,0,5.29,0,1,0,0,0,0
4,5.2949999999999999,1059,80.781592046725137,0,0,0,10.983107956465847,0,10.983107956465847,0,0,-0,-1.7029069015174025,0,80.781592046725137,80.781592046725137,0.26927197348908377,0,0,0,20,9.0168920435341526,0,5.2949999999999999,0,1,0,0,0,0
4,5.2999999999999998,1060,80.835652333114638,0,0,0,10.974593421958261,0,10.974593421958261,0,0,-0,-1.7029069015174025,0,80.835652333114638,80.835652333114638,0.26945217444371544,0,0,0,20,9.0254065780417392,0,5.2999999999999998,0,1,0,0,0,0
4,5.3049999999999997,1061,80.889670693606149,0,0,0,10.966078887450674,0,10.966078887450674,0,0,-0,-1.7029069015174025,0,80.889670693606149,80.889670693606149,0.26963223564535382,0,0,0,20,9.0339211125493257,0,5.3049999999999997,0,1,0,0,0,0
4,5.3100000000000005,1062,80.943647128199686,0,0,0,10.957564352943088,0,10.957564352943088,0,0,-0,-1.7029069015174025,0,80.943647128199686,80.943647128199686,0.26981215709399897,0,0,0,20,9.0424356470569123,0,5.3100000000000005,0,1,0,0,0,0
4,5.3150000000000004,1063,80.997581636895234,0,0,0,10.949049818435501,0,10.949049818435501,0,0,-0,-1.7029069015174025,0,80.997581636895234,80.997581636895234,0.26999193878965078,0,0,0,20,9.0509501815644988,0,5.3150000000000004,0,1,0,0,0,0
4,5.3200000000000003,1064,81.051474219692807,0,0,0,10.940535283927915,0,10.940535283927915,0,0,-0,-1.7029069015174025,0,81.051474219692807,81.051474219692807,0.27017158073230935,0,0,0,20,9.0594647160720854,0,5.3200000000000003,0,1,0,0,0,0
4,5.3250000000000002,1065,81.105324876592391,0,0,0,10.932020749420328,0,10.932020749420328,0,0,-0,-1.7029069015174025,0,81.105324876592391,81.105324876592391,0.27035108292197463,0,0,0,20,9.0679792505796719,0,5.3250000000000002,0,1,0,0,0,0
4,5.3300000000000001,1066,81.159133607594001,0,0,0,10.923506214912742,0,10.923506214912742,0,0,-0,-1.7029069015174025,0,81.159133607594001,81.159133607594001,0.27053044535864668,0,0,0,20,9.0764937850872585,0,5.3300000000000001,0,1,0,0,0,0
4,5.335,1067,81.212900412697621,0,0,0,10.914991680405155,0,10.914991680405155,0,0,-0,-1.7029069015174025,0,81.212900412697621,81.212900412697621,0.27070966804232538,0,0,0,20,9.085008319594845,0,5.335,0,1,0,0,0,0
4,5.3399999999999999,1068,81.266625291903267,0,0,0,10.906477145897568,0,10.906477145897568,0,0,-0,-1.7029069015174025,0,81.266625291903267,81.266625291903267,0.27088875097301091,0,0,0,20,9.0935228541024316,0,5.3399999999999999,0,1,0,0,0,0
4,5.3449999999999998,1069,81.320308245210924,0,0,0,10.897962611389982,0,10.897962611389982,0,0,-0,-1.7029069015174025,0,81.320308245210924,81.320308245210924,0.27106769415070309,0,0,0,20,9.1020373886100181,0,5.3449999999999998,0,1,0,0,0,0
4,5.3500000000000005,1070,81.373949272620607,0,0,0,10.889448076882395,0,10.889448076882395,0,0,-0,-1.7029069015174025,0,81.373949272620607,81.373949272620607,0.27124649757540203,0,0,0,20,9.1105519231176046,0,5.3500000000000005,0,1,0,0,0,0
4,5.3550000000000004,1071,81.4275483741323,0,0,0,10.880933542374809,0,10.880933542374809,0,0,-0,-1.7029069015174025,0,81.4275483741323,81.4275483741323,0.27142516124710769,0,0,0,20,9.1190664576251912,0,5.3550000000000004,0,1,0,0,0,0
4,5.3600000000000003,1072,81.481105549746019,0,0,0,10.872419007867222,0,10.872419007867222,0,0,-0,-1.7029069015174025,0,81.481105549746019,81.481105549746019,0.27160368516582006,0,0,0,20,9.1275809921327777,0,5.3600000000000003,0,1,0,0,0,0
4,5.3650000000000002,1073,81.534620799461749,0,0,0,10.863904473359636,0,10.863904473359636,0,0,-0,-1.7029069015174025,0,81.534620799461749,81.534620799461749,0.27178206933153914,0,0,0,20,9.1360955266403643,0,5.3650000000000002,0,1,0,0,0,0
4,5.3700000000000001,1074,81.588094123279504,0,0,0,10.855389938852049,0,10.855389938852049,0,0,-0,-1.7029069015174025,0,81.588094123279504,81.588094123279504,0.27196031374426499,0,0,0,20,9.1446100611479508,0,5.3700000000000001,0,1,0,0,0,0
4,5.375,1075,81.64152552119927,0,0,0,10.846875404344463,0,10.846875404344463,0,0,-0,-1.7029069015174025,0,81.64152552119927,81.64152552119927,0.27213841840399755,0,0,0,20,9.1531245956555374,0,5.375,0,1,0,0,0,0
4,5.3799999999999999,1076,81.694914993221062,0,0,0,10.838360869836876,0,10.838360869836876,0,0,-0,-1.7029069015174025,0,81.694914993221062,81.694914993221062,0.27231638331073688,0,0,0,20,9.1616391301631239,0,5.3799999999999999,0,1,0,0,0,0
4,5.3849999999999998,1077,81.748262539344864,0,0,0,10.82984633532929,0,10.82984633532929,0,0,-0,-1.7029069015174025,0,81.748262539344864,81.748262539344864,0.27249420846448286,0,0,0,20,9.1701536646707105,0,5.3849999999999998,0,1,0,0,0,0
4,5.3899999999999997,1078,81.801568159570692,0,0,0,10.821331800821703,0,10.821331800821703,0,0,-0,-1.7029069015174025,0,81.801568159570692,81.801568159570692,0.27267189386523566,0,0,0,20,9.178668199178297,0,5.3899999999999997,0,1,0,0,0,0
4,5.3950000000000005,1079,81.854831853898531,0,0,0,10.812817266314116,0,10.812817266314116,0,0,-0,-1.7029069015174025,0,81.854831853898531,81.854831853898531,0.27284943951299512,0,0,0,20,9.1871827336858836,0,5.3950000000000005,0,1,0,0,0,0
4,5.4000000000000004,1080,81.908053622328396,0,0,0,10.80430273180653,0,10.80430273180653,0,0,-0,-1.7029069015174025,0,81.908053622328396,81.908053622328396,0.27302684540776134,0,0,0,20,9.1956972681934701,0,5.4000000000000004,0,1,0,0,0,0
4,5.4050000000000002,1081,81.961233464860271,0,0,0,10.795788197298943,0,10.795788197298943,0,0,-0,-1.7029069015174025,0,81.961233464860271,81.961233464860271,0.27320411154953422,0,0,0,20,9.2042118027010567,0,5.4050000000000002,0,1,0,0,0,0
4,5.4100000000000001,1082,82.014371381494172,0,0,0,10.787273662791357,0,10.787273662791357,0,0,-0,-1.7029069015174025,0,82.014371381494172,82.014371381494172,0.27338123793831393,0,0,0,20,9.2127263372086432,0,5.4100000000000001,0,1,0,0,0,0
4,5.415,1083,82.067467372230084,0,0,0,10.77875912828377,0,10.77875912828377,0,0,-0,-1.7029069015174025,0,82.067467372230084,82.067467372230084,0.27355822457410028,0,0,0,20,9.2212408717162297,0,5.415,0,1,0,0,0,0
4,5.4199999999999999,1084,82.120521437068021,0,0,0,10.770244593776184,0,10.770244593776184,0,0,-0,-1.7029069015174025,0,82.120521437068021,82.120521437068021,0.27373507145689341,0,0,0,20,9.2297554062238163,0,5.4199999999999999,0,1,0,0,0,0
4,5.4249999999999998,1085,82.173533576007969,0,0,0,10.761730059268597,0,10.761730059268597,0,0,-0,-1.7029069015174025,0,82.173533576007969,82.173533576007969,0.27391177858669324,0,0,0,20,9.2382699407314028,0,5.4249999999999998,0,1,0,0,0,0
4,5.4299999999999997,1086,82.226503789049943,0,0,0,10.753215524761011,0,10.753215524761011,0,0,-0,-1.7029069015174025,0,82.226503789049943,82.226503789049943,0.27408834596349979,0,0,0,20,9.2467844752389894,0,5.4299999999999997,0,1,0,0,0,0
4,5.4350000000000005,1087,82.279432076193928,0,0,0,10.744700990253424,0,10.744700990253424,0,0,-0,-1.7029069015174025,0,82.279432076193928,82.279432076193928,0.2742647735873131,0,0,0,20,9.2552990097465759,0,5.4350000000000005,0,1,0,0,0,0
4,5.4400000000000004,1088,82.332318437439937,0,0,0,10.736186455745838,0,10.736186455745838,0,0,-0,-1.7029069015174025,0,82.332318437439937,82.332318437439937,0.27444106145813313,0,0,0,20,9.2638135442541625,0,5.4400000000000004,0,1,0,0,0,0
4,5.4450000000000003,1089,82.385162872787959,0,0,0,10.727671921238251,0,10.727671921238251,0,0,-0,-1.7029069015174025,0,82.385162872787959,82.385162872787959,0.27461720957595986,0,0,0,20,9.272328078761749,0,5.4450000000000003,0,1,0,0,0,0
4,5.4500000000000002,1090,82.437965382238005,0,0,0,10.719157386730664,0,10.719157386730664,0,0,-0,-1.7029069015174025,0,82.437965382238005,82.437965382238005,0.27479321794079337,0,0,0,20,9.2808426132693356,0,5.4500000000000002,0,1,0,0,0,0
4,5.4550000000000001,1091,82.490725965790062,0,0,0,10.710642852223078,0,10.710642852223078,0,0,-0,-1.7029069015174025,0,82.490725965790062,82.490725965790062,0.27496908655263352,0,0,0,20,9.2893571477769221,0,5.4550000000000001,0,1,0,0,0,0
4,5.46,1092,82.543444623444145,0,0,0,10.702128317715491,0,10.702128317715491,0,0,-0,-1.7029069015174025,0,82.543444623444145,82.543444623444145,0.2751448154114805,0,0,0,20,9.2978716822845087,0,5.46,0,1,0,0,0,0
4,5.4649999999999999,1093,82.596121355200239,0,0,0,10.693613783207905,0,10.693613783207905,0,0,-0,-1.7029069015174025,0,82.596121355200239,82.596121355200239,0.27532040451733414,0,0,0,20,9.3063862167920952,0,5.4649999999999999,0,1,0,0,0,0
4,5.4699999999999998,1094,82.648756161058358,0,0,0,10.685099248700318,0,10.685099248700318,0,0,-0,-1.7029069015174025,0,82.648756161058358,82.648756161058358,0.27549585387019454,0,0,0,20,9.3149007512996818,0,5.4699999999999998,0,1,0,0,0,0
4,5.4750000000000005,1095,82.701349041018489,0,0,0,10.676584714192732,0,10.676584714192732,0,0,-0,-1.7029069015174025,0,82.701349041018489,82.701349041018489,0.27567116347006165,0,0,0,20,9.3234152858072683,0,5.4750000000000005,0,1,0,0,0,0
4,5.4800000000000004,1096,82.753899995080644,0,0,0,10.668070179685145,0,10.668070179685145,0,0,-0,-1.7029069015174025,0,82.753899995080644,82.753899995080644,0.27584633331693548,0,0,0,20,9.3319298203148549,0,5.4800000000000004,0,1,0,0,0,0
4,5.4850000000000003,1097,82.806409023244811,0,0,0,10.659555645177559,0,10.659555645177559,0,0,-0,-1.7029069015174025,0,82.806409023244811,82.806409023244811,0.27602136341081601,0,0,0,20,9.3404443548224414,0,5.4850000000000003,0,1,0,0,0,0
4,5.4900000000000002,1098,82.858876125511003,0,0,0,10.651041110669972,0,10.651041110669972,0,0,-0,-1.7029069015174025,0,82.858876125511003,82.858876125511003,0.27619625375170337,0,0,0,20,9.3489588893300279,0,5.4900000000000002,0,1,0,0,0,0
4,5.4950000000000001,1099,82.911301301879206,0,0,0,10.642526576162386,0,10.642526576162386,0,0,-0,-1.7029069015174025,0,82.911301301879206,82.911301301879206,0.27637100433959733,0,0,0,20,9.3574734238376145,0,5.4950000000000001,0,1,0,0,0,0
4,5.5,1100,82.963684552349434,0,0,0,10.634012041654799,0,10.634012041654799,0,0,-0,-1.7029069015174025,0,82.963684552349434,82.963684552349434,0.27654561517449811,0,0,0,20,9.365987958345201,0,5.5,0,1,0,0,0,0
4,5.5049999999999999,1101,83.016025876921674,0,0,0,10.625497507147212,0,10.625497507147212,0,0,-0,-1.7029069015174025,0,83.016025876921674,83.016025876921674,0.2767200862564056,0,0,0,20,9.3745024928527876,0,5.5049999999999999,0,1,0,0,0,0
4,5.5099999999999998,1102,83.068325275595939,0,0,0,10.616982972639626,0,10.616982972639626,0,0,-0,-1.7029069015174025,0,83.068325275595939,83.068325275595939,0.2768944175853198,0,0,0,20,9.3830170273603741,0,5.5099999999999998,0,1,0,0,0,0
4,5.5149999999999997,1103,83.120582748372215,0,0,0,10.608468438132039,0,10.608468438132039,0,0,-0,-1.7029069015174025,0,83.120582748372215,83.120582748372215,0.27706860916124071,0,0,0,20,9.3915315618679607,0,5.5149999999999997,0,1,0,0,0,0
4,5.5200000000000005,1104,83.172798295250516,0,0,0,10.599953903624453,0,10.599953903624453,0,0,-0,-1.7029069015174025,0,83.172798295250516,83.172798295250516,0.27724266098416839,0,0,0,20,9.4000460963755472,0,5.5200000000000005,0,1,0,0,0,0
4,5.5250000000000004,1105,83.224971916230828,0,0,0,10.591439369116866,0,10.591439369116866,0,0,-0,-1.7029069015174025,0,83.224971916230828,83.224971916230828,0.27741657305410278,0,0,0,20,9.4085606308831338,0,5.5250000000000004,0,1,0,0,0,0
4,5.5300000000000002,1106,83.277103611313166,0,0,0,10.58292483460928,0,10.58292483460928,0,0,-0,-1.7029069015174025,0,83.277103611313166,83.277103611313166,0.27759034537104388,0,0,0,20,9.4170751653907203,0,5.5300000000000002,0,1,0,0,0,0
4,5.5350000000000001,1107,83.329193380497514,0,0,0,10.574410300101693,0,10.574410300101693,0,0,-0,-1.7029069015174025,0,83.329193380497514,83.329193380497514,0.27776397793499169,0,0,0,20,9.4255896998983069,0,5.5350000000000001,0,1,0,0,0,0
4,5.54,1108,83.381241223783888,0,0,0,10.565895765594107,0,10.565895765594107,0,0,-0,-1.7029069015174025,0,83.381241223783888,83.381241223783888,0.27793747074594627,0,0,0,20,9.4341042344058934,0,5.54,0,1,0,0,0,0
4,5.5449999999999999,1109,83.433247141172274,0,0,0,10.55738123108652,0,10.55738123108652,0,0,-0,-1.7029069015174025,0,83.433247141172274,83.433247141172274,0.27811082380390756,0,0,0,20,9.44261876891348,0,5.5449999999999999,0,1,0,0,0,0
4,5.5499999999999998,1110,83.485211132662684,0,0,0,10.548866696578933,0,10.548866696578933,0,0,-0,-1.7029069015174025,0,83.485211132662684,83.485211132662684,0.27828403710887561,0,0,0,20,9.4511333034210665,0,5.5499999999999998,0,1,0,0,0,0
4,5.5549999999999997,1111,83.537133198255106,0,0,0,10.540352162071347,0,10.540352162071347,0,0,-0,-1.7029069015174025,0,83.537133198255106,83.537133198255106,0.27845711066085033,0,0,0,20,9.459647837928653,0,5.5549999999999997,0,1,0,0,0,0
4,5.5600000000000005,1112,83.589013337949552,0,0,0,10.53183762756376,0,10.53183762756376,0,0,-0,-1.7029069015174025,0,83.589013337949552,83.589013337949552,0.27863004445983186,0,0,0,20,9.4681623724362396,0,5.5600000000000005,0,1,0,0,0,0
4,5.5650000000000004,1113,83.64085155174601,0,0,0,10.523323093056174,0,10.523323093056174,0,0,-0,-1.7029069015174025,0,83.64085155174601,83.64085155174601,0.27880283850582005,0,0,0,20,9.4766769069438261,0,5.5650000000000004,0,1,0,0,0,0
4,5.5700000000000003,1114,83.692647839644494,0,0,0,10.514808558548587,0,10.514808558548587,0,0,-0,-1.7029069015174025,0,83.692647839644494,83.692647839644494,0.27897549279881501,0,0,0,20,9.4851914414514127,0,5.5700000000000003,0,1,0,0,0,0
4,5.5750000000000002,1115,83.744402201644988,0,0,0,10.506294024041001,0,10.506294024041001,0,0,-0,-1.7029069015174025,0,83.744402201644988,83.744402201644988,0.27914800733881662,0,0,0,20,9.4937059759589992,0,5.5750000000000002,0,1,0,0,0,0
4,5.5800000000000001,1116,83.796114637747507,0,0,0,10.497779489533414,0,10.497779489533414,0,0,-0,-1.7029069015174025,0,83.796114637747507,83.796114637747507,0.27932038212582505,0,0,0,20,9.5022205104665858,0,5.5800000000000001,0,1,0,0,0,0
4,5.585,1117,83.847785147952038,0,0,0,10.489264955025828,0,10.489264955025828,0,0,-0,-1.7029069015174025,0,83.847785147952038,83.847785147952038,0.27949261715984014,0,0,0,20,9.5107350449741723,0,5.585,0,1,0,0,0,0
4,5.5899999999999999,1118,83.899413732258594,0,0,0,10.480750420518241,0,10.480750420518241,0,0,-0,-1.7029069015174025,0,83.899413732258594,83.899413732258594,0.279664712440862,0,0,0,20,9.5192495794817589,0,5.5899999999999999,0,1,0,0,0,0
4,5.5949999999999998,1119,83.951000390667161,0,0,0,10.472235886010655,0,10.472235886010655,0,0,-0,-1.7029069015174025,0,83.951000390667161,83.951000390667161,0.27983666796889056,0,0,0,20,9.5277641139893454,0,5.5949999999999998,0,1,0,0,0,0
4,5.6000000000000005,1120,84.002545123177754,0,0,0,10.463721351503068,0,10.463721351503068,0,0,-0,-1.7029069015174025,0,84.002545123177754,84.002545123177754,0.28000848374392584,0,0,0,20,9.536278648496932,0,5.6000000000000005,0,1,0,0,0,0
4,5.6050000000000004,1121,84.054047929790357,0,0,0,10.455206816995481,0,10.455206816995481,0,0,-0,-1.7029069015174025,0,84.054047929790357,84.054047929790357,0.28018015976596788,0,0,0,20,9.5447931830045185,0,5.6050000000000004,0,1,0,0,0,0
4,5.6100000000000003,1122,84.105508810504986,0,0,0,10.446692282487895,0,10.446692282487895,0,0,-0,-1.7029069015174025,0,84.105508810504986,84.105508810504986,0.28035169603501664,0,0,0,20,9.5533077175121051,0,5.6100000000000003,0,1,0,0,0,0
4,5.6150000000000002,1123,84.156927765321626,0,0,0,10.438177747980308,0,10.438177747980308,0,0,-0,-1.7029069015174025,0,84.156927765321626,84.156927765321626,0.28052309255107211,0,0,0,20,9.5618222520196916,0,5.6150000000000002,0,1,0,0,0,0
4,5.6200000000000001,1124,84.208304794240291,0,0,0,10.429663213472722,0,10.429663213472722,0,0,-0,-1.7029069015174025,0,84.208304794240291,84.208304794240291,0.28069434931413428,0,0,0,20,9.5703367865272782,0,5.6200000000000001,0,1,0,0,0,0
4,5.625,1125,84.259639897260968,0,0,0,10.421148678965135,0,10.421148678965135,0,0,-0,-1.7029069015174025,0,84.259639897260968,84.259639897260968,0.28086546632420323,0,0,0,20,9.5788513210348647,0,5.625,0,1,0,0,0,0
4,5.6299999999999999,1126,84.310933074383669,0,0,0,10.412634144457549,0,10.412634144457549,0,0,-0,-1.7029069015174025,0,84.310933074383669,84.310933074383669,0.28103644358127888,0,0,0,20,9.5873658555424512,0,5.6299999999999999,0,1,0,0,0,0
4,5.6349999999999998,1127,84.362184325608382,0,0,0,10.404119609949962,0,10.404119609949962,0,0,-0,-1.7029069015174025,0,84.362184325608382,84.362184325608382,0.28120728108536125,0,0,0,20,9.5958803900500378,0,5.6349999999999998,0,1,0,0,0,0
4,5.6399999999999997,1128,84.41339365093512,0,0,0,10.395605075442376,0,10.395605075442376,0,0,-0,-1.7029069015174025,0,84.41339365093512,84.41339365093512,0.28137797883645038,0,0,0,20,9.6043949245576243,0,5.6399999999999997,0,1,0,0,0,0
4,5.6450000000000005,1129,84.464561050363869,0,0,0,10.387090540934789,0,10.387090540934789,0,0,-0,-1.7029069015174025,0,84.464561050363869,84.464561050363869,0.28154853683454623,0,0,0,20,9.6129094590652109,0,5.6450000000000005,0,1,0,0,0,0
4,5.6500000000000004,1130,84.515686523894644,0,0,0,10.378576006427203,0,10.378576006427203,0,0,-0,-1.7029069015174025,0,84.515686523894644,84.515686523894644,0.28171895507964884,0,0,0,20,9.6214239935727974,0,5.6500000000000004,0,1,0,0,0,0
4,5.6550000000000002,1131,84.566770071527429,0,0,0,10.370061471919616,0,10.370061471919616,0,0,-0,-1.7029069015174025,0,84.566770071527429,84.566770071527429,0.2818892335717581,0,0,0,20,9.629938528080384,0,5.6550000000000002,0,1,0,0,0,0
4,5.6600000000000001,1132,84.61781169326224,0,0,0,10.361546937412029,0,10.361546937412029,0,0,-0,-1.7029069015174025,0,84.61781169326224,84.61781169326224,0.28205937231087413,0,0,0,20,9.6384530625879705,0,5.6600000000000001,0,1,0,0,0,0
4,5.665,1133,84.668811389099062,0,0,0,10.353032402904443,0,10.353032402904443,0,0,-0,-1.7029069015174025,0,84.668811389099062,84.668811389099062,0.28222937129699688,0,0,0,20,9.6469675970955571,0,5.665,0,1,0,0,0,0
4,5.6699999999999999,1134,84.719769159037909,0,0,0,10.344517868396856,0,10.344517868396856,0,0,-0,-1.7029069015174025,0,84.719769159037909,84.719769159037909,0.28239923053012639,0,0,0,20,9.6554821316031436,0,5.6699999999999999,0,1,0,0,0,0
4,5.6749999999999998,1135,84.770685003078768,0,0,0,10.33600333388927,0,10.33600333388927,0,0,-0,-1.7029069015174025,0,84.770685003078768,84.770685003078768,0.28256895001026255,0,0,0,20,9.6639966661107302,0,5.6749999999999998,0,1,0,0,0,0
4,5.6799999999999997,1136,84.821558921221651,0,0,0,10.327488799381683,0,10.327488799381683,0,0,-0,-1.7029069015174025,0,84.821558921221651,84.821558921221651,0.28273852973740549,0,0,0,20,9.6725112006183167,0,5.6799999999999997,0,1,0,0,0,0
4,5.6850000000000005,1137,84.872390913466546,0,0,0,10.318974264874097,0,10.318974264874097,0,0,-0,-1.7029069015174025,0,84.872390913466546,84.872390913466546,0.28290796971155513,0,0,0,20,9.6810257351259033,0,5.6850000000000005,0,1,0,0,0,0
4,5.6900000000000004,1138,84.923180979813466,0,0,0,10.31045973036651,0,10.31045973036651,0,0,-0,-1.7029069015174025,0,84.923180979813466,84.923180979813466,0.28307726993271154,0,0,0,20,9.6895402696334898,0,5.6900000000000004,0,1,0,0,0,0
4,5.6950000000000003,1139,84.973929120262397,0,0,0,10.301945195858924,0,10.301945195858924,0,0,-0,-1.7029069015174025,0,84.973929120262397,84.973929120262397,0.28324643040087466,0,0,0,20,9.6980548041410763,0,5.6950000000000003,0,1,0,0,0,0
4,5.7000000000000002,1140,85.024635334813354,0,0,0,10.293430661351337,0,10.293430661351337,0,0,-0,-1.7029069015174025,0,85.024635334813354,85.024635334813354,0.28341545111604449,0,0,0,20,9.7065693386486629,0,5.7000000000000002,0,1,0,0,0,0
4,5.7050000000000001,1141,85.075299623466321,0,0,0,10.284916126843751,0,10.284916126843751,0,0,-0,-1.7029069015174025,0,85.075299623466321,85.075299623466321,0.28358433207822109,0,0,0,20,9.7150838731562494,0,5.7050000000000001,0,1,0,0,0,0
4,5.71,1142,85.125921986221314,0,0,0,10.276401592336164,0,10.276401592336164,0,0,-0,-1.7029069015174025,0,85.125921986221314,85.125921986221314,0.2837530732874044,0,0,0,20,9.723598407663836,0,5.71,0,1,0,0,0,0
4,5.7149999999999999,1143,85.176502423078318,0,0,0,10.267887057828577,0,10.267887057828577,0,0,-0,-1.7029069015174025,0,85.176502423078318,85.176502423078318,0.28392167474359442,0,0,0,20,9.7321129421714225,0,5.7149999999999999,0,1,0,0,0,0
4,5.7199999999999998,1144,85.227040934037348,0,0,0,10.259372523320991,0,10.259372523320991,0,0,-0,-1.7029069015174025,0,85.227040934037348,85.227040934037348,0.28409013644679115,0,0,0,20,9.7406274766790091,0,5.7199999999999998,0,1,0,0,0,0
4,5.7250000000000005,1145,85.277537519098388,0,0,0,10.250857988813404,0,10.250857988813404,0,0,-0,-1.7029069015174025,0,85.277537519098388,85.277537519098388,0.28425845839699465,0,0,0,20,9.7491420111865956,0,5.7250000000000005,0,1,0,0,0,0
4,5.7300000000000004,1146,85.327992178261454,0,0,0,10.242343454305818,0,10.242343454305818,0,0,-0,-1.7029069015174025,0,85.327992178261454,85.327992178261454,0.28442664059420486,0,0,0,20,9.7576565456941822,0,5.7300000000000004,0,1,0,0,0,0
4,5.7350000000000003,1147,85.37840491152653,0,0,0,10.233828919798231,0,10.233828919798231,0,0,-0,-1.7029069015174025,0,85.37840491152653,85.37840491152653,0.28459468303842178,0,0,0,20,9.7661710802017687,0,5.7350000000000003,0,1,0,0,0,0
4,5.7400000000000002,1148,85.428775718893633,0,0,0,10.225314385290645,0,10.225314385290645,0,0,-0,-1.7029069015174025,0,85.428775718893633,85.428775718893633,0.28476258572964547,0,0,0,20,9.7746856147093553,0,5.7400000000000002,0,1,0,0,0,0
4,5.7450000000000001,1149,85.479104600362746,0,0,0,10.216799850783058,0,10.216799850783058,0,0,-0,-1.7029069015174025,0,85.479104600362746,85.479104600362746,0.28493034866787581,0,0,0,20,9.7832001492169418,0,5.7450000000000001,0,1,0,0,0,0
4,5.75,1150,85.529391555933884,0,0,0,10.208285316275472,0,10.208285316275472,0,0,-0,-1.7029069015174025,0,85.529391555933884,85.529391555933884,0.28509797185311297,0,0,0,20,9.7917146837245284,0,5.75,0,1,0,0,0,0
4,5.7549999999999999,1151,85.579636585607034,0,0,0,10.199770781767885,0,10.199770781767885,0,0,-0,-1.7029069015174025,0,85.579636585607034,85.579636585607034,0.28526545528535679,0,0,0,20,9.8002292182321149,0,5.7549999999999999,0,1,0,0,0,0
4,5.7599999999999998,1152,85.629839689382209,0,0,0,10.191256247260299,0,10.191256247260299,0,0,-0,-1.7029069015174025,0,85.629839689382209,85.629839689382209,0.28543279896460738,0,0,0,20,9.8087437527397014,0,5.7599999999999998,0,1,0,0,0,0
4,5.7649999999999997,1153,85.680000867259395,0,0,0,10.182741712752712,0,10.182741712752712,0,0,-0,-1.7029069015174025,0,85.680000867259395,85.680000867259395,0.28560000289086462,0,0,0,20,9.817258287247288,0,5.7649999999999997,0,1,0,0,0,0
4,5.7700000000000005,1154,85.730120119238606,0,0,0,10.174227178245125,0,10.174227178245125,0,0,-0,-1.7029069015174025,0,85.730120119238606,85.730120119238606,0.28576706706412869,0,0,0,20,9.8257728217548745,0,5.7700000000000005,0,1,0,0,0,0
4,5.7750000000000004,1155,85.780197445319828,0,0,0,10.165712643737539,0,10.165712643737539,0,0,-0,-1.7029069015174025,0,85.780197445319828,85.780197445319828,0.28593399148439941,0,0,0,20,9.8342873562624611,0,5.7750000000000004,0,1,0,0,0,0
4,5.7800000000000002,1156,85.830232845503076,0,0,0,10.157198109229952,0,10.157198109229952,0,0,-0,-1.7029069015174025,0,85.830232845503076,85.830232845503076,0.28610077615167689,0,0,0,20,9.8428018907700476,0,5.7800000000000002,0,1,0,0,0,0
4,5.7850000000000001,1157,85.880226319788335,0,0,0,10.148683574722366,0,10.148683574722366,0,0,-0,-1.7029069015174025,0,85.880226319788335,85.880226319788335,0.28626742106596109,0,0,0,20,9.8513164252776342,0,5.7850000000000001,0,1,0,0,0,0
4,5.79,1158,85.930177868175619,0,0,0,10.140169040214779,0,10.140169040214779,0,0,-0,-1.7029069015174025,0,85.930177868175619,85.930177868175619,0.28643392622725206,0,0,0,20,9.8598309597852207,0,5.79,0,1,0,0,0,0
4,5.7949999999999999,1159,85.980087490664914,0,0,0,10.131654505707193,0,10.131654505707193,0,0,-0,-1.7029069015174025,0,85.980087490664914,85.980087490664914,0.28660029163554973,0,0,0,20,9.8683454942928073,0,5.7949999999999999,0,1,0,0,0,0
4,5.7999999999999998,1160,86.029955187256235,0,0,0,10.123139971199606,0,10.123139971199606,0,0,-0,-1.7029069015174025,0,86.029955187256235,86.029955187256235,0.28676651729085412,0,0,0,20,9.8768600288003938,0,5.7999999999999998,0,1,0,0,0,0
4,5.8049999999999997,1161,86.079780957949566,0,0,0,10.11462543669202,0,10.11462543669202,0,0,-0,-1.7029069015174025,0,86.079780957949566,86.079780957949566,0.28693260319316521,0,0,0,20,9.8853745633079804,0,5.8049999999999997,0,1,0,0,0,0
4,5.8100000000000005,1162,86.129564802744923,0,0,0,10.106110902184433,0,10.106110902184433,0,0,-0,-1.7029069015174025,0,86.129564802744923,86.129564802744923,0.28709854934248308,0,0,0,20,9.8938890978155669,0,5.8100000000000005,0,1,0,0,0,0
4,5.8150000000000004,1163,86.179306721642291,0,0,0,10.097596367676847,0,10.097596367676847,0,0,-0,-1.7029069015174025,0,86.179306721642291,86.179306721642291,0.28726435573880765,0,0,0,20,9.9024036323231535,0,5.8150000000000004,0,1,0,0,0,0
4,5.8200000000000003,1164,86.229006714641685,0,0,0,10.08908183316926,0,10.08908183316926,0,0,-0,-1.7029069015174025,0,86.229006714641685,86.229006714641685,0.28743002238213894,0,0,0,20,9.91091816683074,0,5.8200000000000003,0,1,0,0,0,0
4,5.8250000000000002,1165,86.278664781743089,0,0,0,10.080567298661673,0,10.080567298661673,0,0,-0,-1.7029069015174025,0,86.278664781743089,86.278664781743089,0.28759554927247694,0,0,0,20,9.9194327013383266,0,5.8250000000000002,0,1,0,0,0,0
4,5.8300000000000001,1166,86.328280922946519,0,0,0,10.072052764154087,0,10.072052764154087,0,0,-0,-1.7029069015174025,0,86.328280922946519,86.328280922946519,0.28776093640982175,0,0,0,20,9.9279472358459131,0,5.8300000000000001,0,1,0,0,0,0
4,5.835,1167,86.377855138251959,0,0,0,10.0635382296465,0,10.0635382296465,0,0,-0,-1.7029069015174025,0,86.377855138251959,86.377855138251959,0.28792618379417317,0,0,0,20,9.9364617703534996,0,5.835,0,1,0,0,0,0
4,5.8399999999999999,1168,86.427387427659426,0,0,0,10.055023695138914,0,10.055023695138914,0,0,-0,-1.7029069015174025,0,86.427387427659426,86.427387427659426,0.28809129142553142,0,0,0,20,9.9449763048610862,0,5.8399999999999999,0,1,0,0,0,0
4,5.8449999999999998,1169,86.476877791168903,0,0,0,10.046509160631327,0,10.046509160631327,0,0,-0,-1.7029069015174025,0,86.476877791168903,86.476877791168903,0.28825625930389637,0,0,0,20,9.9534908393686727,0,5.8449999999999998,0,1,0,0,0,0
4,5.8500000000000005,1170,86.526326228780405,0,0,0,10.037994626123741,0,10.037994626123741,0,0,-0,-1.7029069015174025,0,86.526326228780405,86.526326228780405,0.28842108742926803,0,0,0,20,9.9620053738762593,0,5.8500000000000005,0,1,0,0,0,0
4,5.8550000000000004,1171,86.575732740493919,0,0,0,10.029480091616154,0,10.029480091616154,0,0,-0,-1.7029069015174025,0,86.575732740493919,86.575732740493919,0.2885857758016464,0,0,0,20,9.9705199083838458,0,5.8550000000000004,0,1,0,0,0,0
4,5.8600000000000003,1172,86.625097326309458,0,0,0,10.020965557108568,0,10.020965557108568,0,0,-0,-1.7029069015174025,0,86.625097326309458,86.625097326309458,0.28875032442103155,0,0,0,20,9.9790344428914324,0,5.8600000000000003,0,1,0,0,0,0
4,5.8650000000000002,1173,86.674419986227008,0,0,0,10.012451022600981,0,10.012451022600981,0,0,-0,-1.7029069015174025,0,86.674419986227008,86.674419986227008,0.28891473328742334,0,0,0,20,9.9875489773990189,0,5.8650000000000002,0,1,0,0,0,0
4,5.8700000000000001,1174,86.723700720246583,0,0,0,10.003936488093395,0,10.003936488093395,0,0,-0,-1.7029069015174025,0,86.723700720246583,86.723700720246583,0.28907900240082196,0,0,0,20,9.9960635119066055,0,5.8700000000000001,0,1,0,0,0,0
4,5.875,1175,86.77293952836817,0,0,0,9.995421953585808,0,9.995421953585808,0,0,-0,-1.7029069015174025,0,86.77293952836817,86.77293952836817,0.28924313176122723,0,0,0,20,10.004578046414192,0,5.875,0,1,0,0,0,0
4,5.8799999999999999,1176,86.822136410591781,0,0,0,9.9869074190782214,0,9.9869074190782214,0,0,-0,-1.7029069015174025,0,86.822136410591781,86.822136410591781,0.28940712136863928,0,0,0,20,10.013092580921779,0,5.8799999999999999,0,1,0,0,0,0
4,5.8849999999999998,1177,86.871291366917404,0,0,0,9.9783928845706349,0,9.9783928845706349,0,0,-0,-1.7029069015174025,0,86.871291366917404,86.871291366917404,0.28957097122305803,0,0,0,20,10.021607115429365,0,5.8849999999999998,0,1,0,0,0,0
4,5.8899999999999997,1178,86.920404397345052,0,0,0,9.9698783500630483,0,9.9698783500630483,0,0,-0,-1.7029069015174025,0,86.920404397345052,86.920404397345052,0.28973468132448349,0,0,0,20,10.030121649936952,0,5.8899999999999997,0,1,0,0,0,0
4,5.8950000000000005,1179,86.969475501874712,0,0,0,9.9613638155554618,0,9.9613638155554618,0,0,-0,-1.7029069015174025,0,86.969475501874712,86.969475501874712,0.28989825167291572,0,0,0,20,10.038636184444538,0,5.8950000000000005,0,1,0,0,0,0
4,5.9000000000000004,1180,87.018504680506396,0,0,0,9.9528492810478753,0,9.9528492810478753,0,0,-0,-1.7029069015174025,0,87.018504680506396,87.018504680506396,0.29006168226835466,0,0,0,20,10.047150718952125,0,5.9000000000000004,0,1,0,0,0,0
4,5.9050000000000002,1181,87.067491933240092,0,0,0,9.9443347465402887,0,9.9443347465402887,0,0,-0,-1.7029069015174025,0,87.067491933240092,87.067491933240092,0.29022497311080031,0,0,0,20,10.055665253459711,0,5.9050000000000002,0,1,0,0,0,0
4,5.9100000000000001,1182,87.116437260075813,0,0,0,9.9358202120327022,0,9.9358202120327022,0,0,-0,-1.7029069015174025,0,87.116437260075813,87.116437260075813,0.29038812420025273,0,0,0,20,10.064179787967298,0,5.9100000000000001,0,1,0,0,0,0
4,5.915,1183,87.165340661013545,0,0,0,9.9273056775251156,0,9.9273056775251156,0,0,-0,-1.7029069015174025,0,87.165340661013545,87.165340661013545,0.2905511355367118,0,0,0,20,10.072694322474884,0,5.915,0,1,0,0,0,0
4,5.9199999999999999,1184,87.214202136053302,0,0,0,9.9187911430175291,0,9.9187911430175291,0,0,-0,-1.7029069015174025,0,87.214202136053302,87.214202136053302,0.2907140071201777,0,0,0,20,10.081208856982471,0,5.9199999999999999,0,1,0,0,0,0
4,5.9249999999999998,1185,87.263021685195071,0,0,0,9.9102766085099425,0,9.9102766085099425,0,0,-0,-1.7029069015174025,0,87.263021685195071,87.263021685195071,0.29087673895065025,0,0,0,20,10.089723391490057,0,5.9249999999999998,0,1,0,0,0,0
4,5.9299999999999997,1186,87.311799308438864,0,0,0,9.901762074002356,0,9.901762074002356,0,0,-0,-1.7029069015174025,0,87.311799308438864,87.311799308438864,0.29103933102812957,0,0,0,20,10.098237925997644,0,5.9299999999999997,0,1,0,0,0,0
4,5.9350000000000005,1187,87.360535005784669,0,0,0,9.8932475394947694,0,9.8932475394947694,0,0,-0,-1.7029069015174025,0,87.360535005784669,87.360535005784669,0.29120178335261554,0,0,0,20,10.106752460505231,0,5.9350000000000005,0,1,0,0,0,0
4,5.9400000000000004,1188,87.409228777232499,0,0,0,9.8847330049871829,0,9.8847330049871829,0,0,-0,-1.7029069015174025,0,87.409228777232499,87.409228777232499,0.29136409592410834,0,0,0,20,10.115266995012817,0,5.9400000000000004,0,1,0,0,0,0
4,5.9450000000000003,1189,87.457880622782341,0,0,0,9.8762184704795963,0,9.8762184704795963,0,0,-0,-1.7029069015174025,0,87.457880622782341,87.457880622782341,0.29152626874260779,0,0,0,20,10.123781529520404,0,5.9450000000000003,0,1,0,0,0,0
4,5.9500000000000002,1190,87.506490542434207,0,0,0,9.8677039359720098,0,9.8677039359720098,0,0,-0,-1.7029069015174025,0,87.506490542434207,87.506490542434207,0.291688301808114,0,0,0,20,10.13229606402799,0,5.9500000000000002,0,1,0,0,0,0
4,5.9550000000000001,1191,87.555058536188085,0,0,0,9.8591894014644232,0,9.8591894014644232,0,0,-0,-1.7029069015174025,0,87.555058536188085,87.555058536188085,0.29185019512062693,0,0,0,20,10.140810598535577,0,5.9550000000000001,0,1,0,0,0,0
4,5.96,1192,87.603584604043988,0,0,0,9.8506748669568367,0,9.8506748669568367,0,0,-0,-1.7029069015174025,0,87.603584604043988,87.603584604043988,0.29201194868014663,0,0,0,20,10.149325133043163,0,5.96,0,1,0,0,0,0
4,5.9649999999999999,1193,87.652068746001902,0,0,0,9.8421603324492501,0,9.8421603324492501,0,0,-0,-1.7029069015174025,0,87.652068746001902,87.652068746001902,0.29217356248667303,0,0,0,20,10.15783966755075,0,5.9649999999999999,0,1,0,0,0,0
4,5.9699999999999998,1194,87.700510962061841,0,0,0,9.8336457979416636,0,9.8336457979416636,0,0,-0,-1.7029069015174025,0,87.700510962061841,87.700510962061841,0.29233503654020615,0,0,0,20,10.166354202058336,0,5.9699999999999998,0,1,0,0,0,0
4,5.9750000000000005,1195,87.748911252223792,0,0,0,9.8251312634340771,0,9.8251312634340771,0,0,-0,-1.7029069015174025,0,87.748911252223792,87.748911252223792,0.29249637084074598,0,0,0,20,10.174868736565923,0,5.9750000000000005,0,1,0,0,0,0
4,5.9800000000000004,1196,87.797269616487768,0,0,0,9.8166167289264905,0,9.8166167289264905,0,0,-0,-1.7029069015174025,0,87.797269616487768,87.797269616487768,0.29265756538829257,0,0,0,20,10.183383271073509,0,5.9800000000000004,0,1,0,0,0,0
4,5.9850000000000003,1197,87.845586054853754,0,0,0,9.808102194418904,0,9.808102194418904,0,0,-0,-1.7029069015174025,0,87.845586054853754,87.845586054853754,0.29281862018284582,0,0,0,20,10.191897805581096,0,5.9850000000000003,0,1,0,0,0,0
4,5.9900000000000002,1198,87.893860567321767,0,0,0,9.7995876599113174,0,9.7995876599113174,0,0,-0,-1.7029069015174025,0,87.893860567321767,87.893860567321767,0.2929795352244059,0,0,0,20,10.200412340088683,0,5.9900000000000002,0,1,0,0,0,0
4,5.9950000000000001,1199,87.94209315389179,0,0,0,9.7910731254037309,0,9.7910731254037309,0,0,-0,-1.7029069015174025,0,87.94209315389179,87.94209315389179,0.29314031051297262,0,0,0,20,10.208926874596269,0,5.9950000000000001,0,1,0,0,0,0
4,6,1200,87.990283814563838,0,0,0,9.7825585908961443,0,9.7825585908961443,0,0,-0,-1.7029069015174025,0,87.990283814563838,87.990283814563838,0.29330094604854612,0,0,0,20,10.217441409103856,0,6,0,1,0,0,0,0
