schema_version,time_s,step,position_x_m,position_y_m,yaw_rad,yaw_rate_rad_s,vx_m_s,vy_m_s,speed_m_s,steering_angle_rad,throttle,brake,longitudinal_accel_m_s2,lateral_accel_m_s2,yaw_accel_rad_s2,body_longitudinal_force_n,body_lateral_force_n,yaw_moment_nm,longitudinal_load_transfer_n,front_lateral_load_transfer_n,rear_lateral_load_transfer_n,solver_iterations,solver_residual_m_s2,solver_converged,fz_fl_n,slip_angle_fl_rad,requested_fx_fl_n,requested_fy_fl_n,fx_fl_n,fy_fl_n,force_capacity_fl_n,effective_mu_fl,requested_friction_utilization_fl,friction_utilization_fl,tire_saturated_fl,fz_fr_n,slip_angle_fr_rad,requested_fx_fr_n,requested_fy_fr_n,fx_fr_n,fy_fr_n,force_capacity_fr_n,effective_mu_fr,requested_friction_utilization_fr,friction_utilization_fr,tire_saturated_fr,fz_rl_n,slip_angle_rl_rad,requested_fx_rl_n,requested_fy_rl_n,fx_rl_n,fy_rl_n,force_capacity_rl_n,effective_mu_rl,requested_friction_utilization_rl,friction_utilization_rl,tire_saturated_rl,fz_rr_n,slip_angle_rr_rad,requested_fx_rr_n,requested_fy_rr_n,fx_rr_n,fy_rr_n,force_capacity_rr_n,effective_mu_rr,requested_friction_utilization_rr,friction_utilization_rr,tire_saturated_rr
3,0,0,0,0,0,0,22,0,22,0,0.20000000000000001,0,1.2413793103448276,0,0,1800,0,0,321.42841815948498,0,0,22,5.9193578239025157e-07,1,3775.079697170258,-0,0,0,0,0,4508.3793210760823,1.1942474550816753,0,0,0,3775.079697170258,-0,0,0,0,0,4508.3793210760823,1.1942474550816753,0,0,0,3334.7415528297424,-0,900,0,900,0,4022.2181470826899,1.2061558844551474,0.22375713277828277,0.22375713277828277,0,3334.7415528297424,-0,900,0,900,0,4022.2181470826899,1.2061558844551474,0.22375713277828277,0.22375713277828277,0
3,0.0050000000000000001,1,0.11001559842125559,2.1456071019414844e-07,1.5533460619788001e-07,9.2860777975308783e-05,22.00625559078772,0.00012494430930468702,22.006255591142416,0.00062829269247282704,0.20314146346236414,0,1.260846037337213,0.051027720286329847,0.036869454801789922,1828.2267541389588,73.99019441517828,92.173637004474813,326.46890756651089,12.717058614314817,10.536573305301111,22,6.0121827449854948e-07,1,3759.8423938524302,0.00061734030239411449,0,36.938697775004947,0,36.938697775004947,4491.635272373358,1.1946339239425179,0.008223886298650139,0.008223886298650139,0,3785.2765110810597,0.00061734037633992685,0,36.93933061605086,0,36.93933061605086,4519.5814293444937,1.1939897696017245,0.0081731751476393742,0.0081731751476393742,0,3326.7252242279542,8.6293462254809887e-07,914.13658558063867,0.056090489155308718,914.13658558063867,0.056090489155308718,4013.3218644373651,1.2063881426722738,0.22777554808194303,0.22777554808194303,0,3347.7983708385568,8.6292886921262437e-07,914.13658558063867,0.056090116705609941,914.13658558063867,0.056090116705609941,4036.7045543653649,1.2057788753132856,0.22645615377347339,0.22645615377347339,0
3,0.01,2,0.22006271785489759,1.7011077772656192e-06,1.2290315104731936e-06,0.00036599503054655577,22.012608350210996,0.00048025125481338513,22.012608355449839,0.0012564303631251317,0.20628215181562568,0,1.2802464414506503,0.10026873013295542,0.072119116152875765,1856.3573401034428,145.38965869278536,180.29779038218942,331.49222409337602,24.988835723974539,20.70421371836785,22,6.1046933597097564e-07,1,3745.0589584793379,0.0012138294363793335,0,72.435453046958187,0,72.435453046958187,4475.3847833837426,1.1950105013035495,0.016185301723305966,0.016185301723305966,0,3795.0366299272873,0.0012138305696585765,0,72.440292097541587,0,72.440292097541587,4530.3015280974405,1.1937438211720872,0.015990170113017586,0.015990170113017586,0,3319.0692420783198,3.9541968152734554e-06,928.26968317031549,0.25701729460458989,928.26968317031549,0.25701729460458989,4004.8238823860488,1.2066105255093522,0.23178790029549384,0.23178790029549384,0,3360.4776695150558,3.954092939721024e-06,928.26968317031549,0.25701060534170167,928.26968317031549,0.25701060534170167,4050.7677825035039,1.2054142835854829,0.22915895666968045,0.22915895666968045,0
3,0.014999999999999999,3,0.33014184330485796,5.6911584936985175e-06,4.102450213342041e-06,0.00081144681447599875,22.019057945073378,0.0010381262433015329,22.0190579695455,0.0018842580283857063,0.20942129014192853,0,1.2995792077372421,0.14794174090486431,0.10580562785489117,1884.389851219001,214.51552431205326,264.51406963722792,336.49802726261487,36.869838274808103,30.548082345065403,22,6.196885227183202e-07,1,3730.6750543438848,0.0017910435379450589,0,106.60185781986218,0,106.60185781986218,4459.5685473593176,1.195378445562213,0.023904074281577137,0.023904074281577137,0,3804.4147308935007,0.0017910490340109632,0,106.61750494272539,0,106.61750494272539,4540.5999570194481,1.1935081420402995,0.023480928941538273,0.023480928941538273,0,3311.7282750362419,9.9742102307153991e-06,942.39580563867844,0.64828860953691081,942.39580563867844,0.64828860953691081,3996.6740878089572,1.2068242790134163,0.23579506557642677,0.23579506557642677,0,3372.8244397263725,9.973629487310438e-06,942.39580563867844,0.64825144984850369,942.39580563867844,0.64825144984850369,4064.458108188644,1.2050606786158078,0.2318626502013432,0.2318626502013432,0
3,0.02,4,0.4402534580739107,1.3377052192481788e-05,9.6178648104418589e-06,0.0014215352420709553,22.025604036926602,0.0017726658970896435,22.025604108260499,0.0025116207811725351,0.21255810390586269,0,1.3188426882265962,0.1942474334191536,0.13798243161664928,1912.3218979285646,281.65877845777271,344.95607904162318,341.48589036776627,48.410079664445469,40.109617213349516,22,6.288752230076966e-07,1,3716.6408814016718,0.0023504552487775263,0,139.54107142251766,0,139.54107142251766,4444.1321657854451,1.1957389232907032,0.031398947244822888,0.031398947244822888,0,3813.4610407305631,0.0023504718905478094,0,139.57668652363193,0,139.57668652363193,4550.532109942751,1.193281394864069,0.030672607763532058,0.030672607763532058,0,3304.6606717205336,1.9556135174963393e-05,956.51146757638207,1.2710137625236513,956.51146757638207,1.2710137625236513,3988.8264105839175,1.2070305567885071,0.23979792890972432,0.23979792890972432,0,3384.8799061472323,1.9554141071084843e-05,956.51146757638207,1.2708871193926221,956.51146757638207,1.2708871193926221,4077.8215628358253,1.2047167627513613,0.23456453332523308,0.23456453332523308,0
3,0.025000000000000001,5,0.55039804371234646,2.591700034308321e-05,1.8579800773123195e-05,0.0021888393780169664,22.032246281145699,0.0026597422898255764,22.032246441688319,0.0031383638291137979,0.21569181914556901,0,1.3380349354826144,0.23936976335451407,0.16870012176411955,1940.1506564497909,347.08615686404539,421.7503044102989,346.4553091621807,59.655405074637855,49.426802823635491,22,6.3802867522610995e-07,1,3702.9108465942722,0.0028934400835008848,0,171.34844800999826,0,171.34844800999826,4429.0257968261785,1.1960930144725861,0.038687615712869827,0.038687615712869827,0,3822.2216567435476,0.002893479012340459,0,171.41538841953948,0,171.41538841953948,4560.148796588087,1.1930623616614735,0.037589867363054655,0.037589867363054655,0,3297.8281955074549,3.327015623684977e-05,970.61318615506059,2.1621686210690259,970.61318615506059,2.1621686210690259,3981.2385356804666,1.2072304254976058,0.24379739764670177,0.24379739764670177,0,3396.6818011547261,3.3264934283849306e-05,970.61318615506059,2.161839808697287,970.61318615506059,2.161839808697287,4090.9002463231386,1.2043813597530413,0.23726210252856395,0.23726210252856395,0
3,0.030000000000000002,6,0.66057607995587087,4.4439718618715491e-05,3.1756300448555004e-05,0.0031061847919095042,22.03898432591809,0.0036768949881322297,22.038984632637231,0.003764332532740573,0.21882166266370287,0,1.3571537333029133,0.28347715392343109,0.19800675383695701,1967.8729132892245,411.0418731889751,495.01688459239256,351.40570980797253,70.647788707357279,58.534416420365048,22,6.4714798519993622e-07,1,3689.4432626386565,0.0034212823253655491,0,202.11210998686991,0,202.11210998686991,4414.2038335533562,1.1964417174412265,0.045786764183966835,0.045786764183966835,0,3830.7388400533714,0.00342135967608951,0,202.22365618042446,0,202.22365618042446,4569.4965723507748,1.192849933953501,0.044255128104055151,0.044255128104055151,0,3291.1957822336212,5.162752101188696e-05,984.69748198666286,3.3548443438414703,984.69748198666286,3.3548443438414703,3973.8716396518512,1.2074248700437145,0.24779441466802304,0.24779441466802304,0,3408.2646150743517,5.1616025568727598e-05,984.69748198666286,3.3541274336754325,984.69748198666286,3.3541274336754325,4103.7326130396086,1.204053404447907,0.23995305915942727,0.23995305915942727,0
3,0.035000000000000003,7,0.77078804465383366,7.0048670715021694e-05,4.9880125006208567e-05,0.0041666315506251484,22.04581781117291,0.0048032301998205658,22.045818334424535,0.0043893724436418115,0.22194686221820906,0,1.3761966248644577,0.32672358902335313,0.22594811281994562,1995.4851060534636,473.74920408386203,564.87028204986404,356.33645616372451,81.425606218408078,67.464253713755809,22,6.5623214240417838e-07,1,3676.20007194973,0.0039351804968591796,0,231.91347277705259,0,231.91347277705259,4399.6246085226312,1.1967859535428444,0.052712104648157197,0.052712104648157197,0,3839.0512843865463,0.0039353178227979693,0,232.08462182048416,0,232.08462182048416,4578.6180399611212,1.1926431039310152,0.050688792949073969,0.050688792949073969,0,3284.7313181181066,7.5084347756019065e-05,998.76087998194077,4.8784812928669208,998.76087998194077,4.8784812928669208,3966.6901487054342,1.2076147984542116,0.25178997023255223,0.25178997023255223,0,3419.6598255456179,7.5061929566172211e-05,998.76087998194077,4.8770980169107041,998.76087998194077,4.8770980169107041,4116.3537335468845,1.2037319334504586,0.24263531570890537,0.24263531570890537,0
3,0.040000000000000001,8,0.88103441368875857,0.00010382595120952093,7.3649899546913573e-05,0.0053634634615029094,22.052746367473294,0.0060193264127068498,22.052747188964847,0.0050133293425721707,0.22506664671286086,0,1.3951609385775612,0.36924961820693791,0.25256794601427884,2022.9833609374637,535.41194640005995,631.41986503569717,361.24685647882467,92.023885174715545,76.245336393320116,22,6.652800315087859e-07,1,3663.1465928358725,0.0044362524461256736,0,260.82772578533292,0,260.82772578533292,4385.2501217447389,1.1971265715440125,0.059478414809679914,0.059478414809679914,0,3847.1943631853032,0.0044364769644155899,0,261.0750377566294,0,261.0750377566294,4587.552126297388,1.1924409565050158,0.056909443330367779,0.056909443330367779,0,3278.4054355960925,0.0001040452177639311,1012.7999102078738,6.7590896356550125,1012.7999102078738,6.7590896356550125,3959.6615159301027,1.2078010464895845,0.25578511189398084,0.25578511189398084,0,3430.8961083827326,0.00010400524368963696,1012.7999102078738,6.7566518227174148,1012.7999102078738,6.7566518227174148,4128.7955346849667,1.2034160768077622,0.24530700034432545,0.24530700034432545,0
3,0.044999999999999998,9,0.99131566088802203,0.00014683583254437765,0.00010373120720537093,0.0066901784007178337,22.059769614891298,0.0073071459800468763,22.059770825112025,0.0056360492775033065,0.22818024638751655,0,1.4140438118754355,0.41118328322523473,0.27790816492554565,2050.3635272193815,596.21576067659032,694.7704123138642,366.13616955325585,102.47453596613347,84.904103447199162,22,6.7429044769973245e-07,1,3650.2512855072391,0.0049255400852347437,0,288.92427387916803,0,288.92427387916803,4371.0457895104691,1.1974643518009387,0.066099576118036005,0.066099576118036005,0,3855.2003574395058,0.004925884769063295,0,289.26575959270463,0,289.26575959270463,4596.3343371645824,1.1922426621212789,0.062934011839345189,0.062934011839345189,0,3272.1913250794287,0.00013886656651996237,1026.8111087438244,9.0194579272403814,1026.8111087438244,9.0194579272403814,3952.7560155959845,1.2079843819951561,0.25978095211646574,0.25978095211646574,0,3441.9995319738273,0.00013880004112426693,1026.8111087438244,9.0154523712516852,1026.8111087438244,9.0154523712516852,4141.0870205511892,1.203105050446206,0.24796645927607186,0.24796645927607186,0
3,0.049999999999999996,10,1.1016322579284319,0.0002001279992525682,0.00014075763730131305,0.008140479581741248,22.066887161882331,0.0086499521708746155,22.066888857220444,0.0062573786016092347,0.2312868930080462,0,1.4328422131367649,0.45264097455252938,0.30200902001039809,2077.6212090483091,656.32941310116757,755.0225500259952,371.00361041397366,112.80656526738068,93.464588023606552,22,6.8326210800329079e-07,1,3637.4855357756328,0.0054040138121382282,0,316.26714325911041,0,316.26714325911041,4356.9802118756816,1.1978000102058493,0.072588611349914137,0.072588611349914137,0,3863.0986663103945,0.0054045173536256576,0,316.72218405586256,0,316.72218405586256,4604.996992458794,1.192047470238957,0.068777935050670203,0.068777935050670203,0,3266.0645609333801,0.00017985988617471045,1040.791018536208,11.679350758341085,1040.791018536208,11.679350758341085,3945.9465527272855,1.2081655090123533,0.26377867341178002,0.26377867341178002,0,3452.9937369805934,0.00017975508316365657,1040.791018536208,11.673127268549512,1040.791018536208,11.673127268549512,4153.2544764423683,1.2027981493166868,0.25061225675465998,0.25061225675465998,0
3,0.054999999999999993,11,1.2119846742343696,0.00026474049079563337,0.00018533179191501485,0.0097082676368157716,22.07409860417355,0.010032231257503434,22.074100883896509,0.00687716401117638,0.2343858200558819,0,1.4515529619135672,0.49372822515812154,0.32490925166483037,2104.7517947746724,715.90592647927622,812.27312916207597,375.84835555247565,123.04627386074667,101.9485813345657,22,6.9219366127803994e-07,1,3624.8234546130161,0.0058725766444873359,0,342.91535517553433,0,342.91535517553433,4343.0249569084899,1.1981342019240901,0.07895772153693377,0.07895772153693377,0,3870.9160023345094,0.005873283309173076,0,343.50464747645424,0,343.50464747645424,4613.5694438028959,1.1918547033881643,0.074455289263687455,0.074455289263687455,0,3260.0029401916718,0.00022729475062114861,1054.7361902514685,14.75569638367587,1054.7361902514685,14.75569638367587,3939.2084863918453,1.208345071664334,0.26777953096459384,0.26777953096459384,0,3463.9001028608036,0.00022713686071271553,1054.7361902514685,14.746459628728568,1054.7361902514685,14.746459628728568,4165.3216575620763,1.2024947411508706,0.25324317265489876,0.25324317265489876,0
3,0.059999999999999991,12,1.3223733768700909,0.00034170237281129517,0.00023802625466807462,0.011387633400272275,22.081403523678468,0.011439619259290277,22.081406486915832,0.0074952525834289831,0.23747626291714494,0,1.4701727476151116,0.53454044781625965,0.34664622044016641,2131.7504840419119,775.08364933357655,866.61555110041604,380.66954776259814,133.21744038745601,110.37578490099921,22,7.0108369820687244e-07,1,3612.2416919812454,0.0063320680902909437,0,368.92327058281404,0,368.92327058281404,4329.1543600527748,1.1984675249341681,0.085218322078567943,0.085218322078567943,0,3878.6765727561574,0.0063330274817744257,0,369.6687894346407,0,369.6687894346407,4622.0782764553933,1.1916637517345201,0.079978911503449157,0.079978911503449157,0,3253.9863327302996,0.00028140167334944155,1068.6431831271523,18.262765099830393,1068.6431831271523,18.262765099830393,3932.5194653579201,1.2085236578293457,0.2717848528185397,0.2717848528185397,0,3474.7379025322984,0.00028117247386195179,1068.6431831271523,18.249570731144626,1068.6431831271523,18.249570731144626,4177.3099640501941,1.2021942607544238,0.25585819772132279,0.25585819772132279,0
3,0.064999999999999988,13,1.4327988304267167,0.00043203615515688946,0.00029938452497035796,0.013172851296563533,22.088801487448002,0.012858833002471934,22.088805230285121,0.0081114918142604978,0.24055745907130249,0,1.488698146780308,0.57516362141434063,0.36725601912748013,2158.6123128314466,833.98725105079393,918.14004781870028,385.46630061282883,143.341492388452,118.76395226661155,22,7.0993076217717999e-07,1,3599.7192635551341,0.006783267777603969,0,394.34090849483925,0,394.34090849483925,4315.3453371773048,1.1988005233817618,0.091381077916878883,0.091381077916878883,0,3886.4022483320382,0.0067845345287274447,0,395.26588554978645,0,395.26588554978645,4630.5474970522919,1.1914740680894844,0.085360507758835066,0.085360507758835066,0,3247.9965417898029,0.00034237480732281634,1082.5085658208611,22.212339021244603,1082.5085658208611,22.212339021244603,3925.8592749452177,1.2087018026139522,0.2757960377712792,0.2757960377712792,0,3485.5244463230256,0.00034205235765575931,1082.5085658208611,22.194094445029066,1082.5085658208611,22.194094445029066,4189.2386036834259,1.201896204774225,0.25845652663270668,0.25845652663270668,0
3,0.069999999999999993,14,1.5432614969043983,0.00053675997385901528,0.0003699219205400802,0.015058373248320506,22.096292046666523,0.014277605191304268,22.09629665943115,0.0087257296558616998,0.24362864827930852,0,1.5071256390553096,0.61567493100936366,0.38677356904875121,2185.3321766301988,892.72864996357737,966.93392262187797,390.23770258336316,153.43766581838472,127.12902116137744,22,7.1873335527605775e-07,1,3587.2373891399343,0.0072268988629926719,0,419.21424051352807,0,419.21424051352807,4301.577210063595,1.1991336907577586,0.097455937680897831,0.097455937680897831,0,3894.1127207767036,0.0072285322680189458,0,420.34315284168486,0,420.34315284168486,4638.9987085354251,1.1912851633144685,0.090610750131980763,0.090610750131980763,0,3242.0171738803042,0.00041037449531464604,1096.3289172568884,26.613873802631762,1096.3289172568884,26.613873802631762,3919.2096940481738,1.2088799916372286,0.27981455117815562,0.27981455117815562,0,3496.2752162030588,0.00040993286151349222,1096.3289172568884,26.589343863643247,1096.3289172568884,26.589343863643247,4201.1247434175821,1.2016001268858882,0.26103754910057531,0.26103754910057531,0
3,0.074999999999999997,15,1.6537618355900963,0.00065688955292324258,0.00045012645060861701,0.017038823030749141,22.103874735699804,0.015684623216592659,22.103880300501846,0.0093378145542362158,0.2466890727711811,0,1.5254516219796193,0.65614336577524079,0.40523270262676953,2211.9048518704481,951.40788037409914,1013.0817565669238,394.98282089464658,163.52315406521686,135.48523697003006,22,7.2748994961457925e-07,1,3574.7793417374605,0.0076636312363837691,0,443.585463741051,0,443.585463741051,4287.8315432429717,1.1994674729095152,0.10345216673450715,0.10345216673450715,0,3901.8256498678938,0.0076656948368880413,0,444.944030628875,0,444.944030628875,4647.4512734444579,1.1910966020744185,0.095739364320242729,0.095739364320242729,0,3236.033517227293,0.00048552967845931011,1110.1008274703149,31.474652773521129,1110.1008274703149,31.474652773521129,3912.5543614385783,1.2090586641361316,0.28384191889640087,0.28384191889640087,0,3507.0039911673534,0.00048493868919897721,1110.1008274703149,31.442470516357616,1110.1008274703149,31.442470516357616,4212.9836507905629,1.2013056333557848,0.26360083925290984,0.26360083925290984,0
3,0.080000000000000002,16,1.7643003029313806,0.00079343996090494649,0.0005404596618781124,0.019108991008444869,22.111549071200454,0.017069471454614696,22.111555659766712,0.0099475954865941921,0.24973797743297096,0,1.5436724246724922,0.69663027846363079,0.42266623407019815,2238.3250157751136,1010.1139037722646,1056.6655851754954,399.70070505117422,173.61324737828431,143.84526825358424,22,7.3619899176868842e-07,1,3562.330306346129,0.0080940845380271555,0,467.4932540534964,0,467.4932540534964,4274.0919912280569,1.1998022708938463,0.10937837908331344,0.10937837908331344,0,3909.556801102698,0.0080966456736671528,0,469.10843953496766,0,469.10843953496766,4655.922466599065,1.1909079989030606,0.10075520864023957,0.10075520864023957,0,3230.0324280220025,0.00056794017017910167,1123.8208984483692,36.799933883060262,1123.8208984483692,36.799933883060262,3905.8786505652706,1.2092382159014858,0.28787971961953152,0.28787971961953152,0,3517.7229645291713,0.0005671652057558168,1123.8208984483692,36.75861646778975,1123.8208984483692,36.75861646778975,4224.8288260752488,1.2010123789383511,0.26614614357432487,0.26614614357432487,0
3,0.085000000000000006,17,1.8748773524066267,0.00094742717618032709,0.00064135745900239507,0.021263829199350524,22.119314551275103,0.018422576832936612,22.119322223105925,0.010554921998614917,0.25277460999307461,0,1.5617843205015047,0.73718990955561414,0.43910601980088032,2264.5872647271817,1068.9253688556405,1097.7650495022008,404.39039012174283,183.72146349665601,152.22031497996812,22,7.4485891188302844e-07,1,3549.8772476924732,0.0085188310016539714,0,490.97300150574085,0,490.97300150574085,4260.344155299339,1.2001384436796203,0.11524256811390024,0.11524256811390024,0,3917.3201746857849,0.0085219603355869995,0,492.87302083775154,0,492.87302083775154,4664.4276180689303,1.1907190145475082,0.10566634562587567,0.10566634562587567,0,3224.0022238309034,0.00065767880214151161,1137.4857449688357,42.593089798439287,1137.4857449688357,42.593089798439287,3899.1695521633787,1.2094190020533582,0.29192957585798496,0.29192957585798496,0,3528.4428537908393,0.000656680617418701,1137.4857449688357,42.541059566048602,1137.4857449688357,42.541059566048602,4236.6721259604583,1.2007200630750534,0.26867336768151295,0.26867336768151295,0
3,0.090000000000000011,18,1.9854934343919584,0.001119869473974277,0.00075323090110488409,0.023498446618243574,22.127170654716597,0.019735157460172369,22.127179455578862,0.011159644241569171,0.25579822120784584,0,1.5797835388066697,0.77786987889986547,0.45458301006386553,2290.686131269671,1127.9113244048049,1136.4575251596639,409.05089977515854,193.85967017452492,160.62021004103329,22,7.534681265575216e-07,1,3537.4087861878961,0.0089383981364632905,0,514.0570294516989,0,514.0570294516989,4246.5754491065409,1.2004763107073304,0.12105213615358089,0.12105213615358089,0,3925.1281265369462,0.0089421691639260791,0,516.27135810862274,0,516.27135810862274,4672.9802472189676,1.1905293525645582,0.11048010708281326,0.11048010708281326,0,3217.932583596546,0.00075479344846276673,1151.0919954353062,48.855741456306419,1151.0919954353062,48.855741456306419,3892.4155640669051,1.2096013396640268,0.29599314382003378,0.29599314382003378,0,3539.1730036786125,0.00075352803016317984,1151.0919954353062,48.791352065347915,1151.0919954353062,48.791352065347915,4248.5238794431707,1.2004284263660634,0.27118256221067649,0.27118256221067649,0
3,0.095000000000000015,19,2.0961489960252733,0.001311788647389415,0.00087646697562638383,0.025808104858916013,22.135116840303386,0.020999174134725115,22.135126801064342,0.01176161300929216,0.25880806504646081,0,1.5976662757461493,0.81871164730578994,0.46912729299378486,2316.6160998319165,1187.1318885933954,1172.8182324844622,413.6812490884987,204.03820021881671,169.05351456564784,22,7.6202505083777794e-07,1,3524.9150814869345,0.0093532712592969951,0,536.77479879856526,0,536.77479879856526,4232.7749724294536,1.2008161543125513,0.12681392285082349,0.12681392285082349,0,3932.9914819245678,0.009357759806739651,0,539.33418284393247,0,539.33418284393247,4681.5921885227381,1.190338756144941,0.11520315335584959,0.11520315335584959,0,3211.8144537286016,0.00085930893399343059,1164.6362927090736,55.587885331574938,1164.6362927090736,55.587885331574938,3885.6065876881521,1.2097855102362292,0.30007210243881277,0.30007210243881277,0,3549.921482859897,0.00085772739225778276,1164.6362927090736,55.509452820126455,1164.6362927090736,55.509452820126455,4260.392996533983,1.2001372472896821,0.27367390808435088,0.27367390808435088,0
3,0.10000000000000002,20,2.206844481067662,0.0015242110739301176,0.0010114293506067672,0.028188213880198057,22.143152546167514,0.022207284563327916,22.143163681965873,0.012360679774997899,0.26180339887498949,0,1.6154287043232625,0.85975095027949933,0.48276813226174398,2342.3716212687305,1246.6388779052741,1206.92033065436,418.28044714339103,214.2659595842739,177.52760748064119,22,7.7052809732691685e-07,1,3512.3877230940311,0.0097638958872412994,0,559.1530986660274,0,559.1530986660274,4218.9333925157653,1.2011582220197901,0.13253423238630521,0.13253423238630521,0,3940.9196422625787,0.0097691796083976459,0,562.08956557882709,0,562.08956557882709,4690.2737097562685,1.1901470051450902,0.11984152745918025,0.11984152745918025,0,3205.6399598410544,0.00097122883219070283,1178.1152949374527,62.788014660549884,1178.1152949374527,62.788014660549884,3878.7338306873453,1.2099717620439399,0.30416814177869367,0.30416814177869367,0,3560.6951748023366,0.00096927732592435526,1178.1152949374527,62.693853226915529,1178.1152949374527,62.693853226915529,4272.2870703080998,1.1998463391478786,0.27614770141037304,0.27614770141037304,0
3,0.10500000000000002,21,2.3175803297625213,0.0017581686383197326,0.001158459106343779,0.030634327966256248,22.151277189231855,0.023352800134061689,22.151289498976297,0.012956696727925978,0.26478348363962989,0,1.6330669836490597,0.90101820584974701,0.49553399929278058,2367.9471262911366,1306.4763984821332,1238.8349982319514,422.8474994243561,224.55052901127857,186.04876972165769,22,7.7897568440121745e-07,1,3499.8196275265436,0.010170679999905969,0,581.21622458981119,0,581.21622458981119,4205.0428324761451,1.2015027287129108,0.13821885953241556,0.13821885953241556,0,3948.9206855491011,0.010176837874277891,0,584.56309379278366,0,584.56309379278366,4699.0336231152487,1.1899539133088066,0.12440070462940091,0.12440070462940091,0,3199.4023237405204,0.0010905371577916046,1191.5256763783345,70.453234833998565,1191.5256763783345,70.453234833998565,3871.7897154072016,1.2101603123425166,0.30828295103864622,0.30828295103864622,0,3571.4998631838357,0.0010881568529875383,1191.5256763783345,70.341697075269664,1191.5256763783345,70.341697075269664,4284.2124727746068,1.1995555472191504,0.27860433824729391,0.27860433824729391,0
3,0.11000000000000003,22,2.4283569786926571,0.0020146995217622966,0.0013178754472362051,0.033142141836240396,22.159490164716544,0.024429645100730521,22.159503630896811,0.01354951680981166,0.2677475840490583,0,1.6505772674899646,0.942538898224341,0.5074526009234992,2393.3370378604486,1366.6814024252944,1268.6315023087479,427.38141003203566,234.89825964017655,194.62226345331081,22,7.8736624065101068e-07,1,3487.2049415938059,0.010573996179762206,0,602.98614529166241,0,602.98614529166241,4191.096766270548,1.201849858687982,0.14387311458528559,0.14387311458528559,0,3957.001460874159,0.010581108018185124,0,606.77803775987763,0,606.77803775987763,4707.8793897393089,1.1897593256635468,0.12888563778467507,0.12888563778467507,0,3193.095785312707,0.0012171999592446121,1204.8641282207623,78.579373159512997,1204.8641282207623,78.579373159512997,3864.7677926913875,1.2103513494547118,0.31241820635271894,0.31241820635271894,0,3582.340312219329,0.0012143270191962284,1204.8641282207623,78.448894459035529,1204.8641282207623,78.448894459035529,4296.1744449856687,1.1992647461022778,0.28104429944949572,0.28104429944949572,0
3,0.11500000000000003,23,2.5391748606356486,0.002294848867196852,0.0014899763945044342,0.035707486882426406,22.167790845714052,0.025432318046241853,22.167805434506253,0.014138993751170288,0.27069496875585147,0,1.6679557121458837,0.98433393884005638,0.51855090326129138,2418.5357826115314,1427.2842113180818,1296.3772581532285,431.88118372305888,245.31436299164341,203.25240662138461,22,7.956982082113484e-07,1,3474.5389513968275,0.010974183638152488,0,624.48265893339385,0,624.48265893339385,4177.0899198660518,1.2021997675941396,0.14950184719830484,0.14950184719830484,0,3965.1676773801146,0.010982329599384402,0,628.7555053621802,0,628.7555053621802,4716.8172180762958,1.1895631160780609,0.13330079930860911,0.13330079930860911,0,3186.7155289901448,0.0013511668156285293,1218.1273594013317,87.161083180276265,1218.1273594013317,87.161083180276265,3857.6626607437447,1.2105450347387048,0.31657555856920822,0.31657555856920822,0,3593.2203422329139,0.001347732421723224,1218.1273594013317,87.010229893120183,1218.1273594013317,87.010229893120183,4308.1771817635081,1.1989738372365728,0.28346813578265545,0.28346813578265545,0
3,0.12000000000000004,24,2.6500344044177497,0.0025996693295284052,0.0016750394603862707,0.038326327519561887,22.176178582831835,0.026355855502165168,22.176194244476861,0.014724982107387125,0.27362491053693561,0,1.685198483700596,1.0264200062165378,0.52885515240936898,2443.5378013658642,1488.3090090139799,1322.1378810234226,436.34582778737439,255.80299566460846,211.94264312832919,22,8.0397004675880623e-07,1,3461.817996691705,0.011371550133908434,0,645.72353967963124,0,645.72353967963124,4163.0181781863866,1.2025525842677995,0.15510946914984164,0.15510946914984164,0,3973.4239880209216,0.011380810255537607,0,650.51458676839968,0,650.51458676839968,4725.8521564758485,1.1893651849697759,0.1376502195222078,0.1376502195222078,0,3180.257614515358,0.0014923722425815987,1231.3120974162102,96.191943728321164,1231.3120974162102,96.191943728321164,3850.4698887179197,1.2107415044440342,0.32075662117108178,0.32075662117108178,0,3604.1429007720162,0.0014883026441897193,1231.3120974162102,96.019464777910983,1231.3120974162102,96.019464777910983,4320.2239113854703,1.1986827465858991,0.28587645347676871,0.28587645347676871,0
3,0.12500000000000003,25,2.7609360347665901,0.0029302215192908623,0.0018733223043273296,0.040994757631220458,22.184652703901065,0.027195797610096255,22.1846693733333,0.015307337294603594,0.27653668647301799,0,1.7023017646831118,1.0688098658933658,0.53839089263459805,2468.337558790512,1549.7743055453805,1345.9772315864952,440.77435377306546,266.36733907053224,220.69560889618316,22,8.1218023817442031e-07,1,3449.0393902929354,0.011766373790914015,0,666.72467531107907,0,666.72467531107907,4148.8784975076696,1.2029084124653313,0.16069997608066769,0.16069997608066769,0,3981.7740684339997,0.011776827537303669,0,672.07248977933341,0,672.07248977933341,4734.9881803642356,1.1891654571517336,0.14193752216032665,0.14193752216032665,0,3173.7189117403495,0.0016407370115767061,1244.415089128581,105.66455288383885,1244.415089128581,105.66455288383885,3843.1859447551728,1.2109408714610181,0.32496295848127088,0.32496295848127088,0,3615.1101295327162,0.0016359536034151034,1244.415089128581,105.469434352878,1244.415089128581,105.469434352878,4332.3169705351784,1.1983914224751895,0.28826990036037253,0.28826990036037253,0
3,0.13000000000000003,26,2.871880172162935,0.0032875743477006388,0.0020850633716212432,0.043708997101656544,22.193212513749653,0.027948155717980431,22.193230111452056,0.015885915625391229,0.27942957812695612,0,1.7192617601759117,1.1115126716162935,0.54718298247692021,2492.9295522550719,1611.6933738436257,1367.9574561923005,445.16577906794726,277.00967449462911,229.51319405769033,22,8.2032728787595488e-07,1,3436.2013422213977,0.012158904820422433,0,687.50019655645474,0,687.50019655645474,4134.668822984534,1.2032673324990901,0.16627696823858204,0.16627696823858204,0,3990.2206912106558,0.012170630649898111,0,693.44466655463725,0,693.44466655463725,4744.2282743202613,1.1889638798100752,0.1461659571290321,0.1461659571290321,0,3167.0970392262834,0.0017961693867066932,1257.4331015713026,115.5706170074744,1257.4331015713026,115.5706170074744,3835.80812821256,1.2111432269690232,0.32919607427788411,0.32919607427788411,0,3626.123427341664,0.0017905888119566123,1257.4331015713026,115.35213928204392,1257.4331015713026,115.35213928204392,4344.4578748000586,1.1980998335693749,0.29064915269636121,0.29064915269636121,0
3,0.13500000000000004,27,2.9828672326917522,0.0036728052805922325,0.0023104825149033096,0.046465388423968086,22.201857294037442,0.028609381811273989,22.201875727098628,0.016460574344204355,0.28230287172102181,0,1.7360747034035924,1.1545342488408872,0.55525560922912853,2517.3083199352091,1674.0746608192865,1388.1390230728214,449.51912834662545,287.73145375025462,238.39660149618328,22,8.284097288147052e-07,1,3423.3028883264328,0.012549367153466176,0,708.06259874567309,0,708.06259874567309,4120.3880110165928,1.2036294027815189,0.17184367026904782,0.17184367026904782,0,3998.7657958269424,0.01256244210649685,0,714.64493235991677,0,714.64493235991677,4753.5745093443447,1.188760420604055,0.15033843078615947,0.15033843078615947,0,3160.3903064271294,0.0019585662829842035,1270.3629227445981,125.90103500932921,1270.3629227445981,125.90103500932921,3828.3345058446926,1.2113486419886803,0.33345740092649107,0.33345740092649107,0,3637.1835094194962,0.0019521005603753262,1270.3629227445981,125.65883201641226,1270.3629227445981,125.65883201641226,4356.6473849715803,1.1978079669856725,0.29301490281729875,0.29301490281729875,0
3,0.14000000000000004,28,3.0938976278928352,0.0040870005082863908,0.0025497815988603373,0.049260393377359109,22.210586303151238,0.029176339684857854,22.210605466500162,0.017031171662602911,0.28515585831301454,0,1.7527368608332548,1.197877361537117,0.56263230215322524,2541.4684482082193,1736.9221742288196,1406.5807553830632,453.83343489113207,298.53336567158163,247.34640193732884,22,8.3642612414003281e-07,1,3410.3438231328528,0.012937959988284476,0,728.422856328526,0,728.422856328526,4106.0357561874616,1.2039946612818422,0.17740295009142384,0.17740295009142384,0,4007.4105544760159,0.012952459298006883,0,735.68557690759462,0,735.68557690759462,4763.0281155890671,1.1885550658814021,0.15445753395822834,0.15445753395822834,0,3153.5976592582374,0.0021278143500108831,1283.2013624085655,136.64597801617495,1283.2013624085655,136.64597801617495,3820.7638517206769,1.2115571688429541,0.33774828911953148,0.33774828911953148,0,3648.2904631328947,0.002120371023042745,1283.2013624085655,136.38009808166103,1283.2013624085655,136.38009808166103,4368.8855693838586,1.1975158265310288,0.29536784763669144,0.29536784763669144,0
3,0.14500000000000005,29,3.2049717646112237,0.0045312550380255303,0.0028031450884877401,0.052090589767983135,22.219398776157174,0.029646277767055293,22.219418553951414,0.017597566794236609,0.28798783397118305,0,1.7692445368160921,1.2415419632048801,0.56933594474384308,2565.4045783833335,1800.2358466470762,1423.3398618596077,458.10774179276575,309.41539867134327,256.36258578062962,22,8.4437506586709787e-07,1,3397.3246366822746,0.013324859257323603,0,748.59053075121938,0,748.59053075121938,4091.6125225280457,1.2043631268996984,0.18295733690068355,0.18295733690068355,0,4016.1554340249609,0.013340855983405599,0,756.57746880800767,0,756.57746880800767,4772.5895507987725,1.1883478190025427,0.15852556788198596,0.15852556788198596,0,3146.7186288657531,0.0023037909847291229,1295.9452528703237,147.79496459683415,1295.9452528703237,147.79496459683415,3813.0955906737117,1.2117688425317381,0.3420699982967802,0.3420699982967802,0,3659.4438004270123,0.0022952732911842065,1295.9452528703237,147.50593244306734,1295.9452528703237,147.50593244306734,4381.1718625084295,1.1972234310572554,0.29770867809253621,0.29770867809253621,0
3,0.15000000000000005,30,3.3160900448476553,0.0050066727152178574,0.0030707406212010144,0.054952668229274547,22.228293924807748,0.030016803512028602,22.228314191952077,0.018159619989581877,0.29079809994790939,0,1.785594077797898,1.2855254329462069,0.57538878629967016,2589.1114128069521,1864.0118777720002,1438.4719657491755,462.34110304231029,320.37689957442484,265.44461184532321,22,8.5225518264842037e-07,1,3384.2464551544203,0.013710219018037231,0,768.57387213693778,0,768.57387213693778,4077.1194788728844,1.2047348007599077,0.1885090383344393,0.1885090383344393,0,4025.0002543032701,0.013727783704565892,0,777.3301535975246,0,777.3301535975246,4782.2585646878715,1.1881386987677802,0.16254456823755187,0.16254456823755187,0,3139.7532834258318,0.0024863652768342941,1308.5914497655922,159.33693170452929,1308.5914497655922,159.33693170452929,3805.3297450948508,1.2119836820244674,0.34642368780568233,0.34642368780568233,0,3670.6425071164786,0.0024766723367404368,1308.5914497655922,159.02581110342311,1308.5914497655922,159.02581110342311,4393.5051200073167,1.1969308129269969,0.30003806956078555,0.30003806956078555,0
3,0.15500000000000005,31,3.4272528656092822,0.0055143661793596536,0.0033527195630913302,0.05784342907886774,22.237270937600755,0.030285859281307663,22.237291561373556,0.018717192570422942,0.29358596285211469,0,1.8017818761246678,1.3298227973836383,0.58081245301993456,2612.5837203807682,1928.2430562062755,1452.0311325498365,466.53258451541444,331.41662892405503,274.59145319369338,22,8.6006513622116643e-07,1,3371.1109850682378,0.014094172771421798,0,788.37991517551018,0,788.37991517551018,4062.5584380932623,1.2051096674323905,0.19405995684471472,0.19405995684471472,0,4033.9442429163482,0.01411337312923135,0,797.9519457671621,0,797.9519457671621,4792.0342594718686,1.1879277379420241,0.16651632742189632,0.16651632742189632,0,3132.7021828140141,0.0026753988902954557,1321.1368328345161,171.26030149403658,1321.1368328345161,171.26030149403658,3797.4668848947013,1.2122016914750411,0.35081040884634312,0.35081040884634312,0,3681.8850892014007,0.0026644259105157008,1321.1368328345161,170.92875809339048,1321.1368328345161,170.92875809339048,4405.8836704329633,1.1966380165842161,0.30235667325928567,0.30235667325928567,0
3,0.16000000000000006,32,3.5384606187608791,0.0060554567601529665,0.003649217549603023,0.060759779230190304,22.246328979887323,0.030451699639297242,22.246349821653563,0.019270146964068615,0.29635073482034308,0,1.8178043734680787,1.3744269391646438,0.58562795880426566,2635.816341528714,1992.9190617887334,1464.0698970106641,470.68126485954627,342.53281294499044,283.80164018457202,22,8.6780362429372815e-07,1,3357.920460875237,0.014476834711960701,0,808.01456959067571,0,808.01456959067571,4047.931800004143,1.2054876960811203,0.19961170531327843,0.19961170531327843,0,4042.9860867652178,0.014497735325580439,0,818.45001517730304,0,818.45001517730304,4801.9151467513457,1.1877149818720611,0.17044241519573947,0.17044241519573947,0,3125.5663359952009,0.0028707468843066253,1333.5783066915437,183.55304417053122,1333.5783066915437,183.55304417053122,3789.5080804677009,1.21242286136317,0.35523109723302482,0.35523109723302482,0,3693.1696163643451,0.0028583853779695864,1333.5783066915437,183.20340801713044,1333.5783066915437,183.20340801713044,4418.3053637515995,1.1963450972233161,0.30466510864732421,0.30466510864732421,0
3,0.16500000000000006,33,3.6497136908767591,0.0066310743190022619,0.0039603550109032814,0.063698729157620981,22.255467194026174,0.03051286999137099,22.255488111016806,0.019818346737296308,0.29909173368648156,0,1.8336580638943292,1.4193287927479421,0.58985571590019947,2658.8041926467772,2058.0267494845161,1474.6392897504986,474.78623628860242,353.72319233711153,293.07330090071372,22,8.7546938187799128e-07,1,3344.6775957685877,0.014858300912417058,0,827.48270552082602,0,827.48270552082602,4033.2424977537767,1.2058688415458354,0.20516562194851259,0.20516562194851259,0,4052.1239804428105,0.014880962971616797,0,838.83046821094104,0,838.83046821094104,4811.8992009370859,1.1875004871917192,0.17432419782350891,0.17432419782350891,0,3118.3471609935877,0.003072258476868412,1345.912801589167,196.20273702596108,1345.912801589167,196.20273702596108,3781.454858503299,1.2126471695660812,0.35968656699217305,0.35968656699217305,0,3704.4937627950148,0.0030583964958990563,1345.912801589167,195.83806431897332,1345.912801589167,195.83806431897332,4430.7676168559874,1.1960521195514187,0.30696395681222427,0.30696395681222427,0
3,0.17000000000000007,34,3.7610124630936212,0.0072423570407573303,0.004286237682210454,0.06665738991474851,22.264684699581224,0.030468186496633454,22.264705546720233,0.020361656630014859,0.3018082831500743,0,1.8493394965986483,1.4645175281282781,0.59351554551279384,2681.5422700680401,2123.5504157860032,1483.7888637819847,478.84660529095157,364.98506806305556,302.40419908561557,22,8.8306118040115678e-07,1,3331.3855355414689,0.015238650446704756,0,846.78823412006693,0,846.78823412006693,4018.4939475154465,1.2062530453600886,0.21072278450080009,0.21072278450080009,0,4061.3556716675803,0.015263131502441641,0,859.09842398872797,0,859.09842398872797,4821.983909393688,1.1872843206105601,0.17816285581441316,0.17816285581441316,0,3111.04644730986,0.003279777754080327,1358.1372741753344,209.1966198175376,1358.1372741753344,209.1966198175376,3773.3091604970568,1.212874582364355,0.36417750480626937,0.36417750480626937,0,3715.8548454810916,0.0032643001331476356,1358.1372741753344,208.82075343927127,1358.1372741753344,208.82075343927127,4443.2674562241045,1.1957591566386483,0.30925375482242173,0.30925375482242173,0
3,0.17500000000000007,35,3.8723573109645315,0.0078904511802699324,0.0046269570993464062,0.069632970205773095,22.273980593559678,0.030316717190654346,22.274001225321289,0.020899942588637963,0.30449971294318984,0,1.8648452783266947,1.5099807231208671,0.59662668846489642,2704.0256535737071,2189.4720485252574,1491.566721162241,482.86149325640253,376.31534428470707,311.79176971805413,22,8.9057782992618684e-07,1,3318.0478153370923,0.015617946453878328,0,865.93418366051105,0,865.93418366051105,4003.6900013103855,1.2066402367090772,0.21628402383228862,0.21628402383228862,0,4070.6785039065062,0.0156443001983015,0,879.25808594346222,0,879.25808594346222,4832.1663194694374,1.1870665577819901,0.18195940036269345,0.18195940036269345,0,3103.666320660147,0.0034931443281071856,1370.2487082443542,222.52164664142614,1370.2487082443542,222.52164664142614,3765.0733038224894,1.2131050553854841,0.36870446530316775,0.36870446530316775,0,3727.2498600962554,0.003475932938369398,1370.2487082443542,222.13927502931151,1370.2487082443542,222.13927502931151,4455.8015578718068,1.1954662888515708,0.31153499101616677,0.31153499101616677,0
3,0.18000000000000008,36,3.9837486043142492,0.008576510768047399,0.0049825910797795595,0.072622773510477912,22.283353950687793,0.030057764256484525,22.28337422296779,0.021433071799159872,0.30716535899579939,0,1.8801720755030302,1.5557045247946306,0.59920781597413675,2726.249509479394,2255.7715609522143,1498.019539935342,486.83003702732844,387.71056859536191,321.23315234598454,22,8.9801817559909125e-07,1,3304.6683191409743,0.015996237146110742,0,884.9227713935569,0,884.9227713935569,3988.8349027996719,1.2070303333305601,0.22184993687566509,0.22184993687566509,0,4080.0894563316983,0.016024513216156219,0,899.31280902896435,0,899.31280902896435,4842.4430825714799,1.1868472822468932,0.1857146885764536,0.1857146885764536,0,3096.2092099176798,0.0037121939466683339,1382.2441154810972,236.16453445291714,1382.2441154810972,236.16453445291714,3756.7499452316597,1.2133385344886116,0.37326786718198174,0.37326786718198174,0,3738.6755146096484,0.0036931279577666907,1382.2441154810972,235.78124839621918,1382.2441154810972,235.78124839621918,4468.3662847399028,1.1951736028651956,0.31380810118632629,0.31380810118632629,0
3,0.18500000000000008,37,4.095186707096091,0.0093016972790168836,0.0053532041894281488,0.075624195263478411,22.292803823721506,0.029690847385077861,22.292823595707894,0.021960912719925278,0.30980456359962638,0,1.8953166160859225,1.6016738006140665,0.60127704059344222,2748.2090933245877,2322.4270108903966,1503.1926014836056,490.75138937892683,399.1669696870926,330.72522229540465,22,9.0538110164573027e-07,1,3291.2512418734445,0.016373556763373202,0,903.75547140722017,0,903.75547140722017,3973.9332458908611,1.2074232423620206,0.2274208990152827,0.2274208990152827,0,4089.5851812476299,0.016403800567378304,0,919.26516281822444,0,919.26516281822444,4852.8104954374212,1.1866265844490738,0.18942943757694869,0.18942943757694869,0,3088.6778161440584,0.0039367590567858032,1394.1205361983186,250.11180838223311,1394.1205361983186,250.11180838223311,3748.3420466590278,1.2135749565937253,0.37786799015904704,0.37786799015904704,0,3750.128260734868,0.0039157152056123338,1394.1205361983186,249.7341553491305,1394.1205361983186,249.7341553491305,4480.9577216490216,1.1948811907491776,0.31607346561468541,0.31607346561468541,0
3,0.19000000000000009,38,4.206671977250533,0.010067179268158453,0.0057388481954972629,0.078634720088649274,22.302329243789227,0.029215688168890874,22.302348379818913,0.022483335114085231,0.31241667557042618,0,1.9102756911668006,1.6478722798225975,0.60285192734537663,2769.8997521918609,2389.4148057427665,1507.1298183634415,494.62471943336527,410.68049258610569,340.26461986420713,22,9.1266552804114554e-07,1,3277.801053947212,0.016749926477389297,0,922.43307869803391,0,922.43307869803391,3958.9899360125605,1.2078188611371161,0.23299707592262678,0.23299707592262678,0,4099.1620391194238,0.016782179044071557,0,939.11699072783028,0,939.11699072783028,4863.2645387472621,1.1864045608189673,0.19310423754364373,0.19310423754364373,0,3081.0750836024754,0.0041666693254169308,1405.8750400669178,264.34984399268382,1405.8750400669178,264.34984399268382,3739.8528432091252,1.2138142504584437,0.38250497271091999,0.38250497271091999,0,3761.6043233308901,0.0041435221902594707,1405.8750400669178,263.98537961755369,1405.8750400669178,263.98537961755369,4493.5717079493024,1.1945891491240783,0.31833140690355055,0.31833140690355055,0
3,0.19500000000000009,39,4.318204766565727,0.010874131976523028,0.0061395625056280632,0.081651919089744354,22.311929220764146,0.028632195474932141,22.311947592153551,0.023000210081731153,0.31500105040865578,0,1.9250461563318635,1.694282685575186,0.60394950506669309,2791.3169266812019,2456.7098940840197,1509.8737626667328,498.44921301234069,422.24683158264452,349.84777760587349,22,9.1987041006547088e-07,1,3264.3224681611855,0.017125355247306524,0,940.95576965941711,0,940.95576965941711,3944.0101539170482,1.208217077934318,0.23857843487671904,0.23857843487671904,0,4108.8161313264745,0.017159653096384234,0,958.86946558973466,0,958.86946558973466,4873.8009132128218,1.186181312922217,0.19673956377459939,0.19673956377459939,0,3073.4041726502969,0.0044017521194882744,1417.504726838951,278.86490662511153,1417.504726838951,278.86490662511153,3731.2858132142792,1.2140563374053954,0.38717881058576503,0.38717881058576503,0,3773.0997278620439,0.0043763743982354513,1417.504726838951,278.52224301178893,1417.504726838951,278.52224301178893,4506.2038679859206,1.1942975783837224,0.3205821885482581,0.3205821885482581,0
3,0.20000000000000009,40,4.4297854205401226,0.011723736910921705,0.0065553745936428078,0.084673447198276935,22.32160274366349,0.02794045174590299,22.321620230502294,0.023511410091698937,0.31755705045849469,0,1.9396249328025148,1.7408868583045971,0.60458627796780862,2812.4561525636464,2524.2859445416657,1511.4656949195214,502.22407293237126,433.86146097615199,359.47094580302581,22,9.2699473630553086e-07,1,3250.8204088076627,0.017499840629409284,0,959.32315917347478,0,959.32315917347478,3928.9993218774812,1.2086177726805158,0.2441647555986495,0.2441647555986495,0,4118.5433307599669,0.017536215663087652,0,978.52314177711844,0,978.52314177711844,4884.4150732755625,1.1859569466698494,0.2003357878266693,0.2003357878266693,0,3065.66843441316,0.0046418329477410439,1429.0067270632262,293.64318796950238,1429.0067270632262,293.64318796950238,3722.6446502538424,1.2143011320030253,0.39188935604979713,0.39188935604979713,0,3784.6103260192112,0.0046140957389103447,1429.0067270632262,293.33203849356545,1429.0067270632262,293.33203849356545,4518.8496394959584,1.1940065819798802,0.32282601419127749,0.32282601419127749,0
3,0.2050000000000001,41,4.5414142782473563,0.012617181400355618,0.0069863004121746538,0.087697040579726118,22.331348781072272,0.027140700180323388,22.331365273970697,0.024016809013035375,0.3200840450651769,0,1.9540090083705299,1.7876658707836357,0.60477823740225922,2833.3130621372684,2592.1155126362719,1511.945593505648,505.94851924693796,445.51966375091598,369.13021622630549,22,9.3403752821075159e-07,1,3237.2999828756151,0.017873369543087693,0,977.53435447974164,0,977.53435447974164,3913.9630721523572,1.209020817612237,0.24975564062799865,0.24975564062799865,0,4128.339310377447,0.017911848957594432,0,998.07800407821537,0,998.07800407821537,4895.1022585378514,1.1857315715869055,0.20389318779549612,0.20389318779549612,0,3057.8713871471637,0.0048867358666936055,1440.3782027932962,308.67084000128528,1440.3782027932962,308.67084000128528,3713.9332370313882,1.214548542702542,0.39663631783159781,0.39663631783159781,0,3796.1318195997746,0.0048565089521259855,1440.3782027932962,308.40206032271448,1440.3782027932962,308.40206032271448,4531.5043000468359,1.1937162657656581,0.32506302749685462,0.32506302749685462,0
3,0.2100000000000001,42,4.6530916722035833,0.013555658132049696,0.0074323447924764452,0.090720514099090196,22.341166281589139,0.026233332744684448,22.34118168337034,0.024516282146119072,0.32258141073059537,0,1.9681954381431199,1.8346001353248347,0.60454087383333599,2853.8833853075239,2660.1701962210104,1511.35218458334,509.6217894394029,457.21655829221851,378.82154426973216,22,9.4099783964907147e-07,1,3223.7664532380804,0.018245918995174859,0,995.58800598225821,0,995.58800598225821,3898.9072175957035,1.2094260778970154,0.25535052526748675,0.25535052526748675,0,4138.1995698225173,0.018286525211500142,0,1017.5335135003032,0,1017.5335135003032,4905.8575230471706,1.1855053001364981,0.20741195779128205,0.20741195779128205,0,3050.0166941999696,0.0051362838529241134,1451.6163482876791,323.93400641623418,1451.6163482876791,323.93400641623418,3705.1556210110602,1.2147984724335865,0.40141926172409642,0.40141926172409642,0,3807.6597827394335,0.0051034359810682344,1451.6163482876791,323.71963144279147,1451.6163482876791,323.71963144279147,4544.1629916216489,1.1934267373941523,0.32729331258443928,0.32729331258443928,0
3,0.21500000000000011,43,4.7648179282374059,0.014540364669758886,0.0078935018317076184,0.093741758846727488,22.351054174292088,0.025218878972720998,22.351068401622246,0.025009706253428216,0.32504853126714112,0,1.9821813451123467,1.8816695035392101,0.60388918897879718,2874.1629504129028,2728.4207801318548,1509.722972446993,513.24313857044865,468.94712324806648,388.54076954960618,22,9.4787475179991532e-07,1,3210.2252137167097,0.018617456764670758,0,1013.4823551454023,0,1013.4823551454023,3883.8377242969286,1.2098334122173096,0.26094868712076991,0.26094868712076991,0,4148.1194602128426,0.018660207377647405,0,1036.8886501754571,0,1036.8886501754571,4916.6757625474111,1.1852782470963681,0.21089221666271277,0.21089221666271277,0,3042.1081434856183,0.0053902991437760521,1462.7183907021349,339.41885169405697,1462.7183907021349,339.41885169405697,3696.3159917187154,1.2150508191610545,0.40623761180173545,0.40623761180173545,0,3819.1896825848303,0.0053546983125634055,1462.7183907021349,339.27212826511658,1462.7183907021349,339.27212826511658,4556.8207434519836,1.1931381057690551,0.32951689495938324,0.32951689495938324,0
3,0.22000000000000011,44,4.8765933653625524,0.015572502956831175,0.0083697552680027897,0.096758739725316845,22.361011369221846,0.02409799550886281,22.361024354171615,0.025496959589947601,0.327484797949738,0,1.9959639205626643,1.9288533590567385,0.6028377081096562,2894.1476848158632,2796.8373706322709,1507.0942702741404,516.81183938360209,480.70622063685153,398.28363505009554,22,9.5466737359828358e-07,1,3196.681765921348,0.018987942049782255,0,1031.2152796189569,0,1031.2152796189569,3868.7606861396171,1.2102426733192699,0.26654925524688866,0.26654925524688866,0,4158.0942071950512,0.019032849794631688,0,1056.1419535299713,0,1056.1419535299713,4927.5517398064894,1.1850505289851274,0.21433401601815491,0.21433401601815491,0,3034.1496283917054,0.0056486035484914349,1473.681590773821,355.11158791672761,1473.681590773821,355.11158791672761,3687.4186596178492,1.2153054764054001,0.41109065220874136,0.41109065220874136,0,3830.7168984918967,0.0056101172868800063,1473.681590773821,355.04700300680742,1473.681590773821,355.04700300680742,4569.4724931943156,1.1928504805440614,0.33173374288042706,0.33173374288042706,0
3,0.22500000000000012,45,4.9884182956534486,0.016653278806337535,0.0088610788436294299,0.099769493098640125,22.371036757880894,0.022871456354807928,22.371048449412779,0.025977921933207356,0.32988960966603681,0,2.0095404243297006,1.9761307035930014,0.60140049247532712,2913.8336152780657,2865.389520209852,1503.5012311883179,520.32718237224117,492.48861729674968,408.04580489489035,22,9.6137483840408322e-07,1,3183.1416977671297,0.019357326079125853,0,1048.7843357238755,0,1048.7843357238755,3853.6823011735555,1.2106537085285234,0.27215121895349054,0.27215121895349054,0,4168.1189323606295,0.019404398814592109,0,1075.2915598704406,0,1075.2915598704406,4938.4801081245487,1.1848222635354655,0.21773734759028854,0.21773734759028854,0,3026.14513004123,0.0059110187316808414,1484.5032434971656,370.99849946342874,1484.5032434971656,370.99849946342874,3678.4680364743913,1.2155623337286119,0.4159775294734846,0.4159775294734846,0,3842.2367398310107,0.005869514379018924,1484.5032434971656,371.03180373405496,1484.5032434971656,371.03180373405496,4582.1131065417758,1.1925639716680514,0.33394376910522888,0.33394376910522888,0
3,0.23000000000000012,46,5.1002930241238245,0.017783901380414333,0.0093674366565452086,0.10277212450274349,22.381129213746174,0.021540143779972053,22.381139579123232,0.026452474612946086,0.33226237306473044,0,2.0229081849227599,2.0234802367289726,0.59959115182477296,2933.2168681380017,2934.0463432570104,1498.9778795619325,523.78847581131561,504.28900476831916,417.82288082070158,22,9.6799630000532488e-07,1,3169.6106635760234,0.019725552688861767,0,1066.1867984219898,0,1066.1867984219898,3838.6088496992097,1.211066360235048,0.27775343624957655,0.27775343624957655,0,4178.1886731126615,0.019774793396059129,0,1094.3352375312886,0,1094.3352375312886,4949.4554331224235,1.1845935692116998,0.22110214998762279,0.22110214998762279,0,3018.0987008349566,0.0061773664709463662,1495.1806787912869,387.06596569965978,1495.1806787912869,387.06596569965978,3669.4686171284006,1.2158212771879338,0.42089725530352756,0.42089725530352756,0,3853.7444624763593,0.0061327114533796063,1495.1806787912869,387.21419225723383,1495.1806787912869,387.21419225723383,4594.7373953589185,1.1922786889731678,0.33614683295748993,0.33614683295748993,0
3,0.23500000000000013,47,5.2122178486084794,0.018965582660808299,0.0098887835006679515,0.10576480641987779,22.391287592793642,0.020105039858309019,22.391296618905798,0.026920500540390947,0.33460250270195474,0,2.0360645995229203,2.0708804297540291,0.59742285699151432,2952.2936693082347,3002.7766231433425,1493.5571424787859,527.19504575685346,516.10201769754133,427.61041742489039,22,9.7453093461652429e-07,1,3156.0943656740324,0.020092558867453543,0,1083.4196988853844,0,1083.4196988853844,3823.5466739684971,1.2114804663490852,0.28335464197718091,0.28335464197718091,0,4188.2984010691152,0.020143965663561782,0,1113.2704197208971,0,1113.2704197208971,4960.4722129055435,1.1843645647691485,0.22442831487383957,0.22442831487383957,0,3010.0144492035365,0.0064474688903830603,1505.7112621587964,403.30048177364733,1505.7112621587964,403.30048177364733,3660.4249625945831,1.2160821897593044,0.42584870981609613,0.42584870981609613,0,3865.2352840533172,0.0063995309935962674,1505.7112621587964,403.58196001947368,1505.7112621587964,403.58196001947368,4607.3401344230942,1.1919947418030297,0.33834274266200332,0.33834274266200332,0
3,0.24000000000000013,48,5.3241930596483318,0.02019953691246746,0.010425065195172778,0.10874577611545481,22.401510734032936,0.018567218595672733,22.401518428637807,0.027381884237147557,0.3369094211857378,0,2.0490071338679945,2.118309593906015,0.5949083525094111,2971.0603441085923,3071.5489111637221,1487.2708812735277,530.54623601617709,527.9222508425047,437.40393625616031,22,9.8097793133078426e-07,1,3142.5985373994072,0.02045827526967775,0,1100.4798597743229,0,1100.4798597743229,3808.5021594103355,1.2118958607299497,0.2889534556400799,0.2889534556400799,0,4198.4430390844163,0.020511841435631908,0,1132.0942351964034,0,1132.0942351964034,4971.5248966940953,1.1841353688528951,0.2277156926135902,0.2277156926135902,0,3001.8965255019284,0.0067211486715965585,1516.0923953358201,419.6886776287165,1516.0923953358201,419.6886776287165,3651.3416844171625,1.2163449517323535,0.4308306451592977,0.4308306451592977,0,3876.7043980142489,0.0066697963092473295,1516.0923953358201,420.1230421151198,1516.0923953358201,420.1230421151198,4619.9160768521888,1.1917122386784591,0.34053125789708405,0.34053125789708405,0
3,0.24500000000000013,49,5.436218940378871,0.021486980141883046,0.010976218903131741,0.11171333353808968,22.411797460050543,0.016927838613504581,22.411803852926433,0.027836511863692587,0.33918255931846297,0,2.0617333220350731,2.1657459433264497,0.59205996922576265,2989.5133169508563,3140.3316178233522,1480.1499230644067,533.84140809159612,539.74427476300116,447.19893881399389,22,9.8733649478432994e-07,1,3129.1289274412011,0.020822626701441166,0,1117.3639283262921,0,1117.3639283262921,3793.4817172937269,1.2123123735894739,0.29454838894634783,0.29454838894634783,0,4208.6174769672034,0.020878340722779342,0,1150.8035368905862,0,1150.8035368905862,4982.6079020060843,1.1839060996336095,0.23096409742120241,0.23096409742120241,0,2993.7491089818041,0.0069982292437895232,1526.3215169330833,436.21733533576651,1526.3215169330833,436.21733533576651,3642.2234302082443,1.2166094410787118,0.43584168948038948,0.43584168948038948,0,3888.1469866097923,0.006943331721052947,1526.3215169330833,436.82552956912468,1526.3215169330833,436.82552956912468,4632.4599682947492,1.1914312869982184,0.34271209251724477,0.34271209251724477,0
3,0.25000000000000011,50,5.5482957664221129,0.022829129551756908,0.011542173439811221,0.11466583928263274,22.422146577559953,0.015188136356184604,22.422151721569222,0.028284271247461908,0.34142135623730957,0,2.0742407661307953,2.2131676530337847,0.58888963687851448,3007.6491108896535,3209.0930968989878,1472.2240921962862,537.07994110021184,551.56265026852884,456.99091851937931,22,9.9360583938334912e-07,1,3115.6912854313659,0.021185532576899258,0,1134.0684073529426,0,1134.0684073529426,3778.4917687454331,1.2127298318717423,0.30013785308032725,0.30013785308032725,0,4218.8165859684232,0.021243378196951428,0,1169.3949286080276,0,1169.3949286080276,4993.7156304758419,1.1836768744781878,0.23417331204672504,0.23417331204672504,0,2985.5763957807267,0.0072785349543871255,1536.3961030678931,452.87340484545871,1536.3961030678931,452.87340484545871,3633.0748703022446,1.2168755337952748,0.44088035119870578,0.44088035119870578,0,3899.5582328194851,0.0072199627260898661,1536.3961030678931,453.67768000289209,1536.3961030678931,453.67768000289209,4644.9665599548516,1.1911519927723753,0.34488491740256699,0.34488491740256699,0
3,0.25500000000000012,51,5.6604238057821634,0.02422720299344612,0.012122849570941454,0.11760171261592983,22.432556877957346,0.013349419790882569,22.432560850018888,0.028725051910527561,0.34362525955263784,0,2.0865271358989745,2.2605529122029222,0.58540889660503537,3025.4643470535129,3277.8017226942375,1463.5222415125884,540.26123167232026,563.3719416965281,466.77537171634083,22,9.9978518619536771e-07,1,3102.2913487173123,0.021546907349308898,0,1150.58968423639,0,1150.58968423639,3763.5387300433645,1.2131480596106663,0.30572016571837768,0.30572016571837768,0,4229.0352321103683,0.021606863633931644,0,1187.8647899018806,0,1187.8647899018806,5004.8424823866244,1.1834478096530574,0.23734309203182591,0.23734309203182591,0,2977.3825878698194,0.0075618912215923359,1546.3136679868703,469.64401825521821,1546.3136679868703,469.64401825521821,3623.9006854622494,1.2171431042239633,0.44594502354245175,0.44594502354245175,0,3910.9333313025013,0.0074995161444700751,1546.3136679868703,470.6679268064845,1546.3136679868703,470.6679268064845,4657.430620520624,1.1908744603860348,0.34704936339491427,0.34704936339491427,0
3,0.26000000000000012,52,5.7726033187444825,0.025682418418487257,0.012718160301241942,0.12051942955044391,22.443027137882055,0.011413062554098255,22.443030039852179,0.029158745096856471,0.34579372548428239,0,2.0985901683814365,2.3078799689659708,0.58162890985939597,3042.9557441530828,3346.4259550006577,1454.0722746484898,543.38482405473678,575.16684557769793,476.54790427611323,23,5.030665910510379e-07,1,3088.934648644934,0.021906660918521267,0,1166.9240504190304,0,1166.9240504190304,3748.628796357104,1.2135668839745661,0.31129357261328211,0.31129357261328211,0,4239.2683398003301,0.021968702331586442,0,1206.2093005250583,0,1206.2093005250583,5015.9829259186754,1.1832190189109211,0.24047316714184022,0.24047316714184022,0,2969.1718515012553,0.0078481246698989832,1556.0717646792707,486.51650243859041,1556.0717646792707,486.51650243859041,3614.7055204051508,1.2174120263795121,0.45103399367901714,0.45103399367901714,0,3922.2676600534814,0.0077818202485739497,1556.0717646792707,487.78488759051334,1556.0717646792707,487.78488759051334,4669.8471241004409,1.1905987884663551,0.34920501108837315,0.34920501108837315,0
3,0.26500000000000012,53,5.8848345577789365,0.027195993330492912,0.013328011153570036,0.12341752103419697,22.453556119778096,0.0093804985951075615,22.453558079239428,0.029585243799144397,0.34792621899572201,0,2.1104276668852795,2.3551271912228602,0.57756048458467957,3060.1201169836554,3414.9344272731473,1443.9012114616989,546.44988985297948,586.94173757226304,486.30385621637441,23,5.060737726658715e-07,1,3075.6272237512476,0.022264699009037308,0,1183.0677567075995,0,1183.0677567075995,3733.7687379283402,1.2139861128470497,0.31685619537433318,0.31685619537433318,0,4249.5106988957741,0.022328795498005632,0,1224.4244569821788,0,1224.4244569821788,5027.1312870966931,1.1829906178146539,0.24356325447973681,0.24356325447973681,0,2960.9484324601153,0.0081370632510960883,1565.6679854807492,503.47839153057976,1565.6679854807492,503.47839153057976,3605.4941129232748,1.2176821701442588,0.45614543039770961,0.45614543039770961,0,3933.5561448928638,0.0080667048773725679,1565.6679854807492,505.01736810129256,1565.6679854807492,505.01736810129256,4682.2105539698277,1.190325085368104,0.35135144642921329,0.35135144642921329,0
3,0.27000000000000013,54,5.997117767446702,0.028769144238613705,0.013952300439058141,0.12629457112745018,22.464142572460215,0.0072532171392780407,22.464143743418717,0.030004442785218393,0.35002221392609201,0,2.1220375011407184,2.4022730834359201,0.57321406659943852,3076.9543766540419,3483.2959709820843,1433.0351664985963,549.45600688447291,598.69137626727559,496.03888482443995,23,5.0903516779499114e-07,1,3062.3745265404882,0.022620923533850788,0,1199.0169921467752,0,1199.0169921467752,3718.9646796678189,1.2144055690892483,0.32240612520522038,0.32240612520522038,0,4259.7572790750392,0.022687040624604901,0,1242.5060998258473,0,1242.5060998258473,5038.282091995331,1.1827627167267474,0.24661304729242992,0.24661304729242992,0,2952.7164623677963,0.0084285363496726939,1575.099962667414,520.51743595312814,1575.099962667414,520.51743595312814,3596.2710769913983,1.2179534075911687,0.4612774148000367,0.4612774148000367,0,3944.7942320166767,0.0083540015348811426,1575.099962667414,522.35437143894433,1575.099962667414,522.35437143894433,4694.5159678551217,1.1900534455646801,0.35348818510867686,0.35348818510867686,0
3,0.27500000000000013,55,6.1094531843111213,0.030403086113328273,0.01459091951831293,0.12914921527925316,22.47478523167938,0.0050327580820482849,22.474785795169829,0.030416238624001248,0.35208119312000624,0,2.1334176061718861,2.4492963396330034,0.56859976528557976,3093.455528949235,3551.4796924678549,1421.4994132139493,552.40264046806647,610.41045181667221,505.74859068815175,23,5.1195038830442741e-07,1,3049.182134199295,0.022975232932769721,0,1214.7679352860043,0,1214.7679352860043,3704.2228943646269,1.2148250682760029,0.32794137122095873,0.32794137122095873,0,4270.0030378326392,0.023043331833068673,0,1260.4499275760227,0,1260.4499275760227,5049.4298576416741,1.1825354251280944,0.24962222728344091,0.24962222728344091,0,2944.4800732958815,0.0087223748755552739,1584.3653690400281,537.6216124364563,1584.3653690400281,537.6216124364563,3587.0410311235451,1.218225609218818,0.46642792867266669,0.46642792867266669,0,3955.9772546721847,0.0086435434756446747,1584.3653690400281,539.78509979787827,1584.3653690400281,539.78509979787827,4706.7583039615611,1.1897839651132145,0.35561472772809616,0.35561472772809616,0
3,0.28000000000000014,56,6.2218410368525481,0.032099031845729362,0.01524375305417432,0.13198013866039313,22.485482820688215,0.0027207077358185968,22.485482985288872,0.03082052971103158,0.35410264855515794,0,2.1445659817400711,2.4961758731111923,0.56372736189145967,3109.6206735231031,3619.4550160112285,1409.3184047286493,555.28927268491066,622.09370902028593,515.42861967158319,23,5.1481903673433749e-07,1,3036.0555608872592,0.023327522491153926,0,1230.3167670928779,0,1230.3167670928779,3689.5495930694378,1.2152444245754188,0.33345988068677607,0.33345988068677607,0,4280.2429789278312,0.023397560202038092,0,1278.251515116812,0,1278.251515116812,5060.5691555783651,1.1823088503368095,0.25259046479144942,0.25259046479144942,0,2936.2433604208718,0.0090184113446405822,1593.4619184982107,554.77913193338838,1593.4619184982107,554.77913193338838,3577.8085565472611,1.2184986451648985,0.47159486396060574,0.47159486396060574,0,3967.1005997640386,0.008935165777784226,1593.4619184982107,557.29895839923574,1593.4619184982107,557.29895839923574,4718.9325633557883,1.1895167376487676,0.35773054969823553,0.35773054969823553,0
3,0.28500000000000014,57,6.3342815453872561,0.033858191711093451,0.015910679256270637,0.13478607455155717,22.496234050805569,0.00031869490761364527,22.496234053062977,0.0312172162935332,0.35608608146766602,0,2.1554806916297804,2.5428908468455673,0.5586063210232044,3125.4470028631813,3687.1917279260729,1396.515802558011,558.11540219359881,633.73595490227467,525.07466919405942,23,5.1764070940762963e-07,1,3023.000250250926,0.023677684640135106,0,1245.6596896143849,0,1245.6596896143849,3674.9509165971799,1.2156634510010835,0.33895954473530854,0.33895954473530854,0,4290.4721600554758,0.023749614074637077,0,1295.9063297023372,0,1295.9063297023372,5071.694620127264,1.1820830973674672,0.25551742105281156,0.25551742105281156,0,2928.0103756527401,0.0093164799480419183,1602.3873666044972,571.97844672646113,1602.3873666044972,571.97844672646113,3568.5781900467705,1.2187723854124761,0.47677602814173015,0.47677602814173015,0,3978.1597140408589,0.0092287054045596065,1602.3873666044972,574.88555790412511,1602.3873666044972,574.88555790412511,4731.0338165808853,1.1892518542889989,0.35983510406466895,0.35983510406466895,0
3,0.29000000000000015,58,6.4467749219904515,0.035681772837507085,0.016591570117657176,0.13756580278832414,22.507037621979244,-0.002171612711309826,22.50703772674429,0.031606200495027624,0.35803100247513814,0,2.1661598629059866,2.5894207008514347,0.55324580188204164,3140.9318012136805,3754.6600162345803,1383.1145047051041,560.88054403784656,645.33206553029345,534.68249388010497,23,5.2041499332133867e-07,1,3010.021568700784,0.02402560923907885,0,1260.7929431583802,0,1260.7929431583802,3660.4329278561277,1.2160819596505685,0.34443820389759516,0.34443820389759516,0,4300.6856997613704,0.02409937934762647,0,1313.4097457814685,0,1313.4097457814685,5082.8009558178856,1.1818582688104624,0.25840275021553044,0.25840275021553044,0,2919.7851218888181,0.0096164166110134144,1611.1395111381216,589.20825659449451,1611.1395111381216,589.20825659449451,3559.354417492691,1.2190466999811731,0.48196914963714832,0.48196914963714832,0,3989.1501096490283,0.009524001255445393,1611.1395111381216,592.5347160161474,1611.1395111381216,592.5347160161474,4743.0572095686603,1.1889894035564288,0.36192782424133202,0.36192782424133202,0
3,0.29500000000000015,59,6.5593213704234454,0.037570978680248154,0.017286291643819084,0.14031814826166902,22.517892223346202,-0.0047485118649072868,22.517892724022829,0.031987386339483635,0.35993693169741819,0,2.1766016851485013,2.6357451766881339,0.54765466922890016,3156.0724434653266,3821.830506197794,1369.1366730722505,563.58422944825043,656.87699212229518,544.24791061916267,23,5.2314146525844762e-07,1,2997.1247994035798,0.024371183841308576,0,1275.7128220560594,0,1275.7128220560594,3646.0016049522947,1.2164997619311146,0.34989365345404205,0.34989365345404205,0,4310.8787836481697,0.024446739743232263,0,1330.7570587151527,0,1330.7570587151527,5093.8829440321879,1.1816344647300392,0.26124610112492286,0.26124610112492286,0,2911.5715478549623,0.0099180590424092271,1619.7161926383819,606.45751410035632,1619.7161926383819,606.45751410035632,3550.1416680167167,1.2193214591041759,0.48717188323368765,0.48717188323368765,0,4000.0673690932877,0.0098208942076086318,1619.7161926383819,610.23645834940965,1619.7161926383819,610.23645834940965,4754.9979688940512,1.188729471316851,0.36400812663941978,0.36400812663941978,0
3,0.30000000000000016,60,6.6719210860650131,0.039527008502550316,0.017994704074312629,0.14304197947257308,22.528796533789556,-0.0074102667807740275,22.528797752497628,0.032360679774997909,0.36180339887498958,0,2.1868044096690271,2.6818443392821911,0.5418415040596033,3170.8663940200895,3888.674291959177,1354.6037601490082,566.22600563956121,668.36576648526398,553.76680307179515,23,5.2581968734699558e-07,1,2984.3151369449556,0.024714293944067298,0,1290.4156890635218,0,1290.4156890635218,3631.6628350208953,1.2169166687733353,0.35532364861070515,0.35532364861070515,0,4321.046669915484,0.024791577064649545,0,1347.9434974562807,0,1347.9434974562807,5104.935448914558,1.1814117825796142,0.26404711889998306,0.26404711889998306,0,2903.3735434979853,0.010221246775480178,1628.1152949374532,623.7154290580313,1628.1152949374532,623.7154290580313,3540.9443087919508,1.2195965333919176,0.49238181549695292,0.49238181549695292,0,4010.9071496415754,0.010119227148619792,1628.1152949374532,627.98101863330078,1628.1152949374532,627.98101863330078,4766.8514064140909,1.1884721407325693,0.36607541318137804,0.36607541318137804,0
3,0.30500000000000016,61,6.7845742558469802,0.041551056863312986,0.018716662097311709,0.14573620713925564,22.539749222491757,-0.010155111966462942,22.539751510145731,0.032725988697000948,0.36362994348500477,0,2.1967663487160767,2.7276985962376692,0.53581461397605412,3185.3112056383111,3955.1629645446205,1339.5365349401352,568.80543560481351,679.79350582771053,563.23512565702129,23,5.2844921061279138e-07,1,2971.597682619883,0.025054823223650585,0,1304.8979884579946,0,1304.8979884579946,3617.4224087393559,1.2173324908337144,0.36072590950547623,0.36072590950547623,0,4331.1846942753045,0.025133771436180338,0,1364.9642362584125,0,1364.9642362584125,5115.9534225930474,1.1811903171330935,0.26680544631826875,0.26680544631826875,0,2895.1949358953852,0.010525821200758657,1636.3347456825215,640.97147223361583,1636.3347456825215,640.97147223361583,3531.7666403818339,1.2198717939832189,0.49759647015546815,0.49759647015546815,0,4021.665187209428,0.010418845001174442,1636.3347456825215,645.75883832055251,1636.3347456825215,645.75883832055251,4778.6129233314205,1.1882174922291895,0.3681290736921089,0.3681290736921089,0
3,0.31000000000000016,62,6.8972810581940625,0.043644313112257749,0.019452015057318837,0.14839978285547537,22.550748949483424,-0.012981254771614961,22.550752685788634,0.033083222970982484,0.36541611485491243,0,2.2064858746725524,2.7732887147920793,0.52958204324082492,3199.4045182752011,4021.2686364485148,1323.9551081020622,571.32209790755792,691.15541698539812,572.64890705349433,23,5.310295700944323e-07,1,2958.9774403108236,0.025392653756602272,0,1319.1562578819428,0,1319.1562578819428,3603.2860154789737,1.2177470386866043,0.36609812604803493,0.36609812604803493,0,4341.28827428162,0.025473201528921033,0,1381.8144054761633,0,1381.8144054761633,5126.9319097554062,1.180970160430959,0.2695207250259905,0.2695207250259905,0,2887.0394856502844,0.010831625591733479,1644.372516847106,658.21537833152388,1644.372516847106,658.21537833152388,3522.6128926226747,1.2201471126846164,0.50281331343839097,0.50281331343839097,0,4032.3372997572733,0.010719594740551733,1644.372516847106,663.56056566053769,1644.372516847106,663.56056566053769,4790.2780137201034,1.1879656034748021,0.37016848816164255,0.37016848816164255,0
3,0.31500000000000017,63,7.0100416629679749,0.045807960892974328,0.020200607156291989,0.15103169779829018,22.561794366187346,-0.015886877732879306,22.561799959555689,0.033432294454730824,0.36716147227365414,0,2.2159614192504611,2.8185958365672326,0.52315158250452942,3213.1440579131686,4086.9639630224874,1307.8789562613235,573.77558647334899,702.4468000975271,582.00425324536184,23,5.3356028573148251e-07,1,2946.4593129157988,0.025727666227824488,0,1333.1871389861076,0,1333.1871389861076,3589.2592390548193,1.2181601230063854,0.37143796259675677,0.37143796259675677,0,4351.3529131108535,0.025809744772874336,0,1398.4891015167423,0,1398.4891015167423,5137.8660516209466,1.180751401739971,0.27219259658891509,0.27219259658891509,0,2878.9108837413128,0.011138505123969555,1652.2266252314437,675.43714831400735,1652.2266252314437,675.43714831400735,3513.4872210068261,1.2204223620985601,0.50802975935116057,0.50802975935116057,0,4042.9193902320362,0.011021325405486889,1652.2266252314437,681.37705429538096,1652.2266252314437,681.37705429538096,4801.842267549292,1.1877165493704536,0.37219302887545302,0.37219302887545302,0
3,0.32000000000000017,64,7.1228562314158301,0.048043177654245407,0.020962277648430422,0.15363098148361762,22.572884115957205,-0.018870140717693176,22.572892003344272,0.033773117020080616,0.36886558510040307,0,2.2251914726868649,2.8636014902558382,0.5165307781972861,3226.5276353959543,4152.2221608709651,1291.3269454932151,576.16551038155558,713.66305176846913,591.29735014188464,23,5.360408570354025e-07,1,2934.0480992907533,0.026059740126414859,0,1346.9873869205369,0,1346.9873869205369,3575.3475540358108,1.218571554740387,0.37674306247516359,0.37674306247516359,0,4361.374202827692,0.026143277556320978,0,1414.9833959989301,0,1414.9833959989301,5148.7510893469744,1.1805341275253995,0.27482070339865566,0.27482070339865566,0,2870.8127487988932,0.011446306888282973,1659.8951329518138,692.62705109905539,1659.8951329518138,692.62705109905539,3504.3937035354297,1.2206974157411059,0.51324317487519722,0.51324317487519722,0,4053.4074490826624,0.011323888103088639,1659.8951329518138,699.19936143227017,1659.8951329518138,699.19936143227017,4813.3013732382487,1.1874704020508868,0.37420206241030218,0.37420206241030218,0
3,0.32500000000000018,65,7.2357249161228339,0.050351134169988883,0.021736861028854287,0.15619670056789817,22.584016834610654,-0.02192918288211947,22.584027481276216,0.034105606574163699,0.37052803287081854,0,2.2341745829448736,2.9082876023765194,0.50972694157739695,3239.5531452700666,4217.0170234459529,1274.3173539434924,578.49149365847336,724.79966774811624,600.52446579820889,23,5.3847076975088726e-07,1,2921.7484916726471,0.026388753930005664,0,1360.5538787207718,0,1360.5538787207718,3561.5563225791398,1.2189811452731218,0.38201105232992971,0.38201105232992971,0,4371.34782716888,0.026473675413247428,0,1431.2923441727203,0,1431.2923441727203,5159.5823669062847,1.1803184214347702,0.27740468944794294,0.27740468944794294,0,2862.748624781028,0.011754879898540032,1667.3761479186835,709.7756246788615,1667.3761479186835,709.7756246788615,3495.3363380114656,1.2209721481496911,0.51845088507942572,0.51845088507942572,0,4063.7975563774457,0.01162713600838873,1667.3761479186835,717.01874564137358,1667.3761479186835,717.01874564137358,4824.6511197742184,1.1872272308945955,0.37619495149499899,0.37619495149499899,0
3,0.33000000000000018,66,7.3486478609692885,0.052732994068109114,0.022524187216404215,0.15872795769413384,22.595191150956403,-0.025062124457105903,22.595205050150373,0.034429681080157752,0.37214840540078881,0,2.2429093549231265,2.9526365062222073,0.50274715743213272,3252.2185646385333,4281.3229340222006,1256.8678935803318,580.75317507263856,735.85224516198662,609.68195226309581,23,5.408494878622605e-07,1,2909.5650735516947,0.026714585278343195,0,1373.8836206346425,0,1373.8836206346425,3547.8907917553574,1.2193887065823419,0.38723954633194857,0.38723954633194857,0,4381.2695638756677,0.026800813199588533,0,1447.4109926499254,0,1447.4109926499254,5170.3553334700764,1.1801043642921583,0.27994420098753592,0.27994420098753592,0,2854.7219790232234,0.012064075094608932,1674.6678243035497,726.87367669831372,1674.6678243035497,726.87367669831372,3486.319039745536,1.2212464349815322,0.5236501781329127,0.5236501781329127,0,4074.085883549415,0.011930924359069008,1674.6678243035497,734.82666432496455,1674.6678243035497,734.82666432496455,4835.8873984228285,1.1869871025423053,0.37817105673676965,0.37817105673676965,0
3,0.33500000000000019,67,7.4616252010918931,0.055189913368504491,0.023324081730778393,0.16122389038055354,22.606405687315007,-0.028267068376727624,22.606423359890943,0.034745260577527658,0.37372630288763831,0,2.2513944496769507,2.9966309491195982,0.49559829242719916,3264.5219520315786,4345.114876223417,1238.9957310679979,582.95020793316405,746.81648432041538,618.76624707790438,23,5.431764553698315e-07,1,2897.502317963003,0.02703711113681035,0,1386.9737544335358,0,1386.9737544335358,3534.3560913323918,1.2197940513873717,0.39242615022151611,0.39242615022151611,0,4391.1352866038342,0.027124565259007617,0,1463.3343864932433,0,1463.3343864932433,5181.0655453287181,1.1798920341021484,0.28243888707653869,0.28243888707653869,0,2846.7362006386775,0.012373745340955217,1681.7683629943724,743.91228453038207,1681.7683629943724,743.91228453038207,3477.3456396484371,1.2215201531031501,0.52883831020932703,0.52883831020932703,0,4084.2686947944867,0.012235110445872492,1681.7683629943724,752.61477089977711,1681.7683629943724,752.61477089977711,4847.0062040588973,1.1867500809230649,0.38012973821505797,0.38012973821505797,0
3,0.34000000000000019,68,7.5746570628493517,0.057723040030437343,0.024136365864215859,0.16368366995014338,22.617659060033112,-0.031542101761207697,22.617681053991397,0.035052267201754556,0.37526133600877282,0,2.2596285836540462,3.0402540981104713,0.48828700310304668,3276.4614462983673,4408.3684422601837,1220.7175077576167,585.08225989183427,757.68819013444522,627.77387444971282,23,5.4545110028669797e-07,1,2885.5645861696385,0.027356207950560752,0,1399.8215627505265,0,1399.8215627505265,3520.9572319887179,1.2201969932901462,0.39756846519827649,0.39756846519827649,0,4400.9409664385284,0.027444805578901166,0,1479.0575757086062,0,1479.0575757086062,5191.7086673808317,1.1796815060626078,0.28488840003704924,0.28488840003704924,0,2838.7945992462041,0.012683745421336453,1688.6760120394777,760.88279488284195,1688.6760120394777,760.88279488284195,3468.4198826860584,1.2217931806714868,0.53401251027522212,0.53401251027522212,0,4094.3423481456298,0.012539553599167745,1688.6760120394777,770.37491173119679,1688.6760120394777,770.37491173119679,4858.0036361438661,1.186516227287175,0.38207035694552988,0.38207035694552988,0
3,0.3450000000000002,69,7.6877435637922646,0.060333513509433771,0.024960856847925941,0.16610650049927456,22.628949879990927,-0.03488529726677405,22.628976769953759,0.035350625203547752,0.37675312601773875,0,2.2676105279472805,3.0834895441591432,0.48081974351767787,3288.035265523557,4471.0598390307578,1202.0493587941946,587.1490127496354,768.46327316440374,636.70144612010426,23,5.4838974916648908e-07,1,2873.756126710779,0.027671751789899546,0,1412.4244734864012,0,1412.4244734864012,3507.6991039275999,1.2205973469093268,0.40266409165623634,0.40266409165623634,0,4410.682673039586,0.027761407937280932,0,1494.5756211830756,0,1494.5756211830756,5202.280474219433,1.1794728525854987,0.28729239582326183,0.28729239582326183,0,2830.9004040047134,0.012993932030018031,1695.3890670798244,777.77682296847843,1695.3890670798244,777.77682296847843,3459.5454266736169,1.2220653972070494,0.53916998475532074,0.53916998475532074,0,4104.3032962449215,0.012844115172100934,1695.3890670798244,788.09912285469545,1695.3890670798244,788.09912285469545,4868.875899374485,1.1862856002452549,0.38399227621785087,0.38399227621785087,0
3,0.3500000000000002,70,7.8008848126373094,0.063022464323845007,0.025797368013454898,0.16849161790366354,22.640276753102725,-0.038294714313706811,22.640309139723072,0.035640260967534726,0.37820130483767367,0,2.2753391075669143,3.1263213049842657,0.47320277253705673,3299.2417059720256,4533.1658922271854,1183.0069313426418,589.15016226831199,779.13775032564001,645.54566194989718,23,5.5132652532208226e-07,1,2862.0810747902046,0.027983618487513687,0,1424.780063323376,0,1424.780063323376,3494.586475866091,1.2209949280078483,0.40771063276385555,0.40771063276385555,0,4420.3565754414849,0.028074246041153345,0,1509.8836001081061,0,1509.8836001081061,5212.776850842155,1.1792661433249934,0.28965053431438859,0.28965053431438859,0,2823.0567629342586,0.0133041637599003,1701.9058717695316,794.58625126876188,1701.9058717695316,794.58625126876188,3450.7258413875343,1.222336683659482,0.54430792206905876,0.54430792206905876,0,4114.1480868340532,0.013148658520736989,1701.9058717695316,805.77962651688063,1701.9058717695316,805.77962651688063,4879.6193040259204,1.1860582558127892,0.38589486281145458,0.38589486281145458,0
3,0.3550000000000002,71,7.9140809092456736,0.065791013631168252,0.026645708949172016,0.17083828885990809,22.651638280810243,-0.041768400203255097,22.651676790116966,0.035921103030424638,0.37960551515212321,0,2.2828132007342741,3.1687338266073808,0.46544216077550116,3310.0791410646975,4594.664048580702,1163.6054019387529,591.08541798747899,789.70774527445747,654.30331023890585,23,5.5403275522891704e-07,1,2850.5434519818036,0.028291683768123216,0,1436.8860603851485,0,1436.8860603851485,3481.6239943739492,1.2213895536142048,0.41270569788898853,0.41270569788898853,0,4429.9589425307186,0.028383193656983635,0,1524.976610925668,0,1524.976610925668,5223.1937930110234,1.1790614452122101,0.2919624795400444,0.2919624795400444,0,2815.2667425048335,0.013614301087917412,1708.2248181845544,811.30322791897106,1708.2248181845544,811.30322791897106,3441.9646079745548,1.222606922465943,0.54942349703360782,0.54942349703360782,0,4123.8733629826456,0.013453048981560484,1708.2248181845544,823.40882756570431,1708.2248181845544,823.40882756570431,4890.2302660110081,1.1858342474595498,0.38777748809404039,0.38777748809404039,0
3,0.36000000000000021,72,8.0273319446057378,0.068640272814193881,0.027505685652048712,0.17314580996085749,22.663033060568804,-0.045304391133456516,22.663078343250074,0.036193082098640791,0.38096541049320398,0,2.2900317381986848,3.2107119837052709,0.45754379718973626,3320.546020388093,4655.5323763726428,1143.8594929743406,592.95450304775659,800.16948849592779,662.97126779869711,23,5.5651157992997469e-07,1,2839.1471662301942,0.028595823371094623,0,1448.7403460808973,0,1448.7403460808973,3468.8161835392052,1.2217810421377637,0.41764690586826059,0.41764690586826059,0,4439.4861432220496,0.028688124733801154,0,1539.8497778325004,0,1539.8497778325004,5233.5274072857592,1.1788588224959335,0.29422789984606307,0.29422789984606307,0,2807.5333274751811,0.013924206358040085,1714.3443472194178,827.92016474084062,1714.3443472194178,827.92016474084062,3433.2651186388398,1.2228759976026287,0.55451387512948025,0.55451387512948025,0,4133.4758630725755,0.013757153846677429,1714.3443472194178,840.97930971669609,1714.3443472194178,840.97930971669609,4900.7053066761064,1.1856136261633372,0.3896395290079348,0.3896395290079348,0
3,0.36500000000000021,73,8.1406380008199779,0.071571343077016375,0.028377100674895468,0.175413506803097,22.674459686326088,-0.048900713123274563,22.674512416953334,0.03645613106541782,0.3822806553270891,0,2.2969937025791718,3.2522410788480882,0.44951339533138834,3330.6408687397989,4715.7495643297279,1123.7834883284709,594.75715402031676,810.51931711402017,671.54649979527551,23,5.5876675331134606e-07,1,2827.8960121258215,0.028895913166528162,0,1460.3409561698652,0,1460.3409561698652,3456.1674449383922,1.2221692134783551,0.42253188812033859,0.42253188812033859,0,4448.9346463538623,0.028988913519472234,0,1554.4982548756548,0,1554.4982548756548,5243.773910753187,1.1786583367887271,0.29644646800807151,0.29644646800807151,0,2799.8594209648832,0.014233743762188172,1720.2629489719009,844.42973494705745,1720.2629489719009,844.42973494705745,3424.6306765889267,1.2231437946297803,0.55957621662558465,0.55957621662558465,0,4142.9524205554344,0.014060842337032094,1720.2629489719009,858.48383171960336,1720.2629489719009,858.48383171960336,4911.0410523527271,1.1853964404675246,0.39148036894974325,0.39148036894974325,0
3,0.37000000000000022,74,8.2539991510960515,0.074585315050919643,0.029259753269212953,0.17764073312485296,22.685916748993446,-0.052555382853877952,22.685977625187949,0.03671018502735926,0.38355092513679634,0,2.3036981277322575,3.2933068407004638,0.44135649926381004,3340.3622852117733,4775.2949190156723,1103.391248159525,596.49312074318857,820.7536744432914,680.02605937764065,23,5.6080261767732509e-07,1,2816.7936714351149,0.029191829265302418,0,1471.6860810822932,0,1471.6860810822932,3443.6820578908309,1.2225538891303762,0.42735829160246697,0.42735829160246697,0,4458.3010203216982,0.02928543467063761,0,1568.9172296704676,0,1568.9172296704676,5253.929630474031,1.1784600471178868,0.29861786129954571,0.29861786129954571,0,2792.2478447439535,0.014542779319334011,1725.9791631155836,860.82487054027536,1725.9791631155836,860.82487054027536,3416.0644962274114,1.2234102007304661,0.56460768056131727,0.56460768056131727,0,4152.2999634992348,0.014363985573927086,1725.9791631155836,875.91532344748612,1725.9791631155836,875.91532344748612,4921.2342336829961,1.1851827365419341,0.39329939854891921,0.39329939854891921,0
3,0.37500000000000022,75,8.3674154597420625,0.077683268410121714,0.030153439523805246,0.17982686997265684,22.697402836909692,-0.056266408435320631,22.697472578454068,0.03695518130045148,0.3847759065022574,0,2.3101440981469081,3.3338954212584349,0.43307848915008862,3349.7089423130169,4834.1483608247308,1082.6962228752216,598.16216616459246,830.86910930027727,688.40708710724925,23,5.626240935363569e-07,1,2805.8437138674271,0.029483448123531875,0,1482.7740655316713,0,1482.7740655316713,3431.3641799774909,1.2229348922816088,0.4321237816096215,0.4321237816096215,0,4467.5819324679815,0.029577563356783389,0,1583.1019267701963,0,1583.1019267701963,5263.9910026671578,1.1782640099807244,0.3007417615205023,0.3007417615205023,0,2784.7013397250466,0.014851180853054334,1731.4915792601582,877.09875942779593,1731.4915792601582,877.09875942779593,3407.5697035672292,1.2236751047434347,0.56960542858387686,0.56960542858387686,0,4161.5155139395456,0.01466645654911093,1731.4915792601582,893.2668819281439,1731.4915792601582,893.2668819281439,4931.2816847358818,1.1849725582466057,0.39509601635098662,0.39509601635098662,0
3,0.38000000000000023,76,8.4808869821659396,0.080866271497340589,0.031057952499294876,0.18197132489514345,22.708916536297355,-0.060031790106340945,22.70899588419406,0.037191059435530069,0.38595529717765037,0,2.3163307483675015,3.3739933921908203,0.42468458652001412,3358.6795851328775,4892.2904186766891,1061.7114663000352,599.76406619352872,840.86227509170271,696.68681020256122,23,5.6423665339977447e-07,1,2795.0495980615333,0.029770646641866936,0,1493.6034074525396,0,1493.6034074525396,3419.217847806141,1.2233120479069461,0.43682604441564737,0.43682604441564737,0,4476.7741482449392,0.02986517535888731,0,1597.0476107147297,0,1597.0476107147297,5273.9545716501889,1.1780702794037028,0.30281785499244884,0.30281785499244884,0,2777.2225666442027,0.015158817967766577,1736.7988372994266,893.24484227163509,1736.7988372994266,893.24484227163509,3399.1493368592305,1.2239383971902977,0.57456662863956032,0.57456662863956032,0,4170.5961870493256,0.014968130093674819,1736.7988372994266,910.53176733573548,1736.7988372994266,910.53176733573548,4941.1803419301323,1.1847659471980649,0.39686962941119969,0.39686962941119969,0
3,0.38500000000000023,77,8.5944137648789205,0.084135380959121001,0.031973082358671391,0.18407353116239897,22.720456431711295,-0.063849520874482091,22.720546147190369,0.037417761233194707,0.38708880616597352,0,2.3222572624454365,3.4135877403498416,0.41617985922459882,3367.2730305458831,4949.70222350727,1040.4496480614971,601.29860955778474,850.72992869564928,704.86254161204545,23,5.6564629558053525e-07,1,2784.4146727754587,0.030053302260039379,0,1504.1727562973822,0,1504.1727562973822,3407.2469780054862,1.2236851828571922,0.44146278975581799,0.44146278975581799,0,4485.8745301667577,0.030148147163055455,0,1610.7495887840528,0,1610.7495887840528,5283.8169885543248,1.1778789070049858,0.30484583252471065,0.30484583252471065,0,2769.8141069168469,0.015465562023865178,1741.8996277468809,909.25680909238201,1741.8996277468809,909.25680909238201,3390.8063474166647,1.2241999702973065,0.57948845851826059,0.57948845851826059,0,4179.5391901409375,0.015268882845979164,1741.8996277468809,927.70339895857637,1741.8996277468809,927.70339895857637,4950.9272427789165,1.1845629428377167,0.39861965380439374,0.39861965380439374,0
3,0.39000000000000024,78,8.7079958455030919,0.087491641390841812,0.032898616493997321,0.18613294700931995,22.732021106479745,-0.067717587103243021,22.732121969957923,0.037635230758169033,0.38817615379084519,0,2.3279228734198534,3.4526658625122004,0.40756922608751422,3375.4881664587874,5006.3655006426907,1018.9230652187856,602.76559766947753,860.46892915093929,712.93167892828092,23,5.6685952865009881e-07,1,2773.9421782643221,0.030331293047032141,0,1514.4809107255689,0,1514.4809107255689,3395.4553684319976,1.224054125943087,0.4460317531503728,0.4460317531503728,0,4494.8800365662009,0.030426356049539405,0,1624.2032134805154,0,1624.2032134805154,5293.5750098302506,1.1776899420599891,0.30682538935678533,0.30682538935678533,0,2762.4784636564582,0.015771286111954094,1746.7926920588034,925.12859564403129,1746.7926920588034,925.12859564403129,3382.5436006228724,1.2244597180119503,0.58436810925084448,0.58436810925084448,0,4188.3418215130196,0.015568593218810775,1746.7926920588034,944.77535115736305,1746.7926920588034,944.77535115736305,4960.5195244702591,1.1843635825020351,0.4003455150567175,0.4003455150567175,0
3,0.39500000000000024,79,8.8216332527829469,0.090936084991304789,0.033834339649387854,0.18814905490149253,22.743609143137704,-0.071633969052498109,22.743721953131136,0.037843414353101824,0.38921707176550913,0,2.3333268628276982,3.4912155594084271,0.39885746126348259,3383.3239511001625,5062.2625611422191,997.14365315870646,604.16484449819473,870.07623616914441,720.89170315510228,23,5.6788333369084398e-07,1,2763.6352478317585,0.030604497787227767,0,1524.5268157167106,0,1524.5268157167106,3383.84669957404,1.2244187080146975,0.45053069806874485,0.45053069806874485,0,4503.7877201700476,0.030699680177499279,0,1637.4038847624061,0,1637.4038847624061,5303.2254955610651,1.1775034315695576,0.30875622508093514,0.30875622508093514,0,2755.2180628439951,0.016075865026354295,1751.4768229447911,940.8543795758485,1751.4768229447911,940.8543795758485,3374.3638771092565,1.2247175360146143,0.58920278835944739,0.58920278835944739,0,4197.0014691542001,0.015867141365953234,1751.4768229447911,961.74134932646677,1751.4768229447911,961.74134932646677,4969.9544222965524,1.1841679014942355,0.40204664850480754,0.40204664850480754,0
3,0.40000000000000024,80,8.9353260066009206,0.094469731226788367,0.034780034040373178,0.19012136082215303,22.755219123852736,-0.075596641377974977,22.755344695845434,0.038042260651806152,0.39021130325903075,0,2.3384685602432063,3.5292250290952212,0.39004919831428103,3390.7794123526492,5117.3762921880707,975.12299578570264,605.49617645175431,879.54890848285686,728.7401773390759,23,5.687251372066271e-07,1,2753.4969095412662,0.030872796062866636,0,1534.309559140273,0,1534.309559140273,3372.4245361387389,1.2247787620363033,0.45495741793439282,0.45495741793439282,0,4512.5947265069799,0.030967998665854184,0,1650.3470520498458,0,1650.3470520498458,5312.765407597285,1.1773194203304149,0.31063804354881547,0.31063804354881547,0,2748.0352546368013,0.01637917523804798,1755.9508646656384,956.42857639627528,1755.9508646656384,956.42857639627528,3366.2698740912524,1.2249733217255108,0.59398972296107122,0.59398972296107122,0,4205.5156093149526,0.016164409148335838,1755.9508646656384,978.59526586946481,1755.9508646656384,978.59526586946481,4979.2292679456541,1.1839759331571553,0.40372249958781603,0.40372249958781603,0
3,0.40500000000000025,81,9.0490741179968559,0.098093586504433838,0.035735479469745451,0.19204939357884587,22.766849630843161,-0.079603573595151106,22.766988796113388,0.038231720591933215,0.39115860295966609,0,2.343347342846696,3.5666828597225999,0.38114893401356431,3397.8536471277093,5171.6901465977699,952.87233503391076,606.75943226455149,888.88410204313413,736.4747450760143,23,5.6996291109001618e-07,1,2743.5300880745904,0.031136068333123844,0,1543.8283678128123,0,1543.8283678128123,3361.1923288077974,1.225134123156886,0.45930973797039532,0.45930973797039532,0,4521.2982921608582,0.031231191670539019,0,1663.0282160226502,0,1663.0282160226502,5322.1918075282156,1.1771379510075606,0.31247055276555508,0.31247055276555508,0,2740.9323148062617,0.016681094867206075,1760.2137133184974,971.84583525292817,1760.2137133184974,971.84583525292817,3358.2642068506143,1.2252269743070936,0.59872616272516443,0.59872616272516443,0,4213.8818049582906,0.01646028009991056,1760.2137133184974,995.33111619871158,1760.2137133184974,995.33111619871158,4988.3414876653596,1.1837877089470796,0.40537252407751334,0.40537252407751334,0
3,0.41000000000000025,82,9.1628775891913623,0.10180864385481667,0.036700453439985542,0.19393270412845204,22.778499246788677,-0.083652730512522172,22.778652851195449,0.03841174742707773,0.39205873713538869,0,2.3479626350224052,3.6035780217449416,0.37216103189220645,3404.5458207824877,5225.1881315301653,930.40257973051609,607.95446289342703,898.07906807835309,744.09312890266278,23,5.7143399745385182e-07,1,2733.7376067249338,0.031394196010091864,0,1553.0826030737383,0,1553.0826030737383,3350.1534161492177,1.225484628776337,0.46358551688624011,0.46358551688624011,0,4529.8957428816402,0.03148914045846455,0,1675.4429302284759,0,1675.4429302284759,5331.5018545032144,1.176959064208317,0.31425346477434407,0.31425346477434407,0,2733.9114462940506,0.016981503655431125,1764.2643171092491,987.10103454185639,1764.2643171092491,987.10103454185639,3350.3494103529333,1.2254783946621586,0.60340938268612498,0.60340938268612498,0,4222.0977040993766,0.016754639393391668,1764.2643171092491,1011.9430547674976,1764.2643171092491,1011.9430547674976,4997.2886003123722,1.1836032585082852,0.40699618825147632,0.40699618825147632,0
3,0.41500000000000026,83,9.2767364136130102,0.1056158826235421,0.037674731262358152,0.1957708649193205,22.790166555233437,-0.087742072638805513,22.790335457965327,0.038582296738311934,0.3929114836915597,0,2.3523139079849353,3.6398998596225254,0.36308972553626895,3410.8551665781561,5277.8547964526615,907.72431384067238,609.0811314209426,907.13115102608697,751.59312858317878,23,5.7284198451412749e-07,1,2724.1221895134422,0.031647061531935257,0,1562.0717559100776,0,1562.0717559100776,3339.3110266725316,1.2258301186074803,0.46778264840655159,0.46778264840655159,0,4538.3844915656164,0.031741727478456466,0,1687.586802518337,0,1687.586802518337,5340.6928029156552,1.176782798557745,0.31598649553425529,0.31598649553425529,0,2726.9747808772922,0.017280282937834235,1768.1016766120188,1002.1892773584008,1768.1016766120188,1002.1892773584008,3342.5279409898162,1.2257274854278246,0.60803668591190663,0.60803668591190663,0,4230.1610380436496,0.017047373805978983,1768.1016766120188,1028.4253711422145,1768.1016766120188,1028.4253711422145,5006.0682152962763,1.1834226097480831,0.40859296901414693,0.40859296901414693,0
3,0.42000000000000026,84,9.3906505759293299,0.10951626817169183,0.03865808616275785,0.19756346924929716,22.801850140981625,-0.091869556568272698,22.802035213270059,0.038743326445145256,0.39371663222572628,0,2.3564006794337358,3.6756380830578124,0.35393912165009345,3416.780985178917,5329.6752204338281,884.84780412523355,610.13931296591659,916.03778634903063,758.97261929954186,23,5.7418605781123233e-07,1,2714.6864634180115,0.031894548433463628,0,1570.7954416603056,0,1570.7954416603056,3328.6682810157813,1.2261704347340048,0.47189906264284148,0.47189906264284148,0,4546.7620361160725,0.031988836429428666,0,1699.4554963254034,0,1699.4554963254034,5349.7619999618128,1.1766091907751737,0.31766936479371127,0.31766936479371127,0,2720.1243809334164,0.017577315615052578,1771.7248450157683,1017.105886801254,1771.7248450157683,1017.105886801254,3334.8021784356483,1.2259741509655908,0.61260540603011349,0.61260540603011349,0,4238.0696195324999,0.017338371685172906,1771.7248450157683,1044.7724861208792,1771.7248450157683,1044.7724861208792,5014.6780304284357,1.1832457889121706,0.41016235397030065,0.41016235397030065,0
3,0.42500000000000027,85,9.5046200520815436,0.11351075158493683,0.0396502893843826,0.19931013063850861,22.813548590485546,-0.096033135348052551,22.81375071428479,0.038894796815907073,0.39447398407953538,0,2.3602225132349162,3.7107827578085497,0.34471320289730512,3422.3226441906281,5380.6349988223974,861.78300724326277,611.1288946010344,924.796498245463,766.22954975458367,23,5.7546540421782311e-07,1,2705.4329607040199,0.032136541414349712,0,1579.2533943269191,0,1579.2533943269191,3318.2281942530476,1.2265054216643991,0.47593272730973774,0.47593272730973774,0,4555.0259571949464,0.032230352326026931,0,1711.0447318018983,0,1711.0447318018983,5358.7068830862281,1.1764382757516052,0.31930179596172653,0.31930179596172653,0,2713.3622412959335,0.017872486125302404,1775.1329283579091,1031.8464011406236,1775.1329283579091,1031.8464011406236,3327.1744276093023,1.2262182973476496,0.61711290961316234,0.61711290961316234,0,4245.8213408051006,0.017627522914777798,1775.1329283579091,1060.9789479034384,1775.1329283579091,1060.9789479034384,5023.1158296852027,1.1830728206601153,0.41170384145521627,0.41170384145521627,0
3,0.43000000000000027,86,9.6186448093229995,0.11760026939112148,0.040651110287305829,0.20101048221582282,22.825260492226331,-0.10023075883091205,22.82548055886237,0.039036670477549905,0.39518335238774954,0,2.3637790191295274,3.7453242961177522,0.33541583053279778,3427.4795777378149,5430.7202293707405,838.53957633199445,612.04977527731569,933.40489726422595,773.3619401959063,23,5.7667920483339685e-07,1,2696.3641213471169,0.032372926405200952,0,1587.4454605270498,0,1587.4454605270498,3307.9936783118796,1.2268349263819716,0.4798816487875357,0.4798816487875357,0,4563.173915875569,0.032466161561959604,0,1722.350286827857,0,1722.350286827857,5367.5249773245805,1.1762700866277798,0.32088351597878451,0.32088351597878451,0,2706.6902911927514,0.01816568041655213,1778.3250857448729,1046.4065688607652,1778.3250857448729,1046.4065688607652,3319.646920731605,1.2264598323396443,0.62155659842425759,0.62155659842425759,0,4253.4141715845635,0.01791471888117932,1778.3250857448729,1077.0394283183959,1778.3250857448729,1077.0394283183959,5031.3794808943476,1.182903728140813,0.41321694052557795,0.41321694052557795,0
3,0.43500000000000028,87,9.7327248062612544,0.12178574328611434,0.04166031644501287,0.20266417611797485,22.836984437087239,-0.10446037401670473,22.837223345877767,0.039168912424870639,0.39584456212435321,0,2.3670698524673788,3.7792534467987111,0.32605074683894109,3432.2512860776992,5479.9174978581314,815.12686709735272,612.90186575518896,941.86067783373528,780.3678803685724,23,5.7782664919514559e-07,1,2687.4822955386708,0.032603590631674818,0,1595.371593110026,0,1595.371593110026,3297.9675444904519,1.2271587983910486,0.48374387303332811,0.48374387303332811,0,4571.2036512061413,0.032696151971214671,0,1733.3679979045471,0,1733.3679979045471,5376.2138925545869,1.1761046548726917,0.32241425518896383,0.32241425518896383,0,2700.1103962590219,0.018456785918890359,1781.3005295595894,1060.7823435865646,1781.3005295595894,1060.7823435865646,3312.2218194697489,1.2266986653800533,0.62593391152608313,0.62593391152608313,0,4260.8461569961664,0.018199852439971499,1781.3005295595894,1092.948719109535,1781.3005295595894,1092.948719109535,5039.4669333530919,1.1827385330677702,0.41470117091488928,0.41470117091488928,0
3,0.44000000000000028,88,9.8468599929037417,0.12606807986771276,0.042677673737962711,0.20427088290041204,22.848719018719638,-0.10871992538537546,22.848977675567376,0.039291490029147551,0.3964574501457378,0,2.3700947139652868,3.8125612850114785,0.31662157737946084,3436.6373352496662,5528.2138632666438,791.55394344865215,613.68508854189679,950.16161571409407,787.2455274040824,23,5.7890692684026135e-07,1,2678.789746264958,0.032828422676811499,0,1603.031844470444,0,1603.031844470444,3288.1525060647618,1.2274768897594295,0.48751748634339998,0.48751748634339998,0,4579.1129776931457,0.032920212887344841,0,1744.0937609444361,0,1744.0937609444361,5384.771320664936,1.1759420103623788,0.32389374721470393,0.32389374721470393,0,2693.6243606168664,0.01874569151715488,1784.0585256558202,1074.9698789033146,1784.0585256558202,1074.9698789033146,3304.9012171601844,1.2269347075563757,0.63024232725426055,0.63024232725426055,0,4268.1154154250307,0.018482817883000109,1784.0585256558202,1108.7017282857969,1784.0585256558202,1108.7017282857969,5047.3762153857724,1.182577255794087,0.41615606295691548,0.41615606295691548,0
3,0.44500000000000028,89,9.9610503107069892,0.1304481703773806,0.043702946444231436,0.205830290958981,22.860462833901735,-0.11300735522412557,22.86074214986332,0.039404373046190967,0.39702186523095484,0,2.3728533494886066,3.8452392017655495,0.30713183308450376,3440.6373567584797,5575.5968425600468,767.82958271125938,614.39937783492599,958.30556538097551,793.99310365282179,23,5.7991923751998797e-07,1,2670.2886519515619,0.033047312541740634,0,1610.4263595849152,0,1610.4263595849152,3278.5511809765658,1.2277890551571866,0.4912006159700168,0.4912006159700168,0,4586.8997827135126,0.033138235200985897,0,1754.5235319686967,0,1754.5235319686967,5393.195032651809,1.1757821814588043,0.3253217288353849,0.3253217288353849,0,2687.233929014641,0.019032287523880677,1786.5983935392967,1088.9655230783221,1786.5983935392967,1088.9655230783221,3297.6871411018969,1.2271678715783028,0.63447936505775326,0.63447936505775326,0,4275.2201363202848,0.018763510905880701,1786.5983935392967,1124.2934765367488,1786.5983935392967,1124.2934765367488,5055.1054318487077,1.1824199153870183,0.41758115748041802,0.41758115748041802,0
3,0.45000000000000029,90,10.075295692629318,0.13492689044959175,0.044735897327289498,0.20734210596164626,22.872214482890055,-0.11732060395107247,22.872515372722713,0.039507533623805519,0.39753766811902758,0,2.3753455498547642,3.8772788931820292,0.29758491218050404,3444.2510472894078,5622.0543951139425,743.96228045126009,615.04467947113676,966.29045734956094,800.60889446683973,23,5.8086278764690746e-07,1,2661.9811091648708,0.033260151704903554,0,1617.5553688002985,0,1617.5553688002985,3269.166094593199,1.2280951518918994,0.49479143059618091,0.49479143059618091,0,4594.5620238639931,0.033350111415757971,0,1764.6533277224883,0,1764.6533277224883,5401.4828756521529,1.1756251950886811,0.32669793987071211,0.32669793987071211,0,2680.9407890187285,0.019316465652617618,1788.9195065356241,1102.7658136925388,1788.9195065356241,1102.7658136925388,3290.5815549122813,1.2273980717480493,0.63864258720852118,0.63864258720852118,0,4282.1585779524085,0.019041828576041961,1788.9195065356241,1139.7190937155151,1788.9195065356241,1139.7190937155151,5062.6527615894702,1.1822665297020059,0.41897600567820104,0.41897600567820104,0
3,0.45500000000000029,91,10.18959606318699,0.13950509986854606,0.045776287720961088,0.20880605028949847,22.88397256976377,-0.1216576104374841,22.884295950452092,0.039600946308662309,0.39800473154331156,0,2.3775711506574431,3.9086723495470506,0.28798410197848007,3447.4781684532927,5667.5749068432233,719.96025494620017,615.62095088123897,974.1142954464558,807.09124593952595,23,5.8173679606809969e-07,1,2653.8691353629251,0.033466833179917145,0,1624.4191804008285,0,1624.4191804008285,3259.9996825307458,1.228395039940404,0.49828814067239047,0.49828814067239047,0,4602.0977262558372,0.033555735702683887,0,1774.479226217431,0,1774.479226217431,5409.6327699224203,1.1754710768220855,0.32802212306971051,0.32802212306971051,0,2674.7465732510937,0.0195981189916619,1791.021291944902,1116.3674721899674,1791.021291944902,1116.3674721899674,3283.5863609380913,1.227625223928025,0.64272960038285465,0.64272960038285465,0,4288.9290651301453,0.01931766930133829,1791.021291944902,1154.973815390533,1791.021291944902,1154.973815390533,5070.0164548674265,1.1821171154560888,0.42034016895324111,0.42034016895324111,0
3,0.4600000000000003,92,10.30395133851373,0.14418364233201925,0.046823877611610387,0.21022186248637884,22.895735702761915,-0.1260163123304284,22.896082492026885,0.039684588052579121,0.3984229402628956,0,2.3795300321100097,3.939411844186933,0.27833258053438092,3450.3185465595143,5712.1471740710531,695.83145133595235,616.12816104924889,981.77515403717848,813.43856260847917,23,5.8254049672967767e-07,1,2645.9546716881978,0.033667251572191491,0,1631.0181729811789,0,1631.0181729811789,3251.0542935324161,1.2286885819771609,0.50168899861989213,0.50168899861989213,0,4609.5049797625543,0.033755003953244926,0,1783.9973672100291,0,1783.9973672100291,5417.6427057711744,1.1753198509507303,0.32929402400597879,0.32929402400597879,0,2668.6528616661453,0.019877141978239404,1792.9032311830301,1129.7673983522152,1792.9032311830301,1129.7673983522152,3276.7034027142695,1.2278492455060244,0.64673805711691801,0.64673805711691801,0,4295.5299868831034,0.019590932799269267,1792.9032311830301,1170.0529794670706,1792.9032311830301,1170.0529794670706,5077.1948307420853,1.1819716883006022,0.42167321874444336,0.42167321874444336,0
3,0.4650000000000003,93,10.418361426423584,0.14896334522210342,0.047878425717596151,0.21158929671651341,22.90750249461351,-0.1303946463774526,22.907873609406181,0.039758438218207195,0.39879219109103597,0,2.3812221189066793,3.9694899221942435,0.26863341819504555,3452.7720724146852,5755.7603871816527,671.58354548761383,616.56629047654155,989.27117521649279,819.64930512758883,23,5.8327313956496596e-07,1,2638.239585795237,0.033861303134399424,0,1637.3527876520709,0,1637.3527876520709,3242.3321923942649,1.2289756433993231,0.50499229890537078,0.50499229890537078,0,4616.7819362282225,0.033947813831180153,0,1793.2039526240985,0,1793.2039526240985,5425.5107404535493,1.1751715405657723,0.33051339097970239,0.33051339097970239,0,2662.6611838606818,0.020153430373173766,1794.5648599096619,1142.9626647051969,1794.5648599096619,1142.9626647051969,3269.9344674636814,1.2280700553581112,0.65066565713914837,0.65066565713914837,0,4301.959794115859,0.019861520066838032,1794.5648599096619,1184.9520228790363,1794.5648599096619,1184.9520228790363,5084.1862744354567,1.1818302628930917,0.4229747363343403,0.4229747363343403,0
3,0.47000000000000031,94,10.532826226477056,0.15384501938259174,0.04893968956603343,0.2129081222296195,22.919271562860693,-0.13479054875469587,22.919667917842713,0.039822478584123203,0.39911239292061607,0,2.3826473800998818,3.9988993890328062,0.25888957904326371,3454.8387011448285,5798.4041140975687,647.22394760815928,616.93533115009632,996.60056596856771,825.72198791411813,23,5.8393399271494673e-07,1,2630.7256747063848,0.034048885820883751,0,1643.4235201046583,0,1643.4235201046583,3233.8355629307371,1.2292560923486122,0.50819637799247541,0.50819637799247541,0,4623.9268066435197,0.034134064823122902,0,1802.0952469246563,0,1802.0952469246563,5433.2349950352509,1.1750261676350373,0.33167997492679113,0.33167997492679113,0,2656.7730214109301,0.020426881236067288,1796.0057681427722,1155.9505108646492,1796.0057681427722,1155.9505108646492,3263.2812886310526,1.2282875738093819,0.65451014858224932,0.65451014858224932,0,4308.2169972391666,0.020129333351075911,1796.0057681427722,1199.6664783512981,1796.0057681427722,1199.6664783512981,5090.9892346743691,1.1816928529683686,0.42424431264083795,0.42424431264083795,0
3,0.47500000000000031,95,10.647345630050472,0.15882945890275685,0.050007425566898425,0.21417812283301291,22.931041530174852,-0.13920195539964031,22.931464036188157,0.039876693349325122,0.39938346674662561,0,2.3838058289922448,4.0276332990485084,0.24910392225529895,3456.5184520387547,5840.0682836203378,622.75980563824737,617.2352865145275,1003.7615953036661,831.65517677634,23,5.8452234563688421e-07,1,2623.4146676890705,0.034229899341075024,0,1649.2309125594491,0,1649.2309125594491,3225.5665109727543,1.2295297997301018,0.51129961417601655,0.51129961417601655,0,4630.9378582964027,0.034313658288155448,0,1810.6675774501407,0,1810.6675774501407,5440.8136512335186,1.1748837530795646,0.3327935293353842,0.3327935293353842,0,2650.9898102309239,0.02069739290101872,1797.2256003598152,1168.7283378268123,1797.2256003598152,1168.7283378268123,3256.7455484446118,1.2285017225927857,0.6582693290776267,0.6582693290776267,0,4314.3001637836041,0.020394276120255888,1797.2256003598152,1214.1919712324168,1797.2256003598152,1214.1919712324168,5097.6022210184028,1.181559471408649,0.42548154799490678,0.42548154799490678,0
3,0.48000000000000032,96,10.761919520408513,0.16391744090727081,0.051081389084510591,0.21539909637031154,22.942811024665851,-0.1436268023495206,22.943260587193837,0.039921069137130866,0.39960534568565437,0,2.3846975230415617,4.0556849439117473,0.23927920338407613,3457.8114084102644,5880.7431686720338,598.19800846019029,617.46617144747734,1010.7525913777899,837.44748652705255,23,5.8503751132477078e-07,1,2616.3082291484716,0.034404245211981675,0,1654.7755456251157,0,1654.7755456251157,3217.5270673913788,1.2297966392280109,0.51430042730510139,0.51430042730510139,0,4637.8134119040515,0.034486497506351327,0,1818.917334709266,0,1818.917334709266,5448.2449482420516,1.1747443168493659,0.33385381016985366,0.33385381016985366,0,2645.3129429466858,0.020964864952898225,1798.2240555854446,1181.2937022103247,1798.2240555854446,1181.2937022103247,3250.3288804992048,1.228712424806184,0.66194104673519405,0.66194104673519405,0,4320.2079160007906,0.020656253035814087,1798.2240555854446,1228.5242163974794,1798.2240555854446,1228.5242163974794,5104.0238011788542,1.181430130312719,0.42668605190592668,0.42668605190592668,0
3,0.48500000000000032,97,10.87654777277988,0.16910972535201221,0.05216133450642399,0.21657085420639635,22.954578680184369,-0.14806302608624053,22.955056197806805,0.039955594998478804,0.39977797499239404,0,2.3853225637770841,4.0830478410163273,0.22941807558107172,3458.7177174767717,5920.419369473675,573.54518895267927,617.62801223794133,1017.5719386014769,843.09757858810508,23,5.8547882808568374e-07,1,2609.4079615295532,0.034571826809803086,0,1660.058030092061,0,1660.058030092061,3209.7191911403052,1.2300564873186286,0.51719727840188356,0.51719727840188356,0,4644.5518387325064,0.034652487726363902,0,1826.8409726483596,0,1826.8409726483596,5455.5271795467834,1.1746078779983198,0.33486057580234146,0.33486057580234146,0,2639.7437712808655,0.02122919820419697,1799.0008874657731,1193.6443104551197,1799.0008874657731,1193.6443104551197,3244.0328723548005,1.2289196048678315,0.66552320101157747,0.66552320101157747,0,4325.9389284570752,0.020915169924994804,1799.0008874657731,1242.659015220491,1799.0008874657731,1242.659015220491,5110.2525983338946,1.1813048410640783,0.42785744281621213,0.42785744281621213,0
3,0.49000000000000032,98,10.991230254436012,0.17440705482550467,0.053247015309758526,0.21769322071835503,22.966343136617379,-0.15250856388848469,22.966849499461429,0.039980262414629264,0.39990131207314633,0,2.3856810967254787,4.109715721858672,0.21952309076971724,3459.2375902519443,5959.0877966950738,548.80772692429309,617.72084656709569,1024.2180747436878,848.60415859085731,23,5.8584566087205303e-07,1,2602.7154082227648,0.03473254942070586,0,1665.0789986851501,0,1665.0789986851501,3202.1447723106744,1.2303092232804751,0.5199886691830069,0.5199886691830069,0,4651.15155771014,0.034811536212109112,0,1834.4350088944898,0,1834.4350088944898,5462.6586897389534,1.1744744547581105,0.33581358695176922,0.33581358695176922,0,2634.2836084426904,0.021490294672466007,1799.5559043291585,1205.77801298384,1799.5559043291585,1205.77801298384,3237.8590681445562,1.229123188470463,0.66901374346982811,0.66901374346982811,0,4331.4919256244048,0.021170933754231982,1799.5559043291585,1256.5922526156319,1799.5559043291585,1256.5922526156319,5116.2872884448652,1.1811836143980179,0.42899534784607457,0.42899534784607457,0
3,0.49500000000000033,99,11.105966824772837,0.17981015435573053,0.054338184125000397,0.21876603279219808,22.97810304017684,-0.15696135419156629,22.978639128366453,0.039995065299266427,0.39997532649633216,0,2.3857733113447503,4.1356825204203025,0.20959670078289996,3459.3713014498881,5996.7396546094387,523.9917519572499,617.74472349118696,1030.6894880365094,853.965973977315,23,5.8613740794299929e-07,1,2596.2320564678976,0.034886320290794179,0,1669.8390977995105,0,1669.8390977995105,3194.8056351919645,1.2305547292018302,0.52267314149118049,0.52267314149118049,0,4657.6110325409163,0.034963552288581071,0,1841.6960249793156,0,1841.6960249793156,5469.6378713318145,1.1743440646111456,0.33671260663018571,0.33671260663018571,0,2628.9337315182784,0.021748057558357133,1799.8889692334947,1217.6927983310504,1799.8889692334947,1217.6927983310504,3231.8089711867947,1.2293231025341746,0.67241067843382918,0.67241067843382918,0,4336.8656794729086,0.021423452603277729,1799.8889692334947,1270.3198941465587,1799.8889692334947,1270.3198941465587,5122.1265975784654,1.1810664604675964,0.43009940253061968,0.43009940253061968,0
3,0.50000000000000033,100,11.220757335395483,0.18531973122206327,0.055434592797300224,0.21978913932519806,22.989857043681607,-0.16141933695541608,22.990423725787654,0.040000000000000001,0.40000000000000002,0,2.3855994409644419,4.1609423615756773,0.19964125847687333,3459.1191893984405,6033.3664242847317,499.10314619218332,617.69970342604893,1036.9847142861743,859.18181160649635,23,5.8635349464708497e-07,1,2589.9593402508017,0.035033048675295553,0,1674.3389792428022,0,1674.3389792428022,3187.7035413328636,1.2307928899857472,0.52524927664468968,0.52524927664468968,0,4663.9287688231507,0.035108447386829583,0,1848.6206665481268,0,1848.6206665481268,5476.4631615869839,1.1742167243623791,0.33755740009623814,0.33755740009623814,0,2623.6953838565282,0.022002391224276666,1800,1229.386787245304,1800,1229.386787245304,3225.8840465953986,1.229519275158278,0.67571206354067326,0.67571206354067326,0,4342.0590070695207,0.021672635640086306,1800,1283.8379832028102,1800,1283.8379832028102,5127.7692992393313,1.180953388908478,0.43116925054933336,0.43116925054933336,0
3,0.50500000000000034,101,11.335601630205897,0.19093647477206238,0.056535992445296765,0.22076240073376471,23.001603806832595,-0.16588045404099319,23.002201938326003,0.039995065299266427,0.39997532649633216,0,2.3851597627304431,4.1854895495466486,0.18965901883362762,3458.4816559591422,6068.9598468426411,474.14754708406906,617.58585813281024,1043.1023339957032,864.25049537043299,23,5.8649338319227695e-07,1,2583.898643187892,0.035172645886975606,0,1678.5792920068534,0,1678.5792920068534,3180.8401925963017,1.231023593352691,0.52771569471295698,0.52771569471295698,0,4670.1033111792985,0.035246135088120689,0,1855.2056435582006,0,1855.2056435582006,5483.1330393562394,1.1740924502099792,0.33834773481549801,0.33834773481549801,0,2618.5697774459722,0.02225320117366188,1799.8889692334947,1240.858226768891,1799.8889692334947,1240.858226768891,3220.0857238833451,1.2297116355723248,0.67891601019434522,0.67891601019434522,0,4347.070768186838,0.021918393096460893,1799.8889692334947,1297.1426382423306,1799.8889692334947,1297.1426382423306,5133.2142117173789,1.1808444089026049,0.43220454344937054,0.43220454344937054,0
3,0.51000000000000034,102,11.45049954549334,0.19666105624287544,0.057642133517493761,0.22168568846682754,23.013341996481245,-0.17034264959528575,23.013972418191486,0.039980262414629257,0.39990131207314633,0,2.3844545975527218,4.2093185564240123,0.17965214006342103,3457.4591664514464,6103.5119068148178,449.13035015855257,617.40327070436069,1049.0409695042633,869.17088382401562,23,5.8655657042550047e-07,1,2578.051301393557,0.035305025343786857,0,1682.5606740909875,0,1682.5606740909875,3174.2172342029685,1.2312467298409291,0.53007105372656416,0.53007105372656416,0,4676.1332404020832,0.035376531167292898,0,1861.447730470207,0,1861.447730470207,5489.6460219443525,1.1739712578147834,0.33908338042730657,0.33908338042730657,0,2613.5580952781647,0.02250039403088883,1799.5559043291585,1252.1054842999097,1799.5559043291585,1252.1054842999097,3214.415399554252,1.2299001140864776,0.68202068392412052,0.68202068392412052,0,4351.899862926196,0.022160636244469022,1799.5559043291585,1310.23005009907,1799.5559043291585,1310.23005009907,5138.4601954540494,1.1807395292406784,0.43320494036334023,0.43320494036334023,0
3,0.51500000000000035,103,11.565450910027696,0.2024941285869937,0.058752765846217497,0.22255888452475525,23.025070286891292,-0.17480387044496615,23.025733823472528,0.039955594998478797,0.39977797499239398,0,2.383484310054337,4.2324240107758628,0.16962268471891406,3456.0522495787886,6137.0148156250016,424.05671179728517,617.15203555214873,1054.7992821481619,873.94186783276928,23,5.8654259049717439e-07,1,2572.4186063257639,0.035430102615750081,0,1686.2837443988658,0,1686.2837443988658,3167.836257757845,1.2314621928048204,0.53231404883041411,0.53231404883041411,0,4682.0171706220881,0.035499553635315061,0,1867.3437664361011,0,1867.3437664361011,5496.0006619983069,1.1738531623684898,0.33976410871776497,0.33976410871776497,0,2608.6614936933051,0.022743877521820038,1799.0008874657728,1263.1270416411028,1799.0008874657728,1263.1270416411028,3208.8744396769816,1.2300846420414262,0.68502430465115438,0.68502430465115438,0,4356.5452293588442,0.022399277373631961,1799.0008874657728,1323.096479354595,1799.0008874657728,1323.096479354595,5143.5061504314699,1.1806387583834275,0.43417010772226011,0.43417010772226011,0
3,0.52000000000000035,104,11.68045554515553,0.20843632630210873,0.059867638699182997,0.22338188098389805,23.03678735999388,-0.17926206649867488,23.037484818401058,0.039921069137130859,0.39960534568565431,0,2.3822493085201208,4.2548006863617562,0.15957262083192317,3454.2614973541749,6169.4609952245464,398.93155207980794,616.83225839289344,1060.3759694482078,878.56236824247355,23,5.8645101530530042e-07,1,2567.0018076053457,0.035547795471059358,0,1689.7490947300637,0,1689.7490947300637,3161.6988042544704,1.2316698784111468,0.53444341138893114,0.53444341138893114,0,4687.7537465017613,0.035615122781044437,0,1872.8906554865916,0,1872.8906554865916,5502.1955444280775,1.1737381786605352,0.34038969359844301,0.34038969359844301,0,2603.8811047039731,0.022983560455000104,1798.2240555854444,1273.9214890397247,1798.2240555854444,1273.9214890397247,3203.4641824385076,1.2302651517580327,0.6879251468667853,0.6879251468667853,0,4361.0058411889204,0.022634229768893063,1798.2240555854444,1335.7382537726701,1798.2240555854444,1335.7382537726701,5148.3510135883489,1.1805421045216435,0.43509971896425698,0.43509971896425698,0
3,0.52500000000000036,105,11.795513264898881,0.21448826526482068,0.060986500828697249,0.22415457952689255,23.048491905636016,-0.18371519115782464,23.049224073613217,0.039876693349325115,0.39938346674662561,0,2.380750044843428,4.2764434909709683,0.14950382308352136,3452.0875650229705,6200.8430619079036,373.75955770880341,616.44405623479565,1065.7697623279996,883.03133357440686,23,5.8628145893635519e-07,1,2561.8021158046031,0.035658023921396782,0,1692.9572818870793,0,1692.9572818870793,3155.8063670517904,1.2318696856336322,0.53645790805241,0.53645790805241,0,4693.3416404606023,0.035723161212178084,0,1878.085366721024,0,1878.085366721024,5508.2292833639431,1.1736263211436209,0.34095991109034851,0.34095991109034851,0,2599.218038292991,0.02321935270350764,1797.2256003598152,1284.487519222532,1797.2256003598152,1284.487519222532,3198.1859406703948,1.2304415764868921,0.69072153972614081,0.69072153972614081,0,4365.2807054418045,0.022865407689369753,1797.2256003598152,1348.151765795772,1797.2256003598152,1348.151765795772,5152.9937562662944,1.1804495756349687,0.43599345423948593,0.43599345423948593,0
3,0.53000000000000036,106,11.910623876056713,0.22065054256795069,0.062109100518528762,0.22487689097892222,23.060182621822406,-0.18816120173574488,23.060950266405733,0.039822478584123196,0.39911239292061601,0,2.3789870144694363,4.2973474554024733,0.13941807401779469,3449.5311709806829,6231.1538103335861,348.54518504448674,615.98755736285682,1070.979422367536,887.34773774985717,23,5.8603357588893346e-07,1,2556.8207052010357,0.035760710266436208,0,1695.9088199178486,0,1695.9088199178486,3150.1603948186621,1.2320615162458073,0.53835633979376252,0.53835633979376252,0,4698.7795499361082,0.03582359389538417,0,1882.9249345022054,0,1882.9249345022054,5514.1005191550739,1.1735176039978408,0.34147453931266492,0.34147453931266492,0,2594.6733846815714,0.023451165187472287,1796.005768142772,1294.8239214298433,1796.005768142772,1294.8239214298433,3193.0410043444249,1.2306138503580046,0.69341186706066693,0.69341186706066693,0,4369.3688601812855,0.023092726347894429,1796.005768142772,1360.3334701025537,1796.005768142772,1360.3334701025537,5157.4333816900853,1.1803611795494195,0.43685100011166533,0.43685100011166533,0
3,0.53500000000000036,107,12.025787178308979,0.2269237363612138,0.0632351856284738,0.22554873485017635,23.07185821495068,-0.19259805988492434,23.072662080987936,0.039758438218207182,0.39879219109103592,0,2.3769607563334869,4.317507722603672,0.12931706530918477,3446.5930966835558,6260.386197775324,323.29266327296193,615.4629013229129,1076.0037390963817,891.51057784740453,23,5.8570706507055093e-07,1,2552.0587164921621,0.03585577913751168,0,1698.6041725133095,0,1698.6041725133095,3144.7622944411914,1.2322452748123711,0.54013754092505839,0.54013754092505839,0,4704.066194684925,0.035916348195595756,0,1887.4064586584975,0,1887.4064586584975,5519.8079154140269,1.1734120411933828,0.34193335847574108,0.34193335847574108,0,2590.2482165640522,0.023678909857266461,1794.5648599096617,1304.9295754524599,1794.5648599096617,1304.9295754524599,3188.0306430329974,1.230781908330739,0.69599456731325626,0.69599456731325626,0,4373.269372258861,0.023316101891349753,1794.5648599096617,1372.2798812253398,1794.5648599096617,1372.2798812253398,5161.6689224852853,1.1802769239936399,0.43767204925653924,0.43767204925653924,0
3,0.54000000000000037,108,12.141002964323269,0.2333084056950116,0.064364503636651027,0.22617003888479983,23.083517400039995,-0.19702373203205673,23.084358208729416,0.039684588052579108,0.39842294026289554,0,2.3746718527930373,4.3369195369842055,0.1192023990929466,3443.2741865499038,6288.5333286270979,298.0059977323665,614.87023890401497,1080.8415273304747,895.51887189636568,23,5.853016693535551e-07,1,2547.5172594675187,0.03594315754042051,0,1701.0437455789199,0,1701.0437455789199,3139.6134338882466,1.2324208686792126,0.5418003781033216,0.5418003781033216,0,4709.2003141284677,0.036001353914443937,0,1891.52710469522,0,1891.52710469522,5525.3501561115372,1.1733096465517658,0.34233615087779007,0.34233615087779007,0,2585.9435913056423,0.023902499677382286,1792.9032311830299,1314.8034456751072,1792.9032311830299,1314.8034456751072,3183.1561083301367,1.2309456861442836,0.69846813339967195,0.69846813339967195,0,4376.9813350983732,0.023535451381804861,1792.9032311830299,1383.9875712267988,1792.9032311830299,1383.9875712267988,5165.6994382365028,1.1801968166538692,0.43845630015751708,0.43845630015751708,0
3,0.54500000000000037,109,12.256271019863965,0.2398050903671082,0.065496801679557778,0.22674073861667202,23.095158900953038,-0.20143618982054962,23.096037348403293,0.039600946308662295,0.39800473154331151,0,2.3721209295518544,4.3555782339206983,0.10907558936782256,3439.5753478501888,6315.5884391850132,272.68897341955642,614.20973211880062,1085.4916245565159,899.37165670965635,23,5.8481717601921446e-07,1,2543.1974156340843,0.03602277489732806,0,1703.227879998487,0,1703.227879998487,3134.7151450306474,1.2325882079622523,0.54334374933510421,0.54334374933510421,0,4714.1806647471167,0.036078543327803997,0,1895.2841040172166,0,1895.2841040172166,5530.7259427258768,1.1732104338055873,0.34268270090473979,0.34268270090473979,0,2581.7605530997439,0.024121848611005678,1791.0212919449018,1324.4445751299386,1791.0212919449018,1324.4445751299386,3178.4186362290138,1.2311051202687651,0.70083111250000252,0.70083111250000252,0,4380.5038665190568,0.023750692778459963,1791.0212919449018,1395.453167435041,1791.0212919449018,1395.453167435041,5169.5240130894044,1.1801208652276201,0.43920345679867767,0.43920345679867767,0
3,0.55000000000000038,110,12.371591123903887,0.24641431077195733,0.066631826589923157,0.22726077693239752,23.106781450611461,-0.20583341056012128,23.107698206425166,0.039507533623805505,0.39753766811902752,0,2.3693086555751388,4.3734792294676437,0.098938063479622002,3435.4975505839511,6341.5448827280834,247.34515869905499,613.48155418151646,1089.9528883677256,903.06798575922016,23,5.8425342031043215e-07,1,2539.1002407915166,0.036094563087737383,0,1705.1568446080514,0,1705.1568446080514,3130.0687264096659,1.2327472055352671,0.54476658298935998,0.54476658298935998,0,4719.0060175269682,0.036147851222424192,0,1898.6747541642228,0,1898.6747541642228,5535.9339914508519,1.173114416656752,0.34297279503266259,0.34297279503266259,0,2577.7001350815381,0.02433687160530067,1788.9195065356239,1333.8520795635197,1788.9195065356239,1333.8520795635197,3173.8194494520826,1.2312601478572247,0.70308210578389729,0.70308210578389729,0,4383.8361065999788,0.023961744920407976,1788.9195065356239,1406.6733502364762,1788.9195065356239,1406.6733502364762,5173.1417533995418,1.1800490774760586,0.4399132283552713,0.4399132283552713,0
3,0.55500000000000038,111,12.486963048738358,0.2531365677524528,0.067769324932394931,0.22773010364193463,23.118383791204671,-0.21021337768308257,23.119339497087534,0.039404373046190953,0.39702186523095478,0,2.3662357429943452,4.3906180102891401,0.088791163693947281,3431.0418273418009,6366.3961149192528,221.97790923486821,612.68588948337299,1094.22419395465,906.60692709706325,23,5.8361028409947835e-07,1,2535.2267675536641,0.036158456488483919,0,1706.8308293969797,0,1706.8308293969797,3125.6754459505705,1.2328977770168672,0.54606783682811433,0.54606783682811433,0,4723.6751554629636,0.036209214931603638,0,1901.6964190604808,0,1901.6964190604808,5540.9730304663935,1.1730216088331602,0.34320622183219895,0.34320622183219895,0,2573.7633613946232,0.02454748457741909,1786.5983935392965,1343.025141520633,1786.5983935392965,1343.025141520633,3169.3597597300081,1.2314107066986353,0.70521976807335773,0.70521976807335773,0,4386.9772155887495,0.024168527510223543,1786.5983935392965,1417.6448509258933,1786.5983935392965,1417.6448509258933,5176.5517854309055,1.1799814612750825,0.44058532888181196,0.44058532888181196,0
3,0.56000000000000039,112,12.602386560101655,0.25997234245387973,0.068909043037099646,0.22814867505732656,23.129964674392063,-0.21457408120688073,23.13095994278989,0.039291490029147544,0.39645745014573774,0,2.3629029470005425,4.4069901238256994,0.078636148865859193,3426.2092731507864,6390.1356795472648,196.59037216464799,611.82293356493312,1098.3044316545459,909.98756132482492,23,5.8288769766434712e-07,1,2531.5780078129883,0.036214392012713384,0,1708.2499389528382,0,1708.2499389528382,3121.536543617121,1.2330398407567909,0.54724649706435324,0.54724649706435324,0,4728.1868711220795,0.036262574369883553,0,1904.3465292798669,0,1904.3465292798669,5545.8417972755169,1.172932024143833,0.34338277197438405,0.34338277197438405,0,2569.9512492076415,0.024753604401252304,1784.0585256558199,1351.9630044481389,1784.0585256558199,1351.9630044481389,3165.0407700257333,1.231556735172143,0.70724280744685697,0.70724280744685697,0,4389.9263718572911,0.024370961098391243,1784.0585256558199,1428.3644496133368,1784.0585256558199,1428.3644496133368,5179.7532531070556,1.1799180246650935,0.44121947699780512,0.44121947699780512,0
3,0.56500000000000039,113,12.717861417285796,0.26692209617984936,0.070050727031117713,0.22851645358003847,23.141522861498636,-0.21891351820246993,23.142558274264232,0.039168912424870625,0.39584456212435315,0,2.3593110657252399,4.4225911687098138,0.068474196213818464,3421.001045301598,6412.7571946292301,171.18549053454615,610.8928930852536,1102.1925045627595,913.20897961471439,23,5.8208563968875637e-07,1,2528.1549551446142,0.03626230914779837,0,1709.4141861660212,0,1709.4141861660212,3117.6532340030126,1.2331733178216833,0.54830157745643926,0.54830157745643926,0,4732.5399642701332,0.036307872066713119,0,1906.6225823276161,0,1906.6225823276161,5550.539036111285,1.1728456765324551,0.3435022382372791,0.3435022382372791,0,2566.2648106779125,0.024955148894943761,1781.3005295595892,1360.664966822073,1781.3005295595892,1360.664966822073,3160.8636767001235,1.231698172202712,0.70914998478857938,0.70914998478857938,0,4392.682769907341,0.024568967068586686,1781.3005295595892,1438.8289731874813,1781.3005295595892,1438.8289731874813,5182.7453158175185,1.1798587758994585,0.44181539557113403,0.44181539557113403,0
3,0.5700000000000004,114,12.833387373261619,0.27398627025000566,0.071194122867917792,0.22883340729743976,23.153057123703984,-0.22322969326806724,23.154133230796102,0.039036670477549884,0.39518335238774943,0,2.3554609401076902,4.4374167854435393,0.058306403204781233,3415.4183631561509,6434.2543388931317,145.76600801195309,609.89598578752691,1105.8873262094098,916.27028178455112,23,5.8120413815032634e-07,1,2524.9585871468271,0.036302149992148466,0,1710.3234862095412,0,1710.3234862095412,3114.0267088563864,1.2332981319805325,0.54923211844822306,0.54923211844822306,0,4736.7332395656467,0.03634505319905032,0,1908.5221429395897,0,1908.5221429395897,5555.0634954173138,1.1727625801293187,0.34356441551280875,0.34356441551280875,0,2562.7050548592124,0.025152036809183296,1778.3250857448725,1369.1303763010942,1778.3250857448725,1369.1303763010942,3156.8296716157597,1.2318349572183549,0.71094011328655593,0.71094011328655593,0,4395.2456184283146,0.024762467623826268,1778.3250857448725,1449.0352933353518,1778.3250857448725,1449.0352933353518,5185.527146282122,1.1798037234916583,0.44237281139909257,0.44237281139909257,0
3,0.5750000000000004,115,12.948964174802107,0.28116528585929806,0.072338976354797621,0.22909950958900274,23.164566242224687,-0.22752061900785464,23.165683560441064,0.038894796815907053,0.39447398407953527,0,2.3513534537477687,4.4514626473509367,0.048133789556842249,3409.4625079342645,6454.6208386588587,120.33447389210562,608.83244046098582,1109.3878183045645,919.17057442955843,23,5.8024327209693638e-07,1,2521.9898677149431,0.036333859290866598,0,1710.9776508087832,0,1710.9776508087832,3110.6581395336243,1.2334142096899248,0.55003718636381793,0.55003718636381793,0,4740.765504324072,0.036374065622855875,0,1910.0428433998554,0,1910.0428433998554,5559.413925405187,1.1726827493016523,0.3435691008132023,0.3435691008132023,0,2559.2729895509347,0.02534418781630628,1775.1329283579087,1377.3586239093661,1775.1329283579087,1377.3586239093661,3152.9399441755581,1.2319670301091217,0.71261205788347759,0.71261205788347759,0,4397.6141384100511,0.024951385773503261,1775.1329283579087,1458.9803246183671,1775.1329283579087,1458.9803246183671,5188.0979284758432,1.1797528762611242,0.44289145488703019,0.44289145488703019,0
3,0.5800000000000004,116,13.064591562607903,0.28845954393862105,0.073485033178381426,0.22931473874282104,23.176049008490065,-0.23178431651519454,23.177208020236513,0.038743326445145235,0.39371663222572617,0,2.3469895327436223,4.4647244518177427,0.037957299365339987,3403.1348224782523,6473.8504551357264,94.893248413349966,607.70249689886725,1112.6929085550053,921.90896911346795,23,5.7920316942627892e-07,1,2519.2497492455614,0.036357384470204444,0,1711.3763828154824,0,1711.3763828154824,3107.5486793787773,1.2335214800792949,0.55071587266578226,0.55071587266578226,0,4744.6355663555723,0.036394859903437951,0,1911.18238387721,0,1911.18238387721,5563.5890756920317,1.1726061987023189,0.34351609327644061,0.34351609327644061,0,2555.9696230859654,0.025531522500223145,1771.7248450157679,1385.3491382519255,1771.7248450157679,1385.3491382519255,3149.1956832930036,1.2320943311880221,0.71416473468394903,0.71416473468394903,0,4399.7875613129017,0.025135645321330346,1771.7248450157679,1468.6610226048406,1771.7248450157679,1468.6610226048406,5190.4568556166214,1.1797062433777559,0.44337105972456675,0.44337105972456675,0
3,0.58500000000000041,117,13.180269271434991,0.29586942501662744,0.074632038928226951,0.22947907758307853,23.187504224311269,-0.23601881585993945,23.188705376408855,0.038582296738311914,0.39291148369155959,0,2.3423701455133834,4.4771979118303031,0.027777803357851735,3396.436710994406,6491.9369721539397,69.444508394629338,606.50640585224915,1115.8015285555728,924.48458062141799,23,5.780840077740379e-07,1,2516.7391747683032,0.036372675670768816,0,1711.5192710995836,0,1711.5192710995836,3104.6994660250334,1.2336198749363287,0.55126729328518642,0.55126729328518642,0,4748.3422318794483,0.0364073893446046,0,1911.9385327811578,0,1911.9385327811578,5567.5876930214245,1.1725329433168741,0.34340519417011373,0.34340519417011373,0,2552.7959660547067,0.025713962347207121,1768.1016766120181,1393.1013797655905,1768.1016766120181,1393.1013797655905,3145.5980792908995,1.2322168011540524,0.71559711032192896,0.71559711032192896,0,4401.7651272975427,0.025315170854210881,1768.1016766120181,1478.074382059214,1768.1016766120181,1478.074382059214,5192.6031282185613,1.1796638344051202,0.44381136255931353,0.44381136255931353,0
3,0.59000000000000041,118,13.295997030224473,0.30339528908252972,0.075779739118598685,0.22959251310912585,23.198930702043725,-0.24022215657943582,23.200174404575897,0.03841174742707771,0.39205873713538858,0,2.3374963026003361,4.4888787478254404,0.017596101282996233,3389.3696387704877,6508.8741843468888,43.990253207490582,605.24442897960057,1118.7126117579976,926.89652527705186,23,5.7688601673433482e-07,1,2514.4590800022024,0.036379685779431299,0,1711.4057857721143,0,1711.4057857721143,3102.1116236147568,1.2337093286926903,0.55169058803173787,0.55169058803173787,0,4751.8843035181981,0.036411610016580304,0,1912.3091271376898,0,1912.3091271376898,5571.4085190706492,1.1724629985089687,0.34323620689309581,0.34323620689309581,0,2549.7530329627484,0.025891429737570533,1764.2643171092486,1400.61483500847,1764.2643171092486,1400.61483500847,3142.1483257256127,1.2323343810574925,0.71690820129208999,0.71690820129208999,0,4403.5460835168524,0.025489887732063544,1764.2643171092486,1487.2174351884585,1764.2643171092486,1487.2174351884585,5194.5359522129238,1.1796256593423349,0.44421210266803229,0.44421210266803229,0
3,0.59500000000000042,119,13.411774562234417,0.31103747544971,0.076927879208466804,0.22965503614684463,23.210327264742897,-0.24439238817284542,23.211613889944498,0.038231720591933187,0.39115860295966598,0,2.3323690564610251,4.4997626798625197,0.0074129244374710199,3381.9351318684862,6524.6558858006529,18.532311093677549,603.91683879191862,1121.4250915200348,929.14391932615058,23,5.756094774156395e-07,1,2512.4103953340064,0.036378370459893596,0,1711.0352737516064,0,1711.0352737516064,3099.7862649347067,1.2337897784102319,0.55198492009178812,0.55198492009178812,0,4755.2605783740755,0.036407480782643491,0,1912.2920729851162,0,1912.2920729851162,5575.0502883472263,1.1723963800640878,0.34300893697445595,0.34300893697445595,0,2546.8418438198087,0.026063847938262549,1760.213713318497,1407.8890109911749,1760.213713318497,1407.8890109911749,3138.8476211339225,1.2324470122676368,0.71809707324879646,0.71809707324879646,0,4405.1296824721103,0.0256597220786276,1760.213713318497,1496.0872499462214,1760.213713318497,1496.0872499462214,5196.2545371391261,1.1795917286646247,0.44457302162516105,0.44457302162516105,0
3,0.60000000000000042,120,13.527601585173709,0.31879630261996783,0.078076204619795142,0.22966664101300099,23.221692746313344,-0.24852757059843569,23.22302262750328,0.038042260651806131,0.39021130325903064,0,2.3269895012359063,4.5098454201287286,-0.0027710616647913864,3374.1347767920643,6539.2758591866568,-6.9276541619784666,602.52391859334352,1123.9378992376426,931.22587738907066,23,5.7425471755578883e-07,1,2510.5940477156864,0.03636868818186189,0,1710.4069546860837,0,1710.4069546860837,3097.7244934631026,1.2338611637678454,0.55214947562167915,0.55214947562167915,0,4758.4698461909711,0.036394963324441983,0,1911.8853457900623,0,1911.8853457900623,5578.5117261775895,1.1723331042316134,0.34272319206902357,0.34272319206902357,0,2544.0634256576009,0.026231141096423626,1755.9508646656379,1414.9234295528786,1755.9508646656379,1414.9234295528786,3135.6971706996492,1.2325546364431226,0.71916284027637833,0.71916284027637833,0,4406.515180435742,0.025824600773278222,1755.9508646656379,1504.6809283954649,1755.9508646656379,1504.6809283954649,5197.7580944080655,1.1795620533625577,0.44489386296863415,0.44489386296863415,0
3,0.60500000000000043,121,13.643477811337892,0.32667206814824096,0.079224460754184919,0.22962732519330697,23.233025991651051,-0.2526257747735246,23.234399422210448,0.037843414353101797,0.38921707176550902,0,2.321358772502244,4.5191226657882657,-0.012955254477965946,3365.9702201282539,6552.7278653929852,-32.388136194914864,601.06596241717534,1126.24996256286,933.14151098418768,23,5.7282211862741406e-07,1,2509.0109624785528,0.036350600248784372,0,1709.519917242061,0,1709.519917242061,3095.9274053253416,1.2339234270491179,0.55218346344345648,0.55218346344345648,0,4761.5108876042723,0.036374022165944174,0,1911.0869908836376,0,1911.0869908836376,5581.7915467906005,1.1722731877652071,0.34237878194904425,0.34237878194904425,0,2541.4188139743997,0.026393234233934602,1751.4768229447905,1421.7176217854496,1751.4768229447905,1421.7176217854496,3132.6981878373322,1.2326571955050021,0.7201046641343456,0.7201046641343456,0,4407.7018359427748,0.025984451443884112,1751.4768229447905,1512.995605130485,1751.4768229447905,1512.995605130485,5199.0458356399231,1.1795366449799538,0.44517437186292574,0.44517437186292574,0
3,0.61000000000000043,122,13.759402947746899,0.33466504850764395,0.080372393007944576,0.22953708903492523,23.244325856779025,-0.25668508307680038,23.245743089176568,0.037635230758168998,0.38817615379084502,0,2.3154780470090528,4.527590092185803,-0.023139111461343738,3357.4431681631263,6565.0056336694142,-57.847778653359342,599.54327495724385,1128.3602037099884,934.88992712450136,23,5.7131211095295953e-07,1,2507.6620650613904,0.036324070824107831,0,1708.3731157714731,0,1708.3731157714731,3094.3960911551735,1.2339765131309346,0.55208611484954329,0.55208611484954329,0,4764.3824724813667,0.036344624695984803,0,1909.8951239176636,0,1909.8951239176636,5584.8884514986121,1.1722166479614959,0.34197551849136304,0.34197551849136304,0,2538.9090541041205,0.026550053243000641,1746.7926920588027,1428.2711225089845,1746.7926920588027,1428.2711225089845,3129.8518956903281,1.2327546316127214,0.72092175348115173,0.72092175348115173,0,4408.6889083531232,0.026139202460741813,1746.7926920588027,1521.0284457593539,1746.7926920588027,1521.0284457593539,5200.1169710786098,1.1795155156504626,0.44541429475925415,0.44541429475925415,0
3,0.61500000000000044,123,13.875376696284691,0.34277549895467613,0.081519746785659722,0.2293959354541642,23.255591208976131,-0.26070358985277808,23.257052453842256,0.03741776123319468,0.38708880616597341,0,2.3093485423940141,4.535243346414406,-0.033322146965727419,3348.5553864713202,6576.102852300889,-83.305367414318539,597.95617149461054,1130.2675378525948,936.47022698949172,23,5.6972517370468267e-07,1,2506.5482826501002,0.036289066956010155,0,1706.96536736689,0,1706.96536736689,3093.1316378582469,1.2340203694731822,0.55185668352247397,0.55185668352247397,0,4767.0833583552903,0.036306741189365235,0,1908.3079313407461,0,1908.3079313407461,5587.8011269786057,1.1721635026970609,0.34151321565959025,0.34151321565959025,0,2536.5352025078137,0.026701524882812758,1741.8996277468802,1434.5834648021755,1741.8996277468802,1434.5834648021755,3127.1595285407593,1.2328468871431428,0.72161336308008606,0.72161336308008606,0,4409.4756564867967,0.026288782931623782,1741.8996277468802,1528.7766454479831,1741.8996277468802,1528.7766454479831,5200.9707080849766,1.179498678132809,0.4456133790528905,0.4456133790528905,0
3,0.62000000000000044,124,13.991398753840704,0.35100365339445971,0.082666267512341227,0.22920386966012177,23.266820926899129,-0.26467940191819694,23.268326352150705,0.037191059435530034,0.3859552971776502,0,2.302971516882391,4.5420780412577857,-0.043503928967481988,3339.3086994794671,6586.0131598237895,-108.75982241870497,596.30497781960798,1131.9708716138066,937.88150467426999,23,5.6806183623692164e-07,1,2505.6705457263897,0.036245558600568127,0,1705.2953493148527,0,1705.2953493148527,3092.135130275034,1.2340549461096966,0.5514944455752725,0.5514944455752725,0,4769.6122889540029,0.036260344826469872,0,1906.3236708938725,0,1906.3236708938725,5590.5282436559455,1.1721137704637148,0.34099168948071096,0.34099168948071096,0,2534.2983279855343,0.02684757677733203,1736.7988372994259,1440.6541745911038,1736.7988372994259,1440.6541745911038,3124.6223331288379,1.2329339046727545,0.72217879299083076,0.72217879299083076,0,4410.0613373340739,0.026433122697979549,1736.7988372994259,1536.2374275271522,1736.7988372994259,1536.2374275271522,5201.6062497108896,1.1794861458446999,0.44577137273752698,0.44577137273752698,0
3,0.62500000000000044,125,14.107468812453074,0.35934972424587708,0.08381170064423292,0.2289608988950419,23.278013900697907,-0.26861063907020877,23.279563630714957,0.036955181300451452,0.38477590650225729,0,2.296348268968071,4.548089749516544,-0.053684075649076839,3329.7049900037032,6594.7301367989885,-134.2101891226921,594.59003014925418,1133.4691016523077,939.1228460180223,23,5.6632267586564922e-07,1,2505.029789523066,0.036193518643321688,0,1703.3615969566054,0,1703.3615969566054,3091.4076527401262,1.234080195640588,0.55099869971752169,0.55099869971752169,0,4771.967992827681,0.036205411711362288,0,1903.9406721251191,0,1903.9406721251191,5593.0684541931541,1.1720674704020639,0.3404107580156156,0.3404107580156156,0,2532.1995128066046,0.026988137414243631,1731.4915792601578,1446.4827653002051,1731.4915792601578,1446.4827653002051,3122.2415698791679,1.2330156269632089,0.72261738775018236,0.72261738775018236,0,4410.4452048426492,0.026572152332331702,1731.4915792601578,1543.4080421639776,1731.4915792601578,1543.4080421639776,5202.022793356181,1.1794779328953873,0.44588802405667527,0.44588802405667527,0
3,0.63000000000000045,126,14.223586559453606,0.36781390230648475,0.084955791678364437,0.2286670321921537,23.289169032123873,-0.27249543459625514,23.29076314697982,0.036710185027359225,0.38355092513679612,0,2.2894801370769917,4.553273998727879,-0.063862251825583638,3319.746198761638,6602.2472981554247,-159.65562956395911,592.81167504010295,1134.7611133463913,940.19332751369575,23,5.6586461649743569e-07,1,2504.6269553835573,0.036132922919198042,0,1701.1625019649505,0,1701.1625019649505,3090.9502905350364,1.2340960732260784,0.55036876755157493,0.55036876755157493,0,4774.1491820763404,0.036141920888326018,0,1901.1573369229352,0,1901.1573369229352,5595.4203920860664,1.1720246223333441,0.33977024132303879,0.33977024132303879,0,2530.2398537563558,0.027123136145130216,1725.9791631155824,1452.0687325693639,1725.9791631155824,1452.0687325693639,3120.0185140316794,1.2330919969503078,0.72292853554540393,0.72292853554540393,0,4410.6265087837473,0.026705803136910629,1725.9791631155824,1550.2857650994654,1725.9791631155824,1550.2857650994654,5202.2195295105475,1.17947405411688,0.44596308115207828,0.44596308115207828,0
3,0.63500000000000045,127,14.339751677614405,0.37639635661709187,0.086098286160938661,0.22832228015176315,23.300285234631495,-0.27633193578558118,23.301923769378387,0.036456131065417792,0.38228065532708899,0,2.2823684992133062,4.5576262662879934,-0.074038165217118063,3309.4343238592937,6608.5580861175904,-185.09541304279514,590.97026929662729,1135.8457795783709,941.09201530083647,23,5.6766631750804208e-07,1,2504.4629920233156,0.036063750230762102,0,1698.6963110454178,0,1698.6963110454178,3090.76413123165,1.2341025365819724,0.54960399400277049,0.54960399400277049,0,4776.1545511800578,0.036069854356818205,0,1897.9721400674234,0,1897.9721400674234,5597.5826703696812,1.1719852467895266,0.33906996141641188,0.33906996141641188,0,2528.4204630974773,0.027252503186915994,1720.2629489719004,1457.4115490412951,1720.2629489719004,1457.4115490412951,3117.9544566749632,1.2331629577365739,0.72311166738362642,0.72311166738362642,0,4410.6044936991502,0.026834007143574035,1720.2629489719004,1556.867896453884,1720.2629489719004,1556.867896453884,5202.195640582383,1.1794745250937995,0.44599629170913602,0.44599629170913602,0
3,0.64000000000000046,128,14.455963845296143,0.38509723432589821,0.08723892969464675,0.22792665473636656,23.311361433472968,-0.28011830444238422,23.31304437748306,0.036193082098640757,0.38096541049320382,0,2.2750147725887429,4.5611419749862492,-0.084211562567906184,3298.7714202536772,6613.6558637300614,-210.52890641976546,589.0661798752493,1136.7219596216114,941.81796424345248,23,5.6960799632577164e-07,1,2504.5388566907645,0.035985982364761991,0,1695.9611250693563,0,1695.9611250693563,3090.8502659235373,1.2340995459768842,0.54870374788686438,0.54870374788686438,0,4777.9827759339878,0.03598919708480567,0,1894.3836297988876,0,1894.3836297988876,5599.5538804359157,1.171949365041679,0.33830974221314447,0.33830974221314447,0,2526.742469444172,0.027376169624634586,1714.3443472194172,1462.5106592236227,1714.3443472194172,1462.5106592236227,3116.0507056797833,1.2332284525875112,0.72316625626068809,0.72316625626068809,0,4410.3783979310774,0.026956697115059425,1714.3443472194172,1563.1517596018632,1714.3443472194172,1563.1517596018632,5201.9502998165299,1.1794793621918658,0.44598740259936775,0.44598740259936775,0
3,0.64500000000000046,129,14.572222736597908,0.39391666055209867,0.088377467945008004,0.22748016908554958,23.322396565785965,-0.28385271740064821,23.32412386215098,0.035921103030424603,0.37960551515212304,0,2.2674204132357545,4.5638164889599544,-0.094382225613230827,3287.7595991918442,6617.5339089919344,-235.95556403307705,587.09978378417429,1137.3884981323836,942.37021709472492,23,5.7168894862513753e-07,1,2504.8555162255298,0.035899604106941457,0,1692.9548986459915,0,1692.9548986459915,3091.2097903423987,1.2340870642313229,0.54766742261723711,0.54766742261723711,0,4779.6325124902969,0.035899937020456421,0,1890.3904284028881,0,1890.3904284028881,5601.3325909654632,1.1719169991265797,0.33748940947587164,0.33748940947587164,0,2525.2070185473622,0.027494067415575599,1708.2248181845537,1467.3654744303442,1708.2248181845537,1467.3654744303442,3114.3085865306889,1.2332884249316756,0.7230918163327541,0.7230918163327541,0,4409.947452736812,0.027073806547619303,1708.2248181845537,1569.1347001192075,1708.2248181845537,1569.1347001192075,5201.4826703029175,1.1794885825850099,0.44593615951994958,0.44593615951994958,0
3,0.65000000000000047,130,14.688528021508565,0.40285473824886847,0.08951364664583511,0.22698283735142794,23.333389580674492,-0.28753336704076626,23.335161125663795,0.035640260967534691,0.3782013048376735,0,2.2595869156051207,4.5656451100784432,-0.10454996689619793,3276.4010276274248,6620.1854096137431,-261.37491724049482,585.07146797919802,1137.8442242487131,942.7478037503721,23,5.7390805796586619e-07,1,2505.4139480116883,0.03580460325509436,0,1689.6754401399098,0,1689.6754401399098,3091.8438058569818,1.2340650567187461,0.54649443705374179,0.54649443705374179,0,4781.1023965091144,0.035802065102161829,0,1885.9912328109151,0,1885.9912328109151,5602.9173469758571,1.1718881718715719,0.33660879074521211,0.33660879074521211,0,2523.8152739892271,0.027606129394866077,1701.9058717695307,1471.9753678076479,1701.9058717695307,1471.9753678076479,3112.7294430536435,1.2333428183646575,0.7228879020940292,0.7228879020940292,0,4409.3108814899715,0.027185269675090783,1701.9058717695307,1574.8140848035546,1701.9058717695307,1574.8140848035546,5200.7919040780389,1.179502204281095,0.44584230663039098,0.44584230663039098,0
3,0.65500000000000047,131,14.804879366059595,0.411911548065655,0.090647211603929675,0.22643467455537458,23.344339439282777,-0.29115846180810806,23.346155081861674,0.03535062520354771,0.37675312601773858,0,2.2515158121487979,4.566623074764995,-0.11471462543689004,3264.6979276157567,6621.6034584092431,-286.78656359222509,582.98162925569636,1138.0879507983434,942.94974059241315,23,5.7626380556285994e-07,1,2506.2151408238087,0.035700970630339425,0,1686.1204121398196,0,1686.1204121398196,3092.7534203518253,1.234033491368669,0.54518423649435654,0.54518423649435654,0,4782.391042420496,0.035695575266868174,0,1881.184815215757,0,1881.184815215757,5604.3066689878206,1.1718629069176516,0.33566771526361044,0.33566771526361044,0,2522.568417785435,0.027712289282544281,1695.3890670798237,1476.3396694493911,1695.3890670798237,1476.3396694493911,3111.3146380377029,1.233391576657068,0.72255410756383498,0.72255410756383498,0,4408.4678989702616,0.027291021474452656,1695.3890670798237,1580.187300771096,1695.3890670798237,1580.187300771096,5199.8771413211962,1.1795202461462391,0.44570558618643463,0.44570558618643463,0
3,0.66000000000000048,132,14.921276432479338,0.42108714820971155,0.091777908703115973,0.22583569646676335,23.355245114862242,-0.29472622673373855,23.357104656271535,0.035052267201754521,0.37526133600877259,0,2.2432086728889225,4.5667455512648889,-0.12487606225719992,3252.6525756889378,6621.7810493340894,-312.1901556429998,580.8306741370269,1138.1184736178841,942.97502992505906,23,5.7875425696352067e-07,1,2507.2600955636026,0.035588700086596994,0,1682.2873323838221,0,1682.2873323838221,3093.9397489832968,1.233992338671914,0.5437362938100655,0.5437362938100655,0,4783.4970427993712,0.035580464456698879,0,1875.970023700525,0,1875.970023700525,5605.4990523118859,1.1718412287407765,0.3346660138898454,0.3346660138898454,0,2521.4676508934544,0.027812481692184046,1688.6760120394767,1480.4576616078825,1688.6760120394767,1480.4576616078825,3110.0655537488292,1.2334346437666219,0.72209006548628885,0.72209006548628885,0,4407.4177107435726,0.027390997672924165,1688.6760120394767,1585.2517546316781,1688.6760120394767,1585.2517546316781,5198.7375096474234,1.1795427279277206,0.4455257381712906,0.4455257381712906,0
3,0.66500000000000048,133,15.037718879348608,0.43038157430681817,0.092905483907725073,0.22518591950444114,23.366105592831484,-0.29823490395754887,23.368008786229289,0.034745260577527623,0.37372630288763814,0,2.2346671049739455,4.5660076373677763,-0.13503415576528888,3240.2673022122212,6620.7110741832757,-337.58538941322217,578.61901875960007,1137.9345709851846,942.82265950441069,23,5.8137706648864196e-07,1,2508.5498258850157,0.035467788518253031,0,1678.1735751457761,0,1678.1735751457761,3095.4039148104089,1.2339415716880773,0.54215011072264629,0.54215011072264629,0,4784.4189678553848,0.035456732623852315,0,1870.3457828802507,0,1870.3457828802507,5606.4929664572719,1.1718231626713873,0.33360351900380913,0.33360351900380913,0,2520.5141936253895,0.027906642141129,1681.7683629943717,1484.3285740059923,1681.7683629943717,1484.3285740059923,3108.9835923339938,1.2334719638543981,0.7214954465457929,0.7214954465457929,0,4406.1595126342108,0.027485134756660902,1681.7683629943717,1590.0048717446814,1681.7683629943717,1590.0048717446814,5197.3721234989962,1.1795696702754552,0.44530249992433801,0.44530249992433801,0
3,0.67000000000000048,134,15.154206361757584,0.43979483926114632,0.094029683265644468,0.22448536066161923,23.376919870829298,-0.30168275325410826,23.378866420996221,0.034429681080157717,0.37214840540078864,0,2.2258927522230074,4.5644043585923173,-0.14518879700437037,3227.5444907233605,6618.3863199588595,-362.97199251092593,576.34708875490605,1137.5350031669154,942.49160216361213,23,5.8412945946884065e-07,1,2510.0853587056322,0.035338235865999393,0,1673.7763730866709,0,1673.7763730866709,3097.1470492979729,1.2338811660552726,0.54042521922427422,0.54042521922427422,0,4785.1553650394635,0.035324382733763378,0,1864.3110945549051,0,1864.3110945549051,5607.2868546648897,1.1718087349121309,0.33248006440118583,0.33248006440118583,0,2519.709285963841,0.027994707062395603,1674.667824303549,1487.9515792570025,1674.667824303549,1487.9515792570025,3108.0701761137998,1.2335034813053438,0.72076995860149895,0.72076995860149895,0,4404.692490291065,0.027573369981103817,1674.667824303549,1594.4440955581622,1674.667824303549,1594.4440955581622,5195.780083637409,1.1796010947620246,0.44503560576745382,0.44503560576745382,0
3,0.67500000000000049,135,15.270738531463955,0.4493269331142335,0.095150252911052238,0.22373403745484857,23.387686958760717,-0.3050680525615963,23.389676521869212,0.034105606574163665,0.37052803287081837,0,2.2168872946597431,4.5619306668408646,-0.15533988477124239,3214.4865772566277,6614.7994669192531,-388.34971192810599,574.01531912880296,1136.9185120832885,941.98081553506074,23,5.8700823313273531e-07,1,2511.8677346023105,0.035200045120842745,0,1669.0928195742199,0,1669.0928195742199,3099.1702926897351,1.2338111000022096,0.53856118313706247,0.53856118313706247,0,4785.7047587688876,0.035183420766520312,0,1857.8650383726101,0,1857.8650383726101,5607.87913356632,1.1717979725537717,0.33129548517767438,0.33129548517767438,0,2519.0541877793407,0.028076613818304823,1667.3761479186826,1491.3257883990427,1667.3761479186826,1491.3257883990427,3107.3267477619274,1.2335291407530917,0.7199133459439,0.7199133459439,0,4403.0158188494624,0.027655641383038006,1667.3761479186826,1598.5668870337813,1667.3761479186826,1598.5668870337813,5193.9604767376559,1.1796370239012388,0.44472478662915932,0.44472478662915932,0
3,0.68000000000000049,136,15.387315037052225,0.45897782290304578,0.096266939066957519,0.22293196789771552,23.398405878836098,-0.30838909851422119,23.400438062284948,0.033773117020080567,0.36886558510040285,0,2.2076524480368116,4.5585814395317685,-0.16548732061072779,3201.0960496533771,6609.943087321064,-413.71830152681946,571.62415413840472,1136.0838210918159,941.28924187123982,23,5.9000974861334043e-07,1,2513.8980080889819,0.035053222326278992,0,1664.1198714731668,0,1664.1198714731668,3101.4747942491772,1.2337313543626458,0.53655759980987572,0.53655759980987572,0,4786.0656502726142,0.0350338557165321,0,1851.0067725017798,0,1851.0067725017798,5608.2681929705723,1.1717909035892822,0.33004961760242491,0.33004961760242491,0,2518.5501789479622,0.028152300715901277,1659.8951329518129,1494.4502465513769,1659.8951329518129,1494.4502465513769,3106.7547703697714,1.2335488871091349,0.71892538857665322,0.71892538857665322,0,4401.1286626904421,0.02773188779441791,1659.8951329518129,1602.3707241601169,1659.8951329518129,1602.3707241601169,5191.9123750866875,1.179677481165214,0.44436976966679342,0.44436976966679342,0
3,0.6850000000000005,137,15.503935524094144,0.46874745251711669,0.097379488047672547,0.22207917049986117,23.409075665603194,-0.31164420697857437,23.41115002791787,0.033432294454730775,0.36716147227365392,0,2.1981899633525188,4.5543514792166455,-0.1756310036929789,3187.3754468611523,6603.8096448641363,-439.07750923244726,569.17404716692135,1135.0296348919248,940.41580796569122,23,5.9312992561899591e-07,1,2516.1772477746154,0.034897776578633445,0,1658.8543524080264,0,1658.8543524080264,3104.0617123657653,1.233641912592244,0.53441410194893579,0.53441410194893579,0,4786.2365175584646,0.034875699590445286,0,1843.7355343108704,0,1843.7355343108704,5608.452395780304,1.1717875569260972,0.32874229898038593,0.32874229898038593,0,2518.1985593677696,0.028221707024218445,1652.2266252314425,1497.3239287002959,1652.2266252314425,1497.3239287002959,3106.3557273947399,1.2335626655964078,0.71780590152672374,0.71780590152672374,0,4399.0301752991518,0.027802048858015533,1652.2266252314425,1605.8531015569761,1652.2266252314425,1605.8531015569761,5189.6348363878215,1.1797224909999409,0.44397027788695947,0.44397027788695947,0
3,0.6900000000000005,138,15.620599635310173,0.47863574255476232,0.098487646261344305,0.22117566429189103,23.419695365972306,-0.31483171359441325,23.421811416771966,0.033083222970982443,0.36541611485491221,0,2.1885016263610129,4.5492355136897071,-0.18577082558138508,3173.3273582234688,6596.3914948500751,-464.42706395346272,566.66546059683537,1133.7546395522095,939.3594251755934,23,5.9636422733433392e-07,1,2518.7065363993734,0.034733720025570958,0,1653.2929564991746,0,1653.2929564991746,3106.9322145244992,1.2335427607878551,0.53213035957792953,0.53213035957792953,0,4786.2158155037923,0.034708967403312585,0,1836.0506410543585,0,1836.0506410543585,5608.4300780391804,1.1717879623965186,0.32737336750327795,0.32737336750327795,0,2518.0006488728241,0.02828477299344722,1644.3725168471049,1499.9457356228197,1644.3725168471049,1499.9457356228197,3106.1311224907563,1.2335704217873047,0.7165547341859041,0.7165547341859041,0,4396.7194992240111,0.027866065044947763,1644.3725168471049,1609.0115301733572,1644.3725168471049,1609.0115301733572,5187.1269036729082,1.1797720788393251,0.44352602976451394,0.44352602976451394,0
3,0.69500000000000051,139,15.737307010731923,0.48864259017838363,0.099591160212676597,0.22022146887670119,23.430264039234462,-0.31794997432040378,23.432421239266205,0.032725988697000906,0.36362994348500455,0,2.1785892570775989,4.5432281965960373,-0.19590666489959685,3158.9544227625183,6587.6808850642537,-489.76666224899213,564.09886568181287,1132.2575026620252,938.11898954736262,23,5.997076604202789e-07,1,2521.4869707470689,0.03456106786278472,0,1647.4322525723931,0,1647.4322525723931,3110.0874771367294,1.233433887709231,0.52970608212251469,0.52970608212251469,0,4786.0019760711193,0.034533677173020007,0,1827.9514905635615,0,1827.9514905635615,5608.199549111946,1.1717921507662596,0.32594266208894374,0.32594266208894374,0,2517.9577870435437,0.028341439876063846,1636.3347456825204,1502.3144899569347,1636.3347456825204,1502.3144899569347,3106.0824792195976,1.2335721016461518,0.71517176968673779,0.71517176968673779,0,4394.1957661382694,0.027923877674137947,1636.3347456825204,1611.8435370817101,1636.3347456825204,1611.8435370817101,5184.387605323981,1.179826271117673,0.44303673886039702,0.44303673886039702,0
3,0.70000000000000051,140,15.85405728786551,0.49876786896887876,0.10068977650597569,0.21921660450770217,23.440780757072694,-0.32099736598538775,23.44297851831373,0.032360679774997861,0.3618033988749893,0,2.1684547092807938,4.5363241085453563,-0.20603838190702389,3144.2593284571512,6577.6699573907663,-515.09595476755976,561.47474241777331,1130.5368736090616,936.69338204663313,23,6.0315476435590654e-07,1,2524.5196614320521,0.034379838328875964,0,1641.2686888410765,0,1641.2686888410765,3113.5286852302584,1.2333152848031639,0.52714102061330381,0.52714102061330381,0,4785.5934086501757,0.034349849912982358,0,1819.4375619408581,0,1819.4375619408581,5607.7590919987142,1.1718001537411091,0.32445002220884905,0.32445002220884905,0,2518.0713329122536,0.028391649949971235,1628.1152949374518,1504.4289324275821,1628.1152949374518,1504.4289324275821,3106.2113406417902,1.2335676515761482,0.71365692431585326,0.71365692431585326,0,4391.4580970055194,0.027975428933765631,1628.1152949374518,1614.346665371138,1628.1152949374518,1614.346665371138,5181.4159552060955,1.1798850952805946,0.44250211343863582,0.44250211343863582,0
3,0.70500000000000052,141,15.970850101855735,0.5090114287791998,0.10178324184865534,0.21816109219437305,23.451244603566419,-0.32397228684577301,23.453482289394621,0.031987386339483587,0.35993693169741792,0,2.1580998700128404,4.5285177587375358,-0.21616581299298832,3129.2448115186185,6566.3507501694276,-540.4145324824708,558.7935794135584,1128.5913839844545,935.08146889390923,23,6.0669959900394588e-07,1,2527.805732558767,0.034190052698440956,0,1634.7985980593919,0,1634.7985980593919,3117.2570319969077,1.2331869462300291,0.52443497000057893,0.52443497000057893,0,4784.9885005276756,0.034157509623121418,0,1810.5084162558492,0,1810.5084162558492,5607.1069637849014,1.1718120039717055,0.32289528770354015,0.32289528770354015,0,2518.3426645628697,0.028435346543705348,1619.7161926383806,1506.287718238136,1619.7161926383806,1506.287718238136,3106.5192687859035,1.2335570184707683,0.71201014696767895,0.71201014696767895,0,4388.5056023506886,0.028020661904756754,1619.7161926383806,1616.518474142167,1619.7161926383806,1616.518474142167,5178.2109529130375,1.179948579794303,0.4419218560828751,0.4419218560828751,0
3,0.71000000000000052,142,16.087685085651025,0.51937309558709965,0.10287130305533869,0.21705495383552556,23.461654675188964,-0.32687315714967013,23.463931600622288,0.031606200495027575,0.35803100247513792,0,2.1475266590804334,4.519803587105808,-0.2262887651005277,3113.9136556666285,6553.715201303422,-565.72191275131922,556.0558737616559,1126.4196481169154,933.28210200711044,23,6.1033574016988723e-07,1,2531.3463212522574,0.033991735273386038,0,1628.0182031437516,0,1628.0182031437516,3121.2737181958028,1.2330488688927037,0.52158777157320213,0.52158777157320213,0,4784.1856174860877,0.033956683279144709,0,1801.1636972419935,0,1801.1636972419935,5606.2413962281316,1.171827735056401,0.32127829858589624,0.32127829858589624,0,2518.7731786237173,0.028472474063755766,1611.1395111381207,1507.8894136376452,1611.1395111381207,1507.8894136376452,3107.0078439951867,1.2335401497696139,0.71023141864148431,0.71023141864148431,0,4385.3373826379384,0.028059520586364444,1611.1395111381207,1618.3565386056553,1611.1395111381207,1618.3565386056553,5174.7715841274403,1.1800167541532753,0.44129566331283238,0.44129566331283238,0
3,0.71500000000000052,143,16.204561870169055,0.52985267134712788,0.10395370705269638,0.21589821238060042,23.472010080798292,-0.32969841970842217,23.47432551280345,0.031217216293533152,0.35608608146766579,0,2.1367370285575018,4.5101759669831907,-0.23640701009169579,3098.2686914083779,6539.7551521256264,-591.01752522923948,553.26213090945623,1124.0202637372552,931.29411955215608,23,6.1405627338473323e-07,1,2535.1425770580172,0.033784913372495139,0,1620.9236232589326,0,1620.9236232589326,3125.5799514107857,1.2329010524678101,0.51859931547337323,0.51859931547337323,0,4783.1831045325271,0.033747400820146808,0,1791.4031319922392,0,1791.4031319922392,5605.1605964833425,1.1718473815422019,0.31959889483205156,0.31959889483205156,0,2519.3642896525721,0.028502978024045913,1602.387366604496,1509.2324926746248,1602.387366604496,1509.2324926746248,3107.6786641505787,1.2335169935186852,0.7083207519846646,0.7083207519846646,0,4381.952528756884,0.028091949923888068,1602.387366604496,1619.8584502883707,1602.387366604496,1619.8584502883707,5171.0968210969213,1.1800896488862489,0.44062322520108865,0.44062322520108865,0
3,0.72000000000000053,144,16.321480084462973,0.54044993384194484,0.10503020088516189,0.21469089201925712,23.482309941620993,-0.33244654047619115,23.484663099491691,0.030820529711031528,0.35410264855515766,0,2.1257329622919356,4.4996292082972644,-0.24652027906707152,3082.312795323307,6524.4623520310333,-616.30069766767883,550.41286453153134,1121.3918127745881,929.11634660265042,23,6.1785377702960886e-07,1,2539.1956612096465,0.033569617319278357,0,1613.5108803641476,0,1613.5108803641476,3130.1769451604878,1.2327434994392295,0.51546954329810935,0.51546954329810935,0,4781.979286758823,0.033529695134558835,0,1781.2265316521568,0,1781.2265316521568,5603.8627479672468,1.1718709789237687,0.31785691615989015,0.31785691615989015,0,2520.1174294131151,0.028526805077615132,1593.4619184982096,1510.315334148723,1593.4619184982096,1510.315334148723,3108.5333437693002,1.2334874984350295,0.7062781908851421,0.7062781908851421,0,4378.3501226184162,0.028117895838575074,1593.4619184982096,1621.0218173476733,1593.4619184982096,1621.0218173476733,5167.1856232276532,1.1801672955605214,0.43990422499067261,0.43990422499067261,0
3,0.72500000000000053,145,16.438439355888139,0.55116463653303716,0.10610053172166589,0.21343301839945281,23.492553391229592,-0.33511600913827638,23.494943447034593,0.030416238624001193,0.35208119312000596,0,2.1145164754181871,4.4881575612980251,-0.25662825665297861,3066.0488893563715,6507.828463882136,-641.5706416324465,547.5085964034331,1118.5328622853808,926.74759590963652,23,6.2172032144758305e-07,1,2543.5067457629029,0.033345880428134363,0,1605.7759062133057,0,1605.7759062133057,3135.0659178597448,1.2325762151338069,0.51219845077756487,0.51219845077756487,0,4780.5724703336646,0.033303602044476174,0,1770.6337921091392,0,1770.6337921091392,5602.3460113631309,1.1718985636404566,0.31605220179506882,0.31605220179506882,0,2521.0340460420803,0.028543903050540123,1584.3653690400267,1511.1362187721093,1584.3653690400267,1511.1362187721093,3109.573512978327,1.2334516139757135,0.70410381011572498,0.70410381011572498,0,4374.5292378613531,0.028137305259746923,1584.3653690400267,1621.8442649976562,1584.3653690400267,1621.8442649976562,5163.0369377967654,1.180249726784522,0.43913833871391839,0.43913833871391839,0
3,0.73000000000000054,146,16.555439310269307,0.56199650841092907,0.10716444686353255,0.21212461887413586,23.502739575513257,-0.33770533970884686,23.505165654614412,0.030004442785218341,0.35002221392609173,0,2.10308961387774,4.475755220822963,-0.26673057527081462,3049.4799401227228,6489.8450701932961,-666.82643817703661,544.54985627753013,1115.4419655163947,924.18666878228316,23,6.2564746095006285e-07,1,2548.0770125948407,0.033113738988862954,0,1597.7145498025502,0,1597.7145498025502,3140.2480916312188,1.2323992077591639,0.50878609051955792,0.50878609051955792,0,4778.9609436276296,0.033069160288397632,0,1759.624894676178,0,1759.624894676178,5600.6085257669038,1.1719301730713823,0.31418459022454681,0.31418459022454681,0,2522.115603106482,0.028554220978128843,1575.0999626674127,1511.693326552941,1575.0999626674127,1511.693326552941,3110.8008163621976,1.2334092904110476,0.70179771503322153,0.70179771503322153,0,4370.4889406710481,0.028150126159186186,1575.0999626674127,1622.3234360489771,1575.0999626674127,1622.3234360489771,5158.6497007848911,1.1803369762086227,0.43832523481311081,0.43832523481311081,0
3,0.73500000000000054,147,16.672479572068141,0.57294525384499662,0.1082216937536809,0.2107657227766061,23.512867652642022,-0.34021307113876864,23.5153288342824,0.029585243799144349,0.34792621899572174,0,2.0914544539494462,4.4624163311030669,-0.27682680940366189,3032.6089582266968,6470.5036800994476,-692.06702350915475,541.5371817613991,1112.117663102433,921.43235608026657,23,6.2962621960593879e-07,1,2552.9076522668684,0.032873232249568285,0,1589.3225852570363,0,1589.3225852570363,3145.7246909662458,1.2322124884435135,0.50523257480897266,0.50523257480897266,0,4777.1429784717338,0.032826411502413624,0,1748.1999067688282,0,1748.1999067688282,5598.6484099751533,1.171965845528498,0.3122539189376578,0.3122539189376578,0,2523.363578550433,0.028557709143414468,1565.6679854807478,1511.984734413759,1565.6679854807478,1511.984734413759,3112.2169116847745,1.2333604789019794,0.69936004133504703,0.69936004133504703,0,4366.2282907109666,0.028156307587817692,1565.6679854807478,1622.4569915644827,1565.6679854807478,1622.4569915644827,5154.022837830028,1.1804290785241516,0.43746457376346731,0.43746457376346731,0
3,0.74000000000000055,148,16.78955976455099,0.58401055243300448,0.10927201998727475,0.20935636172451563,23.522936793024602,-0.34263776793420331,23.525432110986728,0.029158745096856422,0.34579372548428211,0,2.0796131017917903,4.4481349911128261,-0.28691646987620434,3015.4389975980957,6449.7957371135972,-717.29117469051084,538.47111819930433,1108.5584843996619,918.48343931847694,23,6.3364709834701216e-07,1,2557.9998627506866,0.03262440239799682,0,1580.5957201476831,0,1580.5957201476831,3151.4969412341334,1.2320160712773625,0.50153807845002008,0.50153807845002008,0,4775.1168315500099,0.032575400199884599,0,1736.3589825739618,0,1736.3589825739618,5596.4637639157872,1.1720056202476552,0.31026002415479764,0.31026002415479764,0,2524.7794635311752,0.028554319117971388,1556.0717646792696,1512.0084140581505,1556.0717646792696,1512.0084140581505,3113.8234684847175,1.2333051315815524,0.69679095487601672,0.69679095487601672,0,4361.7463421681296,0.028155799714711428,1556.0717646792696,1622.2426116325666,1556.0717646792696,1622.2426116325666,5149.1552653037961,1.1805260694605781,0.43655600769903702,0.43655600769903702,0
3,0.74500000000000055,149,16.906679509956827,0.59519205885049775,0.11031517332396384,0.20789656995240194,23.532946179259916,-0.34497802078663975,23.535474622594077,0.028725051910527506,0.34362525955263756,0,2.067567692999126,4.4329052604666721,-0.29699899816472797,2997.9731548487325,6427.7126276766749,-742.49749541181995,535.35221855729526,1104.7629489551184,915.33869188456288,23,6.3770005276353459e-07,1,2563.3548480162344,0.03236729454135804,0,1571.5296042274433,0,1571.5296042274433,3157.5660670393409,1.2318099733569712,0.49770284163870931,0.49770284163870931,0,4772.8807459264708,0.032316173749654377,0,1724.1023637089827,0,1724.1023637089827,5594.0526702217721,1.1720495373776414,0.30820274054384833,0.30820274054384833,0,2526.3647611440847,0.028544003805068722,1546.3136679868689,1511.7622300994551,1546.3136679868689,1511.7622300994551,3115.6221665446146,1.2332432016403205,0.69409065154793792,0.69409065154793792,0,4357.0421449132109,0.028148553868429658,1546.3136679868689,1621.6779962600378,1546.3136679868689,1621.6779962600378,5144.0458915110839,1.1806279857808328,0.43559918004212778,0.43559918004212778,0
3,0.75000000000000056,150,17.023838429665258,0.60648940270019291,0.1113509017018588,0.20638638467255932,23.542895006082489,-0.34723244721500246,23.545455519904955,0.028284271247461856,0.34142135623730929,0,2.055320392173968,4.4167211658636578,-0.30707376075478021,2980.2145686522535,6404.2456905023037,-767.68440188695058,532.18104331246207,1100.7295681128435,911.9968803696745,23,6.4177450553870585e-07,1,2568.973816480926,0.032101956684679092,0,1562.1198385753405,0,1562.1198385753405,3163.9332904261764,1.2315942148294245,0.49372717285228401,0.49372717285228401,0,4770.4329527066129,0.032048782352847076,0,1711.4303798702142,0,1711.4303798702142,5591.4131959481801,1.1720976379671715,0.30608190092451099,0.30608190092451099,0,2528.1209850365567,0.028526717485170137,1536.3961030678918,1511.2439384657146,1536.3961030678918,1511.2439384657146,3117.6146942339078,1.2331746434155828,0.69125935722454024,0.69125935722454024,0,4352.1147457759052,0.028134522580734542,1536.3961030678918,1620.7608663860676,1536.3961030678918,1620.7608663860676,5138.6936180138537,1.180734865274724,0.43459372513691547,0.43459372513691547,0
3,0.75500000000000056,151,17.141036144364477,0.61790218836152655,0.11237895325338049,0.20482584646396504,23.552782480301833,-0.3493996922204522,23.555373966662824,0.027836511863692529,0.33918255931846264,0,2.0428733925174001,4.3995767080813764,-0.3171400435647565,2962.16641915023,6379.3862267179957,-792.85010891189131,528.95816034688039,1096.4568467569006,908.45676601262187,23,6.4585932957328396e-07,1,2574.8579793196595,0.03182843970774836,0,1552.3619851352698,0,1552.3619851352698,3170.599828930915,1.2313688189391576,0.48961145174183213,0.48961145174183213,0,4767.7716728334608,0.031773279018299329,0,1698.3434494692629,0,1698.3434494692629,5588.5433944327078,1.1721499639498187,0.30389733596077079,0.30389733596077079,0,2530.0496579108185,0.028502415863781265,1526.321516933082,1510.4511850954402,1526.321516933082,1510.4511850954402,3119.8027467259167,1.2330994124842929,0.68829732777419894,0.68829732777419894,0,4346.963189936062,0.02811365963266621,1526.321516933082,1619.4889650185764,1526.321516933082,1619.4889650185764,5133.097341079816,1.1808467467504176,0.43353926788791503,0.43353926788791503,0
3,0.76000000000000056,152,17.258272274219113,0.62942999484053086,0.1133990763231236,0.20321499968888324,23.562607820736012,-0.35147842895446119,23.565229139557083,0.027381884237147505,0.33690942118573752,0,2.0302289154396687,4.3814658695194098,-0.32719704645440761,2943.8319273875195,6353.1255108031437,-817.99261613601902,525.68414484678419,1091.9432851913446,904.71710625750052,23,6.4994285509101246e-07,1,2581.0085486352637,0.031546797340706013,0,1542.2515766352353,0,1542.2515766352353,3177.5668934814539,1.2311338120757589,0.48535613201379069,0.48535613201379069,0,4764.8951190179532,0.031489719536683343,0,1684.8420802562098,0,1684.8420802562098,5585.4413072995367,1.1722065581268657,0.30164887384177019,0.30164887384177019,0,2532.1523099158912,0.02847105612163826,1516.0923953358188,1509.3815049391089,1516.0923953358188,1509.3815049391089,3122.1880240895052,1.2330174657594799,0.68520484914279534,0.68520484914279534,0,4341.5865224308927,0.028085920102994114,1516.0923953358188,1617.8600584941832,1516.0923953358188,1617.8600584941832,5127.2559532564683,1.1809636700239414,0.43243542340403807,0.43243542340403807,0
3,0.76500000000000057,153,17.375546439037809,0.6410723756202199,0.11441101948787133,0.20155389293667325,23.572370258139539,-0.35346735940070301,23.575020228220019,0.026920500540390881,0.33460250270195441,0,2.017389210193008,4.3623826222916788,-0.33724387783787163,2925.2143547798614,6325.4548023229345,-843.10969459467901,522.35957920749399,1087.1873811569849,900.77665642465945,23,6.5401286786226365e-07,1,2587.4267354892686,0.031257086138342743,0,1531.7841268713885,0,1531.7841268713885,3184.8356861449333,1.2308892238228719,0.48096174428563004,0.48096174428563004,0,4761.8014978032388,0.031198162453379103,0,1670.9268699285847,0,1670.9268699285847,5582.1049666062481,1.1722674641480624,0.29933633995142478,0.29933633995142478,0,2534.4304769290875,0.028432596967222425,1505.7112621587949,1508.0323212815642,1505.7112621587949,1508.0323212815642,3124.7722292561307,1.2329287615899991,0.68198223750894271,0.68198223750894271,0,4335.9837897784064,0.028051260419037136,1505.7112621587949,1615.8719378625754,1505.7112621587949,1615.8719378625754,5121.1683450708306,1.1810856759066786,0.43128179664899569,0.43128179664899569,0
3,0.77000000000000057,154,17.492858258440457,0.65282885851168126,0.11541453157889602,0.19984257949422965,23.582069035125819,-0.35536521507124835,23.58474643521788,0.026452474612946024,0.33226237306473017,0,2.0043565535287038,4.3423209368662272,-0.3472795494214273,2906.3170026166204,6296.3653584560288,-868.19887355356832,518.98505294462211,1082.187631984584,896.63417149470706,23,6.5805661098039536e-07,1,2594.1137477931052,0.030959365453170958,0,1520.9551413399106,0,1520.9551413399106,3192.4073977239946,1.2306350870079914,0.47642889890064327,0.47642889890064327,0,4758.4890117622735,0.030898669040157607,0,1656.5985067251777,0,1656.5985067251777,5578.5323971332627,1.1723327264902712,0.29695955652717598,0.29695955652717598,0,2536.885698727604,0.028386998691577268,1495.1806787912858,1506.4009454007346,1495.1806787912858,1506.4009454007346,3127.5570658632441,1.2328332598634208,0.67862983951367917,0.67862983951367917,0,4330.1540417170181,0.028009638409839735,1495.1806787912858,1613.5224203958808,1495.1806787912858,1613.5224203958808,5114.8334068550357,1.1812128061908098,0.43007798209884346,0.43007798209884346,0
3,0.77500000000000058,155,17.610207352024986,0.66469894550608233,0.11640936170667712,0.19808111784237836,23.591703406084356,-0.35717075771750101,23.594406976036094,0.025977921933207297,0.32988960966603653,0,1.9911332493803802,4.3212747912499729,-0.35730297108671427,2887.1432116015512,6265.8484473124608,-893.25742771678574,515.56116261206614,1076.9425368838672,892.2884080050452,23,6.6206078752628628e-07,1,2601.0707880601003,0.030653697407334958,0,1509.7601281984205,0,1509.7601281984205,3200.2832052026833,1.230371437752942,0.47175828868645486,0.47175828868645486,0,4754.9558618278343,0.030591303265739271,0,1641.8577700038202,0,1641.8577700038202,5574.721618815066,1.17240239043399,0.29451834230832946,0.29451834230832946,0,2539.5195170509878,0.028334223225394667,1484.5032434971645,1504.4845765782072,1484.5032434971645,1504.4845765782072,3130.5442359752697,1.2327309221118363,0.67514803256656819,0.67514803256656819,0,4324.0963330610784,0.027961013361683058,1484.5032434971645,1610.809351223334,1484.5032434971645,1610.809351223334,5108.2500306977036,1.1813451036326736,0.42882356340751376,0.42882356340751376,0
3,0.78000000000000058,156,17.727593339533549,0.67668211262781097,0.11739525928816452,0.19626957217744925,23.601272637092947,-0.35888278005624247,23.604001079058889,0.025496959589947542,0.32748479794973773,0,1.9777216285754358,4.2992381807149664,-0.36731294594056707,2867.6963614343817,6233.895362036702,-918.2823648514177,512.08851172729374,1071.450599367487,887.73812605821695,23,6.660115703382985e-07,1,2608.2990510188665,0.030340146863429888,0,1498.194609537306,0,1498.194609537306,3208.4642690432947,1.2300983155248202,0.46695069164165576,0.46695069164165576,0,4751.2002497538406,0.030276131765294964,0,1626.7055308024167,0,1626.7055308024167,5570.670649312191,1.1724765020377339,0.29201251217450191,0.29201251217450191,0,2542.3334735554299,0.028274234198327218,1473.6815907738198,1502.2803024772863,1473.6815907738198,1502.2803024772863,3133.7354376836297,1.2326217116203602,0.67153722522998449,0.67153722522998449,0,4317.8097256718638,0.02790534607590095,1473.6815907738198,1607.7306050911877,1473.6815907738198,1607.7306050911877,5101.4171125208268,1.1814826119340012,0.42751811308121701,0.42751811308121701,0
3,0.78500000000000059,157,17.845015841018032,0.68877780978898473,0.11837197407671075,0.19440801295713803,23.610776005825137,-0.36050010651108311,23.613527985543424,0.025009706253428146,0.32504853126714073,0,1.9641240485764964,4.2762051280616289,-0.37730816555303892,2847.9798704359196,6200.4974356893617,-943.27041388259727,508.56771070439692,1065.7103298088105,882.98209144113162,23,6.6989461533495387e-07,1,2615.7997210889916,0.030018781394300625,0,1486.254132940014,0,1486.254132940014,3216.9517303358161,1.2298157631871591,0.46200697353480791,0.46200697353480791,0,4747.2203807066126,0.029953223808959165,0,1611.1427523825982,0,1611.1427523825982,5566.3775067226989,1.1725551081102656,0.2894418767747548,0.2894418767747548,0,2545.3291076610667,0.028206997000473574,1462.7183907021333,1499.7850999041466,1462.7183907021333,1499.7850999041466,3137.1323625875443,1.232505593538076,0.66779785768317335,0.66779785768317335,0,4311.2932905433299,0.02784259892896139,1462.7183907021333,1604.2840882475034,1462.7183907021333,1604.2840882475034,5094.3335542816612,1.1816253757209936,0.42616119216264658,0.42616119216264658,0
3,0.79000000000000059,158,17.962474477004747,0.70098546064557432,0.11933925619479124,0.19249651746966215,23.620212801453182,-0.36202159396953471,23.622986949588594,0.024516282146119003,0.32258141073059504,0,1.9503428932546816,4.2521696944132685,-0.38728720540543593,2827.9971952192882,6165.6460568992388,-968.21801351358977,504.99937679538533,1059.7202481321162,878.01907785399703,23,6.7369505973857713e-07,1,2623.5739697201916,0.02968967125189453,0,1473.9342833100759,0,1473.9342833100759,3225.7467078019449,1.2295238270510727,0.45692809040001436,0.45692809040001436,0,4743.0144659844236,0.029622651269427158,0,1595.1704907555131,0,1595.1704907555131,5561.840212431629,1.1726382561806621,0.28680624214806538,0.28680624214806538,0,2548.5079542936955,0.028132478845972971,1451.6163482876777,1496.995835967592,1451.6163482876777,1496.995835967592,3140.7366931576212,1.2323825349911683,0.66393040226746325,0.66393040226746325,0,4304.5461100016901,0.027772735934764026,1451.6163482876777,1600.467740451079,1451.6163482876777,1600.467740451079,5086.9982662988796,1.1817734405212079,0.4247523499259655,0.4247523499259655,0
3,0.7950000000000006,159,18.079968868658181,0.7133044624553988,0.12029685616962629,0.19053517042510562,23.629582324546828,-0.36344613255583358,23.632377238098702,0.024016809013035309,0.32008404506517657,0,1.9363805726963965,4.227125990535062,-0.39724852057039806,2807.7518304097748,6129.3326862758404,-993.12130142599517,501.38413404015995,1053.4788866334889,872.84786924753951,23,6.7739755227336218e-07,1,2631.6229525964318,0.029352889335242979,0,1461.2306949413371,0,1461.2306949413371,3234.8502946560548,1.2292225569261213,0.45171509091325734,0.45171509091325734,0,4738.5807258634095,0.029284488588709974,0,1578.7898951893962,0,1578.7898951893962,5557.0567940965702,1.1727259944662074,0.28410540933585432,0.28410540933585432,0,2551.8715415225402,0.028050648838634076,1440.3782027932946,1493.9092696527241,1440.3782027932946,1493.9092696527241,3144.5500999845308,1.2322525051979603,0.65993536411377263,0.65993536411377263,0,4297.5672800176189,0.027695722809094318,1440.3782027932946,1596.279537103414,1440.3782027932946,1596.279537103414,5079.4101697019405,1.1819268527382114,0.42329112358361476,0.42329112358361476,0
3,0.8000000000000006,160,18.197498637943681,0.72573418593826322,0.12124452497181272,0.18852406456773729,23.638883886968234,-0.36477264641954565,23.641698130742267,0.023511410091698874,0.31755705045849436,0,1.9222395230452853,4.2010681886693604,-0.40719044164614254,2787.2473084156636,6091.5488735705721,-1017.9761041153563,497.72261322559069,1046.9847929303958,867.46726226684109,23,6.8098626737622681e-07,1,2639.9478067068094,0.029008511157648718,0,1448.1390638066562,0,1448.1390638066562,3244.2635553258324,1.2289120061706349,0.44636911863383266,0.44636911863383266,0,4733.9173925676005,0.02893881274412282,0,1562.0022086987094,0,1562.0022086987094,5552.0252887672041,1.1728183718381016,0.28133917398736186,0.28133917398736186,0,2555.4213880959542,0.027961478039512135,1429.0067270632246,1490.5220538235274,1429.0067270632246,1490.5220538235274,3148.5742389153606,1.2321154755855608,0.65581328185331533,0.65581328185331533,0,4290.3559126296368,0.027611527036164207,1429.0067270632246,1591.7174915021963,1429.0067270632246,1591.7174915021963,5071.5681990024304,1.1820856596239762,0.42177703800603322,0.42177703800603322,0
3,0.8050000000000006,161,18.315063407788955,0.73827397513852033,0.1221820140570668,0.18646330130797639,23.648116811763348,-0.36600009453988286,23.650948919906099,0.023000210081731091,0.31500105040865545,0,1.9079222063808532,4.1739905348779383,-0.41711117096696926,2766.4871992522371,6052.2862755730102,-1042.7779274174231,494.01545185408861,1040.2365330376035,861.8760687998556,23,6.8444492118402422e-07,1,2648.5496472853529,0.028656614813156515,0,1434.6551600391181,0,1434.6551600391181,3253.9875220357226,1.2285922317412161,0.44089141409540056,0.44089141409540056,0,4729.0227133605595,0.028585703213583731,0,1544.8087685147766,0,1544.8087685147766,5546.7437461364216,1.1729154377849815,0.27850732595873234,0.27850732595873234,0,2559.1590008771886,0.027864939536336772,1417.5047268389494,1486.830737668949,1417.5047268389494,1486.830737668949,3152.8107480805497,1.2319714199078207,0.65156472841211821,0.65156472841211821,0,4282.9111384769003,0.027520117937158296,1417.5047268389494,1586.7796572144159,1417.5047268389494,1586.7796572144159,5063.471304785764,1.1822499092489807,0.42020960545544839,0.42020960545544839,0
3,0.81000000000000061,162,18.432662802244234,0.75092314729035026,0.1231090754111732,0.18435299137256911,23.657280433050119,-0.36712747154554981,23.660128910645,0.022483335114085162,0.31241667557042585,0,1.8934311106351682,4.1458873618804342,-0.4270087791119907,2745.475110420994,6011.5366747266289,-1067.5219477799767,490.26329412203938,1033.2326945667476,856.07311862837548,23,6.8775680706067988e-07,1,2657.4295646222336,0.028297280942385851,0,1420.7748405786829,0,1420.7748405786829,3264.0231912567201,1.2282632942411464,0.4352833167314763,0.4352833167314763,0,4723.8949537557282,0.02822524194030052,0,1527.2110065380011,0,1527.2110065380011,5541.2102319201467,1.1730172423742431,0.27560964890674977,0.27560964890674977,0,2563.0858721826439,0.027761008514681079,1405.8750400669164,1482.8317696065233,1405.8750400669164,1482.8317696065233,3157.2612448146269,1.2318203143642634,0.64719031188968035,0.64719031188968035,0,4275.2321094393947,0.027421466740693352,1405.8750400669164,1581.4641305667544,1405.8750400669164,1581.4641305667544,5055.1184565213753,1.1824196504699827,0.4185883253349611,0.4185883253349611,0
3,0.81500000000000061,163,18.550296446640985,0.76368099268606349,0.12402546159822711,0.18219325547143062,23.666374095903894,-0.36815380854982166,23.669237420627233,0.021960912719925209,0.30980456359962605,0,1.8787687495489298,4.1167531023768191,-0.4368812017337913,2724.2146868459481,5969.2919984463879,-1092.2030043344782,486.46679090842696,1025.9718900465396,850.05726217895096,23,6.9090481069622456e-07,1,2666.5886207492472,0.02793059269780437,0,1406.4940619561019,0,1406.4940619561019,3274.3715200264605,1.2279252579674029,0.42954626662057449,0.42954626662057449,0,4718.5324008423268,0.027857513296924794,0,1509.2104497718944,0,1509.2104497718944,5535.4228313628464,1.1731238362111687,0.27264591987823267,0.27264591987823267,0,2567.2034770252626,0.027649662330750578,1394.1205361983173,1478.5215006569092,1394.1205361983173,1478.5215006569092,3161.9273224742878,1.2316621377196635,0.64269067652177858,0.64269067652177858,0,4267.3180013831643,0.02731554665508773,1394.1205361983173,1575.7690532505039,1394.1205361983173,1575.7690532505039,5046.5086454892325,1.1825949328954415,0.41691268395422826,0.41691268395422826,0
3,0.82000000000000062,164,18.667963967749024,0.77654677454774323,0.12493092581224878,0.17998422497949965,23.675397156240443,-0.36907817400043103,23.67827378007615,0.021433071799159806,0.30716535899579905,0,1.8639376626680495,4.0865823028402932,-0.44672623672831485,2702.7096108686719,5925.5443391184253,-1116.8155918207872,482.62659977395072,1018.4527603602018,843.82737337093795,23,6.9387145895660751e-07,1,2676.027846002823,0.027556635708521213,0,1391.808893184929,0,1391.808893184929,3285.0334221440066,1.2275781909559924,0.42368180603671074,0.42368180603671074,0,4712.9333667232268,0.027482604049252124,0,1490.8087207393089,0,1490.8087207393089,5529.3796528651483,1.17323527039585,0.26961590889618503,0.26961590889618503,0,2571.5132702660376,0.027530880585658838,1382.2441154810958,1473.8961883019294,1382.2441154810958,1473.8961883019294,3166.8105471577014,1.2314968714239134,0.63806650372709239,0.63806650372709239,0,4259.1680170079135,0.027202332942325297,1382.2441154810958,1569.6926150377772,1382.2441154810958,1569.6926150377772,5037.6408878200955,1.1827758068485552,0.41518215431312844,0.41518215431312844,0
3,0.82500000000000062,165,18.785664993931888,0.78951972890255417,0.12582522193224135,0.17772604263184696,23.684348980697003,-0.3698996745437122,23.687237331708204,0.0208999425886379,0.3044997129431895,0,1.8489404153817468,4.0553696377654962,-0.4565415417667793,2680.9636023035328,5880.2859747599696,-1141.3538544169483,478.74338497088837,1010.6739782963817,837.38235255856694,23,6.9663894919358427e-07,1,2685.7482354681742,0.027175498044678729,0,1376.715528731507,0,1376.715528731507,3296.0097642441588,1.2272221650253099,0.417691580791544,0.417691580791544,0,4707.0961920609379,0.027100603319547591,0,1472.007537881417,0,1472.007537881417,5523.0788317298247,1.1733515964779169,0.26651937854386648,0.26651937854386648,0,2576.0166836768776,0.027404645201044183,1370.2487082443529,1468.9520008377524,1370.2487082443529,1468.9520008377524,3171.912454329266,1.2313244997318249,0.63331851323695698,0.63331851323695698,0,4250.781388794011,0.027081802993587353,1370.2487082443529,1563.2330566053633,1370.2487082443529,1563.2330566053633,5028.5142276467295,1.1829623233278928,0.41339619590488552,0.41339619590488552,0
3,0.83000000000000063,166,18.903399155300338,0.80259906446205576,0.12670810458075332,0.17541886323017716,23.693228946511784,-0.37061745590231482,23.696127430667726,0.020361656630014782,0.30180828315007391,0,1.8337795990030146,4.0231099243554054,-0.46632463220972398,2658.9804185543712,5833.5093903153374,-1165.8115805243099,474.81781746393227,1002.6342522093935,830.7211295635941,23,6.9918918654821027e-07,1,2695.7507453086409,0.026787270181520596,0,1361.2103015319935,0,1361.2103015319935,3307.3013617565739,1.2268572558172159,0.41157734135513663,0.41157734135513663,0,4701.0192497274275,0.026711602549575605,0,1452.8087159401441,0,1452.8087159401441,5516.5185340218486,1.1734728664090677,0.26335608354803547,0.26335608354803547,0,2580.7151229183719,0.027270940495870137,1358.1372741753325,1463.6850222337944,1358.1372741753325,1463.6850222337944,3177.2345453543735,1.2311450098224845,0.62844746430718679,0.62844746430718679,0,4242.1573820455606,0.026953936406213692,1358.1372741753325,1556.3886724620859,1358.1372741753325,1556.3886724620859,5019.1277403628055,1.1831545339655907,0.4115542545402372,0.4115542545402372,0
3,0.83500000000000063,167,19.021166083863832,0.81578396250586682,0.12757932918599815,0.17306285435876456,23.702036441402438,-0.37123070376565909,23.704943444458742,0.019818346737296235,0.29909173368648118,0,1.8184578308921457,3.9897981376287048,-0.47607287942249621,2636.7638547936112,5785.2072995616218,-1190.1821985562406,470.85057496217422,994.33232978424542,823.84266679477162,23,7.0150383324474319e-07,1,2706.0362889846679,0.026392044963213103,0,1345.2896960247085,0,1345.2896960247085,3318.9089747554276,1.2264835428355307,0.40534094374306956,0.40534094374306956,0,4694.7009485531589,0.026315695463412028,0,1433.2141663249081,0,1433.2141663249081,5509.6969605379818,1.1735991324934112,0.26012577036268891,0.26012577036268891,0,2585.6099644363157,0.027129753264240219,1345.9128015891654,1458.0912575066959,1345.9128015891654,1458.0912575066959,3182.7782839491142,1.2309583919177796,0.6234541570105212,0.6234541570105212,0,4233.2952980258588,0.026818715061942673,1345.9128015891654,1549.1578139750727,1345.9128015891654,1549.1578139750727,5009.4805359859492,1.183352490983101,0.4096557621943413,0.4096557621943413,0
3,0.84000000000000064,168,19.138965413679838,0.82907357677004012,0.12843865204757268,0.17065819710776953,23.710770863443926,-0.37173864469216022,23.713684752874215,0.019270146964068546,0.29635073482034274,0,1.8029777546238275,3.9554294259277771,-0.48578350951054006,2614.3177442045499,5735.3726675952767,-1214.4587737763502,466.84234196237117,985.76700190150825,816.74596245004113,23,7.0356435877272361e-07,1,2716.6057333673066,0.025989917566494478,0,1328.9503611654357,0,1328.9503611654357,3330.8333037058651,1.2261011094816496,0.39898435015851841,0.39898435015851841,0,4688.1397371703233,0.025912978030115413,0,1413.2258974646697,0,1413.2258974646697,5502.6123508808705,1.1737304473356309,0.25682817675470765,0.25682817675470765,0,2590.7025522811446,0.026981072854045857,1333.5783066915424,1452.1666386173606,1333.5783066915424,1452.1666386173606,3188.5450925502055,1.2307646393997078,0.6183394336078345,0.6183394336078345,0,4224.1944771812268,0.02667612320626811,1333.5783066915424,1541.5388924898739,1333.5783066915424,1541.5388924898739,4999.5717626209926,1.1835562471444661,0.40770013687824669,0.40770013687824669,0
3,0.84500000000000064,169,19.256796781000833,0.84246703334051198,0.12928583040580627,0.16820508680179277,23.719431620946349,-0.37214054702210103,23.722350747923098,0.018717192570422873,0.29358596285211436,0,1.7873420401981626,3.9199991268058962,-0.49545360249170378,2591.6459582873358,5683.9987338685496,-1238.6340062292595,462.79380980358502,976.93710659669148,809.43005379702834,23,7.053520878486097e-07,1,2727.4598947515165,0.025580985464226092,0,1312.1891233928097,0,1312.1891233928097,3343.0749851138548,1.2257100430869667,0.3925096293788698,0.3925096293788698,0,4681.3341079448992,0.025503548426333133,0,1392.8460151464685,0,1392.8460151464685,5495.2629876322962,1.1738668637869796,0.25346303139289678,0.25346303139289678,0,2595.9941948547639,0.026824891246254891,1321.1368328345145,1445.9070308975381,1321.1368328345145,1445.9070308975381,3194.5363486107731,1.2305637489260624,0.61310417999586064,0.61310417999586064,0,4214.8543024488208,0.026526147528739625,1321.1368328345145,1533.5303825388996,1321.1368328345145,1533.5303825388996,4989.4006100191009,1.1837658557071049,0.40568678253690138,0.40568678253690138,0
3,0.85000000000000064,170,19.374659824418828,0.85596343055200286,0.13012062251476111,0.1657037337314419,23.728018132333222,-0.37243572179988021,23.730940833755554,0.018159619989581797,0.29079809994790901,0,1.7715533842957578,3.8835027832704734,-0.50508009192157888,2568.7524072288488,5631.0790357421865,-1262.7002298039472,458.70567673323239,967.84153310834779,801.89402052705452,23,7.0684826258826661e-07,1,2738.5995347750363,0.025165348388915914,0,1295.0029995104401,0,1295.0029995104401,3355.6345870866699,1.2253104349418216,0.3859189568774678,0.3859189568774678,0,4674.2826009917317,0.02508750699891537,0,1372.0767228417274,0,1372.0767228417274,5487.6472006197582,1.1740084348891222,0.25003005344198681,0.25003005344198681,0,2601.4861615895616,0.026661203134636859,1308.5914497655906,1439.3082400107714,1308.5914497655906,1439.3082400107714,3200.7533808279964,1.2303557205440872,0.60774932722875619,0.60774932722875619,0,4205.2742026436708,0.026368777244021497,1308.5914497655906,1525.1308251321843,1308.5914497655906,1525.1308251321843,4978.966313228083,1.1839813703701001,0.40361508897583032,0.40361508897583032,0
3,0.85500000000000065,171,19.492554185007286,0.86956183889275251,0.13094278771889314,0.16315436388560803,23.736529826020782,-0.37262352370421059,23.739454426586807,0.017597566794236533,0.28798783397118266,0,1.7556145105768437,3.8459361603575895,-0.51465976498642552,2545.6410403364234,5576.6074325185045,-1286.6494124660637,454.57864798453625,958.47922600874426,794.13698817755551,23,7.0803410201492056e-07,1,2750.0253562489879,0.024743108296282641,0,1277.3892094521641,0,1277.3892094521641,3368.5126048115671,1.224902380320664,0.37921461467222878,0.37921461467222878,0,4666.9838082664764,0.024664956227608392,0,1350.9203220217871,0,1350.9203220217871,5479.7633712702127,1.1741552138158453,0.24652895216324694,0.24652895216324694,0,2607.1796795647128,0.026490006005710456,1295.9452528703221,1432.3660194507238,1295.9452528703221,1432.3660194507238,3207.1974653089824,1.2301405578016957,0.60227585311041865,0.60227585311041865,0,4195.4536559198241,0.02620400417351423,1295.9452528703221,1516.3388311240274,1295.9452528703221,1516.3388311240274,4968.2681563287942,1.1842028452199733,0.40148443181880134,0.40148443181880134,0
3,0.86000000000000065,172,19.610479506460287,0.88326130091547939,0.13175208653337125,0.16055721968208136,23.744966140298857,-0.37270335198468746,23.747890954619944,0.017031171662602835,0.28515585831301421,0,1.7395281700242071,3.8072952620113165,-0.52418926307674152,2522.3158465351003,5520.5781299164091,-1310.4731576918537,450.41343586531985,948.8491894104892,786.1581316174362,23,7.0889085890257775e-07,1,2761.7379989068513,0.024314369328925049,0,1259.3451888966151,0,1259.3451888966151,3381.7094559607981,1.2244859785031539,0.37239899089403433,0.37239899089403433,0,4659.4363777278295,0.024236000687894863,0,1329.37921246422,0,1329.37921246422,5471.6099370443526,1.1743072538126551,0.24295942652343425,0.24295942652343425,0,2613.0759300652239,0.026311300218688622,1283.2013624085639,1425.0760785779557,1283.2013624085639,1425.0760785779557,3213.8698216815801,1.2299182678558291,0.59668478385407941,0.59668478385407941,0,4185.3921933000966,0.026031822827332383,1283.2013624085639,1507.1530846486141,1283.2013624085639,1507.1530846486141,4957.3054762521415,1.1844303346739429,0.39929417249900295,0.39929417249900295,0
3,0.86500000000000066,173,19.728435435228754,0.89706083115496327,0.1325482807280402,0.15791256069407325,23.753326523213911,-0.37267465140299139,23.756249857968236,0.016460574344204285,0.28230287172102142,0,1.7232971413294789,3.7675763482397251,-0.53366508285278125,2498.7808549277443,5462.9857049476013,-1334.1627071319531,446.21075985802906,938.95049124211323,777.95667858955278,23,7.0939989793572522e-07,1,2773.7380350788726,0.023879237780158175,0,1240.8686016972765,0,1240.8686016972765,3395.2254760314836,1.2240613327909096,0.3654745790690957,0.3654745790690957,0,4651.6390175630995,0.023800747014046556,0,1307.455892551646,0,1307.455892551646,5463.185395944407,1.1744646081342873,0.23932116481388957,0.23932116481388957,0,2619.1760450894617,0.026125089085186615,1270.3629227445963,1417.434091194131,1270.3629227445963,1417.434091194131,3220.7716091572302,1.2296888615775425,0.59097719580528996,0.59097719580528996,0,4175.089402268567,0.025852230486421983,1270.3629227445963,1497.5723466172901,1270.3629227445963,1497.5723466172901,4946.0776666708134,1.1846638934206593,0.39704365828649452,0.39704365828649452,0
3,0.87000000000000066,174,19.846421620653626,0.91095941605265429,0.13333113341500094,0.15522066437016058,23.761610432454859,-0.37253691317683674,23.764530588577315,0.015885915625391159,0.27942957812695579,0,1.7069242313221618,3.7267759525176971,-0.54308357781155248,2475.0401354171345,5403.825131150661,-1357.7089445288811,441.97134673081877,928.78226758516064,769.53191330416053,23,7.0954275832590952e-07,1,2786.0259652994305,0.023437822058073144,0,1221.9573520942456,0,1221.9573520942456,3409.0609136294211,1.2236285505196394,0.35844397711078196,0.35844397711078196,0,4643.5905004697515,0.02335930386245039,0,1285.1529595648328,0,1285.1529595648328,5454.4883110880291,1.1746273299801622,0.2356138442816606,0.2356138442816606,0,2625.4811038112484,0.02593137894845006,1257.433101571301,1409.4357046504285,1257.433101571301,1409.4357046504285,3227.9039225532697,1.2294523536534014,0.58515421722406147,0.58515421722406147,0,4164.5449304195699,0.025665227284591398,1257.433101571301,1487.5954582697341,1257.433101571301,1487.5954582697341,4934.5841819594725,1.1849035763584193,0.39473222235494915,0.39473222235494915,0
3,0.87500000000000067,175,19.964437715095798,0.92495601388871829,0.13410040913976884,0.1524818267451255,23.769817335242266,-0.37228967592462403,23.772732610147781,0.015307337294603514,0.2765366864730176,0,1.6904122754405289,3.6848908994051026,-0.55244096036281043,2451.0977993887668,5343.0918041373989,-1381.1024009070261,437.69593065948288,918.34372706494923,760.8831800768279,23,7.0930123063916994e-07,1,2798.6022138553099,0.022990232649873661,0,1202.6095966741955,0,1202.6095966741955,3423.2159257062617,1.2231877430663838,0.35130988601780322,0.35130988601780322,0,4635.2896679852083,0.022911781875265134,0,1262.4731099720118,0,1262.4731099720118,5445.5173153404467,1.1747954724278138,0.23183713077461468,0.23183713077461468,0,2631.9921290029133,0.025730179261851178,1244.4150891285792,1401.0765494845668,1244.4150891285792,1401.0765494845668,3235.2677882824669,1.2292087626827723,0.57921703012157122,0.57921703012157122,0,4153.7584891565693,0.025470816290220279,1244.4150891285792,1477.2213447708882,1244.4150891285792,1477.2213447708882,4922.824541216708,1.1851494385308616,0.39235918389101615,0.39235918389101615,0
3,0.88000000000000067,176,20.082483374062697,0.9390495547219323,0.134855873975958,0.14969636313913073,23.777946708221556,-0.37193252660860576,23.78085539805862,0.014724982107387043,0.27362491053693522,0,1.6737641382433559,3.64191832234722,-0.56173330441950275,2426.9580004528661,5280.7815674034691,-1404.3332610487569,433.38525335995558,907.63415528675148,752.00988700398273,23,7.0865743362347189e-07,1,2811.467124283271,0.022536582086537041,0,1182.8237560453704,0,1182.8237560453704,3437.6905727599897,1.2227390258516226,0.34407510827704502,0.34407510827704502,0,4626.7354348567742,0.022458293644461412,0,1239.4191397164091,0,1239.4191397164091,5436.2711159966175,1.1749690883643324,0.22799067840257808,0.22799067840257808,0,2638.710083425995,0.025521502666394604,1231.3120974162084,1392.3522495784205,1231.3120974162084,1392.3522495784205,3242.8641603178835,1.2289581112705945,0.57316687214655759,0.57316687214655759,0,4142.7298574339602,0.02526900358740327,1231.3120974162084,1466.4490188451227,1231.3120974162084,1466.4490188451227,4910.7983323417357,1.1854015350601508,0.38992384824996107,0.38992384824996107,0
3,0.88500000000000068,177,20.200558256331316,0.95323894033784928,0.13559729562342704,0.14686460884264926,23.785998037360894,-0.37146510147422873,23.788898439292005,0.014138993751170212,0.27069496875585108,0,1.6569827139612081,3.5978556816226566,-0.57095654850592126,2402.6249352437517,5216.8907383528522,-1427.3913712648032,429.04006423105511,896.65291930873275,742.9115096689153,23,7.0759388615115881e-07,1,2824.6209548257402,0.022076984907842403,0,1162.5985261949459,0,1162.5985261949459,3452.4848140090689,1.2222825183360093,0.33674254597080233,0.33674254597080233,0,4617.9267934432055,0.021998953676292721,0,1215.9939445040659,0,1215.9939445040659,5426.7484995047707,1.1751482304158603,0.22407412921660805,0.22407412921660805,0,2645.6358661966124,0.02530536506696732,1218.1273594013298,1383.2584328256196,1218.1273594013298,1383.2584328256196,3250.6939161415125,1.2287004261152297,0.56700503851626172,0.56700503851626172,0,4131.4588855344427,0.025059798356277304,1218.1273594013298,1455.2775844387631,1218.1273594013298,1455.2775844387631,4898.5052161583653,1.1856599210776602,0.3874255071616341,0.3874255071616341,0
3,0.89000000000000068,178,20.318662024067581,0.96752304420565249,0.13632444350980838,0.1439869197845568,23.793970817854376,-0.37088708698317674,23.796861232359962,0.013549516809811587,0.26774758404905796,0,1.6400709270858107,3.5527007824025558,-0.58010649938448045,2378.1028442744255,5151.4161344837057,-1450.266248461201,424.66112050708887,885.39947214262475,733.58759487075918,23,7.0609359115181292e-07,1,2838.0638738538314,0.02161155762780349,0,1141.9328894967687,0,1141.9328894967687,3467.5985025509681,1.221818344011506,0.3293151985896568,0.3293151985896568,0,4608.8628181390814,0.021533878356240155,0,1192.2005200941176,0,1192.2005200941176,5416.9483362223291,1.1753329508751853,0.22008711290858171,0.22008711290858171,0,2652.7703091327849,0.025081785707062293,1204.8641282207609,1373.790742295886,1204.8641282207609,1373.790742295886,3258.7578526853977,1.2284357380909905,0.56073288398659782,0.56073288398659782,0,4119.9454988743037,0.024843212952274984,1204.8641282207609,1443.7062404017863,1204.8641282207609,1443.7062404017863,4885.9449305784347,1.18592465165217,0.38486343899124825,0.38486343899124825,0
3,0.89500000000000068,179,20.436794342941887,0.98190071144412483,0.13703708889533053,0.14106367318079599,23.801864554031205,-0.37019822073750236,23.804743287233414,0.012956696727925893,0.2647834836396295,0,1.623031732995825,3.5064517928833001,-0.58917883619967948,2353.3960128439462,5084.3550996807853,-1472.9470904991986,420.24918741988392,873.87335727271557,724.03776436864791,23,7.0414011554831291e-07,1,2851.7959552673428,0.021140418700537362,0,1120.8261253382336,0,1120.8261253382336,3483.0313805162305,1.2213466303867144,0.32179616055371646,0.32179616055371646,0,4599.542669812774,0.021063185914467739,0,1168.0419625937277,0,1168.0419625937277,5406.869585194795,1.175523301627482,0.21602924653335176,0.21602924653335176,0,2660.1141730912941,0.024850787241700673,1191.5256763783327,1363.9448478801128,1191.5256763783327,1363.9448478801128,3267.056682274283,1.2281640823249578,0.55435182485610113,0.55435182485610113,0,4108.1897018285899,0.024619262984040807,1191.5256763783327,1431.7342841792238,1191.5256763783327,1431.7342841792238,4873.1172947965306,1.1861957817155973,0.382236909059951,0.382236909059951,0
3,0.90000000000000069,180,20.55495488224064,0.99637075879715686,0.13773500498082986,0.13809526816103576,23.809678759271517,-0.36939829239211031,23.81254412527413,0.012360679774997815,0.2618033988749891,0,1.6058681186171433,3.4591072624535402,-0.59816911513530913,2328.5087719948579,5015.7055305576332,-1495.4227878382728,415.80503836975583,862.07421318339311,714.26171863296065,23,7.0171766841653493e-07,1,2865.8171738817296,0.0206636884865944,0,1099.2778203360097,0,1099.2778203360097,3498.7830742295773,1.2208675089662122,0.31418861844644874,0.31418861844644874,0,4589.9656002485153,0.020586996391819382,0,1143.5214687599228,0,1143.5214687599228,5396.5112989479067,1.1757193340742516,0.21190013425578511,0.21190013425578511,0,2667.668144301917,0.024612395808274588,1178.1152949374509,1353.716458397414,1178.1152949374509,1353.716458397414,3275.5910285790592,1.227885498267711,0.54786334099818512,0.54786334099818512,0,4096.1915815678385,0.024387967389742093,1178.1152949374509,1419.3611155025294,1178.1152949374509,1419.3611155025294,4860.0222135074619,1.1864733659862812,0.37954517003073263,0.37954517003073263,0
3,0.90500000000000069,181,20.673143314973693,1.0109319746192202,0.13841796701883513,0.13508212637077435,23.81741295592952,-0.36848714455273673,23.82026327917011,0.01176161300929208,0.25880806504646042,0,1.5885831031156046,3.4106661398550093,-0.60707277457843978,2303.4454995176266,4945.4659027897633,-1517.6819364460994,411.32945510487212,850.00177788514134,704.25924059528393,23,6.98811182253678e-07,1,2880.1274008124228,0.020181489219768253,0,1077.2878781113504,0,1077.2878781113504,3514.8530893898696,1.2203811152237238,0.3064958479668215,0.3064958479668215,0,4580.1309565827059,0.020105431606382226,0,1118.6423363105994,0,1118.6423363105994,5385.8726282829448,1.1759210990555198,0.20769936712506895,0.20769936712506895,0,2675.4328307071519,0.024366641095030381,1164.636292709072,1343.101334142516,1164.636292709072,1343.101334142516,3284.3614225905808,1.227600029757608,0.54126897791628392,0.54126897791628392,0,4083.9513118977202,0.024149348511503452,1164.636292709072,1406.5862400709962,1164.636292709072,1406.5862400709962,4846.6596811376103,1.1867574588898506,0.37678746236586036,0.37678746236586036,0
3,0.9100000000000007,182,20.791359317977502,1.0255831188712325,0.1390857524275961,0.13202469254637383,23.825066675264665,-0.36746467365646002,23.827900292874997,0.011159644241569096,0.25579822120784551,0,1.5711797386198636,3.3611277912953588,-0.61588514078112977,2278.2106209988024,4873.6352973782705,-1539.7128519528244,406.82322790842318,837.65589342857845,694.03019938846523,23,6.954063924702325e-07,1,2894.7263988672103,0.019693944974398376,0,1054.856528596943,0,1054.856528596943,3531.240806281075,1.2198875885689753,0.29872121060694945,0.29872121060694945,0,4570.0381857243674,0.019618615120634942,0,1093.4079642469942,0,1093.4079642469942,5374.9528270648316,1.1761286467703513,0.2034265228787292,0.2034265228787292,0,2683.4087583157461,0.024113556406911704,1151.0919954353049,1332.0952998490159,1151.0919954353049,1332.0952998490159,3293.3682986235913,1.2273077250782654,0.53457034881666687,0.53457034881666687,0,4071.4691570926771,0.023903432167690478,1151.0919954353049,1393.4092732131091,1151.0919954353049,1393.4092732131091,4833.0297860809833,1.1870481144777025,0.3739630148627599,0.3739630148627599,0
3,0.9150000000000007,183,20.90960257201386,1.0403229231272355,0.13973814090791445,0.12892343506056542,23.832639457381482,-0.36633083083168072,23.835454721551979,0.010554921998614828,0.25277460999307416,0,1.5536611109719312,3.3104920184700601,-0.62460143400821222,2252.8086109093001,4800.2134267815873,-1561.5035850205306,402.28715579295766,825.03651039583247,683.57455406789336,23,6.9148991777012725e-07,1,2909.6138179576892,0.019201181633170444,0,1031.9843368485126,0,1031.9843368485126,3547.9454750266368,1.2193870723081059,0.29086815006388023,0.29086815006388023,0,4559.6868387493541,0.01912667220919239,0,1067.8218531898904,0,1067.8218531898904,5363.7512569923347,1.1763420266957461,0.19908116577886573,0.19908116577886573,0,2691.5963675785852,0.02385317872848234,1137.4857449688338,1320.694258041143,1137.4857449688338,1320.694258041143,3302.6119903607409,1.2270086370089131,0.52776913669399961,0.52776913669399961,0,4058.7454757143723,0.023650247722767938,1137.4857449688338,1379.829943517633,1137.4857449688338,1379.829943517633,4819.1327149305016,1.1873453863431274,0.3710710452760998,0.3710710452760998,0
3,0.92000000000000071,184,21.027872761864089,1.0551500905923101,0.14037491456262324,0.12577884643602996,23.840130851178781,-0.36508562273442291,23.84292613152282,0.0099475954865941071,0.24973797743297055,0,1.5360303405027336,3.2587590764494134,-0.63321677515686714,2227.2439937289637,4725.2006608516494,-1583.0419378921679,397.72204670119697,812.14369235830225,672.89235730492237,23,6.8704932942864616e-07,1,2924.7891905410997,0.018703326855413382,0,1008.6722113358607,0,1008.6722113358607,3564.9662108998828,1.2188797135975284,0.28294018839557183,0.28294018839557183,0,4549.0765752577045,0.018629729827151612,0,1041.8876057318264,0,1041.8876057318264,5352.2673923394395,1.1765612875039886,0.19466284648316579,0.19466284648316579,0,2699.9960097956759,0.023585548783650746,1123.8208984483674,1308.8942027438225,1123.8208984483674,1308.8942027438225,3312.0927269468229,1.2267028228673078,0.52086709642521223,0.52086709642521223,0,4045.7807244055207,0.023389828154457053,1123.8208984483674,1365.8480964241285,1123.8208984483674,1365.8480964241285,4804.9687566947596,1.1876493275351181,0.36811076103478912,0.36811076103478912,0
3,0.92500000000000071,185,21.146169576418536,1.0700632961321463,0.14099585801854986,0.12259144382473564,23.847540414308888,-0.36372911235773525,23.850314100222501,0.0093378145542361343,0.24668907277118068,0,1.5182905828298612,3.205929691385788,-0.64172619283112287,2201.5213451032987,4648.5980525093928,-1604.3154820778072,393.1287177125937,798.97762028961358,661.983759043178,23,6.8207323167257528e-07,1,2940.2519271040901,0.018200510045884362,0,984.92141168950934,0,984.92141168950934,3582.3019897032937,1.2183656633911539,0.27494092193246,0.27494092193246,0,4538.2071676833175,0.018127916579036635,0,1015.6089268075334,0,1015.6089268075334,5340.5008246567058,1.1767864769785172,0.19017110195331127,0.19017110195331127,0,2708.6079435631191,0.023310711091921881,1110.1008274703131,1296.6912335180207,1110.1008274703131,1296.6912335180207,3321.8106291434865,1.226390344544922,0.51386605686786524,0.51386605686786524,0,4032.5754616494751,0.02312221011791836,1110.1008274703131,1351.4636977626092,1110.1008274703131,1351.4636977626092,4790.5383069902809,1.1879599904699045,0.36508136006369196,0.36508136006369196,0
3,0.93000000000000071,186,21.264492708761253,1.08506118631468,0.14160075855078524,0.11936176945080591,23.854867713147584,-0.36226141981091114,23.857618216160105,0.0087257296558616235,0.24362864827930814,0,1.5004450296745104,3.1520050779954496,-0.65012463085180516,2175.6452930280402,4570.4073630934017,-1625.3115771295129,388.50799525486042,785.53859692240178,650.84901010831891,23,6.7655132962585185e-07,1,2956.0013117001686,0.017692862324026573,0,960.73355588079107,0,960.73355588079107,3599.9516432296173,1.2178450763809288,0.26687401695731949,0.26687401695731949,0,4527.0785055449724,0.017621362688332878,0,988.98962408479144,0,988.98962408479144,5328.4512674212756,1.1770176419283971,0.18560545540344536,0.18560545540344536,0,2717.4323312691113,0.023028714020906432,1096.3289172568866,1284.0815697855887,1096.3289172568866,1284.0815697855887,3331.7657055548075,1.2260712685341411,0.50676792296003759,0.50676792296003759,0,4019.1303514857491,0.022847434006689017,1096.3289172568866,1336.676837232053,1096.3289172568866,1336.676837232053,4775.8418721990729,1.1882774268402594,0.36198203172110732,0.36198203172110732,0
3,0.93500000000000072,187,21.382841856249723,1.1001423794642053,0.14218940620907186,0.11609039101479436,23.862112322775385,-0.36068272306520244,23.864838078886407,0.0081114918142604249,0.24055745907130213,0,1.4824969096944727,3.0969869567687245,-0.6584069561799768,2149.6205190569854,4490.6310873146504,-1646.017390449942,383.8607153196545,771.82705103739136,639.48846576170502,23,6.704744897056969e-07,1,2972.0364975527818,0.017180516493676905,0,936.11062681491842,0,936.11062681491842,3617.913854817883,1.217318110930645,0.25874320516734356,0.25874320516734356,0,4515.6905996275646,0.017110199967594431,0,962.03360837782657,0,962.03360837782657,5316.1185606239542,1.1772548281014659,0.18096541629141402,0.18096541629141402,0,2726.4692356481223,0.02273960983482419,1082.5085658208595,1271.0615654051726,1082.5085658208595,1271.0615654051726,3341.9578489341443,1.2257456659472306,0.49957467781981657,0.49957467781981657,0,4005.4461671715321,0.02256554401010754,1082.5085658208595,1321.4877318075953,1082.5085658208595,1321.4877318075953,4760.8800735810937,1.1886016875226202,0.35881195786450287,0.35881195786450287,0
3,0.94000000000000072,188,21.501216720589515,1.1153054657283656,0.14276159394611229,0.11277790205735892,23.869273826970819,-0.35899325866267162,23.8719732989688,0.0074952525834288955,0.23747626291714449,0,1.4644494893298734,3.0408775708618054,-0.66656796722943212,2123.4517595283164,4409.2724777496178,-1666.4199180735802,379.18772368156169,757.84354167313438,627.90258918832762,23,6.6383480890053193e-07,1,2988.3565027360851,0.016663607013194019,0,911.05497831839625,0,911.05497831839625,3636.187155017451,1.2167849290030235,0.25055227893351489,0.25055227893351489,0,4504.0435860823536,0.016594561789100268,0,934.74489408529769,0,934.74489408529769,5303.5026752817803,1.1774980800962456,0.17625048035553859,0.17625048035553859,0,2735.7186164024533,0.022443454738745799,1068.6431831271502,1257.627723458183,1068.6431831271502,1257.627723458183,3352.3868325827129,1.2254136125268598,0.49228838484376908,0.49228838484376908,0,3991.5237947791084,0.02227658816696438,1068.6431831271502,1305.8967290663686,1068.6431831271502,1305.8967290663686,4745.6536513311248,1.1889328224820843,0.35557031405862988,0.35557031405862988,0
3,0.94500000000000073,189,21.619617007903749,1.130549007158413,0.14331711774759093,0.1094249222804564,23.876351818216332,-0.35719332238481427,23.879023497974089,0.0068771640111762958,0.23438582005588149,0,1.4463060736582318,2.9836797026232271,-0.67460240254146686,2097.1438068044363,4326.3355688036791,-1686.5060063536671,374.48987611949605,743.588762244706,616.09195490930745,23,6.5662566095525676e-07,1,3004.9602059455465,0.016142269965970249,0,885.56934050401412,0,885.56934050401412,3654.769917373193,1.2162456960800838,0.24230508637339962,0.24230508637339962,0,4492.137730434958,0.016074583056028598,0,907.1275996548444,0,907.1275996548444,5290.6037178643055,1.1777474412726956,0.17146012969972185,0.17146012969972185,0,2745.1803269004408,0.022140308918326492,1054.7361902514667,1243.7767112014092,1054.7361902514667,1243.7767112014092,3363.052306850343,1.2250751886480027,0.48491118980535158,0.48491118980535158,0,3977.3642367190555,0.021980618415123589,1054.7361902514667,1289.9043104221678,1054.7361902514667,1289.9043104221678,4730.1634685694089,1.189270880675324,0.35225627094204925,0.35225627094204925,0
3,0.95000000000000073,190,21.738042428797268,1.1458715378031246,0.14385577676369157,0.10603209782431743,23.883345897717405,-0.35528326987758679,23.88598830845962,0.0062573786016091515,0.23128689300804578,0,1.4280700072552976,2.9253966897079402,-0.68250494979290743,2070.7015105201817,4241.8252000765133,-1706.2623744822686,369.76803863959287,729.06354455962094,604.05725210923697,23,6.4884174966195474e-07,1,3021.846342370583,0.015616643031283694,0,859.65682449858446,0,859.65682449858446,3673.6603543448991,1.2157005810768591,0.2340055262544492,0.2340055262544492,0,4479.9734314898251,0.015550400174110775,0,879.18594807605427,0,879.18594807605427,5277.4219346218533,1.1780029536619003,0.16659383292972407,0.16659383292972407,0,2754.8541109605594,0.021830236574795839,1040.7910185362059,1229.5053751405844,1040.7910185362059,1229.5053751405844,3373.9537957487728,1.2247304793110609,0.47744532295611081,0.47744532295611081,0,3962.9686151790338,0.021677690636868807,1040.7910185362059,1273.5110942593767,1040.7910185362059,1273.5110942593767,4714.4105152553857,1.1896159099514858,0.34886899577027258,0.34886899577027258,0
3,0.95500000000000074,191,21.856492698415387,1.1612715638167479,0.14437737344188617,0.10260010149861257,23.89025567543549,-0.35326351722949467,23.892867373973413,0.0056360492775032267,0.22818024638751613,0,1.4097446750580072,2.8660324407320701,-0.69027025510626461,2044.1297788341103,4155.7470390615017,-1725.6756377656616,365.02308769865317,714.26886271928163,591.7992878686797,23,6.4047915326881366e-07,1,3039.0134996813922,0.01508686545544078,0,833.32092652062499,0,833.32092652062499,3692.8565133738061,1.2151497562485203,0.22565754274576463,0.22565754274576463,0,4467.5512251199552,0.015022151023720166,0,850.92426740361975,0,850.92426740361975,5263.9577158040274,1.178264657874782,0.1616510453434841,0.1616510453434841,0,2764.7395997306471,0.021513305954979599,1026.8111087438226,1214.810756177143,1026.8111087438226,1214.810756177143,3385.0906936877336,1.2243795741260854,0.46989310113478455,0.46989310113478455,0,3948.3381754680063,0.021367864699736564,1026.8111087438226,1256.7178389569312,1026.8111087438226,1256.7178389569312,4698.3959120137915,1.1899679569511239,0.34540765415625602,0.34540765415625602,0
3,0.96000000000000074,192,21.97496753649715,1.1767475635813398,0.1448817136607618,0.099129632966380846,23.897080770135307,-0.35113454149943502,23.899660349063641,0.0050133293425720761,0.22506664671286039,0,1.3913335032258105,2.8055914504216926,-0.6978929326289437,2017.4335796774253,4068.1076031114544,-1744.7323315723593,360.25591042716354,699.20583689432931,579.31899029219448,23,6.3153535556637053e-07,1,3056.4601141420894,0.014553078023152673,0,806.56553129717656,0,806.56553129717656,3712.356273109051,1.2145933970910212,0.21726512003700771,0.21726512003700771,0,4454.8717879307478,0.014489974932343734,0,822.34699131232173,0,822.34699131232173,5250.2115997567735,1.1785325930099224,0.15663120917839171,0.15663120917839171,0,2774.8363086713871,0.021189589376143056,1012.7999102078718,1199.6901047785154,1012.7999102078718,1199.6901047785154,3396.4622623439568,1.2240225672880174,0.46225692989205325,0.46225692989205325,0,3933.4742892557761,0.021051204492610481,1012.7999102078718,1239.5254457934705,1012.7999102078718,1239.5254457934705,4682.1209138624645,1.1903270670032355,0.34187141203189392,0.34187141203189392,0
3,0.96500000000000075,193,22.093466667422987,1.1922979878438495,0.1453686068646465,0.09562141887946185,23.903820809447055,-0.3488968811910419,23.906366899298163,0.0043893724436417205,0.22194686221820861,0,1.3728399599965437,2.7440788142095536,-0.7053675743466602,1990.6179419949883,3978.9142806038526,-1763.4189358666506,355.46740485090584,683.87573696241373,566.617411522368,23,6.220092729769533e-07,1,3074.1844668621338,0.014015423029083096,0,779.39491481104233,0,779.39491481104233,3732.1573398065516,1.2140316822353932,0.20883227684378403,0.20883227684378403,0,4441.9359407869615,0.013954012647378103,0,793.45865968535372,0,793.45865968535372,5236.1842768864599,1.1788067965605971,0.15153375391844692,0.15153375391844692,0,2785.143634653085,0.020859163245459771,998.76087998193873,1184.1408961206719,998.76087998193873,1184.1408961206719,3408.0676276729755,1.2236595575428846,0.45453930564181966,0.45453930564181966,0,3918.378457697821,0.020727777956862342,998.76087998193873,1221.9349617252856,998.76087998193873,1221.9349617252856,4665.5869138312264,1.1906932840204556,0.33825943785755269,0.33825943785755269,0
3,0.97000000000000075,194,22.211989820256683,1.2079212598682849,0.1458378661987888,0.092076212964350854,23.910475429944011,-0.34655113667035731,23.912986701294418,0.0037643325327404854,0.21882166266370243,0,1.3542675565329436,2.6815002422343417,-0.71268876009463489,1963.6879569727682,3888.1753512397954,-1781.7219002365871,350.65848011014276,668.27998599706916,553.6957306304829,23,6.1190127453869536e-07,1,3092.18468019786,0.013474044249499184,0,751.81374637179317,0,751.81374637179317,3752.2572439125693,1.2134647933358473,0.20036306081932134,0.20036306081932134,0,4428.7446521919983,0.013414406309185247,0,764.26391923736116,0,764.26391923736116,5221.8765934795765,1.1790873043211059,0.14635809666426777,0.14635809666426777,0,2795.6608531745883,0.020522108073925537,984.69748198666093,1168.160845150212,984.69748198666093,1168.160845150212,3419.9057770733889,1.2232906481449439,0.44674281785351794,0.44674281785351794,0,3903.0523144355543,0.020397657112339162,984.69748198666093,1203.9475820291716,984.69748198666093,1203.9475820291716,4648.7954464613476,1.1910666503924736,0.33457090511061915,0.33457090511061915,0
3,0.97500000000000075,195,22.330536728781588,1.2236157756032848,0.1462893086448406,0.088494796057581981,23.917044277236013,-0.34409797052374025,23.919519442760269,0.0031383638291137138,0.21569181914556859,0,1.3356198477558716,2.6178620726981552,-0.71985106772875262,1936.6487792460139,3795.9000054123253,-1799.6276693218815,345.83005667536236,652.42016359664296,540.55525637466394,23,6.0121319256367656e-07,1,3110.4587143156764,0.012929086913951976,0,723.82709000599698,0,723.82709000599698,3772.6533368438049,1.2128929149518759,0.19186154289266064,0.19186154289266064,0,4415.2990415089625,0.012871299424337452,0,734.76752417344198,0,734.76752417344198,5207.289555366925,1.1793741502925006,0.14110364256893479,0.14110364256893479,0,2806.387115713017,0.02017850848455419,970.61318615505866,1151.7479215121689,970.61318615505866,1151.7479215121689,3431.9755567129246,1.2229159468047817,0.4388701513041996,0.4388701513041996,0,3887.4976284623453,0.020060918078010047,970.61318615505866,1185.5646528028617,970.61318615505866,1185.5646528028617,4631.7481911752802,1.1914472068777351,0.33080499508862654,0.33080499508862654,0
3,0.98000000000000076,196,22.449107131531012,1.2393799038654063,0.14672275515638944,0.084877976089936649,23.92352700607923,-0.34153810785303623,23.925964822546195,0.0025116207811724375,0.21255810390586219,0,1.3169004331602574,2.5531712845389309,-0.72684908341774424,1909.5056280823733,3702.0983625814497,-1817.1227085443606,340.98306655854856,636.29800904250294,527.19742981657305,23,5.899483235261016e-07,1,3129.004363928223,0.012380697676907693,0,695.44040516417851,0,695.44040516417851,3793.3427879754709,1.2123162344245575,0.18333181155382455,0.18333181155382455,0,4401.6003820132291,0.01232483683897522,0,704.97433688518606,0,704.97433688518606,5192.4243314213945,1.1796673665877986,0.13576978534267897,0.13576978534267897,0,2817.3214472127011,0.019828453214709982,956.5114675763798,1134.9003642888399,956.5114675763798,1134.9003642888399,3444.2756690252772,1.2225355656284267,0.43092408841406965,0.43092408841406965,0,3871.7163068458476,0.019717641087102299,956.5114675763798,1166.787673316333,956.5114675763798,1166.787673316333,4614.4469755065566,1.1918349924934935,0.32696090006787737,0.32696090006787737,0
3,0.98500000000000076,197,22.56770077181271,1.2552119865384179,0.14713803079428253,0.081226588018971424,23.929923280502642,-0.33887233650515397,23.93232255070934,0.001884258028385612,0.20942129014192806,0,1.2981129576097681,2.4874355093760805,-0.73367741201650316,1882.2637885341637,3606.7814885953167,-1834.1935300412579,336.11845351894237,619.915424276115,513.62382678803544,23,5.7811141829233748e-07,1,3147.8192552144142,0.011829024589247091,0,666.65954674411466,0,666.65954674411466,3814.3225818483179,1.211734941747316,0.17477796710656535,0.17477796710656535,0,4387.650103766644,0.011775164712197063,0,674.88932868470192,0,674.88932868470192,5177.2822568788388,1.1799669833367805,0.13035590782944173,0.13035590782944173,0,2828.4627437214358,0.019472035112450065,942.39580563867628,1117.6166964943927,942.39580563867628,1117.6166964943927,3456.804670386317,1.222149621047568,0.42290751169487412,0.42290751169487412,0,3855.7103972975065,0.019367910496572834,942.39580563867628,1147.6182982079606,942.39580563867628,1147.6182982079606,4596.8937781800078,1.1922300444042691,0.32303782686476612,0.32303782686476612,0
3,0.99000000000000077,198,22.686317397727464,1.2711103387888747,0.14753496486148376,0.077541493709560774,23.936232773951545,-0.33610150723333865,23.938592348589687,0.0012564303631250407,0.2062821518156252,0,1.2792611121061872,2.4206630426891818,-0.74033068748003039,1854.9286125539713,3509.9614118993136,-1850.8267187000761,331.23717326225568,603.27447668498826,499.8361601992998,23,5.6570866435734501e-07,1,3166.9008429338842,0.011274217069545416,0,637.490764432059,0,637.490764432059,3835.5895156050015,1.2111492294313926,0.16620411590928683,0.16620411590928683,0,4373.4497963038611,0.011222430489395013,0,644.51758057738891,0,644.51758057738891,5161.8648364718829,1.1802730285904588,0.12486138265834842,0.12486138265834842,0,2839.8097701818283,0.01910935112677058,928.26968317031344,1099.8957392697732,928.26968317031344,1099.8957392697732,3469.5609689777912,1.221758233741002,0.4148234063472131,0.4148234063472131,0,3839.4820905804277,0.019011814790778733,928.26968317031344,1128.0583395202079,928.26968317031344,1128.0583395202079,4579.0907320327997,1.1926323978087792,0.31903500085436381,0.31903500085436381,0
3,0.99500000000000077,199,22.804956762181654,1.2870732492982293,0.14791339103720313,0.073823581762353888,23.942455169448415,-0.33322653378758887,23.944773948898895,0.00062829269247273954,0.2031414634623637,0,1.2603486345295172,2.3528628541914838,-0.74680358327703,1827.5055200678,3411.6511385776512,-1867.0089581925749,326.34019363230379,586.37740168795187,485.83628218104172,23,5.5274766452839685e-07,1,3186.2464077458967,0.010716425875043059,0,607.94070136554296,0,607.94070136554296,3857.1401966656094,1.2105592923663224,0.15761436462462289,0.15761436462462289,0,4359.0012111218002,0.010666782875446184,0,613.86428407409846,0,613.86428407409846,5146.1737473670019,1.1805855282253113,0.11928557297315839,0.11928557297315839,0,2851.3611583851098,0.018740502291670069,914.13658558063662,1081.736625722486,914.13658558063662,1081.736625722486,3482.542822846126,1.2213615285474713,0.40667486305061201,0.40667486305061201,0,3823.0337227471937,0.018649446579228963,914.13658558063662,1108.1097685703182,914.13658558063662,1108.1097685703182,4561.040126767155,1.1930420858253998,0.31495167050951212,0.31495167050951212,0
3,1.0000000000000007,200,22.923618622893841,1.3030989805117192,0.14827314751003842,0.070073767290249833,23.948590159771371,-0.33024839293183778,23.950867095822069,-8.3919254773423114e-17,0.19999999999999959,0,1.2413793103448252,2.284044597362044,-0.75309082276209005,1799.9999999999964,3311.864666174964,-1882.7270569052253,321.42849479402759,569.22660511075264,471.62618605263725,23,5.3923739429251327e-07,1,3205.8530537422339,0.010155803072213211,0,578.01639212328928,0,578.01639212328928,3878.9710406514641,1.2099653276757307,0.14901281449789136,0.14901281449789136,0,4344.3062639637392,0.010108371807666529,0,582.93474204312838,0,582.93474204312838,5130.2108418957168,1.1809045058473662,0.11362783324276049,0.11362783324276049,0,2863.1154050943765,0.018365593703965285,899.99999999999818,1063.1388143562481,899.99999999999818,1063.1388143562481,3495.7483381634265,1.2209596343700986,0.3984650809992355,0.3984650809992355,0,3806.3677771996513,0.018280902588318826,899.99999999999818,1087.7747176522985,899.99999999999818,1087.7747176522985,4542.7444115260423,1.1934591393762124,0.31078711253391639,0.31078711253391639,0
3,1.0050000000000006,201,23.042302742395318,1.3191857689042432,0.14861407710986982,0.066292991643200946,23.954637447650448,-0.32716812438570608,23.956871545132753,-0.0006282926924728896,0.19685853653763558,0,1.2223569732718975,2.214218618102644,-0.7591871894654636,1772.4176112442515,3210.6169962488339,-1897.967973663659,316.50306940688534,551.82466534353148,457.20800810971537,23,5.2518816007207647e-07,1,3225.717706203026,0.0095925020068312015,0,547.72526004970166,0,547.72526004970166,3901.0782695656208,1.2093675345687822,0.14040355568428264,0.14040355568428264,0,4329.3670368900894,0.0095473484284301878,0,551.73436960235233,0,551.73436960235233,5113.9781500712688,1.1812299826962207,0.10788751015579981,0.10788751015579981,0,2875.0708703437276,0.017984734494815909,885.86341441936008,1044.102102036233,885.86341441936008,1044.102102036233,3509.1754676971168,1.2205526840726466,0.39019737124671466,0.39019737124671466,0,3789.4868865631579,0.017906283646968141,885.86341441936008,1067.0554815673233,885.86341441936008,1067.0554815673233,4524.2061972835736,1.1938835870696898,0.30654063767485701,0.30654063767485701,0
3,1.0100000000000005,202,23.161008888024618,1.3353318252634254,0.1489360274382506,0.062482222081857774,23.960596745981864,-0.32398683068883549,23.962787064321557,-0.0012564303631251907,0.19371784818437407,0,1.2032855059138257,2.1433959624881256,-0.76508753725987677,1744.7639835750472,3107.9241456077821,-1912.718843149692,311.56492278761118,534.17433527236653,442.58402922451535,23,5.1061154504594697e-07,1,3245.8371095838284,0.0090266772734481724,0,517.07511392318554,0,517.07511392318554,3923.4579102376974,1.2087661141876438,0.13179066164414627,0.13179066164414627,0,4314.1857801285614,0.0089838650573553121,0,520.26869505161801,0,520.26869505161801,5097.477881882829,1.1815619775490813,0.10206394360252703,0.10206394360252703,0,2887.2257759192903,0.017598037794936544,871.73031682968326,1024.6266364366863,871.73031682968326,1024.6266364366863,3522.8220094940848,1.2201408143678758,0.38187516043595732,0.38187516043595732,0,3772.3938343683208,0.017525694666104669,871.73031682968326,1045.9545189806036,871.73031682968326,1045.9545189806036,4505.4282590424173,1.1943154550820756,0.3022115973155452,0.3022115973155452,0
3,1.0150000000000003,203,23.279736831915997,1.3515353349900421,0.14923885099703937,0.058642451401390364,23.966467778060331,-0.32070567698603997,23.968613432738557,-0.001884258028385744,0.19057870985807129,0,1.184168840341546,2.071588383562049,-0.77078679962560182,1717.0448184952418,3003.8031561649709,-1926.9669990640045,306.61499996283618,516.27842048992704,427.75657393871961,22,9.9100058648105005e-07,1,3266.2079857786553,0.0084584846841396708,0,486.07414493036822,0,486.07414493036822,3946.105970922365,1.2081612647155486,0.12317817831353195,0.12317817831353195,0,4298.7648267585091,0.0084180751629238919,0,488.54336053907059,0,488.54336053907059,5080.7123348273717,1.1819005085371213,0.096156469475784628,0.096156469475784628,0,2899.5782697926984,0.017205620693537704,857.60419436132076,1004.7129302086189,857.60419436132076,1004.7129302086189,3536.6856795825888,1.2197241634851401,0.37350198770311704,0.37350198770311704,0,3755.0914176701376,0.017139244611995157,857.60419436132076,1024.4744506411964,857.60419436132076,1024.4744506411964,4486.4133851956431,1.1947547705720722,0.29779940058961996,0.29779940058961996,0
3,1.0200000000000002,204,23.398486350981869,1.3677944584159594,0.14952240531503627,0.054774697506207289,23.972250277829509,-0.31732589073221856,23.974350441749742,-0.0025116207811725516,0.18744189609413725,0,1.1650109586256285,1.9988083471862812,-0.77628000247434281,1689.2658900071613,2898.2721034201077,-1940.7000061858571,301.6544793848405,498.14027861528746,412.72842416916797,22,9.596390460053783e-07,1,3286.8263879422925,0.0078880812364611214,0,454.73091808840491,0,454.73091808840491,3969.0177236721288,1.207553200324925,0.11457014045976308,0.11457014045976308,0,4283.1069451728672,0.0078501333334639583,0,456.56412433782867,0,456.56412433782867,5063.6842774489542,1.1822455853351528,0.090164413759193179,0.090164413759193179,0,2912.1261592732526,0.016807604191026733,843.48853242361758,984.36186288818612,843.48853242361758,984.36186288818612,3550.7638129121115,1.2193028799955001,0.36508153914114966,0.36508153914114966,0,3737.5830076115881,0.016747046473415558,843.48853242361758,1002.6180724376169,843.48853242361758,1002.6180724376169,4467.1649940140296,1.1952015473413293,0.29330348405361667,0.29330348405361667,0
3,1.0250000000000001,205,23.517257226889264,1.3841073311397161,0.14978655307233449,0.050880002928018996,23.977943990150571,-0.31384876131373179,23.979997894907665,-0.0031383638291138105,0.18430818085443096,0,1.1458158933238689,1.9250690370589931,-0.78156226907414794,1661.4330453196098,2791.35010373554,-1953.9056726853698,296.6843309180058,479.76306797133373,397.50219670812453,22,9.2733075751638694e-07,1,3307.6886728196637,0.0073156250808788029,0,423.05437323576064,0,423.05437323576064,3992.1887860490979,1.2069421221090699,0.10597053293525226,0.10597053293525226,0,4267.2148087623309,0.0072801952477631899,0,424.33685994274407,0,424.33685994274407,5046.3963731157637,1.1825972207336399,0.084087104652215125,0.084087104652215125,0,2924.8673125008781,0.016404113144865354,829.3868138449393,963.5747058106075,829.3868138449393,963.5747058106075,3565.0538143764902,1.2188771091049007,0.35661760807757553,0.35661760807757553,0,3719.8717059171277,0.016349217222028166,829.3868138449393,980.38833785990062,829.3868138449393,980.38833785990062,4447.6862070579045,1.1956558071567513,0.28872338020461713,0.28872338020461713,0
3,1.03,206,23.636049246030304,1.4004720643798561,0.15003116222219995,0.046959434312710234,23.983548671088826,-0.31027563958761234,23.985555608136497,-0.0037643325327405643,0.18117833733629718,0,1.1265877279053069,1.8503843583774311,-0.78662883250042526,1633.5522054626949,2683.0573196472751,-1966.5720812510631,291.70561188877667,461.15025398624016,382.08076279642449,22,8.9410662407196639e-07,1,3328.7908463193717,0.0067412754864269141,0,391.05381486526301,0,391.05381486526301,4015.6143941482592,1.2063282373502995,0.097383308376203875,0.097383308376203875,0,4251.0913542918524,0.0067084176440469932,0,391.86755850656346,0,391.86755850656346,5028.8515699678373,1.1829554227035763,0.077923866523877075,0.077923866523877075,0,2937.7993868979638,0.015995276210332258,815.30251801333736,942.35312223488131,815.30251801333736,942.35312223488131,3579.5528544405934,1.2184470016587008,0.34811413205913377,0.34811413205913377,0,3701.9609124908129,0.015945877767639088,815.30251801333736,957.78837111001133,815.30251801333736,957.78837111001133,4427.9804733169976,1.1961175652548133,0.28405868904784287,0.28405868904784287,0
3,1.0349999999999999,207,23.754862199486759,1.4168867453460907,0.15025610611023221,0.043014081849529387,23.989064088218267,-0.30660793733702907,23.991023409931504,-0.0043893724436417985,0.17805313778179102,0,1.1073305971187106,1.774768940767105,-0.79147504380072897,1605.6293658221305,2573.4149641123022,-1978.6876095018224,286.71939290136493,442.30548262887271,366.46714325982543,22,8.5999921450863326e-07,1,3350.1287271704455,0.0061651928059149467,0,358.73890684422696,0,358.73890684422696,4039.289585287203,1.2057117544551281,0.08881237635224408,0.08881237635224408,0,4234.7396924281911,0.0061349582886529343,0,359.16232962379269,0,359.16232962379269,5011.053004024182,1.1833201962765401,0.071674023271229292,0.071674023271229292,0,2950.9198969408571,0.015581225774420178,801.23912001805957,920.6991789555874,801.23912001805957,920.6991789555874,3594.2579456416661,1.2180127116861901,0.33957519248533369,0.33957519248533369,0,3683.8541834605076,0.015537152906562098,801.23912001805957,934.82146443214492,801.23912001805957,934.82146443214492,4408.0514136728034,1.1965868338284784,0.27930910079172566,0.27930910079172566,0
3,1.0399999999999998,208,23.873695882988752,1.4333494376283493,0.15046126359057024,0.039045058659498769,23.99449002094385,-0.30284712664185548,23.99640114157307,-0.0050133293425721369,0.17493335328713933,0,1.0880486872978772,1.6982381400979289,-0.79609638062644139,1577.6705965819219,2462.4453031419971,-1990.2409515661036,281.72675791679978,423.23258086145159,350.66450888405643,22,8.2504257492566069e-07,1,3371.6979464301489,0.0055875384397759765,0,326.11966543169308,0,326.11966543169308,4063.2091981479452,1.2050928827862375,0.080261598536531656,0.080261598536531656,0,4218.1631081530522,0.0055599759434782443,0,326.227402498755,0,326.227402498755,4993.0040000146791,1.1836915434502711,0.065336899889885114,0.065336899889885114,0,2964.2262138243436,0.015162097883950504,787.20008979212696,898.61535462730831,787.20008979212696,898.61535462730831,3609.1659426425144,1.2175743962489596,0.33100502327618292,0.33100502327618292,0,3665.5552315924565,0.015123171264107784,787.20008979212696,911.49107844015953,787.20008979212696,911.49107844015953,4387.9028218101475,1.1970636219015245,0.27447441045922483,0.27447441045922483,0
3,1.0449999999999997,209,23.992550096867653,1.4498581816037517,0.15064651913893393,0.035053500141590054,23.999826260841274,-0.29899473916433056,24.001688657355228,-0.0056360492775032701,0.17181975361248367,0,1.0687462366012566,1.6208080392592621,-0.80048845549011927,1549.6820430718221,2350.1716569259302,-2001.2211387252983,276.72880431497401,403.93555683275514,334.67618057489489,22,7.8927203150946923e-07,1,3393.4939472597584,0.0050084747986467301,0,293.20645174797033,0,293.20645174797033,4087.3678732111593,1.2044718324933814,0.0717347840574033,0.0717347840574033,0,4201.3650609252691,0.0049836303322851501,0,293.06912715048128,0,293.06912715048128,4974.7080719545802,1.1840694630946917,0.058911824153599711,0.058911824153599711,0,2977.7155653325922,0.014738032167835122,773.18889125617648,876.10454725523959,773.18889125617648,876.10454725523959,3624.2735425192218,1.217132215284106,0.32240802105754129,0.32240802105754129,0,3647.0679264823816,0.014704065231089244,773.18889125617648,887.80084228455689,773.18889125617648,887.80084228455689,4367.5386648995927,1.1975479352017744,0.26955453470828555,0.26955453470828555,0
3,1.0499999999999996,210,24.111424646003279,1.4664109948615107,0.15081176296229487,0.031040563278608588,24.005072612013969,-0.29505236534974111,24.006885824828707,-0.0062573786016091775,0.16871310699195413,0,1.0494275351829139,1.5424954478883934,-0.80464702362004936,1521.669926015225,2236.6183994381704,-2011.6175590501234,271.72664293891108,384.41859981050595,318.50562930214528,22,7.5272398070147517e-07,1,3415.5119849700391,0.0044281652645927769,0,260.00996371703553,0,260.00996371703553,4111.7600534828489,1.2038488143436912,0.06323568504363361,0.06323568504363361,0,4184.3491845910512,0.0044060821057690823,0,259.69397565338039,0,259.69397565338039,4956.1689234600053,1.1844539508584024,0.052398128406019422,0.052398128406019422,0,2991.3850359173102,0.014309171753633786,759.20898146379363,853.17008081825122,759.20898146379363,853.17008081825122,3639.5772852830028,1.2166863314427605,0.31378875717164834,0.31378875717164834,0,3628.3962945216008,0.014279970894449712,759.20898146379363,863.75455366482049,759.20898146379363,863.75455366482049,4346.9630840484951,1.1980397760332395,0.26454953124782071,0.26454953124782071,0
3,1.0549999999999995,211,24.230319339765479,1.4830058726457489,0.15095689110498034,0.027007425904866357,24.010228891466877,-0.29102165354231002,24.011992525058414,-0.006877164011176321,0.16561417994411839,0,1.0300969252919514,1.463317901050609,-0.80856799038612215,1493.6405416733296,2121.8109565233831,-2021.4199759653054,266.72139812050858,364.68607985247115,302.15647582713376,22,7.1543567781162665e-07,1,3437.7471273372748,0.003846774150895068,0,226.54122750320028,0,226.54122750320028,4136.379985512468,1.2032240395518337,0.054767992374166137,0.054767992374166137,0,4167.1192870422174,0.0038274928052969962,0,226.10854341243189,0,226.10854341243189,4937.3904478037784,1.1848449990756786,0.045795151467716753,0.045795151467716753,0,3005.2315669831205,0.01387566317857406,745.26380974853282,829.81571099423775,745.26380974853282,829.81571099423775,3655.0735546349447,1.2162369099244439,0.30515199188116804,0.30515199188116804,0,3609.5445186373881,0.013851027962136253,745.26380974853282,839.35617869388113,745.26380974853282,839.35617869388113,4326.1803945192314,1.1985391431471732,0.25945962131331102,0.25945962131331102,0
3,1.0599999999999994,212,24.349233991950193,1.4996407883161871,0.15108180555102435,0.022955285937846508,24.015294929496672,-0.2869043090167302,24.017008652895157,-0.0074952525834289033,0.1625237370828555,0,1.0107588012977249,1.3832936568727365,-0.81224741827368763,1465.600261881701,2005.7758024654681,-2030.618545684219,261.71420768706759,344.74254721675254,285.63249021411025,22,6.7744501475175412e-07,1,3460.1942551897141,0.0032644666603195956,0,192.81158846432385,0,192.81158846432385,4161.2217207004451,1.2025977196104833,0.046335331641945886,0.046335331641945886,0,4149.6793496232194,0.0032480248252278821,0,192.31955047155469,0,192.31955047155469,4918.3767277118659,1.1852425966739917,0.039102240661631031,0.039102240661631031,0,3019.2519573794234,0.013437656295218085,731.35681687284978,806.04562996131665,731.35681687284978,806.04562996131665,3670.7585789515665,1.2157841183077751,0.29650269120896544,0.29650269120896544,0,3590.5169378076444,0.013417379682361532,731.35681687284978,814.60985162241536,731.35681687284978,814.60985162241536,4305.1950857140191,1.1990460316120259,0.25428521576129043,0.25428521576129043,0
3,1.0649999999999993,213,24.468168420710136,1.5163136938266395,0.15118641432259206,0.018885360576171923,24.020270570097853,-0.28270209292603626,24.021934117261534,-0.0081114918142604145,0.15944254092869795,0,0.99141760963830294,1.3024416931357115,-0.81568153338488214,1437.5555339755392,1888.5404550467815,-2039.2038334622055,256.70622294794913,324.59273151264608,268.9375911267033,22,6.3879029754687622e-07,1,3482.84806326338,0.0026814088417961954,0,158.83270164449652,0,158.83270164449652,4186.279116892063,1.2019700661215689,0.037941259340207485,0.037941259340207485,0,4132.033526288672,0.0026678413737311808,0,158.33384285362106,0,158.33384285362106,4899.1320349015778,1.1856467290820609,0.032318753960016912,0.032318753960016912,0,3033.442864097271,0.012995304171977076,717.49143417914081,781.86447025232292,717.49143417914081,781.86447025232292,3686.6284324982403,1.2153281263780626,0.28784604694587956,0.28784604694587956,0,3571.3180463506778,0.012979172757412694,717.49143417914081,789.51987443159953,717.49143417914081,789.51987443159953,4284.0118209264829,1.199560432682288,0.24902694545889492,0.24902694545889492,0
3,1.0699999999999992,214,24.587122448480208,1.5330225202212246,0.15127063157431467,0.014798885466285995,24.025155671384226,-0.27841682116675115,24.026768841451702,-0.0087257296558615957,0.15637135172069203,0,0.97207784868985259,1.2207817028354169,-0.8188667314497311,1409.5128806002863,1770.1334691113543,-2047.1668286243278,251.69860866075399,304.24154059437694,252.07584491133639,22,5.995100174072121e-07,1,3505.7030613252464,0.0020977675454388147,0,124.61652182974323,0,124.61652182974323,4211.5458402535969,1.2013412906287402,0.029589259278308008,0.029589259278308008,0,4114.1861425140005,0.0020871064320245802,0,124.15839393048596,0,124.15839393048596,4879.6608293636682,1.1860573781384425,0.025444062255998399,0.025444062255998399,0,3047.8008031690406,0.012548762988689196,703.67108274311408,757.27730764402736,703.67108274311408,757.27730764402736,3702.6790368667398,1.2148691059523216,0.27918750046880442,0.27918750046880442,0,3551.9524929917134,0.012536557252182242,703.67108274311408,764.09071630381015,703.67108274311408,764.09071630381015,4262.6354368609527,1.2000823336661945,0.24368569678865373,0.24368569678865373,0
3,1.0749999999999991,215,24.706095901897797,1.5497651781481743,0.15133437768338476,0.010697113840334605,24.029950106025137,-0.27405036316248704,24.031512763444731,-0.0093378145542360909,0.15331092722881956,0,0.95274406855475446,1.1383340887246174,-0.82179958333234682,1381.478899404394,1650.5844286506954,-2054.498958330867,246.69254297646123,283.69405920090327,235.05146447025351,22,5.5964262313246138e-07,1,3528.7535755608665,0.0015137103758447617,0,90.175293190722059,0,90.175293190722059,4237.0153674256717,1.2007116044515045,0.021282739232902716,0.021282739232902716,0,4096.1416939626733,0.0015059847119572086,0,89.800305821208369,0,89.800305821208369,4859.967758391299,1.1864745220006507,0.018477551762798777,0.018477551762798777,0,3062.3221507679773,0.012098191927490603,689.89917252968803,732.2896630665889,689.89917252968803,732.2896630665889,3718.9061626323496,1.2144072307022671,0.27053277114621915,0.27053277114621915,0,3532.4250797084842,0.01208968649761076,689.89917252968803,738.32701298160111,689.89917252968803,738.32701298160111,4241.0709429212939,1.2006117177922684,0.23826265326650364,0.23826265326650364,0
3,1.079999999999999,216,24.825088611718094,1.5665395583911037,0.15137757933527418,0.0065813156278044785,24.034653761695811,-0.26960464056741074,24.03616583623133,-0.0099475954865940637,0.1502620225670297,0,0.93342087076648195,1.0551199568524039,-0.82447684002050159,1353.4602626113988,1529.9239374359856,-2061.1921000512539,241.68921736301402,262.95554734588177,217.86880792754297,22,5.1922629529244091e-07,1,3551.9937502226117,0.00092940564361763955,0,55.521538536798218,0,55.521538536798218,4262.6809879478114,1.200081218521474,0.013025027839000457,0.013025027839000457,0,4077.9048449143752,0.00092464161187114026,0,55.266810816550446,0,55.266810816550446,4840.0576553597975,1.186898135054798,0.011418626543704272,0.011418626543704272,0,3077.003144503964,0.011643753059221511,676.17910155163361,706.90750352286409,676.17910155163361,706.90750352286409,3735.3054312251897,1.2139426759758314,0.26188789027378295,0.26188789027378295,0,3512.74076035905,0.011638716989244772,676.17910155163361,712.23356602606884,676.17910155163361,712.23356602606884,4219.3235202717869,1.2011485640746555,0.23275934449105398,0.23275934449105398,0
3,1.0849999999999989,217,24.94410041272462,1.5833435324175715,0.15140016960495595,0.0024527765463538392,24.03926654154106,-0.26508162589448109,24.040728028153438,-0.010554921998614766,0.14722539000692617,0,0.91411290790944,0.97116110839847647,-0.82689543644071195,1325.4637164686881,1408.1836071777909,-2067.23859110178,236.68972364435939,242.03131945386593,200.53227848881869,21,9.5510396735942749e-07,1,3575.417724973955,0.00034502231505482045,0,20.668048207000012,0,20.668048207000012,4288.536000544419,1.1994503385127282,0.004819371506821035,0.004819371506821035,0,4059.4803638816866,0.00034324317066762312,0,20.56527282651016,0,20.56527282651016,4819.9354699058176,1.1873281892899665,0.0042667112360556163,0.0042667112360556163,0,3091.8399270833611,0.011185611225939914,662.51425503116775,681.13724259353944,662.51425503116775,681.13724259353944,3751.8723640905805,1.2134756172936323,0.2532592386191016,0.2532592386191016,0,3492.9044840609981,0.011183808281443046,662.51425503116775,685.81534035690072,662.51425503116775,685.81534035690072,4197.3983492736743,1.201692851444252,0.22717771291242764,0.22717771291242764,0
3,1.0899999999999987,218,25.063131143635111,1.6001749529447555,0.15140208803350555,-0.0016871777670363769,24.043788365037564,-0.26048330648132212,24.045199323267653,-0.011159644241569018,0.14420177879215493,0,0.8948253437833783,0.88652131054296224,-0.82902258772119475,1297.4967484858985,1285.4559002872952,-2072.5564693029869,231.69562698149423,220.93751542815772,183.05524868616058,21,8.724613261845704e-07,1,3599.0085773310952,-0.00023927277196889249,0,-14.340449249485932,0,-14.340449249485932,4314.5615176510382,1.1988194595664379,0.0033237327109182702,0.0033237327109182702,0,4040.883608187411,-0.00023804673042015855,0,-14.268641089171236,0,-14.268641089171236,4799.617725272713,1.1877644076528207,0.0029728703213255376,0.0029728703213255376,0,3106.8199085545866,0.010723934105260595,648.90800456469719,654.98564432980299,648.90800456469719,654.98564432980299,3768.5927435709777,1.2130065000530634,0.2446542037027058,0.2446542037027058,0,3472.930405926908,0.010725123045275654,648.90800456469719,659.07756486006031,648.90800456469719,659.07756486006031,4175.3107973643282,1.2022443036113644,0.22151965808073404,0.22151965808073404,0
3,1.0949999999999986,219,25.182180646719477,1.6170316565338994,0.15138328217105837,-0.0058364775783456366,24.048219179409493,-0.25581074370989498,24.049579722679482,-0.011761613009291988,0.14119193495354007,0,0.87556723576020257,0.80158378133155317,-0.83059541630307721,1269.5724918522938,1162.2964829307521,-2076.488540757693,226.70915733771017,199.76951122854533,165.51674117900183,21,8.350076667884565e-07,1,3622.6698163525998,-0.00082339039124425489,0,-49.216242072337032,0,-49.216242072337032,4340.6509806334579,1.1981911685795701,0.011338447226446804,0.011338447226446804,0,4022.2088388096909,-0.00081914239318504726,0,-48.980268635358414,0,-48.980268635358414,4779.2072183518922,1.1882046432393161,0.010248617897813027,0.010248617897813027,0,3121.8651812398534,0.01025889870492837,635.36370729093028,628.45962339375353,635.36370729093028,628.45962339375353,3785.3795093711237,1.2125377905870216,0.2360850159569364,0.2360850159569364,0,3452.8986635978567,0.010262833104963644,635.36370729093028,632.02657828929591,635.36370729093028,632.02657828929591,4153.1492705647997,1.2028007987460874,0.21578405051024802,0.21578405051024802,0
3,1.0999999999999985,220,25.301248766728477,1.63391147110861,0.15134371268498822,-0.0099921223903548864,24.052558964250935,-0.2510639238156544,24.053869248472473,-0.012360679774997723,0.13819660112501139,0,0.85634496525544823,0.7164434178984046,-0.83156251645086121,1241.7001996203999,1038.8429559526867,-2078.9062911271531,221.73196704209258,178.55095696329931,147.93635099375774,21,8.1667909079818912e-07,1,3646.3769657656549,-0.0014073346716912875,0,-83.897034009626609,0,-83.897034009626609,4366.7773972369068,1.1975660877179726,0.019212574028324124,0.019212574028324124,0,4003.478879692253,-0.0014000523007360627,0,-83.50987519879952,0,-83.50987519879952,4758.7287757894874,1.1886484027499828,0.017548778073603277,0.017548778073603277,0,3136.956976277289,0.0097906971798381957,621.88470506255123,601.56818812699271,621.88470506255123,601.56818812699271,3802.2116816403386,1.2120700763172485,0.22755995222916897,0.22755995222916897,0,3432.829678264804,0.0097971252696319507,621.88470506255123,604.66888844707489,621.88470506255123,604.66888844707489,4130.9362243912128,1.203361836023068,0.20997414260527517,0.20997414260527517,0
3,1.1049999999999984,221,25.420335350417702,1.6508122193254129,0.15128335537380205,-0.014151112399779876,24.056807718404791,-0.24624307707774867,24.058067945146988,-0.012956696727925782,0.1352165163603711,0,0.83716400931176282,0.631110656025613,-0.83193540746431649,1213.8878135020561,915.11045123713893,-2079.8385186607911,216.76547425612679,157.28445342128484,130.31623298426359,21,7.9839154898397879e-07,1,3670.1267157006519,-0.0019911001493413383,0,-118.38647620406424,0,-118.38647620406424,4392.9371395071585,1.1969442691758716,0.026949276177747894,0.026949276177747894,0,3984.6956225432218,-0.0019807755219055419,0,-117.85578888241328,0,-117.85578888241328,4738.1843609103407,1.1890956825169514,0.024873618226997359,0.024873618226997359,0,3152.0938478938001,0.0093195312885709664,608.47432362167001,574.32142787584098,608.47432362167001,574.32142787584098,3819.0876225789748,1.2116033997943474,0.21908674668765579,0.21908674668765579,0,3412.7263138623271,0.0093281965251815428,608.47432362167001,577.01145902310748,608.47432362167001,577.01145902310748,4108.6747080896421,1.2039273971078217,0.20409505982067996,0.20409505982067996,0
3,1.1099999999999983,222,25.539440246505563,1.6677317188776581,0.15120220089139336,-0.018310505191357771,24.060965459571694,-0.24134873866811879,24.062175879590747,-0.01354951680981146,0.1322524159509427,0,0.81802985918530824,0.54559818787909375,-0.83172553210079736,1186.143295818697,791.11737242468598,-2079.3138302519933,211.81110082158108,135.97316372350022,112.65900791820501,21,7.8015023652344695e-07,1,3693.9151921157095,-0.0025746663785200371,0,-152.68724860438215,0,-152.68724860438215,4419.1259657486871,1.1963257779119745,0.03455145876985969,0.03455145876985969,0,3965.8615195627103,-0.0025612962551941698,0,-152.01542999702554,0,-152.01542999702554,4717.5765523050222,1.1895464652596339,0.032223203653738347,0.032223203653738347,0,3167.2738862425854,0.0088456112454442046,595.13587177924217,546.73022692520567,595.13587177924217,546.73022692520567,3836.0051798731652,1.2111378168257851,0.21067396647253497,0.21067396647253497,0,3392.5919020789956,0.0088562529375893918,595.13587177924217,549.06185443695119,595.13587177924217,549.06185443695119,4086.3682936111672,1.2044974496068985,0.19815288058814537,0.19815288058814537,0
3,1.1149999999999982,223,25.658563305624511,1.684667782838585,0.15110025446089254,-0.022467415454081648,24.065032224795985,-0.23638173106820293,24.066193141069316,-0.014138993751170071,0.12930503124414966,0,0.79894802115116736,0.45992083116543214,-0.83094429541382397,1158.4746306691927,666.88520518987661,-2077.3607385345599,206.87027246904663,114.62078071459612,94.967735459734399,21,7.6196036669085032e-07,1,3717.7379893008811,-0.0031579987455626914,0,-186.80113078637862,0,-186.80113078637862,4445.3390577850714,1.1957106903655186,0.042021795943604334,0.042021795943604334,0,3946.9795507300732,-0.003141584616436599,0,-185.98537971832144,0,-185.98537971832144,4696.9085092275327,1.1900007205151963,0.039597403132919262,0.039597403132919262,0,3182.494744524789,0.0083691550064462997,581.87264059867346,518.80623895794929,581.87264059867346,518.80623895794929,3852.9617178802991,1.2106733953006494,0.20233111482438057,0.20233111482438057,0,3372.4302154442576,0.0083815089461193714,581.87264059867346,520.82821526843566,581.87264059867346,520.82821526843566,4064.0210470987176,1.2050719473711498,0.19215479288448403,0.19215479288448403,0
3,1.1199999999999981,224,25.777704380263852,1.7016182200570162,0.15097753558946855,-0.026619014880783064,24.069008070987081,-0.23134314712873491,24.070119841267193,-0.014724982107386887,0.12637508946306558,0,0.77992401698514624,0.37409540328492774,-0.8296030993037079,1130.8898246284621,542.43833476314524,-2074.0077482592696,201.94441894268775,93.231495599538519,77.245888183737307,21,7.4382717973886514e-07,1,3741.5902011791181,-0.0037410492440068262,0,-220.72906782672268,0,-220.72906782672268,4471.5710567592741,1.1950990932545502,0.049362755287778844,0.049362755287778844,0,3928.053192378195,-0.0037215973887370977,0,-219.76144584467701,0,-219.76144584467701,4676.1839383469523,1.1904584050491969,0.046995894246701399,0.046995894246701399,0,3197.7536650376064,0.0078903875721965718,568.68790258379511,490.5618601056687,568.68790258379511,490.5618601056687,3869.9541475416877,1.2102102140804445,0.1940687581662871,0.1940687581662871,0,3352.2454414050812,0.0079041866716304567,568.68790258379511,492.31923449232687,568.68790258379511,492.31923449232687,4041.6375014146165,1.2056508307818234,0.18610928187715897,0.18610928187715897,0
3,1.124999999999998,225,25.896863324704963,1.7185808356025563,0.15083407778321789,-0.030762532230351369,24.072893075472273,-0.2262343337284258,24.07395611437552,-0.015307337294603356,0.12346331352698323,0,0.76096338413858966,0.28814060000293923,-0.82771337306750414,1103.396907000955,417.80387000426185,-2069.2834326687603,197.0349740455043,71.809967706315675,59.497326523069361,21,7.2575595244650515e-07,1,3765.4664515209329,-0.004323757214234311,0,-254.47123164690012,0,-254.47123164690012,4497.8160976080135,1.1944910824504287,0.056576619880530608,0.056576619880530608,0,3909.086386933564,-0.0043012787377030258,0,-253.33872587819451,0,-253.33872587819451,4655.4070617212701,1.1909194632490965,0.05441816849084001,0.05441816849084001,0,3213.0475042496828,0.0074095403073782757,555.58491087142454,462.01020060865108,555.58491087142454,462.01020060865108,3886.9789551375588,1.2097483619512355,0.18589868182748009,0.18589868182748009,0,3332.0421572958212,0.0074245152393898122,555.58491087142454,463.54413444517979,555.58491087142454,463.54413444517979,4019.2226296023991,1.2062340270221166,0.18002635525723354,0.18002635525723354,0
3,1.1299999999999979,226,26.016039994949605,1.7355534312572811,0.1506699282613764,-0.034895253533255816,24.076687336576924,-0.22105687599195656,24.077702117222625,-0.015885915625390972,0.12057042187304515,0,0.74207167562174992,0.20207687821711445,-0.82528660021241917,1076.0039296515374,293.01147341481595,-2063.216500531048,192.14337560913054,50.361295269415734,41.726274561541217,21,7.0775200433637053e-07,1,3789.3609231760192,-0.0049060500502675587,0,-288.02707820487262,0,-288.02707820487262,4524.0678423287754,1.1938867619231603,0.063665508176068808,0.063665508176068808,0,3890.0835137148506,-0.0048805608947308406,0,-286.71166762605054,0,-286.71166762605054,4634.5825858765247,1.1913838275031561,0.061863536211390138,0.061863536211390138,0,3228.3727569930238,0.0069268502761912843,542.56689842870321,433.16505511319889,542.56689842870321,433.16505511319889,3904.032229986216,1.2092879366329792,0.1778340798593602,0.1778340798593602,0,3311.8253061161063,0.0069427301159108853,542.56689842870321,434.51264445737934,542.56689842870321,434.51264445737934,3996.7818191886595,1.2068214503366501,0.17391781413491975,0.17391781413491975,0
3,1.1349999999999978,227,26.13523424864206,1.7525338060510134,0.15048514766918303,-0.039014522422305041,24.08039097422812,-0.21581258203192899,24.081358029443656,-0.016460574344204098,0.11769712827897952,0,0.72325445961036339,0.11592634244865507,-0.82233434177641396,1048.7189664350269,168.09319655054986,-2055.8358544410348,187.27106539196492,28.890987141402409,23.937296595868503,21,6.8982070577927601e-07,1,3813.2673864126155,-0.0054878438761795031,0,-321.39540087654001,0,-321.39540087654001,4550.3195121438293,1.1932862427527291,0.07063139193166644,0.07063139193166644,0,3871.0493606954205,-0.0054593648108496673,0,-319.87412749614737,0,-319.87412749614737,4613.7156718878996,1.1918514185670477,0.069331131401354246,0.069331131401354246,0,3243.7255798501137,0.0064425595934601938,529.6370772554078,404.04087164477647,529.6370772554078,404.04087164477647,3921.1096911771347,1.2088290438423344,0.1698897851006051,0.1698897851006051,0,3291.6001730418511,0.0064590724594380091,529.6370772554078,405.23497908788215,529.6370772554078,405.23497908788215,3974.3208472417123,1.2074130022811798,0.16779757870290907,0.16779757870290907,0
3,1.1399999999999977,228,26.254445944985832,1.7695197568373644,0.15027980978881222,-0.04311774057175119,24.084004130577746,-0.21050346818325938,24.084924053685601,-0.017031171662602634,0.11484414168698684,0,0.70451731878933566,0.029712634731861663,-0.81886825638168825,1021.5501122445366,43.083320361199412,-2047.1706409542205,182.41948890922941,7.4049353514049621,6.1352743993228671,21,6.7196748421149977e-07,1,3837.1792264439805,-0.0060690441943529105,0,-354.57438033736264,0,-354.57438033736264,4576.5639186526314,1.1926896422020556,0.077476112349754211,0.077476112349754211,0,3851.9890971467908,-0.0060376007833987467,0,-352.81942663982892,0,-352.81942663982892,4592.8119063717977,1.1923221459203357,0.076819916389423204,0.076819916389423204,0,3259.1018138052918,0.005956914791112977,516.79863759144075,374.65271930534243,516.79863759144075,374.65271930534243,3938.2067134168119,1.2083717964056497,0.16208254612390721,0.16208254612390721,0,3271.3723626039377,0.0059737884837904771,516.79863759144075,375.72181690320588,516.79863759144075,375.72181690320588,3951.8458561140378,1.2080085719647209,0.16168207910603188,0.16168207910603188,0
3,1.1449999999999976,229,26.373674944655573,1.786509078907814,0.15005400124787299,-0.047202368228933672,24.087526970641086,-0.20513174470198534,24.088400415844266,-0.017597566794236331,0.11201216602881835,0,0.68586584944676043,-0.056539172381939715,-0.81490011723076528,994.50548169780257,-81.981799953812583,-2037.2502930769133,177.59009519838398,-14.090611560230984,-11.674614871537754,21,6.5419782924180936e-07,1,3861.0894702110395,-0.0066495465076218101,0,-387.56163122620183,0,-387.56163122620183,4602.7934940523619,1.1920970828476509,0.084201394593739917,0.084201394593739917,0,3832.9082470905773,-0.0066151690576075938,0,-385.54040507503845,0,-385.54040507503845,4571.877273309191,1.1927959081148207,0.084328686451370719,0.084328686451370719,0,3274.4970062207299,0.0054701661998156998,504.05474712968254,345.01625475272482,504.05474712968254,345.01625475272482,3955.3183520562616,1.2079163134191726,0.15443135763021007,0.15443135763021007,0,3251.1477764776541,0.0054871288353608551,504.05474712968254,345.98427974577663,504.05474712968254,345.98427974577663,3929.3633298046798,1.2086080362861313,0.1555907227720654,0.1555907227720654,0
3,1.1499999999999975,230,26.49292110970493,1.8034995666411748,0.14980782122504943,-0.051265924823669491,24.090959682946981,-0.19969980190362036,24.091787365329647,-0.018159619989581582,0.1092019000520921,0,0.66730566033099625,-0.14280267995173632,-0.81044182624047501,967.59320747994457,-207.06388593001765,-2026.1045656011875,172.78433652318992,-35.589074492351266,-29.486920177782402,21,6.3651729731439843e-07,1,3884.9908124807566,-0.007229236917140309,0,-420.35424584790462,0,-420.35424584790462,4629.0003204956492,1.1915086917643973,0.090808860821788684,0.090808860821788684,0,3813.812663496054,-0.0071919604049559905,0,-418.02947390539344,0,-418.02947390539344,4550.9181266308206,1.1932725931165888,0.091856074373034932,0.091856074373034932,0,3289.9064321893775,0.0049825673456107339,491.40855023441446,315.14768752884117,491.40855023441446,315.14768752884117,3972.4393673600684,1.2074627194538408,0.14695784970701051,0.14695784970701051,0,3230.9325918338127,0.004999347983135268,491.40855023441446,316.03391243989603,491.40855023441446,316.03391243989603,3906.8800708862727,1.2092112601670857,0.1495464492696095,0.1495464492696095,0
3,1.1549999999999974,231,26.612184303471011,1.8204890141858592,0.1495413811525291,-0.055305989641540848,24.094302480195683,-0.19421019671905884,24.095085175356267,-0.018717192570422644,0.10641403714788678,0,0.64884237128303057,-0.22905026411650628,-0.8055054254962718,940.82143836039438,-332.12288296893411,-2013.7635637406795,168.00366801958847,-57.08356907106387,-47.295937550248539,21,6.1893151648284572e-07,1,3908.8756413112701,-0.0078079926976556187,0,-452.94883514835868,0,-452.94883514835868,4655.176158645012,1.1909245997612214,0.097300041869994247,0.097300041869994247,0,3794.7085031691427,-0.0077678566800179344,0,-450.27866573436353,0,-450.27866573436353,4529.9411635042015,1.1937520786434666,0.099400554992207443,0.099400554992207443,0,3305.3251153100427,0.0044943743614599971,478.86316716549049,285.06374431190369,478.86316716549049,285.06374431190369,3989.5642480687752,1.2070111438022793,0.13968673824322708,0.13968673824322708,0,3210.7332402095453,0.0045107036216680794,478.86316716549049,285.88266288635174,478.86316716549049,285.88266288635174,3884.4031779490278,1.2098180967832495,0.14357638154366739,0.14357638154366739,0
3,1.1599999999999973,232,26.731464390476077,1.8374752161724326,0.14925480441493219,-0.059320202548112912,24.097555599920593,-0.18866563964863117,24.09829414325521,-0.019270146964068306,0.10364926517965849,0,0.63048161165603056,-0.31525317508672873,-0.80010310619751068,914.19833690124437,-457.1171038757567,-2000.2577654937768,163.24954728647717,-78.5669303202055,-65.095730529974631,21,6.0144618774238268e-07,1,3932.736062926967,-0.0083856828517058397,0,-485.34156717504641,0,-485.34156717504641,4681.3124754747623,1.1903449406647091,0.10367638770488713,0.10367638770488713,0,3775.6022022865563,-0.0083427313573333391,0,-482.2796833586745,0,-482.2796833586745,4508.9533982708981,1.1942342324994446,0.10696044974508276,0.10696044974508276,0,3320.7478479232136,0.0040058454136418344,466.4216933084632,254.78163217541191,466.4216933084632,254.78163217541191,4006.6872342990191,1.2065617197658625,0.13264633228567596,0.13264633228567596,0,3190.5563868632639,0.0040214560870004343,466.4216933084632,255.54286249912192,466.4216933084632,255.54286249912192,3861.9400235211151,1.2104283877953681,0.13771257645090101,0.13771257645090101,0
3,1.1649999999999971,233,26.850761236327156,1.8544559684539996,0.14894822604451791,-0.063306264751940691,24.100719305150118,-0.18306898209725547,24.101414590804453,-0.019818346737295982,0.10090826631352011,0,0.6122290185336462,-0.40138163380879044,-0.79424721525361108,887.73207687378704,-582.00336902274614,-1985.6180381340278,158.5234339243766,-100.03173675185252,-82.880150128117123,21,5.8406708836056254e-07,1,3956.5639260396642,-0.0089621686441227512,0,-517.52820321756838,0,-517.52820321756838,4707.4004713633585,1.1897698506479704,0.10993927675494364,0.10993927675494364,0,3756.5004525359595,-0.0089164500497065733,0,-514.02394681138071,0,-514.02394681138071,4487.9621369903271,1.1947189129075089,0.11453393124124937,0.11453393124124937,0,3336.1692108403054,0.0035172401429904741,454.08719841084047,224.31900094366978,454.08719841084047,224.31900094366978,4023.8023398192372,1.2061145839799092,0.12586908212977274,0.12586908212977274,0,3170.4089105840708,0.003531867785562014,454.08719841084047,225.02720693973438,454.08719841084047,225.02720693973438,3839.4982324312236,1.2110419635818805,0.1319928652363121,0.1319928652363121,0
3,1.169999999999997,234,26.97007470761416,1.8714290688720268,0.14862179241250262,-0.067261939594998349,24.103793885065983,-0.17742320407575041,24.10444686457436,-0.020361656630014529,0.098191716849927363,0,0.59409023475842271,-0.4874049264275116,-0.7879502596811,861.43084039971291,-706.73714331989186,-1969.8756492027501,153.82678902493018,-121.47033390808424,-100.64285433120904,21,5.6680007176623803e-07,1,3980.3508456456198,-0.0095373041180901955,0,-549.5041318057074,0,-549.5041318057074,4733.4311065120719,1.1891994676022839,0.11609002422148298,0.11609002422148298,0,3737.4101778294512,-0.0094888710091973194,0,-545.50263881245178,0,-545.50263881245178,4466.9749525533225,1.1952059688421932,0.12211902788947641,0.12211902788947641,0,3351.583592593674,0.0030288191210015077,441.86272582467313,193.69390473974187,441.86272582467313,193.69390473974187,4040.9033737327868,1.2056698757752518,0.11939213157119814,0.11939213157119814,0,3150.2978839312559,0.0030422026361387818,441.86272582467313,194.3487371066972,441.86272582467313,194.3487371066972,3817.0856605849617,1.2116586434745724,0.12646175212242305,0.12646175212242305,0
3,1.1749999999999969,235,27.089404671807152,1.8883923180452562,0.14827566091637959,-0.07118505335989124,24.106779655654407,-0.17173140225528105,24.107391336285097,-0.020899942588637616,0.095500287056811933,0,0.57607090678147199,-0.57329149664882084,-0.78122490894238072,835.30281483313433,-831.2726701407903,-1953.0622723559518,149.16107461412247,-142.87485737942723,-118.37732717282806,21,5.496510679936506e-07,1,4004.0882263223666,-0.010110936593891805,0,-581.26440072736671,0,-581.26440072736671,4759.3951267195425,1.1886339305492533,0.12212988946097623,0.12212988946097623,0,3718.3385115635119,-0.01005984561194811,0,-576.7067486732891,0,-576.7067486732891,4445.9996603351265,1.1956952403630521,0.1297136285947936,0.1297136285947936,0,3366.9852082298894,0.0025408433208557748,429.75129175565371,162.92476282715575,429.75129175565371,162.92476282715575,4057.9839615949895,1.2052277365745767,0.11325780555548101,0.11325780555548101,0,3130.2305538842329,0.0025527255250268784,429.75129175565371,163.52082033904861,429.75129175565371,163.52082033904861,3794.7103741319929,1.2122782359986941,0.12117130152488918,0.12117130152488918,0
3,1.1799999999999968,236,27.208750997153349,1.9053435201794231,0.14790999966318161,-0.075073496083893326,24.109676960346668,-0.16599677836362367,24.110248403172832,-0.021433071799159528,0.092834641004202356,0,0.55817668234441709,-0.6590090360837273,-0.77408399535852768,809.3561893994048,-955.56310232140459,-1935.2099883963192,144.52775305206879,-164.23725532020299,-136.07689738843052,21,6.1348228586055598e-07,1,4027.7672850441691,-0.010682907151374913,0,-612.80374721483315,0,-612.80374721483315,4785.2830885361,1.1880733790913702,0.12806008252320561,0.12806008252320561,0,3699.2927744037629,-0.01062921882788212,0,-607.62711469117835,0,-607.62711469117835,4425.0442943631724,1.196186558950145,0.13731548754556019,0.13731548754556019,0,3382.368117664465,0.0020535736034381661,417.75588451891059,132.03031985125892,417.75588451891059,132.03031985125892,4075.0375659858378,1.2047883093220684,0.10751391746425096,0.10751391746425096,0,3110.2143228876039,0.0020637017745247436,417.75588451891059,132.55713179452138,417.75588451891059,132.55713179452138,3772.3806290056505,1.2129005391188843,0.11618188632907599,0.11618188632907599,0
3,1.1849999999999967,237,27.328113552574422,1.9222804838955314,0.14752498714867596,-0.078925222370494277,24.112486170645671,-0.16022262791347308,24.113018488361721,-0.021960912719924917,0.090195436400375417,0,0.54041320800453241,-0.74452457263602156,-0.76654051272038648,783.59915160657192,-1079.5606303222312,-1916.3512818009663,139.92828639220363,-185.54931047634042,-153.7347566662429,21,6.9360869947576731e-07,1,4051.3790735302391,-0.011253051097060049,0,-644.11662643518923,0,-644.11662643518923,4811.0853838166695,1.1875179528990476,0.13388176992282078,0.13388176992282078,0,3680.2804525775582,-0.011196829676203274,0,-638.25446506023138,0,-638.25446506023138,4404.1170839802262,1.1966797478425086,0.14492222910736247,0.14492222910736247,0,3397.7262436123447,0.0015672702184475135,405.87946380168938,101.02960558993938,405.87946380168938,101.02960558993938,4092.0575065558523,1.2043517379449966,0.10221371857942677,0.10221371857942677,0,3090.2567302798589,0.0015753966249424517,405.87946380168938,101.47163596413104,405.87946380168938,101.47163596413104,3750.104850821026,1.2135253404921507,0.1115625885324688,0.1115625885324688,0
3,1.1899999999999966,238,27.447492207564704,1.9392010230744958,0.14712081193252596,-0.082738252189742581,24.115207686735282,-0.15441232925439144,24.115702041238652,-0.022483335114084874,0.087583324429575643,0,0.52278612651389889,-0.82980455697952216,-0.75860761321480397,758.03988344515346,-1203.2166076203071,-1896.5190330370099,135.36413570267021,-206.80266173707071,-171.34397750367191,21,7.7320695013316509e-07,1,4074.914500135736,-0.011821198416737936,0,-675.19723840923416,0,-675.19723840923416,4836.7922636866324,1.1869677912323113,0.13959607971556642,0.13959607971556642,0,3661.3091766615948,-0.011762511667539405,0,-668.57945731691927,0,-668.57945731691927,4383.2264309880948,1.1971746223804973,0.15253135283869051,0.15253135283869051,0,3413.0533891050068,0.0010821923207095759,394.12495993309039,69.941894326442835,394.12495993309039,69.941894326442835,4109.0369795588158,1.2039181668459966,0.097415244197834552,0.097415244197834552,0,3070.3654340976632,0.0010880747303296805,394.12495993309039,70.27856828621745,394.12495993309039,70.27856828621745,3727.8916151214803,1.2141524177290821,0.10739094555234552,0.10739094555234552,0
3,1.1949999999999965,239,27.566886832090788,1.9561029577160012,0.14669767230949618,-0.086510671659237717,24.117841938069301,-0.1485693329412249,24.118299537827806,-0.023000210081730778,0.084998949591346115,0,0.50530107406338343,-0.91481494715584588,-0.75029860277570903,732.68655739190604,-1326.4816733759765,-1875.7465069392726,130.83676035270881,-227.98882521822421,-188.89753067562873,21,8.5223632573239172e-07,1,4098.3643512918707,-0.012387174214314884,0,-706.03955347274564,0,-706.03955347274564,4862.3938619309874,1.1864230324954594,0.14520410594471225,0.14520410594471225,0,3642.3867008554221,-0.012326093233484358,0,-698.59271633065327,0,-698.59271633065327,4362.3808872612708,1.1976709903527696,0.16014023864138879,0.16014023864138879,0,3428.3432546019831,0.00059859750181737723,382.49527316105753,38.786663959259897,382.49527316105753,38.786663959259897,4125.96907688177,1.2034877404248654,0.093179760568634043,0.093179760568634043,0,3050.5481932507255,0.00060199966814200904,382.49527316105753,38.992416824134907,382.49527316105753,38.992416824134907,3705.7496279669622,1.2147815386643805,0.10375164583779771,0.10375164583779771,0
3,1.1999999999999964,240,27.686297296493091,1.9729841148094769,0.14625577597681674,-0.090240633798156042,24.120389383937074,-0.1426971514129072,24.120811481162189,-0.023511410091698562,0.082442949541507202,0,0.48796367740217556,-0.99952129131067535,-0.74162693496318688,707.54733223315452,-1449.3058724004793,-1854.0673374079672,126.34761726682414,-249.09921488161169,-206.38830231848149,21,9.3065718631546446e-07,1,4121.7193124981995,-0.012950799137596039,0,-736.637336384376,0,-736.637336384376,4887.8802178137448,1.1858838138231131,0.15070691251797078,0.15070691251797078,0,3623.5208827349766,-0.012887398144219755,0,-728.28487084317794,0,-728.28487084317794,4341.5891328235739,1.1981686523485993,0.16774615205689311,0.16774615205689311,0,3443.5894547018938,0.00011674133723245599,370.99327293678243,7.5835549655608983,370.99327293678243,7.5835549655608983,4142.8468045797727,1.2030606026287802,0.089569030886657672,0.089569030886657672,0,3030.8128500649304,0.00011743346307990756,370.99327293678243,7.6279039729502083,370.99327293678243,7.6279039729502083,3683.6877068606577,1.2154124616377222,0.10073375159206888,0.10073375159206888,0
3,1.2049999999999963,241,27.805723471371525,1.9898423293398029,0.14579533958457727,-0.093926503267724393,24.122850514005684,-0.13679918611596512,24.123238400728585,-0.024016809013034983,0.07991595493482509,0,0.47077955062694049,-1.0837578535884465,-0.73272395206243046,682.63034840906369,-1571.4488877032472,-1831.8098801560761,121.89821829331486,-270.09265209497499,-223.78217434796545,22,5.034894872135709e-07,1,4144.9374491983181,-0.013511889132363071,0,-766.9838235636056,0,-766.9838235636056,4913.2058130871847,1.1853510151371425,0.15610659368687746,0.15610659368687746,0,3604.7521450083677,-0.013446245150473202,0,-757.64694725051777,0,-757.64694725051777,4320.8957741530548,1.1986665380410015,0.1753448791296118,0.1753448791296118,0,3458.7586272446229,-0.00036313900547787342,359.62179720671293,-23.559417136456936,359.62179720671293,-23.559417136456936,4159.6333300745982,1.2026376449947067,0.086640492206975214,0.086640492206975214,0,3011.1942785486922,-0.00036537993102022954,359.62179720671293,-23.698387555774932,359.62179720671293,-23.698387555774932,3661.7449297990938,1.2160440646041437,0.098423510488587024,0.098423510488587024,0
3,1.2099999999999962,242,27.925165226937935,2.0066754489579539,0.14531658495999913,-0.097567969909140614,24.125225848906204,-0.13087739656932654,24.125580845933325,-0.02451628214611867,0.07741858926940666,0,0.45375429535191164,-1.1671898423048581,-0.72387269077153416,657.94372826027188,-1692.4252713420442,-1809.6817269288354,117.48989535714985,-290.88545850314341,-241.00981602101635,22,5.4172798180651682e-07,1,4167.934417074569,-0.014070253341620379,0,-797.07140097662318,0,-797.07140097662318,4938.2789793750226,1.1848264596354063,0.16140671766533099,0.16140671766533099,0,3586.1635000682818,-0.014002445086636025,0,-786.6705524317872,0,-786.6705524317872,4300.3924782349231,1.1991624135801511,0.18292994335128049,0.18292994335128049,0,3473.7821074495914,-0.0008409509910109888,348.38365171232999,-54.423689577127753,348.38365171232999,-54.423689577127753,4176.2528251638387,1.2022207196610821,0.084431909321814921,0.084431909321814921,0,2991.7624754075587,-0.00084634179095185958,348.38365171232999,-54.735557056073375,348.38365171232999,-54.735557056073375,3639.9997705820306,1.2166740509993743,0.096883871453048234,0.096883871453048234,0
3,1.2149999999999961,243,28.044622432067445,2.0234813407818404,0.14481973340158166,-0.10116532343795034,24.127515940582374,-0.12493296935273694,24.127839391663063,-0.025009706253427823,0.07495146873286089,0,0.4368934861114136,-1.2497931537909712,-0.71507739251129065,633.49555486154975,-1812.2000729969084,-1787.6934812782265,113.12415217601959,-311.47174314783393,-258.0663464516,22,5.7940467823591746e-07,1,4190.7035733098246,-0.014625703696013204,0,-826.89327682364762,0,-826.89327682364762,4963.0928654313029,1.1843101709795818,0.16660846356172079,0.16660846356172079,0,3567.7600870141569,-0.0145558110434213,0,-815.34693321733437,0,-815.34693321733437,4280.0851161340133,1.1996560900248194,0.19049783149027569,0.19049783149027569,0,3488.6557662896098,-0.0013166723992687906,337.28160929787401,-85.002748342402342,337.28160929787401,-85.002748342402342,4192.7009191574671,1.2018098660438059,0.082960376860686177,0.082960376860686177,0,2972.5230733864096,-0.0013254241377370672,337.28160929787401,-85.470686486365736,337.28160929787401,-85.470686486365736,3618.4587834181325,1.2173021685903513,0.09615770703668243,0.09615770703668243,0
3,1.219999999999996,244,28.164094954144037,2.0402578928642146,0.14430500480770261,-0.10471882435933427,24.129721372184765,-0.11896700198557947,24.130014642491034,-0.025496959589947191,0.072515202050264058,0,0.42020265691414377,-1.3315582096609322,-0.70633041431611177,609.29385252550844,-1930.7594040083518,-1765.8260357902795,108.80242166206855,-331.8491189235059,-274.94978783075283,22,6.1648824400961644e-07,1,4213.241814342472,-0.015178058949540036,0,-856.44309235370258,0,-856.44309235370258,4987.6444794479212,1.1838020933119178,0.17171293902016482,0.17171293902016482,0,3549.54357649546,-0.0151061628805039,0,-843.6679465337603,0,-843.6679465337603,4259.9757384135237,1.2001474687118754,0.198045246813531,0.198045246813531,0,3503.3783424117873,-0.001790282718807937,326.31840922618824,-115.29935522770639,326.31840922618824,-115.29935522770639,4208.9764137308466,1.2014050446042643,0.082226422205969221,0.082226422205969221,0,2953.4787667502815,-0.0018026007625174441,326.31840922618824,-115.90159675504033,326.31840922618824,-115.90159675504033,3597.1252432939518,1.2179282559230571,0.09626858954750428,0.09626858954750428,0
3,1.2249999999999959,245,28.283582659086782,2.0570030144601676,0.1437726178677465,-0.10822869616201568,24.131842757875717,-0.11298052244679309,24.132107232674294,-0.02597792193320695,0.070110390333965253,0,0.40368729798861719,-1.4124761443771052,-0.69762458917110004,585.34658208349492,-2048.0904093468025,-1744.0614729277502,104.52612539150334,-352.01537637978743,-291.65830954366731,22,6.5294723716746716e-07,1,4235.5462199340363,-0.015727144294040846,0,-885.71486301239645,0,-885.71486301239645,5011.931027199229,1.1833021685871921,0.17672127932441886,0.17672127932441886,0,3531.5154671744613,-0.015653326851442835,0,-871.62606675299651,0,-871.62606675299651,4240.0662084218875,1.2006364541889809,0.20556897555555093,0.20556897555555093,0,3517.9487159894188,-0.002261761838888664,315.49675650284365,-145.31619960775009,315.49675650284365,-145.31619960775009,4225.078265309402,1.2010062131110697,0.082212509676346884,0.082212509676346884,0,2934.6320969020844,-0.0022778459056684648,315.49675650284365,-146.02621952358615,315.49675650284365,-146.02621952358615,3576.0022602706194,1.2185521531116597,0.097218038060553055,0.097218038060553055,0
3,1.2299999999999958,246,28.403085411382165,2.0737146362765602,0.14322279024132201,-0.11169512764741771,24.133880742621457,-0.10697449674922839,24.134117826057565,-0.02645247461294567,0.067737626935271661,0,0.38735285285230586,-1.4925387524296359,-0.68895320584966013,561.66163663584348,-2164.1811910229721,-1722.3830146241503,100.29667284571046,-371.96847055759139,-308.19021726290651,22,6.887502723706973e-07,1,4257.6140403847367,-0.016272790947874569,0,-914.70294872922602,0,-914.70294872922602,5035.9498976606419,1.1828103369382847,0.18163464039905053,0.18163464039905053,0,3513.6770992695538,-0.016197135194574764,0,-899.21435489374119,0,-899.21435489374119,4220.3582168073935,1.2011229539802475,0.2130658841499897,0.2130658841499897,0,3532.3658974357618,-0.0027310898847882287,304.8193212087225,-175.05589075281992,304.8193212087225,-175.05589075281992,4241.0055723417781,1.2006133270113486,0.08288367959915291,0.08288367959915291,0,2915.9854629099486,-0.0027511340861316068,304.8193212087225,-175.84258891512238,304.8193212087225,-175.84258891512238,3555.0927907656264,1.2191737016472961,0.098985487378989032,0.098985487378989032,0
3,1.2349999999999957,247,28.522603074122163,2.0903907107046842,0.14265573872608361,-0.1151182751591647,24.135836001972315,-0.10094983598789643,24.136047115952707,-0.026920500540390527,0.065397497298047363,0,0.37120471548146511,-1.571738440036633,-0.68030998921613151,538.24683744812444,-2279.0207380531178,-1700.7749730403289,96.115460678445146,-391.7065089518531,-324.54394297506809,22,7.2386618810149628e-07,1,4279.4426848626308,-0.016814835771906029,0,-943.40202648443164,0,-943.40202648443164,5059.6986498918332,1.18232653700192,0.18645419258409784,0.18645419258409784,0,3496.0296669589247,-0.016737425750617201,0,-926.42642960425064,0,-926.42642960425064,4200.8532948123175,1.2016068783725438,0.22053291666916944,0.22053291666916944,0,3546.6290170642906,-0.0031982470685096459,294.28873784121316,-204.52095136384375,294.28873784121316,-204.52095136384375,4256.7575636531192,1.2002263397643531,0.084190335251288551,0.084190335251288551,0,2897.5411311141543,-0.0032224399464957981,294.28873784121316,-205.3488345043221,294.28873784121316,-205.3488345043221,3534.3996478358727,1.2197927442282193,0.10153094918000995,0.10153094918000995,0
3,1.2399999999999956,248,28.642135509047826,2.1070292120373164,0.14207167941465013,-0.11849826471528747,24.137709241831796,-0.094907402895446302,24.137895824995528,-0.02738188423714713,0.063090578814264345,0,0.35524822757598212,-1.6500681810036659,-0.6716890810064805,515.10992998517406,-2392.5988624553156,-1679.2227025162013,91.983872007623773,-411.22774051084861,-340.71803586629562,22,7.5826421097602292e-07,1,4301.0297107570368,-0.017353120911209326,0,-971.80706499179234,0,-971.80706499179234,5083.1750010817304,1.1818507062084502,0.1911811151071891,0.1911811151071891,0,3478.5742297353399,-0.017274041605456751,0,-953.25643981173141,0,-953.25643981173141,4181.5528264431787,1.2020881402209789,0.22796709245990074,0.22796709245990074,0,3560.7373156201074,-0.00366321355363983,283.90760466418953,-233.7138121936149,283.90760466418953,-233.7138121936149,4272.3335877915342,1.1998452031408842,0.0860725009027693,0.0860725009027693,0,2879.3012438875166,-0.0036917381125810018,283.90760466418953,-234.54317547547089,283.90760466418953,-234.54317547547089,3513.9255105413331,1.2204091246100295,0.10479963225218981,0.10479963225218981,0
3,1.2449999999999954,249,28.761682576598023,2.123628136671234,0.14147082784110027,-0.12183519404554659,24.139501198215182,-0.088848017936204837,24.139664704981371,-0.027836511863692164,0.060817440681539187,0,0.33948867591412724,-1.7275214764065365,-0.66308502109607093,492.25858007548447,-2504.9061407894778,-1657.7125527401772,87.903275730394995,-430.53054558834521,-356.71115399724795,22,7.9191411694878866e-07,1,4322.3728139731484,-0.017887493460982579,0,-999.91330134494865,0,-999.91330134494865,5106.3768156597916,1.181382781039191,0.19581659118428191,0.19581659118428191,0,3461.3117227964576,-0.017806830756679555,0,-979.69903892904392,0,-979.69903892904392,4162.4580596070591,1.2025666547721776,0.23536550396414774,0.23536550396414774,0,3574.6901356124454,-0.0041259693332007736,273.67848306692633,-262.63680763443494,273.67848306692633,-262.63680763443494,4287.7331032869979,1.1994698674917144,0.088464587990399704,0.088464587990399704,0,2861.2678276179495,-0.0041590030663642237,273.67848306692633,-263.42391584250322,273.67848306692633,-263.42391584250322,3493.6729324632424,1.2210226874747969,0.10872739654077981,0.10872739654077981,0
3,1.2499999999999953,250,28.881244135963133,2.1401855032961605,0.14085339911751385,-0.12512913453632454,24.141212636998269,-0.082772464968225115,24.141354536680865,-0.028284271247461482,0.058578643762692596,0,0.32393128979264441,-1.8040923177847081,-0.65449272926012492,469.70037019933437,-2615.9338607878267,-1636.2318231503123,83.875025860307517,-449.61342677067449,-372.52205670297531,22,8.2478639074068383e-07,1,4343.4698200905214,-0.018417805155250998,0,-1027.7162194852804,0,-1027.7162194852804,5129.3020953848873,1.1809226972545164,0.20036180368669895,0.20036180368669895,0,3444.2429665491723,-0.018335645802477745,0,-1005.749360514698,0,-1005.749360514698,4143.5701162976748,1.2030423395040468,0.24272531471323236,0.24272531471323236,0,3588.4869133831289,-0.0045864941194206574,263.6038969321167,-291.29217216407187,263.6038969321167,-291.29217216407187,4302.9556697476983,1.1991002819879277,0.091299787104638874,0.091299787104638874,0,2843.4427999771788,-0.0046242090311698382,263.6038969321167,-291.98944063147383,263.6038969321167,-291.98944063147383,3473.6443494456421,1.2216332783179324,0.11324596797884151,0.11324596797884151,0
3,1.2549999999999952,251,29.00082004514341,2.156699353071025,0.14021960806101433,-0.12838013308555846,24.142844353656727,-0.076681496501011429,24.142966129637013,-0.028725051910527127,0.056374740447364374,0,0.30858123854807601,-1.879775153554671,-0.64590748742970394,447.44279589471017,-2725.6739726542728,-1614.7687185742598,79.900460885511677,-468.47500050627337,-388.14959765767173,22,8.5685238304655797e-07,1,4364.3186763135182,-0.018943912077014624,0,-1055.2115303591918,0,-1055.2115303591918,5151.9489703294312,1.1804703900956228,0.20481793131808104,0.20481793131808104,0,3427.3686753009711,-0.018860343651639761,0,-1031.402995287367,0,-1031.402995287367,4124.8900019090825,1.2035151139808031,0.25004375748444513,0.25004375748444513,0,3602.1271718504277,-0.0050447672444292506,253.68633201313969,-319.68203755245219,253.68633201313969,-319.68203755245219,4318.0009397242329,1.1987363948358487,0.094513526289958252,0.094513526289958252,0,2825.8279765350844,-0.0050873298681221443,253.68633201313969,-320.23821293207573,253.68633201313969,-320.23821293207573,3453.8420866243778,1.2222407433517375,0.11828719929829182,0.11828719929829182,0
3,1.2599999999999951,252,29.120410161011797,2.1731677497883393,0.13956966931175646,-0.13158821387019279,24.144397172996594,-0.070575838574911787,24.144500321944882,-0.029158745096856037,0.054206274515719827,0,0.29344362915568817,-1.9545648583728001,-0.63732492244372341,425.49326227574784,-2834.1190446405603,-1593.3123061093086,75.980903147054221,-487.11398947029755,-403.59271854846276,22,8.8808445908306055e-07,1,4384.9174441467712,-0.019465674388570935,0,-1082.3951536417928,0,-1082.3951536417928,5174.3156906822705,1.1800257944626145,0.20918614525026619,0.20918614525026619,0,3410.689465206176,-0.019380785253401984,0,-1056.655969401191,0,-1056.655969401191,4106.4186137495062,1.2039848997221074,0.25731813260908026,0.25731813260908026,0,3615.61051387199,-0.0055007675709541209,243.92823532073922,-347.80843074102063,243.92823532073922,-347.80843074102063,4332.8686512770009,1.1983781534689955,0.098045805079468001,0.098045805079468001,0,2808.4250767750641,-0.0055483389829290419,243.92823532073922,-348.16877173055457,243.92823532073922,-348.16877173055457,3434.2683648033285,1.2228449294246173,0.12378609325130105,0.12378609325130105,0
3,1.264999999999995,253,29.240014339380966,2.189588780027429,0.13890379744229028,-0.13475338002862985,24.145871948876241,-0.064456195286589218,24.145957980014778,-0.029585243799143957,0.052073781004280222,0,0.27852350390274955,-2.028456705196267,-0.62874098929565347,403.85908065898684,-2941.2622225345872,-1571.8524732391338,72.117658236425086,-505.52921560164009,-418.85044330630694,22,9.1845614402785714e-07,1,4405.2642927334282,-0.019982956080813893,0,-1109.2632009125352,0,-1109.2632009125352,5196.4006192993465,1.1795888450713192,0.21346760617200106,0.21346760617200106,0,3394.2058615301476,-0.019896835346005864,0,-1081.5047238931159,0,-1081.5047238931159,4088.156748822706,1.2044516200852111,0.26454580642108794,0.26454580642108794,0,3628.9366161745193,-0.0059544734121613789,234.33201451926101,-375.67327231530771,234.33201451926101,-375.67327231530771,4347.5586211867776,1.1980255047192865,0.10184248916086951,0.10184248916086951,0,2791.2357295619058,-0.0060072092421319485,234.33201451926101,-375.77973044172461,234.33201451926101,-375.77973044172461,3414.9253062334706,1.2234456839549896,0.12968263783762296,0.12968263783762296,0
3,1.2699999999999949,254,29.359632435074378,2.2059605532971784,0.13822220705872013,-0.1378756152606449,24.147269563920215,-0.05832325298349355,24.147339998320025,-0.030004442785217959,0.049977786073910214,0,0.26382583813329213,-2.1014463398081875,-0.62015195487205654,382.5474652932736,-3047.0971927218716,-1550.3798871801414,68.312014411612921,-523.71959375408676,-433.9218728457335,22,9.4794225935501686e-07,1,4425.3574927982809,-0.020495624740377742,0,-1135.8119601763469,0,-1135.8119601763469,5218.2022249361953,1.1791594765910258,0.21766346170883305,0.21766346170883305,0,3377.9183052901071,-0.020408362222868102,0,-1105.9460952183317,0,-1105.9460952183317,4070.1051109396744,1.2049152001590873,0.27172420983570111,0.27172420983570111,0,3642.10522380154,-0.0064058624598474128,224.90003733259596,-403.27837549904024,224.90003733259596,-403.27837549904024,4362.0707387528046,1.1976783949695398,0.10585579057671152,0.10585579057671152,0,2774.2614781100729,-0.0064639128980190251,224.90003733259596,-403.06977606280026,224.90003733259596,-403.06977606280026,3395.814939846608,1.2240428548789712,0.13592268181494957,0.13592268181494957,0
3,1.2749999999999948,255,29.479264302001134,2.2222812021689009,0.13752511289406535,-0.14095488534721512,24.14859092922525,-0.052177684148852072,24.148647299130097,-0.030416238624000808,0.047918806879995973,0,0.24935553806182803,-2.173529757589642,-0.61155438217891345,361.56553018965064,-3151.618148504981,-1528.8859554472835,64.565242031015373,-541.68412590743355,-448.80618026852949,22,9.7651906205697969e-07,1,4445.1954111419263,-0.021003551333557208,0,-1162.0378816312309,0,-1162.0378816312309,5239.7190761011061,1.1787376237651326,0.22177484417655222,0.22177484417655222,0,3361.8271593270592,-0.020915237515330885,0,-1129.9772967945364,0,-1129.9772967945364,4052.2643172189951,1.2053755666695671,0.27885083704757491,0.27885083704757491,0,3655.1161450340369,-0.0068549117202465586,215.63463095998188,-430.62544560517955,215.63463095998188,-430.62544560517955,4376.4049601266734,1.1973367702891202,0.11004418849878243,0.11004418849878243,0,2757.5037844969784,-0.0069184215214566332,215.63463095998188,-430.03766887644213,215.63463095998188,-430.03766887644213,3376.9392059920797,1.2246362906109658,0.14245812813855716,0.14245812813855716,0
3,1.2799999999999947,256,29.59890979323448,2.2385488823998814,0.136812729894217,-0.14399113959184426,24.149836984058755,-0.046020150995968616,24.149880832229996,-0.030820529711031143,0.045897351444844282,0,0.23511743870029908,-2.2447032806567884,-0.60294511404092666,340.92028611543367,-3254.8197569523431,-1507.3627851023166,60.878607756539715,-559.42202101833107,-463.50271016478513,23,5.0039514665201068e-07,1,4464.7766233900611,-0.021506610006097653,0,-1187.9375670164959,0,-1187.9375670164959,5260.9499631244271,1.1783232190303485,0.22580286361647722,0.22580286361647722,0,3345.9325813533992,-0.02141733599111962,0,-1153.5958968650416,0,-1153.5958968650416,4034.6347570324651,1.2058326517148448,0.28592325361156823,0.28592325361156823,0,3667.9693577930552,-0.0073015974567784692,206.53808150179927,-457.71608035081874,206.53808150179927,-457.71608035081874,4390.5614254280372,1.197000573655215,0.11437200999367056,0.11437200999367056,0,2740.9639374634849,-0.0073707059419518967,206.53808150179927,-456.68224192195555,206.53808150179927,-456.68224192195555,3358.2998521721838,1.2252258434600156,0.14924670059726283,0.14924670059726283,0
3,1.2849999999999946,257,29.718568761093742,2.2547617730481218,0.13608527329688985,-0.14698431218571936,24.151008695550015,-0.039851308790911505,24.151041574626646,-0.03121721629353277,0.043913918532336151,0,0.22111630162054408,-2.314963545126282,-0.59432126229259497,320.61863734978891,-3356.6971404331089,-1485.8031557314875,57.253314173227814,-576.9321930202434,-478.01056268650768,23,5.135717002779927e-07,1,4484.0994421836303,-0.022004677897901257,0,-1213.5077480989839,0,-1213.5077480989839,5281.8933865052941,1.1779162024857237,0.22974862597555909,0.22974862597555909,0,3330.2350561431431,-0.021914535367583744,0,-1176.7998199734177,0,-1176.7998199734177,4017.2171821408579,1.2062863775127428,0.29293905871085535,0.29293905871085535,0,3680.6645635231216,-0.0077458951390964445,197.61263339551269,-484.55176825858086,197.61263339551269,-484.55176825858086,4404.5399673811526,1.1966697566064373,0.11880885620305341,0.11880885620305341,0,2724.6434381501058,-0.0078207361942964904,197.61263339551269,-483.00240432442092,197.61263339551269,-483.00240432442092,3339.8988674694356,1.2258113559758326,0.1562514495068614,0.1562514495068614,0
3,1.2899999999999945,258,29.838241057229531,2.2709180765786474,0.13534295870388116,-0.14993432351189906,24.152107058373751,-0.033671808941748788,24.152130530242349,-0.03160620049502718,0.041968997524864098,0,0.20735681323185201,-2.3843074737642196,-0.58568018748149964,300.66737918618543,-3457.2458369581186,-1464.200468703749,53.690590323604034,-594.21399707570072,-492.32920356099481,23,5.2625043611698175e-07,1,4503.1626081638988,-0.022497634970255403,0,-1238.745289612282,0,-1238.745289612282,5302.5483059914577,1.1775165072605489,0.23361320220555057,0.23361320220555057,0,3314.7346140124978,-0.022406716137330782,0,-1199.5873043851595,0,-1199.5873043851595,4000.0118396837256,1.2067366789408511,0.29989593842802448,0.29989593842802448,0,3693.2018424727967,-0.0081877793978314475,188.86048886188843,-511.13389174826091,188.86048886188843,-511.13389174826091,4418.3408330023203,1.1963442620953542,0.12332894074588699,0.12332894074588699,0,2708.5434353508072,-0.0082684814711817718,188.86048886188843,-508.99713833212269,188.86048886188843,-508.99713833212269,3321.737845805324,1.2263926811921688,0.16344019763509843,0.16344019763509843,0
3,1.2949999999999944,259,29.957926532712055,2.2870160189618973,0.13458600214706115,-0.15284108135710844,24.153133094427762,-0.027482301816203585,24.153148729597444,-0.031987386339483191,0.040063068302584041,0,0.19384358267421523,-2.4527322662257602,-0.57701948892396726,281.07319487761208,-3556.4617860273524,-1442.5487223099183,50.191629645382932,-611.26673528841252,-506.45805455426574,23,5.3842272551563042e-07,1,4521.9648267157218,-0.02298536384872352,0,-1263.6471700415259,0,-1263.6471700415259,5322.9136381424678,1.1771240693193252,0.23739764646688871,0.23739764646688871,0,3299.4313561388963,-0.022893761409477856,0,-1221.9569044640411,0,-1221.9569044640411,3983.0190546115136,1.2071834885125703,0.30679162909081925,0.30679162909081925,0,3705.5812131269572,-0.0086272239846040735,180.28380736162819,-537.46372621883165,180.28380736162819,-537.46372621883165,4431.9641982995699,1.1960240360134096,0.12791046878602425,0.12791046878602425,0,2692.6651040184256,-0.0087139100813305118,180.28380736162819,-534.66550308184912,180.28380736162819,-534.66550308184912,3303.8184121370823,1.2269696692717547,0.1707849218614963,0.1707849218614963,0
3,1.2999999999999943,260,30.077625038122374,2.3030538497645505,0.13381462014842632,-0.15570448207108623,24.154087852503064,-0.021283439365174735,24.154097229481113,-0.032360679774997479,0.038196601125012622,0,0.18058113999179246,-2.5202353827393913,-0.56833699031035056,261.84265298809908,-3654.3413049721171,-1420.8424757758764,46.757605096119633,-628.08977470158823,-520.39659123721901,23,5.5008098120978843e-07,1,4540.5048784035289,-0.023467749676424076,0,-1288.2104745940906,0,-1288.2104745940906,5342.9883759978857,1.1767388251053956,0.2411029903005352,0.2411029903005352,0,3284.3253290003522,-0.023375556761201895,0,-1243.907471925811,0,-1243.907471925811,3966.2390902860511,1.2076267400383423,0.3136239252374719,0.3136239252374719,0,3717.802737535279,-0.009064201736657623,171.8847050625568,-563.54244142152208,171.8847050625568,-563.54244142152208,4445.4102842790198,1.195709024418576,0.13253504904146632,0.13253504904146632,0,2677.0095550608407,-0.0091569894125036848,171.8847050625568,-560.00663550160391,171.8847050625568,-560.00663550160391,3286.1421205358665,1.2275421708239596,0.17826118461047394,0.17826118461047394,0
3,1.3049999999999942,261,30.197336423646451,2.3190298422331068,0.13302902977453421,-0.15852441165584538,24.154972407947639,-0.01507587753371002,24.154977112611704,-0.032725988697000503,0.036370056514997494,0,0.16757393432205717,-2.5868145305879318,-0.55963072673583925,242.9822047669829,-3750.8810693525011,-1399.0768168395982,43.389668684329074,-644.68254392873837,-534.14434019412147,23,5.6121869951297754e-07,1,4558.781615836574,-0.023944679979326842,0,-1312.4323867234157,0,-1312.4323867234157,5362.7715855968099,1.1763607115917303,0.24473024177429295,0.24473024177429295,0,3269.4165279790977,-0.023851990101272882,0,-1265.4381420151183,0,-1265.4381420151183,3949.6721523281699,1.2080663685790913,0.32039067882360672,0.32039067882360672,0,3729.866518286286,-0.0094986845457509239,163.66525431748872,-589.371102614591,163.66525431748872,-589.371102614591,4458.6793536006526,1.1953991736007821,0.13718717295610597,0.13718717295610597,0,2661.5778378980431,-0.0095976858990013212,163.66525431748872,-585.01975201298694,163.66525431748872,-585.01975201298694,3268.7104567833553,1.2281100369263631,0.18584761342205319,0.18584761342205319,0
3,1.3099999999999941,262,30.317060539171841,2.3349422933705477,0.13222944868565206,-0.16130074679120124,24.155787862323699,-0.0088602784800352417,24.155789487286889,-0.033083222970982047,0.034583885145089768,0,0.15482633214307193,-2.6524676516924779,-0.55089893217548447,224.49818160745431,-3846.0780949540931,-1377.2473304387113,40.088951015655681,-661.04453005935238,-547.70087645884189,23,5.7183049984033119e-07,1,4576.7939608015249,-0.024416044542361105,0,-1336.3101803757993,0,-1336.3101803757993,5382.2624027979309,1.1759896663242726,0.24828038478412498,0.24828038478412498,0,3254.7049006828202,-0.02432295154437537,0,-1286.548320255471,0,-1286.548320255471,3933.3183921621844,1.2085023104051598,0.3270897984813893,0.3270897984813893,0,3741.7726957166697,-0.0099306433308698934,155.62748315290395,-614.95067187190443,155.62748315290395,-614.95067187190443,4471.7717074996581,1.1950944301396613,0.14185376225453475,0.14185376225453475,0,2646.3709427989861,-0.010035964993206787,155.62748315290395,-609.70415038422209,155.62748315290395,-609.70415038422209,3251.5248407274034,1.2286731191540232,0.19352544221603588,0.19352544221603588,0
3,1.314999999999994,263,30.436797234386887,2.3507895240063679,0.13141609517993272,-0.16403335579877118,24.156535343058593,-0.0026373126154660342,24.156535487024144,-0.033432294454730394,0.032838527726348037,0,0.14234261557804143,-2.7171929111799402,-0.5421400273966448,206.39679258816005,-3939.9297212109136,-1355.3500684916121,36.856560853874065,-677.17527580970761,-561.06582115418803,23,5.8191214780123346e-07,1,4594.5409016327712,-0.024881735295665803,0,-1359.8412129048772,0,-1359.8412129048772,5401.4600303669267,1.175625627458752,0.25175437849393878,0.25175437849393878,0,3240.1903500133558,-0.024788333295564922,0,-1307.2376697252432,0,-1307.2376697252432,3917.1779102895116,1.2089345029601009,0.33371924882233078,0.33371924882233078,0,3753.5214453311251,-0.010360048014373532,147.77337476856616,-640.28200951794429,147.77337476856616,-640.28200951794429,4484.6876829453477,1.1947947409555086,0.14652378217399409,0.14652378217399409,0,2631.3898030227488,-0.010471791140779228,147.77337476856616,-634.05921169010378,147.77337476856616,-634.05921169010378,3234.5866284237441,1.2292312696158079,0.20127811485357616,0.20127811485357616,0
3,1.3199999999999938,264,30.556546358882276,2.3665698788602434,0.13058918823291962,-0.1667220995466161,24.15721600308947,0.0035923395227982708,24.15721627019192,-0.033773117020080193,0.03113441489959903,0,0.1301269807563778,-2.78098868682391,-0.53335260830221354,188.68412209674781,-4032.4335958946695,-1333.3815207555338,33.693584696522358,-693.07437689133008,-574.23883931157366,23,5.914605796242256e-07,1,4612.0214907930695,-0.025341646210351169,0,-1383.0229186024908,0,-1383.0229186024908,5420.3637353006061,1.1752685337917921,0.25515315689894197,0.25515315689894197,0,3225.8727370104089,-0.025248029544243485,0,-1327.5060988161522,0,-1327.5060988161522,3901.2507593213081,1.2093628848287452,0.34027704977546624,0.34027704977546624,0,3765.1129754098347,-0.010786867501222585,140.10486704819564,-665.36587566482967,140.10486704819564,-665.36587566482967,4497.4276500118176,1.1945000533542476,0.15118791431171719,0.15118791431171719,0,2616.6352967866878,-0.010905127759131472,140.10486704819564,-658.08440233794727,140.10486704819564,-658.08440233794727,3217.8971140887516,1.22978434099717,0.20909094699849304,0.20909094699849304,0
3,1.3249999999999937,265,30.676307762254812,2.3822817265995768,0.12974894753267277,-0.16936683229666136,24.157831020501817,0.0098279855547799572,24.157833019631951,-0.034105606574163269,0.029471967129183652,0,0.1181835362306357,-2.8438535592569436,-0.52453543469806951,171.36612753442176,-4123.5876609225679,-1311.3385867451739,30.601086365001638,-708.74147957170749,-587.21963784997615,23,6.0047391725603916e-07,1,4629.2348426392073,-0.025795673203176269,0,-1405.8528027982018,0,-1405.8528027982018,5438.9728463595493,1.1749183247870605,0.25847762849913414,0.25847762849913414,0,3211.7518834957918,-0.025701936367071614,0,-1347.3537494338391,0,-1347.3537494338391,3885.5369467977412,1.2097873957089662,0.34676127595293066,0.34676127595293066,0,3776.547524782477,-0.011211069660969523,132.62385208132642,-690.20293182960643,132.62385208132642,-690.20293182960643,4509.9920094365234,1.1942103150671437,0.15583828176140313,0.15583828176140313,0,2602.1082490825247,-0.011335937218861551,132.62385208132642,-681.77927612132578,132.62385208132642,-681.77927612132578,3201.4575318864245,1.2303321866087715,0.21695084019217137,0.21695084019217137,0
3,1.3299999999999936,266,30.796081294213298,2.3979234598911492,0.12889559351079596,-0.17196740249700221,24.158381598161924,0.016068919686245551,24.15838694227304,-0.034429681080157336,0.027851594599213339,0,0.10651630144872681,-2.9057863028603435,-0.51568741947839691,154.44863710065388,-4213.3901391474983,-1289.2185486959922,27.580106608988892,-724.17627840385001,-600.0079636947894,23,6.0895147813155859e-07,1,4646.1801313493561,-0.026243714049581948,0,-1428.3284364831331,0,-1428.3284364831331,5457.2867517832356,1.17457494059713,0.26172867607083489,0.26172867607083489,0,3197.8275745416558,-0.026149951639268806,0,-1366.7809856033214,0,-1366.7809856033214,3870.0364378193899,1.2102079763866198,0.35317005603529861,0.35317005603529861,0,3787.8253607492838,-0.011632621312217158,125.33217569646003,-714.7937426124995,125.33217569646003,-714.7937426124995,4522.3811903448404,1.1939254742859242,0.16046821911961617,0.16046821911961617,0,2587.8094333597051,-0.011764180827834753,125.33217569646003,-705.14347626594474,125.33217569646003,-705.14347626594474,3185.2690575710362,1.2308746604403789,0.22484604142926864,0.22484604142926864,0
3,1.3349999999999935,267,30.915866804686384,2.4134934954470895,0.12802934736963623,-0.17452365352116758,24.158868963343412,0.022314421272859084,24.158879268736669,-0.034745260577527248,0.026273697112363759,0,0.095129205280903864,-2.9667858772449165,-0.50680761822266318,137.9373476573106,-4301.8395220051289,-1267.0190455566581,24.631662725031134,-739.37851410313419,-612.60360201870719,23,6.1689378227924863e-07,1,4662.8565889906195,-0.026685668304550294,0,-1450.4474514169435,0,-1450.4474514169435,5475.3048971637591,1.1742383220816603,0.26490715652534419,0.26490715652534419,0,3184.0995607843506,-0.026591974953783837,0,-1385.7883824450244,0,-1385.7883824450244,3854.749157514299,1.2106245687131545,0.3595015721693906,0.3595015721693906,0,3798.9467771312225,-0.012051488209280051,118.23163700563691,-739.13877741903946,118.23163700563691,-739.13877741903946,4534.5956481204157,1.1936454796939058,0.16507208044995084,0.16507208044995084,0,2573.7395730938083,-0.012189818817640561,118.23163700563691,-728.17673743448609,118.23163700563691,-728.17673743448609,3169.3328100051931,1.2314116172194693,0.23276594168990936,0.23276594168990936,0
3,1.3399999999999934,268,31.035664143932237,2.4289902740653528,0.12715043110591509,-0.17703542435638533,24.159294367347886,0.028563753510835711,24.159311252934796,-0.035052267201754146,0.024738663991229259,0,0.084026084601032364,-3.0268514192432354,-0.497895219198279,121.83782267149692,-4388.9345579026913,-1244.7380479956976,21.756748189196287,-754.34797155162482,-625.00637458822757,23,6.2430254654799455e-07,1,4679.2635037070268,-0.027121437230793018,0,-1472.2075356796954,0,-1472.2075356796954,5493.0267834561855,1.1739084108224458,0.26801390084491628,0.26801390084491628,0,3170.5675606037776,-0.027027907547847018,0,-1404.3767154899679,0,-1404.3767154899679,3839.6749933622955,1.2110371155854185,0.36575405937162264,0.36575405937162264,0,3809.9120924328258,-0.012467635030808237,111.32398796053167,-763.23841221099133,111.32398796053167,-763.23841221099133,4546.6358624028153,1.1933702804936777,0.16964507906094717,0.16964507906094717,0,2559.8993432563707,-0.012612810332174243,111.32398796053167,-750.87888765961191,111.32398796053167,-750.87888765961191,3153.6498525715551,1.2319429124740087,0.24070090744228523,0.24070090744228523,0
3,1.3449999999999933,269,31.155473162649958,2.4444122606649019,0.12625906753104196,-0.17950255024286288,24.159659085119785,0.034816162245585071,24.159684171660121,-0.035350625203547342,0.023246873982263307,0,0.073210682921720574,-3.0859822353404631,-0.48894953376309097,106.15549023649484,-4474.6742412436715,-1222.3738344077274,18.956332303669228,-769.08447791169772,-637.21613820071616,23,6.3118067306078274e-07,1,4695.4002180098632,-0.02755092373379911,0,-1493.6064296330737,0,-1493.6064296330737,5510.4519651054652,1.1735851491358196,0.2710497140871978,0.2710497140871978,0,3157.231262186468,-0.027457652236443222,0,-1422.5469503053432,0,-1422.5469503053432,3824.8137973964513,1.2114455609272234,0.37192580493033939,0.37192580493033939,0,3820.7216481025507,-0.012881025370156543,104.61093292018488,-787.09293127286048,104.61093292018488,-787.09293127286048,4558.5023351954715,1.1930998264318255,0.17418315379213051,0.17418315379213051,0,2546.2893717011184,-0.013033113418117349,104.61093292018488,-773.24985017662118,104.61093292018488,-773.24985017662118,3138.221194494979,1.2324684025988784,0.24864213984163419,0.24864213984163419,0
3,1.3499999999999932,270,31.275293712092573,2.4597579443157569,0.12535548028834925,-0.18192486326606797,24.15996441485553,0.04107087489041835,24.159999324169068,-0.035640260967534323,0.021798695162328376,0,0.062686649082895868,-3.1441777944770188,-0.47996998716207456,90.895641170199013,-4559.0578019916775,-1199.9249679051863,16.231359857186781,-783.587900832331,-649.23278319824885,23,6.3753224255336249e-07,1,4711.2661271537381,-0.027974032303299874,0,-1514.6419222579775,0,-1514.6419222579775,5527.5800482715049,1.173268480082855,0.27401537545016863,0.27401537545016863,0,3144.0903254890763,-0.027881113352271263,0,-1440.3002324042893,0,-1440.3002324042893,3810.1653882998935,1.2118498496722439,0.37801514780096079,0.37801514780096079,0,3831.375806876842,-0.01329162172730503,98.094128230477693,-810.70252898240494,98.094128230477693,-810.70252898240494,4570.1955890684276,1.1928340678211455,0.1786828573107884,0.1786828573107884,0,2532.9102404803443,-0.013450685017113811,98.094128230477693,-795.28964512943912,98.094128230477693,-795.28964512943912,3123.0477920904682,1.2329879449254426,0.2565815570869362,0.2565815570869362,0
3,1.3549999999999931,271,31.395125644181508,2.4750258382640871,0.12443989386747975,-0.18430219290396707,24.160211677607034,0.04732709944794556,24.160258031757888,-0.035921103030424242,0.020394484847878782,0,0.052457535993434806,-3.2014377211621619,-0.47095610971273971,76.063427190480468,-4642.0846956851346,-1177.3902742818493,13.582750799209611,-797.85814673288769,-661.05623204566052,23,6.4336248728480427e-07,1,4726.8606775832832,-0.028390668960735034,0,-1535.3118478378685,0,-1535.3118478378685,5544.410689135686,1.1729583474777585,0.27691163839041066,0.27691163839041066,0,3131.1443841175078,-0.028298196691779996,0,-1457.6378774161119,0,-1457.6378774161119,3795.7295534145992,1.2122499277478704,0.38402047798817379,0.38402047798817379,0,3841.8749511952656,-0.013699385502157341,91.775181815454516,-834.06731157513036,91.775181815454516,-834.06731157513036,4581.7161654417159,1.1925729555607412,0.18314126265315284,0.18314126265315284,0,2519.7624871039443,-0.013865480959460068,91.775181815454516,-816.99839112575182,91.775181815454516,-816.99839112575182,3108.1305499510154,1.2335013977937674,0.26451169608850056,0.26451169608850056,0
3,1.359999999999993,272,31.514968811622442,2.4902144799525039,0.12351253361614613,-0.18663436653115137,24.160402216879667,0.053584023627310517,24.160461637332016,-0.036193082098640396,0.019034589506798018,0,0.042526799425453635,-3.2577617888430637,-0.46190752837391058,61.66385916690777,-4723.7545938224421,-1154.7688209347764,11.01139992772946,-811.89515915057041,-672.68643796134711,23,6.486777652803255e-07,1,4742.1833654367065,-0.028800741212327698,0,-1555.6140829594688,0,-1555.6140829594688,5560.9435922735947,1.1726546958948072,0.27973923078825103,0.27973923078825103,0,3118.3930471355652,-0.028708809466894726,0,-1474.5613614954732,0,-1474.5613614954732,3781.5060506773443,1.2126457420596448,0.38994023590980353,0.38994023590980353,0,3852.2194816752117,-0.014104276989063167,85.655652780591083,-857.18729889410702,85.655652780591083,-857.18729889410702,4593.0646229365066,1.1923164411543665,0.18755588488058303,0.18755588488058303,0,2506.8466057525175,-0.014277455959147738,85.655652780591083,-838.37630661915682,85.655652780591083,-838.37630661915682,3093.4703220881961,1.234008620627022,0.2724256302181316,0.2724256302181316,0
3,1.3649999999999929,273,31.634823068022378,2.505322431035709,0.12257362574947382,-0.18892120988175418,24.160537398224726,0.059840814050903399,24.16061150496903,-0.036456131065417438,0.017719344672912807,0,0.032897796860872033,-3.3131499134790823,-0.45282395869266218,47.701805448264452,-4804.0673745446693,-1132.0598967316555,8.5181765906113149,-825.69891713901688,-684.12338359043963,23,6.534855345741164e-07,1,4757.2337350937123,-0.029204158007399277,0,-1575.5465438044589,0,-1575.5465438044589,5577.1785090801686,1.1723574706741426,0.2824988551539675,0.2824988551539675,0,3105.8359008156781,-0.029112860262070068,0,-1491.0723119512597,0,-1491.0723119512597,3767.4946104965898,1.2130372404759511,0.39577291173741663,0.39577291173741663,0,3862.409815635745,-0.014506255372429904,79.737051028107629,-880.06242611772655,79.737051028107629,-880.06242611772655,4604.2415357823375,1.1920644767273325,0.19192461526339005,0.19192461526339005,0,2494.1630484548659,-0.014686563610116367,79.737051028107629,-859.42371109817975,79.737051028107629,-859.42371109817975,3079.0679130372096,1.2345094740076004,0.28031690044968882,0.28031690044968882,0
3,1.3699999999999928,274,31.754688268007865,2.5203482773916495,0.12162339735712831,-0.19116254747303782,24.160618608826496,0.066096615544655124,24.160709019475391,-0.036710185027358885,0.016449074863205571,0,0.023573786389857434,-3.3676021472757887,-0.44370519712429635,34.18199026529328,-4883.0231135498934,-1109.2629928107408,6.1039244003688964,-839.26943370671211,-695.36707971096973,23,6.5779431057677584e-07,1,4772.0113777565284,-0.029600829701576615,0,-1595.1071837077538,0,-1595.1071837077538,5593.1152362348439,1.1720666179267036,0.2851911888698262,0.2851911888698262,0,3093.4725103431037,-0.029510258996325853,0,-1507.172498077857,0,-1507.172498077857,3753.6949375827548,1.2134243718126412,0.40151704470913185,0.40151704470913185,0,3872.4463856611542,-0.014905278723305822,74.020836884425066,-902.69254545915896,74.020836884425066,-902.69254545915896,4615.2474922698839,1.1918170150422649,0.19624566585923178,0.19624566585923178,0,2481.7122262392145,-0.015092756383591791,74.020836884425066,-880.1410260639401,74.020836884425066,-880.1410260639401,3064.9240789369519,1.2350038197545314,0.28817945765349545,0.28817945765349545,0
3,1.3749999999999927,275,31.874564267344237,2.5352906291283288,0.120662076408419,-0.19335820299150241,24.160647257084012,0.07235055050645664,24.160755585937284,-0.036955181300451126,0.015224093497744385,0,0.014557925660729438,-3.4211186725378702,-0.43455111372033051,21.108992208057686,-4960.6220751799119,-1086.3777843008263,3.7694609622646063,-852.60675428502634,-706.41756396457868,23,6.6161362655137168e-07,1,4786.5159300538944,-0.029990668024564824,0,-1614.2939909597335,0,-1614.2939909597335,5608.7536141954952,1.1717820845385429,0.28781688446324871,0.28781688446324871,0,3081.3024214838415,-0.029900916889943344,0,-1522.8638221735068,0,-1522.8638221735068,3740.1067127431352,1.2138070858173142,0.40717122241054482,0.40717122241054482,0,3882.3296381957111,-0.01530130399683341,68.508420739849726,-925.07742783230299,68.508420739849726,-925.07742783230299,4626.0830932397739,1.1915740095139673,0.20051752272994983,0.20051752272994983,0,2469.4945102665538,-0.015495985626402401,68.508420739849726,-900.52877578010509,68.508420739849726,-900.52877578010509,3051.039528594702,1.2354915210017523,0.29600761419028521,0.29600761419028521,0
3,1.3799999999999926,276,31.994450923055766,2.5501481205864196,0.11968989175556238,-0.19550799964334425,24.160624772187536,0.078601718347659943,24.160752629265698,-0.037191059435529708,0.014044702822351464,0,0.0058532708809040475,-3.4736997956043361,-0.42536164517949326,8.4872427773108683,-5036.8647036262873,-1063.4041129487332,1.5155776156250773,-865.71095521676489,-717.27489960422406,23,6.6495399408950107e-07,1,4800.7470726589527,-0.03037358605217793,0,-1633.1049868314685,0,-1633.1049868314685,5624.0935257111923,1.1715038181747448,0.29037656990687311,0.29037656990687311,0,3069.3251622254229,-0.030284746435517113,0,-1538.1483107321853,0,-1538.1483107321853,3726.7295946515123,1.2141853331529842,0.41273408002010353,0.41273408002010353,0,3892.0600321620368,-0.015694287030487031,63.201162700581591,-947.21676447999164,63.201162700581591,-947.21676447999164,4636.7489505989397,1.1913354142236159,0.20473890635146422,0.20473890635146422,0,2457.5102329535885,-0.01589620156018156,63.201162700581591,-920.58758778058598,63.201162700581591,-920.58758778058598,3037.4149245439712,1.2359724422768394,0.30379600326834577,0.30379600326834577,0
3,1.3849999999999925,277,32.114348093546596,2.5649194103378257,0.11870707313527834,-0.19761176047106638,24.160552603689879,0.084849195003008332,24.160701593736025,-0.03741776123319436,0.012911193834028212,0,-0.0025372241315812973,-3.525345940833418,-0.4161367882567697,-3.6789749907928808,-5111.751614208456,-1040.3419706419243,-0.65696081174647103,-878.5821422571064,-727.93917425214795,23,6.6782684715605001e-07,1,4814.7045289129801,-0.030749498182338474,0,-1651.5382238035684,0,-1651.5382238035684,5639.1348943448784,1.171231767283138,0.29287084894170357,0.29287084894170357,0,3057.5402443987668,-0.030661661373076101,0,-1553.0281057971272,0,-1553.0281057971272,3713.5632216014533,1.2145590653808995,0.41820429951570681,0.41820429951570681,0,3901.6380375962749,-0.016084182543023268,58.100372253126956,-969.11016856105527,58.100372253126956,-969.11016856105527,4647.2456858569458,1.1911011839324863,0.20890873802646431,0.20890873802646431,0,2445.759689091979,-0.016293353281379132,58.100372253126956,-940.31819312216805,58.100372253126956,-940.31819312216805,3024.0508841032029,1.2364464495798122,0.31153954479055096,0.31153954479055096,0
3,1.3899999999999924,278,32.234255638722395,2.5796031811803348,0.11771385116888421,-0.19966930863801896,24.160432221072615,0.091092032504712137,24.160603942522414,-0.037635230758168693,0.011823846209156531,0,-0.010610708846430256,-3.576057644608412,-0.40687659352551547,-15.38552782732387,-5185.2835846821972,-1017.1914838137886,-2.7474162361824011,-891.22044907975931,-738.41049866217099,23,6.7024448791030977e-07,1,4828.388063447851,-0.03111832011477398,0,-1669.5917839807228,0,-1669.5917839807228,5653.8776829981298,1.1709658810979691,0.29530030141992286,0.29530030141992286,0,3045.9471652883321,-0.031031576669004201,0,-1567.5054564656743,0,-1567.5054564656743,3700.6072132512395,1.2149282349422947,0.42358060883973481,0.42358060883973481,0,3911.0641342940798,-0.016470944134085806,53.207307941204391,-990.7571766936361,53.207307941204391,-990.7571766936361,4657.5739286755579,1.1908712740953857,0.2130261113186257,0.2130261113186257,0,2434.2431369697379,-0.016687388762019213,53.207307941204391,-959.72142637097318,53.207307941204391,-959.72142637097318,3010.9479804420771,1.2369134104616391,0.31923341663487614,0.31923341663487614,0
3,1.3949999999999922,279,32.354173420112573,2.5941981401285146,0.11671045736104277,-0.20168046768262279,24.160265113307272,0.097329258616733597,24.160461157227015,-0.037843414353101491,0.010782928234492561,0,-0.018364436869854745,-3.6258355493392345,-0.397581159487639,-26.628433461289383,-5257.4615465418901,-993.95289871909745,-4.7550775379211654,-903.62603578204948,-748.68900548109957,23,6.7222003918843143e-07,1,4841.7974808010104,-0.031479968834155235,0,-1687.2637776754084,0,-1687.2637776754084,5668.3218924311341,1.1707061096436826,0.29766548366429196,0.29766548366429196,0,3034.5454092369118,-0.031394408498506894,0,-1581.5827105365718,0,-1581.5827105365718,3687.8611723673994,1.2152927951388854,0.42886178102015826,0.42886178102015826,0,3920.338810462139,-0.016854524284419303,48.523177055216529,-1012.1572504528508,48.523177055216529,-1012.1572504528508,4667.7343154256887,1.1906456408739439,0.21709026769809756,0.21709026769809756,0,2422.9607994999396,-0.017078254851154114,48.523177055216529,-978.79822531328148,48.523177055216529,-978.79822531328148,2998.1067436614035,1.237373194102094,0.32687303049051264,0.32687303049051264,0
3,1.3999999999999921,280,32.474101300992963,2.6087030184009929,0.1156971240973112,-0.2036450617440031,24.160052788411591,0.10355987652567258,24.160274737404386,-0.038042260651805833,0.0097886967409708259,0,-0.025795766744275694,-3.6746803974377702,-0.38825062702678587,-37.403861779199758,-5328.2865762847669,-970.6265675669647,-6.6792607681731546,-915.79908738347967,-758.77484800472394,23,6.7376738233093647e-07,1,4854.9326240175669,-0.031834362596436488,0,-1704.5523421454891,0,-1704.5523421454891,5682.4675597719252,1.1704524037389328,0.29996692884136833,0.29996692884136833,0,3023.3344492506071,-0.031750074231385352,0,-1595.2623062921589,0,-1595.2623062921589,3675.3246865729279,1.2156527001119342,0.43404663324580117,0.43404663324580117,0,3929.4625613706376,-0.017234874356658388,44.049135334368714,-1033.3097778215397,44.049135334368714,-1033.3097778215397,4677.7274877465734,1.1904242411498973,0.22110057572794728,0.22110057572794728,0,2411.9128653611897,-0.017465897276976807,44.049135334368714,-997.54963038283086,44.049135334368714,-997.54963038283086,2985.5276618917619,1.2378256713866287,0.33445401151856186,0.33445401151856186,0
3,1.404999999999992,281,32.594039146508919,2.6231165714042786,0.11467408464062991,-0.20556291576073607,24.159796773000899,0.10978286458495379,24.160046200081261,-0.038231720591932909,0.0088413970403354424,0,-0.032902162699522487,-3.7225930252482353,-0.37888517419937889,-47.708135914307611,-5397.7598866099415,-947.21293549844722,-8.5193093436282084,-927.73981231307744,-768.66819892452895,23,6.7490109056933534e-07,1,4867.793373234892,-0.032181420918172499,0,-1721.4556404716611,0,-1721.4556404716611,5696.3147570097717,1.170204715000934,0.30220514734605775,0.30220514734605775,0,3012.3137486087371,-0.032098492420893937,0,-1608.546764409112,0,-1608.546764409112,3662.9973301053997,1.2160079048197374,0.43913402589426059,0.43913402589426059,0,3938.4358880027148,-0.017611944596668778,39.786286681509488,-1054.2140745934084,39.786286681509488,-1054.2140745934084,4687.5540911027547,1.1902070325384775,0.22505651323582715,0.22505651323582715,0,2401.0994901536569,-0.017850260649565703,39.786286681509488,-1015.9767837982462,39.786286681509488,-1015.9767837982462,2973.211182415364,1.2382707149819498,0.34197218122713824,0.34197218122713824,0
3,1.4099999999999919,282,32.713986823798642,2.6374375787132665,0.11364157312688118,-0.20743385564438455,24.159498611834699,0.11599717610930722,24.159777079271823,-0.038411747427077446,0.0079412628646127869,0,-0.039681195356139259,-3.7695743569167059,-0.36948501135826101,-57.537733266401922,-5465.8828175292238,-923.7125283956525,-10.274594228562201,-939.44844088158186,-778.36924906183992,23,6.7563637751177907e-07,1,4880.3796442458633,-0.032521064568601564,0,-1737.9718605618104,0,-1737.9718605618104,5709.863589468433,1.1699629958502429,0.30438062719526532,0.30438062719526532,0,3001.4827624826994,-0.032439582795470899,0,-1621.4386799925373,0,-1621.4386799925373,3650.8786655893823,1.2163583650134075,0.44412286151141622,0.44412286151141622,0,3947.2592956975591,-0.017985684135427817,35.735682890757538,-1074.8693857284043,35.735682890757538,-1074.8693857284043,4697.2147733351248,1.1899939734020015,0.2289576520090596,0.2289576520090596,0,2390.520797573879,-0.018231288464245876,35.735682890757538,-1034.0809284057184,35.735682890757538,-1034.0809284057184,2961.1577128148879,1.2387081994099962,0.34942354305024781,0.34942354305024781,0
3,1.4149999999999918,283,32.833944202116676,2.6516648440485908,0.11259982455963995,-0.20925770842947192,24.159159867358543,0.1222017392168081,24.159468925488724,-0.03858229673831165,0.0070885163084417613,0,-0.046130542381420635,-3.8156253981866444,-0.36005037660355199,-66.889286453059924,-5532.6568273706343,-900.12594150888003,-11.944514104703979,-950.92522373518784,-787.87820608669176,23,6.7598902564469654e-07,1,4892.6913870375402,-0.032853215564296705,0,-1754.0992142704201,0,-1754.0992142704201,5723.1141942556824,1.1697271995160423,0.30649383442864342,0.30649383442864342,0,2990.8409395671642,-0.032773266253144771,0,-1633.940714729195,0,-1633.940714729195,3638.9682458268371,1.2167040372108422,0.44901208374186707,0.44901208374186707,0,3955.9332927843398,-0.01835604099144093,31.898323387987926,-1095.2748866606175,31.898323387987926,-1095.2748866606175,4706.7101832028757,1.1897850228637474,0.23280364462845507,0.23280364462845507,0,2380.1768806109567,-0.018608923105561153,31.898323387987926,-1051.8634062234939,31.898323387987926,-1051.8634062234939,2949.3676221524165,1.2391380011200499,0.35680427020193073,0.35680427020193073,0
3,1.4199999999999917,284,32.953911152957502,2.6657971952509736,0.11154907480423,-0.21103430240151716,24.158782119241259,0.12839545671600003,24.159123305250059,-0.038743326445144985,0.0062833677742750726,0,-0.052247989098846689,-3.8607472301098524,-0.35058153155522176,-75.759584193327697,-5598.0834836592858,-876.45382888805443,-13.528495529035979,-962.1704302882149,-797.19529321923437,23,6.759753223839482e-07,1,4904.728584302733,-0.033177797166199965,0,-1769.8359366221532,0,-1769.8359366221532,5736.0667386862797,1.1694972800419967,0.30854521351463482,0.30854521351463482,0,2980.3877237263036,-0.03309946485843162,0,-1646.0555891565809,0,-1646.0555891565809,3627.2656156084468,1.2170448786687955,0.45380067621005127,0.45380067621005127,0,3964.4583892047162,-0.01872296207369932,28.275154984237826,-1115.4296845594313,28.275154984237826,-1115.4296845594313,4716.0409689138141,1.1895801408221787,0.23659421311961393,0.23659421311961393,0,2370.0678027662475,-0.018983105851860225,28.275154984237826,-1069.3256566860823,28.275154984237826,-1069.3256566860823,2937.8412421809799,1.2395599985587122,0.36411069544502417,0.36411069544502417,0
3,1.4249999999999916,285,33.073887550179045,2.6798334842527383,0.11048956058119169,-0.21276346720472494,24.158366963907614,0.1345772060358684,24.158741800582398,-0.038894796815906817,0.0055260159204659105,0,-0.058031429051603432,-3.9049410026645881,-0.34107875744163368,-84.14557212482498,-5662.1644538636529,-852.69689360408415,-15.025993079706327,-973.18434713263639,-806.32074791196555,23,6.7561200367549645e-07,1,4916.4912499224902,-0.033494733878866458,0,-1785.1802851296541,0,-1785.1802851296541,5748.7214186761121,1.1692731922927235,0.31053518776019728,0.31053518776019728,0,2970.1225556572172,-0.033418101841549475,0,-1657.7860750453742,0,-1657.7860750453742,3615.7703135481893,1.2173808473529826,0.45848766135218727,0.45848766135218727,0,3972.8350951221123,-0.019086393185192188,24.867071642096597,-1135.3328195450042,24.867071642096597,-1135.3328195450042,4725.2077766409811,1.189379287965574,0.24032913915275622,0.24032913915275622,0,2360.1935992981812,-0.019353776880508721,24.867071642096597,-1086.4692145874251,24.867071642096597,-1086.4692145874251,2926.578868590675,1.2399740722375114,0.37133930247013425,0.37133930247013425,0
3,1.4299999999999915,286,33.193873270126083,2.6937725870466487,0.1094215194592587,-0.21444503393089642,24.157916014066483,0.1407458391966589,24.158326008520149,-0.039036670477549669,0.0048166476122516681,0,-0.063478864520922079,-3.9482079282748295,-0.33154235149825162,-92.044353555337011,-5724.9014959985025,-828.85587874562907,-16.436489490242206,-983.96727642297697,-815.25482051155734,23,6.7491617539161552e-07,1,4927.9794274180986,-0.033803951451756499,0,-1800.1305391965154,0,-1800.1305391965154,5761.0784571059075,1.1690548919609212,0.31246415972276403,0.31246415972276403,0,2960.0448745721442,-0.033729101599788376,0,-1669.1349878935459,0,-1669.1349878935459,3604.4818739428592,1.2177119019061711,0.46307209919957726,0.46307209919957726,0,3981.0639195164363,-0.019446279026994095,21.674914255132506,-1154.9832658595192,21.674914255132506,-1154.9832658595192,4734.2112490240706,1.1891824257871038,0.24400825556532418,0.24400825556532418,0,2350.5542784933218,-0.019720875273746736,21.674914255132506,-1103.295707723503,21.674914255132506,-1103.295707723503,2915.5807622907487,1.2403801047979213,0.37848671862711747,0.37848671862711747,0
3,1.4349999999999914,287,33.313868191753414,2.7076134036522386,0.108345189847934,-0.21607883519109619,24.157430898234583,0.14690018281975001,24.157877540601355,-0.03916891242487041,0.0041554378756479609,0,-0.06858840699998002,-3.9905492752266793,-0.32197262367039703,-99.453190149971022,-5786.2964490786853,-804.93155917599256,-17.759495772256848,-994.51953423557279,-823.99777289943881,23,6.7390525870791862e-07,1,4939.1931883717016,-0.034105376882424744,0,-1814.6849995971659,0,-1814.6849995971659,5773.1381021534153,1.1688423355751831,0.31433251162314607,0.31433251162314607,0,2950.154119900556,-0.034032389700883937,0,-1680.1051795310091,0,-1680.1051795310091,3593.3998286576661,1.2180380016142318,0.46755308611416652,0.46755308611416652,0,3989.1453687633102,-0.01980256320295485,18.699470440415823,-1174.3799329959049,18.699470440415823,-1174.3799329959049,4743.0520236545617,1.1889895166003872,0.24763143901737469,0.24763143901737469,0,2341.149822964433,-0.020084339025218542,18.699470440415823,-1119.8068542360811,18.699470440415823,-1119.8068542360811,2904.8471507286054,1.2407779810735915,0.38554970879028033,0.38554970879028033,0
3,1.4399999999999913,288,33.433872196748666,2.7213548580798093,0.1072608109897475,-0.21766470517158029,24.156913260255852,0.15303903817498954,24.157398022360159,-0.039291490029147343,0.0035425498542632997,0,-0.073358277624148496,-4.0319663609798022,-0.31236989361382478,-106.36950255501532,-5846.3512234207128,-780.92473403456188,-18.994551326853475,-1004.8414489016693,-832.54987711070407,23,6.7259692837495777e-07,1,4950.1326308150965,-0.034398938421465547,0,-1828.8419880261963,0,-1828.8419880261963,5784.9006255935001,1.1686354805085191,0.31614060575821334,0.31614060575821334,0,2940.4497330117574,-0.034327892888253587,0,-1690.699530834313,0,-1690.699530834313,3582.5237090385021,1.2183591063701333,0.47192975347763222,0.47192975347763222,0,3997.0799451972775,-0.020155188225025388,15.941474344184849,-1193.5216667860182,15.941474344184849,-1193.5216667860182,4751.7307315439066,1.1888005235555485,0.25119860361948171,0.25119860361948171,0,2331.9801909758694,-0.020444105047207766,15.941474344184849,-1136.0044596604178,15.941474344184849,-1136.0044596604178,2894.378229246181,1.2411675881496076,0.39252517017102556,0.39252517017102556,0
3,1.4449999999999912,289,33.553885169654734,2.7349958982922669,0.10616862295227034,-0.21920247967545808,24.156364758816551,0.15916118126409315,24.156889092816062,-0.039404373046190766,0.0029781347690461591,0,-0.077786807558381577,-4.0724605453734855,-0.30273448798662855,-112.79087095965329,-5905.0677907915542,-756.83621996657143,-20.141224044931835,-1014.9333593142649,-840.91141393126645,23,6.7100903766714737e-07,1,4960.7978775867314,-0.034684565579083268,0,-1842.5998467103866,0,-1842.5998467103866,5796.3663210660206,1.1684342849875928,0.31788878491232253,0.31788878491232253,0,2930.9311589582012,-0.034615539087963103,0,-1700.9209445513254,0,-1700.9209445513254,3571.8530478510284,1.218675176635893,0.47620126633559812,0.47620126633559812,0,4004.8681456588006,-0.020504095519258626,13.401606460707717,-1212.4072504504875,13.401606460707717,-1212.4072504504875,4760.2479955745257,1.1886154106557896,0.25470969539757932,0.25470969539757932,0,2323.0453177962677,-0.02080010917861699,13.401606460707717,-1151.8904136808465,13.401606460707717,-1151.8904136808465,2884.1741624737315,1.2415488154186216,0.39941012791893549,0.39941012791893549,0
3,1.4499999999999911,290,33.673906997991637,2.7485354961649788,0.10506886661995336,-0.22069199615152826,24.155787066956112,0.16526536293887914,24.156352403960152,-0.039507533623805331,0.0024623318809733567,0,-0.081872438342578013,-4.1120332237285906,-0.29306673802581629,-118.71503559673812,-5962.448174406456,-732.66684506454067,-21.199110396612749,-1024.7956132089967,-849.08267147350705,23,6.6915957575020002e-07,1,4971.1890746573035,-0.03496218913316617,0,-1855.9569380773801,0,-1855.9569380773801,5807.5355023118291,1.1682387081026848,0.31957737276656711,0.31957737276656711,0,2921.5978482393102,-0.034895257417301512,0,-1710.7723382363151,0,-1710.7723382363151,3561.3873812462084,1.2189861734024978,0.48036682199892505,0.48036682199892505,0,4012.5104600252007,-0.020849225432529241,11.080493464380105,-1231.0354056126234,11.080493464380105,-1231.0354056126234,4768.6044289336905,1.1884341427744818,0.25816468747979782,0.25816468747979782,0,2314.3451170781864,-0.021152286193736335,11.080493464380105,-1167.4666865991805,11.080493464380105,-1167.4666865991805,2874.235085760688,1.2419215546337148,0.40620173137523058,0.40620173137523058,0
3,1.454999999999991,291,33.793937572377821,2.7619726474438324,0.10396178368585077,-0.22213309371169485,24.155181871573845,0.17135030905327819,24.155789620238508,-0.039600946308662142,0.001995268456689292,0,-0.08561372219575536,-4.1506858198480225,-0.28336697740163452,-124.13989718384526,-6018.4944387796322,-708.41744350408635,-22.167835509997886,-1034.4285654197465,-857.0639437309751,23,6.6706659485049613e-07,1,4981.3063894247462,-0.03523174113875048,0,-1868.9116444755789,0,-1868.9116444755789,5818.4085013776175,1.1680487098183781,0.32120667430502325,0.32120667430502325,0,2912.4492585852527,-0.035166978194849784,0,-1720.2566372961446,0,-1720.2566372961446,3551.1262507515889,1.2192920581478488,0.48442564860431409,0.48442564860431409,0,4020.0073697259763,-0.021190517240020888,8.9787080551018139,-1249.4047932789776,8.9787080551018139,-1249.4047932789776,4776.8006335307346,1.188256685672779,0.26156357590759144,0.26156357590759144,0,2305.8794822640261,-0.021500569811850081,8.9787080551018139,-1182.735325521827,8.9787080551018139,-1182.735325521827,2864.5611066428473,1.242285699957866,0.41289725086191353,0.41289725086191353,0
3,1.4599999999999909,292,33.913976786650707,2.7753063717016841,0.10284761664328219,-0.22352561313833469,24.154550872931502,0.17741472064821023,24.155202418032822,-0.039684588052578969,0.0015770597371051577,0,-0.089009322279893999,-4.1884197789197888,-0.27363554034255938,-129.06351730584629,-6073.2086794336938,-684.08885085639849,-23.047053239486953,-1043.8325761099616,-864.85552911297157,23,6.647481560762003e-07,1,4991.1500089797055,-0.035493154938770421,0,-1881.462367940461,0,-1881.462367940461,5828.9856667906542,1.1678642509849588,0.3227769762172642,0.3227769762172642,0,2903.4848567597819,-0.035430632951938407,0,-1729.3767681486349,0,-1729.3767681486349,3541.0692052871664,1.2195927927927659,0.48837700363678421,0.48837700363678421,0,4027.3593462432282,-0.021527909153533028,7.0967688169732099,-1267.5140147892644,7.0967688169732099,-1267.5140147892644,4784.8371983983016,1.1880830060177416,0.26490637598791544,0.26490637598791544,0,2297.6482880172853,-0.021844892707734785,7.0967688169732099,-1197.6984502724376,7.0967688169732099,-1197.6984502724376,2855.1523063448549,1.2426411480099322,0.41949407490635215,0.41949407490635215,0
3,1.4649999999999908,293,34.034024537986497,2.7885357122933865,0.1017266087774804,-0.22486939688295118,24.15389578415181,0.18345727416856336,24.154592485138554,-0.039758438218207064,0.0012078089089647027,0,-0.092058012924330843,-4.2252365603278363,-0.26387276002361632,-133.48411874027971,-6126.5930124753631,-659.6819000590408,-23.836446223880053,-1053.008008980994,-872.45772896008691,23,6.6222228056744825e-07,1,5000.7201383429347,-0.035746365175997198,0,-1893.6075300030614,0,-1893.6075300030614,5839.2673617048304,1.1676852933505215,0.32428854729648898,0.32428854729648898,0,2894.7041203809463,-0.035686154445395586,0,-1738.1356514943386,0,-1738.1356514943386,3531.2158032044026,1.2198883396551392,0.49222017241683924,0.49222017241683924,0,4034.5668495981472,-0.021861338330663244,5.4351400903411617,-1285.3616127385051,5.4351400903411617,-1285.3616127385051,4792.7146980786347,1.1879130714009611,0.26819311911536931,0.26819311911536931,0,2289.6513916779732,-0.022185186523105898,5.4351400903411617,-1212.3582490377294,5.4351400903411617,-1212.3582490377294,2846.0087413166198,1.2429877979070516,0.42598970781503287,0.42598970781503287,0
3,1.4699999999999906,294,34.154080727019057,2.8016597363095892,0.10059900415726471,-0.22616428905741243,24.153218330712985,0.18947662171164256,24.153961520240628,-0.039822478584123092,0.0008876070793845559,0,-0.094758679811582799,-4.2611376303770498,-0.25407896721053402,-137.40008572679506,-6178.6495640467219,-635.19741802633507,-24.535725934493033,-1061.955229459046,-879.87084604201732,23,6.5950689709382004e-07,1,5010.016998676293,-0.035991307806078225,0,-1905.345571536935,0,-1905.345571536935,5849.2539620197131,1.1675117995737652,0.32574163883269491,0.32574163883269491,0,2886.1065397582006,-0.035933476671496586,0,-1746.5361957032083,0,-1746.5361957032083,3521.5656143465735,1.220178661402296,0.49595446655543235,0.49595446655543235,0,4041.6303268247711,-0.022190740884923611,3.9942318572305013,-1302.9460718743396,3.9942318572305013,-1302.9460718743396,4800.4336909961348,1.1877468503576631,0.27142385000346331,0.27142385000346331,0,2281.8886347407361,-0.022521381879073037,3.9942318572305013,-1226.7169737549248,3.9942318572305013,-1226.7169737549248,2837.1304448020205,1.243325551303414,0.43238176752219831,0.43238176752219831,0
3,1.4749999999999905,295,34.274145257957876,2.8146775345295074,0.099465047626774147,-0.22741013541903357,24.152520249939283,0.19547139130657906,24.153311232386883,-0.039876693349325025,0.00061653325337487355,0,-0.097110320125496336,-4.2961244549397088,-0.24425448915199896,-140.80996418196969,-6229.3804596625778,-610.63622287999738,-25.144632713517968,-1070.6746028625444,-887.09518303916207,23,6.5661978165820756e-07,1,5019.0408254693039,-0.036227920111594626,0,-1916.6749526403798,0,-1916.6749526403798,5858.9458544745403,1.1673437332374561,0.32713648500038528,0.32713648500038528,0,2877.6916197442151,-0.036172534881030796,0,-1754.5812903177202,0,-1754.5812903177202,3512.1182221284103,1.2204637210016918,0.49957922238005154,0.49957922238005154,0,4048.5502104324032,-0.022516051896852383,2.7743996401869309,-1320.2658199725474,2.7743996401869309,-1320.2658199725474,4807.9947178176744,1.187584312386275,0.27459862427282128,0.27459862427282128,0,2274.3598443540786,-0.02285340838966695,2.7743996401869309,-1240.7769352499668,2.7743996401869309,-1240.7769352499668,2828.5174284379937,1.2436543124253483,0.43866798364935211,0.43866798364935211,0
3,1.4799999999999904,296,34.394218038704935,2.8275882213728631,0.098324984797288073,-0.22860678335072443,24.151803290487617,0.20144018722430448,24.152643340459395,-0.039921069137130789,0.0003946543143460657,0,-0.099112042662621205,-4.3301984920316832,-0.23439964871212643,-143.71246186080074,-6278.7878134459406,-585.99912178031605,-25.662935802861327,-1079.1664925519967,-894.13104100970963,23,6.5357852996328347e-07,1,5027.7918667034282,-0.036456140717061949,0,-1927.5941525512055,0,-1927.5941525512055,5868.3434347193679,1.1671810588625389,0.32847330324036933,0.32847330324036933,0,2869.4588815994343,-0.03640326559541076,0,-1762.2737996741719,0,-1762.2737996741719,3502.8732256326712,1.2207434816700256,0.50309379933550946,0.50309379933550946,0,4055.3269168582792,-0.022837205426184233,1.7759444145572956,-1337.3192286938872,1.7759444145572956,-1337.3192286938872,4815.398299802303,1.1874254279684218,0.27771750635145936,0.27771750635145936,0,2267.0648348388595,-0.023181194676503262,1.7759444145572956,-1254.5404981363431,1.7759444145572956,-1254.5404981363431,2820.1696838819007,1.243973988102707,0.44484619572049039,0.44484619572049039,0
3,1.4849999999999903,297,34.514298980970487,2.8403909348511935,0.097179062039155842,-0.22975408183738305,24.151069211830315,0.20738159031779879,24.151959572643808,-0.039955594998478741,0.00022202500760630796,0,-0.10076306790771042,-4.3633611843273465,-0.22451476373508331,-146.1064484661801,-6326.8737172746523,-561.28690933770827,-26.090433363693322,-1087.4312580645812,-900.97871784407164,23,6.5040050056808241e-07,1,5036.2703809964287,-0.036675909604805733,0,-1938.1016695917526,0,-1938.1016695917526,5877.4471053657626,1.1670237419228684,0.32975229463526434,0.32975229463526434,0,2861.4078648672657,-0.036625606623753505,0,-1769.6165566439029,0,-1769.6165566439029,3493.8302417211103,1.2210179068209073,0.50649757836321341,0.50649757836321341,0,4061.9608449122247,-0.023154134525143772,0.99911253422838586,-1354.1046144254158,0.99911253422838586,-1354.1046144254158,4822.6449371421968,1.1872701685893305,0.28078056764850118,0.28078056764850118,0,2260.0034092240817,-0.023504668384649763,0.99911253422838586,-1268.0100754849366,0.99911253422838586,-1268.0100754849366,2812.0871844648218,1.2442844877965404,0.4509143514856031,0.4509143514856031,0
3,1.4899999999999902,298,34.634388000387602,2.85308483651874,0.096027526473851613,-0.23085188143967583,24.150319783733995,0.21329415839241711,24.151261665896833,-0.039980262414629222,9.8687926853879845e-05,0,-0.10206272807424943,-4.3956139516230124,-0.21460014663362981,-147.99095570766167,-6373.6402298533676,-536.50036658407453,-26.426952486942366,-1095.4692532359011,-907.63850670868669,23,6.4710278202539939e-07,1,5044.4766357293729,-0.036887168131649516,0,-1948.1960211423116,0,-1948.1960211423116,5886.2572740196401,1.1668717488605347,0.33097364427836445,0.33097364427836445,0,2853.5381292575703,-0.036839497080870753,0,-1776.6123564962261,0,-1776.6123564962261,3484.9889071570437,1.2212869600112066,0.50978996026289702,0.50978996026289702,0,4068.4523742152155,-0.023466771252928613,0.44409567084245932,-1370.620239109491,0.44409567084245932,-1370.620239109491,4829.7351072968713,1.1871185067586059,0.28378788496797841,0.28378788496797841,0,2253.1753607978421,-0.023823756199765705,0.44409567084245932,-1281.1881232759097,0.44409567084245932,-1281.1881232759097,2804.269886868251,1.2445857236230686,0.45687050531170775,0.45687050531170775,0
3,1.4949999999999901,299,34.754485016625438,2.8656691114231205,0.094870625966164412,-0.23190003426630268,24.149556785734635,0.21917642660618808,24.150551365411964,-0.039995065299266407,2.4673503667971275e-05,0,-0.10301046711091234,-4.4269581832592255,-0.2046561041932273,-149.3651773108229,-6419.0893657258775,-511.64026048306823,-26.672349194966923,-1103.2808243114889,-914.1106944813256,23,6.437021538019394e-07,1,5052.410905158973,-0.03708985904635892,0,-1957.8757436414542,0,-1957.8757436414542,5894.774351299011,1.1667250471017525,0.33213752163558286,0.33213752163558286,0,2845.8492565359948,-0.037044877406110517,0,-1783.2639508848913,0,-1783.2639508848913,3476.3488807365666,1.2215506048862279,0.5129703640409804,0.5129703640409804,0,4074.801863633842,-0.023775046691448757,0.11103076650587074,-1386.8643110636849,0.11103076650587074,-1386.8643110636849,4836.6692633227585,1.1869704160313443,0.2867395391338825,0.2867395391338825,0,2246.580474671191,-0.024138383866582066,0.11103076650587074,-1294.0771346440786,0.11103076650587074,-1294.0771346440786,2796.7177328215244,1.2448776103739847,0.46271281660652175,0.46271281660652175,0
3,1.49999999999999,300,34.874589953501129,2.878142968055994,0.093708609116528452,-0.23289839394580392,24.14878200660884,0.22502690790005622,24.1498304240836,-0.040000000000000001,0,0,-0.10360584067484116,-4.4573952305128852,-0.19468293758322097,-150.22846897851969,-6463.2230842436829,-486.70734395805243,-26.826508434636942,-1110.8663080507861,-920.39556018016776,23,6.4021506052114319e-07,1,5060.0734685181051,-0.037283926507790714,0,-1967.1393926121793,0,-1967.1393926121793,5902.9987488395163,1.1665836050732818,0.33324408090022106,0.33324408090022106,0,2838.3408524165325,-0.037241689382998121,0,-1789.5740419598651,0,-1789.5740419598651,3467.9098454252971,1.2218088051238654,0.51603822524988263,0.51603822524988263,0,4081.0096497128493,-0.024078890962389847,0,-1402.8349857948672,0,-1402.8349857948672,4843.4478322004561,1.1868258710295512,0.28963561380148833,0.28963561380148833,0,2240.218529352514,-0.024448476208792553,0,-1306.6796339297005,0,-1306.6796339297005,2789.4306508171057,1.2451600655331287,0.46843954824506423,0.46843954824506423,0
3,1.5049999999999899,301,34.994702739090272,2.890505638303932,0.092541725253493481,-0.23384681559892301,24.147997243841306,0.23084409345811263,24.149100601969671,-0.039995065299266448,2.4673503667771436e-05,0,-0.10384851607263362,-4.4869263989705832,-0.18468094256650874,-150.58034830531875,-6506.0432785073453,-461.70235641627187,-26.889344062054132,-1118.2260298264468,-926.49337338900079,23,6.3665756755426628e-07,1,5067.4646081074743,-0.037469316103701349,0,-1975.9855427131001,0,-1975.9855427131001,5910.930877290808,1.1664473922193488,0.33429346134035071,0.33429346134035071,0,2831.0125484545806,-0.037429876159629859,0,-1795.5452766062099,0,-1795.5452766062099,3459.6715104973673,1.2220615243778996,0.51899299432277013,0.51899299432277013,0,4087.0760451079736,-0.02437823324566778,0.11103076650497146,-1418.5303668107051,0.11103076650497146,-1418.5303668107051,4850.0712131619921,1.186684847463821,0.29247619443327316,0.29247619443327316,0,2234.0892983299723,-0.024753957150425148,0.11103076650497146,-1318.9981705469734,0.11103076650497146,-1318.9981705469734,2782.4085578407967,1.2454330092896038,0.47404906497402433,0.47404906497402433,0
3,1.5099999999999898,302,35.114823305835863,2.9027563773997058,0.091370224426329902,-0.23474515581249569,24.147204303088543,0.23662645319792314,24.148363665752818,-0.039980262414629306,9.8687926853480168e-05,0,-0.10373827216991517,-4.5155529408950503,-0.1746504098990159,-150.42049464637699,-6547.551764297823,-436.62602474753976,-26.86079881913761,-1125.3603017219175,-932.4043926809901,23,6.3304535036223797e-07,1,5074.5846073814864,-0.037645974870174015,0,-1984.4127878142401,0,-1984.4127878142401,5918.5711443068858,1.166316379019031,0.33528578763863648,0.33528578763863648,0,2823.8640039376519,-0.037609382269777433,0,-1801.1802408117962,0,-1801.1802408117962,3451.6336136732616,1.2223087262206096,0.52183413490835806,0.52183413490835806,0,4093.001337021421,-0.024673001799342075,0.44409567084066076,-1433.9485064318499,0.44409567084066076,-1433.9485064318499,4856.5397760205988,1.1865473221552436,0.29526136742059339,0.29526136742059339,0,2228.1925516594411,-0.02505474973876378,0.44409567084066076,-1331.0353126828852,0.44409567084066076,-1331.0353126828852,2775.651361113757,1.2456963645473984,0.47953983177279935,0.47953983177279935,0
3,1.5149999999999897,303,35.234951590655683,2.914894463874206,0.090194357397758607,-0.23559327261579296,24.146404997638804,0.24237243629111993,24.147621388200328,-0.039955594998478859,0.00022202500760570842,0,-0.10327499927036131,-4.5432760475968967,-0.16459162591025106,-149.74874894202389,-6587.7502690154997,-411.47906477562765,-26.740844302299475,-1132.2694206303365,-938.12886404354686,23,6.2939366518577344e-07,1,5081.4337490314865,-0.03781385131162824,0,-1992.4197410972815,0,-1992.4197410972815,5925.9199525336535,1.1661905370040739,0.33622117022444992,0.33622117022444992,0,2816.8949077708139,-0.037780153654666346,0,-1806.4814541655664,0,-1806.4814541655664,3443.7959232529947,1.2225503740848773,0.52456112221050888,0.52456112221050888,0,4098.7857856423971,-0.024963123981054845,0.99911253422568791,-1449.0874066080537,0.99911253422568791,-1449.0874066080537,4862.853859505527,1.1864132730574937,0.29799121933472023,0.29799121933472023,0,2222.5280575553033,-0.025350776168889182,0.99911253422568791,-1342.7936408393268,0.99911253422568791,-1342.7936408393268,2769.1589598431606,1.2459500569316233,0.48491041215371244,0.48491041215371244,0
3,1.5199999999999896,304,35.355087535048035,2.9269191995092063,0.08901437563679121,-0.23639102546020099,24.145601147868284,0.24808047171447353,24.146875547622805,-0.039921069137130942,0.00039465431434528855,0,-0.10245869896501748,-4.5700968418241885,-0.15450487325613957,-148.56511349927536,-6626.6404206450734,-386.26218314034895,-26.529480923429478,-1138.9536663578822,-943.66701930687566,23,6.2571732595273488e-07,1,5088.0123130695974,-0.037972895421380139,0,-2000.0050351804068,0,-2000.0050351804068,5932.9776975969826,1.1660698387771034,0.33709970559816249,0.33709970559816249,0,2810.1049803538326,-0.037942137685395096,0,-1811.4513644880062,0,-1811.4513644880062,3436.1582402409967,1.222786431205974,0.527173441337486,0.527173441337486,0,4104.4296225951612,-0.025248526271061406,1.7759444145537984,-1463.9450197414658,1.7759444145537984,-1463.9450197414658,4869.0137696045495,1.1862826792790651,0.30066583629294064,0.30066583629294064,0,2217.0955839814096,-0.025641957809907016,1.7759444145537984,-1354.2757412316419,1.7759444145537984,-1354.2757412316419,2762.9312469782026,1.246194014791457,0.49015946638717178,0.49015946638717178,0
3,1.5249999999999895,305,35.475231085195766,2.9388299092911874,0.087830531311661714,-0.23713827520307784,24.144794580693542,0.25374896883170489,24.146127927331772,-0.039876693349325226,0.00061653325337387435,0,-0.10128948395275016,-4.5960163701826904,-0.14439043183535577,-146.86975173148772,-6664.2237367649004,-360.97607958838944,-26.226737863404704,-1145.4132997347556,-949.01907457885363,23,6.2203069361999042e-07,1,5094.320574916459,-0.038123058702725761,0,-2007.1673222681191,0,-2007.1673222681191,5939.74476609467,1.1659542580301938,0.33792147664752503,0.33792147664752503,0,2803.4939754469474,-0.038095283185966888,0,-1816.092342595467,0,-1816.092342595467,3428.7204004590344,1.2230168605632228,0.52967058566581571,0.52967058566581571,0,4109.9330493971511,-0.025529134296917524,2.7743996401824345,-1478.5192495203232,2.7743996401824345,-1478.5192495203232,4875.0197779168157,1.1861555211056025,0.30328530342724874,0.30328530342724874,0,2211.8949002394438,-0.025928215232930211,2.7743996401824345,-1365.4841990569614,2.7743996401824345,-1365.4841990569614,2756.9681109681142,1.246428169199931,0.49528574964044075,0.49528574964044075,0
3,1.5299999999999894,306,35.595382192068506,2.9506259413664364,0.086643077282826858,-0.23783488409658207,24.143987129020179,0.2593763180063352,24.14538031509619,-0.039822478584123328,0.00088760707938335688,0,-0.099767577832641716,-4.621035595599789,-0.1342485798603191,-144.66298785733048,-6700.5016136196946,-335.62144965079779,-25.832673018334784,-1151.648560737055,-954.18522868892921,23,6.1834765574531048e-07,1,5100.3588034962231,-0.0382642941905234,0,-2013.9052743266645,0,-2013.9052743266645,5946.2215335957635,1.1658437695637636,0.33868655295606315,0.33868655295606315,0,2797.0616820221126,-0.038239540456908645,0,-1820.4066771999389,0,-1820.4066771999389,3421.4822766433517,1.2232416248217377,0.53205205522381094,0.53205205522381094,0,4115.2962359297617,-0.025804872859886873,3.9942318572251061,-1492.8079517662507,3.9942318572251061,-1492.8079517662507,4880.8721200188265,1.1860317800222953,0.30584970444472787,0.30584970444472787,0,2206.9257785519035,-0.026209468240880843,3.9942318572251061,-1376.4215916458506,3.9942318572251061,-1376.4215916458506,2751.2694375187484,1.2466524539506814,0.500288110021335,0.500288110021335,0
3,1.5349999999999893,307,35.715540811523091,2.9623066669976352,0.0854522670960082,-0.23848071578222468,24.143180631187718,0.26496089124590044,24.144634502598038,-0.039758438218207334,0.0012078089089633259,0,-0.097893314869127071,-4.6451553898453835,-0.12407959507410432,-141.94530656023426,-6735.4753152758058,-310.19898768526082,-25.347372938748933,-1157.6596666228425,-959.16566164378185,23,6.1468162648736779e-07,1,5106.1272593422173,-0.038396556473254899,0,-2020.2175832859168,0,-2020.2175832859168,5952.4083626506917,1.1657383493057505,0.33939499110344729,0.33939499110344729,0,2790.8079260965324,-0.038374861299456435,0,-1824.3965699458809,0,-1824.3965699458809,3414.4437805222228,1.2234606862744446,0.53431735509988343,0.53431735509988343,0,4120.5193189244073,-0.026075665963130591,5.4351400903349667,-1506.8089352983325,5.4351400903349667,-1506.8089352983325,4886.5709938462896,1.1859114387362821,0.3083591212700903,0.3083591212700903,0,2202.1879956368439,-0.026485635900175115,5.4351400903349667,-1387.090481510897,5.4351400903349667,-1387.090481510897,2745.83511134428,1.2468668055518215,0.50516548652054316,0.50516548652054316,0
3,1.5399999999999892,308,35.835706904402102,2.9738714805221518,0.084258354975245781,-0.23907563529185225,24.142376930410727,0.2705010428778834,24.143892284887002,-0.039684588052579288,0.001577059737103559,0,-0.095667139730638076,-4.6683765261231374,-0.11388375610448748,-138.71735260942521,-6769.1459628785487,-284.70939026121869,-24.770952761923635,-1163.4468100857484,-963.96053309751301,23,6.1104552617763375e-07,1,5111.6261927167106,-0.038519801715548342,0,-2026.1029612687521,0,-2026.1029612687521,5958.3056008157937,1.1656379743310401,0.34004683495780141,0.34004683495780141,0,2784.7325725452138,-0.038501199040288835,0,-1828.0641305856973,0,-1828.0641305856973,3407.6048648699852,1.2236740067845988,0.53646599388085037,0.53646599388085037,0,4125.6024004665514,-0.026341436841739202,7.0967688169660157,-1520.5199628171238,7.0967688169660157,-1520.5199628171238,4892.1165580947109,1.1857944811990309,0.31081363376203086,0.31081363376203086,0,2197.681334271525,-0.02675663657435301,7.0967688169660157,-1397.4934093059771,7.0967688169660157,-1397.4934093059771,2740.6650179104727,1.2470711632170881,0.50991690684845348,0.50991690684845348,0
3,1.544999999999989,309,35.955880436630409,2.9853197993122489,0.083061595815929298,-0.23961950905572496,24.141577874216125,0.27599511025773266,24.143155459834318,-0.039600946308662496,0.0019952684566875156,0,-0.093089607202505656,-4.6906996717457012,-0.10366134394646652,-134.97993044363321,-6801.5145240312668,-259.15335986616628,-24.103556137544686,-1169.0101574295006,-968.56998083917199,23,6.0745177954402152e-07,1,5116.8558417482736,-0.038633987681148271,0,-2031.5601408491514,0,-2031.5601408491514,5963.9135786957731,1.1655426228811023,0.34064211595994087,0.34064211595994087,0,2778.8355268892719,-0.038618508556793253,0,-1831.4113722954801,0,-1831.4113722954801,3400.9655255336138,1.2238815477290146,0.5384974821255003,0.5384974821255003,0,4130.5455465203995,-0.026602107994664712,8.9787080550938203,-1533.9387518117126,8.9787080550938203,-1533.9387518117126,4897.5089306415703,1.1856808926286422,0.31321331949608949,0.31321331949608949,0,2193.4055848420558,-0.0270223879597115,8.9787080550938203,-1407.6328867099776,8.9787080550938203,-1407.6328867099776,2735.7590451659571,1.2472654688544325,0.51454148516434184,0.51454148516434184,0
3,1.5499999999999889,310,36.07606137930977,2.9966510637374184,0.08186224517776991,-0.24011220491831059,24.14078531387667,0.28144141450935162,24.142425827585853,-0.039507533623805727,0.0024623318809713583,0,-0.090161381874846513,-4.7121253809076409,-0.093412643564649622,-130.73400371852745,-6832.5818023160791,-233.53160891162406,-23.345355146892157,-1174.3498467668035,-972.99411930045858,23,6.0391231659906452e-07,1,5121.8164305902501,-0.038739073756322108,0,-2036.5878753404338,0,-2036.5878753404338,5969.2326080077291,1.1654522743838012,0.34118085339953913,0.34118085339953913,0,2773.1167370566427,-0.038726746302852985,0,-1834.4402071326854,0,-1834.4402071326854,3394.5258034278236,1.2240832699422304,0.54041133087874915,0.54041133087874915,0,4135.3487854770128,-0.026857601218608692,11.080493464371113,-1547.0629754929334,11.080493464371113,-1547.0629754929334,4902.7481869930034,1.1855706595320401,0.31555825360761963,0.31555825360761963,0,2189.3605468760952,-0.027282807122998076,11.080493464371113,-1417.5113892487964,11.080493464371113,-1417.5113892487964,2731.1170852578962,1.2474496670522406,0.51903841969760334,0.51903841969760334,0
3,1.5549999999999888,311,36.196249708811337,3.0078647371290543,0.080660559277672544,-0.24055359216237213,24.140001103840611,0.28683826129844608,24.141705190014452,-0.039404373046191203,0.0029781347690440055,0,-0.086883237806121949,-4.7326540875698857,-0.08313794560700008,-125.98069481887683,-6862.3484269763339,-207.84486401750019,-22.496550215726074,-1179.465986246008,-977.23303808645062,23,6.004385681990243e-07,1,5126.5081676038717,-0.038835020973693284,0,-2041.1849391151341,0,-2041.1849391151341,5974.2629796703686,1.1653669094733419,0.34166305468323338,0.34166305468323338,0,2767.5761951118552,-0.038825870335144633,0,-1837.1524416374614,0,-1837.1524416374614,3388.2857864946495,1.2242791336618313,0.54220705023175952,0.54220705023175952,0,4140.0121067285872,-0.027107837643919358,13.401606460698025,-1559.890263755786,13.401606460698025,-1559.890263755786,4907.8343587578884,1.1854637697269996,0.3178485086892584,0.3178485086892584,0,2185.5460305556862,-0.027537810541217941,13.401606460698025,-1427.1313490694479,13.401606460698025,-1427.1313490694479,2726.7390362284168,1.2476237050633656,0.52340699026235549,0.52340699026235549,0
3,1.5599999999999887,312,36.31644540686608,3.0189603057476693,0.079456794982465925,-0.2409435415418853,24.139227101157449,0.29218394163912031,24.140995350171583,-0.039291490029147814,0.0035425498542609236,0,-0.083256058163046251,-4.7522860984697486,-0.072837548221550058,-120.72128433641707,-6890.8148427811357,-182.09387055387515,-21.557370021048349,-1184.3586523090803,-981.28680053226424,23,5.9704146426753368e-07,1,5130.9312435696047,-0.038921792036494866,0,-2045.3501279582335,0,-2045.3501279582335,5979.0049619220945,1.165286510010312,0.34208871559469434,0.34208871559469434,0,2762.2139389514441,-0.038915840339938272,0,-1839.5497725794648,0,-1839.5497725794648,3382.2456116234121,1.2244690984751661,0.54388414793345441,0.54388414793345441,0,4144.5354592717404,-0.027352737772548204,15.941474344174155,-1572.4182041741021,15.941474344174155,-1572.4182041741021,4912.7674321523646,1.1853602123639726,0.3200841547379869,0.3200841547379869,0,2181.9618582072117,-0.027787314143605715,15.941474344174155,-1436.4951476801004,15.941474344174155,-1436.4951476801004,2722.6248036880975,1.2477875327871755,0.52764655566829077,0.52764655566829077,0
3,1.5649999999999886,313,36.436648460653053,3.0299372787528616,0.078251209801444871,-0.24128192532427961,24.138465164899827,0.29747673273410608,24.140298111738403,-0.039168912424870923,0.0041554378756453849,0,-0.079280834837476402,-4.7710215862705736,-0.062511758967829331,-114.95721051434079,-6917.9813000923323,-156.27939741957334,-20.528071391904525,-1189.0278879843627,-985.15544228853958,23,5.9373143823648888e-07,1,5135.0858299303154,-0.038999351343238155,0,-2049.0822594554952,0,-2049.0822594554952,5983.4587984716654,1.1652110591017839,0.34245782054668539,0.34245782054668539,0,2757.0300539615901,-0.038996617660394188,0,-1841.6337828521077,0,-1841.6337828521077,3376.4054665269286,1.2246531232676825,0.54544212805888714,0.54544212805888714,0,4148.9187503425874,-0.027592221518113438,18.69947044040423,-1584.6443430304441,18.69947044040423,-1584.6443430304441,4917.547346537689,1.1852599779476602,0.32226525914748533,0.32226525914748533,0,2178.607865765508,-0.028031233355808673,18.69947044040423,-1445.6051086698474,18.69947044040423,-1445.6051086698474,2718.7743024628426,1.2479411027498213,0.53175655103203379,0.53175655103203379,0
3,1.5699999999999885,314,36.55685886288547,3.0407951881762334,0.077044061878677142,-0.24156861734245658,24.137717155581477,0.30271489884899855,24.139615278476114,-0.03903667047755021,0.0048166476122489367,0,-0.074958668040896806,-4.7888605828652899,-0.052160896814885747,-108.69006865930037,-6943.8478451546698,-130.40224203721436,-19.408939204384211,-1193.473701217692,-988.83896993870906,23,5.9051843770419055e-07,1,5138.9720770698841,-0.039067665012793337,0,-2052.3801734188069,0,-2052.3801734188069,5987.6247066851556,1.1651405411214362,0.34277034282514962,0.34277034282514962,0,2752.0246746345006,-0.039068165324351783,0,-1843.4059375163504,0,-1843.4059375163504,3370.7655915697924,1.2248311661731257,0.54688048973997672,0.54688048973997672,0,4153.1618440865168,-0.027826208248114701,21.674914255120214,-1596.5661863842161,21.674914255120214,-1596.5661863842161,4922.1739929945579,1.1851630583582964,0.32439188674202668,0.32439188674202668,0,2175.4839042090989,-0.02826948314632528,21.674914255120214,-1454.463490421982,21.674914255120214,-1454.463490421982,2715.1874582103833,1.2480843700829378,0.53573648499456183,0.53573648499456183,0
3,1.5749999999999884,315,36.67707661189452,3.0515335888974593,0.075835609985024907,-0.24180349305699772,24.136984934571203,0.30789669222085786,24.138948653675822,-0.0388947968159074,0.0055260159204630014,0,-0.070290765877072947,-4.8058029728482339,-0.04178529421795156,-101.92161052175578,-6968.4143106299389,-104.4632355448789,-18.20028627096881,-1197.6960632454577,-992.33735965101198,23,5.8741191466538112e-07,1,5142.5901126309427,-0.039126700909879998,0,-2055.2427323505026,0,-2055.2427323505026,5991.5028758129911,1.1650749417296542,0.34302624482536448,0.34302624482536448,0,2747.1979861400268,-0.039130448072607328,0,-1844.8675799963269,0,-1844.8675799963269,3365.3262815444837,1.2250031845258313,0.54819872596414121,0.54819872596414121,0,4157.2645602655275,-0.028054616828340016,24.867071642083506,-1608.1812011809118,24.867071642083506,-1608.1812011809118,4926.6472129368849,1.1850694468725889,0.32646409984863334,0.32646409984863334,0,2172.5898409635038,-0.028501978075239107,24.867071642083506,-1463.0724788345224,24.867071642083506,-1463.0724788345224,2711.8642090026474,1.248217292501002,0.5395859368514333,0.5395859368514333,0
3,1.5799999999999883,316,36.797301711710944,3.0621520586237008,0.074626113509828867,-0.24198642962893643,24.136270363502884,0.31302035400151235,24.138300039607739,-0.038743326445145616,0.0062833677742719198,0,-0.065278443893422355,-4.8218484871697989,-0.031385299265952016,-94.653743645462413,-6991.6803063962088,-78.463248164880042,-16.902453224368585,-1201.6949070132152,-995.65055586825656,23,5.8442084682752693e-07,1,5145.9400398753996,-0.039176428670966781,0,-2057.6688219486782,0,-2057.6688219486782,5995.0934652608621,1.165014247893573,0.34322547828020289,0.34322547828020289,0,2742.5502258489696,-0.039183432387678581,0,-1846.0199284293481,0,-1846.0199284293481,3360.0878873910628,1.2251691348153639,0.54939632244640135,0.54939632244640135,0,4161.2266730060728,-0.028277365669502532,28.27515498422364,-1619.486816405413,28.27515498422364,-1619.486816405413,4930.9667967681617,1.1849791381842769,0.32848195840464806,0.32848195840464806,0,2169.9255612695592,-0.028728632345284041,28.27515498422364,-1471.4341800616785,28.27515498422364,-1471.4341800616785,2708.8045068702017,1.2483398302775697,0.54330455360364338,0.54330455360364338,0
3,1.5849999999999882,317,36.917534172144265,3.0726501978725556,0.073415832452201443,-0.24211730600342848,24.135575303681453,0.31808411523587338,24.13767123696989,-0.038582296738312316,0.0070885163084384089,0,-0.059923124611606406,-4.8369966969885754,-0.020961277892251745,-86.888530686829284,-7013.6452106334345,-52.403194730629366,-15.515808395979366,-1205.470125643526,-998.77847003836439,23,5.8155373761081819e-07,1,5149.0219360915162,-0.039216819730579819,0,-2059.6573516555941,0,-2059.6573516555941,5998.396602908364,1.1649584479070185,0.34336798448054517,0.34336798448054517,0,2738.0816848044642,-0.039227086523054365,0,-1846.8640721730326,0,-1846.8640721730326,3355.050817856074,1.2253289726437324,0.55047275658054129,0.55047275658054129,0,4165.0479095903747,-0.028494372776140899,31.898323387972841,-1630.4804242821995,31.898323387972841,-1630.4804242821995,4935.1324825835563,1.1848921284242606,0.33044552009824213,0.33044552009824213,0,2167.4909695136457,-0.028949359855272742,31.898323387972841,-1479.5506132899357,31.898323387972841,-1479.5506132899357,2706.0083193049372,1.2484519462206236,0.54689204693794258,0.54689204693794258,0
3,1.5899999999999881,318,37.037774008859664,3.0830276299587318,0.072205027411873707,-0.24219600300461888,24.134901615484807,0.32308619787553966,24.137064044336231,-0.03841174742707814,0.0079412628646093001,0,-0.054226337037831272,-4.851247007735914,-0.010513616141211969,-78.628188704855347,-7034.3081612170754,-26.284040353029923,-14.040747689085419,-1209.0215709567303,-1001.7209793887752,23,5.7881862680631002e-07,1,5151.8358510512735,-0.039247847348020899,0,-2061.2072552512905,0,-2061.2072552512905,6001.4123834792608,1.1649075314103077,0.3434536944878841,0.3434536944878841,0,2733.7927091378124,-0.039261380532928714,0,-1847.4009684726902,0,-1847.4009684726902,3350.2155410863211,1.2254826526854397,0.55142749647494704,0.55142749647494704,0,4168.7279492942325,-0.028705555797813365,35.735682890741849,-1641.1593815253193,35.735682890741849,-1641.1593815253193,4939.143954920919,1.1848084151802514,0.33235484053973136,0.33235484053973136,0,2165.2859905166824,-0.029164074255916012,35.735682890741849,-1487.4237035623914,35.735682890741849,-1487.4237035623914,2703.4756307171306,1.2485536056472728,0.55034819014635172,0.55034819014635172,0
3,1.594999999999988,319,37.158021243452488,3.0932840009846236,0.07099395957953944,-0.24222240344196588,24.134251157761653,0.32802481582793031,24.13648025760423,-0.038231720591933652,0.0088413970403317336,0,-0.048189716153285177,-4.864598653407965,-4.2722483312536499e-05,-69.875088422263502,-7053.6680474415489,-0.10680620828134124,-12.477694446919001,-1212.3490520484161,-1004.4779257478245,23,5.7622309768134983e-07,1,5154.3818055218762,-0.039269486634495566,0,-2062.3174914945375,0,-2062.3174914945375,6004.1408669673192,1.1648614894098646,0.34348252933915763,0.34348252933915763,0,2729.6837014250436,-0.039286286302417872,0,-1847.6314392923387,0,-1847.6314392923387,3345.5825861530398,1.2256301286506064,0.55226000007874887,0.55226000007874887,0,4172.2664222743651,-0.028910832082611578,39.786286681492804,-1651.5210106409193,39.786286681492804,-1651.5210106409193,4943.0008435639402,1.1847279975159009,0.33420997346186426,0.33420997346186426,0,2163.3105707787163,-0.029372689008056029,39.786286681492804,-1495.0552746649673,39.786286681492804,-1495.0552746649673,2701.2064438429634,1.2486447763580351,0.55367281499545906,0.55367281499545906,0
3,1.5999999999999879,320,37.278275903520317,3.1034189798349701,0.069782890726638472,-0.24219639222824732,24.13362578722522,0.33289817604114436,24.135921669441871,-0.038042260651806617,0.0097886967409669193,0,-0.041815002385121772,-4.8770506911005382,0.010450969828221241,-60.631753458426573,-7071.7235020957805,26.127424570553103,-10.827099315682792,-1215.4523339274024,-1007.0491144162596,23,5.7377428408500464e-07,1,5156.6597898352447,-0.039281714580652216,0,-2062.9870448132692,0,-2062.9870448132692,6006.5820771217204,1.1648203142976068,0.34345440024384499,0.34345440024384499,0,2725.7551219804395,-0.039301777578259714,0,-1847.5561683131557,0,-1847.5561683131557,3341.152544501957,1.2257713532514216,0.5529697144039134,0.5529697144039134,0,4175.6629085084178,-0.029110118733016024,44.049135334351135,-1661.5626012851146,44.049135334351135,-1661.5626012851146,4946.7027224007652,1.1846508759893575,0.33601097094752569,0.33601097094752569,0,2161.5646796758988,-0.02957511744333188,44.049135334351135,-1502.4470420881155,44.049135334351135,-1502.4470420881155,2699.2007810985797,1.248725428610951,0.55686580855682466,0.55686580855682466,0
3,1.6049999999999878,321,37.398538022732573,3.1134322581757607,0.068572083194520378,-0.24211785650943954,24.133027357842838,0.33770447962469485,24.135390068734115,-0.03784341435310231,0.010782928234488454,0,-0.035104041058355087,-4.8886019958023716,0.020967000366120009,-50.900859534614874,-7088.4728939134384,52.417500915300025,-9.08944010262978,-1218.3311362181178,-1009.4343130921113,23,5.7147888909980793e-07,1,5158.6697625194329,-0.039284510084532612,0,-2063.2149260466394,0,-2063.2149260466394,6008.73599999613,1.1647839998700624,0.34336920877335403,0.34336920877335403,0,2722.0074900831978,-0.039307829999993708,0,-1847.1756981035605,0,-1847.1756981035605,3336.9260713246535,1.2259062781721666,0.55355607484893743,0.55355607484893743,0,4178.9169367907962,-0.029303332664110643,48.52317705519804,-1671.281411679932,48.52317705519804,-1671.281411679932,4950.2491083414125,1.1845770526712027,0.33775788368353932,0.33775788368353932,0,2160.048310606574,-0.029771272827290925,48.52317705519804,-1509.6006060776531,48.52317705519804,-1509.6006060776531,2697.4586858766534,1.2487955350957713,0.55992711001052908,0.55992711001052908,0
3,1.6099999999999877,322,37.51880764089767,3.1233235504575605,0.067361799882928744,-0.2419866858066255,24.132457720221346,0.3424419230062129,24.13488724002876,-0.03763523075816954,0.01182384620915229,0,-0.028058781828986898,-4.8992512554626382,0.031504879109798455,-40.685233652031002,-7103.9143204208258,78.762197774496144,-7.2652216292836922,-1220.9851319313339,-1011.6332508521981,23,5.6934317971268911e-07,1,5160.4116489959761,-0.039277853979933497,0,-2063.0001732407832,0,-2063.0001732407832,6010.6025825655679,1.1647525413471631,0.34322684704271555,0.34322684704271555,0,2718.4413851333084,-0.03930442113161943,0,-1846.4904274655555,0,-1846.4904274655555,3332.9038868465464,1.2260348540430661,0.55401850462979507,0.55401850462979507,0,4182.027983787556,-0.029490390664169631,53.207307941185306,-1680.6746700900312,53.207307941185306,-1680.6746700900312,4953.6394602974287,1.1845065311617173,0.33945076123947948,0.33945076123947948,0,2158.76148208316,-0.029961068424954322,53.207307941185306,-1516.5174447883828,53.207307941185306,-1516.5174447883828,2695.9802237814229,1.2488550709084627,0.56285670743450078,0.56285670743450078,0
3,1.6149999999999876,323,37.639084804027632,3.133092593923402,0.066152304237745568,-0.24180277217005564,24.131918720988317,0.34710869912415782,24.13441496298168,-0.037417761233195249,0.012911193834023749,0,-0.020681278098653045,-4.9089969663489033,0.042064084004570942,-29.987853243046914,-7118.0456012059094,105.16021001142735,-5.3549755798741403,-1223.4139463072731,-1013.6456171935978,23,5.6737301079579083e-07,1,5161.8853403472103,-0.039261729065178726,0,-2062.3418525003617,0,-2062.3418525003617,6012.1817314153059,1.1647259353906727,0.34302719788459773,0.34302719788459773,0,2715.0574477326645,-0.039291530493730215,0,-1845.5006089624403,0,-1845.5006089624403,3329.0867775267493,1.2261570304182177,0.55435641432378124,0.55435641432378124,0,4184.9954731536609,-0.029671209457624872,58.100372253106869,-1689.7395763628642,58.100372253106869,-1689.7395763628642,4956.8731782272953,1.1844393166074265,0.3410896523706004,0.3410896523706004,0,2157.7042387664651,-0.030144417568839912,58.100372253106869,-1523.1989075542308,58.100372253106869,-1523.1989075542308,2694.7654837981049,1.2489040135262799,0.56565463459282239,0.56565463459282239,0
3,1.6199999999999875,324,37.759369564400188,3.1427391486214056,0.064943860237934775,-0.24156601034545333,24.131412202169088,0.35170299865650501,24.1339750118015,-0.037191059435530638,0.014044702822346801,0,-0.012973686411028681,-4.9178374287119899,0.05264405850566109,-18.811845295991589,-7130.8642716323848,131.61014626415272,-3.3592603450486971,-1225.617155735215,-1015.4710611384979,23,5.6557382333011219e-07,1,5163.0906921577398,-0.039236120132299504,0,-2061.239058897881,0,-2061.239058897881,6013.4733115061272,1.1647041801221971,0.34277013501563636,0.34277013501563636,0,2711.8563806873099,-0.039269139596117511,0,-1844.2063466335132,0,-1844.2063466335132,3325.4755971649297,1.2262727557578474,0.55456920153188194,0.55456920153188194,0,4187.8187747159736,-0.029845705770417411,63.201162700560602,-1698.4733035348909,63.201162700560602,-1698.4733035348909,4959.9496022511366,1.1843754157168682,0.34267460534417948,0.34267460534417948,0,2156.8766524389775,-0.030321233729440223,63.201162700560602,-1529.6462082886967,63.201162700560602,-1529.6462082886967,2693.8145793924946,1.2489423427836508,0.56832096773669749,0.56832096773669749,0
3,1.6249999999999873,325,37.879661980618287,3.1522629974222602,0.063736732381623459,-0.24127629795262551,24.130940000559566,0.35622301128531414,24.133569154693525,-0.036955181300452077,0.015224093497739611,0,-0.0049382658301938961,-4.9257707427746746,0.063244209113144462,-7.1604854537811491,-7142.3675770232785,158.11052278286115,-1.2786608609139383,-1227.5942867537979,-1017.1091904059084,23,5.6395065772818498e-07,1,5164.0275234342553,-0.03920101399661978,0,-2059.6909174427251,0,-2059.6909174427251,6014.477145020337,1.1646872751407227,0.34245552319506911,0.34245552319506911,0,2708.8389499266596,-0.03923723197084001,0,-1842.6075939019254,0,-1842.6075939019254,3322.0712679102303,1.2263819774151481,0.55465625066527524,0.55465625066527524,0,4190.4972037254511,-0.030013796397731708,68.508420739828253,-1706.8729995064346,68.508420739828253,-1706.8729995064346,4962.8680118384491,1.1843148367755363,0.34420566828873966,0.34420566828873966,0,2156.2788229136345,-0.030491430588147669,68.508420739828253,-1535.8604190295375,68.508420739828253,-1535.8604190295375,2693.1276495365337,1.2489700408491196,0.57085582243218491,0.57085582243218491,0
3,1.6299999999999872,326,37.999962117667067,3.1616639460417093,0.062531185671259232,-0.24093353567640868,24.130503947094837,0.36066692699700409,24.133199153303089,-0.036710185027359891,0.016449074863200529,0,0.0034226226988934923,-4.9327948050614099,0.073863902903756759,4.9628029133955636,-7152.5524673390437,184.65975725939188,0.88621155655636807,-1229.3448151363184,-1018.5595706537963,23,5.6250815827496581e-07,1,5164.6956156080405,-0.039156399526741312,0,-2057.6965841117162,0,-2057.6965841117162,6015.1930102930637,1.1646752215396325,0.34208321837564176,0.34208321837564176,0,2706.0059853354041,-0.039195793205749251,0,-1840.7041516824004,0,-1840.7041516824004,3318.8747811671701,1.226484641627946,0.5546169328615248,0.5546169328615248,0,4193.0300201820746,-0.030175398274105703,74.020836884402385,-1714.935788787677,74.020836884402385,-1714.935788787677,4965.6276250725696,1.1842575896599343,0.34568288956576776,0.34568288956576776,0,2155.9108788744816,-0.030654922112613146,74.020836884402385,-1541.8424636417233,74.020836884402385,-1541.8424636417233,2692.7048596555255,1.2489870922035904,0.57325935042916587,0.57325935042916587,0
3,1.6349999999999871,327,38.120270046968166,3.1709418230681616,0.061327485597782047,-0.2405376274699518,24.130105866213547,0.36503293741808185,24.132866762158063,-0.036456131065418486,0.017719344672907589,0,0.012106517007711795,-4.9389073050867776,0.084502465065417712,17.554449661182105,-7161.4155923758281,211.25616266354427,3.1347193817186669,-1230.8681650654275,-1019.8217247952907,23,5.6125057934508504e-07,1,5165.0947116245688,-0.039102267674921844,0,-2055.255246942967,0,-2055.255246942967,6015.6206408334583,1.16466802192314,0.34165306784674732,0.34165306784674732,0,2703.3583814937138,-0.03914481097846189,0,-1838.4956666961375,0,-1838.4956666961375,3315.8871983933705,1.2265806935154524,0.55445060603597562,0.55445060603597562,0,4195.4164282361498,-0.030330428545904911,79.737051028084153,-1722.6587743182797,79.737051028084153,-1722.6587743182797,4968.2275979957858,1.1842036858506901,0.34710631816369764,0.34710631816369764,0,2155.7729786455684,-0.030811622634518462,79.737051028084153,-1547.5931116929019,79.737051028084153,-1547.5931116929019,2692.5464024926455,1.2489934836201175,0.57553173658631041,0.57553173658631041,0
3,1.639999999999987,328,38.240585846431436,3.1800964799955467,0.060125898123748731,-0.24008848077030764,24.129747575218104,0.36931923718598597,24.132573728110717,-0.036193082098641478,0.019034589506792623,0,0.021110854379213704,-4.9441057224207565,0.095159176440098969,30.610738849859871,-7168.9532975100965,237.89794110024741,5.4661990540462568,-1232.1637084017407,-1020.8951323926963,23,5.6018179694916626e-07,1,5165.224515124718,-0.039038611507837134,0,-2052.366127194608,0,-2052.366127194608,6015.7597244405442,1.1646656804220812,0.34116491036973301,0.34116491036973301,0,2700.8970983212366,-0.039084275090766209,0,-1835.9816300008256,0,-1835.9816300008256,3313.1096517837768,1.2266700770803396,0.55415661507379743,0.55415661507379743,0,4197.6555756697198,-0.030478804646142742,85.655652780566797,-1730.0390393630153,85.655652780566797,-1730.0390393630153,4970.6670240390386,1.1841531384446633,0.34847600411405527,0.34847600411405527,0,2155.8653108843268,-0.030961446929736521,85.655652780566797,-1553.1129725157791,85.655652780566797,-1553.1129725157791,2692.6524988862575,1.2489892041454773,0.57767319586704746,0.57767319586704746,0
3,1.6449999999999869,329,38.360909600504016,3.1891277912615261,0.058926689665348968,-0.23958600672627767,24.12943088363069,0.37352402535461432,24.132321789778697,-0.035921103030425346,0.020394484847873276,0,0.030432972240594429,-4.9483873241493299,0.10583327108060239,44.127809748861921,-7175.1616200165281,264.58317770150597,7.8799611575067079,-1233.2307640509714,-1021.7792291331407,23,5.5930530695746938e-07,1,5165.0846897222182,-0.038965426237715428,0,-2049.0284805698748,0,-2049.0284805698748,6015.6099024185723,1.1646682027090045,0.34061857630529935,0.34061857630529935,0,2698.6231616202758,-0.039014177503447496,0,-1833.1613757443179,0,-1833.1613757443179,3310.5433448359913,1.2267527352163958,0.55373429216802328,0.55373429216802328,0,4199.7465534618941,-0.030620444371623774,91.775181815429747,-1737.0736494857367,91.775181815429747,-1737.0736494857367,4972.9449335402969,1.1841059621659902,0.34979199892978974,0.34979199892978974,0,2156.1880951956127,-0.031104310300847027,91.775181815429747,-1558.402489472071,91.775181815429747,-1558.402489472071,2693.0233984555225,1.2489742450837562,0.57968397042171338,0.57968397042171338,0
3,1.6499999999999868,330,38.481241400216717,3.1980356542911532,0.05773012707325155,-0.2390301204384267,24.129157592545138,0.37764550683400866,24.132112676985216,-0.035640260967535475,0.021798695162322624,0,0.040070108873830029,-4.9517491627494508,0.11652393382667924,58.101657867053547,-7180.0362859867037,291.3098345666981,10.375290604540528,-1234.0685974343326,-1022.4734063897807,23,5.5862422865260442e-07,1,5164.6748583820627,-0.038882709253830014,0,-2045.2415985098748,0,-2045.2415985098748,6015.1707688968645,1.1646755960124926,0.34001388773289243,0.34001388773289243,0,2696.537663513398,-0.038934512371514303,0,-1830.0340801511647,0,-1830.0340801511647,3308.1895527911488,1.2268286097219987,0.55318295730882439,0.55318295730882439,0,4201.6883954420509,-0.030755265962380582,98.094128230451801,-1743.7596546039349,98.094128230451801,-1743.7596546039349,4975.0602933558084,1.1840621733759942,0.35105435606593505,0.35105435606593505,0,2156.7415826624892,-0.031240128661968781,98.094128230451801,-1563.461934432944,98.094128230451801,-1563.461934432944,2693.6593801896865,1.248948599982189,0.58156432677116943,0.58156432677116943,0
3,1.6549999999999867,331,38.601581343227728,3.2068199895460743,0.056536477612220394,-0.23842074121115756,24.128929493974695,0.38168189386356738,24.131948110198341,-0.035350625203548529,0.023246873982257377,0,0.050019404144094934,-4.9541880743978135,0.12723029790582058,72.528136008937651,-7183.5727078768296,318.07574476455147,12.951446824669187,-1234.6764200670502,-1022.9770108725846,23,5.5814131094678032e-07,1,5163.994602904716,-0.038790460154332837,0,-2041.0048095551624,0,-2041.0048095551624,6014.4418702592438,1.1646878691306448,0.33935065856197022,0.33935065856197022,0,2694.641762770616,-0.0388452760798043,0,-1826.598760751853,0,-1826.598760751853,3306.0496229446803,1.2268976413196455,0.55250191892912714,0.55250191892912714,0,4203.4800780349187,-0.030883188183368698,104.61093292015819,-1750.0940911260252,104.61093292015819,-1750.0940911260252,4977.0120065685123,1.1840217900819008,0.35226313140285564,0.35226313140285564,0,2157.5260562897497,-0.031368818625862813,104.61093292015819,-1568.2914024911433,104.61093292015819,-1568.2914024911433,2694.5607529363369,1.2489122646194661,0.58331455310723479,0.58331455310723479,0
3,1.6599999999999866,332,38.721929533863637,3.2154807405793462,0.055346008939440285,-0.23775779281670917,24.128748370195758,0.38563140751805008,24.131829799969349,-0.035052267201755354,0.024738663991223223,0,0.060277900246210894,-4.9557006777333861,0.13795144256398489,87.402955357005794,-7185.7659827134103,344.87860640996223,15.607663957772042,-1235.0533892499629,-1023.2893443728115,23,5.5785892705273454e-07,1,5163.0434635210768,-0.038688680778409062,0,-2036.3174807771143,0,-2036.3174807771143,6013.4227046883107,1.1647050324436539,0.33862869463500672,0.33862869463500672,0,2692.9366850211513,-0.038746467278945061,0,-1822.8542758652532,0,-1822.8542758652532,3304.1249748211785,1.226959769681784,0.55169047471151034,0.55169047471151034,0,4205.1205201016974,-0.031004130408377815,111.3239879605045,-1756.0739841734214,111.3239879605045,-1756.0739841734214,4978.7989122980571,1.1839848319442814,0.35341838375243739,0.35341838375243739,0,2158.5418313560749,-0.031490297593253717,111.3239879605045,-1572.8908069203358,111.3239879605045,-1572.8908069203358,2695.7278557838658,1.2488652369967326,0.58493495672525464,0.58493495672525464,0
3,1.6649999999999865,333,38.84228608315771,3.2240178740959351,0.054158989081493157,-0.2370412037709152,24.128615993087607,0.38949227924552493,24.131759446370147,-0.03474526057752849,0.026273697112357566,0,0.070842542469358491,-4.9562833730940827,0.14868639073147624,102.72168658056981,-7186.6108909864206,371.7159768286906,18.343151052091908,-1235.1986078792861,-1023.4096636053922,23,5.5777907892462508e-07,1,5161.8209386032404,-0.038577375238728548,0,-2031.179019279828,0,-2031.179019279828,6012.1127218298989,1.1647270979253965,0.33784779382206936,0.33784779382206936,0,2691.4237228446682,-0.038638086921641245,0,-1818.7993243454191,0,-1818.7993243454191,3302.4171002074254,1.2270149334631617,0.55074791256112987,0.55074791256112987,0,4206.6085828814385,-0.031118012706110882,118.23163700560904,-1761.6963498893199,118.23163700560904,-1761.6963498893199,4980.4197856169449,1.1839513202831584,0.3545201753876851,0.3545201753876851,0,2159.7892556706538,-0.031604483844309229,118.23163700560904,-1577.2598743975366,118.23163700560904,-1577.2598743975366,2697.1610583332822,1.2488075173314837,0.58642586160406007,0.58642586160406007,0
3,1.6699999999999864,334,38.962651108885446,3.2324313800189501,0.05297568640992658,-0.23627090762053474,24.128534123468256,0.39326275243629211,24.131738738429643,-0.034429681080158626,0.027851594599206875,0,0.081710179980326203,-4.9559323422484267,0.15943410672914268,118.47976097147298,-7186.1018962602184,398.58526682285674,21.15709226704055,-1235.1111243797397,-1023.3371801535241,23,5.5790339015260315e-07,1,5160.3264844962196,-0.038456549954167037,0,-2025.5888737730991,0,-2025.5888737730991,6010.511322583201,1.164754079153963,0.33700774610678885,0.33700774610678885,0,2690.1042357367405,-0.038520138299255782,0,-1814.4324456045324,0,-1814.4324456045324,3300.927563037586,1.2270630703399339,0.54967351174917989,0.54967351174917989,0,4207.9430700370449,-0.031224755928375859,125.33217569643094,-1766.9581978359927,125.33217569643094,-1766.9581978359927,4981.8733375774627,1.1839212780826915,0.3555685725962866,0.3555685725962866,0,2161.2687097299963,-0.03171129663221068,125.33217569643094,-1581.3981405048562,125.33217569643094,-1581.3981405048562,2698.860760854473,1.2487391080545636,0.58778760614842041,0.58778760614842041,0
3,1.6749999999999863,335,39.083024735597391,3.240721271561656,0.05179636961535708,-0.23544684324194043,24.128504510426492,0.39694108402169404,24.13176935356908,-0.034105606574164594,0.029471967129177035,0,0.092877566625649138,-4.9546435486434977,0.17019349402004591,134.67247160719126,-7184.2331455330714,425.48373505011477,24.048647080895194,-1234.7899327663413,-1023.0710605198684,23,5.5823309974556423e-07,1,5158.5595154758939,-0.038326213682765953,0,-2019.5465362167681,0,-2019.5465362167681,6008.6178590221771,1.1647859913210408,0.33610833366351284,0.33610833366351284,0,2688.9796499432114,-0.038392627078648746,0,-1809.7520199243988,0,-1809.7520199243988,3299.6579991243943,1.2271041170557315,0.54846654423114127,0.54846654423114127,0,4209.1227278103161,-0.031324281800328022,132.62385208129666,-1771.856533482252,132.62385208129666,-1771.856533482252,4983.158215354154,1.1838947299943685,0.35656364625879861,0.35656364625879861,0,2162.9806067705795,-0.031810656278739573,132.62385208129666,-1585.3049455271916,132.62385208129666,-1585.3049455271916,2700.8273943218992,1.2486600138104555,0.58902054110888491,0.58902054110888491,0
3,1.6799999999999862,336,39.203407094649179,3.2488875853052863,0.050621307680052158,-0.23456895515092382,24.128528890650237,0.40052554610159496,24.13185295703633,-0.033773117020081532,0.031134414899592344,0,0.10434136175304307,-4.9524127381908203,0.18096339301175521,151.29497454191244,-7180.9984703766895,452.40848252938804,27.016950503491202,-1234.2339728402667,-1022.6104262888284,23,5.5876906035479124e-07,1,5156.5194038385216,-0.038186377554895443,0,-2013.0515435364889,0,-2013.0515435364889,6006.431634453932,1.1648228512400698,0.3351493309254161,0.3351493309254161,0,2688.0514581579882,-0.03825556133923301,0,-1804.7562690695204,0,-1804.7562690695204,3298.6101157301287,1.227138009474912,0.5471262761437472,0.5471262761437472,0,4210.1462452905744,-0.031416513012693374,140.10486704816554,-1776.3883607825587,140.10486704816554,-1776.3883607825587,4984.273002506704,1.1838717023386205,0.35750547245219655,0.35750547245219655,0,2164.9253927129171,-0.031902484271797288,140.10486704816554,-1588.9794305628761,140.10486704816554,-1588.9794305628761,2703.0614203247146,1.2485702414610451,0.59012502769362618,0.59012502769362618,0
3,1.6849999999999861,337,39.32379832422879,3.2569303812826775,0.049450769848936003,-0.23363719382335188,24.128608987751345,0.40401442759918071,24.131991201339009,-0.033432294454731781,0.032838527726341084,0,0.11609813105262826,-4.9492354406122567,0.1917425789144685,168.34229002631096,-7176.3913888877723,479.35644728617126,30.061113294038844,-1233.4421305242727,-1021.9543544044606,23,5.5951172672763505e-07,1,5154.2054801272534,-0.038037055106581202,0,-2006.1034794106872,0,-2006.1034794106872,6003.9519036198899,1.1648646773530762,0.33413050464331195,0.33413050464331195,0,2687.3212190787085,-0.038108951610201273,0,-1799.4432572153009,0,-1799.4432572153009,3297.7856909710094,1.227164682643181,0.54565196948424743,0.54565196948424743,0,4211.0122548014797,-0.03150137331589653,147.77337476853486,-1780.5506848491034,147.77337476853486,-1780.5506848491034,4985.2162193681879,1.1838522231047761,0.35839413307962908,0.35839413307962908,0,2167.1035459925588,-0.031986703364767437,147.77337476853486,-1592.4205339647287,147.77337476853486,-1592.4205339647287,2705.5633308462161,1.2484698000930252,0.59110143588654729,0.59110143588654729,0
3,1.689999999999986,338,39.444198569381008,3.2648497430677192,0.048285025598965421,-0.23265151602638254,24.128746511586993,0.40740603594159103,24.132185725676468,-0.03308322297098347,0.034583885145082642,0,0.12814434741849412,-4.9451069713682072,0.20252975966016293,185.80930375681649,-7170.4051084839002,506.32439915040732,33.180222184206869,-1232.4132383432432,-1021.1018775686247,23,5.6046115037844402e-07,1,5151.6170335011402,-0.037878262312950974,0,-1998.7019761281988,0,-1998.7019761281988,6001.1778730456517,1.1649114897360942,0.33305161393488902,0.33305161393488902,0,2686.7905568146534,-0.037952810907874258,0,-1793.8108922054946,0,-1793.8108922054946,3297.1865730486747,1.2271840708557802,0.54404288397513545,0.54404288397513545,0,4211.7193324107284,-0.031578787616008491,155.62748315287189,-1784.3405147179467,155.62748315287189,-1784.3405147179467,4985.9863235637367,1.1838363219492665,0.35922971652729535,0.35922971652729535,0,2169.5155772734788,-0.032063237677621696,155.62748315287189,-1595.6269881293274,155.62748315287189,-1595.6269881293274,2708.333647907521,1.2483587010291013,0.59195014298548765,0.59195014298548765,0
3,1.6949999999999859,339,39.564607982029081,3.2726457778706073,0.04712434460682393,-0.23161188515992076,24.128943157577822,0.41069869876475745,24.13243815537064,-0.032725988697001961,0.036370056514990194,0,0.14047639183122634,-4.9400224341907499,0.21332357388807213,203.69076815527819,-7163.0325295765879,533.30893472018033,36.373340106633918,-1231.1460760555005,-1020.0519847640509,23,5.6161695471956818e-07,1,5148.7533122521836,-0.03771001762175253,0,-1990.8467165157881,0,-1990.8467165157881,5998.1087015454987,1.1649633101030796,0.33191241032407731,0.33191241032407731,0,2686.461160141183,-0.037787154773115526,0,-1787.8569271534834,0,-1787.8569271534834,3296.8146793022356,1.2271961077334081,0.54229827911706574,0.54229827911706574,0,4212.2659985673681,-0.031648682072422302,163.66525431745586,-1787.7548662101244,163.66525431745586,-1787.7548662101244,4986.5817106647346,1.183824030191996,0.36001231834946157,0.36001231834946157,0,2172.1620290392661,-0.032132012799661977,163.66525431745586,-1598.5973166527574,163.66525431745586,-1598.5973166527574,2711.3729230703434,1.2482369578431343,0.59267153237387171,0.59267153237387171,0
3,1.6999999999999857,340,39.685026720993548,3.2803186166388691,0.045968996714883692,-0.23051827160797045,24.129200606023051,0.41389076564067262,24.132750101295663,-0.032360679774998943,0.038196601125005274,0,0.15309055426211735,-4.9339767242444541,0.22412258900185972,221.98130368007014,-7154.2662501544582,560.30647250464926,39.639506429054329,-1229.639371440541,-1018.8036219070073,23,5.6297833417318088e-07,1,5145.6135244760144,-0.037532341986889498,0,-1982.5374359344055,0,-1982.5374359344055,5994.7435008875746,1.1650201618082128,0.33071263777021875,0.33071263777021875,0,2686.3347815949319,-0.037612001308752377,0,-1781.5789624023489,0,-1781.5789624023489,3296.6719950744855,1.2272007263060429,0.54041741643214214,0.54041741643214214,0,4212.650718871535,-0.031710984197156164,171.88470506252372,-1790.7907648883504,171.88470506252372,-1790.7907648883504,4987.0007149837138,1.1838153808107803,0.36074204198271209,0.36074204198271209,0,2175.04347505752,-0.032192955893782918,171.88470506252372,-1601.3298318714646,171.88470506252372,-1601.3298318714646,2714.681736793766,1.2481045863793481,0.59326599253855883,0.59326599253855883,0
3,1.7049999999999856,341,39.805454952008233,3.2878684141641146,0.044819251895386727,-0.22937065309950969,24.129520521412715,0.41698060982516955,24.133123159306329,-0.031987386339484718,0.040063068302576423,0,0.16598303459983282,-4.9269645319376929,0.23492529930395722,240.67540016975761,-7144.0985713096543,587.31324825989304,42.977737194238415,-1227.8918012488891,-1017.3556926342924,23,5.6454403107863982e-07,1,5142.1968389017702,-0.03734525890191704,0,-1973.7739243427277,0,-1973.7739243427277,5991.0813366257598,1.1650820698464914,0.32945203268670326,0.32945203268670326,0,2686.4132364039924,-0.037427371216938156,0,-1774.9744478590983,0,-1774.9744478590983,3296.7605723857791,1.2271978591048009,0.53839956189921179,0.53839956189921179,0,4212.8719049814117,-0.031765622955675782,180.28380736159392,-1793.4452491097034,180.28380736159392,-1793.4452491097034,4987.2416105151733,1.1838104084337637,0.36141899949062289,0.36141899949062289,0,2178.1605197128265,-0.032245995802130216,180.28380736159392,-1603.8226328072064,180.28380736159392,-1603.8226328072064,2718.2606976399179,1.2479616047757121,0.59373391634600814,0.59373391634600814,0
3,1.7099999999999855,342,39.925892847733351,3.2952953491944461,0.043675380212798758,-0.22816901507848988,24.129904551737326,0.41996663002413614,24.133558909665343,-0.031606200495028734,0.041968997524856326,0,0.17914994360040878,-4.9189803474072802,0.24573012421263485,259.76741822059273,-7132.521503740556,614.32531053158709,46.387025365973777,-1225.9019923197604,-1015.7070592292605,23,5.6631231704074025e-07,1,5138.5023858867744,-0.037148794433434218,0,-1964.5560284261751,0,-1964.5560284261751,5987.1212291043212,1.165149060852503,0.32813032394870589,0.32813032394870589,0,2686.6984012472531,-0.037233287836385354,0,-1768.0406857186192,0,-1768.0406857186192,3297.0825284091202,1.2271874382619601,0.53624398858214783,0.53624398858214783,0,4212.927915662247,-0.031812528869118936,188.86048886185347,-1795.7153731743897,188.86048886185347,-1795.7153731743897,4987.3026120275326,1.1838091493297147,0.36204331234013043,0.36204331234013043,0,2181.5137972037264,-0.032291063153021216,188.86048886185347,-1606.0736035354414,188.86048886185347,-1606.0736035354414,2722.110441323543,1.2478080334915853,0.59407570058813397,0.59407570058813397,0
3,1.7149999999999854,343,40.046340587765791,3.3025996245524509,0.042537651784291121,-0.22691335108253091,24.130354327795157,0.42284725217593644,24.134058916469378,-0.031217216293534335,0.043913918532328337,0,0.19258730386151471,-4.9100184656991068,0.25653540656751084,279.25159059919633,-7119.5267752637046,641.33851641877709,49.866341081329772,-1223.6685228721756,-1013.8565436915608,23,5.6828097250161136e-07,1,5134.5292585815114,-0.036942977254305141,0,-1954.883653789255,0,-1954.883653789255,5982.8621546413224,1.165221163097272,0.32674723288964896,0.32674723288964896,0,2687.1922128371598,-0.03702977717939418,0,-1760.7748335931603,0,-1760.7748335931603,3297.6400437401394,1.2271693956192526,0.53394997945139977,0.53394997945139977,0,4212.8170579822254,-0.031851634117797178,197.61263339547753,-1797.5982105703708,197.61263339547753,-1797.5982105703708,4987.1818763114388,1.1838116413961028,0.36261511221096027,0.36261511221096027,0,2185.1039705991043,-0.032328090468985549,197.61263339547753,-1608.0804119967879,197.61263339547753,-1608.0804119967879,2726.2316296005029,1.247643895339696,0.59429174580842481,0.59429174580842481,0
3,1.7199999999999853,344,40.166798358646453,3.3097814672586754,0.041406336738308437,-0.2256036631298553,24.130871462497474,0.42562093124765255,24.134624727073987,-0.03082052971103276,0.045897351444836199,0,0.20629105082202806,-4.9000729926671234,0.26733941102935788,299.12202369194068,-7105.1058393673284,668.34852757339468,53.414631909475759,-1221.1899239751042,-1011.8029289552071,23,5.7044726986532623e-07,1,5130.2765142703665,-0.036727838676635094,0,-1944.7567672086625,0,-1944.7567672086625,5978.303046896749,1.1652984064830645,0.32530247328598666,0.32530247328598666,0,2687.8966663201581,-0.036816867968595367,0,-1753.1739080631485,0,-1753.1739080631485,3298.4353604556513,1.2271436628445043,0.5315168303983262,0.5315168303983262,0,4212.537588659945,-0.031882872645840353,206.53808150176289,-1799.090857313284,206.53808150176289,-1799.090857313284,4986.877503589606,1.183817924144859,0.36313454183956628,0.36313454183956628,0,2188.9317307495312,-0.032357012275774061,206.53808150176289,-1609.8405092714095,206.53808150176289,-1609.8405092714095,2730.6249489904262,1.2474692155225002,0.59438245641798204,0.59438245641798204,0
3,1.7249999999999852,345,40.287266353864709,3.3168411286604633,0.040281705171182007,-0.2242399621139754,24.13145755017198,0.42828615304260287,24.13525787151735,-0.030416238624002456,0.04791880687998773,0,0.22025703378803019,-4.8891378516126851,0.27814032258017085,319.37269899264379,-7089.249884838393,695.35080645042717,57.030823117340731,-1218.4646812021203,-1009.5449602595243,23,5.7280793885894354e-07,1,5125.7431758934508,-0.036503412684423774,0,-1934.1753989442552,0,-1934.1753989442552,5973.4427984312279,1.1653808225360447,0.3237957513299059,0.3237957513299059,0,2688.8138134892097,-0.036594591673320902,0,-1745.2347886651571,0,-1745.2347886651571,3299.4707799547068,1.227110171556677,0.52894385344097961,0.52894385344097961,0,4212.0877155681947,-0.03190618026684159,215.63463095994479,-1800.1904353807709,215.63463095994479,-1800.1904353807709,4986.3875390932908,1.1838280386857152,0.36360175589913085,0.36360175589913085,0,2192.9977950491457,-0.032377765212175565,215.63463095994479,-1611.3511293363804,215.63463095994479,-1611.3511293363804,2735.2911093288067,1.2472840216729484,0.5943482411101868,0.5943482411101868,0
3,1.7299999999999851,346,40.407744773859932,3.3237788845660208,0.039164027101751459,-0.22282226820561674,24.132114165864852,0.43084143601643371,24.135959861943004,-0.030004442785219625,0.049977786073901888,0,0.23448101698641616,-4.8772067906856051,0.28893624512963978,339.99747463030343,-7071.9498464941271,722.34061282409948,60.713817942422835,-1215.4912364758898,-1007.0813466773768,23,5.7535915143347438e-07,1,5120.9282337546792,-0.036269735965812039,0,-1923.1396451045741,0,-1923.1396451045741,5968.2802624609976,1.1654684443966592,0.32222676558951924,0.32222676558951924,0,2689.9457608028993,-0.036362982545511638,0,-1736.9542223326559,0,-1736.9542223326559,3300.7486605762301,1.2270688534593417,0.52623038011910495,0.52623038011910495,0,4211.465599398588,-0.031921494770350625,224.9000373325585,-1800.8940962398842,224.9000373325585,-1800.8940962398842,4985.7099748104029,1.1838420277070243,0.36401692191726126,0.36401692191726126,0,2197.3029060438348,-0.032390288140471547,224.9000373325585,-1612.6092893261605,224.9000373325585,-1612.6092893261605,2740.2308421441126,1.2470883438996583,0.5941895135816142,0.5941895135816142,0
3,1.734999999999985,347,40.528233826020056,3.3305950353835554,0.038053572423959806,-0.22135061126132985,24.132842864641681,0.43328533309892009,24.136732192021473,-0.029585243799145653,0.052073781004271735,0,0.24895868064742049,-4.8642733910675364,0.29972520023433863,360.9900869387597,-7053.1964170479278,749.31300058584657,64.462497873086264,-1212.2679901076285,-1004.4107628049395,23,5.7809648801310232e-07,1,5115.8306474210858,-0.036026847944833337,0,-1911.6496700631944,0,-1911.6496700631944,5962.8142548146825,1.1655613068076374,0.32059520695611643,0.32059520695611643,0,2691.2946672058288,-0.036122077655064193,0,-1728.3288283048505,0,-1728.3288283048505,3302.2714149875778,1.2270196404825788,0.5233757650751284,0.5233757650751284,0,4210.6693554914827,-0.031928756029055379,234.33201451922281,-1801.1990244658907,234.33201451922281,-1801.1990244658907,4984.8427514101022,1.1838599354539572,0.36438022123312613,0.36438022123312613,0,2201.8478298816035,-0.032394522257349664,234.33201451922281,-1613.6117903163283,234.33201451922281,-1613.6117903163283,2745.4448988556533,1.246882214836472,0.59390669356569259,0.59390669356569259,0
3,1.7399999999999849,348,40.648733724677193,3.3372899062653087,0.036950610857389952,-0.21982503123821101,24.133645180887743,0.43561643351845541,24.137576336371005,-0.029158745096857779,0.054206274515711118,0,0.26368562211741708,-4.8503310759573113,0.31050512593605961,382.34415207025478,-7032.9800601381012,776.26281484014908,68.275722936696752,-1208.7933030364268,-1001.5318506170623,23,5.8101490907347397e-07,1,5110.4493478180784,-0.035774790812576646,0,-1899.7057089218004,0,-1899.7057089218004,5957.0435560971191,1.1656594460994896,0.31890075857804068,0.31890075857804068,0,2692.8627417452253,-0.035871916924515759,0,-1719.3551035184851,0,-1719.3551035184851,3304.0415073386871,1.2269624649332707,0.52037938981686016,0.52037938981686016,0,4209.6970558354105,-0.031927906106481906,243.92823532070003,-1801.1024414503129,243.92823532070003,-1801.1024414503129,4983.7837603485405,1.1838818077039781,0.36469184999586879,0.36469184999586879,0,2206.6333546012861,-0.032390411205087982,243.92823532070003,-1614.3552186506195,243.92823532070003,-1614.3552186506195,2750.9340487882937,1.2466656696963401,0.593500208184365,0.593500208184365,0
3,1.7449999999999848,349,40.769244691100241,3.3438638472562898,0.03585541189571359,-0.21824557861411981,24.134522627607993,0.43783336462605005,24.138493749977481,-0.028725051910528893,0.056374740447355534,0,0.27865735700345751,-4.8353731203767216,0.32127387572589633,404.0531676550134,-7011.2910245462463,803.18468931474081,72.152331995975374,-1205.065499273039,-998.44322149204595,23,5.8410872849634643e-07,1,5104.7832395250516,-0.035513609557662064,0,-1887.3080700154344,0,-1887.3080700154344,5950.9669140652104,1.1657629001733847,0.31714309578074618,0.31714309578074618,0,2694.6522409789741,-0.035612543162959427,0,-1710.0294284968675,0,-1710.0294284968675,3306.0614501768318,1.22689725965371,0.51724066665651447,0.51724066665651447,0,4208.5467312400333,-0.031918889365034543,253.6863320130999,-1800.6016091956049,253.6863320130999,-1800.6016091956049,4982.5308461601871,1.1839076917394955,0.36495202020623874,0.36495202020623874,0,2211.6602882559419,-0.032377901182812509,253.6863320130999,-1614.835947831094,253.6863320130999,-1614.835947831094,2756.6990770003727,1.2464387463294528,0.59297049362171805,0.59297049362171805,0
3,1.7499999999999847,350,40.889766953484468,3.3503172334474853,0.034768244753026568,-0.21661231481274773,24.135476695727245,0.43993479371550631,24.139485867613551,-0.028284271247463261,0.058578643762683694,0,0.29386932035106922,-4.8193926618138043,0.33202921764081383,426.1105145090504,-6988.1193596300163,830.0730441020346,76.091143053963961,-1201.0828685523991,-995.14345840935232,23,5.873715762660936e-07,1,5098.8312032754175,-0.035243351995926403,0,-1874.4571374550021,0,-1874.4571374550021,5944.5830462204285,1.1658717084812911,0.31532188597260558,0.31532188597260558,0,2696.6654661706198,-0.035344002099078731,0,-1700.3480737495872,0,-1700.3480737495872,3308.3338011174624,1.2268239581884206,0.51395904281945715,0.51395904281945715,0,4207.216373686334,-0.031901652574188769,263.60389693207662,-1799.6938341933951,263.60389693207662,-1799.6938341933951,4981.0818089388704,1.1839376363175922,0.36516096080349686,0.36516096080349686,0,2216.9294568676296,-0.032356941057621838,263.60389693207662,-1615.050140990917,263.60389693207662,-1615.050140990917,2762.740781921631,1.2462014852855063,0.59231799712214761,0.59231799712214761,0
3,1.7549999999999846,351,41.010300746938086,3.3566504651333138,0.033689378308048253,-0.21492531263285861,24.136508853390993,0.44191942983628568,24.140554103257212,-0.027836511863693958,0.060817440681530215,0,0.30931686785694673,-4.8023827117190647,0.34276883349958481,448.50945839257275,-6963.4549319926437,856.922083748962,80.090953568025597,-1196.8436691987022,-991.63111832343543,23,5.9079637271253205e-07,1,5092.5920986646897,-0.034964068799210622,0,-1861.1533737016425,0,-1861.1533737016425,5937.8906426221611,1.1659859120032634,0.31343678853603152,0.31343678853603152,0,2698.9047602672854,-0.035066342413184452,0,-1690.3072066954319,0,-1690.3072066954319,3310.8611592671073,1.2267424949590355,0.51053400471483334,0.51053400471483334,0,4205.7039388574485,-0.031876145018641007,273.67848306688597,-1798.3764713826995,273.67848306688597,-1798.3764713826995,4979.4344070123525,1.1839716916367398,0.36531891879975453,0.36531891879975453,0,2222.4417022105772,-0.03232748247536385,273.67848306688597,-1614.9937539687526,273.67848306688597,-1614.9937539687526,2769.0599727983708,1.2459539298799576,0.59154317931418565,0.59154317931418565,0
3,1.7599999999999845,352,41.130846313465725,3.3628639679730545,0.032619081046165684,-0.2131846566809863,24.137620545267414,0.44378602559543812,24.141699849509962,-0.027381884237148983,0.063090578814255088,0,0.32499527711821236,-4.78433616786816,0.35349031828504612,471.24315182140788,-6937.2874434088326,883.72579571261531,84.150540773314034,-1192.3461312064246,-987.90473471648522,23,5.9437529564831948e-07,1,5086.0647670697681,-0.034675813523137353,0,-1847.3973221672129,0,-1847.3973221672129,5930.8883689256163,1.1661055532217643,0.31148745470349665,0.31148745470349665,0,2701.3725046569189,-0.034779615768133321,0,-1679.9028991198736,0,-1679.9028991198736,3313.6461613948982,1.2266528054470369,0.50696508235891702,0.50696508235891702,0,4204.0073488531425,-0.031842318606210382,283.90760466414793,-1796.646928183995,283.90760466414793,-1796.646928183995,4977.586359813834,1.1840099093004024,0.36542616046402621,0.36542616046402621,0,2228.1978794201718,-0.032289479970840716,283.90760466414793,-1614.6625390030883,283.90760466414793,-1614.6625390030883,2775.6574669435722,1.245696126264092,0.59064651685956537,0.59064651685956537,0
3,1.7649999999999844,353,41.251403901948834,3.3689581931559731,0.031557620999307194,-0.21139044380684058,24.138813191851046,0.44553337894482342,24.142924477014713,-0.026920500540392394,0.065397497298038038,0,0.34089974892001718,-4.7652458276024392,0.36419117967979364,494.30463593402487,-6909.606450023537,910.4779491994841,88.268662016170239,-1187.5884595401265,-983.96282033244051,23,5.9809973773639058e-07,1,5079.2480347820419,-0.034378642633762321,0,-1833.1896098346867,0,-1833.1896098346867,5923.5748696474402,1.1662306760929091,0.30947352741804623,0.30947352741804623,0,2704.0711157017886,-0.034483876839003738,0,-1669.1311351771215,0,-1669.1311351771215,3316.6914778499231,1.2265548263841208,0.50325185394064798,0.50325185394064798,0,4202.1244950905257,-0.031800127975279854,294.28873784117116,-1794.5026686045178,294.28873784117116,-1794.5026686045178,4975.5353509533707,1.1840523422774469,0.36548297255839673,0.36548297255839673,0,2234.1988544256446,-0.032242891077210588,294.28873784117116,-1614.0520490640315,294.28873784117116,-1614.0520490640315,2782.5340867902569,1.2454281234986915,0.58962850542552714,0.58962850542552714,0
3,1.7699999999999843,354,41.371973768122949,3.3749336175698308,0.030505265683633844,-0.20954278354063621,24.14008818876875,0.44716033494972202,24.144229333873653,-0.026452474612947557,0.067737626935262224,0,0.35702540856329468,-4.7451044019563229,0.37486883776239049,517.68684241677727,-6880.4013828366678,937.17209440597617,92.44405509791595,-1182.5688376552607,-979.80387009411686,23,6.019602922791023e-07,1,5072.1407163563035,-0.034072615532980556,0,-1818.5309498919253,0,-1818.5309498919253,5915.9487716615995,1.1663613260145247,0.3073946411779287,0.3073946411779287,0,2707.0030410457816,-0.034179183341400417,0,-1657.9878199452312,0,-1657.9878199452312,3319.9998082223892,1.2264484959498945,0.49939395051741259,0.49939395051741259,0,4200.053241393075,-0.031749530601555394,304.81932120867998,-1791.9412174095719,304.81932120867998,-1791.9412174095719,4973.2790314916247,1.1840990448592708,0.36548966362882801,0.36548966362882801,0,2240.4455012048411,-0.032187676434345863,304.81932120867998,-1613.1576428390686,304.81932120867998,-1613.1576428390686,2789.6906567470173,1.2451499736310521,0.58848966297669014,0.58848966297669014,0
3,1.7749999999999841,355,41.492556174551801,3.3807907439724496,0.029462282035041091,-0.20764179853152462,24.141446906088539,0.4486657875348079,24.145615745066351,-0.025977921933208879,0.070110390333955608,0,0.37336730723456796,-4.7239045306777152,0.38552062487131517,541.38259549012355,-6849.6615694826869,963.8015621782879,96.675438629536018,-1177.2854312415559,-975.42636420474128,23,6.0594670703295606e-07,1,5064.7416181767885,-0.033757794582563609,0,-1803.42214437181,0,-1803.42214437181,5908.0086879273549,1.1664975497909262,0.30525042186498302,0.30525042186498302,0,2710.1707556936763,-0.033865596058255912,0,-1646.4687885409403,0,-1646.4687885409403,3323.5738767473395,1.2263337539765684,0.49539106082765316,0.49539106082765316,0,4197.7914272695089,-0.031690486903914461,315.49675650280022,-1788.9601643540682,315.49675650280022,-1788.9601643540682,4970.815023417842,1.1841500726135774,0.36544656535325681,0.36544656535325681,0,2246.9386988600268,-0.032123799895901112,315.49675650280022,-1611.9744903881033,315.49675650280022,-1611.9744903881033,2797.1279998553259,1.2448617317750748,0.58723053338111653,0.58723053338111653,0
3,1.779999999999984,356,41.613151390598262,3.386530101165981,0.028428936342467331,-0.20568762498627158,24.142890687631898,0.45004868120334285,24.147085011868324,-0.025496959589949145,0.072515202050254288,0,0.38992042341974081,-4.7016387981447512,0.39614378564379404,565.38461395862419,-6817.3762573098893,990.35946410948509,100.9615123977494,-1171.7363921897731,-970.82877143456449,23,6.1004785578688825e-07,1,5057.0495422408985,-0.033434245126702462,0,-1787.8640867914251,0,-1787.8640867914251,5899.7532214504081,1.1666393955943108,0.30304048655646865,0.30304048655646865,0,2713.5767578613527,-0.033543178864994944,0,-1634.569815798975,0,-1634.569815798975,3327.4164274506211,1.2262105421602494,0.49124293620541493,0.49124293620541493,0,4195.3368713834388,-0.031622960349107859,326.3184092261443,-1785.5571684679594,326.3184092261443,-1785.5571684679594,4968.1409233332834,1.1842054823347254,0.3653540339497755,0.3653540339497755,0,2253.6793285143103,-0.032051228634836178,326.3184092261443,-1610.4975794816719,326.3184092261443,-1610.4975794816719,2804.8469342489698,1.2445634561941006,0.58585169032343254,0.58585169032343254,0
3,1.7849999999999839,357,41.733759692392027,3.3921522441734977,0.027405494179010295,-0.20368041310728879,24.144420850290278,0.45130801272534687,24.148638411270355,-0.025009706253429791,0.074951468732851065,0,0.40667966436383657,-4.678299750178847,0.40673547723662212,589.68551332756306,-6783.5346377593287,1016.8386930915553,105.30095774297756,-1165.9198627818398,-966.00955259254852,23,6.142517152696314e-07,1,5049.0632901603512,-0.033102035512928091,0,-1771.8577647826141,0,-1771.8577647826141,5891.1809694774302,1.1667869129226809,0.30076444332006058,0.30076444332006058,0,2717.2235645966721,-0.033211998752925208,0,-1622.2866265183816,0,-1622.2866265183816,3331.530219037747,1.2260788042783881,0.48694939558043393,0.48694939558043393,0,4192.6873752140373,-0.031546917555071739,337.28160929782979,-1781.7299623886063,337.28160929782979,-1781.7299623886063,4965.2543063406265,1.1842653319905947,0.36521245164781563,0.36521245164781563,0,2260.6682700289402,-0.031969933247134041,337.28160929782979,-1608.7217226346074,337.28160929782979,-1608.7217226346074,2812.8482694167974,1.2442552083861416,0.58435374151607744,0.58435374151607744,0
3,1.7899999999999838,358,41.854381362794072,3.3976577544175113,0.026392220330856826,-0.20162032752909154,24.14603868334644,0.45244283279041136,24.150277195398939,-0.024516282146120665,0.077418589269396695,0,0.42363986757871663,-4.6538799117504457,0.41729276973605595,614.27780798913909,-6748.1258720381466,1043.2319243401398,109.69243794973579,-1159.833980103461,-960.96716418238418,23,6.1854533583982629e-07,1,5040.7816673785937,-0.032761237111279012,0,-1755.4042627058557,0,-1755.4042627058557,5882.2905279232718,1.166940152554216,0.29842189099177269,0.29842189099177269,0,2721.1137071716712,-0.032872125850715861,0,-1609.6149062759862,0,-1609.6149062759862,3335.9180195273775,1.2259384864128793,0.48251033054584219,0.48251033054584219,0,4189.8407269072522,-0.031462328392600901,348.38365171228514,-1777.4763567325647,348.38365171228514,-1777.4763567325647,4962.1527301390979,1.1843296806659118,0.36502222822540348,0.36502222822540348,0,2267.9063985424837,-0.031879887853447073,348.38365171228514,-1606.6415648455873,348.38365171228514,-1606.6415648455873,2821.132802270829,1.2439370531711043,0.5827373331979282,0.5827373331979282,0
3,1.7949999999999837,359,41.975016691357816,3.4030472398999887,0.02538937872403629,-0.19950754775221982,24.147745447801384,0.45345224762074393,24.152002590938185,-0.024016809013037013,0.079915954934814945,0,0.44079580240078647,-4.6283718055700129,0.42781264676361735,639.15391348114042,-6711.1391180765186,1069.5316169090434,114.13459864996857,-1153.4768806773504,-955.70006224130293,23,6.2291481395249093e-07,1,5032.2034876023663,-0.032411924331585018,0,-1738.5047642391637,0,-1738.5047642391637,5873.0804960291744,1.1670991664980246,0.29601241893663427,0.29601241893663427,0,2725.2497262476659,-0.032523633443824869,0,-1596.5503128045359,0,-1596.5503128045359,3340.5826006322764,1.225789537178249,0.47792571047408161,0.47792571047408161,0,4186.794705316287,-0.031369166085128304,359.62179720666722,-1772.7942444986638,359.62179720666722,-1772.7942444986638,4958.8337393242709,1.1843985885020032,0.3647838026156921,0.3647838026156921,0,2275.3945808336812,-0.031781070198400305,359.62179720666722,-1604.2515920509056,359.62179720666722,-1604.2515920509056,2829.7013130227297,1.2436090587795794,0.58100315490770815,0.58100315490770815,0
3,1.7999999999999836,360,42.095665974286923,3.408321335383425,0.024397232349012796,-0.19734226857362683,24.149542375707618,0.45433542053997439,24.153815798553552,-0.023511410091700602,0.082442949541497001,0,0.45814217160074183,-4.6017679715526913,0.43829200628455656,664.30614882107568,-6672.5635587514025,1095.7300157113914,118.62606823985855,-1146.8467053141926,-950.20670635928468,23,6.2734527350727376e-07,1,5023.3275774442636,-0.032054174638734646,0,-1721.1605549333945,0,-1721.1605549333945,5863.5494812491988,1.1672640079412098,0.29353560679199897,0.29353560679199897,0,2729.6341668158784,-0.032166597991735213,0,-1583.088487930198,0,-1583.088487930198,3345.5267318918454,1.2256319079543199,0.47319558766011866,0.47319558766011866,0,4183.5470842292143,-0.031267407306351323,370.9932729367365,-1767.6816054936878,370.9932729367365,-1767.6816054936878,4955.2948698905229,1.1844721166329355,0.36449764458612499,0.36449764458612499,0,2283.1336715106445,-0.031673461747276338,370.9932729367365,-1601.5461402985252,370.9932729367365,-1601.5461402985252,2838.5545608726525,1.2432712969427284,0.5791519445177441,0.5791519445177441,0
3,1.8049999999999835,361,42.216329514389756,3.4134807025724956,0.023416043183136458,-0.1951247005125048,24.151430669509541,0.45509157349320789,24.155717992317896,-0.023000210081732839,0.084998949591335804,0,0.47567361304736294,-4.574060987140661,0.44872766162538008,689.72673891867623,-6632.3884313539584,1121.8191540634502,123.16545831063107,-1139.9416041773588,-944.48556387537178,23,6.3182085163759893e-07,1,5014.1527812720433,-0.031688068565794779,0,-1703.373024725146,0,-1703.373024725146,5853.6961043609517,1.1674347311922004,0.29099102419344047,0.29099102419344047,0,2734.2695729173261,-0.031801099142860993,0,-1569.2250700611141,0,-1569.2250700611141,3350.7531745616175,1.2254655531226699,0.46832010246962386,0.46832010246962386,0,4180.0956367806875,-0.031157032275440845,382.49527316101114,-1762.1365107713877,382.49527316101114,-1762.1365107713877,4951.5336539332366,1.1845503271180355,0.36416425649372625,0.36416425649372625,0,2291.1245090299435,-0.031557047779803026,382.49527316101114,-1598.5194056459029,382.49527316101114,-1598.5194056459029,2847.6932795154867,1.24292384298276,0.57718449351180035,0.57718449351180035,0
3,1.8099999999999834,362,42.337007621030388,3.4185260302958054,0.022446072110979112,-0.1928550702304879,24.153411501391759,0.45571998851378681,24.157710319140236,-0.022483335114086973,0.087583324429565138,0,0.49338470142738289,-4.5452434884625132,0.45911634270658158,715.40781706970517,-6590.6030582706444,1147.790856766454,127.75136409387754,-1132.7597420562254,-938.53511424681483,23,6.3632468094709793e-07,1,5004.6779662592871,-0.031313689724850741,0,-1685.1436703981915,0,-1685.1436703981915,5843.5190047955311,1.1676113916203144,0.2883782304832524,0.2883782304832524,0,2739.1584821468359,-0.031427219746984751,0,-1554.9557072154585,0,-1554.9557072154585,3356.2646752664427,1.225290430306152,0.46329948846838659,0.46329948846838659,0,4176.4381400437542,-0.0310380248495662,394.1249599330431,-1756.1571270749953,394.1249599330431,-1756.1571270749953,4947.5476245467717,1.1846332828707811,0.36378417512015643,0.36378417512015643,0,2299.3679115501241,-0.031431817480763034,394.1249599330431,-1595.1654547823202,394.1249599330431,-1595.1654547823202,2857.1181724707135,1.2425667759034615,0.575101652488896,0.575101652488896,0
3,1.8149999999999833,363,42.457700610076166,3.4234580346872088,0.021487578842585366,-0.19053362094514117,24.155486012636185,0.45622000913221772,24.159793898197787,-0.021960912719927041,0.090195436400364815,0,0.51126995002338993,-4.5153081923041629,0.46945469749632196,741.34142753391541,-6547.1968788410359,1173.6367437408048,132.38236492190546,-1125.2993038417367,-932.35385358578844,23,6.408388877332527e-07,1,4994.9020276307838,-0.030931124815436951,0,-1666.474097984255,0,-1666.474097984255,5833.0168461802632,1.1677940455915248,0.28569677440166169,0.28569677440166169,0,2744.3034199473109,-0.031045045865089761,0,-1540.2760705740977,0,-1540.2760705740977,3362.0639594255881,1.225106500610686,0.45813407750792923,0.45813407750792923,0,4172.5723797967412,-0.030910372613466804,405.87946380164169,-1749.7417212728997,405.87946380164169,-1749.7417212728997,4943.3343209131763,1.1847210475840759,0.3633579735903168,0.3633579735903168,0,2307.8646726251645,-0.03129776402714296,405.87946380164169,-1591.4782363734435,405.87946380164169,-1591.4782363734435,2866.8299082431495,1.2422001784802095,0.57290433687324238,0.57290433687324238,0
3,1.8199999999999832,364,42.578408803841775,3.4282774593661745,0.020540821829675301,-0.18816061283561797,24.157655312988762,0.45659104172273679,24.161969820371759,-0.021433071799161655,0.092834641004191726,0,0.52932381255165839,-4.4842479188606674,0.479739293690299,767.5195281999047,-6502.1594823479682,1199.3482342257475,137.05702470360575,-1117.5585001965865,-925.94029935735557,23,6.4534458399378991e-07,1,4984.823894094784,-0.030540463630431142,0,-1647.3660250938501,0,-1647.3660250938501,5822.1883220865684,1.1679827504004221,0.28294619376095059,0.28294619376095059,0,2749.7068937016111,-0.030654666776453864,0,-1525.1818685393985,0,-1525.1818685393985,3368.1537244593833,1.2249137288684719,0.45282430474107971,0.45282430474107971,0,4168.4961554591582,-0.030774066965799974,417.75588451886279,-1742.8886647766121,417.75588451886279,-1742.8886647766121,4938.891293575487,1.1848136856519351,0.36288626337840962,0.36288626337840962,0,2316.6155567444475,-0.031154884671539668,417.75588451886279,-1587.4515931226144,417.75588451886279,-1587.4515931226144,2876.8291153231221,1.2418241373488599,0.57059353280868474,0.57059353280868474,0
3,1.8249999999999831,365,42.699132531029726,3.4329850756166325,0.019606058179840839,-0.18573632343934218,24.159920480036725,0.45683255678302481,24.164239147687535,-0.020899942588639763,0.095500287056801192,0,0.54754068506176701,-4.4520556152330526,0.4899666206225935,793.93399333956211,-6455.4806420879268,1224.9165515564837,141.77389241631872,-1109.5355734110665,-919.29299523126315,23,6.4982187719664353e-07,1,4974.4425334529078,-0.030141799059286715,0,-1627.8212831677729,0,-1627.8212831677729,5811.0321619738561,1.168177564198384,0.28012601510277041,0.28012601510277041,0,2755.3713866307744,-0.030256174982874282,0,-1509.6688612780447,0,-1509.6688612780447,3374.5366327886477,1.2247120838817227,0.44737071354015362,0.44737071354015362,0,4164.2072851894227,-0.030629103201994346,429.75129175560534,-1735.5964379296988,429.75129175560534,-1735.5964379296988,4934.2161098882852,1.1849112620876259,0.36236969640549671,0.36236969640549671,0,2325.6212947268959,-0.031003180821542756,429.75129175560534,-1583.079274539949,429.75129175560534,-1583.079274539949,2887.116377035803,1.2414387430928839,0.56817030321438777,0.56817030321438777,0
3,1.829999999999983,366,42.819872126667256,3.4375816825637289,0.018683543568783573,-0.18326104803855037,24.162282558597283,0.45694409014264659,24.166602912759807,-0.020361656630016715,0.098191716849916441,0,0.56591490789971732,-4.4187243796288538,0.50013309141157969,820.57661645459018,-6407.1503504618386,1250.3327285289492,146.53150261414186,-1101.2288034342905,-912.41051607904376,23,6.5424988271445272e-07,1,4963.7569583772201,-0.029735227088483331,0,-1607.8418196399161,0,-1607.8418196399161,5799.5471373189703,1.1683785459179676,0.27723575333904321,0.27723575333904321,0,2761.2993515086391,-0.029849666209898016,0,-1493.732875721957,0,-1493.732875721957,3381.2153046396629,1.2245015386659661,0.44177396028944821,0.44177396028944821,0,4159.7036111361149,-0.030475480593339578,441.86272582462396,-1727.8636343559106,441.86272582462396,-1727.8636343559106,4929.3063596369711,1.1850138424383221,0.36180896723270289,0.36180896723270289,0,2334.8825789780271,-0.030842658114814389,441.86272582462396,-1578.3549504066805,441.86272582462396,-1578.3549504066805,2897.6922262507032,1.2410440903280955,0.56563579397688502,0.56563579397688502,0
3,1.8349999999999829,367,42.940627932039561,3.4420681073478923,0.017773532150647683,-0.18073510003550908,24.164742560118697,0.45692524409587448,24.169062118243314,-0.019818346737298181,0.10090826631350909,0,0.58444076773619102,-4.3842474862195031,0.51023504534438158,847.43911321747692,-6357.1588550182796,1275.587613360954,151.32837595310426,-1092.6365140691196,-905.29147310675023,23,6.5860673537088132e-07,1,4952.7662323425684,-0.029320846799079342,0,-1587.4297000020558,0,-1587.4297000020558,5787.7320679192699,1.1685857551935734,0.27427491137694421,0.27427491137694421,0,2767.4932042043288,-0.029435239404937329,0,-1477.3698209975225,0,-1477.3698209975225,3388.1923106690683,1.2242820706919113,0.43603481902294544,0.43603481902294544,0,4154.9830048333024,-0.030313202462045125,454.0871984107909,-1719.6889652543698,454.0871984107909,-1719.6889652543698,4924.1596608160344,1.185121492696356,0.36120481535430859,0.36120481535430859,0,2344.4000586198017,-0.030673326489591497,454.0871984107909,-1573.2722249183844,454.0871984107909,-1573.2722249183844,2908.557139963571,1.2406402777842875,0.56299124025213199,0.56299124025213199,0
3,1.8399999999999828,368,43.061400294619332,3.4464452052955989,0.016876276466507599,-0.17815881131520805,24.167301462094649,0.45677568845466909,24.171617736289917,-0.019270146964070513,0.10364926517964745,0,0.60311249966140257,-4.348618410602163,0.52026875050252763,874.51312450903379,-6305.4966953731364,1300.6718762563191,156.16301973358424,-1083.7570793177174,-897.93451911249292,23,6.6286962940864669e-07,1,4941.4694757009256,-0.02889876036125625,0,-1566.5871097614236,0,-1566.5871097614236,5775.5858283559555,1.1687992522784356,0.27124297972857919,0.27124297972857919,0,2773.9553170654908,-0.029012996732156474,0,-1460.5757042494304,0,-1460.5757042494304,3395.4701644246725,1.2240536621248352,0.43015418587749832,0.43015418587749832,0,4150.0433727292848,-0.030142276252004642,466.42169330841352,-1711.0712636293217,466.42169330841352,-1711.0712636293217,4918.7736655552426,1.1852342792071593,0.36055802759505262,0.36055802759505262,0,2354.1743345042992,-0.030495200250340707,466.42169330841352,-1567.8246514867703,466.42169330841352,-1567.8246514867703,2919.711533764239,1.2402274083830842,0.56023797284979837,0.56023797284979837,0
3,1.8449999999999827,369,43.182189567992566,3.4507138600862071,0.015992027351076004,-0.17553253259431792,24.16996020749291,0.45649516151772712,24.174270708012678,-0.018717192570424857,0.10641403714787573,0,0.62192428934789212,-4.3118308558079121,0.5302304066306488,901.79021955444364,-6252.1547409214727,1325.5760165766219,161.03392846031855,-1074.5889298632726,-890.33835385679652,23,6.6701484335851546e-07,1,4929.8658718831139,-0.028469073025751097,0,-1545.3163562820191,0,-1545.3163562820191,5763.1073546028229,1.1690190979580195,0.26813943610608276,0.26813943610608276,0,2780.6880121565682,-0.028583043564022432,0,-1443.3466468214544,0,-1443.3466468214544,3403.0513146597823,1.2238163000604081,0.42413308333134908,0.42413308333134908,0,4144.8826618369558,-0.029962713595007701,478.86316716544076,-1702.0094884416956,478.86316716544076,-1702.0094884416956,4913.146066181539,1.1853522685740154,0.35986944061600623,0.35986944061600623,0,2364.205954123363,-0.030308298128302786,478.86316716544076,-1562.0057481756037,478.86316716544076,-1562.0057481756037,2931.1557562051848,1.2398055893112934,0.55737742467075213,0.55737742467075213,0
3,1.8499999999999825,370,43.302996111780516,3.4548749839142148,0.015121033837703935,-0.17285663375519472,24.172719704199274,0.45608347095167034,24.177021942957722,-0.018159619989583844,0.1092019000520808,0,0.64087027528237284,-4.2738787787926587,0.54011614824914245,929.26189915944065,-6197.1242292493553,1350.2903706228562,165.93958442029231,-1065.1305596720169,-882.50172953262586,23,6.7101779510636561e-07,1,4917.9546737118708,-0.02803189311208058,0,-1523.6198705008667,0,-1523.6198705008667,5750.2956507641184,1.1692453534599234,0.26496374500299008,0.26496374500299008,0,2787.6935543678374,-0.02814548846942105,0,-1425.6789007526045,0,-1425.6789007526045,3410.938137520242,1.2235699767558337,0.4179726641976203,0.4179726641976203,0,4139.498865492772,-0.029774530372146682,491.40855023436359,-1692.5027286694931,491.40855023436359,-1692.5027286694931,4907.274601403059,1.1854755275597568,0.35913994353339701,0.35913994353339701,0,2374.4954064275207,-0.030112643336671827,491.40855023436359,-1555.8090137421596,491.40855023436359,-1555.8090137421596,2942.8900830868502,1.2393749320890417,0.55441113716754775,0.55441113716754775,0
3,1.8549999999999824,371,43.423820291557824,3.4589295176462849,0.014263543061750789,-0.17013150416371126,24.175580824477731,0.455540494580641,24.179872318584689,-0.017597566794238597,0.11201216602880704,0,0.65994455106757466,-4.2347564173416128,0.54992204801070854,956.91959904798318,-6140.3968051453385,1374.8051200267714,170.87845827875225,-1055.3805326983104,-874.42345632080935,23,6.7485309518389158e-07,1,4905.735209808935,-0.027587331993468786,0,-1501.5002085107412,0,-1501.5002085107412,5737.1497959237831,1.1694780803604012,0.26171535726286071,0.26171535726286071,0,2794.9741444123138,-0.027700443198248503,0,-1407.5688655431884,0,-1407.5688655431884,3419.1329286249465,1.2233146898551621,0.41167421534244425,0.41167421534244425,0,4133.8900292101853,-0.029577746770174811,504.05474712963166,-1682.550207263886,504.05474712963166,-1682.550207263886,4901.1570626005077,1.1856041229855636,0.3583704806547296,0.3583704806547296,0,2385.0431165685668,-0.029908263620163748,504.05474712963166,-1549.2279442513052,504.05474712963166,-1549.2279442513052,2954.9147116769359,1.2389355526319628,0.55134076679670918,0.55134076679670918,0
3,1.8599999999999823,372,43.544662478766725,3.4628784309723653,0.013419800162408136,-0.1673575529696982,24.178544404447894,0.45486618108078491,24.18282267975659,-0.017031171662604913,0.11484414168697543,0,0.67914116779476408,-4.1944583173128356,0.55964412029961019,984.75469330240787,-6081.9645601036118,1399.1103007490256,175.84900969352074,-1045.3374896742314,-866.10240801547343,23,6.7849460361202318e-07,1,4893.2068910774715,-0.027135504078399826,0,-1478.9600530012592,0,-1478.9600530012592,5723.6689510869592,1.1697173404876453,0.25839370963626324,0.25839370963626324,0,2802.5319117290082,-0.027248022662398556,0,-1389.013105141589,0,-1389.013105141589,3427.6378950621038,1.2230504426076061,0.40523916109768127,0.40523916109768127,0,4128.054256612234,-0.029372387332580619,516.79863759138948,-1672.1512849878334,516.79863759138948,-1672.1512849878334,4894.7913002098985,1.1857381216270404,0.35756205433646798,0.35756205433646798,0,2395.8494405812871,-0.029695191298740285,516.79863759138948,-1542.2560502250315,516.79863759138948,-1542.2560502250315,2967.2297548820839,1.2384875713067207,0.54816809143073453,0.54816809143073453,0
3,1.8649999999999822,373,43.6655230506273,3.4667227225502262,0.01259004818306733,-0.16453520938878652,24.181611243580665,0.45406055057634759,24.185873838239885,-0.016460574344206409,0.11769712827896796,0,0.69845413648740839,-4.152979360140165,0.56927832507139065,1012.7584979067422,-6021.8200722032398,1423.1958126784766,180.84968794773039,-1035.0001549637977,-857.5375277030314,23,6.8191552227148122e-07,1,4880.3692172399333,-0.026676526788725844,0,-1456.0022145506598,0,-1456.0022145506598,5709.8523661932659,1.1699631958219838,0.25499822432736036,0.25499822432736036,0,2810.3689073123373,-0.026788344913075676,0,-1370.0083650988665,0,-1370.0083650988665,3436.4551473249953,1.2227772440776852,0.39866906633869736,0.39866906633869736,0,4121.9897154268965,-0.02915848100515479,529.63707725535585,-1661.3054641240301,529.63707725535585,-1661.3054641240301,4888.1752301794404,1.1858775901077652,0.35671572796741025,0.35671572796741025,0,2406.9146600208342,-0.029473463305267122,529.63707725535585,-1534.8868742859286,529.63707725535585,-1534.8868742859286,2979.8352353914133,1.2380311129791448,0.54489501669703444,0.54489501669703444,0
3,1.8699999999999821,374,43.786402390043712,3.4704634201427256,0.011774527970326881,-0.16166492296445722,24.184782104213149,0.45312369513437722,24.189026572215774,-0.0158859156253933,0.1205704218730335,0,0.7178774306161434,-4.1103147905109338,0.5788205719295636,1040.9222743934079,-5959.9564462408534,1447.0514298239091,185.87893260102186,-1024.3673434607551,-848.72783347726545,23,6.8508846773340792e-07,1,4867.2217834102448,-0.026210520534272214,0,-1432.629632761129,0,-1432.629632761129,5695.699387180106,1.1702157083931737,0.25152830853146768,0.25152830853146768,0,2818.4870964887341,-0.026321531114376375,0,-1350.5515898349108,0,-1350.5515898349108,3445.5866912122965,1.2224951093460041,0.39196563919851113,0.39196563919851113,0,4115.6946435277769,-0.028936061175837764,542.5668984286508,-1650.0123920390859,542.5668984286508,-1650.0123920390859,4881.3068404822798,1.1860225947905252,0.3558326290816648,0.3558326290816648,0,2418.2389765732455,-0.029243121216899395,542.5668984286508,-1527.1140092488583,542.5668984286508,-1527.1140092488583,2992.7310798124604,1.2375663070542748,0.54152358221044483,0.54152358221044483,0
3,1.874999999999982,375,43.907300885506352,3.4741015807471096,0.010973478071741528,-0.15874716380912485,24.188057711083793,0.45205577915532291,24.192281625803464,-0.015307337294605683,0.1234633135269716,0,0.73740498868491522,-4.0664602441293756,0.58826672443453154,1069.237233593127,-5896.3673539875945,1470.6668110863288,190.93517415917012,-1013.437967507714,-839.67242417209877,23,6.8798557073534994e-07,1,4853.7642866781298,-0.025737608683893378,0,-1408.8453772311266,0,-1408.8453772311266,5681.2094630730398,1.1704749401749803,0.24798335396510163,0.24798335396510163,0,2826.8883516627016,-0.025847705513093604,0,-1330.6399399566358,0,-1330.6399399566358,3455.0344197193645,1.2222040596994939,0.38513073339070153,0.38513073339070153,0,4109.167355001684,-0.028705165708650397,555.58491087137213,-1638.2718645910284,555.58491087137213,-1638.2718645910284,4874.1841976656979,1.1861732016664726,0.35491395260485192,0.35491395260485192,0,2429.822506657486,-0.02900421128000337,555.58491087137213,-1518.9311166108785,555.58491087137213,-1518.9311166108785,3005.9171128209446,1.2370932875076321,0.53805596766554487,0.53805596766554487,0
3,1.8799999999999819,376,44.028218930989922,3.47763829071565,0.010187134632420693,-0.15578242282310795,24.191438750888768,0.45085703965713336,24.195639708596488,-0.014724982107389229,0.12637508946305387,0,0.75703071688787937,-4.0214117754723455,0.59761260463874388,1097.6945394874251,-5831.0470744349004,1494.0315115968597,196.01683476203215,-1002.2110438133661,-830.37048509277747,23,6.9057858809173922e-07,1,4839.9965326823503,-0.025257917532943805,0,-1384.6526483587643,0,-1384.6526483587643,5666.3821530791774,1.1707409529772617,0.24436273639015471,0.24436273639015471,0,2835.5744450556185,-0.025366995404710643,0,-1310.2708095657415,0,-1310.2708095657415,3464.8001049479608,1.2219041228099374,0.37816635011485633,0.37816635011485633,0,4102.4062462237935,-0.028465836971524841,568.68790258374236,-1626.0838293674681,568.68790258374236,-1626.0838293674681,4866.8054534164203,1.1863294762424481,0.35396096423675028,0.35396096423675028,0,2441.6652760382385,-0.028756784428440818,568.68790258374236,-1510.331945385451,568.68790258374236,-1510.331945385451,3019.3930513466548,1.2366121929070546,0.53449449875474186,0.53449449875474186,0
3,1.8849999999999818,377,44.149156925847294,3.4810746658669194,0.0094157312905897,-0.15277121189037338,24.194925871860537,0.44952778645080238,24.19910149521295,-0.014138993751172444,0.12930503124413778,0,0.77674849183627004,-3.9751658854403029,0.60685399784069682,1126.2853131625916,-5763.9905338884391,1517.1349946017419,201.1223288896112,-990.68570034360391,-820.82129372542533,23,6.9283900883121419e-07,1,4825.9184421487989,-0.02477157626714234,0,-1360.0547779710535,0,-1360.0547779710535,5651.2171336585761,1.1710138083357875,0.24066581513397969,0.24066581513397969,0,2844.5470414615911,-0.024879531095565913,0,-1289.4418434910001,0,-1289.4418434910001,3474.8853900629638,1.2215953328996418,0.37107463952002051,0.37107463952002051,0,4095.4098019202306,-0.02821812185786975,581.87264059862002,-1613.4483887421334,581.87264059862002,-1613.4483887421334,4859.1688511207567,1.1864914834267426,0.35297500397310649,0.35297500397310649,0,2453.7672144693802,-0.028500896295060939,581.87264059862002,-1501.310351223078,581.87264059862002,-1501.310351223078,3033.1584988184482,1.2361231664244725,0.53084165287794849,0.53084165287794849,0
3,1.8899999999999817,378,44.270115274699187,3.4844118515870086,0.0086594990722325751,-0.14971406404998117,24.198519683369597,0.44806840220566774,24.202667624860712,-0.013549516809813832,0.13225241595093085,0,0.79655216335413637,-3.9277195488032648,0.61598665754908621,1155.0006368634977,-5695.1933457647337,1539.9666438727156,206.25006408595374,-978.86118316153056,-811.02422540425994,23,6.9473818919973951e-07,1,4811.5300573685545,-0.024278716922820753,0,-1335.0552297745808,0,-1335.0552297745808,5635.7142055477507,1.1712935674000435,0.23689193260729285,0.23689193260729285,0,2853.8076910454929,-0.024385445861183044,0,-1268.1509543777167,0,-1268.1509543777167,3485.2917813254148,1.2212777308931344,0.3638579017035567,0.3638579017035567,0,4088.1766011972368,-0.027962071801721739,595.13587177918885,-1600.3658027379338,595.13587177918885,-1600.3658027379338,4851.2727323975614,1.1866592874135744,0.35195748976868207,0.35195748976868207,0,2466.1281503887167,-0.028236607216265173,595.13587177918885,-1491.8603157568741,595.13587177918885,-1491.8603157568741,3047.2129394919316,1.2356263558370326,0.52710006460967784,0.52710006460967784,0
3,1.8949999999999816,379,44.391094387319583,3.4876510229199891,0.0079186662849405273,-0.14661153364220431,24.202220755550314,0.44647934240315107,24.206338700918469,-0.012956696727928168,0.13521651636035917,0,0.81643555734144813,-3.8790702413388045,0.62500631064696577,1183.8315581450997,-5624.6518499412668,1562.5157766174145,211.39844170048895,-966.73686319072772,-800.97875891521733,23,6.9624748366692302e-07,1,4796.8315485904841,-0.023779474343561553,0,-1309.6575996240319,0,-1309.6575996240319,5619.873300708744,1.1715802908192816,0.23304041382193899,0.23304041382193899,0,2863.3578222090282,-0.023884875900775815,0,-1246.3963395652202,0,-1246.3963395652202,3496.0206402319659,1.2209513645538195,0.35651858722508001,0.35651858722508001,0,4080.7053235154617,-0.027697742786354212,608.47432362161624,-1586.836491685242,608.47432362161624,-1586.836491685242,4843.1155435813162,1.1868329515665812,0.35090992134281962,0.35090992134281962,0,2478.7478056850268,-0.02796398222953141,608.47432362161624,-1481.9759661082012,608.47432362161624,-1481.9759661082012,3061.5557328838331,1.2351219135170315,0.52327253088947312,0.52327253088947312,0
3,1.8999999999999815,380,44.512094678516839,3.4907933846469348,0.0071934584110951699,-0.14346419642835107,24.206029618951796,0.44476113517802185,24.210115290533761,-0.012360679775000136,0.13819660112499932,0,0.83639247870274003,-3.8292159665570926,0.63390866274446689,1212.769094118973,-5552.3631515077841,1584.7716568611672,216.56585764633917,-954.3122428755994,-790.68448201430533,23,6.9733838703456286e-07,1,4781.8232203024299,-0.023273986133243101,0,-1283.8656156058091,0,-1283.8656156058091,5603.6944891766434,1.1718740386270978,0.22911056591067813,0.22911056591067813,0,2873.1987345512316,-0.02337796028795151,0,-1224.176497681771,0,-1224.176497681771,3507.0731757912708,1.2206162886045697,0.34905929711762301,0.34905929711762301,0,4072.9947545874747,-0.027425195346235203,621.88470506249689,-1572.8610386647408,621.88470506249689,-1572.8610386647408,4834.6958421321142,1.1870125383016328,0.34983388412785377,0.34983388412785377,0,2491.6257905588645,-0.02768309106380688,621.88470506249689,-1471.6515944844314,621.88470506249689,-1471.6515944844314,3076.1861083373583,1.2346099964101667,0.51936201590178099,0.51936201590178099,0
3,1.9049999999999814,381,44.63311656801045,3.4938401713528204,0.0064840980005202971,-0.14027264968337905,24.209946764214649,0.44291438104668085,24.213997924238893,-0.011761613009294411,0.14119193495352794,0,0.85641671433904742,-3.7781552819066495,0.64268940370717942,1241.8042357916188,-5478.3251587646419,1606.7235092679487,221.75070317501729,-941.58696271230212,-780.14109683873107,23,6.9798267920972989e-07,1,4766.5055173747942,-0.022762392605525268,0,-1257.6831379349765,0,-1257.6831379349765,5587.1779857780466,1.172174870124822,0.22510167765128694,0.22510167765128694,0,2883.3315919501897,-0.022864840917651712,0,-1201.490244885392,0,-1201.490244885392,3518.4504369681631,1.2202725648312964,0.34148278238095975,0.34148278238095975,0,4065.0437921762395,-0.027144494562247226,635.36370729087571,-1558.4401917248808,635.36370729087571,-1558.4401917248808,4826.0123029489432,1.1871981089692802,0.34873105335952842,0.34873105335952842,0,2504.7615984987779,-0.02739400812270236,635.36370729087571,-1460.8816777981938,635.36370729087571,-1460.8816777981938,3091.1031597429237,1.2340907660016698,0.51537165561161291,0.51537165561161291,0
3,1.9099999999999813,382,44.754160480303455,3.4967926474806319,0.005790804562740377,-0.13703751226045743,24.213972641774546,0.44093975252238005,24.217987095585805,-0.011159644241571438,0.14420177879214283,0,0.87650203620049982,-3.7258873243538972,0.6513442133459717,1270.9279524907247,-5402.5366203131507,1628.3605333649293,226.9513656668303,-928.56080762360762,-769.3484251887196,23,6.9815258818550774e-07,1,4750.8790310401928,-0.022244836729823088,0,-1231.1141586647191,0,-1231.1141586647191,5570.3241566928791,1.1724828437640247,0.22101301899737838,0.22101301899737838,0,2893.7574157929776,-0.022345662449385018,0,-1178.3367306786913,0,-1178.3367306786913,3530.1533053265493,1.2199202621686172,0.33379194294500808,0.33379194294500808,0,4056.8514517721351,-0.0268557100501047,648.90800456464274,-1543.5748658648408,648.90800456464274,-1543.5748658648408,4817.0637245624639,1.1873897237371729,0.34760319830721054,0.34760319830721054,0,2518.1546013946954,-0.027096812460445277,648.90800456464274,-1449.6608972351733,648.90800456464274,-1449.6608972351733,3106.3058404386215,1.2335643882699556,0.51130476192261598,0.51130476192261598,0
3,1.9149999999999812,383,44.87522684455039,3.4996521073720319,0.0051137944589879783,-0.13375942462670873,24.21810766159334,0.43883799361772841,24.222083260800847,-0.010554921998617198,0.14722539000691401,0,0.89664220439657805,-3.6724118352295503,0.65986876725271193,1300.1311963750381,-5324.9971610828479,1649.6719181317799,232.16622943621419,-915.23371315105203,-758.30641365794861,23,6.9782094014314566e-07,1,4734.9445046829451,-0.021721464073829307,0,-1204.1628012084661,0,-1204.1628012084661,5553.1335258318677,1.1727980170284402,0.21684384061845169,0.21684384061845169,0,2904.4770783808412,-0.02182057224682003,0,-1154.7154532258271,0,-1154.7154532258271,3542.1824879018022,1.2195594567668142,0.32598982609442528,0.32598982609442528,0,4048.4168721260558,-0.026558915941927719,662.51425503111307,-1528.2661447747407,662.51425503111307,-1528.2661447747407,4807.8490351833616,1.1875874414727663,0.34645218664006866,0.34645218664006866,0,2531.8040448101583,-0.02679158775057424,662.51425503111307,-1437.9841576956487,662.51425503111307,-1437.9841576956487,3121.7929583145237,1.2330310336274877,0.50716482642443017,0.50716482642443017,0
3,1.9199999999999811,384,44.996316094420834,3.5024198752939428,0.0044532807941059967,-0.13043904886944188,24.222352192918585,0.43660991923526915,24.22628683846046,-0.0099475954865965201,0.1502620225670174,0,0.91683097036061567,-3.6177291842359773,0.66825874276506381,1329.4049070228928,-5245.7073171421671,1670.6468569126596,237.39367655111326,-901.60577143797889,-747.01513859073043,23,6.9696132865004756e-07,1,4718.7028394124227,-0.021192422742662254,0,-1176.833319675914,0,-1176.833319675914,5535.6067810023242,1.1731204463156284,0.21259337345179466,0.21259337345179466,0,2915.4912965364647,-0.021289720313823243,0,-1130.6262741004689,0,-1130.6262741004689,3554.5385103330632,1.2191902320393724,0.3180796243489083,0.3180796243489083,0,4039.7393206162869,-0.026254190860954974,676.17910155157836,-1512.5152823258854,676.17910155157836,-1512.5152823258854,4798.3672985825451,1.1877913196266647,0.34527998892349282,0.34527998892349282,0,2545.7090434348265,-0.026478422247383854,676.17910155157836,-1425.8466070335842,676.17910155157836,-1425.8466070335842,3137.5631711444689,1.2324908768486271,0.50295552369643692,0.50295552369643692,0
3,1.9249999999999809,385,45.117428667958464,3.5050973054504295,0.0038094733084937543,-0.12707706867227603,24.226706564072138,0.43425641444735485,24.230598209188823,-0.0093378145542385577,0.15331092722880724,0,0.9370620800647631,-3.5618403925111917,0.67650982504233592,1358.7400160939064,-5164.6685691412276,1691.2745626058397,242.63208766542593,-887.67723697747681,-735.47481084439949,23,6.9554827586415513e-07,1,4702.155099394764,-0.020657863314728457,0,-1149.1300980251838,0,-1149.1300980251838,5517.7447798351986,1.1734501868186809,0.20826082826895545,0.20826082826895545,0,2926.8006254398106,-0.020753259227040056,0,-1106.0694323947837,0,-1106.0694323947837,3567.2217102852856,1.218812678690486,0.31006467279723038,0.31006467279723038,0,4030.8181984271127,-0.025941617889403093,689.89917252963255,-1496.3237038048164,689.89917252963255,-1496.3237038048164,4788.6177197796524,1.1880014141169266,0.34408868323783748,0.34408868323783748,0,2559.8685767383135,-0.026157408740154937,689.89917252963255,-1413.2436550162115,689.89917252963255,-1413.2436550162115,3153.614982168438,1.2319440969843278,0.49868071413511739,0.49868071413511739,0
3,1.9299999999999808,386,45.238565007435639,3.5076857819792848,0.0031825782702488295,-0.12367418926064717,24.231171062268576,0.43177843366698465,24.235017715378341,-0.0087257296558640556,0.15637135172067973,0,0.95732927728123196,-3.504747154647768,0.68461771323320386,1388.1274520577863,-5081.8833742392635,1711.5442830830098,247.87984286343382,-873.44853209986707,-723.68578033590825,23,6.935573924060634e-07,1,4685.302516918151,-0.020117938774404032,0,-1121.0576490344513,0,-1121.0576490344513,5499.5485554471288,1.1737872924082955,0.20384539525959439,0.20384539525959439,0,2938.4054527184167,-0.020211344065132465,0,-1081.045558121325,0,-1081.045558121325,3580.2322311899661,1.2184268947220249,0.30194844588671182,0.30194844588671182,0,4021.6530455176253,-0.025621284529504629,703.67108274305883,-1479.69300688611,703.67108274305883,-1479.69300688611,4778.5996505168805,1.1882177792146733,0.3428804599090457,0.3428804599090457,0,2574.2814848458083,-0.025828644500231927,703.67108274305883,-1400.1709919266741,703.67108274305883,-1400.1709919266741,3169.9467359477203,1.2313908772635991,0.49434444627224633,0.49434444627224633,0
3,1.9349999999999807,387,45.359725559203447,3.5101867189327449,0.0025727983676587765,-0.12023113731628823,24.235745933464035,0.4291769997117027,24.23954566093391,-0.0081114918142628639,0.15944254092868571,0,0.97762630688530738,-3.4464518595682176,0.69257812671515762,1417.5581449836957,-4997.3551963739155,1731.4453167878939,253.13532251504591,-858.92025217519688,-711.648540352292,23,6.909655465570097e-07,1,4668.1464971676742,-0.019572804441650993,0,-1092.6206130973767,0,-1092.6206130973767,5481.019321811933,1.1741318155155278,0.19934624363560438,0.19934624363560438,0,2950.3059928172806,-0.019664132334799425,0,-1055.5556848419876,0,-1055.5556848419876,3593.5700163324909,1.2180329854195735,0.29373455367352541,0.29373455367352541,0,4012.243545359815,-0.025293282657782003,717.49143417908567,-1462.6249623400156,717.49143417908567,-1462.6249623400156,4768.3125944957264,1.1884404674313229,0.34165762633783475,0.34165762633783475,0,2588.946464655231,-0.025492231221036332,717.49143417908567,-1386.6246067325337,717.49143417908567,-1386.6246067325337,3186.5566145141624,1.2308314049817615,0.48995095855095666,0.48995095855095666,0
3,1.9399999999999806,388,45.480910773537261,3.5126015602417908,0.0019803326021986638,-0.11674866086037658,24.240431382236057,0.42645320276308485,24.244182311041996,-0.0074952525834313952,0.16252373708284304,0,0.99794691819522874,-3.3869576101625443,0.70038681138450132,1447.0230313830816,-4911.0885347356889,1750.9670284612532,258.39690814058775,-844.09317050724849,-699.36373160554524,23,6.8775101436102659e-07,1,4650.6886226869556,-0.019022617898698378,0,-1063.8237568477894,0,-1063.8237568477894,5462.1584788171958,1.1744838070155319,0.19476252125847424,0.19476252125847424,0,2962.5022816724581,-0.019111783893720386,0,-1029.6012614611873,0,-1029.6012614611873,3607.2348033126518,1.2176310633172627,0.28542673754302544,0.28542673754302544,0,4002.5895294258389,-0.024957708472639777,731.35681687279373,-1445.1215144722576,731.35681687279373,-1445.1215144722576,4757.7562123551279,1.188669529407782,0.34042261191084194,0.34042261191084194,0,2603.8620662147487,-0.025148274951131522,731.35681687279373,-1372.6008047436903,731.35681687279373,-1372.6008047436903,3203.442633833557,1.2302658713755996,0.48550468052629775,0.48550468052629775,0
3,1.9449999999999805,389,45.602121104477767,3.5149317796635158,0.0014053761821916475,-0.11322752910515052,24.245227571694972,0.42360819922475518,24.248927891965213,-0.0068771640111788025,0.16561417994410599,0,1.018284868343734,-3.3262682415986036,0.70803954597502194,1476.5130590984143,-4823.0889503179751,1770.0988649375549,263.66298328379071,-828.96824289678557,-686.83214601344707,23,6.8389363372389766e-07,1,4632.9306575048904,-0.018467538913929216,0,-1034.6719716200464,0,-1034.6719716200464,5442.9676169827262,1.1748433161125897,0.19009335429293076,0.19009335429293076,0,2974.9941717113197,-0.018554460870573733,0,-1003.1841631238237,0,-1003.1841631238237,3621.226118903413,1.2172212481412554,0.27702886541302479,0.27702886541302479,0,3992.6909814053424,-0.024614662435382753,745.263809748477,-1427.1847812946091,745.263809748477,-1427.1847812946091,4746.9303263703987,1.188905013805897,0.33917797297345986,0.33917797297345986,0,2619.0266893784483,-0.024796886020480868,745.263809748477,-1358.0962246846302,745.263809748477,-1358.0962246846302,3220.6026406019064,1.229694471485598,0.48101023345623772,0.48101023345623772,0
3,1.9499999999999804,390,45.723357009667453,3.5171788807110782,0.00084812041729049248,-0.10966853227390795,24.250134623427254,0.42064321048227671,24.253782590863434,-0.0062573786016116651,0.1687131069919417,0,1.0386339256757311,-3.2643883382216106,0.71553214838268087,1506.01919222981,-4733.3630904213351,1788.8303709567022,268.9319343915455,-813.54661185319026,-674.05473018906423,23,6.7937495407122128e-07,1,4614.8745509074179,-0.017907729363126259,0,-1005.1702717525501,0,-1005.1702717525501,5423.4485218192685,1.1752103902267206,0.18533784688996566,0.18533784688996566,0,2987.7813272010371,-0.017992327582294507,0,-976.30670116262377,0,-976.30670116262377,3635.5432743312085,1.2168036667318611,0.26854492643667521,0.26854492643667521,0,3982.5480411348371,-0.024264249204791942,759.20898146373759,-1408.8170544261368,759.20898146373759,-1408.8170544261368,4735.8349248536415,1.189146967202473,0.33792639783994893,0.33792639783994893,0,2634.4385807567087,-0.024438178960067076,759.20898146373759,-1343.1078551078235,759.20898146373759,-1343.1078551078235,3238.0343093917454,1.2291174040055477,0.47647243024805924,0.47647243024805924,0
3,1.9549999999999803,391,45.844618950182621,3.5193443965657867,0.00030875261393811131,-0.10607248138941446,24.255152617471285,0.41755952156864384,24.258746555642087,-0.0056360492775057811,0.17181975361247109,0,1.0589878731663078,-3.2013232489654646,0.72286048197321473,1535.5324160911464,-4641.9187109999239,1807.1512049330368,274.20215169892089,-797.82961043522255,-661.03258862296923,23,6.7417836469019221e-07,1,4596.5224408357626,-0.017343353148238684,0,-975.32379274282312,0,-975.32379274282312,5403.6031778074002,1.1755850748821517,0.18049508090240199,0.18049508090240199,0,3000.8632199653175,-0.01742555044874514,0,-948.97163204387687,0,-948.97163204387687,3650.1853609991254,1.2163784529443873,0.2599790252252081,0.2599790252252081,0,3972.1610082224297,-0.023906577565414533,773.18889125611997,-1390.020798726335,773.18889125611997,-1390.020798726335,4724.4701662375464,1.1893954339861417,0.33667071181184482,0.33667071181184482,0,2650.095830976491,-0.0240722724150658,773.18889125611997,-1327.6330500775823,773.18889125611997,-1327.6330500775823,3255.7351401640453,1.228534871119884,0.47189627472376411,0.47189627472376411,0
3,1.9599999999999802,392,45.965907390360854,3.5214298899708991,-0.00021254402803523543,-0.10244020803086509,24.260281592325789,0.4143584797394676,24.263819894828465,-0.0050133293425746539,0.17493335328712675,0,1.0793405118530166,-3.1370791012057389,0.73002046184912284,1565.0437421868742,-4548.7646967483215,1825.051154622807,279.47203011788059,-781.81876570341274,-647.76698654367908,23,6.682892239595617e-07,1,4577.8766568944729,-0.016774576113842081,0,-945.13778926351711,0,-945.13778926351711,5383.4337719784171,1.175967413597905,0.17556411563621374,0.17556411563621374,0,3014.2391254876475,-0.016854297904983211,0,-921.18216526553419,0,-921.18216526553419,3665.1512466721629,1.2159457475289754,0.25133537561429081,0.25133537561429081,0,3961.5303453526194,-0.023541760349747629,787.20008979207034,-1370.7986516627234,787.20008979207034,-1370.7986516627234,4712.8363828260599,1.1896504562573447,0.33541388217061691,0.33541388217061691,0,2665.996372265261,-0.023699289051791275,787.20008979207034,-1311.6695440567423,787.20008979207034,-1311.6695440567423,3273.7024561594012,1.2279470783292104,0.46728696016638599,0.46728696016638599,0
3,1.9649999999999801,393,46.087222797624037,3.52343695310676,-0.00071559051752145527,-0.098772564059662282,24.265521544991248,0.41104149296228365,24.269002677476696,-0.0043893724436443026,0.1780531377817785,0,1.0996856642761388,-3.0716628129918186,0.73700806105228533,1594.5442132004014,-4453.9110788381367,1842.5201526307133,284.73997012806421,-765.51580176851212,-634.25935244341622,23,6.6169496726331545e-07,1,4558.9397229544811,-0.016201565961472066,0,-914.61763304959777,0,-914.61763304959777,5362.9426970810246,1.1763574477807526,0.17054398764085463,0.17054398764085463,0,3027.9081194174564,-0.01627874031131887,0,-892.94197016697956,0,-892.94197016697956,3680.4395721414653,1.2155056979897891,0.24261829400106708,0.24261829400106708,0,3950.6566812574483,-0.023169914354517856,801.23912001800329,-1351.153422416802,801.23912001800329,-1351.153422416802,4700.9340841969788,1.1899120737316831,0.33415902310500223,0.33415902310500223,0,2682.1379763706163,-0.023319355458654888,801.23912001800329,-1295.2154659320945,801.23912001800329,-1295.2154659320945,3291.9334021802174,1.2273542342645463,0.4626498671070059,0.4626498671070059,0
3,1.96999999999998,394,46.208565642296939,3.5253672074469353,-0.0012002121727958384,-0.095070421314391057,24.270872431044463,0.40761002832472643,24.274294933102073,-0.0037643325327430723,0.18117833733628466,0,1.1200171779204886,-3.0050821036039075,0.74381931667843737,1624.0249079847085,-4357.3690502256659,1859.5482916960934,290.00437866796801,-748.92264242247347,-620.51128025797561,23,6.5438520513438903e-07,1,4539.7143593384899,-0.015624492162018255,0,-883.76881066774865,0,-883.76881066774865,5342.1325543197299,1.176755216620758,0.16543371054189207,0.16543371054189207,0,3041.8690744935429,-0.015699049861360538,0,-864.25518161542004,0,-864.25518161542004,3696.0487483819388,1.2150584584240576,0.23383219228203492,0.23383219228203492,0,3939.5408133419596,-0.02279116025128055,815.30251801328097,-1331.0880907335763,815.30251801328097,-1331.0880907335763,4688.7639602433192,1.1901803236468529,0.33290940052743545,0.33290940052743545,0,2698.5182528260084,-0.022932602041399814,815.30251801328097,-1278.269352118574,815.30251801328097,-1278.269352118574,3310.4249432735846,1.2267565504909075,0.45799056030976615,0.45799056030976615,0
3,1.9749999999999799,395,46.329936397421356,3.5272223035950452,-0.0016662387205771591,-0.091334671275491594,24.276334164746345,0.40406561036659627,24.27969665164521,-0.0031383638291163397,0.1843081808544183,0,1.1403289286521179,-2.9373455023893826,0.75045033587982846,1653.4769465455711,-4259.150978464605,1876.1258396995711,295.26367002480492,-732.04141334061455,-606.52453119130314,23,6.4635180718752849e-07,1,4520.2034845782127,-0.015043525866372046,0,-852.59692117982661,0,-852.59692117982661,5321.0061556531455,1.1771607569896063,0.16023227491928577,0.16023227491928577,0,3056.1206578969832,-0.015115400488254722,0,-835.12640453988342,0,-835.12640453988342,3711.9769542150816,1.2146041893415997,0.22498157042477535,0.22498157042477535,0,3928.1837099537056,-0.02240562249158265,829.38681384488234,-1310.6058055211963,829.38681384488234,-1310.6058055211963,4676.3268838421591,1.1904552406733724,0.33166843672754059,0.33166843672754059,0,2715.1346475710993,-0.02253916291289576,829.38681384488234,-1260.8301586867794,829.38681384488234,-1260.8301586867794,3329.1738638223737,1.226154241300917,0.45331478490930854,0.45331478490930854,0
3,1.9799999999999798,396,46.451335538565907,3.5290039211020341,-0.0021135043933366467,-0.087566224700246872,24.281906619183019,0.40040981934109948,24.285207783466646,-0.0025116207811750834,0.18744189609412459,0,1.1606148241432135,-2.868462355842019,0.75689730173268721,1682.8914950076596,-4159.2704159709274,1892.2432543317179,300.51626672130664,-714.87444384587855,-592.30103517725263,23,6.3758896384769059e-07,1,4500.4102167352257,-0.014458839814525427,0,-821.1076737128509,0,-821.1076737128509,5299.5665256427128,1.1775741033419007,0.15493864823468176,0.15493864823468176,0,3070.6613290434689,-0.014527967769329225,0,-805.5607172899895,0,-805.5607172899895,3728.2221344861541,1.2141430574655785,0.21607100870909257,0.21607100870909257,0,3916.5865122879059,-0.022013429206952179,843.48853242356063,-1289.7098832084857,843.48853242356063,-1289.7098832084857,4663.6239131416169,1.1907368568292707,0.33043971480377804,0.33043971480377804,0,2731.9844419334004,-0.022139175777796838,843.48853242356063,-1242.8972724633543,843.48853242356063,-1242.8972724633543,3348.1767670498234,1.2255475234992002,0.44862846165185361,0.44862846165185361,0
3,1.9849999999999797,397,46.57276354363151,3.5307137682636638,-0.002541848024709185,-0.083766011228818854,24.287589626440166,0.39664428941076074,24.290828239372285,-0.0018842580283882607,0.19057870985805872,0,1.1808688072783602,-2.7984428328971074,0.76315647894657201,1712.2597705536223,-4057.7421077008057,1907.8911973664301,305.76060039770238,-697.42426822846619,-577.84289197295243,23,6.2809323031487452e-07,1,4480.3378742796158,-0.013870608243322246,0,-789.30688494867275,0,-789.30688494867275,5277.8169028448601,1.1779952876195681,0.14955177481113807,0.14955177481113807,0,3085.489337822683,-0.013936928829353466,0,-775.56367380313145,0,-775.56367380313145,3744.7819987620478,1.2136752355153506,0.2071051596753877,0.2071051596753877,0,3904.7505359218039,-0.021614712103994845,857.60419436126426,-1268.4038058694014,857.60419436126426,-1268.4038058694014,4650.6562934586809,1.1910252013988876,0.32922698280711116,0.32922698280711116,0,2749.0647519758986,-0.021732781812383306,857.60419436126426,-1224.470521059151,857.60419436126426,-1224.470521059151,3367.4300749406466,1.2249366161783917,0.44393768118766452,0.44393768118766452,0
3,1.9899999999999796,398,46.694220892652631,3.5323535818980587,-0.002951113142864057,-0.07993497896217959,24.293382977810499,0.39277070678369363,24.29655789067003,-0.0012564303631276911,0.19371784818436155,0,1.2010848595353745,-2.7272979284250294,0.76922421939337127,1741.573046326293,-3954.5819962162927,1923.0605484834282,310.99511268711115,-679.69362661649154,-563.15237188017704,23,6.1786355853854502e-07,1,4459.9899765229366,-0.013279006793064103,0,-757.20047654692507,0,-757.20047654692507,5255.7607407420501,1.1784243391595033,0.14407057586872143,0.14407057586872143,0,3100.6027232899532,-0.013342462242629964,0,-745.14130457014198,0,-745.14130457014198,3761.6540205533861,1.2132009019723791,0.19808873981996952,0.19808873981996952,0,3892.6772719737328,-0.021209606354894075,871.73031682962699,-1246.6912191246092,871.73031682962699,-1246.6912191246092,4637.4254587826772,1.1913203008559015,0.3280341575230577,0.3280341575230577,0,2766.3725282133782,-0.021320125539923629,871.73031682962699,-1205.5501817857917,871.73031682962699,-1205.5501817857917,3386.9300285793902,1.2243217404876379,0.43924869735899652,0.43924869735899652,0
3,1.9949999999999795,399,46.815708067594329,3.5339251271031671,-0.0033411480616970493,-0.076074094012893209,24.299286424034186,0.38879080779606318,24.302396569257912,-0.00062829269247542652,0.19685853653762289,0,1.2212570043338615,-2.6550394649156672,0.77509696743447698,1770.8226562840991,-3849.8072241277177,1937.7424185861926,316.21825608257865,-661.68546539576778,-548.2319160931562,23,6.0690130121443531e-07,1,4439.3702436044787,-0.01268421241317496,0,-724.79447251536715,0,-724.79447251536715,5233.401708210733,1.1788612846045372,0.13849394961946648,0.13849394961946648,0,3115.9993128129436,-0.01274474793413293,0,-714.30011639615793,0,-714.30011639615793,3778.8354370615289,1.2127202408302893,0.18902652107856988,0.18902652107856988,0,3880.3683878844454,-0.020798250483624898,885.86341441930301,-1224.5759298314988,885.86341441930301,-1224.5759298314988,4623.9330328813112,1.1916221787906722,0.32686532781081995,0.32686532781081995,0,2783.9045556981332,-0.020901354701906984,885.86341441930301,-1186.1369894272073,885.86341441930301,-1186.1369894272073,3406.6726889044257,1.2237031193945218,0.43456791942395651,0.43456791942395651,0
3,1.9999999999999793,400,46.937225552145215,3.5354301969940591,-0.0037118059697107846,-0.072184340029809446,24.305299675571963,0.38470637694668924,24.308344067743938,-2.6032781599175446e-15,0.19999999999998699,0,1.2413793103447446,-2.5816800923557865,0.78077126502566885,1799.9999999998795,-3743.4361339158904,1951.928162564172,321.42849479400667,-643.40293717925204,-533.08413667325817,23,5.9521019890595994e-07,1,4418.4825960322487,-0.012086403267127023,0,-692.09499654205433,0,-692.09499654205433,5210.7436895267401,1.1793061478177902,0.132820771425223,0.132820771425223,0,3131.6767216737449,-0.012143967079908122,0,-683.04709095989529,0,-683.04709095989529,3796.3232494483177,1.212233441330224,0.17992332214048312,0.17992332214048312,0,3867.8257278202618,-0.020380786248204448,899.99999999994145,-1202.0619035749787,899.99999999994145,-1202.0619035749787,4610.1808300083412,1.1919308558419561,0.3257247574105015,0.3257247574105015,0,2801.657454473745,-0.020476620125508299,899.99999999994145,-1166.2321428389625,899.99999999994145,-1166.2321428389625,3426.6539378737034,1.2230809774413895,0.42990190315317045,0.42990190315317045,0
