schema_version,time_s,step,position_x_m,position_y_m,yaw_rad,yaw_rate_rad_s,vx_m_s,vy_m_s,speed_m_s,steering_angle_rad,throttle,brake,front_slip_angle_rad,rear_slip_angle_rad,front_lateral_force_n,rear_lateral_force_n,longitudinal_accel_m_s2,lateral_accel_m_s2,yaw_accel_rad_s2,body_longitudinal_force_n,body_lateral_force_n,yaw_moment_nm,front_normal_load_n,rear_normal_load_n,drive_force_n,brake_force_n,drag_force_n,rolling_resistance_n,downforce_n,traction_limit_n
2,0,0,0,0,0,0,15,0,15,0.025000000000000001,0,0,0.025000000000000001,-0,3000,-0,-0.051718750168370346,2.0683189991911091,1.4995312744135538,-74.992187744136999,2999.062548827108,3748.8281860338848,7871.5878125000008,6348.0546875,0,-0,-0,-0,0,17063.571
2,0.0050000000000000001,1,0.074999364540132424,2.5444532136819769e-05,1.8391447152076085e-05,0.0072868900248300571,14.99974814422856,0.0098221973289366969,14.999751360134224,0.025000000000000001,0,0,0.023737925488698502,9.8167128585186238e-05,2848.5510586438204,12.761726716074211,-0.049107833514615541,1.9727052824249918,1.4159181958361162,-71.20635859619253,2860.4226595162381,3539.7954895902903,7871.5878125000008,6348.0546875,0,-0,-0,-0,0,17063.571
2,0.01,2,0.149997499916383,0.00010022815002685656,7.2189350794464301e-05,0.014165983785084161,14.999509496377865,0.018661439643327733,14.999521105063964,0.025000000000000001,0,0,0.022575330839169811,0.00021972952990939205,2709.0397007003771,28.564838888220965,-0.046702715825573192,1.8874193163956232,1.3363863848320194,-67.71893794708113,2736.7580087736537,3340.9659620800485,7871.5878125000008,6348.0546875,0,-0,-0,-0,0,17063.571
2,0.014999999999999999,3,0.22499446381054858,0.00022221684762176164,0.00015940508794841173,0.020657293651649134,14.999283595376626,0.026597025355097781,14.999307176542926,0.025000000000000001,0,0,0.021505271155944843,0.00036146923513686918,2580.6325387133811,46.991000567792995,-0.044489029848694885,1.8115980231823683,1.2607786461712889,-64.509093280607587,2626.8171336144342,3151.9466154282222,7871.5878125000008,6348.0546875,0,-0,-0,-0,0,17063.571
2,0.02,4,0.29999030779767943,0.0003895133343408924,0.0002781481427733992,0.026780052224481724,14.999069917137458,0.033702621743099133,14.999107781661223,0.025000000000000001,0,0,0.020521239769182461,0.00052046283823591077,2462.5487723018955,67.660168970668394,-0.042453314910702943,1.744440989559263,1.1889403281833169,-61.55730662051927,2529.4394348609312,2972.3508204582922,7871.5878125000008,6348.0546875,0,-0,-0,-0,0,17063.571
2,0.025000000000000001,5,0.37498507789982294,0.00060043702235006299,0.00042662224097859687,0.032552725921902309,14.998867892102011,0.040046626265705432,14.998921353784207,0.025000000000000001,0,0,0.019617143476862459,0.00069405886607938117,2354.0572172234952,90.227652590319551,-0.040582965699877023,1.6852063898257708,1.1207196617225259,-58.845300264821681,2443.5492652473677,2801.7991543063149,7871.5878125000008,6348.0546875,0,-0,-0,-0,0,17063.571
2,0.030000000000000002,6,0.44997881506732079,0.00085350547774938807,0.00060312155618404638,0.037993030125697456,14.998676920000159,0.045692506981287753,14.998746519484209,0.025000000000000001,0,0,0.01878727895582661,0.00087985669526288246,2254.473474699193,114.38137038417472,-0.038866183466395123,1.6332071440108029,1.0559680445775563,-56.355966026272924,2368.1503588156643,2639.9201114438911,7871.5878125000008,6348.0546875,0,-0,-0,-0,0,17063.571
2,0.035000000000000003,7,0.52497155559845754,0.0011474172398140475,0.00080602699535417641,0.043117945624419653,14.998496382184774,0.050699123117390679,14.998582070565691,0.025000000000000001,0,0,0.018026310312369884,0.0010756869199798611,2163.1572374843859,139.83929959738194,-0.037291929580119038,1.5878073004496258,0.99454027727691097,-54.073297891172601,2302.3205856519576,2486.3506931922775,7871.5878125000008,6348.0546875,0,-0,-0,-0,0,17063.571
2,0.040000000000000001,8,0.59996333150672498,0.001481035918006614,0.0010338025692098261,0.047943736125383857,14.998325651862425,0.055121026794087868,14.998426940413093,0.025000000000000001,0,0,0.017329247739521728,0.0012795930806632216,2079.5097287426074,166.34710048621881,-0.035849881377844832,1.5484186319200528,0.93629475559747299,-51.982327997875004,2245.2070162840764,2340.7368889936824,7871.5878125000008,6348.0546875,0,-0,-0,-0,0,17063.571
2,0.044999999999999998,9,0.67495417084362774,0.0018533754817904233,0.0012849918524413491,0.05248596663095028,14.998164102503356,0.059008746870502837,14.998280184002015,0.025000000000000001,0,0,0.016691427245591937,0.0014898146681949921,2002.9712694710324,193.67590686534896,-0.034530390226731975,1.5144974347685769,0.88109362451802731,-50.06906582876136,2196.0212804144367,2202.7340612950684,7871.5878125000008,6348.0546875,0,-0,-0,-0,0,17063.571
2,0.049999999999999996,10,0.74994409798379724,0.00226358666332522,0.0015582145375804706,0.056759522497130656,14.998011114680784,0.062409055846343882,14.998140961010467,0.025000000000000001,0,0,0.016108491416800614,0.0017047713233136069,1933.0189700160736,221.62027203076889,-0.033324441726993954,1.485541520744796,0.82880289786551598,-48.320440504141239,2154.0352050799543,2072.0072446637901,7871.5878125000008,6348.0546875,0,-0,-0,-0,0,17063.571
2,0.054999999999999993,11,0.82493313387817302,0.0027109443979251831,0.0018521630855299778,0.060778629012683702,14.997866081559787,0.065365220712934741,14.998008521549798,0.025000000000000001,0,0,0.015576371175711659,0.0019230481554261814,1869.1645410853992,249.99626020540359,-0.032223617974657455,1.4610873915818481,0.77929254746678789,-46.724246063253311,2118.5767177936796,1948.2313686669697,7871.5878125000008,6348.0546875,0,-0,-0,-0,0,17063.571
2,0.059999999999999991,12,0.89992129628014395,0.0031948362317126117,0.0021655994749871709,0.064556871354949391,14.997728413229433,0.067917238610956443,14.997882194106273,0.025000000000000001,0,0,0.015091268496618019,0.0021433821093737736,1810.9522195941622,278.63967421859059,-0.031220061804015407,1.4407075867025168,0.73243656523450329,-45.269089615822338,2089.0260007186494,1831.0914130862582,7871.5878125000008,6348.0546875,0,-0,-0,-0,0,17063.571
2,0.064999999999999988,13,0.97490859994878787,0.0037147516302159481,0.0024973520523196412,0.06810721479494658,14.997597540047986,0.070102058115214888,14.997761375345501,0.025000000000000001,0,0,0.014649640038878352,0.0023646493128133116,1757.9568046654022,307.4044106657305,-0.030306442929092185,1.4240081947873495,0.68811300127521025,-43.94434224718367,2064.811882441657,1720.2825031880257,7871.5878125000008,6348.0546875,0,-0,-0,-0,0,17063.571
2,0.069999999999999993,14,1.0498950568327063,0.0042702721257468126,0.002846312482851868,0.071442025038926285,14.997472915149858,0.071953786930422176,14.997645521484605,0.025000000000000001,0,0,0.014248181659393828,0.0025858533407819972,1709.7817991272593,336.16093430165961,-0.029475925903829827,1.4106265203066151,0.64620398080443708,-42.740092560553251,2045.4084544445918,1615.5099520110928,7871.5878125000008,6348.0546875,0,-0,-0,-0,0,17063.571
2,0.074999999999999997,15,1.1248806762373951,0.0048610622452560787,0.0032114328039907413,0.07457308860680735,14.997354016244151,0.073503886746389552,14.997534140982022,0.025000000000000001,0,0,0.013883813765869064,0.002806114337709319,1666.0576519042877,364.79486390221149,-0.028722139821646526,1.4002288964872676,0.60659570238279215,-41.647102741387464,2030.331899906538,1516.4892559569803,7871.5878125000008,6348.0546875,0,-0,-0,-0,0,17063.571
2,0.080000000000000002,16,1.199865464978618,0.0054868611640225776,0.0035917225801506318,0.077511633159873444,14.997240346817872,0.074781355966303156,14.997426788333458,0.025000000000000001,0,0,0.013553667473164799,0.003024658940648297,1626.4400967797758,393.20566228427862,-0.028039149676391102,1.3925086365553558,0.56917841974424099,-40.656767030767099,2019.1375230052661,1422.9460493606025,7871.5878125000008,6348.0546875,0,-0,-0,-0,0,17063.571
2,0.085000000000000006,17,1.274849427523846,0.0061474750339788253,0.0039862461590279884,0.080268347700910486,14.997131436842151,0.075812900987983475,14.997323058795372,0.025000000000000001,0,0,0.013255071525874707,0.0032408109508204651,1590.6085831049647,421.30542360666044,-0.027421429308423735,1.3871841154604669,0.53384640926937887,-39.761072497214414,2011.4169674176771,1334.616023173447,7871.5878125000008,6348.0546875,0,-0,-0,-0,0,17063.571
2,0.090000000000000011,18,1.3498325661234793,0.0068427699387350648,0.0043941200284161458,0.082853402579727314,14.997026843066628,0.076623096685285691,14.997222583885545,0.025000000000000001,0,0,0.012985539951205376,0.0034539827037174094,1558.2647941446451,449.01775148326323,-0.026863835861511313,1.3839969746493741,0.50049792495954148,-38.952561999191403,2006.7956132415925,1251.2448123988536,7871.5878125000008,6348.0546875,0,-0,-0,-0,0,17063.571
2,0.095000000000000015,19,1.424814880933279,0.0075726654304348363,0.0048145102724381928,0.085276469245828532,14.996926148975636,0.077234536705129489,14.997125027534086,0.025000000000000001,0,0,0.012742760407275833,0.0036636670909833084,1529.1312488731,476.2767218278301,-0.026361585678372001,1.3827104428092019,0.46903514258950163,-38.2242992336394,2004.9301420733427,1172.5878564737541,7871.5878125000008,6348.0546875,0,-0,-0,-0,0,17063.571
2,0.10000000000000002,20,1.4997963701291874,0.0083371286064708693,0.0052466301258048643,0.087546739697987527,14.996828964469646,0.077667974165084516,14.997030082778611,0.025000000000000001,0,0,0.012524583193054908,0.0038694301901260456,1502.9499831665889,503.02592471638593,-0.025910231564983073,1.3831077658446913,0.43936409455504888,-37.569835769225456,2005.5062604748023,1098.4102363876223,7871.5878125000008,6348.0546875,0,-0,-0,-0,0,17063.571
2,0.10500000000000002,21,1.5747770300155066,0.0091361686868178613,0.005689737624471493,0.089672945587676287,14.996734925326423,0.07794245330699924,14.99693746891454,0.025000000000000001,0,0,0.012329010887300427,0.0040709044607761648,1479.4813064760513,529.21757990090146,-0.025505641356136349,1.3849907396884666,0.41139459678512869,-36.983179966397707,2008.2365725482766,1028.4864919628217,7871.5878125000008,6348.0546875,0,-0,-0,-0,0,17063.571
2,0.11000000000000003,22,1.6497568551272339,0.009969832055306882,0.0061431333508694015,0.091663376939818755,14.996643692488515,0.078075432633853664,14.996846929025999,0.025000000000000001,0,0,0.012154188585036758,0.0042677824687405077,1458.5026302044109,554.81172093626606,-0.025143977717150989,1.388178339866823,0.38504016895482862,-36.458767689868935,2012.8585928068933,962.6004223870716,7871.5878125000008,6348.0546875,0,-0,-0,-0,0,17063.571
2,0.11500000000000003,23,1.724735838327204,0.010838197730582831,0.006606158271719371,0.093525900460207118,14.99655495121681,0.078082900029836935,14.996758227835191,0.025000000000000001,0,0,0.01199839470129274,0.0044598111014872866,1439.8073641551289,579.77544319334731,-0.024821679119106311,1.3925054420558993,0.36021794911397809,-35.991434722704149,2019.1328909810541,900.54487278494526,7871.5878125000008,6348.0546875,0,-0,-0,-0,0,17063.571
2,0.12000000000000004,24,1.7997139708985683,0.011741373234759255,0.007078191666294989,0.095267977404213111,14.996468410143866,0.077979480337589405,14.996671149818436,0.025000000000000001,0,0,0.011860032313009647,0.0046467862409582629,1423.2038775611577,604.08221132457413,-0.024535441927413817,1.3978216281638878,0.33684860373529557,-35.576390794750033,2026.8413608376372,842.12150933823887,7871.5878125000008,6348.0546875,0,-0,-0,-0,0,17063.571
2,0.12500000000000003,25,1.8746912426330418,0.01267949082992135,0.0075586491428889565,0.09689668098618924,14.996383800255471,0.077778535841590613,14.996585497545844,0.025000000000000001,0,0,0.011737621011209712,0.0048285478617375276,1408.5145213451653,627.71122202587856,-0.024282203545990783,1.4039900727639223,0.31485623408485958,-35.209195141686635,2035.7856055076873,787.14058521214895,7871.5878125000008,6348.0546875,0,-0,-0,-0,0,17063.571
2,0.13000000000000003,26,1.9496676419152663,0.013652704094635459,0.0080469807411433052,0.098418713313234318,14.996300873824325,0.077492260082797804,14.996501090208907,0.025000000000000001,0,0,0.011629789236682637,0.0050049755246212848,1395.5747084019165,650.64681820076703,-0.02405912656171167,1.4108865049794943,0.29416827972527437,-34.88573351448192,2045.7854322202668,735.42069931318588,7871.5878125000008,6348.0546875,0,-0,-0,-0,0,17063.571
2,0.13500000000000004,27,2.0246431558035702,0.014661184814508508,0.0085426691178326006,0.099840421830835274,14.996219403315784,0.077131765406822025,14.996417762306423,0.025000000000000001,0,0,0.011535267073595284,0.0051759842375344069,1384.2320488314342,672.87795087947291,-0.023863583836188123,1.418398241189653,0.2747154198774886,-34.602196562472777,2056.6774497249967,686.78854969372151,7871.5878125000008,6348.0546875,0,-0,-0,-0,0,17063.571
2,0.14000000000000004,28,2.0996177701073528,0.015705120162610449,0.0090452278136355421,0.10116781527133135,14.996139180282164,0.076707164626142257,14.99633536246435,0.025000000000000001,0,0,0.011452879476553634,0.0053415206575330998,1374.3455371864361,694.39768547930294,-0.023693144494253342,1.4264232841750395,0.25643147329008442,-34.355059516667346,2068.3137620538073,641.07868322521108,7871.5878125000008,6348.0546875,0,-0,-0,-0,0,17063.571
2,0.14500000000000005,29,2.1745914694612756,0.016784710147232984,0.0095541995983928797,0.10240657909921187,14.996060014259138,0.07622764715607451,14.99625375236938,0.025000000000000001,0,0,0.011381539907743144,0.0055015596093238167,1365.7847889291772,715.20274921209614,-0.02354556076079618,1.4348694845681655,0.23925329719437241,-34.141063103154458,2080.56075262384,598.13324298593102,7871.5878125000008,6348.0546875,0,-0,-0,-0,0,17063.571
2,0.15000000000000005,30,2.2495642373964131,0.017900165306014886,0.010069154892326591,0.10356209044998708,14.995981731675233,0.075701549964401996,14.996172805799629,0.025000000000000001,0,0,0.011320244361840981,0.0056561008973217567,1358.4293234209176,735.29311665182831,-0.023418755599798266,1.4436537607024611,0.22312068585923661,-33.957195619707484,2093.2979530185685,557.80171464809155,7871.5878125000008,6348.0546875,0,-0,-0,-0,0,17063.571
2,0.15500000000000005,31,2.3245360564084798,0.019051704626923696,0.010589690260685158,0.10463943256179231,14.995904174783227,0.075136423655702334,14.996092407738784,0.025000000000000001,0,0,0.011268065757429738,0.0058051663897727441,1352.1678908915685,754.67163067045669,-0.023310811111571097,1.4527013731748994,0.2079762692008906,-33.800676111778088,2106.4169911036042,519.9406730022265,7871.5878125000008,6348.0546875,0,-0,-0,-0,0,17063.571
2,0.16000000000000006,32,2.3995069080232398,0.020239553677951033,0.011115426979280986,0.10564340870102491,14.995827200620395,0.074539093993447117,14.996012453562443,0.025000000000000001,0,0,0.01122414867464561,0.0059487973548745668,1346.8978409574731,773.34365613369368,-0.023219957646265655,1.4619452506466044,0.19376541184905124,-33.668938587085201,2119.8206134375764,484.41352962262812,7871.5878125000008,6348.0546875,0,-0,-0,-0,0,17063.571
2,0.16500000000000006,33,2.4744767728591834,0.021463942928659482,0.011646009668397381,0.10657855558519712,14.995750680002939,0.073915719145864714,14.995932848287413,0.025000000000000001,0,0,0.011187704419763843,0.006087052030162605,1342.5245303716613,791.31676392113866,-0.023144563593733555,1.4713253636052337,0.18043611302211915,-33.559617210913657,2133.4217772275888,451.09028255529785,7871.5878125000008,6348.0546875,0,-0,-0,-0,0,17063.571
2,0.17000000000000007,34,2.5494456306875417,0.022725106247917862,0.012181104992562596,0.10744915630783759,14.995674496558626,0.073271842925317424,14.995853505876365,0.025000000000000001,0,0,0.01115800639836014,0.0062200034076739831,1338.9607678032169,808.60044299761785,-0.023083125811754635,1.4807881430023611,0.16793890751937973,-33.470532427044219,2147.1428073534234,419.84726879844936,7871.5878125000008,6348.0546875,0,-0,-0,-0,0,17063.571
2,0.17500000000000007,35,2.6244134604897074,0.024023279563283446,0.012720400423716293,0.10825925277171157,14.995598545800496,0.072612444275515289,14.995774348591592,0.025000000000000001,0,0,0.011134385779588347,0.0063477372185787454,1336.1262935506018,825.20583841523694,-0.023034260656511409,1.4902859408589644,0.15622676809768382,-33.399677951941541,2160.9146142454983,390.56692024420954,7871.5878125000008,6348.0546875,0,-0,-0,-0,0,17063.571
2,0.18000000000000008,36,2.6993802405121232,0.025358699668538903,0.013263603065328335,0.10901265763787299,14.995522734243536,0.07194198324624046,14.995695306392703,0.025000000000000001,0,0,0.011116227434982332,0.0064703501020696354,1333.94729219788,841.14551326905257,-0.022996695580985421,1.4997765301027934,0.14525500946318623,-33.345208592428861,2174.6759686490504,363.13752365796557,7871.5878125000008,6348.0546875,0,-0,-0,-0,0,17063.571
2,0.18500000000000008,37,2.7743459483186901,0.026731603166872543,0.013810438535070106,0.10971296579913006,14.99544697856547,0.071264443681354997,14.995616316373978,0.025000000000000001,0,0,0.011102966136023469,0.0065879479443377497,1332.3559363228162,856.43323276390743,-0.022969261268674959,1.5092226410632081,0.13498119407524953,-33.305428839578688,2188.3728295416518,337.45298518812382,7871.5878125000008,6348.0546875,0,-0,-0,-0,0,17063.571
2,0.19000000000000009,38,2.8493105608407516,0.028142225538106948,0.014360649903683787,0.11036356538741403,14.9953712048121,0.070583372832681179,14.995537322237851,0.025000000000000001,0,0,0.011094082995515484,0.0067006443744332374,1331.2899594618582,871.08376867632091,-0.022950884271689245,1.5185915322024321,0.12536503992928391,-33.278782193949404,2201.9577216935268,313.41259982320975,7871.5878125000008,6348.0546875,0,-0,-0,-0,0,17063.571
2,0.19500000000000009,39,2.9242740544247088,0.029590800319237148,0.014913996687744478,0.11096764832530487,14.995295347647144,0.0699019180998455,14.995458273801509,0.025000000000000001,0,0,0.011089102138575531,0.0068085594047219691,1330.6922566290636,885.11272261385602,-0.022940580123861166,1.5278545928073617,0.1163683304578185,-33.263841179598693,2215.3891595706746,290.92082614454625,7871.5878125000008,6348.0546875,0,-0,-0,-0,0,17063.571
2,0.20000000000000009,40,2.9992364048773181,0.031077558388338609,0.015470253894062893,0.11152822043260127,14.995219349646032,0.069222861084337034,14.995379126534129,0.025000000000000001,0,0,0.011087587589785456,0.0069118182045037405,1330.5105107742547,898.53636658548623,-0.022937446901041499,1.5369869755035293,0.10795482666431411,-33.259298006510171,2228.6311144801175,269.88706666078525,7871.5878125000008,6348.0546875,0,-0,-0,-0,0,17063.571
2,0.2050000000000001,41,3.0741975875087264,0.032602727342651107,0.016029211113532192,0.1120481110993377,14.995143160632827,0.068548649134816883,14.995299841122605,0.025000000000000001,0,0,0.011089140363750529,0.0070105499961586014,1330.6968436500636,911.37149950061814,-0.022940659202192203,1.5459672565828049,0.10009018158184126,-33.263955843178692,2241.6525220450671,250.22545395460315,7871.5878125000008,6348.0546875,0,-0,-0,-0,0,17063.571
2,0.2100000000000001,42,3.1491575771733014,0.03416653096234009,0.016590671662280565,0.11252998253706085,14.995066737059105,0.067881424550102029,14.995220383063909,0.025000000000000001,0,0,0.011093395746985729,0.0071048870639380838,1331.2074896382876,923.63531831195087,-0.022949462526288683,1.5547771222593543,0.092741857128646826,-33.276720663118589,2254.4268272760637,231.85464282161706,7871.5878125000008,6348.0546875,0,-0,-0,-0,0,17063.571
2,0.21500000000000011,43,3.2241163483083088,0.035769188752085554,0.017154451768051041,0.11297633862049211,14.994990041423453,0.067223051596204814,14.995140722282484,0.025000000000000001,0,0,0.01110002075969225,0.0071949638662204933,1332.0024911630701,935.34530260866416,-0.022963168021369915,1.5634010790844981,0.085879043414557321,-33.296593630986379,2266.9315646725222,214.69760853639332,7871.5878125000008,6348.0546875,0,-0,-0,-0,0,17063.571
2,0.22000000000000011,44,3.2990738749705035,0.037410915553252738,0.017720379799791297,0.11338953333193071,14.994913041730078,0.066575141484313066,14.99506083277125,0.025000000000000001,0,0,0.011108711786600773,0.0072809162427065997,1333.0454143920927,946.51911155185792,-0.022981147583345449,1.5718261868608301,0.079472580536021048,-33.322663995850903,2279.1479709482037,198.6814513400526,7871.5878125000008,6348.0546875,0,-0,-0,-0,0,17063.571
2,0.22500000000000012,45,3.3740301308706862,0.039091921219961606,0.01828829553849836,0.11377177882090528,14.994835710984892,0.065939075447620024,14.994980692254948,0.025000000000000001,0,0,0.011119192366643414,0.007362880708646889,1334.3030839972096,957.17449212409554,-0.02300282928337925,1.5800418124995008,0.073494882883151008,-33.354102460899909,2291.0606281242763,183.73720720787753,7871.5878125000008,6348.0546875,0,-0,-0,-0,0,17063.571
2,0.23000000000000012,46,3.4489850894062926,0.040812410352896039,0.018858049487425928,0.11412515309166493,14.994758026727386,0.065316026046432107,14.99490028187463,0.025000000000000001,0,0,0.01113121113177472,0.0074409938287661745,1335.7453358129665,967.32919773960271,-0.023027693103825589,1.5880394033622907,0.067919865969305673,-33.390155000547104,2302.6571348753214,169.79966492326417,7871.5878125000008,6348.0546875,0,-0,-0,-0,0,17063.571
2,0.23500000000000013,47,3.5239387236920763,0.042572582085180936,0.01942950221982501,0.1144516073311249,14.994679970596517,0.064706976822973633,14.994819585892253,0.025000000000000001,0,0,0.011144539885793957,0.0075153916640883821,1337.3447862952748,977.00091633148963,-0.023055266963792648,1.5958122787222575,0.062722875782368195,-33.43013709749934,2313.9278041472735,156.80718945592048,7871.5878125000008,6348.0546875,0,-0,-0,-0,0,17063.571
2,0.24000000000000013,48,3.5988910065889512,0.044372629915108763,0.020002523762451686,0.11475297288985215,14.994601527928895,0.064112740419746572,14.994738591414379,0.025000000000000001,0,0,0.011158971814527588,0.0075862092853659913,1339.0766177433106,986.20720709757882,-0.023085123016457546,1.6033554380636259,0.057880620646840519,-33.473428373863442,2324.8653851922577,144.7015516171013,7871.5878125000008,6348.0546875,0,-0,-0,-0,0,17063.571
2,0.24500000000000013,49,3.6738419107310545,0.046212741580918301,0.020576993013138461,0.11503096792859892,14.99452268738745,0.063533975268169479,14.994657288134009,0.025000000000000001,0,0,0.011174319819212913,0.0076535803472867966,1340.9183783055496,994.96544514728362,-0.023116874201253676,1.6106653850234491,0.053371105577043089,-33.519467591817829,2335.4648082840013,133.42776394260773,7871.5878125000008,6348.0546875,0,-0,-0,-0,0,17063.571
2,0.25000000000000011,50,3.7487914085511003,0.048093098973219693,0.021152797190788008,0.11528720374277453,14.994443440618879,0.062971200947490757,14.994575668089688,0.025000000000000001,0,0,0.011190414965382462,0.0077176367180676452,1342.8497958458954,1003.2927733487938,-0.02315017103500033,1.6177399658546974,0.049173569094006553,-33.567748000750477,2345.7229504893112,122.93392273501638,7871.5878125000008,6348.0546875,0,-0,-0,-0,0,17063.571
2,0.25500000000000012,51,3.8237394723040867,0.050013878081023123,0.02172983131620965,0.11552319077709083,14.994363781938141,0.06242481230762742,14.994493725441014,0.025000000000000001,0,0,0.011207105039984563,0.0077785081594523246,1344.8526047981475,1011.2060607288022,-0.023184698626945825,1.6245782213630144,0.045268422471927104,-33.617813009071448,2355.638420976371,113.17105617981775,7871.5878125000008,6348.0546875,0,-0,-0,-0,0,17063.571
2,0.26000000000000012,52,3.8986860740894271,0.05197524896766572,0.022307997722279638,0.1157403443424319,14.994283708038347,0.061895092443601918,14.994411456259723,0.025000000000000001,0,0,0.011224253209889772,0.0078363220525107212,1346.9103851867726,1018.7218668263938,-0.023220173903552719,1.63118025133773,0.041637191374293163,-33.669252160151444,2365.2113644397086,104.0929784357329,7871.5878125000008,6348.0546875,0,-0,-0,-0,0,17063.571
2,0.26500000000000012,53,3.9736311858715654,0.053977375773243685,0.022887205591966057,0.11593999004678593,14.994203217724429,0.061382224603617926,14.994328858335573,0.025000000000000001,0,0,0.011241736775325998,0.0078912031649902847,1349.0084130391199,1025.8564114487369,-0.023256343029666664,1.63754709056196,0.038262459834835567,-33.721697393016662,2374.4432813148419,95.656149587088919,7871.5878125000008,6348.0546875,0,-0,-0,-0,0,17063.571
2,0.27000000000000013,54,4.0485747794991456,0.05602041674044661,0.023467370522817773,0.11612336895184262,14.994122311669033,0.060886303107512606,14.994245930996236,0.025000000000000001,0,0,0.011259446012158499,0.0079432734563006178,1351.1335214590199,1032.6255493190804,-0.023292979013483168,1.6436805955470977,0.035127816534275803,-33.774819569550594,2383.3368635432917,87.819541335689507,7871.5878125000008,6348.0546875,0,-0,-0,-0,0,17063.571
2,0.27500000000000013,55,4.1235168267228008,0.058104524260959071,0.02404841411657423,0.11629164246660499,14.994040992189145,0.060407343347331659,14.994162674940496,0.025000000000000001,0,0,0.011277283097284917,0.0079926519165187809,1353.2739716741901,1039.0447491474415,-0.023329879483458573,1.6495833411937708,0.032217803320349528,-33.828325251014931,2391.8958447309678,80.544508300873815,7871.5878125000008,6348.0546875,0,-0,-0,-0,0,17063.571
2,0.28000000000000014,56,4.1984572992116265,0.06022984493984318,0.024630263592608979,0.11644589698909447,14.993959263042051,0.059945290937077032,14.994079092083982,0.025000000000000001,0,0,0.011295161111751339,0.0080394544360885053,1355.4193334101606,1045.1290766915056,-0.023366864626006383,1.655258526634743,0.029517865915702442,-33.881953707709258,2400.1248636203773,73.794664789256103,7871.5878125000008,6348.0546875,0,-0,-0,-0,0,17063.571
2,0.28500000000000014,57,4.2733961685683983,0.062396519675545409,0.025212851423974524,0.1165871483069454,14.993877129239229,0.05950003007426069,14.993995185416797,0.025000000000000001,0,0,0.011313003116513299,0.0080837937031519452,1357.5603739815958,1050.893181409753,-0.023403775273477853,1.6607098895653301,0.027014306755940947,-33.935474146542887,2408.0293398697286,67.535766889852368,7871.5878125000008,6348.0546875,0,-0,-0,-0,0,17063.571
2,0.29000000000000015,58,4.3483334063435999,0.064604683753383477,0.025796114994869297,0.11671634576739148,14.993794596876937,0.059071391171745653,14.993910958872304,0.025000000000000001,0,0,0.011330741296067183,0.0081257791256993984,1359.688955528062,1056.3512863409219,-0.023440471132549417,1.6659416284139823,0.024694239898304705,-33.988683142196656,2415.6153612002745,61.73559974576176,7871.5878125000008,6348.0546875,0,-0,-0,-0,0,17063.571
2,0.29500000000000015,59,4.423268984048323,0.066854466950565267,0.026379996278399379,0.11683437622684535,14.993711672982251,0.058659157814453994,14.993826417206506,0.025000000000000001,0,0,0.011348316165462677,0.008165516775951568,1361.7979398555212,1061.5171808737039,-0.02347682914372971,1.6709583317498198,0.022545547940070902,-34.041402258408077,2422.8895810372387,56.363869850177252,7871.5878125000008,6348.0546875,0,-0,-0,-0,0,17063.571
2,0.30000000000000016,60,4.4982028731660986,0.069145993650972903,0.026964441533557752,0.1169420677899659,14.993628365373414,0.058263073091856479,14.993741565887293,0.025000000000000001,0,0,0.011365675836476937,0.008203109354601848,1363.8811003772323,1066.4042160982403,-0.02351274196325737,1.6757649143653295,0.020556840884834764,-34.093475846723187,2429.8591258297279,51.392102212086911,7871.5878125000008,6348.0546875,0,-0,-0,-0,0,17063.571
2,0.30500000000000016,61,4.5731350451637152,0.071479382968112098,0.027549401020392671,0.1170401933477966,14.993544682533413,0.057882845353717502,14.993656410993024,0.025000000000000001,0,0,0.011382775338986472,0.0082386561727434537,1365.9330406783768,1071.0253024566489,-0.023548116559189137,1.6803665595112645,0.018717416894220035,-34.144769010824248,2436.5315112913336,46.793542235550092,7871.5878125000008,6348.0546875,0,-0,-0,-0,0,17063.571
2,0.31000000000000016,62,4.6480654715010861,0.073854748874780926,0.028134828732383758,0.11712947392424534,14.993460633495765,0.057518153433339242,14.993570959119833,0.025000000000000001,0,0,0.011399575993814319,0.0082722531494893864,1367.9491192577184,1075.3929094336202,-0.023582872913977395,1.6847686667971749,0.01701722486229721,-34.195165725267223,2442.9145668559036,42.54306215574303,7871.5878125000008,6348.0546875,0,-0,-0,-0,0,17063.571
2,0.31500000000000017,63,4.7229941236402126,0.076272200338153989,0.028720682145090087,0.11721058183986238,14.993376227741569,0.057168651379519132,14.993485217297096,0.025000000000000001,0,0,0.011416044833558125,0.0083039928234629225,1369.9253800269751,1079.51906705018,-0.023616942826308305,1.6889768053051,0.015446828749995757,-34.244567098147044,2449.0163676923949,38.617071874989392,7871.5878125000008,6348.0546875,0,-0,-0,-0,0,17063.571
2,0.32000000000000017,64,4.7979209730533094,0.078731841459108373,0.029306921980178469,0.11728414370156012,14.993291475106918,0.056833972735593194,14.993399192910548,0.025000000000000001,0,0,0.011432154068120428,0.0083339643764934884,1371.8584881744514,1083.4153689441534,-0.023650268805417565,1.6929966714958697,0.013997373617053653,-34.29288976785547,2454.8451736690113,34.993434042634135,7871.5878125000008,6348.0546875,0,-0,-0,-0,0,17063.571
2,0.32500000000000018,65,4.8728459912301281,0.081233771614737771,0.029893511983982622,0.11735074322660728,14.993206385699848,0.056513734401274329,14.993312893632503,0.025000000000000001,0,0,0.011447880591865904,0.0083622536679982592,1373.7456710239085,1087.0929768397737,-0.023682803051521935,1.6968340515173541,0.01266055328953505,-34.340064424706803,2460.4093747001634,31.651383223837627,7871.5878125000008,6348.0546875,0,-0,-0,-0,0,17063.571
2,0.33000000000000018,66,4.9477691496845404,0.083778085603111327,0.030480418719784769,0.11741092390892169,14.993120969826029,0.05620754011049902,14.993226327358707,0.025000000000000001,0,0,0.01146320552952247,0.008388943278664478,1375.5846635426965,1090.5626262263822,-0.023714506516402167,1.7004947875519507,0.011428579601616138,-34.386034448783143,2465.7174419503285,28.571449004040346,7871.5878125000008,6348.0546875,0,-0,-0,-0,0,17063.571
2,0.33500000000000019,67,5.0226904199604228,0.086364873789434943,0.03106761137305061,0.1174651915353815,14.993035237922504,0.055914983556158253,14.993139502151374,0.025000000000000001,0,0,0.011478113818124358,0.0084141125621718556,1377.3736581749229,1093.8346330823413,-0.023745348038547723,1.7039847478667645,0.010294153151182013,-34.430754655894198,2470.7778844068084,25.735382877955033,7871.5878125000008,6348.0546875,0,-0,-0,-0,0,17063.571
2,0.34000000000000019,68,5.0976097736368926,0.088994222252865282,0.031655061568886388,0.1175140165595748,14.992949200498767,0.055635651190400176,14.993052426187937,0.025000000000000001,0,0,0.0114925938224662,0.0084378377038093807,1379.1112586959439,1096.9189014952194,-0.023775303547627427,1.7073098002543627,0.0092504355097670892,-34.474190144059769,2475.5992103688259,23.126088774417724,7871.5878125000008,6348.0546875,0,-0,-0,-0,0,17063.571
2,0.3450000000000002,69,5.1725271823329306,0.091666212933311758,0.032242743201023237,0.11755783634011298,14.992862868084568,0.055369124727144114,14.992965107715087,0.025000000000000001,0,0,0.011506636981698211,0.0084601917849470194,1380.7964378037852,1099.8249320431125,-0.02380435533338323,1.7104757885748387,0.0082910228284720916,-34.516315233405685,2480.1898934335163,20.727557071180229,7871.5878125000008,6348.0546875,0,-0,-0,-0,0,17063.571
2,0.3500000000000002,70,5.2474426177114468,0.094380923777639375,0.032830632271668776,0.11759705725034425,14.992776251183873,0.055114983371529765,14.99287755500775,0.025000000000000001,0,0,0.011520237484844454,0.0084812448524206035,1382.4284981813344,1102.5618308146784,-0.023832491374358614,1.7134885121312593,0.0074099207827233388,-34.557112492819989,2484.558342590326,18.524801956808346,7871.5878125000008,6348.0546875,0,-0,-0,-0,0,17063.571
2,0.3550000000000002,71,5.3223560514828119,0.097138428884756184,0.033418706741599503,0.1176320566660215,14.992689360234417,0.054872805799234453,14.992789776332575,0.025000000000000001,0,0,0.011533391973169011,0.0085010639919785181,1384.0070367802814,1105.1383189572073,-0.023859704722168636,1.7163537076304702,0.0066015208000186933,-34.596571847144524,2488.7128760641817,16.503802000046733,7871.5878125000008,6348.0546875,0,-0,-0,-0,0,17063.571
2,0.36000000000000021,72,5.3972674554079081,0.099938798649133784,0.034006946389899553,0.11766318483720253,14.992602205572371,0.054642171906917246,14.992701779915595,0.025000000000000001,0,0,0.011546099267449565,0.0085197134050218337,1385.5319120939478,1107.5627426528383,-0.023885992937297113,1.7190770334998362,0.0058605775162021475,-34.634689759080814,2492.6616985747623,14.651443790505368,7871.5878125000008,6348.0546875,0,-0,-0,-0,0,17063.571
2,0.36500000000000021,73,5.4721768013007237,0.10278209990236846,0.034595332682782087,0.1176907666503922,14.992514797401652,0.054422664353484841,14.992613573913751,0.025000000000000001,0,0,0.011558360118344558,0.0085372544879460822,1387.003214201347,1109.8430834329906,-0.023911357572668709,1.7216640563478287,0.0051821874072262289,-34.671468480369626,2496.4128817043515,12.955468518065572,7871.5878125000008,6348.0546875,0,-0,-0,-0,0,17063.571
2,0.37000000000000022,74,5.5470840610305343,0.10566839605244398,0.035183848650959061,0.11771510328667437,14.992427145767447,0.054213869910414186,14.992525166389926,0.025000000000000001,0,0,0.011570176978159163,0.0085537459134631313,1388.4212373790995,1111.9869687502071,-0.023935803701489754,1.7241202393725219,0.0045617685448463589,-34.706915367160143,2499.9743470901567,11.404421362115897,7871.5878125000008,6348.0546875,0,-0,-0,-0,0,17063.571
2,0.37500000000000022,75,5.6219892065236996,0.10859774722040604,0.035772478775053088,0.11773647378132761,14.992339260533562,0.054015380638003603,14.99243656529123,0.025000000000000001,0,0,0.011581553792427422,0.0085692437133462855,1389.7864550912907,1114.0016827350171,-0.023959339486083839,1.7264509325371329,0.003995041426202238,-34.741042254821565,2503.3538521788428,9.9876035655055944,7871.5878125000008,6348.0546875,0,-0,-0,-0,0,17063.571
2,0.38000000000000023,76,5.6968922097651049,0.11157021037420238,0.036361208878572103,0.11775513649017208,14.992251151363234,0.05382679490315307,14.992347778430227,0.025000000000000001,0,0,0.011592495809833174,0.008583801362100997,1391.099497179981,1115.8941770731296,-0.023981975784665679,1.7286613643457682,0.003478010828776587,-34.773864887765235,2506.5589783013638,8.6950270719414675,7871.5878125000008,6348.0546875,0,-0,-0,-0,0,17063.571
2,0.38500000000000023,77,5.7717930427992776,0.11458583945948289,0.036950026027993056,0.11777133046765656,14.992162827703067,0.053647718253088596,14.992258813468883,0.025000000000000001,0,0,0.011603009409091283,0.0085974698611179061,1392.3611290909539,1117.6710819453278,-0.024003725793201699,1.7307566350655839,0.0030069486437810612,-34.805402400142462,2509.5971208450965,7.5173716094526526,7871.5878125000008,6348.0546875,0,-0,-0,-0,0,17063.571
2,0.39000000000000024,78,5.8466916777312123,0.11764468552719001,0.0375389184395254,0.11778527676146355,14.99207429876979,0.053477764158340685,14.992169677904965,0.025000000000000001,0,0,0.011613101941503657,0.0086102978229148485,1393.5722329804389,1119.3387169789303,-0.024024604719697768,1.7327417112537447,0.002578377642563032,-34.835676843561764,2512.4754813179297,6.4459441064075804,7871.5878125000008,6348.0546875,0,-0,-0,-0,0,17063.571
2,0.39500000000000024,79,5.9215880867269197,0.12074679685780244,0.038127875392148423,0.11779717962818728,14.991985573539548,0.053316554637257665,14.992080379060683,0.025000000000000001,0,0,0.011622781587991704,0.0086223315551198568,1394.7337905590045,1120.9031021655815,-0.02404462948843511,1.7346214214588336,0.0021890561322030406,-34.864712758230908,2515.2010611153087,5.4726403305076019,7871.5878125000008,6348.0546875,0,-0,-0,-0,0,17063.571
2,0.40000000000000024,80,5.9964822420137303,0.12389221908212482,0.038716887146538752,0.11780722767442432,14.991896660739473,0.053163720773376062,14.991990924073352,0.025000000000000001,0,0,0.011632057229488733,0.0086336151438889588,1395.846867538648,1122.3699687055646,-0.024063818471844554,1.7364004529768933,0.001835963458015317,-34.892536784174602,2517.7806568164951,4.5899086450382924,7871.5878125000008,6348.0546875,0,-0,-0,-0,0,17063.571
2,0.40500000000000025,81,6.0713741158803778,0.12708099529854194,0.039305944869525468,0.1178155949274087,14.991807568841292,0.053018903136078453,14.991901319887909,0.025000000000000001,0,0,0.011640938329652571,0.0086441905364905043,1396.9125995583086,1123.7447697437656,-0.024082191247868305,1.7380833495520318,0.0015162863122056025,-34.919177309409044,2520.2208568504461,3.7907157805140059,7871.5878125000008,6348.0546875,0,-0,-0,-0,0,17063.571
2,0.41000000000000025,82,6.146263680676876,0.13031316618668026,0.03989504056373052,0.11782244183912371,14.991718306056763,0.052881752114139403,14.991811573251049,0.025000000000000001,0,0,0.011649434828930627,0.0086540976228224372,1397.9321794716752,1125.0326909669168,-0.024099768380807008,1.7396745099205764,0.0012274058094710427,-34.944664152170162,2522.5280393848357,3.0685145236776066,7871.5878125000008,6348.0546875,0,-0,-0,-0,0,17063.571
2,0.41500000000000026,83,6.2211509088142174,0.13358877011744019,0.040484167002071199,0.11782791622763021,14.991628880334725,0.052751928170988956,14.991721690706907,0.025000000000000001,0,0,0.011657557049077092,0.0086633743156604003,1398.9068458892511,1126.2386610358521,-0.024116571223789712,1.7411781871061756,0.00096688529182288217,-34.969028274495081,2524.7083713039547,2.4172132295572055,7871.5878125000008,6348.0546875,0,-0,-0,-0,0,17063.571
2,0.42000000000000026,84,6.2960357727639069,0.13690784325938152,0.04107331766681975,0.11783215415916622,14.991539299359593,0.052629102029806293,14.991631678594013,0.025000000000000001,0,0,0.011665315607285127,0.0086720566294633296,1399.8378728742152,1127.3673618302328,-0.024132621741134837,1.7425984883810484,0.00073245882639919274,-34.992301524645512,2526.76780815252,1.8311470659979818,7871.5878125000008,6348.0546875,0,-0,-0,-0,0,17063.571
2,0.42500000000000027,85,6.3709182450573509,0.14027041968146126,0.041662486692932474,0.11783528077439538,14.991449570551126,0.052512954795890882,14.991541543043494,0.025000000000000001,0,0,0.011672721339156084,0.0086801787575890837,1400.7265606987301,1128.4232384865809,-0.024147942348992753,1.7439393758157942,0.00052202036148014485,-35.01451640603949,2528.7120949329014,1.3050509037003621,7871.5878125000008,6348.0546875,0,-0,-0,-0,0,17063.571
2,0.43000000000000027,86,6.4457982982851139,0.14367653145213755,0.042251668815377147,0.11783741106201119,14.991359701065319,0.05240317802314045,14.991451289978304,0.025000000000000001,0,0,0.011679785229783154,0.0086877731477963179,1401.5742275739785,1129.4105092135214,-0.024162555772775079,1.7452046673468886,0.00033361350735017367,-35.035705870523863,2530.5467676529884,0.83403376837543419,7871.5878125000008,6348.0546875,0,-0,-0,-0,0,17063.571
2,0.43500000000000028,87,6.5206759050960654,0.14712620873486643,0.042840859320203269,0.11783865058274071,14.991269697796277,0.052299473730892276,14.991360925113417,0.025000000000000001,0,0,0.011686518352278689,0.0086948705759300905,1402.3822022734425,1130.3331748709118,-0.024176484919983057,1.7463980382971722,0.00016542191002856725,-35.055903133975434,2532.2771555308996,0.41355477507141813,7871.5878125000008,6348.0546875,0,-0,-0,-0,0,17063.571
2,0.44000000000000028,88,6.5955510381964269,0.15061947988002963,0.043430053999114315,0.11783909614663507,14.991179567378945,0.052201554376853115,14.99127045395684,0.025000000000000001,0,0,0.011692931813122812,0.0087015002177079151,1403.1518175747374,1131.195028302029,-0.024189752767147531,1.7475230232903833,1.5760187255523307e-05,-35.075141512363921,2533.9083837710559,0.039400468138808264,7871.5878125000008,6348.0546875,0,-0,-0,-0,0,17063.571
2,0.44500000000000028,89,6.6704236703487245,0.15415637151334144,0.044019249107315452,0.11783883644638429,14.991089316192586,0.052109142791350753,14.99117988181137,0.025000000000000001,0,0,0.011699036703756334,0.0087076897185403204,1403.88440445076,1131.9996634102417,-0.024202382259686749,1.7485830185060802,-0.00011693460256276466,-35.093454276545785,2535.4453768338162,-0.29233650640691167,7871.5878125000008,6348.0546875,0,-0,-0,-0,0,17063.571
2,0.45000000000000029,90,6.745293774370678,0.15773690862079082,0.044608441324423258,0.11783795264925055,14.990998950364904,0.052021972077684678,14.991089213776981,0.025000000000000001,0,0,0.011704844057883228,0.0087134652613355436,1404.5812869459874,1132.7504839736207,-0.024214396223575872,1.7495812842261964,-0.00023411098646288338,-35.110874524185014,2536.8928621279847,-0.58527746615720844,7871.5878125000008,6348.0546875,0,-0,-0,-0,0,17063.571
2,0.45500000000000029,91,6.8201613231340161,0.16136111463018296,0.04519762771823687,0.11783651895007724,14.990908475776704,0.051939785482931607,14.990998454753768,0.025000000000000001,0,0,0.011710364813987446,0.008718851632251912,1405.2437776784934,1133.4507121927486,-0.024225817287803653,1.7505209476289982,-0.00033711062485472211,-35.127435067315297,2538.2553740620474,-0.8427765621368053,7871.5878125000008,6348.0546875,0,-0,-0,-0,0,17063.571
2,0.4600000000000003,92,6.895026289563245,0.16502901148935004,0.045786805711181676,0.11783460308770037,14.99081789806702,0.051862336243171658,14.990907609445369,0.025000000000000001,0,0,0.011715609782605791,0.0087238722843739833,1405.8731739126949,1134.1033969686177,-0.024236667816668181,1.7514050057903716,-0.00042717540683254358,-35.143168334168863,2539.5372583960389,-1.0679385170813589,7871.5878125000008,6348.0546875,0,-0,-0,-0,0,17063.571
2,0.4650000000000003,93,6.9698886466343675,0.16874061974110632,0.046375973049248231,0.11783226682696392,14.990727222638627,0.051789387406740744,14.990816682362798,0.025000000000000001,0,0,0.011720589617932981,0.0087285493992995886,1406.4707541519576,1134.7114219089465,-0.02424696985103484,1.7522363288562288,-0.00050545411725438493,-35.158106284000517,2540.7426768415316,-1.2636352931359625,7871.5878125000008,6348.0546875,0,-0,-0,-0,0,17063.571
2,0.47000000000000031,94,7.0447483673735727,0.17249595859502717,0.046965127773259591,0.11782956640842163,14.990636454663877,0.051720711638782037,14.990725677828609,0.025000000000000001,0,0,0.011725314793367072,0.0087329039466348003,1407.0377752040488,1135.2775130625241,-0.024256745057745947,1.753017663353345,-0.00057300869885198156,-35.172280333731621,2541.8756118623501,-1.4325217471299538,7871.5878125000008,6348.0546875,0,-0,-0,-0,0,17063.571
2,0.47500000000000031,95,7.1196054248558927,0.17629504599613474,0.047554268192310498,0.11782655296769431,14.99054559909078,0.051656091010062292,14.990634599981362,0.025000000000000001,0,0,0.011729795580633468,0.0087369557414025828,1407.5754696760162,1135.8042463823358,-0.024266014686433475,1.7537516356092124,-0.00063082013153707521,-35.185721295328541,2542.9398716333581,-1.577050328842688,7871.5878125000008,6348.0546875,0,-0,-0,-0,0,17063.571
2,0.48000000000000032,96,7.1944597922038422,0.18013789869057623,0.048143392859231422,0.11782327292634343,14.990454660649286,0.051595316772735905,14.990543452780315,0.025000000000000001,0,0,0.011734042032153476,0.0087407234993785773,1408.0850438584171,1136.2940549192151,-0.024274799533044091,1.7544407552544827,-0.00067979395002100776,-35.198459322913934,2543.9390951189998,-1.6994848750525193,7871.5878125000008,6348.0546875,0,-0,-0,-0,0,17063.571
2,0.48500000000000032,97,7.2693114425860452,0.18402453228838198,0.048732500547939407,0.11781976835601869,14.990363643857728,0.051538189125478612,14.990452240010303,0.025000000000000001,0,0,0.011738063966349504,0.0087442248903741703,1408.5676759619405,1136.7492357486421,-0.02428311990943921,1.7550874187843262,-0.00072076541984270081,-35.210523868686856,2544.8767572372731,-1.801913549606752,7871.5878125000008,6348.0546875,0,-0,-0,-0,0,17063.571
2,0.49000000000000032,98,7.3441603492158505,0.18795496132339304,0.049321590232546328,0.11781607731753949,14.990272553029351,0.051484516970172887,14.990360965286753,0.025000000000000001,0,0,0.01174187095560301,0.008747476589492903,1409.0245146723612,1137.1719566340773,-0.024290995618483042,1.755693913157564,-0.00075450439093287973,-35.221943646800412,2545.7561740784677,-1.8862609773321992,7871.5878125000008,6348.0546875,0,-0,-0,-0,0,17063.571
2,0.49500000000000033,99,7.4190064853499482,0.19192919931044811,0.049910661068103178,0.11781223417647654,14.990181392278926,0.051434117662106205,14.990269632060826,0.025000000000000001,0,0,0.011745472316603927,0.0087504943263913525,1409.4566779924712,1137.5642624308757,-0.024298445934077942,1.7562624194147392,-0.0007817198468948618,-35.232746604413016,2546.5805081513718,-1.9542996172371545,7871.5878125000008,6348.0546875,0,-0,-0,-0,0,17063.571
2,0.50000000000000033,100,7.493849824286988,0.19594725879992028,0.050499712372866608,0.11780826989671177,14.990090165529379,0.051386816755440434,14.990178243624619,0.025000000000000001,0,0,0.011748877102851135,0.0087532929325799536,1409.8652523421363,1137.9280812353941,-0.024305489585649785,1.7567950162984283,-0.00080306416728089967,-35.242959899192186,2547.352773632721,-2.0076604182022493,7871.5878125000008,6348.0546875,0,-0,-0,-0,0,17063.571
2,0.50500000000000034,101,7.5686903393662046,0.20000915142969458,0.051088743611981124,0.11780421231336977,14.989998876518435,0.05134244774552453,14.9900868031164,0.025000000000000001,0,0,0.011752094099082991,0.0087558863868029812,1410.251291889959,1138.2652302843876,-0.024312144746626102,1.7572936838610083,-0.00081913711928325488,-35.25260988260785,2548.0758415984619,-2.0478427982081371,7871.5878125000008,6348.0546875,0,-0,-0,-0,0,17063.571
2,0.51000000000000034,102,7.6435280039660531,0.20411488797467631,0.051677754382477147,0.11780008638643483,14.989907528805219,0.051300851809451646,14.989995313525878,0.025000000000000001,0,0,0.011755131817435016,0.008758287858539977,1410.6158180922018,1138.577421610197,-0.024318429026487311,1.7577603070469026,-0.00083048959441628086,-35.2617220884066,2548.7524452180087,-2.0762239860407021,7871.5878125000008,6348.0546875,0,-0,-0,-0,0,17063.571
2,0.51500000000000035,103,7.7183627915028605,0.20826447839392007,0.052266744399491423,0.11779591443629099,14.989816125776816,0.051261877546105568,14.989903777699448,0.025000000000000001,0,0,0.011757998495138564,0.0087605097496735816,1410.9598194166276,1138.8662674575655,-0.024324359466005831,1.7581966792379227,-0.00083762710497953773,-35.270321225708457,2549.385184894988,-2.0940677624488444,7871.5878125000008,6348.0546875,0,-0,-0,-0,0,17063.571
2,0.52000000000000035,104,7.7931946754294934,0.21245793187546808,0.052855713483622432,0.117791716362351,14.989724670654757,0.051225380716797914,14.98981219834543,0.025000000000000001,0,0,0.011760702093589866,0.0087625637343707145,1411.2842512307839,1139.133285468193,-0.024329952535320172,1.7586045057518001,-0.00084101305432111525,-35.278431176214248,2549.9765333401101,-2.1025326358027883,7871.5878125000008,6348.0546875,0,-0,-0,-0,0,17063.571
2,0.52500000000000036,105,7.8680236292340471,0.21669525687898555,0.053444661549338933,0.11778750984587159,14.989633166501413,0.051191223987466755,14.989720578039222,0.025000000000000001,0,0,0.011763250298633223,0.0087644607972258617,1411.5900358359868,1139.3799036393621,-0.024335224134520779,1.7589854072853586,-0.00084107179420066128,-35.286074995055131,2550.5288405637698,-2.1026794855016533,7871.5878125000008,6348.0546875,0,-0,-0,-0,0,17063.571
2,0.53000000000000036,106,7.9428496264385551,0.22097646117627912,0.054033588594365224,0.11778331053798789,14.989541616226278,0.051159276673287762,14.989628919228428,0.025000000000000001,0,0,0.011765650521915565,0.0087662112697163754,1411.8780626298678,1139.6074650631288,-0.024340189596452292,1.7593409232949877,-0.00083819148183808924,-35.293274914855822,2551.0443387777323,-2.095478704595223,7871.5878125000008,6348.0546875,0,-0,-0,-0,0,17063.571
2,0.53500000000000036,107,8.017672640597727,0.22530155188978299,0.054622494689971657,0.11777913223393827,14.989450022592148,0.051129414486439921,14.989537224237894,0.025000000000000001,0,0,0.011767909903181897,0.0087678248650207204,1412.1491883818276,1139.8172324526936,-0.024344863691462229,1.7596725153081878,-0.0008327267485808761,-35.300052352620234,2551.5251471968722,-2.0818168714521903,7871.5878125000008,6348.0546875,0,-0,-0,-0,0,17063.571
2,0.54000000000000037,108,8.0924926452977104,0.22967053552909583,0.055211379972103666,0.11777498703439325,14.989358388221156,0.051101519287668706,14.989445495274648,0.025000000000000001,0,0,0.01177003531339259,0.0087693107112511801,1412.4042376071106,1140.0103924626535,-0.024349260633849915,1.7599815701609542,-0.00082500119148025983,-35.306427919082374,2551.9732767333835,-2.0625029787006497,7871.5878125000008,6348.0546875,0,-0,-0,-0,0,17063.571
2,0.54500000000000037,109,8.1673096141548811,0.2340834180256493,0.055800244633287019,0.11777088549474689,14.989266715600671,0.051075478842199325,14.989353734432752,0.025000000000000001,0,0,0.011772033358554167,0.0087706773831528594,1412.6440030265001,1140.1880598098717,-0.024353394089791387,1.7602694031566894,-0.00081530969845641722,-35.31242143019751,2552.3906345771998,-2.038274246141043,7871.5878125000008,6348.0546875,0,-0,-0,-0,0,17063.571
2,0.55000000000000038,110,8.2421235208146619,0.23854020476558738,0.056389088915251087,0.1177668367631771,14.989175007089051,0.051051186580470621,14.989261943698038,0.025000000000000001,0,0,0.011773910384164943,0.0087719329323209753,1412.8692460997931,1140.3512812017268,-0.024357277186536321,1.7605372611431405,-0.00080392061715729138,-35.318051920477664,2552.7790286575537,-2.0098015428932285,7871.5878125000008,6348.0546875,0,-0,-0,-0,0,17063.571
2,0.55500000000000038,111,8.3169343389503751,0.24304090062093328,0.056977913102215949,0.11776284870823259,14.989083264921245,0.051028541364086188,14.989170124952745,0.025000000000000001,0,0,0.01177567248018592,0.0087730849159882267,1413.0806976223103,1140.5010390784694,-0.024360922522691581,1.760786325504589,-0.00079107777705880831,-35.32333765790279,2553.140171981654,-1.9776944426470209,7871.5878125000008,6348.0546875,0,-0,-0,-0,0,17063.571
2,0.56000000000000039,112,8.3917420422621216,0.24758550997911935,0.057566717514792747,0.11775892803665711,14.988991491214232,0.051007447257311822,14.989078279980006,0.025000000000000001,0,0,0.011777325486455747,0.0087741404244337795,1413.2790583746896,1140.6382551763913,-0.024364342179423421,1.7610177150672059,-0.0007770023738340342,-35.328296160163958,2553.4756868474487,-1.9425059345850855,7871.5878125000008,6348.0546875,0,-0,-0,-0,0,17063.571
2,0.56500000000000039,113,8.4665466044756936,0.25217403677095196,0.058155502504450125,0.1177550804021185,14.988899687972307,0.050987813304387966,14.98898641046825,0.025000000000000001,0,0,0.011778874998476215,0.0087751061070648548,1413.4649998171458,1140.763793918431,-0.024367547732426196,1.7612324889160482,-0.00076189472450782889,-35.332944212017985,2553.7871089282698,-1.9047368112695722,7871.5878125000008,6348.0546875,0,-0,-0,-0,0,17063.571
2,0.5700000000000004,114,8.5413479993415216,0.25680648449708254,0.058744268448502918,0.11775131050546807,14.988807857092189,0.050969553312871105,14.988894518015444,0.025000000000000001,0,0,0.011780326373501827,0.0087759881972213523,1413.6391648202193,1140.8784656387759,-0.024370550264520213,1.7614316491227309,-0.00074593590144922926,-35.337297883554307,2554.0758912279598,-1.8648397536230732,7871.5878125000008,6348.0546875,0,-0,-0,-0,0,17063.571
2,0.5750000000000004,115,8.6161462006336489,0.26148285625305268,0.059333015745582161,0.11774762218711696,14.98871600036798,0.050952585643168825,14.988802604133221,0.025000000000000001,0,0,0.011781684736873587,0.0087767925357530793,1413.8021684248304,1140.9830296479004,-0.024373360378754684,1.7616161433832562,-0.00072928925278754376,-35.34137254919429,2554.3434079057215,-1.8232231319688594,7871.5878125000008,6348.0546875,0,-0,-0,-0,0,17063.571
2,0.5800000000000004,116,8.6909411821487446,0.26620315475297934,0.059921744811548466,0.11774401851207945,14.988624119495944,0.050936833004389385,14.988710670250862,0.025000000000000001,0,0,0.011782954988543096,0.0087775245934183926,1413.9545986251715,1141.078197144391,-0.024375988211904533,1.7617868675659287,-0.00071210181641952208,-35.345182907261574,2554.5909579705967,-1.7802545410488051,7871.5878125000008,6348.0546875,0,-0,-0,-0,0,17063.571
2,0.58500000000000041,117,8.7657329177051455,0.2709673823519439,0.060510456075813318,0.11774050184819809,14.988532216079131,0.050922222256587074,14.988618717719172,0.025000000000000001,0,0,0.011784141809738604,0.0087781894921519759,1414.0970171686324,1141.1646339797569,-0.024378443448260734,1.7619446681696185,-0.00069450563435448202,-35.348742999978064,2554.8197688459468,-1.7362640858862051,7871.5878125000008,6348.0546875,0,-0,-0,-0,0,17063.571
2,0.59000000000000041,118,8.840521381141933,0.27577554106714686,0.061099149978035505,0.11773707393803283,14.988440291631829,0.050908684219449628,14.988526747814189,0.025000000000000001,0,0,0.011785249669729735,0.0087787920252485382,1414.2299603675681,1141.24296328231,-0.024380735333624847,1.7620903446929999,-0.00067661897376253819,-35.352066233756027,2555.0309998048497,-1.6915474344063455,7871.5878125000008,6348.0546875,0,-0,-0,-0,0,17063.571
2,0.59500000000000042,119,8.9153065463180372,0.28062763259788703,0.061687826965162056,0.11773373596486571,14.98834834758385,0.050896153487442607,14.988434761740779,0.025000000000000001,0,0,0.011786282832652257,0.0087793366765080479,1414.3539399182707,1141.3137679460463,-0.024382872689427772,1.7622246519156528,-0.00065854746072348009,-35.35516539967027,2555.2257452776967,-1.6463686518087002,7871.5878125000008,6348.0546875,0,-0,-0,-0,0,17063.571
2,0.60000000000000042,120,8.9900883871113813,0.28552365834442267,0.062276487488785427,0.11773048861324319,14.988256385284666,0.050884568251398234,14.988342760636103,0.025000000000000001,0,0,0.011787245364358523,0.0087798276383869653,1414.4694437230228,1141.3775929903054,-0.024384863926901593,1.7623483020921713,-0.00064038513231773776,-35.358052694007313,2555.4050380336485,-1.6009628307943444,7871.5878125000008,6348.0546875,0,-0,-0,-0,0,17063.571
2,0.60500000000000043,121,9.0648668774180514,0.2904636194257692,0.062865132002790522,0.11772733212445098,14.988164406007371,0.050873870126511588,14.988250745572945,0.025000000000000001,0,0,0.011788141139263165,0.0087802688291987244,1414.5769367115799,1141.4349477958342,-0.024386717061241608,1.7624619670606381,-0.00062221541237170185,-35.360739738800333,2555.5698522379253,-1.5555385309292546,7871.5878125000008,6348.0546875,0,-0,-0,-0,0,17063.571
2,0.61000000000000043,122,9.1396419911515014,0.29544751669648645,0.06345376096126723,0.11772426634729061,14.988072410952494,0.050864003986685863,14.988158717562904,0.025000000000000001,0,0,0.011788973847157096,0.0087806639094055103,1414.6768616588515,1141.4863082227164,-0.024388439725702784,1.7625662802670063,-0.00060411201586271096,-35.363237602269038,2555.7211063871591,-1.5102800396567773,7871.5878125000008,6348.0546875,0,-0,-0,-0,0,17063.571
2,0.61500000000000044,123,9.2144137022417851,0.30047535076250598,0.06404237481666579,0.11772129078450237,14.987980401251662,0.050854917805149662,14.98806667755948,0.025000000000000001,0,0,0.011789746999966287,0.0087810162970420689,1414.7696399959545,1141.532118615469,-0.024390039185582007,1.7626618387071,-0.00058613978667794984,-35.365556819093911,2555.859666125295,-1.4653494666948745,7871.5878125000008,6348.0546875,0,-0,-0,-0,0,17063.571
2,0.62000000000000044,124,9.2891819846348227,0.30554712199604711,0.064630974018174109,0.11771840463515695,14.987888377971098,0.05084656250125321,14.987974626461018,0.025000000000000001,0,0,0.0117904639384346,0.008781329182311037,1414.8556726121519,1141.5727937004349,-0.024391522352043157,1.7627492047880451,-0.00056835547315420168,-35.367707410462579,2555.9863469426655,-1.4208886828855043,7871.5878125000008,6348.0546875,0,-0,-0,-0,0,17063.571
2,0.62500000000000044,125,9.363946812291692,0.31066283054966815,0.065219559010297523,0.11771560683331608,14.98779634211499,0.050838891793336415,14.987882565113534,0.025000000000000001,0,0,0.011791127838712799,0.0087816055413879861,1414.9353406455359,1141.6087203804382,-0.024392895795748153,1.7628289081110962,-0.00055080844554624949,-35.369698903834824,2556.1019167610893,-1.3770211138656236,7871.5878125000008,6348.0546875,0,-0,-0,-0,0,17063.571
2,0.63000000000000045,126,9.4387081591879571,0.31582247636949762,0.065808130231623199,0.1177128960832429,14.987704294628701,0.050831862057549908,14.987790494313424,0.025000000000000001,0,0,0.011791741718838275,0.0087818481494730902,1415.009006260593,1141.6402594315018,-0.024394165760261866,1.762901447177865,-0.00053354135932995631,-35.371540352379704,2556.2070984079041,-1.3338533983248908,7871.5878125000008,6348.0546875,0,-0,-0,-0,0,17063.571
2,0.63500000000000045,127,9.5134659993130128,0.3210260592076879,0.066396688113752447,0.11771027089142352,14.987612236401846,0.050825432192500138,14.987698414810058,0.025000000000000001,0,0,0.01179230844509224,0.0087820595931250144,1415.0770134110689,1141.6677471062519,-0.024395338175203573,1.7629672910220706,-0.00051659076800085588,-35.37324035404518,2556.3025719820025,-1.2914769200021397,7871.5878125000008,6348.0546875,0,-0,-0,-0,0,17063.571
2,0.64000000000000046,128,9.5882203066694718,0.32627357863413231,0.066985233080385731,0.11770772959564374,14.987520168271239,0.050819563489581436,14.987606327308255,0.025000000000000001,0,0,0.011792830738223266,0.0087822422819113892,1415.1396885867919,1141.6914966484806,-0.024396418669121896,1.7630268807689529,-0.00049998768880734593,-35.374807070226751,2556.3889771149816,-1.2499692220183647,7871.5878125000008,6348.0546875,0,-0,-0,-0,0,17063.571
2,0.64500000000000046,129,9.6629710552725658,0.3315650340474845,0.067573765546546108,0.1177052703913478,14.987428091023695,0.050814219508850955,14.987514232470655,0.025000000000000001,0,0,0.011793311179527742,0.0087823984594088897,1415.197341543329,1141.7117997231558,-0.024397412582073771,1.7630806311245404,-0.00048375812464266803,-35.376248244006966,2556.4669151305834,-1.20939531160667,7871.5878125000008,6348.0546875,0,-0,-0,-0,0,17063.571
2,0.65000000000000047,130,9.7377182191495795,0.33690042468551756,0.068162285917928209,0.11770289135549114,14.987336005398719,0.050809365960297219,14.987422130919985,0.025000000000000001,0,0,0.011793752216779666,0.008782530213584815,1415.2502660135599,1141.7289277660259,-0.024398324977891656,1.7631289317969991,-0.00046792354512454042,-35.377571217942901,2556.5369511056488,-1.169808862811351,7871.5878125000008,6348.0546875,0,-0,-0,-0,0,17063.571
2,0.65500000000000047,131,9.8124617723393115,0.34227974963485841,0.068750794590360528,0.11770059046808372,14.98724391209106,0.050804970590348664,14.987330023241206,0.025000000000000001,0,0,0.011794156170003522,0.0087826394865906446,1415.2987404004225,1141.7431332567837,-0.024399160656126229,1.7631721488522845,-0.00045250132969151764,-35.37878295138303,2556.5996158358125,-1.1312533242287941,7871.5878125000008,6348.0546875,0,-0,-0,-0,0,17063.571
2,0.66000000000000048,132,9.887201688891551,0.34770300784013092,0.069339291949370122,0.11769836563160734,14.987151811753151,0.050801003073465481,14.987237909983582,0.025000000000000001,0,0,0.01179452523708543,0.0087827280839970542,1415.3430284502515,1141.754650919617,-0.024399924163654413,1.7632106260063312,-0.00043750517538103395,-35.3798900372989,2556.6554077091801,-1.0937629384525849,7871.5878125000008,6348.0546875,0,-0,-0,-0,0,17063.571
2,0.66500000000000048,133,9.9619379428665908,0.35317019811254091,0.069927778369839405,0.11769621468847702,14.987059704997435,0.050797434908656111,14.987145791662638,0.025000000000000001,0,0,0.011794861499218993,0.0087827976834984542,1415.3833799062791,1141.763698854799,-0.024400619805945486,1.7632446858560114,-0.0004229454717667977,-35.380898718620955,2556.7047944912165,-1.0573636794169943,7871.5878125000008,6348.0546875,0,-0,-0,-0,0,17063.571
2,0.67000000000000048,134,10.036670508334756,0.35868131913793311,0.070516254215745658,0.11769413543670505,14.986967592398575,0.050794239320758362,14.987053668762025,0.025000000000000001,0,0,0.011795166926183254,0.0087828498431141676,1415.4200311419904,1141.7704796048417,-0.024401251657979857,1.763274631051073,-0.00040882964539484871,-35.381814904070794,2556.7482150240558,-1.0220741134871218,7871.5878125000008,6348.0546875,0,-0,-0,-0,0,17063.571
2,0.67500000000000049,135,10.111399359375955,0.36423636948434951,0.071104719839974753,0.11769212564391447,14.986875474495564,0.050791391166324786,14.986961541735312,0.025000000000000001,0,0,0.011795443381451221,0.0087828860089120744,1415.4532057741465,1141.7751811585697,-0.024401823574817325,1.7633007454092462,-0.00039516247589444902,-35.38264418348512,2556.786080843407,-0.98790618973612254,7871.5878125000008,6348.0546875,0,-0,-0,-0,0,17063.571
2,0.68000000000000049,136,10.186124470079253,0.3698353476091174,0.071693175584201019,0.11769018305983851,14.986783351793726,0.050788866843952195,14.986869411007653,0.025000000000000001,0,0,0.011795692627128273,0.0087829075222795039,1415.4831152553927,1141.7779778963354,-0.024402339201813405,1.7633232949766848,-0.0003819463857990968,-35.383391842629436,2556.8187777161929,-0.95486596449774197,7871.5878125000008,6348.0546875,0,-0,-0,-0,0,17063.571
2,0.6850000000000005,137,10.260845814542469,0.37547825186549327,0.072281621778826161,0.11768830542743271,14.986691224766622,0.050786644208896052,14.986777276977424,0.025000000000000001,0,0,0.011795916328720506,0.0087829156267650865,1415.5099594464607,1141.7790314794613,-0.024402801984483847,1.7633425290358717,-0.00036918170598958114,-35.384062877501577,2556.8466671020142,-0.92295426497395283,7871.5878125000008,6348.0546875,0,-0,-0,-0,0,17063.571
2,0.6900000000000005,138,10.33556336687179,0.38116508050888753,0.07287005874297045,0.11768649049271698,14.986599093857857,0.050784702491811932,14.986685140017732,0.025000000000000001,0,0,0.011796116059733701,0.0087829114745142083,1415.5339271680441,1141.778491686847,-0.024403215178018741,1.7633586810630764,-0.00035686691853848058,-35.384662008127172,2556.8700875414606,-0.89216729634620151,7871.5878125000008,6348.0546875,0,-0,-0,-0,0,17063.571
2,0.69500000000000051,139,10.410277101181409,0.38689583170269481,0.073458486784510238,0.11768473601345653,14.986506959482801,0.050783022221468042,14.986593000477873,0.025000000000000001,0,0,0.011796293306104346,0.0087828961323197022,1415.5551967325216,1141.7764972015614,-0.024403581856449207,1.7633719696374202,-0.00034499887861902606,-35.385193691851349,2556.8893559742592,-0.86249719654756518,7871.5878125000008,6348.0546875,0,-0,-0,-0,0,17063.571
2,0.70000000000000051,140,10.484986991593169,0.39267050352375166,0.074046906200156151,0.1176830397667822,14.98641482203022,0.050781585151275177,14.98650085868471,0.025000000000000001,0,0,0.011796449470464456,0.0087828705873084414,1415.5739364557348,1141.7731763500974,-0.024403904921470234,1.7633825993035517,-0.00033357301703401844,-35.385662136131842,2556.9047689901499,-0.83393254258504612,7871.5878125000008,6348.0546875,0,-0,-0,-0,0,17063.571
2,0.70500000000000052,141,10.559693012236247,0.39848909396744364,0.074635317275566923,0.11768139955584368,14.986322681863818,0.050780374189483009,14.986408714943977,0.025000000000000001,0,0,0.011796585876242553,0.0087828357522835264,1415.5903051491064,1141.7686477968584,-0.02440418711092459,1.7633907613898843,-0.00032258352481521796,-35.386071310840656,2556.9166040153323,-0.80645881203804493,7871.5878125000008,6348.0546875,0,-0,-0,-0,0,17063.571
2,0.71000000000000052,142,10.634395137246829,0.40435160095248263,0.075223720285494275,0.11767981321558167,14.986230539323714,0.050779373332894659,14.986316569541524,0.025000000000000001,0,0,0.011796703771603474,0.0087827924707408449,1415.6044525924169,1141.7630211963099,-0.024404431006953293,1.7633966347843093,-0.00031202352124264505,-35.386424960082273,2556.9251204372486,-0.78005880310661269,7871.5878125000008,6348.0546875,0,-0,-0,-0,0,17063.571
2,0.71500000000000052,143,10.709093340767824,0.4102580223253729,0.075812115493954627,0.11767827861769871,14.986138394727822,0.050778567603954564,14.986224422744487,0.025000000000000001,0,0,0.011796804333230021,0.0087827415215779303,1415.6165199876025,1141.756397805131,-0.024404639043818885,1.7634003866692352,-0.00030188520655128741,-35.386726613537384,2556.9305606703911,-0.75471301637821853,7871.5878125000008,6348.0546875,0,-0,-0,-0,0,17063.571
2,0.72000000000000053,144,10.783787596948581,0.41620835586458504,0.076400503154423788,0.11767679367490234,14.986046248373174,0.050777942991068178,14.986132274802397,0.025000000000000001,0,0,0.011796888669949757,0.0087826836235121181,1415.6266403939708,1141.7488710565754,-0.024404813515408408,1.7634021732177525,-0.00029216000049375453,-35.38697959734219,2556.933151165741,-0.73040000123438631,7871.5878125000008,6348.0546875,0,-0,-0,-0,0,17063.571
2,0.72500000000000053,145,10.858477879944628,0.4222025992844548,0.076988883510051204,0.11767535634448856,14.985954100537166,0.050777486392015451,14.986040125948248,0.025000000000000001,0,0,0.011796957826210482,0.0087826194392242509,1415.6349391452579,1141.7405270991526,-0.024404956582423247,1.7634021402526767,-0.00028283866786048295,-35.387187044513709,2556.9331033663811,-0.70709666965120732,7871.5878125000008,6348.0546875,0,-0,-0,-0,0,17063.571
2,0.73000000000000054,146,10.933164163917416,0.42824075023882352,0.077577256793890631,0.11767396463132798,14.985861951478736,0.050777185560323887,14.985947976399475,0.025000000000000001,0,0,0.01179701278540813,0.0087825495792433431,1415.6415342489756,1141.7314453016345,-0.024405070279263755,1.7634004238701502,-0.00027391143197164639,-35.387351904932444,2556.9306146117178,-0.68477857992911595,7871.5878125000008,6348.0546875,0,-0,-0,-0,0,17063.571
2,0.73500000000000054,147,11.007846423034088,0.43432280632443548,0.07816562322914429,0.11767261659031282,14.985769801439483,0.050777029054470665,14.985855826358906,0.025000000000000001,0,0,0.01179705447307096,0.0087824746055868673,1415.6465367685153,1141.7216987262927,-0.024405156520616516,1.7633971510294553,-0.00026536807709292133,-35.387476954893948,2556.9258689927101,-0.66342019273230335,7871.5878125000008,6348.0546875,0,-0,-0,-0,0,17063.571
2,0.74000000000000055,148,11.082524631467258,0.44044876508410724,0.07875398302941812,0.11767131032831746,14.985677650644721,0.050777006189787297,14.985763676015656,0.025000000000000001,0,0,0.011797083759904048,0.008782395035170594,1415.6500511884858,1141.7113545721772,-0.024405217107752661,1.7633924401105971,-0.00025719804065558945,-35.387564806241357,2556.9190381603657,-0.64299510163897367,7871.5878125000008,6348.0546875,0,-0,-0,-0,0,17063.571
2,0.74500000000000055,149,11.157198763394796,0.44661862400968255,0.079342336398985608,0.11767004400572183,14.985585499304475,0.050777106992944139,14.985671525545966,0.025000000000000001,0,0,0.011797101464698187,0.0087823113430012291,1415.6521757637825,1141.7004745901597,-0.024405253734545655,1.7633864014412066,-0.00024939049610393337,-35.387617915091198,2556.9102820897497,-0.6234762402598335,7871.5878125000008,6348.0546875,0,-0,-0,-0,0,17063.571
2,0.75000000000000056,150,11.231868792999633,0.45283238054478625,0.079930683533058378,0.11766881583754225,14.985493347614431,0.050777322158896139,14.985579375113996,0.025000000000000001,0,0,0.011797108357107391,0.0087822239651643621,1415.6530028528869,1141.6891154713671,-0.024405267993217239,1.7633791377942136,-0.00024193442712635262,-35.387638590164997,2556.8997498016097,-0.60483606781588151,7871.5878125000008,6348.0546875,0,-0,-0,-0,0,17063.571
2,0.75500000000000056,151,11.306534694469574,0.45909003208738969,0.080519024618061374,0.11766762409421132,14.985401195756815,0.050777643010175094,14.985487224872584,0.025000000000000001,0,0,0.011797105160299115,0.0087821333016197024,1415.6526192358938,1141.6773292105613,-0.0244052613798201,1.7633707448577138,-0.00023481869398619891,-35.387629000739146,2556.8875800436849,-0.58704673496549731,7871.5878125000008,6348.0546875,0,-0,-0,-0,0,17063.571
2,0.76000000000000056,152,11.381196441997128,0.46539157599219899,0.081107359831911308,0.11766646710204436,14.985309043901237,0.050778061458417727,14.985395074963945,0.025000000000000001,0,0,0.01179709255348154,0.0087820397188148325,1415.6511064177848,1141.6651634459283,-0.024405235299466154,1.7633613116783959,-0.00022803209260275709,-35.387591184225926,2556.873901933674,-0.57008023150689269,7871.5878125000008,6348.0546875,0,-0,-0,-0,0,17063.571
2,0.76500000000000057,153,11.45585400977933,0.47173700957287767,0.081695689344296607,0.11766534324342742,14.985216892205491,0.050778569968022887,14.985302925520351,0.025000000000000001,0,0,0.011797071174312068,0.0087819435521281995,1415.6485409174481,1141.652661776666,-0.02440519107130917,1.763350921079829,-0.00022156340698995791,-35.387527053398294,2556.8588355657521,-0.55390851747489478,7871.5878125000008,6348.0546875,0,-0,-0,-0,0,17063.571
2,0.77000000000000057,154,11.530507372017603,0.47812633010411387,0.082284013316957727,0.1176642509567585,14.985124740816291,0.05077916152183496,14.985210776664751,0.025000000000000001,0,0,0.011797041621191228,0.0087818451081515293,1415.6449945429474,1141.6398640596988,-0.024405129933290231,1.7633396500568748,-0.00021540145562846645,-35.387438403270835,2556.8424925824684,-0.53850363907116616,7871.5878125000008,6348.0546875,0,-0,-0,-0,0,17063.571
2,0.77500000000000058,155,11.605156502917598,0.48455953482354192,0.082872331903966617,0.1176631887361709,14.985032589869981,0.050779829588754662,14.985118628511369,0.025000000000000001,0,0,0.01179700445544624,0.0087817446668211653,1415.6405346535487,1141.6268066867515,-0.024405053046655037,1.7633275701474245,-0.00020953513227900657,-35.387326917649801,2556.8249767137654,-0.52383783069751644,7871.5878125000008,6348.0546875,0,-0,-0,-0,0,17063.571
2,0.78000000000000058,156,11.679801376689069,0.49103662093352801,0.083460645252004279,0.11766215513106545,14.984940439493201,0.050780568093181974,14.985026481166276,0.025000000000000001,0,0,0.011796960203408292,0.008781642483407525,1415.6352244089951,1141.6135228429782,-0.024404961500251236,1.763314747782623,-0.00020395344173389275,-35.387194175364293,2556.8063842848032,-0.5098836043347319,7871.5878125000008,6348.0546875,0,-0,-0,-0,0,17063.571
2,0.78500000000000059,157,11.754441967545736,0.49755758560282809,0.084048953500635598,0.11766114874547573,14.984848289803507,0.050781371386199967,14.984934334727896,0.025000000000000001,0,0,0.011796909358387652,0.0087815387903711732,1415.6291230065183,1141.6000427482525,-0.024404856314614445,1.7633012446166827,-0.00019864553094782879,-35.387041656190945,2556.7868046941899,-0.49661382736957194,7871.5878125000008,6348.0546875,0,-0,-0,-0,0,17063.571
2,0.79000000000000059,158,11.829078249705175,0.50412242596812673,0.084637256782580619,0.11766016823728821,14.984756140909964,0.05078223421841175,14.984842189287516,0.025000000000000001,0,0,0.011796852382550604,0.0087814337990937078,1415.6222859060724,1141.5863938821819,-0.02440473844585116,1.763287117837349,-0.00019360071596572653,-35.386870746484185,2556.7663208641561,-0.4840017899143163,7871.5878125000008,6348.0546875,0,-0,-0,-0,0,17063.571
2,0.7950000000000006,159,11.903710197388698,0.51073113913546431,0.085225555223981592,0.11765921231733754,14.984663992913696,0.050783151714346539,14.984750044929754,0.025000000000000001,0,0,0.011796789708702141,0.0087813277014910669,1415.614765044257,1141.5726011938386,-0.024404608789326737,1.7632724204580306,-0.00018880850502719113,-35.386682744523767,2556.7450096641442,-0.47202126256797783,7871.5878125000008,6348.0546875,0,-0,-0,-0,0,17063.571
2,0.8000000000000006,160,11.978337784821251,0.51738372218156037,0.085813848944665205,0.11765827974839511,14.984571845908409,0.050784119348354251,14.984657901732991,0.025000000000000001,0,0,0.011796721741978286,0.0087812206715165847,1415.6066090373943,1141.558687297156,-0.0244044681831663,1.7632572015925645,-0.00018425861820560387,-35.386478865591137,2556.7229423092185,-0.46064654551400963,7871.5878125000008,6348.0546875,0,-0,-0,-0,0,17063.571
2,0.8050000000000006,161,12.052960986231323,0.5240801721550391,0.08640213805839958,0.11765736934406741,14.984479699980886,0.050785132921911537,14.984565759769788,0.025000000000000001,0,0,0.011796648861451795,0.0087811128665605722,1415.5978633742154,1141.5446726528744,-0.024404317411576636,1.7632415067135416,-0.00017994100390171752,-35.386260246786122,2556.7001847346355,-0.44985250975429381,7871.5878125000008,6348.0546875,0,-0,-0,-0,0,17063.571
2,0.81000000000000061,162,12.12757977585084,0.53082048607756482,0.086990422673145523,0.1176564799676191,14.984387555211438,0.050786188542265458,14.98447361910728,0.025000000000000001,0,0,0.011796571421654899,0.0087810044287529466,1415.5885705985879,1141.5305757378831,-0.024404157207996286,1.7632253778950739,-0.00017584585250033342,-35.386027951594613,2556.6767979478573,-0.43961463125083355,7871.5878125000008,6348.0546875,0,-0,-0,-0,0,17063.571
2,0.81500000000000061,163,12.202194127915099,0.53760466094489179,0.087578702891301735,0.11765561053073437,14.984295411674342,0.050787282602344309,14.98438147980753,0.025000000000000001,0,0,0.011796489754022706,0.00878089548617496,1415.5787704827246,1141.5164132027448,-0.02440398825808163,1.7632088540408501,-0.00017196360745788298,-35.385782974218365,2556.6528383592326,-0.42990901864470743,7871.5878125000008,6348.0546875,0,-0,-0,-0,0,17063.571
2,0.82000000000000062,164,12.276804016662673,0.54443269372783543,0.088166978809943702,0.1176547599922287,14.984203269438252,0.050788411761868206,14.984289341927875,0.025000000000000001,0,0,0.011796404168260681,0.0087807861539858107,1415.5685001912818,1141.5022000181555,-0.024403811202535871,1.7631919710982753,-0.00016828497408441764,-35.385526243677013,2556.6283580924992,-0.42071243521104407,7871.5878125000008,6348.0546875,0,-0,-0,-0,0,17063.571
2,0.82500000000000062,165,12.351409416335349,0.55130458137316951,0.088755250521056081,0.11765392735672205,14.984111128566569,0.050789572929595093,14.984197205521252,0.025000000000000001,0,0,0.011796314953639642,0.0087806765354695431,1415.5577944367569,1141.4879496110407,-0.024403626639787991,1.7631747622594716,-0.00016480092624865392,-35.385258627692586,2556.6034052762338,-0.41200231562163481,7871.5878125000008,6348.0546875,0,-0,-0,-0,0,17063.571
2,0.83000000000000063,166,12.426010301178051,0.55822032080445505,0.089343518111758294,0.11765311167328317,14.984018989117812,0.05079076324664087,14.984105070636495,0.025000000000000001,0,0,0.011796222380221493,0.0087805667230073364,1415.5466856265791,1141.4736739909538,-0.024403435128528574,1.763157258149856,-0.00016150271122255616,-35.384980936366432,2556.5780243172912,-0.40375677805639043,7871.5878125000008,6348.0546875,0,-0,-0,-0,0,17063.571
2,0.83500000000000063,167,12.500606645438788,0.56517990892280467,0.089931781664523369,0.11765231203405402,14.983926851145943,0.05079198007081507,14.984012937318624,0.025000000000000001,0,0,0.011796126700018906,0.0087804567989800252,1415.5352040022688,1141.4593838674032,-0.024403237190108826,1.763139487005001,-0.00015838185286590943,-35.3846939256578,2556.5522561572516,-0.39595463216477356,7871.5878125000008,6348.0546875,0,-0,-0,-0,0,17063.571
2,0.84000000000000064,168,12.575198423368587,0.57218334260758774,0.090520041257389855,0.11765152757286193,14.983834714700688,0.050793220961916359,14.983920805609095,0.025000000000000001,0,0,0.011796028148091962,0.0087803468366053228,1415.5233777710355,1141.445088758692,-0.024403033310809296,1.7631214748364217,-0.00015543015332923461,-35.384398300673482,2556.5261385128115,-0.3885753833230865,7871.5878125000008,6348.0546875,0,-0,-0,-0,0,17063.571
2,0.84500000000000064,169,12.649785609221439,0.57923061871707981,0.091108296964166738,0.11765075746382674,14.983742579827828,0.050794483667934806,14.983828675546066,0.025000000000000001,0,0,0.011795926943584781,0.0087802369007140731,1415.5112332301737,1141.4307970928296,-0.024402823943984388,1.7631032455869373,-0.00015263969343982353,-35.384094718777362,2556.499706101059,-0.38159923359955883,7871.5878125000008,6348.0546875,0,-0,-0,-0,0,17063.571
2,0.85000000000000064,170,12.724368177254256,0.58632173408906052,0.091696548854631438,0.11765000091996881,14.983650446569483,0.050795766112110348,14.983736547164622,0.025000000000000001,0,0,0.011795823290704921,0.008780127048469491,1415.4987948845906,1141.4165163010339,-0.024402609512088478,1.7630848212761796,-0.00015000283192766802,-35.383783792528291,2556.4729908504605,-0.37500707981917003,7871.5878125000008,6348.0546875,0,-0,-0,-0,0,17063.571
2,0.85500000000000065,171,12.79894610172682,0.59345668554136377,0.092284796994720836,0.11764925719182369,14.983558314964361,0.050797066380799387,14.983644420496988,0.025000000000000001,0,0,0.011795717379648352,0.0087800173300331928,1415.4860855578022,1141.402252904315,-0.024402390408589485,1.7630662221368352,-0.00014751220362732055,-35.383466092454753,2556.446022098411,-0.3687805090683014,7871.5878125000008,6348.0546875,0,-0,-0,-0,0,17063.571
2,0.86000000000000065,172,12.873519356901742,0.60063546987238281,0.092873041446715404,0.11764852556606793,14.983466185048009,0.050798382712103872,14.983552295572744,0.025000000000000001,0,0,0.011795609387472613,0.008779907789181543,1415.4731264967136,1141.3880125936007,-0.024402166999775203,1.7630474667421405,-0.00014516071678094704,-35.383142149674043,2556.4188267761037,-0.3629017919523676,7871.5878125000008,6348.0546875,0,-0,-0,-0,0,17063.571
2,0.86500000000000066,173,12.948087917044425,0.60785808386153473,0.093461282269416524,0.11764780536416046,14.983374056853032,0.050799713485219417,14.98346017241901,0.025000000000000001,0,0,0.011795499478920732,0.0087797984638756273,1415.4599374704878,1141.3738003038316,-0.024401939626457755,1.7630285721251482,-0.00014294154955885006,-35.382812458363745,2556.3914295814648,-0.35735387389712514,7871.5878125000008,6348.0546875,0,-0,-0,-0,0,17063.571
2,0.87000000000000066,174,13.022651756423031,0.61512452426968578,0.09404951951831704,0.11764709594100306,14.983281930409312,0.050801057210461222,14.983368051060612,0.025000000000000001,0,0,0.011795387807198323,0.0087796893867880411,1415.4465368637987,1141.3596202824453,-0.024401708605581267,1.763009553890249,-0.00014084814590826226,-35.382477478092838,2556.363853140861,-0.35212036477065567,7871.5878125000008,6348.0546875,0,-0,-0,-0,0,17063.571
2,0.87500000000000067,175,13.097210849308441,0.62243478783954176,0.094637753245765149,0.11764639668362309,14.983189805744203,0.050802412519928682,14.983275931520279,0.025000000000000001,0,0,0.011795274514706237,0.0087795805857893428,1415.4329417647484,1141.3454761526145,-0.024401474231737504,1.7629904263173981,-0.00013887421081467438,-35.38213763601938,2556.3361181602272,-0.34718552703668593,7871.5878125000008,6348.0546875,0,-0,-0,-0,0,17063.571
2,0.88000000000000067,176,13.171765169974233,0.6297888712960048,0.095225983501121811,0.11764570700988121,14.983097682882715,0.050803778158771545,14.983183813818764,0.025000000000000001,0,0,0.011795159733730996,0.0087794720843969894,1415.4191680477195,1141.3313709716085,-0.024401236778594203,1.7629712024594859,-0.0001370137050743324,-35.381793328961592,2556.3082435662545,-0.34253426268583098,7871.5878125000008,6348.0546875,0,-0,-0,-0,0,17063.571
2,0.88500000000000068,177,13.246314692696654,0.63718677134649992,0.095814210330911725,0.11764502636720622,14.983005561847687,0.050805152977022407,14.983091697975011,0.025000000000000001,0,0,0.011795043587095187,0.0087793639021893233,1415.4052304514223,1141.3173072846121,-0.024400996500240586,1.762951894233264,-0.00013526083964904956,-35.381444925348852,2556.2802466382327,-0.33815209912262389,7871.5878125000008,6348.0546875,0,-0,-0,-0,0,17063.571
2,0.89000000000000068,178,13.320859391754595,0.64462848468127321,0.096402433778968066,0.11764435423135917,14.982913442659951,0.050806535921962187,14.98299958400629,0.025000000000000001,0,0,0.011794926188769856,0.0087792560551870052,1415.3911426523828,1141.3032871743108,-0.024400753632454274,1.7629325125042068,-0.00013361006967804769,-35.381092767058696,2556.2521431310997,-0.33402517419511923,7871.5878125000008,6348.0546875,0,-0,-0,-0,0,17063.571
2,0.89500000000000068,179,13.395399241429573,0.65211400797366392,0.096990653886571146,0.11764369010522795,14.982821325338483,0.05080792603098698,14.982907471928311,0.025000000000000001,0,0,0.011794807644450945,0.0087791485562041718,1415.3769173341134,1141.2893123065423,-0.024400508393893725,1.7629130671656847,-0.00013205608820619546,-35.380737171145903,2556.2239473902428,-0.33014022051548864,7871.5878125000008,6348.0546875,0,-0,-0,-0,0,17063.571
2,0.90000000000000069,180,13.469934216005704,0.65964333788035212,0.097578870692581074,0.11764303351765393,14.982729209900539,0.050809322424946353,14.98281536175535,0.025000000000000001,0,0,0.011794688052101557,0.008779041415171487,1415.3625662521868,1141.2753839722934,-0.024400260987220122,1.7628935672127908,-0.00013059381969535481,-35.380378431469175,2556.1956724585466,-0.32648454923838699,7871.5878125000008,6348.0546875,0,-0,-0,-0,0,17063.571
2,0.90500000000000069,181,13.544464289769698,0.6672164710415841,0.098167084233564669,0.1176423840222915,14.98263709636179,0.050810724301924744,14.982723253500364,0.025000000000000001,0,0,0.011794567502461963,0.0087789346394330121,1415.3481002954356,1141.2615031262915,-0.024400011600152399,1.7628740208111513,-0.00012921841336165017,-35.38001682022098,2556.1673301761693,-0.32304603340412541,7871.5878125000008,6348.0546875,0,-0,-0,-0,0,17063.571
2,0.9100000000000007,182,13.618989437010828,0.67483340408137704,0.098755294543916725,0.11764174119650123,14.982544984736446,0.050812130931439187,14.982631147175086,0.025000000000000001,0,0,0.011794446079529022,0.0087788282340187911,1415.3335295434827,1141.2476704224428,-0.024399760406459064,1.7628544353610283,-0.0001279252363905698,-35.379652589365641,2556.1389312734909,-0.31981309097642452,7871.5878125000008,6348.0546875,0,-0,-0,-0,0,17063.571
2,0.9150000000000007,183,13.693509632020934,0.68249413360770483,0.099343501655975885,0.11764110464027708,14.982452875037362,0.050813541649028016,14.982539042790117,0.025000000000000001,0,0,0.011794323861006659,0.0087787222018948941,1415.318863320799,1141.2338862463362,-0.024399507566890098,1.7628348175570041,-0.00012670986706837085,-35.37928597199064,2556.1104854576561,-0.3167746676709271,7871.5878125000008,6348.0546875,0,-0,-0,-0,0,17063.571
2,0.92000000000000071,184,13.768024849094399,0.69019865621266607,0.099931705600135159,0.11764047397520827,14.982360767276152,0.050814955851206621,14.982446940355029,0.025000000000000001,0,0,0.011794200918728992,0.0087786165441925464,1415.304110247479,1141.2201507450311,-0.024399253230052344,1.7628151734435358,-0.00012556808787153386,-35.378917183575901,2556.0820014931269,-0.31392021967883466,7871.5878125000008,6348.0546875,0,-0,-0,-0,0,17063.571
2,0.92500000000000071,185,13.842535062528144,0.69794696847263604,0.1005199064049474,0.11763984884347556,14.982268661463282,0.050816372990767612,14.982354839878433,0.025000000000000001,0,0,0.011794077319057603,0.0087785112604178567,1415.2892782869123,1141.2064638543213,-0.024398997533231329,1.7627955084666183,-0.00012449587854171113,-35.378546423185426,2556.0534872765966,-0.31123969635427784,7871.5878125000008,6348.0546875,0,-0,-0,-0,0,17063.571
2,0.93000000000000071,186,13.917040246621621,0.7057390669484036,0.10110810409722581,0.11763922890688225,14.982176557608163,0.050817792572404007,14.982262741368057,0.025000000000000001,0,0,0.011793953123254366,0.0087784063486435818,1415.274374790524,1141.1928253236656,-0.02439874060316255,1.762775827521829,-0.0001234894091792512,-35.378173874585698,2556.0249499066522,-0.30872352294812799,7871.5878125000008,6348.0546875,0,-0,-0,-0,0,17063.571
2,0.93500000000000072,187,13.9915403756768,0.71357494818529466,0.10169629870213974,0.11763861384591956,14.982084455719239,0.050819214148635355,14.982170644830832,0.025000000000000001,0,0,0.011793828387831197,0.0087783018056842368,1415.2594065397436,1141.1792347389508,-0.024398482556755023,1.76275613499896,-0.00012254503337883306,-35.377799707294784,2555.996395748492,-0.30636258344708267,7871.5878125000008,6348.0546875,0,-0,-0,-0,0,17063.571
2,0.94000000000000072,188,14.066035423998173,0.72145460871328293,0.10228449024330578,0.11763800335886616,14.981992355804062,0.050820637316017679,14.982078550272941,0.025000000000000001,0,0,0.011793703164878027,0.0087781976272558234,1415.2443797853632,1141.165691543257,-0.02439822350176981,1.7627364348234718,-0.00012165928143092515,-35.377424077566225,2555.9678304940339,-0.30414820357731287,7871.5878125000008,6348.0546875,0,-0,-0,-0,0,17063.571
2,0.94500000000000073,189,14.140525365892739,0.72937804504708903,0.10287267874287462,0.11763739716092157,14.981900257869368,0.050822061711619355,14.981986457699888,0.025000000000000001,0,0,0.011793577502370209,0.0087780938081212997,1415.2293002844251,1141.152195055769,-0.024397963537455918,1.76271673049497,-0.00012082885360805448,-35.37704712931108,2555.9392592177064,-0.30207213402013622,7871.5878125000008,6348.0546875,0,-0,-0,-0,0,17063.571
2,0.95000000000000073,190,14.215010175670008,0.73734525368626891,0.10346086422161348,0.11763679498337276,14.981808161921144,0.050823487009746003,14.981894367116558,0.025000000000000001,0,0,0.011793451444456531,0.0087779903422228849,1415.2141733347837,1141.1387444889751,-0.024397702755146144,1.7626970251228942,-0.00012005061355373527,-35.376668994961911,2555.9106864281966,-0.30012653388433819,7871.5878125000008,6348.0546875,0,-0,-0,-0,0,17063.571
2,0.95500000000000074,191,14.289489827641995,0.74535623111529314,0.10404904669898456,0.11763619657279362,14.98171606796469,0.050824912918898422,14.98180227852726,0.025000000000000001,0,0,0.011793325031728958,0.0087778872228022296,1415.199003807475,1141.1253389642898,-0.02439744123881513,1.7626773214596092,-0.00011932158178799455,-35.376289796281938,2555.8821161164333,-0.29830395446998637,7871.5878125000008,6348.0546875,0,-0,-0,-0,0,17063.571
2,0.96000000000000074,192,14.363964296123223,0.75341097380361666,0.10463722619321955,0.11763560169027654,14.981623976004682,0.050826339178948625,14.98171019193579,0.025000000000000001,0,0,0.011793198301475143,0.0087777844425093298,1415.1837961770173,1141.111977526213,-0.024397179065601699,1.7626576219310588,-0.00011863892934075011,-35.375909645122462,2555.8535518000353,-0.29659732335187527,7871.5878125000008,6348.0546875,0,-0,-0,-0,0,17063.571
2,0.96500000000000075,193,14.438433555430718,0.76150947820574066,0.10522540272139035,0.11763501011069549,14.98153188604522,0.050827765558519727,14.981618107345458,0.025000000000000001,0,0,0.011793071287914696,0.0087776819935011224,1415.1685545497635,1141.0986591551459,-0.024396916306297665,1.7626379286651555,-0.0001179999715258191,-35.375528644131613,2555.8249965644754,-0.29499992881454773,7871.5878125000008,6348.0546875,0,-0,-0,-0,0,17063.571
2,0.97000000000000075,194,14.512897579884013,0.76965174076126708,0.1058135762994762,0.11763442162199986,14.981439798089882,0.050829191852556528,14.981526024759154,0.025000000000000001,0,0,0.011792944022420189,0.0087775798675305394,1415.1532826904227,1141.0853827789701,-0.024396653025805046,1.7626182435180453,-0.00011740216186356065,-35.375146887417316,2555.7964531011658,-0.29350540465890163,7871.5878125000008,6348.0546875,0,-0,-0,-0,0,17063.571
2,0.97500000000000075,195,14.587356343805146,0.77783775789494658,0.10640174694242739,0.11763383602453828,14.981347712141771,0.050830617880074161,14.981433944179361,0.025000000000000001,0,0,0.011792816533723756,0.0087774780560267805,1415.1379840468508,1141.0721472834814,-0.024396389283563441,1.762598568098402,-0.00011684308615790541,-35.37476446116699,2555.7679237426828,-0.29210771539476355,7871.5878125000008,6348.0546875,0,-0,-0,-0,0,17063.571
2,0.98000000000000076,196,14.661809821518663,0.7860675260167197,0.10698991466422555,0.1176332531304117,14.981255628203554,0.050832043482073076,14.981341865608208,0.025000000000000001,0,0,0.011792688848110184,0.0087773765501675035,1415.122661773222,1141.0589515217755,-0.024396125133949505,1.7625789037898683,-0.00011632045673397898,-35.374381444226785,2555.7394104953091,-0.29080114183494743,7871.5878125000008,6348.0546875,0,-0,-0,-0,0,17063.571
2,0.98500000000000076,197,14.736257987351625,0.79434104152175322,0.10757807947794094,0.11763267276285484,14.981163546277507,0.050833468519609334,14.981249789047501,0.025000000000000001,0,0,0.011792560989597243,0.0087772753409436129,1415.1073187516693,1141.0457943226697,-0.024395860626650001,1.7625592517717896,-0.00011583210684259484,-35.373997908642501,2555.7109150690949,-0.2895802671064871,7871.5878125000008,6348.0546875,0,-0,-0,-0,0,17063.571
2,0.99000000000000077,198,14.810700815633606,0.80265830079047096,0.10816624139578658,0.11763209475564519,14.981071466365547,0.05083489287200979,14.981157714498746,0.025000000000000001,0,0,0.011792432980104085,0.0087771744192172169,1415.0919576124902,1141.0326744982383,-0.024395595807010163,1.7625396130383384,-0.00011537598523166253,-35.373613920164736,2555.6824389055905,-0.28843996307915631,7871.5878125000008,6348.0546875,0,-0,-0,-0,0,17063.571
2,0.99500000000000077,199,14.885138280696697,0.81101930018858015,0.10875440042916955,0.11763151895253875,14.980979388469269,0.050836316435222371,14.981065641963184,0.025000000000000001,0,0,0.011792304839608379,0.0087770737757733308,1415.0765807530056,1141.0195908505329,-0.024395330716358816,1.7625199884161509,-0.00011495015088746641,-35.373229538720281,2555.6539832034186,-0.28737537721866602,7871.5878125000008,6348.0546875,0,-0,-0,-0,0,17063.571
2,1.0000000000000007,200,14.959570356875517,0.81942403606709335,0.10934255658873952,0.1176309452067316,14.980887312589973,0.050837739120292359,14.980973571441814,0.025000000000000001,0,0,0.011792176586292879,0.008776973401365875,1415.0611903551455,1141.0065421775637,-0.024395065392311503,1.762500378580578,-0.00011455276795213649,-35.372844818851682,2555.6255489418381,-0.28638191988034123,7871.5878125000008,6348.0546875,0,-0,-0,-0,0,17063.571
2,1.0050000000000006,201,15.033997018507209,0.82787250476234731,0.10993070988443469,0.11763037338034654,14.980795238728698,0.050839160851956042,14.980881502935418,0.025000000000000001,0,0,0.0117920482366821,0.0087768732867583854,1415.045788401852,1140.9935272785901,-0.024394799869053341,1.762480784070642,-0.00011418210080551034,-35.372459810127346,2555.597136902431,-0.28545525201377586,7871.5878125000008,6348.0546875,0,-0,-0,-0,0,17063.571
2,1.0100000000000005,202,15.108418239931451,0.8363647025960177,0.11051886032552515,0.11762980334394375,14.980703166886245,0.050840581567343668,14.980789436444587,0.025000000000000001,0,0,0.011791919805769676,0.0087767734227599779,1415.0303766923612,1140.9805449587971,-0.024394534177602401,1.7624612053027968,-0.00011383650932496039,-35.372074557523483,2555.5687476890553,-0.28459127331240097,7871.5878125000008,6348.0546875,0,-0,-0,-0,0,17063.571
2,1.0150000000000003,203,15.18283399549046,0.84490062587513115,0.11110700792065391,0.11762923497605486,14.980611097063202,0.050842001214784147,14.980697371969725,0.025000000000000001,0,0,0.011791791307136968,0.008776673800256889,1415.0149568564361,1140.9675940333955,-0.024394268346055119,1.7624416425835701,-0.00011351444431466007,-35.371689101779921,2555.5403817461765,-0.28378611078665017,7871.5878125000008,6348.0546875,0,-0,-0,-0,0,17063.571
2,1.0200000000000002,204,15.257244259529001,0.85348027089207468,0.11169515267787564,0.11762866816273937,14.980519029259963,0.050843419752704413,14.980605309511095,0.025000000000000001,0,0,0.011791662753063516,0.0087765744102400577,1414.9995303676219,1140.9546733312075,-0.024394002399814801,1.7624220961211732,-0.00011321444310185598,-35.371303479731459,2555.5120393757011,-0.28303610775463994,7871.5878125000008,6348.0546875,0,-0,-0,-0,0,17063.571
2,1.0250000000000001,205,15.331649006394388,0.86210363392460221,0.11228329460469325,0.11762810279716268,14.980426963476756,0.05084483714861681,14.980513249068807,0.025000000000000001,0,0,0.01179153415462981,0.0087764752438290392,1414.9840985555772,1140.941781697775,-0.024393736361804207,1.7624025660361478,-0.00011293512530105545,-35.370917724616099,2555.4837207524142,-0.28233781325263863,7871.5878125000008,6348.0546875,0,-0,-0,-0,0,17063.571
2,1.03,206,15.406048210436493,0.87077071123583971,0.11287143370809238,0.11762753877919492,14.980334899713654,0.050846253378188287,14.980421190642854,0.025000000000000001,0,0,0.011791405521812846,0.0087763762922926213,1414.9686626175414,1140.9289179980408,-0.024393470252663241,1.7623830523711197,-0.00011267518874399229,-35.370531866361702,2555.4554259381234,-0.28168797185998073,7871.5878125000008,6348.0546875,0,-0,-0,-0,0,17063.571
2,1.0349999999999999,207,15.480441846007759,0.87948149907428752,0.11345956999457402,0.11762697601502971,14.980242837970598,0.050847668424385588,14.98032913423312,0.025000000000000001,0,0,0.011791276863574987,0.0087762775470664398,1414.9532236289986,1140.9160811186371,-0.024393204090932812,1.7623635550997307,-0.00011243340556884504,-35.370145931852576,2555.4271548946094,-0.28108351392211262,7871.5878125000008,6348.0546875,0,-0,-0,-0,0,17063.571
2,1.0399999999999998,208,15.5548298874632,0.88823599367382167,0.11404770347018514,0.11762641441682203,14.980150778247408,0.050849082276690959,14.980237079839384,0.025000000000000001,0,0,0.011791148187946484,0.0087761789997678578,1414.937782553578,1140.9032699698216,-0.024392937893225473,1.7623440741347987,-0.00011220861847118612,-35.369759945176938,2555.3989074954579,-0.28052154617796532,7871.5878125000008,6348.0546875,0,-0,-0,-0,0,17063.571
2,1.0449999999999997,209,15.629212309160408,0.89703419125369321,0.1146358341405477,0.11762585390234455,14.9800587205438,0.050850494930383343,14.980145027461351,0.025000000000000001,0,0,0.011791019502102124,0.0087760806422083823,1414.9223402522548,1140.8904834870898,-0.024392671674384088,1.7623246093357732,-0.00011199973710508856,-35.369373927856927,2555.3706835368712,-0.27999934276272143,7871.5878125000008,6348.0546875,0,-0,-0,-0,0,17063.571
2,1.0499999999999996,210,15.703589085459571,0.90587608801852681,0.11522396201088587,0.11762529439466145,14.979966664859401,0.05085190638588024,14.980052977098644,0.025000000000000001,0,0,0.011790890812432345,0.0087759824664038547,1414.9068974918814,1140.877720632501,-0.024392405447628867,1.7623051605155311,-0.00011180573464105237,-35.368987899061857,2555.3424827475201,-0.27951433660263092,7871.5878125000008,6348.0546875,0,-0,-0,-0,0,17063.571
2,1.0549999999999995,211,15.777960190723467,0.91476168015831727,0.11581208708605172,0.11762473582181918,14.979874611193752,0.050853316648135825,14.979960928750826,0.025000000000000001,0,0,0.011790762124609203,0.0087758844645826131,1414.8914549531044,1140.8649803957396,-0.024392139224693875,1.762285727446568,-0.00011162564446658507,-35.368601875806121,2555.3143047975236,-0.27906411116646268,7871.5878125000008,6348.0546875,0,-0,-0,-0,0,17063.571
2,1.0599999999999994,212,15.852325599317485,0.92369096384842608,0.11640020937054939,0.1176241781165533,14.979782559546333,0.050854725726091149,14.979868882417401,0.025000000000000001,0,0,0.011790633443647506,0.0087757866291918868,1414.8760132377008,1140.8522617949452,-0.0243918730159535,1.7622663098666278,-0.00011145855703346115,-35.368215873132577,2555.2861493066102,-0.27864639258365287,7871.5878125000008,6348.0546875,0,-0,-0,-0,0,17063.571
2,1.0649999999999993,213,15.926685285609624,0.93266393524957658,0.11698832886855785,0.11762362121601079,14.979690509916558,0.050856133632172562,14.979776838097829,0.025000000000000001,0,0,0.011790504773961454,0.0087756889529025228,1414.8605728753746,1140.8395638773279,-0.024391606830539612,1.762246907483813,-0.00011130361684283799,-35.367829904282438,2555.2580158515289,-0.27825904210709496,7871.5878125000008,6348.0546875,0,-0,-0,-0,0,17063.571
2,1.0699999999999992,214,16.001039223970505,0.94168059050784814,0.11757644558395229,0.11762306506148698,14.979598462303798,0.050857540381834737,14.979684795791533,0.025000000000000001,0,0,0.011790376119417079,0.0087755914286122855,1414.8451343300494,1140.8268857195972,-0.024391340676450067,1.7622275199812185,-0.00011116001956531818,-35.367443980852599,2555.2299039727668,-0.27790004891329545,7871.5878125000008,6348.0546875,0,-0,-0,-0,0,17063.571
2,1.0749999999999991,215,16.075387388773382,0.95074092575467051,0.11816455952032422,0.1176225095981767,14.979506416707375,0.050858945993144888,14.979592755497894,0.025000000000000001,0,0,0.011790247483380747,0.0087754940494478677,1414.8296980056896,1140.8142264282228,-0.02439107456064904,1.7622081470211262,-0.00011102700929304774,-35.367058112941109,2555.2018131806331,-0.27756752323261935,7871.5878125000008,6348.0546875,0,-0,-0,-0,0,17063.571
2,1.079999999999999,216,16.149729754394151,0.95984493710681695,0.11875267068100036,0.11762195477493877,14.979414373126582,0.050860350486405123,14.979500717216272,0.025000000000000001,0,0,0.011790118868764006,0.0087753968087657223,1414.8142642516807,1140.8015851395439,-0.024390808489159792,1.7621887882487874,-0.00011090387591809758,-35.366672309281697,2555.1737429607419,-0.27725968979524396,7871.5878125000008,6348.0546875,0,-0,-0,-0,0,17063.571
2,1.0849999999999989,217,16.224066295211351,0.96899262066639713,0.11934077906906043,0.11762140054407325,14.979322331560681,0.050861753883809854,14.979408680946008,0.025000000000000001,0,0,0.011789990278065024,0.0087752997001519055,1414.7988333678029,1140.7889610197476,-0.02439054246715041,1.7621694432958401,-0.00011078995263324032,-35.366286577368093,2555.1456927789682,-0.2769748815831008,7871.5878125000008,6348.0546875,0,-0,-0,-0,0,17063.571
2,1.0899999999999987,218,16.298396985606185,0.97818397252084999,0.11992888468735383,0.11762084686111099,14.979230292008914,0.050863156209135708,14.979316646686424,0.025000000000000001,0,0,0.011789861713406855,0.0087752027174209865,1414.7834056088225,1140.7763532647282,-0.024390276499012951,1.7621501117833738,-0.00011068461354961983,-35.36590092356878,2555.1176620858919,-0.27671153387404956,7871.5878125000008,6348.0546875,0,-0,-0,-0,0,17063.571
2,1.0949999999999986,219,16.372721799962516,0.9874189887429361,0.12051698753851524,0.11762029368461473,14.979138254470504,0.050864557487461257,14.979224614436825,0.025000000000000001,0,0,0.011789733176572713,0.0087751058546141937,1414.7679811887256,1140.7637610998452,-0.024390010588436459,1.7621307933246844,-0.00011058727143042689,-35.365515353232865,2555.0896503207923,-0.2764681785760672,7871.5878125000008,6348.0546875,0,-0,-0,-0,0,17063.571
2,1.0999999999999985,220,16.44704071266689,0.99669766539072979,0.12110508762497937,0.11761974097599127,14.979046218944664,0.050865957744914266,14.979132584196515,0.025000000000000001,0,0,0.011789604669038518,0.0087750091059968487,1414.7525602846222,1140.7511837795903,-0.024389744738474224,1.7621114875277346,-0.00011049737553339583,-35.365129870787626,2555.0616569152153,-0.27624343883348956,7871.5878125000008,6348.0546875,0,-0,-0,-0,0,17063.571
2,1.1049999999999984,221,16.52135369810853,1.006019998507611,0.1216931849489947,0.1176191886993142,14.978954185430597,0.050867357008444282,14.979040555964785,0.025000000000000001,0,0,0.01178947619200287,0.0087749124660552163,1414.7371430403443,1140.738620587178,-0.024389478951605863,1.762092193997354,-0.0001104144095577567,-35.364744479828502,2555.0336812961632,-0.27603602389439175,7871.5878125000008,6348.0546875,0,-0,-0,-0,0,17063.571
2,1.1099999999999983,222,16.595660730679363,1.0153859841222581,0.12228127951263637,0.11761863682115659,14.978862153927507,0.050868755305618442,14.978948529740935,0.025000000000000001,0,0,0.011789347746414616,0.0087748159294928178,1414.721729569754,1140.7260708340664,-0.024389213229794302,1.7620729123371861,-0.00011033788969434681,-35.364359183201735,2555.00572288892,-0.27584472423586703,7871.5878125000008,6348.0546875,0,-0,-0,-0,0,17063.571
2,1.1149999999999982,223,16.66996178477401,1.0247956182486389,0.12286937131781833,0.11761808531043319,14.978770124434591,0.050870152664438693,14.978856505524258,0.025000000000000001,0,0,0.011789219332998221,0.0087747194912263255,1414.7063199597865,1140.7135338594223,-0.024388947574538265,1.7620536421514212,-0.00011026736277271994,-35.363973983080484,2554.9777811195609,-0.27566840693179984,7871.5878125000008,6348.0546875,0,-0,-0,-0,0,17063.571
2,1.1199999999999981,224,16.744256834789812,1.0342488968860031,0.12345746036630464,0.11761753413825171,14.978678096951054,0.050871549113178594,14.97876448331405,0.025000000000000001,0,0,0.011789090952277065,0.0087746231463810588,1414.6909142732477,1140.7010090295375,-0.024388681986920509,1.7620343830463194,-0.00011020240450036453,-35.363588881034737,2554.9498554171632,-0.27550601125091134,7871.5878125000008,6348.0546875,0,-0,-0,-0,0,17063.571
2,1.124999999999998,225,16.818545855126832,1.0437458160188746,0.12404554665972008,0.11761698327777262,14.978586071476103,0.050872944680238091,14.978672463109618,0.025000000000000001,0,0,0.011788962604594836,0.0087745268902861811,1414.6755125513803,1140.6884957372035,-0.024388416467652031,1.7620151346315513,-0.00011014261779323533,-35.363203878095447,2554.9219452157495,-0.27535654448308833,7871.5878125000008,6348.0546875,0,-0,-0,-0,0,17063.571
2,1.1299999999999979,226,16.892828820187859,1.0532863716170435,0.12463363019956009,0.1176164327040771,14.978494048008955,0.050874339394014763,14.978580444910273,0.025000000000000001,0,0,0.011788834290135129,0.0087744307184696394,1414.6601148162156,1140.6759934010531,-0.024388151017112652,1.7619958965213627,-0.00011008763119148171,-35.362818974813344,2554.8940499559758,-0.27521907797870426,7871.5878125000008,6348.0546875,0,-0,-0,-0,0,17063.571
2,1.1349999999999978,227,16.967105704378429,1.0628705596355583,0.12522171098720006,0.11761588239404271,14.978402026548833,0.050875733282790089,14.978488428715337,0.025000000000000001,0,0,0.011788706008939411,0.0087743346266528962,1414.6447210727295,1140.6635014648766,-0.024387885635388146,1.7619766683355913,-0.00011003709735796292,-35.362434171312813,2554.8661690866074,-0.2750927433949073,7871.5878125000008,6348.0546875,0,-0,-0,-0,0,17063.571
2,1.1399999999999977,228,17.041376482106827,1.0724983760147182,0.125809789023904,0.11761533232622638,14.978310007094974,0.050877126374629503,14.97839641452414,0.025000000000000001,0,0,0.011788577760923463,0.0087742386107454978,1414.6293313108156,1140.6510193969148,-0.02438762032230429,1.7619574497005392,-0.00010999069165350192,-35.362049467341222,2554.838302065782,-0.27497672913375482,7871.5878125000008,6348.0546875,0,-0,-0,-0,0,17063.571
2,1.1449999999999976,229,17.115641127784098,1.0821698166800662,0.12639786431083269,0.11761478248075434,14.978217989646625,0.050878518697294969,14.97830440233602,0.025000000000000001,0,0,0.011788449545892383,0.0087741426668395232,1414.6139455070859,1140.6385466891379,-0.024387355077457876,1.7619382402497163,-0.00010994811079012834,-35.361664862313923,2554.8104483620887,-0.27487027697532085,7871.5878125000008,6348.0546875,0,-0,-0,-0,0,17063.571
2,1.1499999999999975,230,17.189899615824057,1.0918848775423815,0.12698593684905124,0.11761423283921851,14.978125974203051,0.050879910278168981,14.97821239215034,0.025000000000000001,0,0,0.011788321363554313,0.0087740467912039467,1414.5985636265175,1140.626082856513,-0.024387089900245133,1.7619190396244708,-0.00010990907155317018,-35.36128035535544,2554.7826074554828,-0.27477267888292545,7871.5878125000008,6348.0546875,0,-0,-0,-0,0,17063.571
2,1.1549999999999974,231,17.264151920643297,1.1016435544976726,0.12757400663953619,0.11761368338457925,14.978033960763527,0.05088130114418897,14.978120383966463,0.025000000000000001,0,0,0.011788193213532923,0.0087739509802789543,1414.5831856239508,1140.6136274362641,-0.024386824789887521,1.761899847474512,-0.00010987330959446809,-35.360895945336907,2554.7547788380425,-0.27468327398617021,7871.5878125000008,6348.0546875,0,-0,-0,-0,0,17063.571
2,1.1599999999999973,232,17.338398016661202,1.1114458434271703,0.12816207368318208,0.11761313410107389,14.977941949327349,0.050882691321791178,14.978028377783776,0.025000000000000001,0,0,0.011788065095378801,0.0087738552306702335,1414.5678114454561,1140.6011799871303,-0.024386559745455318,1.761880663458341,-0.0001098405782886175,-35.36051163091021,2554.7269620145944,-0.27460144572154377,7871.5878125000008,6348.0546875,0,-0,-0,-0,0,17063.571
2,1.1649999999999971,233,17.412637878299954,1.1212917401973221,0.1287501379808077,0.11761258497413085,14.977849939893824,0.05088408083686307,14.977936373601674,0.025000000000000001,0,0,0.011787937008579767,0.0087737595391432673,1414.552441029572,1140.5887400886247,-0.024386294765888952,1.7618614872435931,-0.00010981064765476277,-35.360127410538979,2554.6991565032099,-0.2745266191369069,7871.5878125000008,6348.0546875,0,-0,-0,-0,0,17063.571
2,1.169999999999997,234,17.486871479984536,1.1311812406597843,0.12933819953316175,0.11761203599028897,14.97775793246228,0.050885469714703521,14.977844371419568,0.025000000000000001,0,0,0.011787808952570296,0.0087736639026176483,1414.5370743084354,1140.5763073402943,-0.024386029850018497,1.7618423185073058,-0.00010978330333305166,-35.359743282526821,2554.6713618355934,-0.27445825833262916,7871.5878125000008,6348.0546875,0,-0,-0,-0,0,17063.571
2,1.1749999999999969,235,17.561098796142758,1.1411143406514175,0.12992625834092825,0.11761148713712184,14.977665927032062,0.05088685797999002,14.977752371236889,0.025000000000000001,0,0,0.011787680926739989,0.0087735683181614406,1414.5217112087987,1140.5638813609874,-0.02438576499658119,1.761823156936116,-0.00010975834562186719,-35.359359245042725,2554.6435775573682,-0.27439586405466798,7871.5878125000008,6348.0546875,0,-0,-0,-0,0,17063.571
2,1.1799999999999968,236,17.635319801205249,1.1510910359942794,0.13051431440473152,0.11761093840316686,14.977573923602531,0.0508882456567522,14.97766037305308,0.025000000000000001,0,0,0.011787552930441278,0.0087734727829856182,1414.5063516529533,1140.5514617881304,-0.024385500204237364,1.7618040022263979,-0.00010973558856758245,-35.35897529614418,2554.6158032282769,-0.27433897141895613,7871.5878125000008,6348.0546875,0,-0,-0,-0,0,17063.571
2,1.1849999999999967,237,17.70953446960548,1.1611113224956204,0.13110236772514086,0.11761038977785861,14.97748192217307,0.050889632768351054,14.977568376867602,0.025000000000000001,0,0,0.011787424962996363,0.0087733772944385471,1414.4909955595635,1140.539048277011,-0.024385235471584835,1.761784854084343,-0.00010971485910381489,-35.358591433798011,2554.5880384222974,-0.27428714775953722,7871.5878125000008,6348.0546875,0,-0,-0,-0,0,17063.571
2,1.1899999999999966,238,17.783742775779761,1.1711751959478773,0.13169041830267486,0.11760984125146647,14.977389922743074,0.050891019337463268,14.977476382679926,0.025000000000000001,0,0,0.01178729702370347,0.0087732818500005968,1414.4756428444164,1140.5266405000775,-0.024384970797171803,1.7617657122259929,-0.00010969599624183957,-35.358207655899115,2554.5602827276898,-0.27423999060459892,7871.5878125000008,6348.0546875,0,-0,-0,-0,0,17063.571
2,1.1949999999999965,239,17.857944694167259,1.181282652128669,0.13227846613780536,0.1176092928150362,14.97729792531196,0.050892405386070122,14.977384390489545,0.025000000000000001,0,0,0.011787169111842452,0.0087731864472788326,1414.4602934210943,1140.5142381462483,-0.024384706179508463,1.7617465763772302,-0.00010967885030622711,-35.35782396028727,2554.5325357469837,-0.27419712576556776,7871.5878125000008,6348.0546875,0,-0,-0,-0,0,17063.571
2,1.1999999999999964,240,17.932140199210004,1.1914336868007911,0.13286651123096133,0.11760874446033513,14.977205929879164,0.050893790935450496,14.977292400295969,0.025000000000000001,0,0,0.011787041226679848,0.0087730910840018127,1414.4449472015817,1140.5018409202357,-0.024384441617077458,1.761727446273726,-0.00010966328221286404,-35.357440344762317,2554.5047970969026,-0.27415820553216008,7871.5878125000008,6348.0546875,0,-0,-0,-0,0,17063.571
2,1.2049999999999963,241,18.006329265352903,1.2016282957122115,0.13345455358253222,0.11760819617980098,14.977113936444137,0.05089517600617751,14.977200412098714,0.025000000000000001,0,0,0.011786913367473362,0.0087729957580145197,1414.4296040968034,1140.4894485418877,-0.024384177108343182,1.7617083216608593,-0.00010964916279101544,-35.357056807097614,2554.4770664082462,-0.27412290697753861,7871.5878125000008,6348.0546875,0,-0,-0,-0,0,17063.571
2,1.2099999999999962,242,18.080511867043747,1.2118664745960663,0.13404259319287129,0.11760764796649387,14.977021945006351,0.050896560618118362,14.977108425897322,0.025000000000000001,0,0,0.011786785533475888,0.0087729004672734145,1414.4142640171065,1140.4770607455439,-0.024383912651760046,1.7616892022936077,-0.00010963637214365463,-35.356673345052066,2554.4493433257312,-0.27409093035913656,7871.5878125000008,6348.0546875,0,-0,-0,-0,0,17063.571
2,1.2149999999999961,243,18.154687978733211,1.2221482191706554,0.13463063006229853,0.11760709981405149,14.976929955565291,0.050897944790437057,14.977016441691344,0.025000000000000001,0,0,0.011786657723939054,0.0087728052098416196,1414.3989268726864,1140.4646772794106,-0.024383648245779863,1.7616700879364038,-0.00010962479904708289,-35.356289956380799,2554.4216275077856,-0.27406199761770722,7871.5878125000008,6348.0546875,0,-0,-0,-0,0,17063.571
2,1.219999999999996,244,18.22885757487488,1.2324735251394388,0.13521866419110345,0.11760655171664713,14.976837968120464,0.05089932854159962,14.976924459480346,0.025000000000000001,0,0,0.011786529938116396,0.0087727099838842155,1414.3835925739675,1140.452297904948,-0.024383383888858374,1.7616509783629812,-0.00010961434038031257,-35.355906638844644,2554.3939186263228,-0.27403585095078142,7871.5878125000008,6348.0546875,0,-0,-0,-0,0,17063.571
2,1.2249999999999959,245,18.303020629925246,1.2428423881910324,0.13580669557954778,0.11760600366895059,14.976745982671391,0.050900711889381514,14.976832479263914,0.025000000000000001,0,0,0.011786402175266115,0.0087726147876637205,1414.3682610319338,1140.4399223962837,-0.024383119579460995,1.7616318733561946,-0.0001096049005966961,-35.355523390218444,2554.3662163664821,-0.27401225149174024,7871.5878125000008,6348.0546875,0,-0,-0,-0,0,17063.571
2,1.2299999999999958,246,18.377177118343724,1.2532548039992062,0.13639472422786764,0.11760545566609147,14.976653999217611,0.050902094850876933,14.976740501041641,0.025000000000000001,0,0,0.011786274434653514,0.0087725196195356722,1414.3529321584217,1140.4275505396374,-0.02438285531606782,1.7616127727078257,-0.00010959639122027056,-35.355140208298337,2554.3385204263473,-0.2739909780506764,7871.5878125000008,6348.0546875,0,-0,-0,-0,0,17063.571
2,1.2349999999999957,247,18.451327014592653,1.2637107682228792,0.13698275013627595,0.11760490770362508,14.976562017758678,0.050903477442509802,14.97664852481314,0.025000000000000001,0,0,0.011786146715553114,0.0087724244779443603,1414.3376058663737,1140.4151821327669,-0.024382591097178007,1.7615936762183764,-0.00010958873037611738,-35.354757090908109,2554.3108305166456,-0.27397182594029346,7871.5878125000008,6348.0546875,0,-0,-0,-0,0,17063.571
2,1.2399999999999956,248,18.525470293137314,1.2742102765061176,0.13757077330496439,0.11760435977750054,14.976470038294163,0.050904859680046113,14.976556550578033,0.025000000000000001,0,0,0.011786019017250501,0.0087723293614187115,1414.3222820700601,1140.4028169844325,-0.024382326921313615,1.7615745836968513,-0.00010958184234723376,-35.35437403590474,2554.2831463604343,-0.2739546058680844,7871.5878125000008,6348.0546875,0,-0,-0,-0,0,17063.571
2,1.2449999999999954,249,18.59960692844594,1.2847533244781324,0.13815879373410533,0.11760381188403102,14.976378060823652,0.050906241578607521,14.976464578335959,0.025000000000000001,0,0,0.011785891339043878,0.0087722342685683016,1414.3069606852653,1140.3904549138792,-0.024382062787022804,1.761555494960531,-0.00010957565715989404,-35.353991041183065,2554.2554676927698,-0.27393914289973509,7871.5878125000008,6348.0546875,0,-0,-0,-0,0,17063.571
2,1.2499999999999953,250,18.673736894989712,1.2953399077532757,0.13874681142385351,0.117603264019866,14.976286085346747,0.050907623152685905,14.976372608086567,0.025000000000000001,0,0,0.011785763680245434,0.0087721391980795146,1414.291641629452,1140.3780957503368,-0.024381798692882664,1.7615364098347377,-0.0001095701101923396,-35.353608104679864,2554.2277942603696,-0.273925275480849,7871.5878125000008,6348.0546875,0,-0,-0,-0,0,17063.571
2,1.2549999999999952,251,18.747860167242788,1.3059700219310393,0.13933482637434771,0.11760271618196548,14.976194111863061,0.050909004416158768,14.976280639829518,0.025000000000000001,0,0,0.011785636040182457,0.0087720441487118533,1414.2763248218948,1140.3657393325409,-0.02438153463750152,1.7615173281525995,-0.00010956514181093552,-35.353225224377205,2554.2001258212695,-0.27391285452733882,7871.5878125000008,6348.0546875,0,-0,-0,-0,0,17063.571
2,1.2599999999999951,252,18.821976719682294,1.3166436625960527,0.13992283858571231,0.11760216836757588,14.976102140372225,0.050910385382305308,14.97618867356449,0.025000000000000001,0,0,0.011785508418198268,0.0087719491192943689,1414.2610101837922,1140.353385508268,-0.024381270619520872,1.7614982497548064,-0.00010956069702551759,-35.352842398305263,2554.1724621444691,-0.27390174256379396,7871.5878125000008,6348.0546875,0,-0,-0,-0,0,17063.571
2,1.264999999999995,253,18.896086526788341,1.3273608253180804,0.14051084805805847,0.11760162057420763,14.976010170873883,0.050911766063822993,14.976096709291168,0.025000000000000001,0,0,0.011785380813652989,0.0087718541087222351,1414.2456976383587,1140.3410341338906,-0.024381006637616966,1.7614791744893654,-0.00010955672516759023,-35.352459624544601,2554.1448030095798,-0.27389181291897557,7871.5878125000008,6348.0546875,0,-0,-0,-0,0,17063.571
2,1.2699999999999949,254,18.970189563044041,1.338121505652021,0.14109885479148562,0.11760107279961431,14.975918203367691,0.050913146472844568,14.976004747009247,0.025000000000000001,0,0,0.011785253225924152,0.0087717591159534678,1414.2303871108982,1140.3286850739507,-0.024380742690502073,1.7614601022113587,-0.00010955317958992054,-35.352076901228003,2554.1171482064701,-0.27388294897480137,7871.5878125000008,6348.0546875,0,-0,-0,-0,0,17063.571
2,1.2749999999999948,255,19.044285802935502,1.3489256991379051,0.1416868587860825,0.1176005250417733,14.975826237853317,0.050914526620955317,14.975912786718441,0.025000000000000001,0,0,0.011785125654407152,0.0087716641400057659,1414.2150785288582,1140.3163382007497,-0.02438047877692542,1.7614410327826977,-0.00010955001738389,-35.351694226541859,2554.0894975349115,-0.27387504345972502,7871.5878125000008,6348.0546875,0,-0,-0,-0,0,17063.571
2,1.2799999999999947,256,19.118375220951844,1.3597734013008944,0.14227486004192821,0.11759997729886774,14.975734274330446,0.050915906519210512,14.975820828418463,0.025000000000000001,0,0,0.011784998098515605,0.0087715691799534687,1414.1997718218727,1140.303993393951,-0.024380214895673925,1.7614219660718788,-0.00010954719911298979,-35.351311598727193,2554.0618508042244,-0.2738679977824745,7871.5878125000008,6348.0546875,0,-0,-0,-0,0,17063.571
2,1.2849999999999946,257,19.192457791585213,1.3706646076512803,0.14286285855909331,0.11759942956926976,14.975642312798769,0.050917286178152964,14.97572887210905,0.025000000000000001,0,0,0.011784870557681553,0.0087714742349246731,1414.1844669217865,1140.2916505402075,-0.024379951045572622,1.7614029019537425,-0.00010954468856900803,-35.3509290160803,2554.0342078329268,-0.27386172142252008,7871.5878125000008,6348.0546875,0,-0,-0,-0,0,17063.571
2,1.2899999999999945,258,19.266533489330783,1.3815993136844826,0.14345085433764063,0.11759888185152496,14.975550353257992,0.050918665607830559,14.975636917789936,0.025000000000000001,0,0,0.011784743031355608,0.0087713793040984454,1414.169163762673,1140.2793095327979,-0.024379687225484965,1.7613838403092357,-0.00010954245253776662,-35.350546476953198,2554.0065684483916,-0.27385613134441655,7871.5878125000008,6348.0546875,0,-0,-0,-0,0,17063.571
2,1.2949999999999944,259,19.340602288686767,1.3925775148810491,0.14403884737762612,0.117598334144338,14.975458395707831,0.050920044817813752,14.97554496546087,0.025000000000000001,0,0,0.011784615519006973,0.0087712843867021589,1414.1538622808368,1140.2669702712806,-0.024379423434312868,1.761364781025174,-0.00010954046058309359,-35.35016397975366,2553.9789324865023,-0.27385115145773398,7871.5878125000008,6348.0546875,0,-0,-0,-0,0,17063.571
2,1.2999999999999943,260,19.414664164154427,1.4035992067066547,0.14462683767909967,0.11759778644655915,14.975366440148012,0.050921423817212937,14.975453015121609,0.025000000000000001,0,0,0.011784488020123414,0.0087711894820089627,1414.1385624148097,1140.2546326611653,-0.024379159670996645,1.7613457239940131,-0.00010953868484552913,-35.349781522945136,2553.9512997913189,-0.27384671211382283,7871.5878125000008,6348.0546875,0,-0,-0,-0,0,17063.571
2,1.3049999999999942,261,19.488719090238085,1.414664384612101,0.14521482524210569,0.11759723875717198,14.975274486578272,0.050922802614695603,14.975361066771921,0.025000000000000001,0,0,0.011784360534211141,0.0087710945893353376,1414.1232641053371,1140.2422966135939,-0.024378895934514776,1.7613266691136191,-0.00010953709985130899,-35.349399105046423,2553.9236702147477,-0.27384274962827249,7871.5878125000008,6348.0546875,0,-0,-0,-0,0,17063.571
2,1.3099999999999941,262,19.562767041445124,1.4257730440333152,0.14580281006668386,0.11759669107528183,14.975182534998357,0.050924181218503305,14.97526912041158,0.025000000000000001,0,0,0.011784233060794638,0.0087709997080387958,1414.1079672953565,1140.2299620450435,-0.02437863222388352,1.7613076162870489,-0.00010953568233826445,-35.349016724631106,2553.896043616221,-0.27383920584566113,7871.5878125000008,6348.0546875,0,-0,-0,-0,0,17063.571
2,1.314999999999994,263,19.636807992286005,1.4369251803913505,0.14639079215286968,0.11759614340010513,14.975090585408024,0.050925559636468339,14.975177176040367,0.025000000000000001,0,0,0.011784105599416426,0.0087709048375156484,1414.0926719299712,1140.2176288770343,-0.024378368538156486,1.7612885654223305,-0.00010953441108881635,-35.348634380326907,2553.8684198623791,-0.27383602772204085,7871.5878125000008,6348.0546875,0,-0,-0,-0,0,17063.571
2,1.3199999999999938,264,19.710841917274276,1.4481207890923862,0.14697877150069497,0.11759559573095965,14.974998637807037,0.050926937876030115,14.975085233658072,0.025000000000000001,0,0,0.01178397814963681,0.0087708099771989078,1414.0773779564172,1140.2052970358579,-0.024378104876424049,1.7612695164322527,-0.00010953326677758923,-35.348252070814873,2553.8407988267663,-0.27383316694397308,7871.5878125000008,6348.0546875,0,-0,-0,-0,0,17063.571
2,1.3249999999999937,265,19.784868790926577,1.4593598655277262,0.14756674811018836,0.11759504806725535,14.974906692195169,0.050928315944251193,14.974993293264495,0.025000000000000001,0,0,0.011783850711033557,0.008770715126556276,1414.0620853240268,1140.1929664523159,-0.024377841237812711,1.7612504692341606,-0.00010953223182732472,-35.347869794828433,2553.813180389533,-0.2738305795683118,7871.5878125000008,6348.0546875,0,-0,-0,-0,0,17063.571
2,1.3299999999999936,266,19.85888858776265,1.470642405073801,0.14815472198137575,0.11759450040848596,14.974814748572202,0.050929693847832969,14.974901354859435,0.025000000000000001,0,0,0.011783723283201547,0.0087706202850882237,1414.0467939841856,1140.180637061469,-0.024377577621484379,1.7612314237497515,-0.0001095312902754813,-35.347487551152348,2553.7855644371398,-0.27382822568870324,7871.5878125000008,6348.0546875,0,-0,-0,-0,0,17063.571
2,1.3349999999999935,267,19.932901282305348,1.4819684030921663,0.14874269311428071,0.11759395275422127,14.974722806937924,0.050931071593130969,14.974809418442709,0.025000000000000001,0,0,0.011783595865752403,0.0087705254523261656,1414.0315038902884,1140.1683088024015,-0.024377314026635608,1.7612123799048829,-0.00010953042764951988,-35.347105338621631,2553.7579508620802,-0.2738260691237997,7871.5878125000008,6348.0546875,0,-0,-0,-0,0,17063.571
2,1.3399999999999934,268,20.006906849080647,1.4933378549295042,0.14933066150892485,0.11759340510409996,14.974630867292134,0.050932449186169758,14.97471748401413,0.025000000000000001,0,0,0.011783468458314102,0.0087704306278307397,1414.0162149976923,1140.1559816179961,-0.024377050452496763,1.7611933376293856,-0.00010952963085105694,-35.346723156120305,2553.7303395626091,-0.27382407712764234,7871.5878125000008,6348.0546875,0,-0,-0,-0,0,17063.571
2,1.3449999999999933,269,20.080905262617648,1.5047507559176234,0.14991862716532811,0.11759285745782297,14.974538929634637,0.050933826632657414,14.974625551573526,0.025000000000000001,0,0,0.011783341060530542,0.0087703358111901365,1414.0009272636651,1140.1436554547176,-0.024376786898331164,1.7611742968568769,-0.00010952888804804389,-35.346341002580189,2553.7027304424714,-0.27382222012010971,7871.5878125000008,6348.0546875,0,-0,-0,-0,0,17063.571
2,1.3499999999999932,270,20.154896497448593,1.5162071013734595,0.15050659008350908,0.11759230981514746,14.974446993965239,0.050935203937999593,14.97453362112072,0.025000000000000001,0,0,0.011783213672061123,0.0087702410020185535,1413.9856406473348,1140.1313302624119,-0.024376523363434197,1.761155257524589,-0.00010952818857429065,-35.345958876979587,2553.6751234106541,-0.27382047143572663,7871.5878125000008,6348.0546875,0,-0,-0,-0,0,17063.571
2,1.3549999999999931,271,20.228880528108874,1.5277068865990755,0.15109455026348526,0.11759176217588117,14.974355060283761,0.050936581107313174,14.974441692655549,0.025000000000000001,0,0,0.011783086292580305,0.0087701461999546947,1413.9703551096366,1140.1190059941102,-0.024376259847132393,1.7611362195731974,-0.0001095275228355149,-35.345576778341972,2553.6475183811363,-0.27381880708878725,7871.5878125000008,6348.0546875,0,-0,-0,-0,0,17063.571
2,1.359999999999993,272,20.302857329137034,1.5392501068816631,0.15168250770527331,0.11759121453987738,14.974263128590026,0.050937958145439464,14.974349766177856,0.025000000000000001,0,0,0.011782958921777142,0.0087700514046603548,1413.955070613257,1140.1066826058461,-0.024375996348782496,1.7611171829466541,-0.00010952688222332653,-35.34519470573462,2553.6199152726485,-0.27381720555831635,7871.5878125000008,6348.0546875,0,-0,-0,-0,0,17063.571
2,1.3649999999999929,273,20.37682687507478,1.5508367574935429,0.15227046240888928,0.11759066690703006,14.974171198883862,0.050939335056956962,14.97425784168748,0.025000000000000001,0,0,0.011782831559354834,0.0087699566158190873,1413.9397871225801,1140.0943600564813,-0.024375732867770488,1.761098147592034,-0.00010952625903439638,-35.344812658267209,2553.5923140084492,-0.27381564758599097,7871.5878125000008,6348.0546875,0,-0,-0,-0,0,17063.571
2,1.3699999999999928,274,20.450789140466995,1.5624668336921652,0.15285841437434874,0.1175901192772696,14.974079271165106,0.050940711846193677,14.974165919184276,0.025000000000000001,0,0,0.01178270420503027,0.0087698618331349346,1413.9245046036324,1140.0820383075416,-0.024375469403510687,1.7610791134593795,-0.0001095256463964688,-35.344430635090497,2553.5647145161001,-0.273814115991172,7871.5878125000008,6348.0546875,0,-0,-0,-0,0,17063.571
2,1.3749999999999927,275,20.524744099861749,1.5741403307201116,0.15344636360166705,0.11758957165055883,14.973987345433596,0.050942088517239047,14.974073998668096,0.025000000000000001,0,0,0.011782576858533554,0.0087697670563312083,1413.9092230240265,1140.0697173230571,-0.024375205955444748,1.761060080501555,-0.00010952503819664799,-35.344048635394884,2553.5371167272547,-0.27381259549161996,7871.5878125000008,6348.0546875,0,-0,-0,-0,0,17063.571
2,1.3799999999999926,276,20.598691727810294,1.5858572438050953,0.15403431009085941,0.11758902402688938,14.973895421689178,0.050943465073955391,14.9739820801388,0.025000000000000001,0,0,0.011782449519607555,0.0087696722851493616,1413.8939423529066,1140.057397069417,-0.024374942523040732,1.7610410486741075,-0.00010952442901921131,-35.343666658409063,2553.509520577456,-0.27381107254802828,7871.5878125000008,6348.0546875,0,-0,-0,-0,0,17063.571
2,1.3849999999999925,277,20.672631998867093,1.5976175681599625,0.15462225384194106,0.11758847640627834,14.973803499931703,0.050944841519988938,14.973890163596247,0.025000000000000001,0,0,0.011782322188007436,0.0087695775193479056,1413.8786625608923,1140.0450775152278,-0.024374679105792128,1.7610220179351299,-0.00010952381408599194,-35.343284703398588,2553.4819260059385,-0.27380953521497986,7871.5878125000008,6348.0546875,0,-0,-0,-0,0,17063.571
2,1.3899999999999924,278,20.746564887589809,1.6094212989826933,0.15521019485492737,0.11758792878876521,14.973711580161025,0.050946217858780458,14.973798249040305,0.025000000000000001,0,0,0.011782194863500206,0.0087694827587013798,1413.8633836200247,1140.0327586311794,-0.02437441570321694,1.7610029882451328,-0.00010952318919948994,-35.342902769664562,2553.4543329554426,-0.27380797299872484,7871.5878125000008,6348.0546875,0,-0,-0,-0,0,17063.571
2,1.3949999999999922,279,20.820490368539328,1.6212684314564034,0.15579813312983398,0.11758738117440914,14.973619662377002,0.050947594093575452,14.973706336470844,0.025000000000000001,0,0,0.011782067545864286,0.0087693880029993902,1413.8481055037144,1140.0204403899206,-0.024374152314856772,1.7609839595669217,-0.00010952255069296371,-35.342520856542322,2553.4267413720363,-0.27380637673240926,7871.5878125000008,6348.0546875,0,-0,-0,-0,0,17063.571
2,1.3999999999999921,280,20.894408416279759,1.6331589607493449,0.15638606866667684,0.11758683356328638,14.973527746579498,0.050948970227433943,14.973614425887737,0.025000000000000001,0,0,0.01178194023488903,0.0087692932520456943,1413.8328281866836,1140.0081227659402,-0.024373888940275854,1.7609649318654743,-0.00010952189538400034,-35.342138963399989,2553.3991512049379,-0.27380473846000086,7871.5878125000008,6348.0546875,0,-0,-0,-0,0,17063.571
2,1.404999999999992,281,20.968319005378454,1.6450928820149078,0.15697400146547236,0.11758628595548797,14.973435832768379,0.050950346263239882,14.97352251729086,0.025000000000000001,0,0,0.011781812930374331,0.0087691985056573291,1413.8175516449196,1139.9958057354527,-0.024373625579060209,1.7609459051078324,-0.00010952122052840422,-35.341757089637305,2553.371562406357,-0.27380305132101057,7871.5878125000008,6348.0546875,0,-0,-0,-0,0,17063.571
2,1.4099999999999919,282,21.042222110405998,1.6570701903916214,0.15756193152623743,0.11758573835111766,14.973343920943517,0.050951722203710144,14.973430610680095,0.025000000000000001,0,0,0.011781685632130166,0.0087691037636637957,1413.8022758556199,1139.9834892762935,-0.02437336223081674,1.7609268792629889,-0.00010952052378174813,-35.341375234684271,2553.3439749313338,-0.27380130945437031,7871.5878125000008,6348.0546875,0,-0,-0,-0,0,17063.571
2,1.4149999999999918,283,21.11611770593624,1.6690908810031557,0.15814985884898944,0.11758519075029002,14.973252011104785,0.050953098051403134,14.973338706055324,0.025000000000000001,0,0,0.011781558339976194,0.0087690090259062922,1413.7870007971433,1139.971173367818,-0.024373098895172352,1.7609078543017855,-0.00010951980316165191,-35.34099339799991,2553.316388737589,-0.27379950790412977,7871.5878125000008,6348.0546875,0,-0,-0,-0,0,17063.571
2,1.4199999999999917,284,21.190005766546285,1.6811549489583231,0.15873778343374642,0.11758464315312867,14.973160103252061,0.050954473808727065,14.973246803416432,0.025000000000000001,0,0,0.011781431053741341,0.0087689142922369821,1413.7717264489609,1139.9588579908077,-0.024372835571773145,1.7608888301968151,-0.00010951905701388114,-35.340611579071059,2553.2888037853818,-0.27379764253470285,7871.5878125000008,6348.0546875,0,-0,-0,-0,0,17063.571
2,1.4249999999999916,285,21.263886266816506,1.6932623893510794,0.15932570528052703,0.11758409555976476,14.973068197385226,0.050955849477947832,14.973154902763307,0.025000000000000001,0,0,0.011781303773263413,0.0087688195625183069,1413.7564527916095,1139.94654312738,-0.024372572260283568,1.7608698069223252,-0.00010951828397978716,-35.340229777411174,2553.2612200373715,-0.27379570994946789,7871.5878125000008,6348.0546875,0,-0,-0,-0,0,17063.571
2,1.4299999999999915,286,21.337759181330565,1.7054131972605264,0.15991362438935061,0.11758354797033557,14.972976293504162,0.050957225061196543,14.973063004095842,0.025000000000000001,0,0,0.011781176498388697,0.0087687248366223273,1413.7411798066437,1139.9342287609024,-0.024372308960385645,1.7608507844541292,-0.00010951748296690767,-35.339847992559186,2553.2336374584875,-0.27379370741726916,7871.5878125000008,6348.0546875,0,-0,-0,-0,0,17063.571
2,1.4349999999999914,287,21.4116244846754,1.7176073677509123,0.16050154076023718,0.11758300038498321,14.972884391608758,0.050958600560476748,14.972971107413928,0.025000000000000001,0,0,0.011781049228971597,0.0087686301144301333,1413.7259074765916,1139.9219148759173,-0.024372045671778163,1.7608317627695209,-0.00010951665312495607,-35.339466224078336,2553.2060560158052,-0.27379163281239016,7871.5878125000008,6348.0546875,0,-0,-0,-0,0,17063.571
2,1.4399999999999913,288,21.485482151441257,1.7298448958716339,0.16108945439320749,0.11758245280385349,14.972792491698902,0.050959975977671282,14.972879212717462,0.025000000000000001,0,0,0.011780921964874267,0.0087685353958312454,1413.710635784912,1139.9096014580618,-0.024371782394175954,1.7608127418471897,-0.00010951579381676311,-35.339084471555132,2553.178475678425,-0.27378948454190777,7871.5878125000008,6348.0546875,0,-0,-0,-0,0,17063.571
2,1.4449999999999912,289,21.559332156221682,1.7421257766572389,0.161677365288283,0.11758190522709494,14.972700593774483,0.050961351314548833,14.972787320006338,0.025000000000000001,0,0,0.011780794705966257,0.0087684406807230914,1413.6953647159507,1139.8972884940019,-0.024371519127309147,1.7607937216671479,-0.00010951490460001877,-35.338702734598264,2553.1508964173645,-0.27378726150004695,7871.5878125000008,6348.0546875,0,-0,-0,-0,0,17063.571
2,1.4499999999999911,290,21.633174473613536,1.7544500051274268,0.16226527344548597,0.11758135765485785,14.972608697835398,0.050962726572770178,14.972695429280458,0.025000000000000001,0,0,0.011780667452124168,0.0087683459690104763,1413.6800942549,1139.8849759713619,-0.024371255870922471,1.760774702210651,-0.00010951398520323892,-35.338321012837582,2553.1233182054439,-0.27378496300809729,7871.5878125000008,6348.0546875,0,-0,-0,-0,0,17063.571
2,1.454999999999991,291,21.707009078217002,1.7668175762870508,0.16285317886483938,0.11758081008729346,14.972516803881541,0.050964101753894146,14.972603540539724,0.025000000000000001,0,0,0.011780540203231337,0.0087682512606051116,1413.6648243877605,1139.8726638786645,-0.024370992624774573,1.7607556834601326,-0.00010951303550816647,-35.337939305923129,2553.0957410171923,-0.27378258877041617,7871.5878125000008,6348.0546875,0,-0,-0,-0,0,17063.571
2,1.4599999999999909,292,21.780835944635598,1.7792284851261204,0.16344108154636697,0.11758026252455328,14.972424911912812,0.050965476859383262,14.972511653784039,0.025000000000000001,0,0,0.011780412959177504,0.0087681565554251686,1413.6495551013004,1139.860352205272,-0.024370729388637349,1.760736665399133,-0.00010951205553310502,-35.337557613524154,2553.0681648287427,-0.27378013883276253,7871.5878125000008,6348.0546875,0,-0,-0,-0,0,17063.571
2,1.4649999999999908,293,21.854655047476179,1.7916827266198021,0.16402898149009321,0.11757971496678842,14.97233302192911,0.050966851890609163,14.972419769013309,0.025000000000000001,0,0,0.011780285719858511,0.008768061853394838,1413.6342863830214,1139.8480409413289,-0.024370466162295323,1.7607176480122395,-0.00010951104541495625,-35.337175935328219,2553.0405896177472,-0.27377761353739061,7871.5878125000008,6348.0546875,0,-0,-0,-0,0,17063.571
2,1.4699999999999906,294,21.928466361348953,1.8041802957284223,0.16461687869604338,0.11757916741414901,14.972241133930337,0.050968226848857698,14.972327886227436,0.025000000000000001,0,0,0.011780158485176011,0.0087679671544439401,1413.6190182211212,1139.8357300777122,-0.024370202945545042,1.7606986312850221,-0.0001095100053966462,-35.336794271040311,2553.0130153632822,-0.27377501349161548,7871.5878125000008,6348.0546875,0,-0,-0,-0,0,17063.571
2,1.4749999999999905,295,22.002269860867482,1.8167211873974685,0.16520477316424348,0.11757861986678377,14.972149247916398,0.050969601735333804,14.972236005426332,0.025000000000000001,0,0,0.011780031255037175,0.0087678724585075474,1413.6037506044611,1139.8234196059811,-0.024369939738194471,1.760679615203981,-0.00010950893581264154,-35.336412620381985,2552.9854420457723,-0.27377233953160385,7871.5878125000008,6348.0546875,0,-0,-0,-0,0,17063.571
2,1.4799999999999904,296,22.076065520648701,1.8293053965575916,0.16579266489472025,0.11757807232483951,14.972057363887197,0.050970976551166135,14.972144126609903,0.025000000000000001,0,0,0.011779904029354431,0.0087677777655256282,1413.5884835225318,1139.8111095183317,-0.024369676540062439,1.7606605997564886,-0.00010950783707730807,-35.336030983090538,2552.9578696469084,-0.27376959269327017,7871.5878125000008,6348.0546875,0,-0,-0,-0,0,17063.571
2,1.4849999999999903,297,22.14985331531291,1.8419329181246078,0.16638055388750114,0.11757752478846081,14.971965481842641,0.050972351297411463,14.972052249778063,0.025000000000000001,0,0,0.011779776808045185,0.0087676830754427181,1413.5732169654223,1139.7987998075535,-0.024369413350978083,1.7606415849307386,-0.00010950670967422411,-35.335649358918218,2552.9302981495712,-0.27376677418556028,7871.5878125000008,6348.0546875,0,-0,-0,-0,0,17063.571
2,1.4899999999999902,298,22.223633219483805,1.8546037469995007,0.16696844014261436,0.11757697725778968,14.971873601782638,0.050973725975058823,14.97196037493072,0.025000000000000001,0,0,0.011779649591031588,0.0087675883882076082,1413.5579509237905,1139.7864904669891,-0.024369150170780344,1.7606225707156999,-0.00010950555414542577,-35.335267747631498,2552.9027275377648,-0.27376388536356444,7871.5878125000008,6348.0546875,0,-0,-0,-0,0,17063.571
2,1.4949999999999901,299,22.297405207788465,1.867317878068423,0.1675563236600888,0.11757642973296528,14.9717817237071,0.050975100585033482,14.971868502067789,0.025000000000000001,0,0,0.011779522378240282,0.0087674937037730497,1413.5426853888339,1139.7741814904964,-0.024368886999317475,1.7606035571010668,-0.0001095043710825621,-35.334886149010337,2552.8751577965468,-0.27376092770640525,7871.5878125000008,6348.0546875,0,-0,-0,-0,0,17063.571
2,1.49999999999999,300,22.371169254857378,1.8800753062026989,0.16814420443995401,0.11757588221412373,14.971689847615936,0.050976475128200679,14.971776631189185,0.025000000000000001,0,0,0.011779395169602174,0.008767399022095489,1413.5274203522608,1139.7618728724135,-0.024368623836446526,1.7605845440772181,-0.00010950316112011933,-35.334504562847464,2552.8475889119663,-0.27375790280029833,7871.5878125000008,6348.0546875,0,-0,-0,-0,0,17063.571
2,1.5049999999999899,301,22.444925335324434,1.8928760262588258,0.16873208248224023,0.11757533470139785,14.971597973509059,0.050977849605369191,14.971684762294823,0.025000000000000001,0,0,0.011779267965052215,0.0087673043431348002,1413.5121558062658,1139.749564607524,-0.024368360682032943,1.7605655316351752,-0.00010950192492493897,-35.334122988947769,2552.8200208710041,-0.27375481231234744,7871.5878125000008,6348.0546875,0,-0,-0,-0,0,17063.571
2,1.5099999999999898,302,22.51867342382695,1.9057200330784767,0.16931995778697839,0.11757478719491707,14.971506101386383,0.050979224017294662,14.971592895384616,0.025000000000000001,0,0,0.011779140764529185,0.0087672096668540509,1413.4968917435021,1139.7372566910267,-0.024368097535950067,1.7605465197665615,-0.00010950066319282996,-35.333741427127599,2552.7924536615142,-0.2737516579820749,7871.5878125000008,6348.0546875,0,-0,-0,-0,0,17063.571
2,1.5149999999999897,303,22.592413495005665,1.9186073214885024,0.16990783035420001,0.11757423969480731,14.971414231247824,0.050980598364682814,14.971501030458485,0.025000000000000001,0,0,0.011779013567975494,0.0087671149932192771,1413.4816281570593,1139.7249491185059,-0.024367834398078762,1.7605275084635674,-0.00010949937664031495,-35.333359877214207,2552.7648872721729,-0.27374844160078737,7871.5878125000008,6348.0546875,0,-0,-0,-0,0,17063.571
2,1.5199999999999896,304,22.66614552350476,1.9315378863009331,0.17049570018393728,0.11757369220119084,14.971322363093295,0.050981972648192452,14.971409167516347,0.025000000000000001,0,0,0.011778886375336986,0.0087670203221992746,1413.4663650404384,1139.7126418859057,-0.024367571268306999,1.7605084977189152,-0.00010949806600076499,-35.332978339045148,2552.737321692427,-0.27374516500191248,7871.5878125000008,6348.0546875,0,-0,-0,-0,0,17063.571
2,1.5249999999999895,305,22.739869483971852,1.9445117223129809,0.17108356727622295,0.11757314471418623,14.971230496922713,0.050983346868438299,14.971317306558118,0.025000000000000001,0,0,0.011778759186562758,0.0087669256537653961,1413.4511023875309,1139.7003349895015,-0.024367308146529452,1.760489487525825,-0.0001094967320187152,-35.332596812467706,2552.7097569124462,-0.27374183004678798,7871.5878125000008,6348.0546875,0,-0,-0,-0,0,17063.571
2,1.5299999999999894,306,22.813585351058016,1.9575288243070419,0.17167143163109036,0.11757259723390832,14.971138632735997,0.050984721025993711,14.97122544758372,0.025000000000000001,0,0,0.011778632001604984,0.0087668309878913674,1413.4358401925981,1139.6880284258777,-0.024367045032647201,1.7604704778779843,-0.00010949537544458962,-35.332215297338443,2552.6821929230773,-0.27373843861147407,7871.5878125000008,6348.0546875,0,-0,-0,-0,0,17063.571
2,1.5349999999999893,307,22.887293099417796,1.9705891870506986,0.17225929324857342,0.1175720497604682,14.971046770533063,0.050986095121393196,14.971133590593071,0.025000000000000001,0,0,0.01177850482041874,0.0087667363245531229,1413.4205784502487,1139.6757221919061,-0.024366781926567303,1.7604514687695185,-0.00010949399703365543,-35.331833793522591,2552.654629715802,-0.27373499258413858,7871.5878125000008,6348.0546875,0,-0,-0,-0,0,17063.571
2,1.5399999999999892,308,22.960992703709195,1.9836928052967218,0.1728471521287066,0.11757150229397316,14.97095491031383,0.050987469155134836,14.971041735586093,0.025000000000000001,0,0,0.011778377642961853,0.0087666416637286332,1413.4053171554224,1139.6634162847224,-0.024366518828202514,1.7604324601949646,-0.00010949259753992919,-35.331452300893645,2552.6270672826986,-0.27373149384982298,7871.5878125000008,6348.0546875,0,-0,-0,-0,0,17063.571
2,1.544999999999989,309,23.034684138593704,1.9968396737830725,0.17343500827152489,0.11757095483452673,14.97086305207822,0.050988843127682544,14.970949882562707,0.025000000000000001,0,0,0.01177825046919475,0.0087665470053977634,1413.3900563033699,1139.6511107017093,-0.024366255737470963,1.7604134521492418,-0.00010949117771408509,-35.331070819332894,2552.5995056164006,-0.27372794428521274,7871.5878125000008,6348.0546875,0,-0,-0,-0,0,17063.571
2,1.5499999999999889,310,23.108367378736297,2.0100297872329049,0.17402286167706377,0.11757040738222869,14.970771195826153,0.050990217039468211,14.970858031522834,0.025000000000000001,0,0,0.0117781232990803,0.0087664523495421271,1413.3747958896361,1139.6388054404765,-0.024365992654295839,1.7603944446276312,-0.0001094897383011812,-35.330689348728967,2552.5719447100651,-0.27372434575295301,7871.5878125000008,6348.0546875,0,-0,-0,-0,0,17063.571
2,1.5549999999999888,311,23.182042398805446,2.0232631403545684,0.17461071234535924,0.11756985993717516,14.970679341557549,0.050991590890893716,14.970766182466399,0.025000000000000001,0,0,0.011777996132583693,0.0087663576961449583,1413.3595359100432,1139.6265004988445,-0.024365729578605125,1.7603754376257486,-0.00010948828003822655,-35.33030788897743,2552.5443845573354,-0.27372070009556637,7871.5878125000008,6348.0546875,0,-0,-0,-0,0,17063.571
2,1.5599999999999887,312,23.255709173473132,2.0365397278416095,0.17519856027644776,0.11756931249945854,14.970587489272331,0.050992964682332831,14.970674335393324,0.025000000000000001,0,0,0.011777868969672296,0.0087662630451909914,1413.3442763606756,1139.614195874829,-0.024365466510331318,1.7603564311395261,-0.00010948680365193013,-35.329926439980412,2552.5168251523128,-0.27371700912982533,7871.5878125000008,6348.0546875,0,-0,-0,-0,0,17063.571
2,1.5649999999999886,313,23.329367677414847,2.0498595443727736,0.1757864054703662,0.11756876506916768,14.970495638970421,0.050994338414133027,14.970582490303531,0.025000000000000001,0,0,0.011777741810315536,0.0087661683966663417,1413.3290172378643,1139.6018915666243,-0.02436520344941116,1.7603374251651893,-0.00010948530985690467,-35.329545001646181,2552.4892664895247,-0.27371327464226169,7871.5878125000008,6348.0546875,0,-0,-0,-0,0,17063.571
2,1.5699999999999885,314,23.403017885309605,2.0632225846120087,0.17637424792715195,0.11756821764638785,14.970403790651741,0.05099571208661715,14.970490647196945,0.025000000000000001,0,0,0.011777614654484778,0.0087660737505584028,1413.3137585381733,1139.5895875725923,-0.024364940395785423,1.760318419699239,-0.00010948379935509819,-35.329163573888863,2552.4617085638965,-0.2737094983877455,7871.5878125000008,6348.0546875,0,-0,-0,-0,0,17063.571
2,1.5749999999999884,315,23.476659771839955,2.076628843208467,0.17696208764684274,0.11756767023120086,14.970311944316213,0.050997085700085015,14.97039880607349,0.025000000000000001,0,0,0.011777487502153216,0.0087659791068557449,1413.298500258386,1139.5772838912469,-0.02436467734939865,1.7602994147384332,-0.0001094822728324516,-35.328782156628044,2552.4341513707282,-0.273705682081129,7871.5878125000008,6348.0546875,0,-0,-0,-0,0,17063.571
2,1.5799999999999883,316,23.550293311691981,2.0900783147965063,0.17754992462947675,0.11756712282368514,14.970220099963765,0.050998459254814915,14.970306966933091,0.025000000000000001,0,0,0.011777360353295768,0.008765884465548027,1413.2832423954922,1139.5649805212436,-0.024364414310198947,1.7602804102797689,-0.00010948073096035387,-35.328400749788472,2552.4065949056649,-0.27370182740088467,7871.5878125000008,6348.0546875,0,-0,-0,-0,0,17063.571
2,1.5849999999999882,317,23.623918479555318,2.1035709939956937,0.17813775887509251,0.11756657542391578,14.970128257594316,0.050999832751065018,14.970215129775674,0.025000000000000001,0,0,0.011777233207888961,0.0087657898266259027,1413.2679849466754,1139.5526774613672,-0.02436415127813776,1.7602614063204665,-0.00010947917439325465,-35.328019353299752,2552.3790391646762,-0.27369793598313663,7871.5878125000008,6348.0546875,0,-0,-0,-0,0,17063.571
2,1.5899999999999881,318,23.69753525012316,2.1171068754108071,0.17872559038372893,0.11756602803196467,14.970036417207796,0.051001206189074694,14.970123294601162,0.025000000000000001,0,0,0.011777106065910864,0.0087656951900809531,1413.2527279093038,1139.540374710524,-0.024363888253169715,1.7602424028579569,-0.00010947760376834594,-35.327637967096088,2552.3514841440374,-0.27369400942086486,7871.5878125000008,6348.0546875,0,-0,-0,-0,0,17063.571
2,1.594999999999988,319,23.771143598092262,2.1306859536318381,0.17931341915542529,0.11756548064790052,14.969944578804126,0.051002579569065766,14.970031461409484,0.025000000000000001,0,0,0.011776978927340967,0.0087656005559056012,1413.237471280916,1139.5280722677282,-0.024363625235252383,1.7602233998898633,-0.00010947601970472079,-35.327256591115955,2552.3239298403018,-0.27369004926180196,7871.5878125000008,6348.0546875,0,-0,-0,-0,0,17063.571
2,1.5999999999999879,320,23.844743498162963,2.1443082232339936,0.17990124519022119,0.11756493327178905,14.969852742383232,0.051003952891243674,14.96993963020056,0.025000000000000001,0,0,0.011776851792160108,0.0087655059240930519,1413.2222150592129,1139.5157701320968,-0.024363362224346128,1.7602043974139918,-0.00010947442280435098,-35.326875225301883,2552.2963762502882,-0.27368605701087745,7871.5878125000008,6348.0546875,0,-0,-0,-0,0,17063.571
2,1.6049999999999878,321,23.918334925039172,2.1579736787776982,0.18048906848815655,0.11756438590369293,14.969760907945039,0.051005326155798586,14.969847800974323,0.025000000000000001,0,0,0.011776724660350402,0.0087654112946372216,1413.2069592420482,1139.5034683028389,-0.02436309922041394,1.7601853954283175,-0.00010947281364944956,-35.326493869600213,2552.2688233710605,-0.27368203412362391,7871.5878125000008,6348.0546875,0,-0,-0,-0,0,17063.571
2,1.6099999999999877,322,23.991917853428401,2.1716823148085975,0.18107688904927158,0.11756383854367206,14.969669075489476,0.051006699362906416,14.969755973730695,0.025000000000000001,0,0,0.011776597531895147,0.0087653166675326754,1413.1917038274178,1139.4911667792478,-0.024362836223421277,1.7601663939309709,-0.00010947119280385778,-35.326112523960852,2552.2412711999077,-0.27367798200964444,7871.5878125000008,6348.0546875,0,-0,-0,-0,0,17063.571
2,1.6149999999999876,323,24.065492258041754,2.1854341258575598,0.18166470687360681,0.11756329119178349,14.969577245016467,0.051008072512729812,14.969664148469606,0.025000000000000001,0,0,0.011776470406778764,0.0087652220427745908,1413.1764488134518,1139.4788655606967,-0.024362573233335901,1.76014739292023,-0.00010946956081345434,-35.325731188337059,2552.2137197343336,-0.27367390203363584,7871.5878125000008,6348.0546875,0,-0,-0,-0,0,17063.571
2,1.6199999999999875,324,24.139058113593951,2.1992291064406784,0.18225252196120303,0.11756274384808164,14.969485416525938,0.051009445605419049,14.969572325190981,0.025000000000000001,0,0,0.011776343284986718,0.0087651274203586794,1413.1611941984061,1139.4665646466283,-0.02436231025012775,1.7601283923945097,-0.00010946791820426825,-35.325349862685236,2552.186168972039,-0.27366979551067061,7871.5878125000008,6348.0546875,0,-0,-0,-0,0,17063.571
2,1.6249999999999873,325,24.212615394803326,2.2130672510592735,0.18284033431210134,0.11756219651261833,14.969393590017816,0.051010818641112884,14.969480503894747,0.025000000000000001,0,0,0.011776216166505463,0.0087650328002811667,1413.1459399806556,1139.4542640365516,-0.024362047273768801,1.7601093923523494,-0.0001094662654846843,-35.324968546964762,2552.1586189109066,-0.27366566371171075,7871.5878125000008,6348.0546875,0,-0,-0,-0,0,17063.571
2,1.6299999999999872,326,24.286164076391838,2.2269485541998963,0.18342814392634302,0.11756164918544286,14.969301765492029,0.051012191619939362,14.969388684580831,0.025000000000000001,0,0,0.011776089051322379,0.0087649381825387254,1413.1306861586854,1139.4419637300343,-0.024361784304232935,1.760090392792407,-0.0001094646031435559,-35.324587241137756,2552.1310695489901,-0.27366150785888976,7871.5878125000008,6348.0546875,0,-0,-0,-0,0,17063.571
2,1.6349999999999871,327,24.359704133085085,2.2408730103343295,0.18401595080396965,0.11756110186660217,14.969209942948503,0.051013564542016561,14.969296867249163,0.025000000000000001,0,0,0.0117759619394257,0.0087648435671284532,1413.115432731084,1139.4296637266989,-0.024361521341495825,1.7600713937134489,-0.0001094629316522969,-35.324205945168949,2552.103520884501,-0.27365732913074226,7871.5878125000008,6348.0546875,0,-0,-0,-0,0,17063.571
2,1.639999999999987,328,24.433235539612305,2.2548406139195905,0.18460375494502301,0.11756055455614087,14.969118122387165,0.051014937407453304,14.969205051899667,0.025000000000000001,0,0,0.011775834830804488,0.0087647489540478209,1413.1001796965386,1139.4173640262168,-0.02436125838553484,1.7600523951143439,-0.00010946125146358554,-35.323824659025519,2552.0759729157985,-0.27365312865896385,7871.5878125000008,6348.0546875,0,-0,-0,-0,0,17063.571
2,1.6449999999999869,329,24.506758270706388,2.2688513593979343,0.18519155634954509,0.11756000725410135,14.969026303807945,0.051016310216349788,14.969113238532277,0.025000000000000001,0,0,0.011775707725448557,0.0087646543432946446,1413.0849270538267,1139.4050646283038,-0.024360995436328896,1.7600333969940527,-0.00010945956301211482,-35.323443382676899,2552.0484256413765,-0.27364890753028703,7871.5878125000008,6348.0546875,0,-0,-0,-0,0,17063.571
2,1.6499999999999868,330,24.580272301103889,2.2829052411968549,0.18577935501757811,0.11755945996052386,14.968934487210769,0.051017682968798224,14.969021427146913,0.025000000000000001,0,0,0.011775580623348429,0.0087645597348670612,1413.0696748018115,1139.3927655327179,-0.024360732493858405,1.7600143993516244,-0.00010945786671634323,-35.32306211609469,2552.0208790598554,-0.27364466679085808,7871.5878125000008,6348.0546875,0,-0,-0,-0,0,17063.571
2,1.6549999999999867,331,24.653777605545024,2.2970022537290888,0.18636715094916448,0.11755891267544662,14.968842672595564,0.051019055664883413,14.968929617743509,0.025000000000000001,0,0,0.011775453524495298,0.0087644651287634816,1413.0544229394357,1139.3804667392526,-0.024360469558105134,1.7599954021861883,-0.00010945616297631204,-35.322680859252443,2551.9933331699731,-0.27364040744078011,7871.5878125000008,6348.0546875,0,-0,-0,-0,0,17063.571
2,1.6599999999999866,332,24.727274158773692,2.3111423913926163,0.1869549441443468,0.11755836539890589,14.96875085996226,0.051020428304683264,14.968837810321991,0.025000000000000001,0,0,0.01177532642888098,0.0087643705249825787,1413.0391714657176,1139.3681682477352,-0.024360206629052156,1.7599764054969484,-0.00010945445217587349,-35.322299612125626,2551.9657879705751,-0.27363613043968371,7871.5878125000008,6348.0546875,0,-0,-0,-0,0,17063.571
2,1.6649999999999865,333,24.80076193553748,2.3253256485706646,0.18754273460316781,0.11755781813093605,14.968659049310784,0.051021800888269311,14.96874600488229,0.025000000000000001,0,0,0.011775199336497873,0.0087642759235232563,1413.0239203797448,1139.3558700580234,-0.024359943706683748,1.7599574092831771,-0.00010945273468289542,-35.321918374691435,2551.9382434606068,-0.27363183670723856,7871.5878125000008,6348.0546875,0,-0,-0,-0,0,17063.571
2,1.6699999999999864,334,24.87424091058767,2.3395520196317103,0.18813052232567049,0.11755727087156967,14.968567240641065,0.051023173415707182,14.96865420142433,0.025000000000000001,0,0,0.011775072247338921,0.0087641813243846279,1413.0086696806704,1139.3435721700016,-0.02435968079098531,1.7599384135442107,-0.00010945101084887482,-35.321537146928698,2551.9106996391056,-0.27362752712218708,7871.5878125000008,6348.0546875,0,-0,-0,-0,0,17063.571
2,1.6749999999999863,335,24.947711058679243,2.3538214989294821,0.1887183073118979,0.11755672362083761,14.96847543395303,0.05102454588705703,14.968562399948043,0.025000000000000001,0,0,0.011774945161397576,0.0087640867275659857,1412.9934193677091,1139.3312745835781,-0.024359417881943297,1.7599194182794451,-0.00010944928100973356,-35.321155928817781,2551.8831565051955,-0.27362320252433392,7871.5878125000008,6348.0546875,0,-0,-0,-0,0,17063.571
2,1.6799999999999862,336,25.021172354570894,2.3681340808029625,0.18930608956189329,0.11755617637876907,14.968383629246608,0.051025918302373949,14.968470600453356,0.025000000000000001,0,0,0.011774818078667764,0.0087639921330668041,1412.9781694401318,1139.3189772986846,-0.024359154979545144,1.75990042348833,-0.00010944754548736455,-35.320774720340459,2551.8556140580786,-0.27361886371841138,7871.5878125000008,6348.0546875,0,-0,-0,-0,0,17063.571
2,1.6849999999999861,337,25.094624773025039,2.3824897595763903,0.18989386907570008,0.11755562914539172,14.968291826521728,0.051027290661708344,14.968378802940199,0.025000000000000001,0,0,0.011774690999143855,0.0087638975408866962,1412.9629198972627,1139.3066803152706,-0.024358892083779202,1.7598814291703651,-0.00010944580458824475,-35.320393521479843,2551.8280722970294,-0.27361451147061189,7871.5878125000008,6348.0546875,0,-0,-0,-0,0,17063.571
2,1.689999999999986,338,25.168068288807827,2.3968885295592641,0.19048164585336175,0.11755508192073169,14.968200025778319,0.051028662965106303,14.968287007408499,0.025000000000000001,0,0,0.011774563922820636,0.008763802951025414,1412.9476707384763,1139.2943836333038,-0.024358629194634687,1.7598624353250969,-0.00010944405860509505,-35.320012332220294,2551.8005312213904,-0.27361014651273763,7871.5878125000008,6348.0546875,0,-0,-0,-0,0,17063.571
2,1.6949999999999859,339,25.24150287668914,2.4113303850463437,0.19106941989492196,0.11755453470481371,14.968108227016311,0.051030035212609917,14.968195213858188,0.025000000000000001,0,0,0.01177443684969328,0.0087637083634828257,1412.9324219631935,1139.2820872527673,-0.024358366312101611,1.7598434419521141,-0.00010944230781672105,-35.319631152547338,2551.7729908305655,-0.2736057695418026,7871.5878125000008,6348.0546875,0,-0,-0,-0,0,17063.571
2,1.6999999999999857,340,25.314928511442609,2.4258153203176533,0.19165719120042449,0.11755398749766112,14.968016430235629,0.051031407404257587,14.968103422289191,0.025000000000000001,0,0,0.011774309779757313,0.0087636137782589069,1412.9171735708776,1139.2697911736579,-0.024358103436170727,1.7598244490510444,-0.00010944055248971836,-35.319249982447552,2551.7454511240144,-0.27360138122429589,7871.5878125000008,6348.0546875,0,-0,-0,-0,0,17063.571
2,1.7049999999999856,341,25.388345167845621,2.4403433296384835,0.19224495976991321,0.11755344029929599,14.967924635436205,0.051032779540084325,14.96801163270144,0.025000000000000001,0,0,0.011774182713008605,0.0087635191953537254,1412.9019255610326,1139.2574953959843,-0.024357840566833478,1.759805456621552,-0.00010943879287708569,-35.318868821908545,2551.7179121012505,-0.27359698219271422,7871.5878125000008,6348.0546875,0,-0,-0,-0,0,17063.571
2,1.7099999999999855,342,25.461752820679322,2.4549144072593934,0.19283272560343212,0.11755289310973913,14.967832842617966,0.051034151620122016,14.967919845094862,0.025000000000000001,0,0,0.011774055649443331,0.0087634246147674268,1412.8866779331997,1139.2451999197656,-0.024357577704081965,1.7597864646633341,-0.00010943702922018019,-35.318487670918849,2551.6903737618345,-0.27359257305045048,7871.5878125000008,6348.0546875,0,-0,-0,-0,0,17063.571
2,1.7149999999999854,343,25.535151444728637,2.4695285474162145,0.19342048870102532,0.11755234592901018,14.967741051780843,0.051035523644399651,14.967828059469388,0.025000000000000001,0,0,0.011773928589057963,0.0087633300365002331,1412.8714306869556,1139.2329047450303,-0.024357314847908876,1.7597674731761184,-0.0001094352617481718,-35.318106529467869,2551.6628361053718,-0.27358815437042949,7871.5878125000008,6348.0546875,0,-0,-0,-0,0,17063.571
2,1.7199999999999853,344,25.608541014782265,2.4841857443300523,0.19400824906273698,0.11755179875712767,14.967649262924764,0.051036895612943577,14.967736275824947,0.025000000000000001,0,0,0.011773801531849242,0.0087632354605524185,1412.8561838219091,1139.2206098718143,-0.024357051998307483,1.7597484821596594,-0.00010943349067892996,-35.31772539754585,2551.6352991315061,-0.27358372669732489,7871.5878125000008,6348.0546875,0,-0,-0,-0,0,17063.571
2,1.7249999999999852,345,25.681921505632701,2.4988859922072884,0.19459600668861138,0.11755125159410906,14.967557476049659,0.051038267525777704,14.967644494161467,0.025000000000000001,0,0,0.011773674477814156,0.0087631408869243213,1412.8409373376987,1139.2083153001618,-0.024356789155271539,1.7597294916137391,-0.00010943171622045611,-35.317344275143732,2551.6077628399216,-0.27357929055114028,7871.5878125000008,6348.0546875,0,-0,-0,-0,0,17063.571
2,1.7299999999999851,346,25.755292892076234,2.5136292852395838,0.19518376157869288,0.11755070443997082,14.967465691155457,0.051039639382923718,14.967552714478879,0.025000000000000001,0,0,0.011773547426949929,0.0087630463156163161,1412.8256912339914,1139.1960210301211,-0.024356526318795313,1.7597105015381604,-0.0001094299385693148,-35.316963162253202,2551.5802272303326,-0.273574846423287,7871.5878125000008,6348.0546875,0,-0,-0,-0,0,17063.571
2,1.734999999999985,347,25.828655148912958,2.5284156176038817,0.19577151373302593,0.11755015729472841,14.967373908242086,0.051041011184401242,14.96746093677711,0.025000000000000001,0,0,0.011773420379254005,0.0087629517466288175,1412.8104455104806,1139.1837270617464,-0.024356263488873518,1.7596915119327501,-0.00010942815791211161,-35.316582058866601,2551.5526923024877,-0.273570394780279,7871.5878125000008,6348.0546875,0,-0,-0,-0,0,17063.571
2,1.7399999999999849,348,25.902008250946789,2.543244983462408,0.19635926315165503,0.11754961015839643,14.967282127309478,0.051042382930228024,14.967369161056091,0.025000000000000001,0,0,0.011773293334724027,0.0087628571799622697,1412.7952001668832,1139.1714333950952,-0.024356000665501268,1.7596725227973522,-0.00010942637442624346,-35.316200964976836,2551.5251580561608,-0.27356593606560864,7871.5878125000008,6348.0546875,0,-0,-0,-0,0,17063.571
2,1.7449999999999848,349,25.97535217298546,2.5581173769626768,0.19694700983462476,0.11754906303098861,14.967190348357558,0.051043754620420094,14.96727738731575,0.025000000000000001,0,0,0.011773166293357821,0.0087627626156171496,1412.7799552029385,1139.1591400302295,-0.024355737848674074,1.75965353413183,-0.00010942458828026246,-35.315819880577408,2551.4976244911536,-0.27356147070065617,7871.5878125000008,6348.0546875,0,-0,-0,-0,0,17063.571
2,1.7499999999999847,350,26.048686889840535,2.5730327922374907,0.19753475378197979,0.11754851591251783,14.967098571386259,0.05104512625499192,14.967185615556017,0.025000000000000001,0,0,0.011773039255153391,0.0087626680535939413,1412.7647106184068,1139.1468469672125,-0.024355475038387801,1.7596345459360616,-0.00010942279963330748,-35.315438805662311,2551.4700916072893,-0.27355699908326869,7871.5878125000008,6348.0546875,0,-0,-0,-0,0,17063.571
2,1.7549999999999846,351,26.122012376327429,2.5879912234049445,0.19812249499376486,0.11754796880299623,14.967006796395509,0.051046497833956518,14.967093845776825,0.025000000000000001,0,0,0.011772912220108903,0.0087625734938931565,1412.7494664130684,1139.1345542061104,-0.02435521223463866,1.7596155582099415,-0.00010942100863619543,-35.315057740226059,2551.4425594044151,-0.2735525215904886,7871.5878125000008,6348.0546875,0,-0,-0,-0,0,17063.571
2,1.7599999999999845,352,26.195328607265395,2.6029926645684269,0.1987102334700247,0.11754742170243518,14.966915023385239,0.051047869357325609,14.967002077978098,0.025000000000000001,0,0,0.011772785188222671,0.0087624789365153121,1412.7342225867205,1139.1222617469905,-0.024354949437423164,1.7595965709533754,-0.00010941921543198986,-35.314676684263588,2551.4150278823945,-0.27354803857997467,7871.5878125000008,6348.0546875,0,-0,-0,-0,0,17063.571
2,1.7649999999999844,353,26.268635557477548,2.6180371098166235,0.19929796921080417,0.11754687461084538,14.966823252355375,0.051049240825109719,14.966910312159767,0.025000000000000001,0,0,0.011772658159493139,0.0087623843814609338,1412.7189791391768,1139.1099695899213,-0.024354686646738094,1.7595775841662835,-0.00010941742015636464,-35.314295637770236,2551.3874970411111,-0.27354355039091161,7871.5878125000008,6348.0546875,0,-0,-0,-0,0,17063.571
2,1.7699999999999843,354,26.341933201790873,2.6331245532235199,0.19988570221614813,0.11754632752823688,14.96673148330585,0.051050612237318292,14.966818548321761,0.025000000000000001,0,0,0.011772531133918889,0.008762289828730549,1412.7037360702666,1139.0976777349713,-0.024354423862580504,1.7595585978485944,-0.00010941562293699007,-35.313914600741732,2551.3599668804618,-0.27353905734247519,7871.5878125000008,6348.0546875,0,-0,-0,-0,0,17063.571
2,1.7749999999999841,355,26.415221515036226,2.6482549888484033,0.20047343248610153,0.11754578045461908,14.966639716236591,0.051051983593959786,14.966726786464012,0.025000000000000001,0,0,0.011772404111498614,0.0087621952783246953,1412.6884933798337,1139.0853861822104,-0.024354161084947708,1.7595396120002487,-0.00010941382389532919,-35.313533573174176,2551.3324374003605,-0.27353455973832297,7871.5878125000008,6348.0546875,0,-0,-0,-0,0,17063.571
2,1.779999999999984,356,26.488500472048351,2.6634284107358654,0.20106116002070931,0.11754523339000081,14.966547951147529,0.051053354895041772,14.966635026586449,0.025000000000000001,0,0,0.01177227709223112,0.008762100730243895,1412.6732510677343,1139.0730949317062,-0.024353898313837222,1.759520626621194,-0.00010941202314527345,-35.313152555063972,2551.3049086007313,-0.27353005786318363,7871.5878125000008,6348.0546875,0,-0,-0,-0,0,17063.571
2,1.7849999999999839,357,26.561770047665878,2.6786448129158056,0.20164888482001653,0.11754468633439033,14.966456188038594,0.051054726140571008,14.966543268689,0.025000000000000001,0,0,0.011772150076115309,0.0087620061844886805,1412.6580091338371,1139.0608039835286,-0.024353635549246785,1.7595016417113885,-0.00010941022079541653,-35.312771546407838,2551.2773804815133,-0.27352555198854134,7871.5878125000008,6348.0546875,0,-0,-0,-0,0,17063.571
2,1.7899999999999838,358,26.635030216731341,2.6939041894034328,0.20223660688406822,0.11754413928779539,14.966364426909713,0.051056097330553531,14.966451512771595,0.025000000000000001,0,0,0.011772023063150177,0.0087619116410595672,1412.6427675780212,1139.0485133377438,-0.024353372791174312,1.7594826572707936,-0.00010940841694773553,-35.312390547202753,2551.2498530426506,-0.27352104236933883,7871.5878125000008,6348.0546875,0,-0,-0,-0,0,17063.571
2,1.7949999999999837,359,26.708280954091183,2.7092065341992679,0.20282432621290949,0.11754359225022322,14.966272667760819,0.051057468464994718,14.966359758834162,0.025000000000000001,0,0,0.011771896053334807,0.0087618170999570668,1412.627526400177,1139.0362229944187,-0.02435311003961791,1.7594636732993802,-0.00010940661169840951,-35.312009557445968,2551.2223262841012,-0.27351652924602377,7871.5878125000008,6348.0546875,0,-0,-0,-0,0,17063.571
2,1.7999999999999836,360,26.781522234595766,2.7245518412891472,0.20341204280658548,0.11754304522168062,14.96618091059184,0.051058839543899351,14.966268006876636,0.025000000000000001,0,0,0.011771769046668362,0.008761722561181691,1412.6122856002034,1139.0239329536198,-0.024352847294575843,1.7594446897971245,-0.00010940480513881994,-35.311628577134975,2551.1948002058307,-0.27351201284704985,7871.5878125000008,6348.0546875,0,-0,-0,-0,0,17063.571
2,1.8049999999999835,361,26.854754033099375,2.7399401046442247,0.20399975666514136,0.11754249820217391,14.966089155402704,0.051060210567271697,14.966176256898942,0.025000000000000001,0,0,0.011771642043150069,0.0087616280247339237,1412.5970451780083,1139.01164321541,-0.024352584556046521,1.7594257067640069,-0.00010940299735441385,-35.311247606267457,2551.1672748078099,-0.27350749338603464,7871.5878125000008,6348.0546875,0,-0,-0,-0,0,17063.571
2,1.8099999999999834,362,26.927976324460236,2.7553713182209738,0.2045874677886223,0.11754195119170902,14.965997402193343,0.051061581535115537,14.966084508901009,0.025000000000000001,0,0,0.011771515042779228,0.0087615334906142508,1412.5818051335073,1138.9993537798525,-0.024352321824028487,1.7594067242000118,-0.00010940118842629545,-35.310866644841305,2551.1397500900171,-0.27350297106573862,7871.5878125000008,6348.0546875,0,-0,-0,-0,0,17063.571
2,1.8149999999999833,363,27.00118908354051,2.7708454759611914,0.20517517617707354,0.11754140419029147,14.965905650963686,0.05106295244743423,14.96599276288277,0.025000000000000001,0,0,0.011771388045555203,0.0087614389588231423,1412.5665654666243,1138.9870646470085,-0.024352059098520434,1.7593877421051296,-0.00010939937843065763,-35.310485692854627,2551.112226052438,-0.27349844607664409,7871.5878125000008,6348.0546875,0,-0,-0,-0,0,17063.571
2,1.8199999999999832,364,27.074392285206319,2.7863625717919995,0.20576288183054031,0.11754085719792641,14.965813901713663,0.051064323304230767,14.965901018844153,0.025000000000000001,0,0,0.011771261051477407,0.0087613444293610492,1412.551326177289,1138.9747758169365,-0.024351796379521135,1.759368760479352,-0.00010939756743871385,-35.310104750305648,2551.0847026950605,-0.27349391859678462,7871.5878125000008,6348.0546875,0,-0,-0,-0,0,17063.571
2,1.8249999999999831,365,27.147585904327737,2.8019225996258483,0.20635058474906789,0.11754031021461865,14.965722154443203,0.051065694105507806,14.965809276785087,0.025000000000000001,0,0,0.011771134060545307,0.0087612499022284192,1412.5360872654369,1138.9624872896945,-0.024351533667029499,1.7593497793226747,-0.00010939575551876714,-35.309723817192776,2551.0571800178782,-0.27348938879691786,7871.5878125000008,6348.0546875,0,-0,-0,-0,0,17063.571
2,1.829999999999983,366,27.220769915778813,2.8175255533605181,0.20693828493270158,0.11753976324037269,14.965630409152235,0.051067064851267704,14.965717536705501,0.025000000000000001,0,0,0.011771007072758417,0.0087611553774256789,1412.5208487310101,1138.9501990653382,-0.024351270961044516,1.7593307986350959,-0.00010939394273425478,-35.309342893514547,2551.0296580208892,-0.27348485683563695,7871.5878125000008,6348.0546875,0,-0,-0,-0,0,17063.571
2,1.8349999999999829,367,27.293944294437573,2.8331714268791228,0.20752598238148673,0.11753921627519268,14.96553866584069,0.051068435541512573,14.965625798605329,0.025000000000000001,0,0,0.011770880088116296,0.0087610608549532395,1412.5056105739557,1138.9379111439212,-0.024351008261565273,1.7593118184166163,-0.00010939212914479413,-35.308961979269647,2551.0021367040936,-0.27348032286198531,7871.5878125000008,6348.0546875,0,-0,-0,-0,0,17063.571
2,1.8399999999999828,368,27.367109015186028,2.848860214050112,0.20811367709546863,0.11753866931908251,14.965446924508496,0.051069806176244285,14.965534062484496,0.025000000000000001,0,0,0.011770753106618537,0.0087609663348114999,1412.4903727942244,1138.925623525495,-0.024350745568590928,1.7592928386672375,-0.00010939031480713765,-35.308581074456846,2550.9746160674945,-0.27347578701784414,7871.5878125000008,6348.0546875,0,-0,-0,-0,0,17063.571
2,1.8449999999999827,369,27.440264052910184,2.8645919087272742,0.20870136907469267,0.11753812237204579,14.965355185155584,0.051071176755464534,14.965442328342931,0.025000000000000001,0,0,0.011770626128264773,0.0087608718170008437,1412.4751353917727,1138.9133362101097,-0.024350482882120723,1.7592738593869641,-0.00010938849977401333,-35.308200179075051,2550.9470961110978,-0.27347124943503331,7871.5878125000008,6348.0546875,0,-0,-0,-0,0,17063.571
2,1.8499999999999825,370,27.513409382500047,2.8803665047497389,0.20928905831920422,0.11753757543408587,14.965263447781883,0.051072547279174832,14.965350596180569,0.025000000000000001,0,0,0.01177049915305467,0.0087607773015216366,1412.4598983665603,1138.9010491978127,-0.024350220202153966,1.7592548805758006,-0.00010938668409485218,-35.307819293123252,2550.9195768349109,-0.27346671023713043,7871.5878125000008,6348.0546875,0,-0,-0,-0,0,17063.571
2,1.8549999999999824,371,27.586544978849638,2.8961839959419793,0.20987674482904867,0.11753702850520586,14.965171712387322,0.05107391774737656,14.965258865997333,0.025000000000000001,0,0,0.011770372180987919,0.008760682788374231,1412.4446617185502,1138.8887624886499,-0.024349957528690017,1.7592359022337534,-0.00010938486781681149,-35.307438416600526,2550.8920582389424,-0.27346216954202873,7871.5878125000008,6348.0546875,0,-0,-0,-0,0,17063.571
2,1.8599999999999823,372,27.659670816856998,2.9120443761138151,0.21046442860427142,0.11753648158540865,14.965079978971833,0.051075288160070974,14.965167137793157,0.025000000000000001,0,0,0.011770245212064245,0.0087605882775589634,1412.4294254477095,1138.8764760826652,-0.024349694861728319,1.75921692436083,-0.00010938305098329692,-35.307057549506062,2550.8645403232035,-0.27345762745824231,7871.5878125000008,6348.0546875,0,-0,-0,-0,0,17063.571
2,1.8649999999999822,373,27.732786871424199,2.9279476390604149,0.21105210964491788,0.11753593467469692,14.964988247535343,0.051076658517259226,14.96507541156797,0.025000000000000001,0,0,0.011770118246283389,0.0087604937690761563,1412.4141895540067,1138.8641899799004,-0.024349432201268315,1.7591979469570378,-0.00010938123363598606,-35.306676691839058,2550.8370230877049,-0.27345308408996516,7871.5878125000008,6348.0546875,0,-0,-0,-0,0,17063.571
2,1.8699999999999821,374,27.805893117457348,2.9438937785622992,0.21163978795103353,0.11753538777307312,14.964896518077785,0.051078028818942384,14.964983687321702,0.025000000000000001,0,0,0.011769991283645125,0.0087603992629261135,1412.398954037415,1138.8519041803947,-0.024349169547309549,1.7591789700223854,-0.00010937941581289579,-35.306295843598846,2550.8095065324587,-0.27344853953223947,7871.5878125000008,6348.0546875,0,-0,-0,-0,0,17063.571
2,1.874999999999982,375,27.878989529866594,2.9598827883853431,0.21222746352266378,0.11753484088053956,14.964804790599086,0.051079399065121461,14.964891965054282,0.025000000000000001,0,0,0.011769864324149238,0.008760304759109128,1412.3837188979087,1138.8396186841867,-0.024348906899851582,1.7591599935568807,-0.00010937759755061052,-35.305915004784794,2550.7819906574769,-0.27344399387652629,7871.5878125000008,6348.0546875,0,-0,-0,-0,0,17063.571
2,1.8799999999999819,376,27.952076083566144,2.9759146622807791,0.21281513635985408,0.11753429399709833,14.964713065099177,0.051080769255797409,14.964800244765641,0.025000000000000001,0,0,0.011769737367795536,0.0087602102576254722,1412.3684841354643,1138.8273334913115,-0.024348644258894003,1.7591410175605331,-0.00010937577888244049,-35.305534175396303,2550.7544754627729,-0.27343944720610125,7871.5878125000008,6348.0546875,0,-0,-0,-0,0,17063.571
2,1.8849999999999818,377,28.02515275347427,2.9919893939851989,0.21340280646264992,0.11753374712275139,14.964621341577987,0.051082139390971143,14.964708526455706,0.025000000000000001,0,0,0.011769610414583836,0.0087601157584754133,1412.3532497500603,1138.8150486018037,-0.024348381624436442,1.7591220420333504,-0.00010937395984087743,-35.305153355432843,2550.7269609483583,-0.27343489960219358,7871.5878125000008,6348.0546875,0,-0,-0,-0,0,17063.571
2,1.8899999999999817,378,28.098219514513314,3.0081069772205575,0.21399047383109676,0.11753320025750053,14.964529620035446,0.051083509470643551,14.964616810124408,0.025000000000000001,0,0,0.01176948346451398,0.0087600212616591958,1412.3380157416775,1138.8027640156954,-0.024348118996478572,1.7591030669753427,-0.00010937214045525251,-35.304772544893929,2550.6994471142471,-0.2734303511381313,7871.5878125000008,6348.0546875,0,-0,-0,-0,0,17063.571
2,1.8949999999999816,379,28.171276341609694,3.0242674056941743,0.2145781384652401,0.11753265340134739,14.964437900471484,0.051084879494815515,14.964525095771679,0.025000000000000001,0,0,0.011769356517585814,0.008759926767177054,1412.3227821102978,1138.790479733017,-0.024347856375020079,1.7590840923865179,-0.00010937032075362367,-35.304391743779114,2550.671933960451,-0.27342580188405918,7871.5878125000008,6348.0546875,0,-0,-0,-0,0,17063.571
2,1.8999999999999815,380,28.244323209693924,3.0404706730987363,0.21516580036512542,0.1175321065542935,14.964346182886031,0.051086249463487901,14.964433383397449,0.025000000000000001,0,0,0.011769229573799202,0.0087598322750292081,1412.3075488559043,1138.778195753797,-0.024347593760060671,1.7590651182668839,-0.00010936850076184327,-35.304010952087971,2550.6444214869816,-0.2734212519046082,7871.5878125000008,6348.0546875,0,-0,-0,-0,0,17063.571
2,1.9049999999999814,381,28.317360093700607,3.0567167731123024,0.21575345953079822,0.11753155971634024,14.964254467279014,0.051087619376661585,14.964341673001639,0.025000000000000001,0,0,0.011769102633154012,0.0087597377852158681,1412.2923159784814,1138.7659120780629,-0.024347331151600076,1.7590461446164489,-0.00010936668050503613,-35.30363016982011,2550.6169096938511,-0.27341670126259032,7871.5878125000008,6348.0546875,0,-0,-0,-0,0,17063.571
2,1.9099999999999813,382,28.390386968568457,3.0730056993983035,0.21634111596230399,0.11753101288748889,14.964162753650365,0.05108898923433744,14.964249964584187,0.025000000000000001,0,0,0.011768975695650127,0.0087596432977372265,1412.2770834780151,1138.7536287058394,-0.024347068549638057,1.7590271714352206,-0.00010936486000541663,-35.303249396975183,2550.5893985810699,-0.27341215001354158,7871.5878125000008,6348.0546875,0,-0,-0,-0,0,17063.571
2,1.9149999999999812,383,28.463403809240297,3.0893374456055471,0.21692876965968827,0.11753046606774059,14.964071042000015,0.051090359036516368,14.964158258145023,0.025000000000000001,0,0,0.011768848761287439,0.0087595488125934619,1412.2618513544928,1138.7413456371501,-0.024346805954174398,1.7590081987232058,-0.00010936303928383495,-35.302868633552876,2550.5618881486484,-0.27340759820958738,7871.5878125000008,6348.0546875,0,-0,-0,-0,0,17063.571
2,1.9199999999999811,384,28.536410590663074,3.1057120053682192,0.21751642062299656,0.11752991925709641,14.963979332327892,0.051091728783199286,14.964066553684074,0.025000000000000001,0,0,0.011768721830065842,0.008759454329784748,1412.246619607901,1138.7290628720173,-0.024346543365208861,1.7589892264804117,-0.00010936121836095936,-35.302487879552849,2550.5343783965968,-0.27340304590239839,7871.5878125000008,6348.0546875,0,-0,-0,-0,0,17063.571
2,1.9249999999999809,385,28.609407287787871,3.1221293723058872,0.2181040688522744,0.11752937245555731,14.963887624633925,0.051093098474387137,14.96397485120127,0.025000000000000001,0,0,0.011768594901985239,0.0087593598493112424,1412.2313882382286,1138.7167804104615,-0.024346280782741259,1.7589702547068442,-0.00010935939725502522,-35.302107134974825,2550.5068693249241,-0.27339849313756304,7871.5878125000008,6348.0546875,0,-0,-0,-0,0,17063.571
2,1.9299999999999808,386,28.682393875569904,3.1385895400235024,0.21869171434756732,0.11752882566312416,14.963795918918045,0.0510944681100809,14.963883150696539,0.025000000000000001,0,0,0.011768467977045534,0.0087592653711730892,1412.216157245464,1138.7044982525017,-0.024346018206771389,1.7589512834025081,-0.00010935757598356304,-35.301726399818513,2550.4793609336366,-0.27339393995890759,7871.5878125000008,6348.0546875,0,-0,-0,-0,0,17063.571
2,1.9349999999999807,387,28.755370328968539,3.1550925021114038,0.21927935710892082,0.11752827887979775,14.963704215180181,0.051095837690281587,14.963791452169813,0.025000000000000001,0,0,0.011768341055246646,0.0087591708953704273,1412.2009266295975,1138.6922163981556,-0.024345755637299082,1.7589323125674097,-0.0001093557545623753,-35.30134567408367,2550.4518532227439,-0.27338938640593824,7871.5878125000008,6348.0546875,0,-0,-0,-0,0,17063.571
2,1.9399999999999806,388,28.828336622947301,3.1716382521453195,0.21986699713638047,0.11752773210557879,14.963612513420264,0.05109720721499024,14.963699755621024,0.025000000000000001,0,0,0.011768214136588488,0.0087590764219033796,1412.1856963906184,1138.6799348474394,-0.024345493074324161,1.7589133422015517,-0.00010935393300708256,-35.300964957770034,2550.4243461922501,-0.2733848325177064,7871.5878125000008,6348.0546875,0,-0,-0,-0,0,17063.571
2,1.9449999999999805,389,28.901292732473877,3.1882267836863694,0.2204546344299918,0.11752718534046791,14.963520813638223,0.05109857668420794,14.963608061050097,0.025000000000000001,0,0,0.011768087221070981,0.0087589819507720608,1412.1704665285176,1138.6676536003679,-0.024345230517846466,1.7588943723049393,-0.00010935211133112262,-35.300584250877378,2550.3968398421621,-0.27338027832780654,7871.5878125000008,6348.0546875,0,-0,-0,-0,0,17063.571
2,1.9499999999999804,390,28.974238632520127,3.204858090281069,0.22104226898980034,0.11752663858446569,14.963429115833987,0.051099946097935826,14.963516368456965,0.025000000000000001,0,0,0.011767960308694049,0.0087588874819765766,1412.1552370432858,1138.655372656955,-0.024344967967865835,1.7588754028775748,-0.00010935028954800146,-35.30020355340546,2550.3693341724834,-0.27337572387000364,7871.5878125000008,6348.0546875,0,-0,-0,-0,0,17063.571
2,1.9549999999999803,391,29.047174298062092,3.221532165461332,0.22162990081585163,0.11752609183757262,14.963337420007488,0.051101315456175064,14.963424677841557,0.025000000000000001,0,0,0.011767833399457616,0.0087587930155170225,1412.1400079349139,1138.6430920172129,-0.024344705424382111,1.7588564339194606,-0.00010934846766951978,-35.299822865354059,2550.3418291832177,-0.27337116917379944,7871.5878125000008,6348.0546875,0,-0,-0,-0,0,17063.571
2,1.9599999999999802,392,29.120099704080012,3.2382490027444719,0.22221752990819124,0.11752554509978916,14.963245726158654,0.051102684758926875,14.963332989203803,0.025000000000000001,0,0,0.011767706493361611,0.0087586985513934852,1412.1247792033932,1138.6308116811531,-0.024344442887395141,1.7588374654305987,-0.00010934664570738732,-35.299442186722956,2550.3143248743681,-0.27336661426846831,7871.5878125000008,6348.0546875,0,-0,-0,-0,0,17063.571
2,1.9649999999999801,393,29.193014825558315,3.255008595633206,0.2228051562668647,0.1175249983711157,14.963154034287415,0.051104054006192515,14.963241302543631,0.025000000000000001,0,0,0.01176757959040596,0.008758604089606041,1412.1095508487153,1138.6185316487854,-0.02434418035690479,1.7588184974109902,-0.00010934482367179044,-35.299061517511944,2550.2868212459357,-0.27336205917947609,7871.5878125000008,6348.0546875,0,-0,-0,-0,0,17063.571
2,1.96999999999998,394,29.265919637485638,3.2718109376156574,0.22339277989191758,0.11752445165155258,14.9630623443937,0.051105423197973301,14.963149617860971,0.025000000000000001,0,0,0.011767452690590596,0.0087585096301547611,1412.0943228708716,1138.6062519201189,-0.0243439178329109,1.7587995298606349,-0.00010934300157291545,-35.298680857720804,2550.2593182979208,-0.27335750393228864,7871.5878125000008,6348.0546875,0,-0,-0,-0,0,17063.571
2,1.9749999999999799,395,29.338814114854841,3.2886560221653589,0.22398040078339543,0.11752390494110009,14.96297065647744,0.051106792334270582,14.963057935155756,0.025000000000000001,0,0,0.011767325793915448,0.0087584151730397079,1412.0790952698537,1138.593972495162,-0.02434365531541333,1.7587805627795334,-0.0001093411794197209,-35.298300207349328,2550.2318160303234,-0.27335294854930225,7871.5878125000008,6348.0546875,0,-0,-0,-0,0,17063.571
2,1.9799999999999798,396,29.411698232663003,3.3055438427412533,0.22456801894134379,0.11752335823975849,14.962878970538563,0.051108161415085764,14.962966254427911,0.025000000000000001,0,0,0.011767198900380443,0.0087583207182609351,1412.0638680456532,1138.5816933739216,-0.024343392804411935,1.7587615961676839,-0.00010933935722111982,-35.297919566397304,2550.2043144431418,-0.27334839305279957,7871.5878125000008,6348.0546875,0,-0,-0,-0,0,17063.571
2,1.9849999999999797,397,29.484571965911435,3.3224743927876994,0.22515563436580821,0.11752281154752797,14.962787286577001,0.051109530440420291,14.962874575677368,0.025000000000000001,0,0,0.011767072009985521,0.0087582262658184844,1412.0486411982624,1138.569414556403,-0.024343130299906583,1.7587426300250859,-0.00010933753498400165,-35.297538934864548,2550.1768135363745,-0.27334383746000412,7871.5878125000008,6348.0546875,0,-0,-0,-0,0,17063.571
2,1.9899999999999796,398,29.557435289605692,3.3394476657344723,0.22574324705683427,0.11752226486440873,14.962695604592682,0.051110899410275662,14.962782898904056,0.025000000000000001,0,0,0.01176694512273061,0.008758131815712401,1412.0334147276731,1138.5571360426122,-0.024342867801897129,1.7587236643517372,-0.00010933571271623351,-35.297158312750838,2550.1493133100189,-0.27333928179058375,7871.5878125000008,6348.0546875,0,-0,-0,-0,0,17063.571
2,1.9949999999999795,399,29.630288178755578,3.3564636549967677,0.22633085701446751,0.11752171819040089,14.962603924585537,0.051112268324653425,14.962691224107909,0.025000000000000001,0,0,0.011766818238615639,0.0087580373679427143,1412.0181886338767,1138.5448578325529,-0.024342605310383431,1.7587046991476345,-0.00010933389042447743,-35.296777700055976,2550.1218137640699,-0.27333472606119358,7871.5878125000008,6348.0546875,0,-0,-0,-0,0,17063.571
2,1.9999999999999793,400,29.703130608375151,3.3735223539752033,0.22691846423875348,0.11752117152550455,14.962512246555494,0.051113637183555161,14.96259955128885,0.025000000000000001,0,0,0.011766691357640543,0.008757942922509452,1412.0029629168653,1138.5325799262287,-0.024342342825365348,1.7586857344127742,-0.00010933206811480431,-35.296397096779756,2550.0943148985225,-0.27333017028701079,7871.5878125000008,6348.0546875,0,-0,-0,-0,0,17063.571
2,2.0049999999999795,401,29.775962553482742,3.390623756055823,0.22750606872973775,0.11752062486971979,14.962420570502486,0.051115005986982508,14.962507880446813,0.025000000000000001,0,0,0.011766564479805248,0.0087578484794126315,1411.9877375766298,1138.520302323642,-0.024342080346842723,1.758666770147153,-0.00010933024579319408,-35.296016502921951,2550.0668167133717,-0.2733256144829852,7871.5878125000008,6348.0546875,0,-0,-0,-0,0,17063.571
2,2.0099999999999794,402,29.848783989100959,3.4077678546100985,0.22809367048746587,0.11752007822304665,14.96232889642644,0.051116374734937138,14.962416211581727,0.025000000000000001,0,0,0.011766437605109687,0.0087577540386522684,1411.9725126131625,1138.508025024795,-0.02434181787481543,1.7586478063507658,-0.0001093284234651037,-35.295635918482375,2550.0393192086103,-0.27332105866275924,7871.5878125000008,6348.0546875,0,-0,-0,-0,0,17063.571
2,2.0149999999999793,403,29.921594890256685,3.4249546429949334,0.22868126951198339,0.11751953158548517,14.962237224327287,0.05111774342742078,14.962324544693523,0.025000000000000001,0,0,0.011766310733553793,0.0087576596002283732,1411.9572880264552,1138.4957480296885,-0.02434155540928332,1.7586288430236086,-0.00010932660113494421,-35.295255343460816,2550.0118223842323,-0.27331650283736053,7871.5878125000008,6348.0546875,0,-0,-0,-0,0,17063.571
2,2.0199999999999791,404,29.994395231981098,3.4421841145526644,0.22926886580333589,0.11751898495703533,14.962145554204957,0.051119112064435188,14.96223287978213,0.025000000000000001,0,0,0.011766183865137485,0.0087575651641409475,1411.9420638164981,1138.4834713383232,-0.024341292950246229,1.7586098801656744,-0.00010932477880808165,-35.294874777857032,2549.9843262402278,-0.27331194702020412,7871.5878125000008,6348.0546875,0,-0,-0,-0,0,17063.571
2,2.024999999999979,405,30.067184989309684,3.4594562626110661,0.22985645936156893,0.11751843833769711,14.96205388605938,0.051120480645982173,14.962141216847476,0.025000000000000001,0,0,0.011766056999860698,0.0087574707303899879,1411.9268399832838,1138.4711949506984,-0.02434103049770402,1.7585909177769576,-0.00010932295648790386,-35.294494221670831,2549.9568307765885,-0.27330739121975967,7871.5878125000008,6348.0546875,0,-0,-0,-0,0,17063.571
2,2.0299999999999789,406,30.139964137282227,3.4767710804833514,0.23044405018672806,0.11751789172747046,14.961962219890484,0.051121849172063583,14.962049555889493,0.025000000000000001,0,0,0.011765930137723356,0.0087573762989754909,1411.9116165268028,1138.4589188668137,-0.024340768051656542,1.758571955857452,-0.00010932113417859455,-35.294113674901986,2549.9293359933054,-0.27330283544648637,7871.5878125000008,6348.0546875,0,-0,-0,-0,0,17063.571
2,2.0349999999999788,407,30.212732650942836,3.4941285614681767,0.23103163827885884,0.11751734512635532,14.9618705556982,0.051123217642681296,14.961957896908109,0.025000000000000001,0,0,0.011765803278725381,0.0087572818698974444,1411.8963934470457,1138.4466430866678,-0.024340505612103623,1.7585529944071496,-0.00010931931188431463,-35.293733137550255,2549.901841890367,-0.27329827971078657,7871.5878125000008,6348.0546875,0,-0,-0,-0,0,17063.571
2,2.0399999999999787,408,30.285490505339943,3.5115286988496432,0.2316192236380068,0.11751679853435161,14.961778893482457,0.051124586057837235,14.961866239903253,0.025000000000000001,0,0,0.011765676422866701,0.0087571874431558346,1411.8811707440041,1138.4343676102585,-0.024340243179045127,1.7585340334260438,-0.00010931748960799724,-35.293352609615432,2549.8743484677634,-0.27329372401999308,7871.5878125000008,6348.0546875,0,-0,-0,-0,0,17063.571
2,2.0449999999999786,409,30.358237675526315,3.5289714858973005,0.23220680626421752,0.11751625195145923,14.961687233243184,0.051125954417533363,14.961774584874858,0.025000000000000001,0,0,0.011765549570147239,0.0087570930187506387,1411.8659484176687,1138.4220924375829,-0.024339980752480884,1.758515072914125,-0.00010931566735218894,-35.292972091097283,2549.8468557254814,-0.27328916838047235,7871.5878125000008,6348.0546875,0,-0,-0,-0,0,17063.571
2,2.0499999999999785,410,30.430974136559062,3.5464569158661488,0.23279438615753656,0.11751570537767808,14.961595574980313,0.05112732272177168,14.96168293182285,0.025000000000000001,0,0,0.011765422720566913,0.0087569985966818361,1411.8507264680295,1138.4098175686388,-0.024339718332410731,1.7584961128713861,-0.00010931384512061868,-35.292591581995559,2549.8193636635096,-0.2732846128015467,7871.5878125000008,6348.0546875,0,-0,-0,-0,0,17063.571
2,2.0549999999999784,411,30.503699863499648,3.5639849819966423,0.23338196331800948,0.11751515881300802,14.961503918693774,0.051128690970554218,14.961591280747163,0.025000000000000001,0,0,0.011765295874125649,0.0087569041769493938,1411.835504895078,1138.3975430034211,-0.024339455918834515,1.7584771532978165,-0.00010931202291451427,-35.292211082310047,2549.791872281834,-0.27328005728628568,7871.5878125000008,6348.0546875,0,-0,-0,-0,0,17063.571
2,2.0599999999999783,412,30.576414831413892,3.5815556775146917,0.23396953774568183,0.11751461225744891,14.961412264383496,0.051130059163883038,14.961499631647724,0.025000000000000001,0,0,0.011765169030823362,0.0087568097595532874,1411.8202836988035,1138.3852687419273,-0.024339193511752052,1.7584581941934083,-0.00010931020073767286,-35.291830592040476,2549.7643815804422,-0.27327550184418214,7871.5878125000008,6348.0546875,0,-0,-0,-0,0,17063.571
2,2.0649999999999782,413,30.649119015371983,3.5991689956316675,0.23455710944059915,0.11751406571100062,14.961320612049407,0.051131427301760235,14.961407984524463,0.025000000000000001,0,0,0.01176504219065997,0.0087567153444934806,1411.8050628791964,1138.3729947841525,-0.024338931111163181,1.7584392355581508,-0.00010930837859157236,-35.291450111186613,2549.7368915593188,-0.27327094647893091,7871.5878125000008,6348.0546875,0,-0,-0,-0,0,17063.571
2,2.0699999999999781,414,30.721812390448488,3.6168249295444022,0.23514467840280701,0.11751351917366297,14.96122896169144,0.05113279538418794,14.96131633937731,0.025000000000000001,0,0,0.011764915353635394,0.0087566209317699369,1411.7898424362472,1138.3607211300919,-0.024338668717067736,1.7584202773920339,-0.00010930655647819095,-35.291069639748216,2549.7094022184492,-0.27326639119547735,7871.5878125000008,6348.0546875,0,-0,-0,-0,0,17063.571
2,2.074999999999978,415,30.794494931722358,3.6345234724351938,0.23573224463235096,0.11751297264543581,14.961137313309521,0.051134163411168311,14.961224696206196,0.025000000000000001,0,0,0.011764788519749545,0.0087565265213826165,1411.7746223699455,1138.3484477797401,-0.024338406329465531,1.7584013196950474,-0.00010930473439948401,-35.290689177725021,2549.6819135578189,-0.27326183599871001,7871.5878125000008,6348.0546875,0,-0,-0,-0,0,17063.571
2,2.0799999999999779,416,30.867166614276936,3.6522646174718081,0.23631980812927655,0.11751242612631894,14.961045666903583,0.05113553138270354,14.96113305501105,0.025000000000000001,0,0,0.01176466168900234,0.0087564321133314724,1411.7594026802808,1138.3361747330914,-0.024338143948356396,1.7583823624671797,-0.00010930291235702044,-35.290308725116773,2549.6544255774106,-0.27325728089255108,7871.5878125000008,6348.0546875,0,-0,-0,-0,0,17063.571
2,2.0849999999999778,417,30.939827413199971,3.6700483578074823,0.23690736889362934,0.11751187961631221,14.960954022473555,0.051136899298795835,14.961041415791801,0.025000000000000001,0,0,0.011764534861393693,0.0087563377076164614,1411.7441833672431,1138.32390199014,-0.024337881573740151,1.7583634057084203,-0.0001093010903521872,-35.289928281923217,2549.6269382772093,-0.27325272588046801,7871.5878125000008,6348.0546875,0,-0,-0,-0,0,17063.571
2,2.0899999999999777,418,31.012477303583623,3.6878746865809267,0.23749492692545487,0.1175113331154154,14.960862380019366,0.051138267159447449,14.960949778548379,0.025000000000000001,0,0,0.011764408036923512,0.0087562433042375366,1411.7289644308214,1138.3116295508798,-0.024337619205616612,1.7583444494187568,-0.00010929926838668962,-35.289547848144089,2549.5994516571973,-0.27324817096672405,7871.5878125000008,6348.0546875,0,-0,-0,-0,0,17063.571
2,2.0949999999999775,419,31.085116260524465,3.7057435969163293,0.23808248222479869,0.11751078662362831,14.960770739540946,0.051139634964660639,14.960858143280715,0.025000000000000001,0,0,0.011764281215591711,0.0087561489031946459,1411.7137458710054,1138.299357415304,-0.024337356843985594,1.7583254935981778,-0.00010929744646159634,-35.289167423779112,2549.5719657173577,-0.27324361615399084,7871.5878125000008,6348.0546875,0,-0,-0,-0,0,17063.571
2,2.0999999999999774,420,31.157744259123501,3.7236550819233569,0.23867003479170634,0.11751024014095074,14.960679101038226,0.051141002714437708,14.960766509988737,0.025000000000000001,0,0,0.0117641543973982,0.0087560545044877338,1411.698527687784,1138.2870855834053,-0.024337094488846914,1.7583065382466705,-0.00010929562457781685,-35.288787008828024,2549.5444804576723,-0.27323906144454213,7871.5878125000008,6348.0546875,0,-0,-0,-0,0,17063.571
2,2.1049999999999773,421,31.230361274486167,3.7416091346971592,0.23925758462622337,0.11750969366738248,14.960587464511134,0.051142370408780967,14.960674878672375,0.025000000000000001,0,0,0.011764027582342886,0.0087559601081167483,1411.6833098811462,1138.2748140551773,-0.024336832140200378,1.7582875833642231,-0.00010929380273689731,-35.288406603290547,2549.5169958781235,-0.27323450684224326,7871.5878125000008,6348.0546875,0,-0,-0,-0,0,17063.571
2,2.1099999999999772,422,31.302967281722353,3.7596057483183714,0.23984513172839533,0.11750914720292333,14.960495829959601,0.051143738047692761,14.960583249331561,0.025000000000000001,0,0,0.011763900770425677,0.0087558657140816305,1411.6680924510813,1138.2625428306119,-0.024336569798045802,1.7582686289508225,-0.0001092919809392015,-35.288026207166411,2549.4895119786925,-0.27322995234800374,7871.5878125000008,6348.0546875,0,-0,-0,-0,0,17063.571
2,2.1149999999999771,423,31.375562255946392,3.7776449158531165,0.24043267609826777,0.11750860074757305,14.960404197383557,0.051145105631175448,14.960491621966224,0.025000000000000001,0,0,0.011763773961646479,0.0087557713223823247,1411.6528753975774,1138.2502719097022,-0.024336307462382977,1.7582496750064553,-0.00010929015918634377,-35.287645820455317,2549.4620287593602,-0.27322539796585943,7871.5878125000008,6348.0546875,0,-0,-0,-0,0,17063.571
2,2.119999999999977,424,31.448146172277081,3.7957266303530091,0.24102021773588622,0.11750805430133142,14.960312566782932,0.051146473159231411,14.960399996576292,0.025000000000000001,0,0,0.011763647156005199,0.0087556769330187616,1411.6376587206239,1138.2380012924391,-0.024336045133211727,1.7582307215311084,-0.00010928833747805128,-35.287265443157004,2549.4345462201072,-0.27322084369512822,7871.5878125000008,6348.0546875,0,-0,-0,-0,0,17063.571
2,2.1249999999999769,425,31.520719005837687,3.8138508848551584,0.24160775664129625,0.11750750786419822,14.960220938157654,0.051147840631863041,14.960308373161697,0.025000000000000001,0,0,0.011763520353501738,0.0087555825459908893,1411.6224424202085,1138.2257309788156,-0.024335782810531836,1.7582117685247689,-0.00010928651581607483,-35.286885075271165,2549.4070643609148,-0.27321628954018706,7871.5878125000008,6348.0546875,0,-0,-0,-0,0,17063.571
2,2.1299999999999768,426,31.593280731755957,3.8320176723821699,0.24219529281454338,0.11750696143617322,14.960129311507655,0.051149208049072768,14.960216751722367,0.025000000000000001,0,0,0.011763393554136005,0.0087554881612986347,1411.6072264963207,1138.2134609688226,-0.024335520494343125,1.7581928159874223,-0.0001092846942000051,-35.286504716797531,2549.3795831817624,-0.27321173550001276,7871.5878125000008,6348.0546875,0,-0,-0,-0,0,17063.571
2,2.1349999999999767,427,31.66583132516412,3.8502269859421494,0.24278282625567316,0.11750641501725617,14.960037686832864,0.051150575410863028,14.960125132258234,0.025000000000000001,0,0,0.011763266757907896,0.0087553937789419389,1411.5920109489475,1138.2011912624521,-0.02433525818464537,1.7581738639190554,-0.0001092828726313428,-35.286124367735788,2549.3521026826302,-0.27320718157835699,7871.5878125000008,6348.0546875,0,-0,-0,-0,0,17063.571
2,2.1399999999999766,428,31.738370761198905,3.8684788185287053,0.24337035696473111,0.11750586860744686,14.959946064133211,0.051151942717236276,14.960033514769226,0.025000000000000001,0,0,0.011763139964817315,0.0087552993989207274,1411.5767957780779,1138.1889218596946,-0.024334995881438375,1.7581549123196525,-0.00010928105110992873,-35.285744028085645,2549.3246228634962,-0.27320262777482185,7871.5878125000008,6348.0546875,0,-0,-0,-0,0,17063.571
2,2.1449999999999765,429,31.810899015001539,3.8867731631209521,0.24395788494176279,0.11750532220674502,14.959854443408625,0.051153309968194983,14.959941899255274,0.025000000000000001,0,0,0.011763013174864162,0.0087552050212349394,1411.5615809836995,1138.1766527605421,-0.024334733584721938,1.7581359611892002,-0.00010927922963678612,-35.285363697846812,2549.2971437243405,-0.27319807409196528,7871.5878125000008,6348.0546875,0,-0,-0,-0,0,17063.571
2,2.1499999999999764,430,31.88341606171776,3.9051100126835134,0.24454541018681375,0.11750477581515044,14.959762824659038,0.051154677163741641,14.959850285716307,0.025000000000000001,0,0,0.011762886388048338,0.0087551106458845004,1411.5463665658006,1138.1643839649851,-0.024334471294495851,1.7581170105276849,-0.00010927740821191492,-35.284983377018982,2549.269665265143,-0.27319352052978729,7871.5878125000008,6348.0546875,0,-0,-0,-0,0,17063.571
2,2.1549999999999763,431,31.955921876497833,3.9234893601665237,0.2451329326999295,0.11750422943266285,14.959671207884377,0.051156044303878746,14.959758674152255,0.025000000000000001,0,0,0.011762759604369743,0.0087550162728693356,1411.5311525243692,1138.1521154730137,-0.024334209010759902,1.7580980603350898,-0.00010927558683524694,-35.284603065601857,2549.2421874858801,-0.27318896708811735,7871.5878125000008,6348.0546875,0,-0,-0,-0,0,17063.571
2,2.1599999999999762,432,32.028416434496549,3.941911198505633,0.24572045248115557,0.11750368305928204,14.959579593084573,0.051157411388608812,14.959667064563048,0.025000000000000001,0,0,0.011762632823828272,0.0087549219021893828,1411.5159388593927,1138.1398472846197,-0.02433394673351388,1.7580791106114018,-0.00010927376550785084,-35.284222763595125,2549.2147103865327,-0.2731844137696271,7871.5878125000008,6348.0546875,0,-0,-0,-0,0,17063.571
2,2.1649999999999761,433,32.100899710873229,3.9603755206220086,0.24630796953053749,0.11750313669500773,14.959487980259556,0.05115877841793437,14.959575456948615,0.025000000000000001,0,0,0.011762506046423822,0.0087548275338445638,1411.5007255708585,1138.1275793997934,-0.024333684462757566,1.7580601613566049,-0.00010927194422997672,-35.283842470998472,2549.1872339670772,-0.27317986057494181,7871.5878125000008,6348.0546875,0,-0,-0,-0,0,17063.571
2,2.1699999999999759,434,32.173371680791746,3.9788823194223379,0.24689548384812082,0.11750259033983969,14.959396369409257,0.051160145391857967,14.959483851308887,0.025000000000000001,0,0,0.01176237927215629,0.0087547331678348005,1411.4855126587549,1138.1153118185241,-0.024333422198490759,1.7580412125706839,-0.00010927012300119258,-35.283462187811601,2549.1597582274917,-0.27317530750298147,7871.5878125000008,6348.0546875,0,-0,-0,-0,0,17063.571
2,2.1749999999999758,435,32.245832319420529,3.9974315877988329,0.24748299543395108,0.11750204399377767,14.959304760533605,0.05116151231038215,14.959392247643796,0.025000000000000001,0,0,0.011762252501025576,0.0087546388041600254,1411.4703001230691,1138.1030445408032,-0.02433315994071324,1.7580222642536241,-0.00010926830182220328,-35.283081914034199,2549.1322831677548,-0.27317075455550821,7871.5878125000008,6348.0546875,0,-0,-0,-0,0,17063.571
2,2.1799999999999757,436,32.318281601932561,4.0160233186292311,0.24807050428807378,0.11750149765682141,14.959213153632529,0.051162879173509486,14.959300645953267,0.025000000000000001,0,0,0.011762125733031569,0.0087545444428201568,1411.4550879637884,1138.0907775666203,-0.024332897689424784,1.7580033164054092,-0.00010926648069312251,-35.282701649665938,2549.1048087878435,-0.27316620173280626,7871.5878125000008,6348.0546875,0,-0,-0,-0,0,17063.571
2,2.1849999999999756,437,32.390719503505402,4.0346575047768001,0.24865801041053448,0.11750095132897068,14.95912154870596,0.05116424598124255,14.959209046237232,0.025000000000000001,0,0,0.011761998968174169,0.0087544500838151185,1411.4398761809002,1138.0785108959653,-0.024332635444625182,1.757984369026024,-0.00010926465961379108,-35.282321394706514,2549.0773350877348,-0.2731616490344777,7871.5878125000008,6348.0546875,0,-0,-0,-0,0,17063.571
2,2.1899999999999755,438,32.463145999321185,4.0533341390903388,0.24924551380137869,0.11750040501022521,14.959029945753828,0.051165612733583929,14.959117448495622,0.025000000000000001,0,0,0.011761872206453266,0.0087543557271448358,1411.4246647743919,1138.0662445288287,-0.024332373206314213,1.757965422115453,-0.00010926283858480019,-35.281941149155607,2549.049862067407,-0.27315709646200048,7871.5878125000008,6348.0546875,0,-0,-0,-0,0,17063.571
2,2.1949999999999754,439,32.535561064566636,4.0720532144041837,0.24983301446065193,0.11749985870058477,14.958938344776062,0.051166979430536219,14.959025852728367,0.025000000000000001,0,0,0.011761745447868755,0.0087542613728092307,1411.4094537442506,1138.0539784652001,-0.024332110974491651,1.75794647567368,-0.00010926101760594519,-35.281560913012896,2549.0223897268361,-0.273152544014863,7871.5878125000008,6348.0546875,0,-0,-0,-0,0,17063.571
2,2.1999999999999753,440,32.607964674433077,4.0908147235382071,0.25042051238839974,0.1174993124000491,14.958846745772592,0.051168346072102029,14.958934258935393,0.025000000000000001,0,0,0.011761618692420525,0.0087541670208082217,1411.3942430904631,1138.0417127050689,-0.024331848749157274,1.7579275297006891,-0.0001092591966775899,-35.281180686278049,2548.9949180659992,-0.27314799169397475,7871.5878125000008,6348.0546875,0,-0,-0,-0,0,17063.571
2,2.2049999999999752,441,32.680356804116428,4.1096186592978245,0.25100800758466763,0.11749876610861794,14.958755148743348,0.051169712658283968,14.958842667116636,0.025000000000000001,0,0,0.011761491940108474,0.0087540726711417289,1411.3790328130169,1138.0294472484247,-0.024331586530310863,1.7579085841964641,-0.00010925737579930228,-35.280800468950751,2548.9674470848731,-0.2731434394982557,7871.5878125000008,6348.0546875,0,-0,-0,-0,0,17063.571
2,2.2099999999999751,442,32.752737428817227,4.1284650144739965,0.2515955000495011,0.11749821982629105,14.958663553688261,0.051171079189084659,14.958751077272023,0.025000000000000001,0,0,0.01176136519093249,0.0087539783238096743,1411.3638229118988,1138.0171820952576,-0.02433132431795219,1.7578896391609893,-0.00010925555497130972,-35.280420261030677,2548.9399767834343,-0.2731388874282743,7871.5878125000008,6348.0546875,0,-0,-0,-0,0,17063.571
2,2.214999999999975,443,32.825106523740629,4.1473537818432282,0.25218298978294568,0.11749767355306817,14.958571960607259,0.051172445664506724,14.95865948940148,0.025000000000000001,0,0,0.01176123844489246,0.0087538839788119799,1411.3486133870952,1138.0049172455574,-0.024331062112081026,1.7578706945942479,-0.00010925373419454445,-35.280040062517486,2548.9125071616595,-0.27313433548636112,7871.5878125000008,6348.0546875,0,-0,-0,-0,0,17063.571
2,2.2199999999999749,444,32.897464064096425,4.1662849541675779,0.25277047678504694,0.11749712728894905,14.958480369500272,0.051173812084552808,14.958567903504942,0.025000000000000001,0,0,0.011761111701988283,0.0087537896361485588,1411.3334042385939,1137.9926526993127,-0.024330799912697154,1.7578517504962241,-0.00010925191346775591,-35.279659873410871,2548.8850382195251,-0.27312978366938978,7871.5878125000008,6348.0546875,0,-0,-0,-0,0,17063.571
2,2.2249999999999748,445,32.969810025099036,4.1852585241946567,0.25335796105585034,0.11749658103393344,14.958388780367232,0.051175178449225554,14.958476319582338,0.025000000000000001,0,0,0.011760984962219844,0.0087536952958193331,1411.3181954663812,1137.9803884565133,-0.024330537719800344,1.7578328068669011,-0.00010925009279169444,-35.2792796937105,2548.8575699570065,-0.2731252319792361,7871.5878125000008,6348.0546875,0,-0,-0,-0,0,17063.571
2,2.2299999999999747,446,33.042144381967539,4.2042744846576312,0.25394544259540142,0.11749603478802108,14.958297193208066,0.051176544758527613,14.958384737633597,0.025000000000000001,0,0,0.011760858225587034,0.0087536009578242178,1411.302987070444,1137.9681245171482,-0.024330275533390365,1.7578138637062624,-0.00010924827216581434,-35.27889952341603,2548.8301023740805,-0.27312068041453585,7871.5878125000008,6348.0546875,0,-0,-0,-0,0,17063.571
2,2.2349999999999746,447,33.114467109925648,4.2233328282752272,0.25453292140374573,0.11749548855121172,14.958205608022707,0.051177911012461635,14.958293157658648,0.025000000000000001,0,0,0.011760731492089742,0.0087535066221631347,1411.2877790507691,1137.9558608812074,-0.024330013353466989,1.757794921014292,-0.00010924645159066131,-35.278519362527135,2548.8026354707235,-0.27311612897665327,7871.5878125000008,6348.0546875,0,-0,-0,-0,0,17063.571
2,2.2399999999999745,448,33.186778184201756,4.2424335477517348,0.25512039748092874,0.11749494232350512,14.958114024811083,0.051179277211030286,14.958201579657425,0.025000000000000001,0,0,0.011760604761727857,0.0087534122888359989,1411.2725714073429,1137.9435975486799,-0.024329751180029988,1.757775978790973,-0.00010924463106618986,-35.278139211043481,2548.775169246911,-0.27311157766547467,7871.5878125000008,6348.0546875,0,-0,-0,-0,0,17063.571
2,2.2449999999999743,449,33.259077580028922,4.2615766357770077,0.25570787082699598,0.11749439610490101,14.958022443573125,0.051180643354236235,14.958110003629852,0.025000000000000001,0,0,0.011760478034501268,0.0087533179578427236,1411.257364140152,1137.931334519554,-0.024329489013079127,1.7577570370362878,-0.00010924281059176337,-35.277759068964734,2548.7477037026174,-0.27310702647940843,7871.5878125000008,6348.0546875,0,-0,-0,-0,0,17063.571
2,2.2499999999999742,450,33.331365272644881,4.2807620850264705,0.25629534144199295,0.11749384989539914,14.957930864308761,0.051182009442082156,14.958018429575862,0.025000000000000001,0,0,0.011760351310409861,0.0087532236291832308,1411.2421572491835,1137.91907179382,-0.02432922685261418,1.7577380957502213,-0.00010924099016804121,-35.27737893629056,2548.7202388378209,-0.27310247542010302,7871.5878125000008,6348.0546875,0,-0,-0,-0,0,17063.571
2,2.2549999999999741,451,33.403641237292064,4.2999898881611163,0.25688280932596513,0.11749330369499927,14.957839287017922,0.051183375474570726,14.957926857495385,0.025000000000000001,0,0,0.011760224589453526,0.0087531293028574337,1411.2269507344231,1137.9068093714664,-0.024328964698634905,1.7577191549327553,-0.000109239169794796,-35.276998813020612,2548.6927746524952,-0.27309792448699,7871.5878125000008,6348.0546875,0,-0,-0,-0,0,17063.571
2,2.259999999999974,452,33.475905449217592,4.3192600378275152,0.25747027447895809,0.11749275750370114,14.957747711700538,0.051184741451704624,14.957835287388351,0.025000000000000001,0,0,0.011760097871632149,0.0087530349788652474,1411.2117445958579,1137.8945472524822,-0.024328702551141078,1.7577002145838736,-0.00010923734947175489,-35.276618699154561,2548.6653111466167,-0.27309337367938724,7871.5878125000008,6348.0546875,0,-0,-0,-0,0,17063.571
2,2.2649999999999739,453,33.548157883673291,4.3385725266578143,0.2580577369010173,0.1174922113215045,14.957656138356539,0.051186107373486535,14.957743719254688,0.025000000000000001,0,0,0.011759971156945617,0.0087529406572065902,1411.1965388334741,1137.8822854368568,-0.024328440410132459,1.7576812747035591,-0.00010923552919934992,-35.276238594692067,2548.6378483201606,-0.27308882299837478,7871.5878125000008,6348.0546875,0,-0,-0,-0,0,17063.571
2,2.2699999999999738,454,33.620398515915703,4.3579273472697411,0.25864519659218826,0.1174916651484091,14.957564566985855,0.051187473239919151,14.95765215309433,0.025000000000000001,0,0,0.011759844445393821,0.0087528463378813773,1411.1813334472586,1137.8700239245791,-0.02432817827560883,1.7576623352917953,-0.00010923370897703535,-35.275858499632804,2548.6103861731031,-0.27308427244258837,7871.5878125000008,6348.0546875,0,-0,-0,-0,0,17063.571
2,2.2749999999999737,455,33.692627321206082,4.3773244922666068,0.25923265355251651,0.11749111898441468,14.957472997588416,0.051188839051005172,14.957560588907203,0.025000000000000001,0,0,0.011759717736976642,0.0087527520208895183,1411.1661284371971,1137.8577627156374,-0.024327916147569937,1.757643396348564,-0.00010923188880476573,-35.275478413976408,2548.582924705418,-0.27307972201191433,7871.5878125000008,6348.0546875,0,-0,-0,-0,0,17063.571
2,2.2799999999999736,456,33.764844274810429,4.3967639542373105,0.25982010778204756,0.117490572829521,14.957381430164153,0.05119020480674729,14.957469026693239,0.025000000000000001,0,0,0.01175959103169397,0.0087526577062309336,1411.1509238032763,1137.8455018100215,-0.024327654026015555,1.7576244578738498,-0.00010923006868301854,-35.275098337722554,2548.5554639170823,-0.27307517170754636,7871.5878125000008,6348.0546875,0,-0,-0,-0,0,17063.571
2,2.2849999999999735,457,33.837049351999468,4.4162457257563403,0.26040755928082687,0.11749002668372779,14.957289864712994,0.051191570507148204,14.957377466452368,0.025000000000000001,0,0,0.01175946432954569,0.0087525633939055363,1411.1357195454827,1137.8332412077198,-0.024327391910945448,1.7576055198676346,-0.00010922824861129357,-35.274718270870899,2548.52800380807,-0.27307062152823391,7871.5878125000008,6348.0546875,0,-0,-0,-0,0,17063.571
2,2.2899999999999734,458,33.909242528048679,4.4357697993837775,0.26099500804889997,0.11748948054703483,14.95719830123487,0.05119293615221062,14.957285908184517,0.025000000000000001,0,0,0.011759337630531686,0.0087524690839132398,1411.1205156638023,1137.8209809087211,-0.024327129802359373,1.7575865823299011,-0.00010922642858952258,-35.274338213421089,2548.5005443783566,-0.27306607147380646,7871.5878125000008,6348.0546875,0,-0,-0,-0,0,17063.571
2,2.2949999999999733,459,33.981423778238295,4.4553361676652994,0.26158245408631237,0.11748893441944185,14.95710673972971,0.051194301741937245,14.957194351889621,0.025000000000000001,0,0,0.011759210934651846,0.0087523747762539624,1411.1053121582215,1137.8087209130151,-0.024326867700257101,1.7575676452606328,-0.00010922460861806939,-35.273958165372797,2548.4730856279175,-0.27306152154517349,7871.5878125000008,6348.0546875,0,-0,-0,-0,0,17063.571
2,2.2999999999999732,460,34.053593077853307,4.4749448231321827,0.26216989739310953,0.1174883883009486,14.957015180197445,0.051195667276330792,14.957102797567606,0.025000000000000001,0,0,0.011759084241906055,0.008752280470927614,1411.0901090287266,1137.7964612205899,-0.024326605604638393,1.7575487086598125,-0.00010922278869670662,-35.273578126725667,2548.4456275567281,-0.27305697174176657,7871.5878125000008,6348.0546875,0,-0,-0,-0,0,17063.571
2,2.3049999999999731,461,34.125750402183485,4.4945957583013056,0.26275733796933698,0.11748784219155484,14.956923622638003,0.051197032755393973,14.9570112452184,0.025000000000000001,0,0,0.011758957552294195,0.0087521861679341097,1411.0749062753034,1137.7842018314343,-0.024326343515503005,1.7575297725274222,-0.00010922096882534333,-35.273198097479359,2548.4181701647622,-0.27305242206335834,7871.5878125000008,6348.0546875,0,-0,-0,-0,0,17063.571
2,2.309999999999973,462,34.19789572652337,4.5142889656751528,0.26334477581504023,0.1174872960912603,14.956832067051316,0.051198398179129495,14.956919694841938,0.025000000000000001,0,0,0.011758830865816156,0.0087520918672733625,1411.0597038979388,1137.7719427455372,-0.02432608143285071,1.7575108368634456,-0.00010921914900366119,-35.272818077633531,2548.3907134519959,-0.27304787250915297,7871.5878125000008,6348.0546875,0,-0,-0,-0,0,17063.571
2,2.3149999999999729,463,34.270029026172296,4.5340244377418166,0.26393221093026475,0.11748675000006474,14.956740513437314,0.051199763547540085,14.956828146438149,0.025000000000000001,0,0,0.011758704182471822,0.0087519975689452859,1411.0445018966186,1137.7596839628873,-0.024325819356681266,1.7574919016678647,-0.00010921732923184209,-35.272438067187835,2548.3632574184039,-0.27304332307960522,7871.5878125000008,6348.0546875,0,-0,-0,-0,0,17063.571
2,2.3199999999999728,464,34.342150276434396,4.553802166975002,0.26451964331505606,0.11748620391796792,14.956648961795926,0.051201128860628456,14.956736600006959,0.025000000000000001,0,0,0.011758577502261076,0.0087519032729497966,1411.029300271329,1137.7474254834735,-0.024325557286994429,1.7574729669406626,-0.00010921550950988603,-35.272058066141923,2548.3358020639607,-0.27303877377471508,7871.5878125000008,6348.0546875,0,-0,-0,-0,0,17063.571
2,2.3249999999999726,465,34.414259452618609,4.5736221458340269,0.26510707296945962,0.11748565784496959,14.956557412127083,0.051202494118397328,14.956645055548304,0.025000000000000001,0,0,0.011758450825183802,0.0087518089792868025,1411.0140990220561,1137.7351673072844,-0.024325295223789963,1.757454032681822,-0.00010921368983761113,-35.271678074495448,2548.3083473886418,-0.27303422459402782,7871.5878125000008,6348.0546875,0,-0,-0,-0,0,17063.571
2,2.3299999999999725,466,34.486356530038684,4.5934843667638274,0.26569449989352095,0.11748511178106949,14.956465864430713,0.051203859320849421,14.95655351306211,0.025000000000000001,0,0,0.011758324151239887,0.008751714687956224,1410.9988981487866,1137.722909434309,-0.02432503316706764,1.7574350988913259,-0.00010921187021483548,-35.271298092248081,2548.2808933924225,-0.27302967553708868,7871.5878125000008,6348.0546875,0,-0,-0,-0,0,17063.571
2,2.3349999999999724,467,34.558441484013194,4.6133888221949615,0.26628192408728552,0.11748456572626738,14.956374318706748,0.051205224467987469,14.956461972548308,0.025000000000000001,0,0,0.011758197480429212,0.0087516203989579672,1410.9836976515055,1137.7106518645357,-0.024324771116827206,1.7574161655691563,-0.00010921005064192286,-35.270918119399447,2548.2534400752766,-0.27302512660480716,7871.5878125000008,6348.0546875,0,-0,-0,-0,0,17063.571
2,2.3399999999999723,468,34.630514289865538,4.6333355045436102,0.26686934555079878,0.11748401968056302,14.956282774955117,0.051206589559814185,14.956370434006825,0.025000000000000001,0,0,0.011758070812751664,0.0087515261122919543,1410.9684975301996,1137.6983945979541,-0.02432450907306842,1.757397232715296,-0.00010920823111907794,-35.270538155949211,2548.2259874371794,-0.27302057779769484,7871.5878125000008,6348.0546875,0,-0,-0,-0,0,17063.571
2,2.3449999999999722,469,34.702574922923951,4.6533244062115831,0.26745676428410631,0.11748347364395614,14.956191233175749,0.051207954596332303,14.956278897437594,0.025000000000000001,0,0,0.011757944148207125,0.0087514318279580897,1410.9532977848551,1137.6861376345516,-0.024324247035791051,1.7573783003297279,-0.00010920641164525477,-35.270158201897026,2548.1985354781054,-0.27301602911313694,7871.5878125000008,6348.0546875,0,-0,-0,-0,0,17063.571
2,2.3499999999999721,470,34.774623358521524,4.6733555195863179,0.26804418028725352,0.11748292761644652,14.956099693368577,0.051209319577544557,14.956187362840545,0.025000000000000001,0,0,0.011757817486795477,0.0087513375459562903,1410.9380984154573,1137.6738809743176,-0.024323985004994851,1.7573593684124338,-0.0001092045922213174,-35.269778257242535,2548.1710841980289,-0.2730114805532935,7871.5878125000008,6348.0546875,0,-0,-0,-0,0,17063.571
2,2.354999999999972,471,34.846659571996199,4.6934288370408872,0.26863159356028593,0.11748238159803388,14.956008155533528,0.051210684503453667,14.95609583021561,0.025000000000000001,0,0,0.011757690828516612,0.0087512432662864674,1410.9228994219934,1137.6616246172407,-0.024323722980679599,1.7573404369633976,-0.00010920277284642453,-35.26939832198542,2548.1436335969265,-0.27300693211606131,7871.5878125000008,6348.0546875,0,-0,-0,-0,0,17063.571
2,2.3599999999999719,472,34.918683538690779,4.7135443509339989,0.269219004103249,0.117481835588718,14.955916619670534,0.051212049374062367,14.956004299562714,0.025000000000000001,0,0,0.011757564173370408,0.0087511489889485344,1410.907700804449,1137.6493685633095,-0.024323460962845038,1.7573215059826011,-0.00010920095352105363,-35.269018396125304,2548.1161836747715,-0.27300238380263409,7871.5878125000008,6348.0546875,0,-0,-0,-0,0,17063.571
2,2.3649999999999718,473,34.990695233952941,4.7337020536100018,0.26980641191618826,0.11748128958849861,14.955825085779523,0.051213414189373391,14.95591277088179,0.025000000000000001,0,0,0.011757437521356745,0.0087510547139424064,1410.8925025628093,1137.6371128125129,-0.024323198951490918,1.7573025754700262,-0.00010919913424538663,-35.268638479661831,2548.0887344315379,-0.27299783561346658,7871.5878125000008,6348.0546875,0,-0,-0,-0,0,17063.571
2,2.3699999999999717,474,35.062694633135244,4.7539019373988873,0.27039381699914916,0.11748074359737549,14.955733553860426,0.051214778949389472,14.955821244172768,0.025000000000000001,0,0,0.011757310872475512,0.008750960441267993,1410.8773046970614,1137.624857364839,-0.024322936946617014,1.7572836454256566,-0.00010919731501871865,-35.268258572594668,2548.0612858672021,-0.27299328754679664,7871.5878125000008,6348.0546875,0,-0,-0,-0,0,17063.571
2,2.3749999999999716,475,35.134681711595135,4.7741439946162929,0.27098121935217717,0.11748019761534838,14.955642023913175,0.051216143654113346,14.955729719435578,0.025000000000000001,0,0,0.011757184226726593,0.0087508661709252075,1410.8621072071912,1137.612602220277,-0.024322674948223086,1.7572647158494745,-0.00010919549584127708,-35.267878674923473,2548.0338379817381,-0.2729887396031927,7871.5878125000008,6348.0546875,0,-0,-0,-0,0,17063.571
2,2.3799999999999715,476,35.206656444694957,4.794428217563504,0.27156861897531781,0.11747965164241703,14.955550495937697,0.051217508303547744,14.955638196670147,0.025000000000000001,0,0,0.011757057584109868,0.008750771902913965,1410.8469100931841,1137.6003473788155,-0.024322412956308881,1.7572457867414621,-0.0001091936767132438,-35.267498786647877,2548.0063907751201,-0.27298419178310951,7871.5878125000008,6348.0546875,0,-0,-0,-0,0,17063.571
2,2.3849999999999714,477,35.278618807801948,4.8147545985274594,0.27215601586861654,0.11747910567858119,14.955458969933924,0.051218872897695403,14.955546675876411,0.025000000000000001,0,0,0.011756930944625221,0.0087506776372341753,1410.8317133550265,1137.5880928404429,-0.024322150970874166,1.7572268581016024,-0.00010919185763434598,-35.267118907767539,2547.9789442473234,-0.27297964408586495,7871.5878125000008,6348.0546875,0,-0,-0,-0,0,17063.571
2,2.3899999999999713,478,35.350568776288277,4.8351231297807535,0.27274341003211883,0.11747855972384064,14.955367445901784,0.051220237436559055,14.955455157054296,0.025000000000000001,0,0,0.011756804308272535,0.0087505833738857532,1410.8165169927042,1137.575838605148,-0.024321888991918693,1.7572079299298771,-0.00010919003860474276,-35.266739038282104,2547.9514983983217,-0.27297509651185692,7871.5878125000008,6348.0546875,0,-0,-0,-0,0,17063.571
2,2.3949999999999712,479,35.422506325531025,4.8555338035816389,0.27333080146587013,0.1174780137781951,14.955275923841208,0.051221601920141441,14.95536364020373,0.025000000000000001,0,0,0.011756677675051695,0.0087504891128686105,1410.8013210062034,1137.5635846729194,-0.024321627019442228,1.7571890022262697,-0.00010918821962425227,-35.26635917819123,2547.924053228091,-0.27297054906063067,7871.5878125000008,6348.0546875,0,-0,-0,-0,0,17063.571
2,2.399999999999971,480,35.494431430912201,4.8759866121740307,0.27391819016991592,0.11747746784164434,14.955184403752128,0.051222966348445295,14.955272125324647,0.025000000000000001,0,0,0.011756551044962585,0.0087503948541826602,1410.7861253955102,1137.5513310437459,-0.024321365053444531,1.7571700749907622,-0.00010918640069269259,-35.26597932749457,2547.8966087366052,-0.27296600173173147,7871.5878125000008,6348.0546875,0,-0,-0,-0,0,17063.571
2,2.4049999999999709,481,35.566344067818754,4.8964815477875074,0.27450557614430171,0.11747692191418811,14.955092885634471,0.051224330721473359,14.955180612416978,0.025000000000000001,0,0,0.011756424418005083,0.0087503005978278123,1410.7709301606101,1137.5390777176156,-0.024321103093925347,1.7571511482233368,-0.00010918458181020015,-35.265599486191753,2547.8691649238385,-0.27296145452550036,7871.5878125000008,6348.0546875,0,-0,-0,-0,0,17063.571
2,2.4099999999999708,482,35.638244211642586,4.9170186026373175,0.27509295938907297,0.11747637599582618,14.955001369488169,0.051225695039228365,14.955089101480649,0.025000000000000001,0,0,0.011756297794179077,0.00875020634380398,1410.7557353014893,1137.5268246945175,-0.024320841140884442,1.7571322219239764,-0.00010918276297666125,-35.26521965428244,2547.8417217897659,-0.27295690744165313,7871.5878125000008,6348.0546875,0,-0,-0,-0,0,17063.571
2,2.4149999999999707,483,35.710131837780551,4.9375977689243804,0.27568033990427515,0.11747583008655829,14.954909855313151,0.051227059301713056,14.954997592515591,0.025000000000000001,0,0,0.011756171173484447,0.00875011209211108,1410.7405408181337,1137.5145719744405,-0.024320579194321575,1.7571132960926636,-0.00010918094419241697,-35.264839831766281,2547.8142793343623,-0.27295236048104243,7871.5878125000008,6348.0546875,0,-0,-0,-0,0,17063.571
2,2.4199999999999706,484,35.782006921634462,4.9582190388352894,0.27626771768995373,0.1174752841863842,14.954818343109347,0.051228423508930171,14.954906085521733,0.025000000000000001,0,0,0.011756044555921077,0.0087500178427490222,1410.7253467105293,1137.5023195573729,-0.024320317254236497,1.7570943707293802,-0.00010917912545694435,-35.264460018642922,2547.7868375576013,-0.27294781364236087,7871.5878125000008,6348.0546875,0,-0,-0,-0,0,17063.571
2,2.4249999999999705,485,35.853869438611106,4.9788824045423157,0.27685509274615416,0.11747473829530367,14.954726832876686,0.051229787660882452,14.954814580499008,0.025000000000000001,0,0,0.01175591794148885,0.0087499235957177197,1410.7101529786619,1137.4900674433036,-0.024320055320628975,1.7570754458341096,-0.00010917730677065265,-35.264080214912013,2547.7593964594589,-0.27294326692663162,7871.5878125000008,6348.0546875,0,-0,-0,-0,0,17063.571
2,2.4299999999999704,486,35.925719364122251,4.9995878582034123,0.27744246507292192,0.11747419241331644,14.954635324615101,0.051231151757572639,14.954723077447346,0.025000000000000001,0,0,0.011755791330187648,0.0087498293510170824,1410.6949596225177,1137.4778156322207,-0.024319793393498761,1.7570565214068332,-0.0001091754881331326,-35.263700420573201,2547.7319560399083,-0.27293872033283151,7871.5878125000008,6348.0546875,0,-0,-0,-0,0,17063.571
2,2.4349999999999703,487,35.997556673584647,5.0203353919622167,0.27802983467030246,0.11747364654042228,14.954543818324519,0.051232515799003467,14.954631576366673,0.025000000000000001,0,0,0.011755664722017353,0.0087497351086470252,1410.6797666420823,1137.4655641241134,-0.024319531472845612,1.7570375974475341,-0.00010917366954481622,-35.263320635626137,2547.7045162989243,-0.27293417386204055,7871.5878125000008,6348.0546875,0,-0,-0,-0,0,17063.571
2,2.4399999999999702,488,36.069381342420051,5.0411249979480521,0.2786172015383413,0.11747310067662094,14.954452314004872,0.051233879785177676,14.954540077256924,0.025000000000000001,0,0,0.011755538116977852,0.008749640868607458,1410.6645740373422,1137.4533129189695,-0.024319269558669292,1.7570186739561946,-0.00010917185100474854,-35.262940860070472,2547.6770772364821,-0.27292962751187133,7871.5878125000008,6348.0546875,0,-0,-0,-0,0,17063.571
2,2.4449999999999701,489,36.141193346055218,5.0619566682759336,0.27920456567708385,0.11747255482191217,14.954360811656089,0.051235243716098014,14.954448580118024,0.025000000000000001,0,0,0.011755411515069022,0.0087495466308982958,1410.6493818082827,1137.4410620167785,-0.024319007650969549,1.756999750932797,-0.00010917003251397545,-35.262561093905845,2547.6496388525557,-0.27292508128493864,7871.5878125000008,6348.0546875,0,-0,-0,-0,0,17063.571
2,2.44999999999997,490,36.212992659921916,5.0828303950465701,0.27979192708657558,0.11747200897629574,14.954269311278102,0.051236607591767215,14.95435708494991,0.025000000000000001,0,0,0.011755284916290751,0.0087494523955194501,1410.6341899548902,1137.4288114175286,-0.024318745749746146,1.7569808283773245,-0.00010916821407174667,-35.262181337131913,2547.6222011471204,-0.27292053517936665,7871.5878125000008,6348.0546875,0,-0,-0,-0,0,17063.571
2,2.4549999999999699,491,36.28477925945694,5.1037461703463674,0.28037928576686194,0.1174714631397714,14.954177812870839,0.05123797141218802,14.954265591752506,0.025000000000000001,0,0,0.01175515832064292,0.0087493581624708341,1410.6189984771504,1137.4165611212084,-0.024318483854998844,1.7569619062897588,-0.00010916639567842594,-35.261801589748323,2547.5947641201501,-0.27291598919606486,7871.5878125000008,6348.0546875,0,-0,-0,-0,0,17063.571
2,2.4599999999999698,492,36.356553120102113,5.1247039862474315,0.28096664171798841,0.1174709173123389,14.95408631643423,0.05123933517736317,14.954174100525742,0.025000000000000001,0,0,0.01175503172812541,0.0087492639317523595,1410.6038073750492,1137.4043111278067,-0.024318221966727394,1.7569429846700826,-0.00010916457733392236,-35.261421851754719,2547.5673277716196,-0.27291144333480588,7871.5878125000008,6348.0546875,0,-0,-0,-0,0,17063.571
2,2.4649999999999697,493,36.42831421730429,5.1457038348075725,0.28155399494000044,0.117470371493998,14.953994821968205,0.051240698887295412,14.954082611269552,0.025000000000000001,0,0,0.011754905138738104,0.0087491697033639394,1410.5886166485725,1137.3920614373121,-0.024317960084931547,1.7569240635182779,-0.00010916275903823589,-35.261042123150744,2547.539892101503,-0.27290689759558973,7871.5878125000008,6348.0546875,0,-0,-0,-0,0,17063.571
2,2.4699999999999696,494,36.500062526515372,5.166745708070307,0.2821413454329435,0.11746982568474847,14.953903329472697,0.051242062541987481,14.953991123983862,0.025000000000000001,0,0,0.011754778552480884,0.0087490754773054836,1410.5734262977062,1137.3798120497129,-0.024317698209611077,1.7569051428343276,-0.00010916094079111644,-35.26066240393606,2547.5124571097749,-0.27290235197779111,7871.5878125000008,6348.0546875,0,-0,-0,-0,0,17063.571
2,2.4749999999999694,495,36.571798023192322,5.1878295980648623,0.28272869319686306,0.11746927988459004,14.953811838947631,0.051243426141442124,14.953899638668606,0.025000000000000001,0,0,0.011754651969353635,0.0087489812535769072,1410.5582363224362,1137.3675629649979,-0.024317436340765726,1.7568862226182136,-0.00010915912259279139,-35.260282694110302,2547.4850227964098,-0.27289780648197848,7871.5878125000008,6348.0546875,0,-0,-0,-0,0,17063.571
2,2.4799999999999693,496,36.643520682797167,5.208955496806178,0.28331603823180457,0.11746873409352249,14.953720350392942,0.051244789685662075,14.953808155323712,0.025000000000000001,0,0,0.011754525389356237,0.0087488870321781233,1410.5430467227484,1137.355314183156,-0.024317174478395251,1.7568673028699191,-0.00010915730444341989,-35.259902993673116,2547.4575891613827,-0.27289326110854972,7871.5878125000008,6348.0546875,0,-0,-0,-0,0,17063.571
2,2.4849999999999692,497,36.71523048079699,5.2301233962949105,0.28390338053781344,0.11746818831154555,14.953628863808557,0.051246153174650082,14.953716673949108,0.025000000000000001,0,0,0.011754398812488576,0.0087487928131090419,1410.5278574986291,1137.3430657041754,-0.02431691262249943,1.7568483835894266,-0.00010915548634231982,-35.259523302624174,2547.4301562046685,-0.27288871585579955,7871.5878125000008,6348.0546875,0,-0,-0,-0,0,17063.571
2,2.4899999999999691,498,36.786927392663969,5.2513332885174373,0.28449072011493515,0.117467642538659,14.953537379194408,0.051247516608408886,14.953625194544729,0.025000000000000001,0,0,0.011754272238750531,0.0087486985963695744,1410.5126686500637,1137.3308175280447,-0.024316650773077996,1.7568294647767173,-0.00010915366829010509,-35.259143620963094,2547.40272392624,-0.27288417072526272,7871.5878125000008,6348.0546875,0,-0,-0,-0,0,17063.571
2,2.494999999999969,499,36.858611393875371,5.2725851654458573,0.28507805696321514,0.1174670967748626,14.953445896550424,0.05124887998694122,14.953533717110503,0.025000000000000001,0,0,0.011754145668141988,0.0087486043819596376,1410.4974801770386,1137.318569654753,-0.024316388930130717,1.7568105464317749,-0.00010915185028645737,-35.258763948689541,2547.3752923260736,-0.27287962571614344,7871.5878125000008,6348.0546875,0,-0,-0,-0,0,17063.571
2,2.4999999999999689,500,36.930282459913549,5.2938790190379974,0.28566539108269889,0.11746655102015609,14.953354415876534,0.051250243310249834,14.953442241646357,0.025000000000000001,0,0,0.011754019100662826,0.0087485101698791395,1410.4822920795391,1137.3063220842882,-0.024316127093657353,1.7567916285545813,-0.00010915003233149036,-35.25838428580316,2547.3478614041428,-0.27287508082872591,7871.5878125000008,6348.0546875,0,-0,-0,-0,0,17063.571
2,2.5049999999999688,501,37.001940566265958,5.3152148412374132,0.28625272247343186,0.11746600527453924,14.953262937172671,0.051251606578337466,14.953350768152225,0.025000000000000001,0,0,0.01175389253631293,0.0087484159601279952,1410.4671043575515,1137.2940748166393,-0.024315865263657647,1.7567727111451188,-0.00010914821442493121,-35.258004632303589,2547.3204311604222,-0.27287053606232803,7871.5878125000008,6348.0546875,0,-0,-0,-0,0,17063.571
2,2.5099999999999687,502,37.073585688425176,5.3365926239733934,0.28684005113545946,0.1174654595380118,14.953171460438762,0.051252969791206859,14.953259296628033,0.025000000000000001,0,0,0.01175376597509218,0.0087483217527061161,1410.4519170110616,1137.281827851795,-0.02431560344013137,1.7567537942033702,-0.00010914639656712097,-35.257624988190486,2547.2930015948868,-0.27286599141780243,7871.5878125000008,6348.0546875,0,-0,-0,-0,0,17063.571
2,2.5149999999999686,503,37.145217801888897,5.3580123591609636,0.28742737706882715,0.11746491381057352,14.953079985674739,0.051254332948860754,14.953167827073717,0.025000000000000001,0,0,0.011753639417000462,0.0087482275476134137,1410.4367300400554,1137.2695811897438,-0.024315341623078277,1.7567348777293177,-0.00010914457875780954,-35.257245353463503,2547.2655727075107,-0.27286144689452385,7871.5878125000008,6348.0546875,0,-0,-0,-0,0,17063.571
2,2.5199999999999685,504,37.216836882159946,5.3794740387008879,0.28801470027358034,0.11746436809222416,14.95298851288053,0.05125569605130189,14.9530763594892,0.025000000000000001,0,0,0.011753512862037654,0.0087481333448498032,1410.4215434445184,1137.2573348304745,-0.024315079812498114,1.7567159617229438,-0.00010914276099736071,-35.256865728122264,2547.2381444982684,-0.27285690249340178,7871.5878125000008,6348.0546875,0,-0,-0,-0,0,17063.571
2,2.5249999999999684,505,37.288442904746276,5.4009776544796742,0.28860202074976454,0.11746382238296349,14.952897042056069,0.051257059098533016,14.952984893874419,0.025000000000000001,0,0,0.011753386310203643,0.0087480391444151925,1410.4063572244372,1137.2450887739751,-0.024314818008390655,1.7566970461842306,-0.00010914094328502415,-35.256486112166449,2547.2107169671344,-0.27285235821256038,7871.5878125000008,6348.0546875,0,-0,-0,-0,0,17063.571
2,2.5299999999999683,506,37.360035845161001,5.4225231983695759,0.28918933849742512,0.11746327668279126,14.952805573201282,0.051258422090556865,14.952893430229299,0.025000000000000001,0,0,0.011753259761498307,0.0087479449463095001,1410.3911713797968,1137.2328430202349,-0.024314556210755636,1.7566781311131605,-0.00010913912562166388,-35.256106505595675,2547.1832901140829,-0.2728478140541597,7871.5878125000008,6348.0546875,0,-0,-0,-0,0,17063.571
2,2.5349999999999682,507,37.431615678922377,5.4441106622285966,0.28977665351660759,0.11746273099170722,14.952714106316101,0.05125978502737618,14.952801968553773,0.025000000000000001,0,0,0.011753133215921533,0.008747850750532634,1410.3759859105839,1137.2205975692425,-0.024314294419592833,1.756659216509717,-0.00010913730800677968,-35.255726908409606,2547.1558639390896,-0.27284327001694919,7871.5878125000008,6348.0546875,0,-0,-0,-0,0,17063.571
2,2.5399999999999681,508,37.503182381553827,5.4657400379004928,0.29036396580735735,0.11746218530971114,14.952622641400456,0.051261147908993707,14.952710508847769,0.025000000000000001,0,0,0.011753006673473201,0.0087477565570845059,1410.3608008167841,1137.2083524209859,-0.024314032634901998,1.7566403023738812,-0.0001091354904402806,-35.255347320607896,2547.1284384421278,-0.27283872610070148,7871.5878125000008,6348.0546875,0,-0,-0,-0,0,17063.571
2,2.544999999999968,509,37.574735928583941,5.487411317214776,0.29095127536971982,0.11746163963680277,14.952531178454278,0.05126251073541218,14.952619051111219,0.025000000000000001,0,0,0.011752880134153194,0.0087476623659650324,1410.3456160983833,1137.1961075754541,-0.024313770856682879,1.7566213887056363,-0.00010913367292230304,-35.254967742190175,2547.1010136231725,-0.27283418230575762,7871.5878125000008,6348.0546875,0,-0,-0,-0,0,17063.571
2,2.5499999999999678,510,37.646276295546492,5.5091244919867179,0.29153858220374052,0.11746109397298186,14.952439717477494,0.05126387350663434,14.952527595344051,0.025000000000000001,0,0,0.011752753597961393,0.0087475681771741233,1410.3304317553673,1137.1838630326361,-0.024313509084935243,1.7566024755049643,-0.00010913185545316537,-35.254588173156101,2547.0735894821983,-0.27282963863291343,7871.5878125000008,6348.0546875,0,-0,-0,-0,0,17063.571
2,2.5549999999999677,511,37.717803457980438,5.5308795540173525,0.29212588630946479,0.11746054831824819,14.952348258470039,0.051265236222662929,14.952436141546199,0.025000000000000001,0,0,0.011752627064897684,0.0087474739907116884,1410.3152477877222,1137.1716187925194,-0.024313247319658841,1.756583562771848,-0.00010913003803207175,-35.25420861350532,2547.0461660191795,-0.27282509508017938,7871.5878125000008,6348.0546875,0,-0,-0,-0,0,17063.571
2,2.5599999999999676,512,37.789317391429933,5.5526764950934808,0.2927131876869381,0.1174600026726015,14.952256801431838,0.051266598883500686,14.952344689717588,0.025000000000000001,0,0,0.011752500534961945,0.0087473798065776463,1410.3000641954334,1137.159374855094,-0.024312985560853425,1.7565646505062695,-0.00010912822065993168,-35.253829063237468,2547.0187432340908,-0.27282055164982921,7871.5878125000008,6348.0546875,0,-0,-0,-0,0,17063.571
2,2.5649999999999675,513,37.860818071444335,5.5745153069876716,0.29330048633620592,0.11745945703604155,14.952165346362825,0.05126796148915036,14.952253239858152,0.025000000000000001,0,0,0.011752374008154064,0.0087472856247719048,1410.2848809784875,1137.1471312203475,-0.024312723808518767,1.7565457387082115,-0.00010912640333601758,-35.253449522352213,2546.9913211269068,-0.27281600834004394,7871.5878125000008,6348.0546875,0,-0,-0,-0,0,17063.571
2,2.5699999999999674,514,37.932305473578204,5.5963959814582687,0.29388778225731366,0.1174589114085681,14.952073893262929,0.051269324039614685,14.95216179196782,0.025000000000000001,0,0,0.011752247484473918,0.0087471914452943774,1410.2696981368701,1137.1348878882691,-0.024312462062654614,1.7565268273776564,-0.00010912458606055679,-35.253069990849191,2546.9638996976018,-0.27281146515139199,7871.5878125000008,6348.0546875,0,-0,-0,-0,0,17063.571
2,2.5749999999999673,515,38.003779573391334,5.6183185102493898,0.29447507545030677,0.1174583657901809,14.951982442132079,0.051270686534896394,14.952070346046522,0.025000000000000001,0,0,0.011752120963921394,0.0087470972681449773,1410.2545156705673,1137.122644858847,-0.024312200323260733,1.7565079165145867,-0.00010912276883350386,-35.252690468728062,2546.9364789461506,-0.27280692208375967,7871.5878125000008,6348.0546875,0,-0,-0,-0,0,17063.571
2,2.5799999999999672,516,38.075240346448744,5.6402828850909339,0.29506236591523061,0.11745782018087972,14.951890992970206,0.051272048974998236,14.951978902094186,0.025000000000000001,0,0,0.011751994446496369,0.0087470030933236159,1410.2393335795643,1137.11040213207,-0.024311938590336857,1.756489006118984,-0.0001091209516550407,-35.252310955988442,2546.9090588725267,-0.27280237913760175,7871.5878125000008,6348.0546875,0,-0,-0,-0,0,17063.571
2,2.5849999999999671,517,38.146687768320682,5.662289097698582,0.2956496536521307,0.11745727458066431,14.95179954577724,0.05127341135992295,14.951887460110745,0.025000000000000001,0,0,0.011751867932198731,0.0087469089208302066,1410.2241518638477,1137.0981597079269,-0.024311676863882765,1.7564700961908319,-0.00010911913452509906,-35.251931452630011,2546.8816394767064,-0.27279783631274768,7871.5878125000008,6348.0546875,0,-0,-0,-0,0,17063.571
2,2.589999999999967,518,38.218121814582638,5.6843371397738016,0.29623693866105238,0.11745672898953442,14.951708100553111,0.051274773689673273,14.951796020096129,0.025000000000000001,0,0,0.011751741421028359,0.008746814750664661,1410.2089705234032,1137.0859175864059,-0.024311415143898212,1.756451186730112,-0.00010911731744342888,-35.251551958652406,2546.8542207586624,-0.27279329360857218,7871.5878125000008,6348.0546875,0,-0,-0,-0,0,17063.571
2,2.5949999999999669,519,38.289542460815369,5.7064270030038484,0.29682422094204114,0.11745618340748983,14.95161665729775,0.05127613596425195,14.951704582050267,0.025000000000000001,0,0,0.011751614912985138,0.0087467205828268921,1410.1937895582166,1137.0736757674961,-0.024311153430382943,1.7564322777368071,-0.00010911550041037117,-35.251172474055267,2546.8268027183703,-0.27278875102592792,7871.5878125000008,6348.0546875,0,-0,-0,-0,0,17063.571
2,2.5999999999999668,520,38.36094968260489,5.7285586790617735,0.29741150049514242,0.11745563783453027,14.951525216011087,0.051277498183661716,14.951613145973091,0.025000000000000001,0,0,0.011751488408068949,0.0087466264173168117,1410.1786089682739,1137.0614342511856,-0.024310891723336725,1.7564133692108996,-0.00010911368342560763,-35.25079299883825,2546.7993853558046,-0.27278420856401908,7871.5878125000008,6348.0546875,0,-0,-0,-0,0,17063.571
2,2.6049999999999667,521,38.432343455542473,5.7507321596064216,0.29799877732040159,0.11745509227065551,14.951433776693051,0.051278860347905311,14.951521711864528,0.025000000000000001,0,0,0.011751361906279676,0.0087465322541343329,1410.1634287535612,1137.0491930374633,-0.024310630022759315,1.7563944611523723,-0.00010911186648904732,-35.250413533001009,2546.7719686709397,-0.27277966622261829,7871.5878125000008,6348.0546875,0,-0,-0,-0,0,17063.571
2,2.6099999999999666,522,38.503723755224676,5.7729474362824389,0.2985860514178641,0.11745454671586532,14.951342339343572,0.051280222456985471,14.951430279724512,0.025000000000000001,0,0,0.011751235407617199,0.0087464380932793673,1410.148248914064,1137.0369521263178,-0.024310368328650463,1.7563755535612067,-0.00010911004960107675,-35.250034076543173,2546.7445526637498,-0.27277512400269188,7871.5878125000008,6348.0546875,0,-0,-0,-0,0,17063.571
2,2.6149999999999665,523,38.575090557253347,5.7952045007202742,0.29917332278757536,0.11745400117015944,14.951250903962583,0.051281584510904941,14.951338849552968,0.025000000000000001,0,0,0.011751108912081401,0.0087463439347518282,1410.1330694497681,1137.0247115177376,-0.024310106641009927,1.7563566464373854,-0.00010910823276155952,-35.249654629464395,2546.7171373342089,-0.2727705819038988,7871.5878125000008,6348.0546875,0,-0,-0,-0,0,17063.571
2,2.6199999999999664,524,38.646443837235616,5.817503344536183,0.29976059142958084,0.11745345563353765,14.951159470550012,0.051282946509666458,14.951247421349832,0.025000000000000001,0,0,0.011750982419672169,0.0087462497785516305,1410.1178903606603,1137.012471211712,-0.024309844959837477,1.7563377397808924,-0.00010910641597033646,-35.24927519176434,2546.6897226822939,-0.27276603992584114,7871.5878125000008,6348.0546875,0,-0,-0,-0,0,17063.571
2,2.6249999999999662,525,38.717783570783929,5.8398439593322298,0.30034785734392588,0.11745291010599969,14.951068039105788,0.05128430845327276,14.95115599511503,0.025000000000000001,0,0,0.011750855930389378,0.0087461556246786823,1410.1027116467253,1137.0002312082288,-0.024309583285132851,1.7563188335917084,-0.0001091045992277941,-35.248895763442633,2546.662308707977,-0.27276149806948524,7871.5878125000008,6348.0546875,0,-0,-0,-0,0,17063.571
2,2.6299999999999661,526,38.789109733516028,5.8622263366962928,0.30093512053065596,0.11745236458754532,14.950976609629842,0.051285670341726583,14.951064570848494,0.025000000000000001,0,0,0.011750729444232914,0.0087460614731329003,1410.0875333079496,1136.987991507277,-0.024309321616895814,1.7562999278698159,-0.00010910278253363686,-35.248516344498931,2546.6348954112332,-0.27275695633409214,7871.5878125000008,6348.0546875,0,-0,-0,-0,0,17063.571
2,2.634999999999966,527,38.860422301054989,5.8846504682020671,0.30152238098981649,0.1174518190781743,14.950885182122105,0.051287032175030667,14.950973148550153,0.025000000000000001,0,0,0.01175060296120266,0.0087459673239141927,1410.0723553443192,1136.975752108845,-0.024309059955126125,1.7562810226151981,-0.00010910096588768283,-35.24813693493288,2546.6074827920374,-0.27275241471920708,7871.5878125000008,6348.0546875,0,-0,-0,-0,0,17063.571
2,2.6399999999999659,528,38.931721249029202,5.9071163454090678,0.30210963872145286,0.11745127357788639,14.950793756582508,0.051288393953187753,14.950881728219937,0.025000000000000001,0,0,0.011750476481298497,0.0087458731770224743,1410.0571777558196,1136.9635130129216,-0.024308798299823534,1.7562621178278373,-0.0001090991492903413,-35.247757534744125,2546.5800708503639,-0.27274787322585325,7871.5878125000008,6348.0546875,0,-0,-0,-0,0,17063.571
2,2.6449999999999658,529,39.003006553072403,5.9296239598626332,0.30269689372561048,0.11745072808668135,14.950702333010979,0.051289755676200574,14.950790309857778,0.025000000000000001,0,0,0.011750350004520311,0.0087457790324576585,1410.0420005424373,1136.9512742194956,-0.024308536650987814,1.7562432135077155,-0.0001090973327412712,-35.24737814393233,2546.5526595861875,-0.27274333185317801,7871.5878125000008,6348.0546875,0,-0,-0,-0,0,17063.571
2,2.6499999999999657,530,39.074278188823662,5.9521733030939288,0.30328414600233478,0.11745018260455893,14.95061091140745,0.051291117344071872,14.950698893463606,0.025000000000000001,0,0,0.011750223530867982,0.0087456848902196568,1410.0268237041578,1136.9390357285554,-0.024308275008618704,1.7562243096548158,-0.00010909551624058622,-35.246998762497121,2546.5252489994828,-0.27273879060146555,7871.5878125000008,6348.0546875,0,-0,-0,-0,0,17063.571
2,2.6549999999999656,531,39.1455361319274,5.9747643666199508,0.3038713955516712,0.11744963713151889,14.95051949177185,0.051292478956804381,14.95060747903735,0.025000000000000001,0,0,0.011750097060341393,0.0087455907503083807,1410.011647240967,1136.9267975400894,-0.024308013372715969,1.7562054062691199,-0.00010909369978826363,-35.246619390438156,2546.4978390902238,-0.27273424947065905,7871.5878125000008,6348.0546875,0,-0,-0,-0,0,17063.571
2,2.6599999999999655,532,39.216780358033404,5.9973971419435275,0.3044586423736651,0.117449091667561,14.95042807410411,0.051293840514400842,14.95051606657894,0.025000000000000001,0,0,0.011749970592940424,0.0087454966127237452,1409.996471152851,1136.9145596540868,-0.024307751743279364,1.7561865033506108,-0.00010909188338437161,-35.246240027755078,2546.4704298583856,-0.27272970846092903,7871.5878125000008,6348.0546875,0,-0,-0,-0,0,17063.571
2,2.6649999999999654,533,39.28801084279683,6.0200716205533258,0.30504588646836195,0.117448546212685,14.95033665840416,0.051295202016863987,14.950424656088309,0.025000000000000001,0,0,0.011749844128664963,0.0087454024774656584,1409.9812954397955,1136.9023220705355,-0.024307490120308653,1.7561676008992706,-0.0001090900670285464,-35.245860674447549,2546.4430213039423,-0.272725167571366,7871.5878125000008,6348.0546875,0,-0,-0,-0,0,17063.571
2,2.6699999999999653,534,39.3592275618782,6.0427877939238535,0.30563312783580709,0.11744800076689066,14.95024524467193,0.05129656346419656,14.950333247565382,0.025000000000000001,0,0,0.011749717667514889,0.0087453083445340387,1409.9661201017866,1136.8900847894249,-0.024307228503803586,1.7561486989150819,-0.0001090882507214701,-35.245481330515197,2546.4156134268687,-0.27272062680367526,7871.5878125000008,6348.0546875,0,-0,-0,-0,0,17063.571
2,2.6749999999999652,535,39.430430490943429,6.0655456535154606,0.306220366476046,0.11744745533017774,14.950153832907349,0.051297924856401292,14.950241841010094,0.025000000000000001,0,0,0.011749591209490082,0.008745214213928796,1409.9509451388099,1136.8778478107436,-0.024306966893763913,1.7561297973980272,-0.00010908643446291534,-35.245101995957675,2546.3882062271396,-0.27271608615728837,7871.5878125000008,6348.0546875,0,-0,-0,-0,0,17063.571
2,2.6799999999999651,536,39.501619605663826,6.0883451907743469,0.30680760238912402,0.11744690990254598,14.950062423110349,0.051299286193480925,14.950150436422373,0.025000000000000001,0,0,0.011749464754590431,0.0087451200856498417,1409.9357705508517,1136.8656111344794,-0.024306705290189409,1.7561108963480891,-0.00010908461825233644,-35.244722670774642,2546.3607997047293,-0.2727115456308411,7871.5878125000008,6348.0546875,0,-0,-0,-0,0,17063.571
2,2.684999999999965,537,39.572794881716099,6.1111863971325615,0.30739483557508657,0.11744636448399516,14.949971015280861,0.051300647475438194,14.95005903380215,0.025000000000000001,0,0,0.011749338302815814,0.0087450259596970874,1409.9205963378977,1136.8533747606214,-0.024306443693079816,1.7560919957652494,-0.00010908280209009718,-35.244343354965736,2546.3333938596115,-0.27270700522524294,7871.5878125000008,6348.0546875,0,-0,-0,-0,0,17063.571
2,2.6899999999999649,538,39.643956294782356,6.1340692640080086,0.3079820660339791,0.11744581907452503,14.949879609418812,0.051302008702275838,14.949967633149353,0.025000000000000001,0,0,0.011749211854166112,0.0087449318360704499,1409.9054224999334,1136.8411386891585,-0.024306182102434896,1.7560730956494908,-0.00010908098597653862,-35.2439640485306,2546.3059886917617,-0.27270246494134653,7871.5878125000008,6348.0546875,0,-0,-0,-0,0,17063.571
2,2.6949999999999648,539,39.715103820550127,6.1569937828044496,0.30856929376584696,0.11744527367413535,14.949788205524134,0.051303369873996592,14.949876234463915,0.025000000000000001,0,0,0.011749085408641214,0.0087448377147698389,1409.8902490369458,1136.8289029200791,-0.024305920518254413,1.7560541960007967,-0.0001090791699109559,-35.243584751468902,2546.2785842011554,-0.27269792477738974,7871.5878125000008,6348.0546875,0,-0,-0,-0,0,17063.571
2,2.6999999999999647,540,39.786237434712376,6.1799599449115084,0.30915651877073558,0.11744472828282587,14.949696803596758,0.05130473099060319,14.949784837745764,0.025000000000000001,0,0,0.011748958966240997,0.0087447435957951677,1409.8750759489196,1136.8166674533718,-0.024305658940538113,1.7560352968191484,-0.00010907735389398568,-35.243205463780264,2546.2511803877651,-0.27269338473496418,7871.5878125000008,6348.0546875,0,-0,-0,-0,0,17063.571
2,2.7049999999999645,541,39.857357112967492,6.202967741704672,0.30974374104869035,0.11744418290059636,14.949605403636614,0.051306092052098365,14.949693442994832,0.025000000000000001,0,0,0.011748832526965345,0.0087446494791463478,1409.8599032358413,1136.8044322890253,-0.024305397369285754,1.7560163981045283,-0.00010907553792533235,-35.242826185464345,2546.2237772515659,-0.27268884481333089,7871.5878125000008,6348.0546875,0,-0,-0,-0,0,17063.571
2,2.7099999999999644,542,39.928462831019303,6.2260171645452971,0.31033096059975668,0.11744363752744656,14.949514005643632,0.051307453058484859,14.94960205021105,0.025000000000000001,0,0,0.011748706090814144,0.0087445553648232942,1409.8447308976972,1136.7921974270282,-0.024305135804497106,1.7559974998569199,-0.00010907372200481404,-35.242446916520805,2546.1963747925338,-0.27268430501203511,7871.5878125000008,6348.0546875,0,-0,-0,-0,0,17063.571
2,2.7149999999999643,543,39.999554564577096,6.2491082047806126,0.31091817742397992,0.11744309216337626,14.949422609617741,0.051308814009765405,14.949510659394347,0.025000000000000001,0,0,0.011748579657787269,0.0087444612528259167,1409.8295589344723,1136.7799628673692,-0.02430487424617191,1.7559786020763042,-0.00010907190613304466,-35.242067656949267,2546.1689730106409,-0.27267976533261162,7871.5878125000008,6348.0546875,0,-0,-0,-0,0,17063.571
2,2.7199999999999642,544,40.070632289355608,6.2722408537437202,0.31150539152140555,0.11744254680838519,14.949331215558873,0.051310174905942738,14.949419270544652,0.025000000000000001,0,0,0.011748453227884611,0.0087443671431541303,1409.8143873461534,1136.767728610037,-0.024304612694309932,1.7559597047626649,-0.00010907009030931931,-35.241688406749404,2546.1415719058641,-0.27267522577329828,7871.5878125000008,6348.0546875,0,-0,-0,-0,0,17063.571
2,2.7249999999999641,545,40.141695981075046,6.2954151027536032,0.31209260289207891,0.11744200146247312,14.949239823466957,0.051311535747019597,14.949327883661898,0.025000000000000001,0,0,0.011748326801106046,0.0087442730358078449,1409.7992161327256,1136.7554946550199,-0.024304351148910927,1.7559408079159842,-0.00010906827453393361,-35.241309165920846,2546.114171478177,-0.27267068633483404,7871.5878125000008,6348.0546875,0,-0,-0,-0,0,17063.571
2,2.729999999999964,546,40.212745615461088,6.3186309431151253,0.3126798115360454,0.1174414561256398,14.949148433341923,0.051312896532998711,14.949236498746011,0.025000000000000001,0,0,0.011748200377451461,0.008744178930786977,1409.7840452941753,1136.743261002307,-0.024304089609974648,1.7559219115362439,-0.00010906645880700125,-35.240929934463239,2546.0867717275537,-0.27266614701750314,7871.5878125000008,6348.0546875,0,-0,-0,-0,0,17063.571
2,2.7349999999999639,547,40.2837811682449,6.3418883661190364,0.31326701745335045,0.117440910797885,14.949057045183702,0.05131425726388282,14.949145115796924,0.025000000000000001,0,0,0.011748073956920735,0.0087440848280914366,1409.7688748304881,1136.7310276518867,-0.024303828077500859,1.755903015623427,-0.00010906464312847674,-35.240550712376248,2546.0593726539691,-0.27266160782119186,7871.5878125000008,6348.0546875,0,-0,-0,-0,0,17063.571
2,2.7399999999999638,548,40.354802615163138,6.3651873630419749,0.31385422064403939,0.11744036547920847,14.948965658992224,0.051315617939674658,14.949053734814566,0.025000000000000001,0,0,0.011747947539513751,0.0087439907277211369,1409.7537047416502,1136.7187946037477,-0.024303566551489311,1.7558841201775162,-0.00010906282749842831,-35.240171499659503,2546.0319742573984,-0.27265706874607076,7871.5878125000008,6348.0546875,0,-0,-0,-0,0,17063.571
2,2.7449999999999637,549,40.42580993195795,6.3885279251464731,0.31444142110815765,0.11743982016960997,14.948874274767419,0.051316978560376959,14.948962355798871,0.025000000000000001,0,0,0.011747821125230398,0.0087438966296759877,1409.7385350276477,1136.7065618578783,-0.024303305031939774,1.755865225198493,-0.0001090610119162875,-35.239792296312672,2546.004576537815,-0.27265252979071875,7871.5878125000008,6348.0546875,0,-0,-0,-0,0,17063.571
2,2.7499999999999636,550,40.496803094376993,6.4119100436809591,0.31502861884575062,0.11743927486908926,14.948782892509218,0.051318339125992457,14.948870978749763,0.025000000000000001,0,0,0.01174769471407055,0.0087438025339559057,1409.7233656884659,1136.6943294142677,-0.024303043518851982,1.755846330686341,-0.00010905919638269097,-35.239413102335376,2545.9771794951944,-0.27264799095672743,7871.5878125000008,6348.0546875,0,-0,-0,-0,0,17063.571
2,2.7549999999999635,551,40.567782078173444,6.4353337098797612,0.31561581385686366,0.11743872957764609,14.948691512217552,0.051319699636523886,14.94877960366718,0.025000000000000001,0,0,0.011747568306034096,0.0087437084405608025,1409.7081967240915,1136.6820972729042,-0.024302782012225722,1.7558274366410422,-0.00010905738089729767,-35.239033917727298,2545.9497831295112,-0.27264345224324416,7871.5878125000008,6348.0546875,0,-0,-0,-0,0,17063.571
2,2.7599999999999634,552,40.638746859106007,6.4587989149631095,0.31620300614154218,0.11743818429528023,14.948600133892349,0.051321060091973979,14.948688230551046,0.025000000000000001,0,0,0.011747441901120915,0.0087436143494905895,1409.6930281345099,1136.6698654337765,-0.024302520512060725,1.7558085430625785,-0.00010905556546026674,-35.238654742488052,2545.9223874407389,-0.27263891365066684,7871.5878125000008,6348.0546875,0,-0,-0,-0,0,17063.571
2,2.7649999999999633,553,40.709697412938901,6.4823056501371425,0.31679019569983158,0.11743763902199143,14.94850875753354,0.051322420492345477,14.948596859401292,0.025000000000000001,0,0,0.011747315499330892,0.0087435202607451801,1409.6778599197071,1136.6576338968734,-0.024302259018356767,1.7557896499509336,-0.00010905375007162093,-35.238275576617312,2545.8949924288536,-0.27263437517905231,7871.5878125000008,6348.0546875,0,-0,-0,-0,0,17063.571
2,2.7699999999999632,554,40.780633715441901,6.5058539065939076,0.31737738253177722,0.11743709375777946,14.948417383141058,0.051323780837641109,14.948505490217849,0.025000000000000001,0,0,0.011747189100663906,0.0087434261743244875,1409.6626920796687,1136.6454026621834,-0.024301997531113582,1.7557707573060881,-0.00010905193473145119,-35.237896420114694,2545.8675980938278,-0.27262983682862796,7871.5878125000008,6348.0546875,0,-0,-0,-0,0,17063.571
2,2.7749999999999631,555,40.851555742390325,6.5294436755113674,0.31796456663742451,0.11743654850264407,14.94832601071483,0.051325141127863606,14.948414123000651,0.025000000000000001,0,0,0.011747062705119845,0.0087433320902284232,1409.6475246143814,1136.6331717296951,-0.024301736050330956,1.7557518651280262,-0.00010905011943937097,-35.237517272979886,2545.840204435638,-0.27262529859842743,7871.5878125000008,6348.0546875,0,-0,-0,-0,0,17063.571
2,2.7799999999999629,556,40.922463469565045,6.5530749480534016,0.31855174801681879,0.11743600325658501,14.948234640254787,0.051326501363015704,14.948322757749624,0.025000000000000001,0,0,0.011746936312698589,0.0087432380084568988,1409.6323575238307,1136.6209410993968,-0.024301474576008633,1.75573297341673,-0.00010904830419524387,-35.237138135212518,2545.8128114542583,-0.27262076048810968,7871.5878125000008,6348.0546875,0,-0,-0,-0,0,17063.571
2,2.7849999999999628,557,40.9933568727525,6.5767477153698097,0.31913892667000548,0.11743545801960206,14.948143271760859,0.051327861543100137,14.948231394464699,0.025000000000000001,0,0,0.011746809923400017,0.0087431439290098327,1409.6171908080021,1136.6087107712783,-0.024301213108146365,1.7557140821721815,-0.00010904648900018401,-35.236759006812228,2545.7854191496631,-0.27261622250046003,7871.5878125000008,6348.0546875,0,-0,-0,-0,0,17063.571
2,2.7899999999999627,558,41.064235927744697,6.6004619685963171,0.31972610259702994,0.11743491279169496,14.948051905232978,0.051329221668119637,14.948140033145807,0.025000000000000001,0,0,0.011746683537224016,0.0087430498518871295,1409.6020244668819,1136.5964807453267,-0.02430095164674391,1.7556951913943628,-0.00010904467385291809,-35.236379887778668,2545.7580275218261,-0.27261168463229524,7871.5878125000008,6348.0546875,0,-0,-0,-0,0,17063.571
2,2.7949999999999626,559,41.135100610339222,6.6242176988545767,0.32031327579793756,0.11743436757286348,14.947960540671072,0.051330581738076933,14.948048673792877,0.025000000000000001,0,0,0.011746557154170469,0.0087429557770887078,1409.5868585004564,1136.5842510215321,-0.024300690191801033,1.7556763010832577,-0.00010904285875408277,-35.236000778111496,2545.7306365707236,-0.27260714688520693,7871.5878125000008,6348.0546875,0,-0,-0,-0,0,17063.571
2,2.7999999999999625,560,41.20595089633926,6.6480148972521729,0.3209004462727737,0.11743382236310737,14.947869178075074,0.051331941752974765,14.947957316405841,0.025000000000000001,0,0,0.011746430774239258,0.0087428617046144772,1409.5716929087109,1136.572021599882,-0.024300428743317486,1.7556574112388474,-0.00010904104370351889,-35.235621677810357,2545.7032462963289,-0.2726026092587972,7871.5878125000008,6348.0546875,0,-0,-0,-0,0,17063.571
2,2.8049999999999624,561,41.276786761553581,6.6718535548826257,0.32148761402158377,0.11743327716242639,14.94777781744491,0.05133330171281586,14.947865960984627,0.025000000000000001,0,0,0.011746304397430263,0.0087427676344643528,1409.5565276916316,1136.5597924803658,-0.024300167301293026,1.7556385218611148,-0.00010903922870143105,-35.23524258687489,2545.6758566986164,-0.27259807175357764,7871.5878125000008,6348.0546875,0,-0,-0,-0,0,17063.571
2,2.8099999999999623,562,41.347608181796566,6.6957336628253934,0.32207477904441312,0.11743273197082031,14.947686458780515,0.051334661617602952,14.947774607529167,0.025000000000000001,0,0,0.01174617802374337,0.0087426735666382462,1409.5413628492045,1136.5475636629719,-0.02429990586572742,1.7556196329500429,-0.00010903741374756918,-35.234863505304759,2545.648467777562,-0.27259353436892297,7871.5878125000008,6348.0546875,0,-0,-0,-0,0,17063.571
2,2.8149999999999622,563,41.418415132888214,6.7196552121458764,0.3226619413413071,0.11743218678828887,14.947595102081817,0.051336021467338774,14.947683256039392,0.025000000000000001,0,0,0.011746051653178461,0.0087425795011360705,1409.5261983814153,1136.5353351476892,-0.024299644436620412,1.7556007445056137,-0.00010903559884216065,-35.234484433099595,2545.6210795331399,-0.27258899710540163,7871.5878125000008,6348.0546875,0,-0,-0,-0,0,17063.571
2,2.8199999999999621,564,41.489207590654132,6.7436181938954212,0.32324910091231113,0.11743164161483184,14.947503747348746,0.051337381262026055,14.94759190651523,0.025000000000000001,0,0,0.011745925285735419,0.0087424854379577373,1409.5110342882504,1136.5231069345059,-0.024299383013971769,1.7555818565278094,-0.00010903378398479617,-35.234105370259066,2545.5936919653236,-0.27258445996199043,7871.5878125000008,6348.0546875,0,-0,-0,-0,0,17063.571
2,2.824999999999962,565,41.559985530925566,6.7676225991113244,0.32383625775747055,0.11743109645044897,14.947412394581232,0.051338741001667534,14.947500558956614,0.025000000000000001,0,0,0.011745798921414124,0.0087423913771031581,1409.4958705696949,1136.5108790234106,-0.024299121597781238,1.7555629690166126,-0.00010903196917572586,-35.233726316782793,2545.5663050740882,-0.27257992293931466,7871.5878125000008,6348.0546875,0,-0,-0,-0,0,17063.571
2,2.8299999999999619,566,41.630748929539394,6.791668418816835,0.32442341187683071,0.11743055129514003,14.947321043779207,0.05134010068626594,14.947409213363471,0.025000000000000001,0,0,0.01174567256021446,0.0087422973185722497,1409.4807072257352,1136.4986514143925,-0.024298860188048582,1.7555440819720058,-0.00010903015441535899,-35.233347272670443,2545.5389188594086,-0.27257538603839748,7871.5878125000008,6348.0546875,0,-0,-0,-0,0,17063.571
2,2.8349999999999618,567,41.701497762338143,6.8157556440211593,0.32501056327043704,0.11743000614890477,14.9472296949426,0.051341460315824004,14.947317869735734,0.025000000000000001,0,0,0.011745546202136312,0.0087422032623649202,1409.4655442563574,1136.4864241074397,-0.02429859878477356,1.7555251953939717,-0.00010902833970296797,-35.232968237921661,2545.5115333212589,-0.27257084925741992,7871.5878125000008,6348.0546875,0,-0,-0,-0,0,17063.571
2,2.8399999999999617,568,41.772232005169997,6.839884265719463,0.32559771193833487,0.11742946101174295,14.947138348071341,0.051342819890344456,14.947226528073331,0.025000000000000001,0,0,0.011745419847179559,0.0087421092084810845,1409.450381661547,1136.474197102541,-0.024298337387955924,1.7555063092824925,-0.00010902652503891658,-35.232589212536091,2545.4841484596141,-0.27256631259729147,7871.5878125000008,6348.0546875,0,-0,-0,-0,0,17063.571
2,2.8449999999999616,569,41.842951633888795,6.8640542748928759,0.32618485788056956,0.11742891588365434,14.947047003165363,0.051344179409830028,14.947135188376196,0.025000000000000001,0,0,0.011745293495344089,0.0087420151569206593,1409.4352194412907,1136.4619703996857,-0.02429807599759545,1.7554874236375515,-0.00010902471042327306,-35.2322101965134,2545.4567642744496,-0.27256177605818266,7871.5878125000008,6348.0546875,0,-0,-0,-0,0,17063.571
2,2.8499999999999615,570,41.913656624354047,6.8882656625084948,0.32677200109718652,0.11742837076463868,14.946955660224592,0.051345538874283447,14.947043850644256,0.025000000000000001,0,0,0.01174516714662978,0.008741921107683551,1409.4200575955736,1136.4497439988615,-0.024297814613691869,1.7554685384591298,-0.0001090228958558555,-35.23183118985321,2545.4293807657382,-0.27255723963963874,7871.5878125000008,6348.0546875,0,-0,-0,-0,0,17063.571
2,2.8549999999999613,571,41.984346952430947,6.9125184195193894,0.3273591415882311,0.11742782565469573,14.946864319248963,0.051346898283707455,14.946952514877443,0.025000000000000001,0,0,0.011745040801036517,0.0087418270607696729,1409.404896124382,1136.4375179000574,-0.024297553236244957,1.7554496537472106,-0.00010902108133659567,-35.231452192555189,2545.4019979334553,-0.27255270334148918,7871.5878125000008,6348.0546875,0,-0,-0,-0,0,17063.571
2,2.8599999999999612,572,42.055022593990365,6.9368125368646023,0.32794627935374859,0.11742728055382526,14.946772980238404,0.051348257638104772,14.946861181075688,0.025000000000000001,0,0,0.011744914458564184,0.0087417330161789399,1409.389735027702,1136.4252921032621,-0.024297291865254464,1.7554307695017768,-0.00010901926686542538,-35.231073204618973,2545.3746157775763,-0.27254816716356345,7871.5878125000008,6348.0546875,0,-0,-0,-0,0,17063.571
2,2.8649999999999611,573,42.125683524908872,6.9611480054691546,0.32853341439378442,0.11742673546202702,14.946681643192845,0.051349616937478131,14.946769849238917,0.025000000000000001,0,0,0.01174478811921266,0.0087416389739112636,1409.3745743055192,1136.4130666084643,-0.024297030500720154,1.75541188572281,-0.0001090174524428221,-35.230694226044221,2545.3472342980745,-0.27254363110705526,7871.5878125000008,6348.0546875,0,-0,-0,-0,0,17063.571
2,2.869999999999961,574,42.196329721068736,6.98552481624405,0.32912054670838398,0.11742619037930077,14.946590308112215,0.051350976181830266,14.946678519367065,0.025000000000000001,0,0,0.011744661782981829,0.0087415449339665607,1409.3594139578195,1136.4008414156528,-0.024296769142641769,1.7553930024102933,-0.00010901563806860395,-35.230315256830565,2545.3198534949252,-0.27253909517150987,7871.5878125000008,6348.0546875,0,-0,-0,-0,0,17063.571
2,2.8749999999999609,575,42.266961158357944,7.0099429600862768,0.32970767629759257,0.11742564530564628,14.946498974996448,0.051352335371163904,14.946587191460061,0.025000000000000001,0,0,0.011744535449871576,0.0087414508963447376,1409.3442539845892,1136.3886165248159,-0.024296507791019082,1.755374119564209,-0.00010901382374240711,-35.229936296977669,2545.2924733681029,-0.27253455935601778,7871.5878125000008,6348.0546875,0,-0,-0,-0,0,17063.571
2,2.8799999999999608,576,42.337577812670197,7.0344024278788133,0.33029480316145554,0.1174251002410633,14.946407643845472,0.051353694505481773,14.946495865517834,0.025000000000000001,0,0,0.011744409119881782,0.0087413568610457126,1409.329094385814,1136.3763919359426,-0.024296246445851849,1.7553552371845393,-0.00010901200946461813,-35.22955734648518,2545.2650939175819,-0.27253002366154533,7871.5878125000008,6348.0546875,0,-0,-0,-0,0,17063.571
2,2.8849999999999607,577,42.408179659904924,7.0589032104906311,0.33088192730001831,0.11742455518555159,14.946316314659217,0.051355053584786613,14.946404541540316,0.025000000000000001,0,0,0.011744282793012329,0.0087412628280693939,1409.3139351614795,1136.3641676490213,-0.02429598510713981,1.7553363552712673,-0.00010901019523514606,-35.229178405352727,2545.2377151433375,-0.27252548808786514,7871.5878125000008,6348.0546875,0,-0,-0,-0,0,17063.571
2,2.8899999999999606,578,42.478766675967286,7.0834452987766969,0.33146904871332616,0.1174240101391109,14.946224987437615,0.051356412609081144,14.946313219527436,0.025000000000000001,0,0,0.011744156469263103,0.0087411687974156983,1409.2987763115723,1136.3519436640408,-0.024295723774882746,1.7553174738243746,-0.00010900838105396815,-35.228799473579983,2545.2103370453433,-0.27252095263492038,7871.5878125000008,6348.0546875,0,-0,-0,-0,0,17063.571
2,2.8949999999999605,579,42.549338836768193,7.1080286835779782,0.33205616740142452,0.117423465101741,14.946133662180594,0.0513577715783681,14.946221899479125,0.025000000000000001,0,0,0.011744030148633981,0.0087410747690845371,1409.2836178360776,1136.3397199809899,-0.024295462449080398,1.7552985928438447,-0.00010900656692131178,-35.228420551166579,2545.1829596235748,-0.27251641730327947,7871.5878125000008,6348.0546875,0,-0,-0,-0,0,17063.571
2,2.8999999999999604,580,42.619896118224297,7.1326533557214473,0.33264328336435872,0.11742292007344164,14.946042338888088,0.051359130492650208,14.946130581395314,0.025000000000000001,0,0,0.011743903831124853,0.008740980743075822,1409.2684597349823,1136.3274965998569,-0.024295201129732543,1.7552797123296597,-0.00010900475283649485,-35.228041638112188,2545.1555828780065,-0.27251188209123711,7871.5878125000008,6348.0546875,0,-0,-0,-0,0,17063.571
2,2.9049999999999603,581,42.690438496258011,7.1573193060200815,0.33323039660217407,0.11742237505421259,14.945951017560024,0.051360489351930196,14.946039265275934,0.025000000000000001,0,0,0.011743777516735594,0.0087408867193894645,1409.2533020082712,1136.3152735206304,-0.024294939816838914,1.7552608322818015,-0.00010900293880015397,-35.227662734416427,2545.128206808612,-0.27250734700038493,7871.5878125000008,6348.0546875,0,-0,-0,-0,0,17063.571
2,2.9099999999999602,582,42.760965946797519,7.182026525272871,0.33381750711491598,0.1174218300440536,14.945859698196333,0.051361848156210796,14.945947951120912,0.025000000000000001,0,0,0.011743651205466096,0.0087407926980253813,1409.2381446559316,1136.3030507432995,-0.024294678510399289,1.755241952700253,-0.00010900112481192537,-35.227283840078968,2545.1008314153669,-0.27250281202981341,7871.5878125000008,6348.0546875,0,-0,-0,-0,0,17063.571
2,2.9149999999999601,583,42.831478445776781,7.2067750042648209,0.33440461490262974,0.11742128504296442,14.945768380796947,0.051363206905494736,14.945856638930183,0.025000000000000001,0,0,0.011743524897316235,0.0087406986789834822,1409.2229876779481,1136.2908282678527,-0.024294417210413415,1.755223073584997,-0.00010899931087212735,-35.22690495509945,2545.0734566982455,-0.27249827718031838,7871.5878125000008,6348.0546875,0,-0,-0,-0,0,17063.571
2,2.91999999999996,584,42.901975969135535,7.2315647337669535,0.33499171996536076,0.11742074005094483,14.945677065361794,0.051364565599784744,14.945765328703672,0.025000000000000001,0,0,0.011743398592285894,0.0087406046622636822,1409.2078310743073,1136.2786060942788,-0.024294155916881045,1.7552041949360158,-0.00010899749698075993,-35.226526079477516,2545.046082657223,-0.27249374245189983,7871.5878125000008,6348.0546875,0,-0,-0,-0,0,17063.571
2,2.9249999999999599,585,42.972458492819314,7.256395704536315,0.33557882230315433,0.11742019506799457,14.945585751890807,0.051365924239083552,14.945674020441315,0.025000000000000001,0,0,0.011743272290374959,0.0087405106478658911,1409.1926748449951,1136.2663842225659,-0.02429389462980195,1.7551853167532916,-0.00010899568313732288,-35.226147213212826,2545.0187092922729,-0.27248920784330721,7871.5878125000008,6348.0546875,0,-0,-0,-0,0,17063.571
2,2.9299999999999597,586,43.042925992779452,7.281267907315975,0.33616592191605582,0.11741965009411341,14.945494440383914,0.051367282823393881,14.945582714143038,0.025000000000000001,0,0,0.011743145991583314,0.0087404166357900222,1409.1775189899977,1136.2541626527029,-0.024293633349175878,1.7551664390368074,-0.0001089938693421118,-35.225768356305025,2544.9913366033707,-0.27248467335527948,7871.5878125000008,6348.0546875,0,-0,-0,-0,0,17063.571
2,2.9349999999999596,587,43.113378444973087,7.3061813328350347,0.33675301880411057,0.11741910512930111,14.945403130841047,0.051368641352718465,14.945491409808772,0.025000000000000001,0,0,0.011743019695910836,0.0087403226260359922,1409.1623635093003,1136.241941384679,-0.024293372075002592,1.7551475617865449,-0.0001089920555953995,-35.225389508753757,2544.9639645904899,-0.27248013898849877,7871.5878125000008,6348.0546875,0,-0,-0,-0,0,17063.571
2,2.9399999999999595,588,43.183815825363176,7.3311359718086271,0.33734011296736394,0.11741856017355741,14.945311823262134,0.051369999827060031,14.945400107438449,0.025000000000000001,0,0,0.011742893403357412,0.0087402286186037109,1409.1472084028894,1136.2297204184824,-0.024293110807281845,1.7551286850024872,-0.00010899024189691317,-35.225010670558675,2544.9365932536066,-0.27247560474228294,7871.5878125000008,6348.0546875,0,-0,-0,-0,0,17063.571
2,2.9449999999999594,589,43.254238109918496,7.356131814937922,0.33792720440586127,0.11741801522688208,14.945220517647108,0.051371358246421306,14.945308807031997,0.025000000000000001,0,0,0.011742767113922924,0.0087401346134930898,1409.132053670751,1136.2174997541017,-0.024292849546013399,1.7551098086846173,-0.00010898842824649364,-35.224631841719429,2544.9092225926952,-0.2724710706162341,7871.5878125000008,6348.0546875,0,-0,-0,-0,0,17063.571
2,2.9499999999999593,590,43.324645274613658,7.3811688529101307,0.33851429311964787,0.11741747028927489,14.945129213995898,0.051372716610805017,14.94521750858935,0.025000000000000001,0,0,0.011742640827607256,0.0087400406107040456,1409.1168993128706,1136.2052793915259,-0.024292588291197004,1.7550909328329165,-0.00010898661464461838,-35.224253022235658,2544.8818526077289,-0.27246653661154596,7871.5878125000008,6348.0546875,0,-0,-0,-0,0,17063.571
2,2.9549999999999592,591,43.395037295429113,7.4062470763985084,0.33910137910876914,0.11741692536073559,14.945037912308436,0.051374074920213897,14.945126212110434,0.025000000000000001,0,0,0.011742514544410288,0.0087399466102364865,1409.1017453292345,1136.1930593307432,-0.024292327042832431,1.7550720574473679,-0.00010898480109062802,-35.223874212107027,2544.8544832986836,-0.27246200272657006,7871.5878125000008,6348.0546875,0,-0,-0,-0,0,17063.571
2,2.9599999999999591,592,43.465414148351158,7.431366476062359,0.33968846237327038,0.11741638044126393,14.944946612584651,0.051375433174650667,14.945034917595185,0.025000000000000001,0,0,0.011742388264331905,0.0087398526120903292,1409.0865917198287,1136.1808395717428,-0.024292065800919426,1.7550531825279541,-0.00010898298758531837,-35.223495411333168,2544.8271146655334,-0.27245746896329592,7871.5878125000008,6348.0546875,0,-0,-0,-0,0,17063.571
2,2.964999999999959,593,43.535775809371948,7.4565270425470365,0.34027554291319689,0.11741583553085969,14.944855314824474,0.051376791374118061,14.94494362504353,0.025000000000000001,0,0,0.01174226198737199,0.0087397586162654833,1409.0714384846387,1136.1686201145128,-0.02429180456545775,1.7550343080746571,-0.00010898117412800729,-35.223116619913739,2544.7997467082528,-0.27245293532001824,7871.5878125000008,6348.0546875,0,-0,-0,-0,0,17063.571
2,2.9699999999999589,594,43.606122254489506,7.4817287664839505,0.34086262072859408,0.11741529062952261,14.944764019027835,0.051378149518618799,14.944852334455398,0.025000000000000001,0,0,0.011742135713530425,0.0087396646227618658,1409.0562856236509,1136.1564009590425,-0.024291543336447161,1.7550154340874597,-0.00010897936071908134,-35.222737837848385,2544.7723794268168,-0.27244840179770335,7871.5878125000008,6348.0546875,0,-0,-0,-0,0,17063.571
2,2.9749999999999588,595,43.676453459707716,7.5069716384905716,0.34144969581950724,0.11741474573725245,14.944672725194664,0.051379507608155614,14.944761045830722,0.025000000000000001,0,0,0.011742009442807093,0.0087395706315793863,1409.0411331368512,1136.1441821053202,-0.024291282113887418,1.7549965605663451,-0.00010897754735829039,-35.222359065136757,2544.7450128212004,-0.27244386839572599,7871.5878125000008,6348.0546875,0,-0,-0,-0,0,17063.571
2,2.9799999999999587,596,43.746769401036353,7.5322556491704304,0.34203676818598172,0.11741420085404898,14.944581433324892,0.051380865642731227,14.944669759169431,0.025000000000000001,0,0,0.011741883175201875,0.0087394766427179565,1409.0259810242251,1136.1319635533343,-0.024291020897778275,1.7549776875112946,-0.00010897573404593004,-35.221980301778501,2544.7176468913772,-0.2724393351148251,7871.5878125000008,6348.0546875,0,-0,-0,-0,0,17063.571
2,2.9849999999999586,597,43.817070054491076,7.5575807891131266,0.34262383782806283,0.11741365597991195,14.944490143418449,0.051382223622348365,14.944578474471454,0.025000000000000001,0,0,0.011741756910714661,0.008739382656177493,1409.0108292857592,1136.1197453030741,-0.024290759688119501,1.7549588149222914,-0.00010897392078168195,-35.221601547773275,2544.6902816373226,-0.27243480195420489,7871.5878125000008,6348.0546875,0,-0,-0,-0,0,17063.571
2,2.9899999999999585,598,43.88735539609344,7.5829470488943294,0.34321090474579591,0.11741311111484111,14.944398855475265,0.051383581547009761,14.944487191736725,0.025000000000000001,0,0,0.011741630649345325,0.0087392886719579038,1408.995677921439,1136.1075273545275,-0.024290498484910834,1.7549399427993175,-0.00010897210756554614,-35.22122280312071,2544.6629170590104,-0.27243026891386535,7871.5878125000008,6348.0546875,0,-0,-0,-0,0,17063.571
2,2.9949999999999584,599,43.957625401870907,7.6083544190757815,0.34379796893922632,0.11741256625883624,14.944307569495273,0.051384939416718137,14.944395910965172,0.025000000000000001,0,0,0.011741504391093756,0.0087391946900591076,1408.9805269312508,1136.095309707684,-0.024290237288152054,1.7549210711423564,-0.00010897029439770449,-35.220844067820479,2544.6355531564168,-0.27242573599426123,7871.5878125000008,6348.0546875,0,-0,-0,-0,0,17063.571
2,2.9999999999999583,600,44.027880047856847,7.6338028902053034,0.34438503040839935,0.11741202141189709,14.944216285478401,0.051386297231476218,14.944304632156728,0.025000000000000001,0,0,0.011741378135959834,0.0087391007104810139,1408.96537631518,1136.0830923625317,-0.024289976097842902,1.7549021999513896,-0.00010896848127815702,-35.220465341872206,2544.608189929515,-0.27242120319539254,7871.5878125000008,6348.0546875,0,-0,-0,-0,0,17063.571
2,3.0049999999999581,601,44.098119310090553,7.659292452816798,0.34497208915336036,0.11741147657402341,14.944125003424579,0.051387654991286731,14.944213355311319,0.025000000000000001,0,0,0.011741251883943442,0.0087390067332235345,1408.9502260732131,1136.0708753190595,-0.024289714913983143,1.7548833292263997,-0.00010896666820692644,-35.220086625275556,2544.5808273782795,-0.27241667051731611,7871.5878125000008,6348.0546875,0,-0,-0,-0,0,17063.571
2,3.009999999999958,602,44.168343164617248,7.684823097430252,0.3455591451741547,0.11741093174521497,14.944033723333739,0.051389012696152397,14.944122080428878,0.025000000000000001,0,0,0.011741125635044465,0.008738912758286586,1408.9350762053357,1136.0586585772562,-0.024289453736572528,1.7548644589673696,-0.00010896485518394457,-35.219707918030167,2544.5534655026859,-0.27241213795986141,7871.5878125000008,6348.0546875,0,-0,-0,-0,0,17063.571
2,3.0149999999999579,603,44.238551587488089,7.7103948145517434,0.34614619847082762,0.11741038692547152,14.943942445205812,0.05139037034607595,14.944030807509336,0.025000000000000001,0,0,0.011740999389262784,0.0087388187856700765,1408.9199267115341,1136.04644213711,-0.024289192565610827,1.7548455891742818,-0.00010896304220898401,-35.219329220135698,2544.5261043027085,-0.27240760552246002,7871.5878125000008,6348.0546875,0,-0,-0,-0,0,17063.571
2,3.0199999999999578,604,44.308744554760182,7.736007594673441,0.34673324904342451,0.11740984211479283,14.943851169040727,0.05139172794106011,14.943939536552625,0.025000000000000001,0,0,0.011740873146598284,0.0087387248153739227,1408.9047775917941,1136.0342259986101,-0.024288931401097794,1.7548267198471186,-0.00010896122928236309,-35.218950531591801,2544.498743778322,-0.27240307320590773,7871.5878125000008,6348.0546875,0,-0,-0,-0,0,17063.571
2,3.0249999999999577,605,44.378922042496576,7.7616614282736114,0.34732029689199068,0.11740929731317865,14.943759894838413,0.051393085481107603,14.943848267558669,0.025000000000000001,0,0,0.011740746907050846,0.0087386308473980361,1408.8896288461015,1136.0220101617447,-0.024288670243033182,1.7548078509858624,-0.00010895941640383172,-35.218571852398114,2544.4713839295005,-0.27239854100957928,7871.5878125000008,6348.0546875,0,-0,-0,-0,0,17063.571
2,3.0299999999999576,606,44.449084026766293,7.7873563058166209,0.34790734201657142,0.11740875252062874,14.943668622598803,0.051394442966221157,14.943757000527405,0.025000000000000001,0,0,0.011740620670620351,0.0087385368817423301,1408.8744804744422,1136.009794626503,-0.024288409091416746,1.7547889825904956,-0.00010895760357384461,-35.21819318255428,2544.4440247562188,-0.27239400893461152,7871.5878125000008,6348.0546875,0,-0,-0,-0,0,17063.571
2,3.0349999999999575,607,44.519230483644314,7.8130922177529403,0.34849438441721209,0.11740820773714286,14.943577352321828,0.051395800396403492,14.943665735458762,0.025000000000000001,0,0,0.011740494437306688,0.008738442918406716,1408.8593324768026,1135.9975793928731,-0.024288147946248253,1.7547701146610015,-0.00010895579079174241,-35.217814522059967,2544.4166662584521,-0.272389476979356,7871.5878125000008,6348.0546875,0,-0,-0,-0,0,17063.571
2,3.0399999999999574,608,44.589361389211597,7.8388691545191476,0.34908142409395798,0.11740766296272077,14.943486084007416,0.051397157771657334,14.943574472352667,0.025000000000000001,0,0,0.011740368207109735,0.0087383489573911073,1408.8441848531681,1135.985364460844,-0.024287886807527456,1.7547512471973616,-0.00010895397805807078,-35.217435870914812,2544.3893084361744,-0.27238494514517697,7871.5878125000008,6348.0546875,0,-0,-0,-0,0,17063.571
2,3.0449999999999573,609,44.659476719555094,7.864687106537934,0.3496684610468544,0.11740711819736223,14.943394817655498,0.051398515091985411,14.943483211209054,0.025000000000000001,0,0,0.011740241980029374,0.0087382549986954189,1408.829037603525,1135.9731498304045,-0.02428762567525411,1.7547323801995593,-0.0001089521653726706,-35.21705722911846,2544.3619512893611,-0.27238041343167652,7871.5878125000008,6348.0546875,0,-0,-0,-0,0,17063.571
2,3.0499999999999572,610,44.729576450767745,7.8905460642181042,0.35025549527594668,0.11740657344106699,14.943303553266006,0.051399872357390443,14.943391952027852,0.025000000000000001,0,0,0.011740115756065494,0.0087381610423195623,1408.8138907278592,1135.9609355015432,-0.024287364549427985,1.7547135136675764,-0.00010895035273547365,-35.216678596670576,2544.3345948179858,-0.27237588183868411,7871.5878125000008,6348.0546875,0,-0,-0,-0,0,17063.571
2,3.0549999999999571,611,44.799660558948482,7.9164460179545841,0.35084252678128014,0.11740602869383482,14.943212290838868,0.051401229567875156,14.943300694808991,0.025000000000000001,0,0,0.011739989535217972,0.008738067088263449,1408.7987442261565,1135.9487214742485,-0.02428710343004882,1.7546946476013956,-0.00010894854014654811,-35.216299973570791,2544.3072390220236,-0.27237135036637028,7871.5878125000008,6348.0546875,0,-0,-0,-0,0,17063.571
2,3.059999999999957,612,44.869729020202257,7.9423869581284219,0.35142955556290012,0.11740548395566547,14.943121030374018,0.051402586723442271,14.943209439552405,0.025000000000000001,0,0,0.011739863317486696,0.0087379731365269941,1408.7835980984037,1135.9365077485093,-0.024286842317116399,1.7546757820010002,-0.0001089467276052801,-35.215921359818779,2544.2798839014504,-0.27236681901320026,7871.5878125000008,6348.0546875,0,-0,-0,-0,0,17063.571
2,3.0649999999999569,613,44.939781810640035,7.9683688751067923,0.35201658162085192,0.1174049392265587,14.943029771871382,0.051403943824094515,14.943118186258019,0.025000000000000001,0,0,0.011739737102871545,0.0087378791871101109,1408.7684523445853,1135.9242943243144,-0.024286581210630449,1.7546569168663713,-0.00010894491511289744,-35.215542755414148,2544.2525294562383,-0.27236228778224358,7871.5878125000008,6348.0546875,0,-0,-0,-0,0,17063.571
2,3.0699999999999568,614,45.009818906378811,7.9943917592430012,0.35260360495518084,0.11740439450651428,14.942938515330894,0.051405300869834615,14.943026934925769,0.025000000000000001,0,0,0.011739610891372402,0.008737785240012709,1408.7533069646884,1135.9120812016522,-0.024286320110590748,1.7546380521974927,-0.00010894310266846787,-35.215164160356586,2544.2251756863643,-0.27235775667116968,7871.5878125000008,6348.0546875,0,-0,-0,-0,0,17063.571
2,3.0749999999999567,615,45.0798402835416,8.0204556008764882,0.35319062556593217,0.11740384979553196,14.942847260752483,0.05140665786066529,14.942935685555581,0.025000000000000001,0,0,0.011739484682989153,0.0087376912952347036,1408.7381619586984,1135.8998683805114,-0.024286059016997052,1.7546191879943456,-0.00010894129027230974,-35.214785574645724,2544.197822591801,-0.27235322568077436,7871.5878125000008,6348.0546875,0,-0,-0,-0,0,17063.571
2,3.0799999999999566,616,45.149845918257469,8.046560390332834,0.35377764345315127,0.11740330509361151,14.94275600813608,0.051408014796589269,14.942844438147384,0.025000000000000001,0,0,0.011739358477721678,0.0087375973527760078,1408.7230173266014,1135.8876558608811,-0.024285797929849112,1.7546003242569137,-0.00010893947792440031,-35.214406998281213,2544.1704701725248,-0.27234869481100077,7871.5878125000008,6348.0546875,0,-0,-0,-0,0,17063.571
2,3.0849999999999564,617,45.219835786661534,8.072706117923758,0.35436465861688338,0.11740276040075268,14.942664757481614,0.05140937167760927,14.942753192701115,0.025000000000000001,0,0,0.011739232275569861,0.0087375034126365349,1408.7078730683834,1135.8754436427496,-0.024285536849146694,1.7545814609851789,-0.00010893766562480777,-35.214028431262705,2544.1431184285093,-0.27234416406201944,7871.5878125000008,6348.0546875,0,-0,-0,-0,0,17063.571
2,3.0899999999999563,618,45.289809864894963,8.0988927739471279,0.35495167105717385,0.11740221571695522,14.942573508789017,0.051410728503728013,14.942661949216699,0.025000000000000001,0,0,0.011739106076533586,0.0087374094748161983,1408.6927291840302,1135.8632317261058,-0.024285275774889547,1.7545625981791242,-0.00010893585337357763,-35.213649873589844,2544.1157673597299,-0.27233963343394407,7871.5878125000008,6348.0546875,0,-0,-0,-0,0,17063.571
2,3.0949999999999562,619,45.359768129104992,8.1251203486869592,0.35553868077406803,0.11740167104221889,14.94248226205822,0.051412085274948227,14.94257070769407,0.025000000000000001,0,0,0.011738979880612736,0.0087373155393149077,1408.6775856735283,1135.851020110938,-0.024285014707077435,1.7545437358387317,-0.00010893404117014143,-35.213271325262284,2544.0884169661608,-0.27233510292535357,7871.5878125000008,6348.0546875,0,-0,-0,-0,0,17063.571
2,3.0999999999999561,620,45.429710555444927,8.1513888324134225,0.35612568776761117,0.11740112637654347,14.942391017289154,0.051413441991272631,14.942479468133158,0.025000000000000001,0,0,0.011738853687807194,0.008737221606132578,1408.6624425368632,1135.8388087972351,-0.024284753645710123,1.7545248739639838,-0.0001089322290150676,-35.212892786279681,2544.0610672477765,-0.27233057253766901,7871.5878125000008,6348.0546875,0,-0,-0,-0,0,17063.571
2,3.104999999999956,621,45.499637120074155,8.177698215382847,0.35671269203784856,0.1174005817199287,14.942299774481747,0.051414798652703951,14.94238823053389,0.025000000000000001,0,0,0.011738727498116842,0.0087371276752691227,1408.6472997740211,1135.826597784986,-0.024284492590787361,1.7545060125548637,-0.00010893041690815153,-35.212514256641676,2544.0337182045523,-0.27232604227037882,7871.5878125000008,6348.0546875,0,-0,-0,-0,0,17063.571
2,3.1099999999999559,622,45.569547799158158,8.2040484878377207,0.35729969358482555,0.11740003707237434,14.942208533635931,0.051416155259244908,14.942296994896202,0.025000000000000001,0,0,0.011738601311541565,0.0087370337467244531,1408.6321573849877,1135.814387074179,-0.024284231542308903,1.7544871516113532,-0.00010892860484948415,-35.212135736347911,2544.006369836462,-0.27232151212371036,7871.5878125000008,6348.0546875,0,-0,-0,-0,0,17063.571
2,3.1149999999999558,623,45.63944256886851,8.230439640006697,0.35788669240858739,0.11739949243388016,14.942117294751636,0.051417511810898223,14.94220576122002,0.025000000000000001,0,0,0.011738475128081242,0.0087369398204984842,1408.617015369749,1135.802176664803,-0.024283970500274508,1.7544682911334348,-0.00010892679283920188,-35.211757225398038,2543.9790221434805,-0.2723169820980047,7871.5878125000008,6348.0546875,0,-0,-0,-0,0,17063.571
2,3.1199999999999557,624,45.709321405382887,8.2568716621046008,0.35847368850917943,0.1173989478044459,14.942026057828793,0.051418868307666614,14.942114529505277,0.025000000000000001,0,0,0.011738348947735761,0.0087368458965911278,1408.6018737282914,1135.7899665568466,-0.024283709464683948,1.7544494311210919,-0.00010892498087671357,-35.211378723791725,2543.9516751255833,-0.2723124521917839,7871.5878125000008,6348.0546875,0,-0,-0,-0,0,17063.571
2,3.1249999999999556,625,45.779184284885083,8.2833445443324294,0.35906068188664697,0.11739840318407134,14.941934822867331,0.051420224749552809,14.9420232997519,0.025000000000000001,0,0,0.011738222770505001,0.0087367519750022968,1408.5867324606002,1135.7777567502985,-0.024283448435536967,1.7544305715743058,-0.00010892316896261036,-35.211000231528601,2543.9243287827435,-0.2723079224065259,7871.5878125000008,6348.0546875,0,-0,-0,-0,0,17063.571
2,3.1299999999999555,626,45.84903118356501,8.309858276877355,0.35964767254103525,0.11739785857275623,14.941843589867183,0.051421581136559529,14.941932071959824,0.025000000000000001,0,0,0.011738096596388848,0.0087366580557319048,1408.5715915666617,1135.7655472451477,-0.024283187412833324,1.75441171249306,-0.00010892135709677859,-35.210621748608318,2543.896983114937,-0.27230339274194648,7871.5878125000008,6348.0546875,0,-0,-0,-0,0,17063.571
2,3.1349999999999554,627,45.918862077618712,8.3364128499127315,0.36023466047238961,0.11739731397050032,14.941752358828278,0.051422937468689499,14.941840846128978,0.025000000000000001,0,0,0.011737970425387186,0.0087365641387798648,1408.5564510464624,1135.7533380413824,-0.024282926396572788,1.7543928538773372,-0.00010891954527899088,-35.210243275030543,2543.8696381221389,-0.2722988631974772,7871.5878125000008,6348.0546875,0,-0,-0,-0,0,17063.571
2,3.1399999999999553,628,45.988676943248365,8.3630082535980961,0.36082164568075537,0.11739676937730338,14.941661129750548,0.051424293745945433,14.941749622259291,0.025000000000000001,0,0,0.011737844257499894,0.0087364702241460868,1408.5413108999871,1135.7411291389913,-0.024282665386755095,1.7543739957271183,-0.00010891773350942913,-35.20986481079489,2543.8422938043213,-0.27229433377357282,7871.5878125000008,6348.0546875,0,-0,-0,-0,0,17063.571
2,3.1449999999999552,629,46.05847575666229,8.3896444780791768,0.36140862816617775,0.11739622479316517,14.941569902633921,0.051425649968330059,14.941658400350695,0.025000000000000001,0,0,0.011737718092726857,0.0087363763118304873,1408.5261711272228,1135.7289205379634,-0.02428240438338003,1.7543551380423876,-0.0001089159217879569,-35.209486355901042,2543.8149501614621,-0.27228980446989226,7871.5878125000008,6348.0546875,0,-0,-0,-0,0,17063.571
2,3.1499999999999551,630,46.12825849407497,8.4163215134878939,0.36199560792870211,0.11739568021808544,14.941478677478329,0.051427006135846089,14.941567180403121,0.025000000000000001,0,0,0.011737591931067961,0.0087362824018329781,1408.5110317281553,1135.7167122382871,-0.024282143386447338,1.7543362808231271,-0.00010891411011446053,-35.209107910348642,2543.7876071935343,-0.27228527528615132,7871.5878125000008,6348.0546875,0,-0,-0,-0,0,17063.571
2,3.154999999999955,631,46.198025131707041,8.4430393499423619,0.3625825849683737,0.11739513565206397,14.941387454283703,0.05142836224849625,14.941475962416497,0.025000000000000001,0,0,0.011737465772523083,0.0087361884941534757,1408.4958927027699,1135.7045042399518,-0.024281882395956772,1.7543174240693187,-0.00010891229848987223,-35.208729474137321,2543.7602649005121,-0.27228074622468057,7871.5878125000008,6348.0546875,0,-0,-0,-0,0,17063.571
2,3.1599999999999548,632,46.267775645785306,8.4697979775468948,0.36316955928523786,0.1173945910951005,14.941296233049972,0.051429718306283262,14.941384746390755,0.025000000000000001,0,0,0.011737339617092108,0.0087360945887918883,1408.4807540510528,1135.6922965429455,-0.024281621411908091,1.7542985677809457,-0.00010891048691335073,-35.208351047266731,2543.7329232823713,-0.27227621728337681,7871.5878125000008,6348.0546875,0,-0,-0,-0,0,17063.571
2,3.1649999999999547,633,46.337510012542751,8.496597386392013,0.36375653087933985,0.11739404654719479,14.941205013777067,0.051431074309209845,14.941293532325826,0.025000000000000001,0,0,0.011737213464774923,0.0087360006857481309,1408.4656157729908,1135.6800891472569,-0.024281360434301066,1.7542797119579905,-0.00010890867538471412,-35.207972629736545,2543.705582339086,-0.27227168846178529,7871.5878125000008,6348.0546875,0,-0,-0,-0,0,17063.571
2,3.1699999999999546,634,46.407228208218541,8.5234375665544437,0.36434349975072494,0.1173935020083466,14.941113796464919,0.05143243025727872,14.94120232022164,0.025000000000000001,0,0,0.011737087315571409,0.0087359067850221149,1408.4504778685691,1135.667882052875,-0.024281099463135451,1.7542608566004354,-0.00010890686390439441,-35.207594221546401,2543.6782420706313,-0.27226715976098603,7871.5878125000008,6348.0546875,0,-0,-0,-0,0,17063.571
2,3.1749999999999545,635,46.47693020905804,8.550318508097126,0.36493046589943845,0.11739295747855569,14.941022581113458,0.051433786150492607,14.941111110078127,0.025000000000000001,0,0,0.011736961169481449,0.0087358128866137537,1408.4353403377738,1135.655675259788,-0.024280838498410996,1.7542420017082629,-0.00010890505247207329,-35.207215822695943,2543.6509024769812,-0.27226263118018323,7871.5878125000008,6348.0546875,0,-0,-0,-0,0,17063.571
2,3.1799999999999544,636,46.546615991312798,8.5772402010692144,0.36551742932552561,0.11739241295782182,14.940931367722616,0.051435141988854224,14.941019901895219,0.025000000000000001,0,0,0.011736835026504926,0.008735718990522964,1408.4202031805912,1135.6434687679853,-0.024280577540127465,1.7542231472814556,-0.00010890324108806907,-35.206837433184823,2543.6235635581106,-0.2722581027201727,7871.5878125000008,6348.0546875,0,-0,-0,-0,0,17063.571
2,3.1849999999999543,637,46.616285531240592,8.6042026355060841,0.36610439002903178,0.11739186844614476,14.940840156292323,0.051436497772366294,14.940928695672845,0.025000000000000001,0,0,0.011736708886641722,0.008735625096749652,1408.4050663970067,1135.6312625774547,-0.024280316588284612,1.7542042933199959,-0.00010890142975204071,-35.206459053012686,2543.5962253139942,-0.27225357438010178,7871.5878125000008,6348.0546875,0,-0,-0,-0,0,17063.571
2,3.1899999999999542,638,46.685938805105408,8.6312058014293331,0.36669134801000219,0.11739132394352425,14.940748946822508,0.051437853501031534,14.940837491410937,0.025000000000000001,0,0,0.011736582749891722,0.0087355312052937381,1408.3899299870068,1135.619056688186,-0.024280055642882201,1.7541854398238672,-0.00010889961846457936,-35.206080682179191,2543.5688877446073,-0.2722490461614484,7871.5878125000008,6348.0546875,0,-0,-0,-0,0,17063.571
2,3.1949999999999541,639,46.755575789177456,8.6582496888467855,0.36727830326848215,0.11739077944996006,14.940657739313103,0.051439209174852667,14.940746289109425,0.025000000000000001,0,0,0.011736456616254809,0.0087354373161551303,1408.374793950577,1135.606851100167,-0.024279794703919982,1.7541665867930507,-0.00010889780722509385,-35.205702320683976,2543.5415508499236,-0.27224451806273464,7871.5878125000008,6348.0546875,0,-0,-0,-0,0,17063.571
2,3.199999999999954,640,46.825196459733178,8.6853342877524984,0.3678652558045169,0.11739023496545195,14.940566533764038,0.051440564793832411,14.940655088768239,0.025000000000000001,0,0,0.011736330485730863,0.0087353434293337417,1408.3596582877035,1135.5946458133865,-0.024279533771397722,1.7541477342275298,-0.00010889599603381157,-35.205323968526699,2543.5142146299181,-0.27223999008452893,7871.5878125000008,6348.0546875,0,-0,-0,-0,0,17063.571
2,3.2049999999999539,641,46.894800793055261,8.7124595881267641,0.36845220561815173,0.11738969048999967,14.940475330175245,0.051441920357973486,14.94056389038731,0.025000000000000001,0,0,0.011736204358319772,0.0087352495448294893,1408.3445229983727,1135.5824408278336,-0.02427927284531518,1.7541288821272867,-0.00010889418489061881,-35.204945625707012,2543.4868790845658,-0.27223546222654704,7871.5878125000008,6348.0546875,0,-0,-0,-0,0,17063.571
2,3.2099999999999538,642,46.964388765432631,8.7396255799361136,0.36903915270943194,0.11738914602360299,14.940384128546652,0.051443275867278607,14.940472693966569,0.025000000000000001,0,0,0.011736078234021417,0.0087351556626422827,1408.3293880825702,1135.5702361434967,-0.024279011925672112,1.7541100304923045,-0.00010889237379560654,-35.20456729222456,2543.4595442138416,-0.27223093448901636,7871.5878125000008,6348.0546875,0,-0,-0,-0,0,17063.571
2,3.2149999999999537,643,47.033960353160481,8.7668322531333214,0.36962609707840283,0.11738860156626167,14.940292928878192,0.051444631321750499,14.940381499505945,0.025000000000000001,0,0,0.011735952112835679,0.008735061782772037,1408.3142535402815,1135.5580317603649,-0.024278751012468264,1.7540911793225646,-0.00010889056274920677,-35.204188968078981,2543.4322100177187,-0.27222640687301691,7871.5878125000008,6348.0546875,0,-0,-0,-0,0,17063.571
2,3.2199999999999536,644,47.103515532540257,8.794079597657408,0.37021303872510963,0.11738805711797545,14.940201731169793,0.051445986721391876,14.94029030700537,0.025000000000000001,0,0,0.011735825994762446,0.0087349679052186619,1408.2991193714936,1135.5458276784261,-0.024278490105703411,1.7540723286180506,-0.00010888875175044177,-35.203810653269947,2543.4048764961735,-0.27222187937610443,7871.5878125000008,6348.0546875,0,-0,-0,-0,0,17063.571
2,3.2249999999999535,645,47.173054279879686,8.8213676034336483,0.37079997764959766,0.11738751267874412,14.940110535421388,0.051447342066205458,14.940199116464774,0.025000000000000001,0,0,0.011735699879801597,0.0087348740299820725,1408.2839855761915,1135.5336238976695,-0.024278229205377304,1.7540534783787445,-0.00010888694079990273,-35.20343234779709,2543.3775436491796,-0.27221735199975683,7871.5878125000008,6348.0546875,0,-0,-0,-0,0,17063.571
2,3.2299999999999534,646,47.242576571492769,8.8486962603735684,0.37138691385191214,0.11738696824856741,14.940019341632906,0.051448697356193965,14.940107927884089,0.025000000000000001,0,0,0.011735573767953016,0.0087347801570621837,1408.2688521543619,1135.5214204180838,-0.024277968311489703,1.7540346286046293,-0.0001088851298976806,-35.203054051660068,2543.3502114767125,-0.2722128247442015,7871.5878125000008,6348.0546875,0,-0,-0,-0,0,17063.571
2,3.2349999999999532,647,47.312082383699803,8.8760655583749557,0.37197384733209837,0.11738642382744509,14.939928149804279,0.05145005259136011,14.940016741263243,0.025000000000000001,0,0,0.011735447659216587,0.0087346862864589054,1408.2537191059905,1135.5092172396578,-0.024277707424040368,1.7540157792956874,-0.00010888331904352526,-35.202675764858533,2543.3228799787466,-0.27220829760881315,7871.5878125000008,6348.0546875,0,-0,-0,-0,0,17063.571
2,3.2399999999999531,648,47.381571692827379,8.9034754873218596,0.37256077809020166,0.11738587941537693,14.939836959935437,0.051451407771706613,14.939925556602169,0.025000000000000001,0,0,0.011735321553592195,0.0087345924181721542,1408.2385864310634,1135.49701436238,-0.024277446543029053,1.7539969304519007,-0.00010888150823757314,-35.20229748739213,2543.2955491552561,-0.27220377059393286,7871.5878125000008,6348.0546875,0,-0,-0,-0,0,17063.571
2,3.244999999999953,649,47.451044475208384,8.930926037084598,0.37314770612626724,0.11738533501236267,14.93974577202631,0.051452762897236194,14.939834373900796,0.025000000000000001,0,0,0.011735195451079719,0.0087344985522018401,1408.2234541295663,1135.4848117862391,-0.024277185668455523,1.7539780820732525,-0.00010887969747968781,-35.20191921926051,2543.268219006216,-0.27219924369921955,7871.5878125000008,6348.0546875,0,-0,-0,-0,0,17063.571
2,3.2499999999999529,650,47.520500707182023,8.9584171975197577,0.37373463144034036,0.11738479061840208,14.939654586076829,0.051454117967951574,14.939743193159053,0.025000000000000001,0,0,0.011735069351679046,0.0087344046885478779,1408.2083222014855,1135.4726095112242,-0.024276924800319531,1.7539592341597252,-0.00010887788677027857,-35.201540960463319,2543.2408895316016,-0.27219471692569641,7871.5878125000008,6348.0546875,0,-0,-0,-0,0,17063.571
2,3.2549999999999528,651,47.589940365093817,8.9859489584702015,0.37432155403246631,0.11738424623349492,14.939563402086925,0.051455472983855464,14.939652014376875,0.025000000000000001,0,0,0.011734943255390057,0.0087343108272101757,1408.1931906468069,1135.4604075373229,-0.024276663938620838,1.7539403867113008,-0.00010887607610854956,-35.201162711000215,2543.2135607313862,-0.27219019027137392,7871.5878125000008,6348.0546875,0,-0,-0,-0,0,17063.571
2,3.2599999999999527,652,47.659363425295616,9.0135213097650695,0.37490847390269039,0.11738370185764094,14.939472220056528,0.05145682794495058,14.939560837554192,0.025000000000000001,0,0,0.011734817162212639,0.0087342169681886555,1408.1780594655168,1135.4482058645251,-0.024276403083359207,1.7539215397279628,-0.00010887426549504654,-35.20078447087085,2543.1862326055461,-0.27218566373761632,7871.5878125000008,6348.0546875,0,-0,-0,-0,0,17063.571
2,3.2649999999999526,653,47.728769864145619,9.0411342412197886,0.37549539105105784,0.11738315749083991,14.939381039985568,0.051458182851239646,14.939469662690929,0.025000000000000001,0,0,0.011734691072146667,0.0087341231114832236,1408.1629286576001,1135.4360044928192,-0.024276142234534379,1.7539026932096931,-0.00010887245493008777,-35.200406240074848,2543.158905154055,-0.27218113732521942,7871.5878125000008,6348.0546875,0,-0,-0,-0,0,17063.571
2,3.2699999999999525,654,47.798159658008345,9.0687877426360686,0.3760823054776139,0.11738261313309159,14.939289861873977,0.051459537702725378,14.939378489787023,0.025000000000000001,0,0,0.011734564985192032,0.008734029257093795,1408.1477982230438,1135.4238034221933,-0.024275881392146124,1.7538838471564737,-0.00010887064441290022,-35.200028018611881,2543.1315783768869,-0.27217661103225055,7871.5878125000008,6348.0546875,0,-0,-0,-0,0,17063.571
2,3.2749999999999524,655,47.867532783254681,9.0964818038019111,0.37666921718240387,0.11738206878439573,14.939198685721685,0.051460892499410486,14.939287318842402,0.025000000000000001,0,0,0.011734438901348614,0.0087339354050202846,1408.1326681618336,1135.4116026526369,-0.024275620556194203,1.7538650015682886,-0.00010886883394407505,-35.199649806481595,2543.1042522740186,-0.27217208486018762,7871.5878125000008,6348.0546875,0,-0,-0,-0,0,17063.571
2,3.2799999999999523,656,47.936889216261868,9.1242164144916131,0.37725612616547299,0.1173815244447521,14.939107511528622,0.051462247241297693,14.939196149856993,0.025000000000000001,0,0,0.011734312820616297,0.0087338415552626024,1408.1175384739556,1135.3994021841384,-0.024275359726678374,1.7538461564451195,-0.00010886702352338489,-35.199271603683641,2543.0769268454233,-0.27216755880846222,7871.5878125000008,6348.0546875,0,-0,-0,-0,0,17063.571
2,3.2849999999999522,657,48.00622893341351,9.1519915644657708,0.37784303242686651,0.11738098011416044,14.939016339294719,0.051463601928389717,14.939104982830733,0.025000000000000001,0,0,0.011734186742994965,0.008733747707820665,1408.1024091593958,1135.3872020166864,-0.024275098903598392,1.753827311786949,-0.00010886521315078426,-35.198893410217671,2543.0496020910759,-0.27216303287696064,7871.5878125000008,6348.0546875,0,-0,-0,-0,0,17063.571
2,3.2899999999999521,658,48.075551911099595,9.1798072434712825,0.37842993596662972,0.11738043579262053,14.938925169019909,0.051464956560689272,14.93901381776355,0.025000000000000001,0,0,0.0117340606684845,0.0087336538626943787,1408.08728021814,1135.3750021502692,-0.02427483808695402,1.7538084675937591,-0.000108863402826114,-35.19851522608333,2543.0222780109507,-0.27215850706528499,7871.5878125000008,6348.0546875,0,-0,-0,-0,0,17063.571
2,3.294999999999952,659,48.144858125716489,9.2076634412413547,0.3790168367848078,0.11737989148013213,14.938834000704119,0.051466311138199071,14.938922654655377,0.025000000000000001,0,0,0.011733934597084786,0.0087335600198836655,1408.0721516501742,1135.3628025848766,-0.024274577276745014,1.7537896238655337,-0.00010886159254998801,-35.19813705128027,2542.9949546050238,-0.27215398137497004,7871.5878125000008,6348.0546875,0,-0,-0,-0,0,17063.571
2,3.2999999999999519,660,48.214147553666947,9.2355601474955034,0.37960373488144611,0.11737934717669499,14.938742834347282,0.051467665660921834,14.938831493506138,0.025000000000000001,0,0,0.011733808528795705,0.0087334661793884334,1408.0570234554846,1135.3506033204962,-0.024274316472971128,1.753770780602254,-0.00010885978232165598,-35.197758885808135,2542.9676318732681,-0.27214945580413996,7871.5878125000008,6348.0546875,0,-0,-0,-0,0,17063.571
2,3.3049999999999518,661,48.283420171360127,9.2634973519395594,0.38019063025658983,0.11737880288230887,14.938651669949326,0.051469020128860274,14.938740334315769,0.025000000000000001,0,0,0.01173368246361714,0.0087333723412085992,1408.0418956340568,1135.338404357118,-0.024274055675632122,1.7537519378039037,-0.00010885797214193644,-35.197380729666577,2542.9403098156604,-0.27214493035484111,7871.5878125000008,6348.0546875,0,-0,-0,-0,0,17063.571
2,3.3099999999999516,662,48.352675955211595,9.2914750442656739,0.38077752291028427,0.11737825859697353,14.938560507510184,0.051470374542017111,14.9386491770842,0.025000000000000001,0,0,0.011733556401548977,0.008733278505344071,1408.0267681858772,1135.3262056947292,-0.024273794884727761,1.7537330954704644,-0.00010885616201012453,-35.197002582855255,2542.9129884321733,-0.27214040502531134,7871.5878125000008,6348.0546875,0,-0,-0,-0,0,17063.571
2,3.3149999999999515,663,48.421914881643325,9.3194932141523203,0.38136441284257466,0.11737771432068872,14.938469347029786,0.051471728900395058,14.938558021811359,0.025000000000000001,0,0,0.011733430342591096,0.0087331846717947637,1408.0116411109316,1135.3140073333193,-0.024273534100257798,1.7537142536019188,-0.0001088543519264249,-35.196624445373807,2542.8856677227823,-0.27213587981606224,7871.5878125000008,6348.0546875,0,-0,-0,-0,0,17063.571
2,3.3199999999999514,664,48.491136927083723,9.3475518512642992,0.38195130005350625,0.11737717005345422,14.938378188508063,0.051473083203996829,14.93846686849718,0.025000000000000001,0,0,0.011733304286743384,0.0087330908405605905,1407.9965144092062,1135.3018092728769,-0.024273273322221994,1.7536954121982502,-0.00010885254189067837,-35.196246317221892,2542.8583476874628,-0.27213135472669592,7871.5878125000008,6348.0546875,0,-0,-0,-0,0,17063.571
2,3.3249999999999513,665,48.560342067967618,9.3756509452527421,0.38253818454312427,0.11737662579526977,14.938287031944945,0.051474437452825143,14.938375717141593,0.025000000000000001,0,0,0.011733178234005725,0.0087329970116414649,1407.9813880806869,1135.2896115133904,-0.024273012550620112,1.75367657125944,-0.0001088507319030441,-35.195868198399161,2542.8310283261881,-0.27212682975761027,7871.5878125000008,6348.0546875,0,-0,-0,-0,0,17063.571
2,3.3299999999999512,666,48.629530280736276,9.4037904857551169,0.38312506631147403,0.11737608154613513,14.938195877340362,0.051475791646882707,14.938284567744526,0.025000000000000001,0,0,0.011733052184377996,0.0087329031850373016,1407.9662621253597,1135.2774140548493,-0.024272751785451904,1.7536577307854724,-0.00010884892196379497,-35.19549008890526,2542.8037096389348,-0.27212230490948741,7871.5878125000008,6348.0546875,0,-0,-0,-0,0,17063.571
2,3.3349999999999511,667,48.698701541837416,9.4319704623952276,0.3837119453586007,0.11737553730605008,14.938104724694247,0.051477145786172247,14.938193420305913,0.025000000000000001,0,0,0.011732926137860084,0.0087328093607480124,1407.9511365432102,1135.2652168972415,-0.024272491026717122,1.7536388907763285,-0.00010884711207254441,-35.195111988739825,2542.7763916256763,-0.27211778018136101,7871.5878125000008,6348.0546875,0,-0,-0,-0,0,17063.571
2,3.339999999999951,668,48.767855827725207,9.4601908647832236,0.3842988216845496,0.11737499307501435,14.938013574006529,0.05147849987069647,14.938102274825683,0.025000000000000001,0,0,0.011732800094451875,0.0087327155387735087,1407.936011334225,1135.2530200405561,-0.024272230274415538,1.7536200512319911,-0.00010884530222931516,-35.19473389790253,2542.749074286387,-0.27211325557328792,7871.5878125000008,6348.0546875,0,-0,-0,-0,0,17063.571
2,3.3449999999999509,669,48.836993114860277,9.4884516825156027,0.38488569528936595,0.11737444885302772,14.937922425277138,0.051479853900458096,14.938011131303767,0.025000000000000001,0,0,0.011732674054153248,0.0087326217191137055,1407.9208864983898,1135.2408234847817,-0.024271969528546905,1.7536012121524429,-0.00010884349243433462,-35.194355816393013,2542.7217576210423,-0.27210873108583655,7871.5878125000008,6348.0546875,0,-0,-0,-0,0,17063.571
2,3.3499999999999508,670,48.90611337970973,9.5167529051752116,0.38547256617309494,0.11737390464008995,14.937831278506007,0.051481207875459831,14.937919989740095,0.025000000000000001,0,0,0.011732548016964089,0.0087325279017685161,1407.9057620356907,1135.228627229907,-0.024271708789110984,1.7535823735376672,-0.00010884168268732992,-35.193977744210926,2542.6944416296174,-0.2721042067183248,7871.5878125000008,6348.0546875,0,-0,-0,-0,0,17063.571
2,3.3549999999999507,671,48.975216598747146,9.5450945223312544,0.38605943433578188,0.11737336043620079,14.937740133693064,0.051482561795704394,14.937828850134597,0.025000000000000001,0,0,0.011732421982884279,0.0087324340867378537,1407.8906379461134,1135.216431275921,-0.024271448056107526,1.7535635353876453,-0.00010883987298866487,-35.193599681355913,2542.6671263120857,-0.27209968247166216,7871.5878125000008,6348.0546875,0,-0,-0,-0,0,17063.571
2,3.3599999999999506,672,49.044302748452587,9.5734765235392931,0.386646299777472,0.11737281624136001,14.937648990838241,0.0514839156611945,14.937737712487207,0.025000000000000001,0,0,0.011732295951913704,0.0087323402740216317,1407.8755142296445,1135.2042356228121,-0.024271187329536304,1.7535446977023608,-0.00010883806333804387,-35.19322162782764,2542.6398116684231,-0.27209515834510967,7871.5878125000008,6348.0546875,0,-0,-0,-0,0,17063.571
2,3.3649999999999505,673,49.113371805312617,9.6018988983412559,0.38723316249821055,0.11737227205556736,14.937557849941468,0.051485269471932868,14.937646576797851,0.025000000000000001,0,0,0.011732169924052243,0.0087322464636197614,1407.8603908862692,1135.1920402705689,-0.024270926609397055,1.7535258604817952,-0.00010883625373558061,-35.192843583625731,2542.612497698603,-0.27209063433895153,7871.5878125000008,6348.0546875,0,-0,-0,-0,0,17063.571
2,3.3699999999999504,674,49.182423745820294,9.6303616362654356,0.38782002249804276,0.11737172787882259,14.937466711002678,0.051486623227922204,14.937555443066465,0.025000000000000001,0,0,0.011732043899299787,0.008732152655532158,1407.8452679159743,1135.1798452191806,-0.024270665895689561,1.7535070237259325,-0.00010883444418120689,-35.192465548749865,2542.585184402602,-0.27208611045301723,7871.5878125000008,6348.0546875,0,-0,-0,-0,0,17063.571
2,3.3749999999999503,675,49.251458546475185,9.6588647268264971,0.38840687977701388,0.11737118371112548,14.937375574021798,0.051487976929165222,14.937464311292976,0.025000000000000001,0,0,0.011731917877656211,0.0087320588497587313,1407.8301453187453,1135.167650468635,-0.024270405188413568,1.7534881874347537,-0.00010883263467467259,-35.192087523199675,2542.5578717803928,-0.27208158668668148,7871.5878125000008,6348.0546875,0,-0,-0,-0,0,17063.571
2,3.3799999999999502,676,49.32047618378337,9.687408159525484,0.38899373433516909,0.11737063955247579,14.937284438998761,0.051489330575664634,14.937373181477312,0.025000000000000001,0,0,0.011731791859121403,0.0087319650462994013,1407.8150230945682,1135.1554560189222,-0.024270144487568833,1.7534693516082427,-0.00010883082521681899,-35.19170950697481,2542.5305598319519,-0.27207706304204748,7871.5878125000008,6348.0546875,0,-0,-0,-0,0,17063.571
2,3.38499999999995,677,49.38947663425747,9.7159919238498169,0.3895805861725537,0.11737009540287327,14.937193305933498,0.051490684167423161,14.937282053619411,0.025000000000000001,0,0,0.011731665843695246,0.0087318712451540763,1407.7999012434295,1135.1432618700298,-0.024269883793155124,1.7534505162463816,-0.00010882901580682755,-35.191331500074931,2542.5032485572533,-0.27207253951706889,7871.5878125000008,6348.0546875,0,-0,-0,-0,0,17063.571
2,3.3899999999999499,678,49.458459874416626,9.744616009273301,0.39016743528921288,0.11736955126231767,14.937102174825938,0.051492037704443508,14.937190927719199,0.025000000000000001,0,0,0.011731539831377624,0.0087317774463226659,1407.7847797653149,1135.1310680219465,-0.024269623105172194,1.7534316813491524,-0.00010882720644456185,-35.190953502499681,2542.4759379562711,-0.27206801611140463,7871.5878125000008,6348.0546875,0,-0,-0,-0,0,17063.571
2,3.3949999999999498,679,49.527425880786517,9.7732804052561306,0.39075428168519194,0.11736900713080876,14.937011045676012,0.051493391186728389,14.937099803776606,0.025000000000000001,0,0,0.011731413822168416,0.0087316836498050922,1407.7696586602099,1135.1188744746619,-0.024269362423619798,1.7534128469165384,-0.00010882539713102232,-35.190575514248707,2542.4486280289807,-0.27206349282755582,7871.5878125000008,6348.0546875,0,-0,-0,-0,0,17063.571
2,3.3999999999999497,680,49.59637462989938,9.8019851012448935,0.39134112536053606,0.1173684630083463,14.936919918483651,0.051494744614280524,14.937008681791562,0.025000000000000001,0,0,0.011731287816067509,0.0087315898556012631,1407.7545379281009,1135.1066812281642,-0.024269101748497696,1.7533940129485219,-0.0001088235878655496,-35.190197535321659,2542.4213187753567,-0.272058969663874,7871.5878125000008,6348.0546875,0,-0,-0,-0,0,17063.571
2,3.4049999999999496,681,49.665306098293996,9.8307300866725704,0.39192796631529048,0.11736791889493005,14.936828793248788,0.051496097987102619,14.936917561764004,0.025000000000000001,0,0,0.011731161813074788,0.008731496063711092,1407.7394175689747,1135.0944882824419,-0.024268841079805658,1.7533751794450858,-0.00010882177864777986,-35.189819565718203,2542.3940101953744,-0.27205444661944966,7871.5878125000008,6348.0546875,0,-0,-0,-0,0,17063.571
2,3.4099999999999495,682,49.734220262515727,9.8595153509585458,0.39251480454950044,0.11736737479055977,14.93673766997135,0.051497451305197388,14.936826443693858,0.025000000000000001,0,0,0.011731035813190134,0.0087314022741344921,1407.724297582816,1135.0822956374839,-0.024268580417543428,1.7533563464062119,-0.00010881996947830431,-35.18944160543797,2542.3667022890072,-0.27204992369576075,7871.5878125000008,6348.0546875,0,-0,-0,-0,0,17063.571
2,3.4149999999999494,683,49.803117099116491,9.8883408835086062,0.39310164006321113,0.11736683069523521,14.93664654865127,0.051498804568567542,14.936735327581054,0.025000000000000001,0,0,0.011730909816413431,0.0087313084868713749,1407.7091779696118,1135.0701032932786,-0.024268319761710778,1.7533375138318834,-0.0001088181603566909,-35.189063654480627,2542.3393950562308,-0.27204540089172724,7871.5878125000008,6348.0546875,0,-0,-0,-0,0,17063.571
2,3.4199999999999493,684,49.871996584654802,9.9172066737149489,0.39368847285646785,0.11736628660895614,14.936555429288477,0.051500157777215796,14.936644213425524,0.025000000000000001,0,0,0.011730783822744562,0.008731214701921659,1407.6940587293475,1135.0579112498156,-0.024268059112307457,1.7533186817220829,-0.00010881635128339439,-35.18868571284581,2542.3120884970203,-0.27204087820848599,7871.5878125000008,6348.0546875,0,-0,-0,-0,0,17063.571
2,3.4249999999999492,685,49.940858695695745,9.946112710956184,0.39427530292931579,0.11736574253172231,14.936464311882904,0.051501510931144863,14.936553101227199,0.025000000000000001,0,0,0.011730657832183409,0.008731120919285254,1407.6789398620092,1135.045719507083,-0.024267798469333222,1.7532998500767927,-0.00010881454225848302,-35.188307780533172,2542.2847826113493,-0.27203635564620754,7871.5878125000008,6348.0546875,0,-0,-0,-0,0,17063.571
2,3.4299999999999491,686,50.009703408811014,9.9750589845973359,0.39486213028180017,0.11736519846353349,14.936373196434481,0.051502864030357448,14.936461990986009,0.025000000000000001,0,0,0.01173053184472986,0.0087310271389620733,1407.6638213675831,1135.0335280650695,-0.024267537832787841,1.7532810188959951,-0.00010881273328136559,-35.187929857542372,2542.2574773991928,-0.27203183320341395,7871.5878125000008,6348.0546875,0,-0,-0,-0,0,17063.571
2,3.434999999999949,687,50.078530700578895,10.004045483989854,0.3954489549139662,0.11736465440438944,14.936282082943137,0.051504217074856265,14.936370882701885,0.025000000000000001,0,0,0.011730405860383793,0.0087309333609520302,1407.6487032460552,1135.021336923764,-0.024267277202671071,1.7532621881796735,-0.00010881092435238315,-35.187551943873054,2542.2301728605266,-0.27202731088095788,7871.5878125000008,6348.0546875,0,-0,-0,-0,0,17063.571
2,3.4399999999999489,688,50.147340547584292,10.03307219847161,0.39603577682585911,0.11736411035428991,14.936190971408804,0.051505570064644027,14.936279776374757,0.025000000000000001,0,0,0.011730279879145093,0.0087308395852550378,1407.6335854974111,1135.009146083155,-0.024267016578982659,1.7532433579278097,-0.00010880911547171763,-35.187174039524855,2542.202868995324,-0.27202278867929408,7871.5878125000008,6348.0546875,0,-0,-0,-0,0,17063.571
2,3.4449999999999488,689,50.216132926418723,10.062139117366906,0.39662259601752414,0.11736356631323466,14.936099861831414,0.051506922999723447,14.936188672004558,0.025000000000000001,0,0,0.011730153901013647,0.0087307458118710077,1407.6184681216378,1134.996955543231,-0.024266755961722383,1.7532245281403864,-0.00010880730663855047,-35.186796144497457,2542.1755658035604,-0.27201826659637618,7871.5878125000008,6348.0546875,0,-0,-0,-0,0,17063.571
2,3.4499999999999487,690,50.284907813680341,10.09124622998648,0.39720941248900654,0.11736302228122347,14.936008754210896,0.05150827588009723,14.936097569591217,0.025000000000000001,0,0,0.011730027925989336,0.0087306520407998602,1407.6033511187204,1134.9847653039819,-0.024266495350889993,1.753205698817387,-0.00010880549785420044,-35.186418258790489,2542.1482632852112,-0.2720137446355011,7871.5878125000008,6348.0546875,0,-0,-0,-0,0,17063.571
2,3.4549999999999486,691,50.353665185973931,10.120393525627504,0.39779622624035149,0.11736247825825608,14.93591764854718,0.051509628705768092,14.936006469134664,0.025000000000000001,0,0,0.011729901954072043,0.0087305582720414998,1407.5882344886452,1134.972575365395,-0.024266234746485243,1.7531868699587929,-0.0001088036891174852,-35.186040382403604,2542.1209614402496,-0.27200922279371298,7871.5878125000008,6348.0546875,0,-0,-0,-0,0,17063.571
2,3.4599999999999485,692,50.422405019910912,10.149580993573595,0.39838303727160418,0.11736193424433225,14.935826544840198,0.051510981476738743,14.935915370634831,0.025000000000000001,0,0,0.011729775985261648,0.008730464505595845,1407.5731182313978,1134.9603857274599,-0.024265974148507889,1.7531680415645872,-0.00010880188042920054,-35.185662515336439,2542.0936602686515,-0.27200470107300134,7871.5878125000008,6348.0546875,0,-0,-0,-0,0,17063.571
2,3.4649999999999483,693,50.491127292109361,10.178808623094815,0.39896984558280985,0.11736139023945175,14.935735443089881,0.051512334193011891,14.935824274091647,0.025000000000000001,0,0,0.01172965001955804,0.008730370741462809,1407.5580023469649,1134.9481963901651,-0.024265713556957707,1.7531492136347533,-0.00010880007178884626,-35.185284657588674,2542.0663597703924,-0.27200017947211563,7871.5878125000008,6348.0546875,0,-0,-0,-0,0,17063.571
2,3.4699999999999482,694,50.559831979194016,10.208076403447675,0.39955665117401373,0.11736084624361431,14.935644343296159,0.051513686854590256,14.935733179505046,0.025000000000000001,0,0,0.011729524056961102,0.0087302769796422982,1407.5428868353322,1134.9360073534988,-0.024265452971834436,1.753130386169272,-0.00010879826319644508,-35.184906809159934,2542.0390599454445,-0.27199565799111269,7871.5878125000008,6348.0546875,0,-0,-0,-0,0,17063.571
2,3.4749999999999481,695,50.628519057796275,10.237384323875142,0.40014345404526103,0.11736030225681973,14.935553245458964,0.051515039461476536,14.935642086874957,0.025000000000000001,0,0,0.011729398097470718,0.0087301832201342362,1407.5277716964861,1134.9238186174507,-0.02426519239313786,1.7531115591681277,-0.00010879645465233807,-35.184528970049897,2542.011760793785,-0.27199113663084518,7871.5878125000008,6348.0546875,0,-0,-0,-0,0,17063.571
2,3.479999999999948,696,50.697188504554212,10.266732373606642,0.40073025419659697,0.11735975827906775,14.935462149578225,0.051516392013673445,14.935550996201309,0.025000000000000001,0,0,0.011729272141086766,0.0087300894629385312,1407.512656930412,1134.911630182009,-0.024264931820867711,1.7530927326313017,-0.00010879464615620691,-35.18415114025818,2541.9844623153876,-0.27198661539051727,7871.5878125000008,6348.0546875,0,-0,-0,-0,0,17063.571
2,3.4849999999999479,697,50.765840296112579,10.296120541858063,0.40131705162806675,0.11735921431035812,14.935371055653873,0.051517744511183697,14.935459907484034,0.025000000000000001,0,0,0.011729146187809134,0.0087299957080550928,1407.497542537096,1134.899442047162,-0.024264671255023757,1.7530739065587773,-0.00010879283770814254,-35.18377331978445,2541.9571645102269,-0.27198209427035636,7871.5878125000008,6348.0546875,0,-0,-0,-0,0,17063.571
2,3.4899999999999478,698,50.834474409122826,10.325548817831759,0.4019038463397156,0.11735867035069061,14.93527996368584,0.051519096954009996,14.935368820723065,0.025000000000000001,0,0,0.011729020237637706,0.0087299019554838413,1407.4824285165248,1134.8872542128993,-0.024264410695605775,1.7530550809505367,-0.00010879102930807675,-35.183395508628372,2541.9298673782782,-0.2719775732701919,7871.5878125000008,6348.0546875,0,-0,-0,-0,0,17063.571
2,3.4949999999999477,699,50.903090820243094,10.355017190716557,0.40249063833158871,0.11735812640006499,14.935188873674056,0.051520449342155057,14.93527773591833,0.025000000000000001,0,0,0.011728894290572361,0.0087298082052246848,1407.4673148686834,1134.8750666792091,-0.024264150142613492,1.7530362558065626,-0.00010878922095644157,-35.183017706789563,2541.9025709195157,-0.27197305239110392,7871.5878125000008,6348.0546875,0,-0,-0,-0,0,17063.571
2,3.4999999999999476,700,50.971689506138226,10.38452564968776,0.40307742760373133,0.11735758245848101,14.935097785618451,0.051521801675621585,14.935186653069758,0.025000000000000001,0,0,0.011728768346612987,0.0087297144572775383,1407.4522015935584,1134.8628794460799,-0.024263889596046688,1.7530174311268369,-0.00010878741265264581,-35.182639914267696,2541.8752751339134,-0.2719685316316145,7871.5878125000008,6348.0546875,0,-0,-0,-0,0,17063.571
2,3.5049999999999475,701,51.040270443479777,10.414074183907148,0.40366421415618864,0.11735703852593841,14.935006699518958,0.051523153954412287,14.935095572177286,0.025000000000000001,0,0,0.011728642405759469,0.008729620711642315,1407.4370886911363,1134.8506925135009,-0.024263629055905123,1.7529986069113441,-0.00010878560439664398,-35.18226213106243,2541.8479800214491,-0.27196401099160994,7871.5878125000008,6348.0546875,0,-0,-0,-0,0,17063.571
2,3.5099999999999474,702,51.108833608946036,10.443662782522988,0.40425099798900582,0.11735649460243698,14.934915615375505,0.051524506178529876,14.935004493240839,0.025000000000000001,0,0,0.011728516468011685,0.0087295269683189281,1407.4219761614022,1134.8385058814606,-0.02426336852218855,1.7529797831600649,-0.00010878379618889085,-35.181884357173395,2541.820685582094,-0.27195949047222712,7871.5878125000008,6348.0546875,0,-0,-0,-0,0,17063.571
2,3.5149999999999473,703,51.177378979221999,10.473291434670033,0.40483777910222807,0.11735595068797647,14.934824533188024,0.051525858347977065,14.934913416260351,0.025000000000000001,0,0,0.01172839053336952,0.0087294332273072928,1407.4068640043424,1134.826319549948,-0.02426310799489672,1.7529609598729825,-0.00010878198802947737,-35.181506592600243,2541.7933918158246,-0.2719549700736934,7871.5878125000008,6348.0546875,0,-0,-0,-0,0,17063.571
2,3.5199999999999472,704,51.24590653099942,10.502960129469527,0.40542455749590062,0.11735540678255664,14.934733452956447,0.051527210462756559,14.934822341235749,0.025000000000000001,0,0,0.011728264601832862,0.0087293394886073204,1407.3917522199433,1134.8141335189516,-0.024262847474029407,1.75294213705008,-0.0001087801799179033,-35.181128837342641,2541.7660987226159,-0.27195044979475824,7871.5878125000008,6348.0546875,0,-0,-0,-0,0,17063.571
2,3.5249999999999471,705,51.314416240976783,10.532668856029213,0.40601133317006871,0.11735486288617725,14.934642374680703,0.051528562522871066,14.934731268166969,0.025000000000000001,0,0,0.011728138673401589,0.0087292457522189261,1407.3766408081906,1134.8019477884604,-0.024262586959586368,1.7529233146913392,-0.00010877837185464614,-35.180751091400232,2541.7388063024418,-0.27194592963661535,7871.5878125000008,6348.0546875,0,-0,-0,-0,0,17063.571
2,3.529999999999947,706,51.382908085859327,10.562417603443334,0.40659810612477748,0.11735431899883805,14.934551298360724,0.051529914528323291,14.934640197053938,0.025000000000000001,0,0,0.011728012748075585,0.0087291520181420213,1407.3615297690703,1134.7897623584627,-0.024262326451567347,1.7529044927967434,-0.0001087765638392284,-35.180373354772655,2541.711514555278,-0.271941409598071,7871.5878125000008,6348.0546875,0,-0,-0,-0,0,17063.571
2,3.5349999999999469,707,51.451382042359057,10.592206360792639,0.40718487636007217,0.11735377512053881,14.934460223996439,0.051531266479115947,14.934549127896586,0.025000000000000001,0,0,0.011727886825854737,0.0087290582863765176,1407.3464191025685,1134.7775772289474,-0.024262065949972121,1.7528856713662748,-0.00010877475587201388,-35.179995627459576,2541.6842234810983,-0.27193688968003471,7871.5878125000008,6348.0546875,0,-0,-0,-0,0,17063.571
2,3.5399999999999467,708,51.519838087194735,10.622035117144383,0.40777164387599796,0.11735323125127928,14.934369151587781,0.051532618375251742,14.934458060694849,0.025000000000000001,0,0,0.011727760906738927,0.0087289645569223317,1407.3313088086713,1134.765392399903,-0.024261805454800441,1.7528668503999154,-0.00010877294795261606,-35.179617909460639,2541.6569330798775,-0.27193236988154013,7871.5878125000008,6348.0546875,0,-0,-0,-0,0,17063.571
2,3.5449999999999466,709,51.588276197091901,10.651903861552338,0.40835840867260004,0.11735268739105922,14.93427808113468,0.05153397021673338,14.934366995448652,0.025000000000000001,0,0,0.01172763499072804,0.0087288708297793751,1407.3161988873649,1134.7532078713189,-0.024261544966052071,1.7528480298976492,-0.00010877114008153512,-35.179240200775503,2541.6296433515913,-0.27192785020383781,7871.5878125000008,6348.0546875,0,-0,-0,-0,0,17063.571
2,3.5499999999999465,710,51.65669634878288,10.681812583056791,0.40894517074992359,0.11735214353987841,14.934187012637066,0.051535322003563575,14.934275932157931,0.025000000000000001,0,0,0.011727509077821958,0.0087287771049475629,1407.3010893386349,1134.7410236431831,-0.024261284483726765,1.7528292098594578,-0.00010876933225827088,-35.178862501403806,2541.6023542962139,-0.2719233306456772,7871.5878125000008,6348.0546875,0,-0,-0,-0,0,17063.571
2,3.5549999999999464,711,51.725098519006785,10.711761270684553,0.40953193010801386,0.11735159969773659,14.934095946094871,0.051536673735745032,14.934184870822612,0.025000000000000001,0,0,0.011727383168020564,0.0087286833824268065,1407.2859801624677,1134.7288397154848,-0.024261024007824282,1.752810390285324,-0.00010876752448311891,-35.178484811345207,2541.5750659137198,-0.27191881120779726,7871.5878125000008,6348.0546875,0,-0,-0,-0,0,17063.571
2,3.5599999999999463,712,51.793482684509527,10.74174991344896,0.41011868674691604,0.11735105586463353,14.934004881508026,0.051538025413280453,14.934093811442629,0.025000000000000001,0,0,0.011727257261323742,0.0087285896622170192,1407.270871358849,1134.7166560882124,-0.024260763538344384,1.7527915711752307,-0.00010876571675582909,-35.178107130599358,2541.5477782040844,-0.27191429188957272,7871.5878125000008,6348.0546875,0,-0,-0,-0,0,17063.571
2,3.5649999999999462,713,51.861848822043832,10.771778500349878,0.4107054406666753,0.11735051204056898,14.933913818876459,0.051539377036172555,14.934002754017911,0.025000000000000001,0,0,0.011727131357731372,0.0087284959443181161,1407.2557629277646,1134.7044727613552,-0.024260503075286821,1.7527727525291594,-0.00010876390907715176,-35.177729459165889,2541.5204911672813,-0.27190977269287941,7871.5878125000008,6348.0546875,0,-0,-0,-0,0,17063.571
2,3.5699999999999461,714,51.930196908369226,10.801847020373708,0.41129219186733684,0.11734996822554271,14.933822758200103,0.05154072860442404,14.933911698548389,0.025000000000000001,0,0,0.011727005457243344,0.0087284022287300086,1407.2406548692013,1134.6922897349011,-0.024260242618651364,1.7527539343470939,-0.00010876210144610923,-35.17735179704448,2541.4932048032861,-0.27190525361527307,7871.5878125000008,6348.0546875,0,-0,-0,-0,0,17063.571
2,3.574999999999946,715,51.998526920252061,10.831955462493394,0.41187894034894584,0.11734942441955447,14.933731699478889,0.051542080118037611,14.933820645033993,0.025000000000000001,0,0,0.01172687955985954,0.0087283085154526135,1407.2255471831447,1134.6801070088397,-0.024259982168437774,1.7527351166290168,-0.00010876029386340633,-35.176974144234769,2541.4659191120745,-0.27190073465851583,7871.5878125000008,6348.0546875,0,-0,-0,-0,0,17063.571
2,3.5799999999999459,716,52.066838834465528,10.862103815668414,0.41246568611154749,0.11734888062260403,14.933640642712747,0.051543431577015984,14.933729593474657,0.025000000000000001,0,0,0.011726753665579841,0.0087282148044858406,1407.2104398695808,1134.6679245831592,-0.024259721724645793,1.7527162993749099,-0.00010875848632863381,-35.176596500736402,2541.4386340936194,-0.27189621582158452,7871.5878125000008,6348.0546875,0,-0,-0,-0,0,17063.571
2,3.5849999999999458,717,52.135132627789645,10.892292068844803,0.41305242915518697,0.11734833683469113,14.933549587901609,0.051544782981361857,14.933638543870309,0.025000000000000001,0,0,0.011726627774404133,0.0087281210958296031,1407.1953329284959,1134.6557424578484,-0.024259461287275203,1.7526974825847565,-0.00010875667884176892,-35.176218866549043,2541.411349747897,-0.27189169710442229,7871.5878125000008,6348.0546875,0,-0,-0,-0,0,17063.571
2,3.5899999999999457,718,52.203408277011278,10.922520210955144,0.41363916947990947,0.11734779305581555,14.933458535045405,0.051546134331077943,14.933547496220882,0.025000000000000001,0,0,0.011726501886332298,0.0087280273894838143,1407.1802263598756,1134.643560632896,-0.024259200856325745,1.7526786662585387,-0.0001087548714030163,-35.17584124167233,2541.384066074881,-0.27188717850754074,7871.5878125000008,6348.0546875,0,-0,-0,-0,0,17063.571
2,3.5949999999999456,719,52.271665758924144,10.952788230918573,0.41422590708576018,0.11734724928597705,14.933367484144066,0.051547485626166942,14.933456450526302,0.025000000000000001,0,0,0.01172637600136422,0.0087279336854483927,1407.1651201637064,1134.631379108291,-0.024258940431797188,1.7526598503962396,-0.00010875306401223951,-35.175463626105923,2541.3567830745474,-0.2718826600305988,7871.5878125000008,6348.0546875,0,-0,-0,-0,0,17063.571
2,3.5999999999999455,720,52.339905050328817,10.983096117640791,0.41481264197278428,0.11734670552517538,14.933276435197522,0.051548836866631566,14.933365406786505,0.025000000000000001,0,0,0.011726250119499782,0.0087278399837232446,1407.1500143399739,1134.6191978840218,-0.024258680013689287,1.7526410349978412,-0.00010875125666964322,-35.175086019849466,2541.3295007468696,-0.27187814167410806,7871.5878125000008,6348.0546875,0,-0,-0,-0,0,17063.571
2,3.6049999999999454,721,52.408126128032748,11.013443860014062,0.41539937414102696,0.11734616177341031,14.933185388205706,0.051550188052474515,14.933274365001422,0.025000000000000001,0,0,0.011726124240738869,0.0087277462843082885,1407.1349088886643,1134.6070169600775,-0.024258419602001795,1.7526222200633266,-0.00010874944937520468,-35.174708422902604,2541.3022190918236,-0.27187362343801169,7871.5878125000008,6348.0546875,0,-0,-0,-0,0,17063.571
2,3.6099999999999453,722,52.476328968850261,11.043831446917221,0.4159861035905334,0.11734561803068159,14.933094343168547,0.051551539183698494,14.933183325170983,0.025000000000000001,0,0,0.011725998365081366,0.0087276525872034359,1407.1198038097639,1134.5948363364466,-0.024258159196734491,1.7526034055926782,-0.00010874764212858282,-35.17433083526501,2541.2749381093836,-0.27186910532145703,7871.5878125000008,6348.0546875,0,-0,-0,-0,0,17063.571
2,3.6149999999999451,723,52.544513549602563,11.07425886721567,0.41657283032134879,0.11734507429698898,14.933003300085975,0.051552890260306211,14.933092287295114,0.025000000000000001,0,0,0.011725872492527155,0.0087275588924086,1407.1046991032586,1134.5826560131179,-0.024257898797887117,1.7525845915858789,-0.00010874583492989131,-35.173953256936322,2541.2476577995244,-0.27186458732472829,7871.5878125000008,6348.0546875,0,-0,-0,-0,0,17063.571
2,3.619999999999945,724,52.612679847117747,11.104726109761396,0.41715955433351831,0.11734453057233224,14.932912258957924,0.051554241282300378,14.933001251373751,0.025000000000000001,0,0,0.011725746623076117,0.0087274651999236941,1407.089594769134,1134.5704759900802,-0.024257638405459438,1.7525657780429107,-0.00010874402777960768,-35.173575687916184,2541.2203781622206,-0.27186006944901919,7871.5878125000008,6348.0546875,0,-0,-0,-0,0,17063.571
2,3.6249999999999449,725,52.680827838230805,11.135233163392964,0.41774627562708716,0.11734398685671113,14.932821219784321,0.051555592249683695,14.932910217406825,0.025000000000000001,0,0,0.011725620756728141,0.0087273715097486316,1407.0744908073768,1134.558296267322,-0.024257378019451211,1.7525469649637571,-0.00010874222067693609,-35.173198128204255,2541.1930991974477,-0.27185555169234021,7871.5878125000008,6348.0546875,0,-0,-0,-0,0,17063.571
2,3.6299999999999448,726,52.748957499783643,11.165780016935527,0.41833299420210046,0.11734344315012542,14.9327301825651,0.051556943162458867,14.932819185394264,0.025000000000000001,0,0,0.011725494893483106,0.0087272778218833273,1407.0593872179727,1134.5461168448326,-0.0242571176398622,1.7525281523483998,-0.00010874041362260414,-35.172820577800188,2541.1658209051798,-0.27185103405651034,7871.5878125000008,6348.0546875,0,-0,-0,-0,0,17063.571
2,3.6349999999999447,727,52.817068808625081,11.196366659200825,0.41891971005860346,0.11734289945257485,14.93263914730019,0.051558294020628594,14.932728155335999,0.025000000000000001,0,0,0.011725369033340899,0.0087271841363276911,1407.044284000908,1134.5339377225998,-0.024256857266692161,1.7525093401968221,-0.00010873860661586149,-35.172443036703633,2541.1385432853922,-0.27184651653965375,7871.5878125000008,6348.0546875,0,-0,-0,-0,0,17063.571
2,3.6399999999999446,728,52.885161741610858,11.226993078987196,0.41950642319664128,0.1173423557640592,14.932548113989522,0.051559644824195588,14.932637127231962,0.025000000000000001,0,0,0.0117252431763014,0.0087270904530816398,1407.0291811561681,1134.5217589006131,-0.024256596899940853,1.7524905285090056,-0.00010873679965748125,-35.172065504914237,2541.1112663380582,-0.27184199914370311,7871.5878125000008,6348.0546875,0,-0,-0,-0,0,17063.571
2,3.6449999999999445,729,52.953236275603643,11.257659265079576,0.42009313361625911,0.11734181208457822,14.932457082633029,0.05156099557316255,14.932546101082087,0.025000000000000001,0,0,0.011725117322364495,0.0087269967721450865,1407.0140786837394,1134.5095803788613,-0.024256336539608028,1.7524717172849342,-0.00010873499274732694,-35.171687982431642,2541.0839900631545,-0.27183748186831735,7871.5878125000008,6348.0546875,0,-0,-0,-0,0,17063.571
2,3.6499999999999444,730,53.021292387473039,11.288365206249507,0.42067984131750213,0.11734126841413167,14.932366053230638,0.051562346267532186,14.932455076886297,0.025000000000000001,0,0,0.011724991471530069,0.0087269030935179445,1406.9989765836083,1134.4974021573328,-0.024256076185693465,1.7524529065245902,-0.0001087331858848529,-35.171310469255523,2541.0567144606557,-0.27183296471213225,7871.5878125000008,6348.0546875,0,-0,-0,-0,0,17063.571
2,3.6549999999999443,731,53.089330054095605,11.319110891255134,0.42126654630041549,0.11734072475271932,14.932275025782282,0.051563696907307201,14.932364054644529,0.025000000000000001,0,0,0.011724865623798002,0.0087268094172001254,1406.9838748557602,1134.4852242360164,-0.024255815838196897,1.7524340962279554,-0.00010873137907074124,-35.170932965385504,2541.0294395305355,-0.2718284476768531,7871.5878125000008,6348.0546875,0,-0,-0,-0,0,17063.571
2,3.6599999999999442,732,53.157349252354841,11.349896308841219,0.42185324856504436,0.11734018110034092,14.932184000287892,0.051565047492490301,14.932273034356712,0.025000000000000001,0,0,0.011724739779168179,0.0087267157431915442,1406.9687735001814,1134.4730466149008,-0.024255555497118109,1.7524152863950129,-0.00010872957230458269,-35.170555470821256,2541.0021652727687,-0.27182393076145672,7871.5878125000008,6348.0546875,0,-0,-0,-0,0,17063.571
2,3.6649999999999441,733,53.225349959141212,11.380721447739138,0.42243994811143393,0.11733963745699623,14.932092976747398,0.051566398023084187,14.932182016022777,0.025000000000000001,0,0,0.011724613937640486,0.0087266220714921176,1406.9536725168584,1134.4608692939753,-0.02425529516245685,1.7523964770257461,-0.00010872776558646819,-35.170177985562432,2540.9748916873318,-0.27181941396617049,7871.5878125000008,6348.0546875,0,-0,-0,-0,0,17063.571
2,3.669999999999944,734,53.293332151352153,11.411586296666886,0.42302664493962938,0.11733909382268501,14.932001955160734,0.051567748499091563,14.932090999642657,0.025000000000000001,0,0,0.011724488099214806,0.0087265284021017502,1406.9385719057768,1134.4486922732276,-0.024255034834212878,1.7523776681201362,-0.00010872595891603397,-35.16980050960867,2540.9476187741975,-0.2718148972900849,7871.5878125000008,6348.0546875,0,-0,-0,-0,0,17063.571
2,3.6749999999999439,735,53.361295805892077,11.44249084432909,0.42361333904967585,0.11733855019740702,14.931910935527828,0.051569098920515137,14.931999985216281,0.025000000000000001,0,0,0.011724362263891019,0.0087264347350203622,1406.9234716669223,1134.4365155526471,-0.024254774512385942,1.7523588596781663,-0.00010872415229398485,-35.169423042959615,2540.9203465333412,-0.27181038073496211,7871.5878125000008,6348.0546875,0,-0,-0,-0,0,17063.571
2,3.6799999999999438,736,53.429240899672379,11.473435079416998,0.42420003044161853,0.11733800658116202,14.93181991784861,0.051570449287357607,14.931908972743578,0.025000000000000001,0,0,0.011724236431669014,0.0087263410702478651,1406.9083718002817,1134.4243391322225,-0.024254514196975819,1.75234005169982,-0.00010872234571979789,-35.169045585614938,2540.8930749647388,-0.27180586429949471,7871.5878125000008,6348.0546875,0,-0,-0,-0,0,17063.571
2,3.6849999999999437,737,53.497167409611443,11.504418990608498,0.42478671911550253,0.11733746297394977,14.931728902123014,0.051571799599621673,14.931817962224482,0.025000000000000001,0,0,0.011724110602548672,0.008726247407784174,1406.8932723058406,1134.4121630119425,-0.024254253887982268,1.7523212441850786,-0.00010872053919365499,-35.168668137574286,2540.865804068364,-0.27180134798413746,7871.5878125000008,6348.0546875,0,-0,-0,-0,0,17063.571
2,3.6899999999999435,738,53.565075312634654,11.535442566568115,0.42537340507137306,0.11733691937577004,14.931637888350968,0.051573149857310041,14.931726953658922,0.025000000000000001,0,0,0.011723984776529877,0.008726153747629202,1406.8781731835852,1134.3999871917963,-0.024253993585405038,1.7523024371339255,-0.00010871873271564709,-35.168290698837303,2540.8385338441922,-0.27179683178911773,7871.5878125000008,6348.0546875,0,-0,-0,-0,0,17063.571
2,3.6949999999999434,739,53.632964585674408,11.566505795947014,0.42596008830927529,0.11733637578662257,14.931546876532405,0.051574500060425417,14.93163594704683,0.025000000000000001,0,0,0.011723858953612512,0.008726060089782859,1406.8630744335014,1134.3878116717717,-0.024253733289243889,1.7522836305463434,-0.00010871692628556958,-35.167913269403641,2540.8112642921978,-0.27179231571392393,7871.5878125000008,6348.0546875,0,-0,-0,-0,0,17063.571
2,3.6999999999999433,740,53.700835205670103,11.597608667383012,0.42654676882925435,0.11733583220650713,14.931455866667253,0.051575850208970507,14.931544942388136,0.025000000000000001,0,0,0.011723733133796462,0.0087259664342450617,1406.8479760555754,1134.3756364518581,-0.024253472999498586,1.7522648244223142,-0.00010871511990342241,-35.167535849272952,2540.7839954123556,-0.27178779975855605,7871.5878125000008,6348.0546875,0,-0,-0,-0,0,17063.571
2,3.7049999999999432,741,53.768687149568173,11.628751169500573,0.42713344663135544,0.11733528863542349,14.931364858755446,0.051577200302948004,14.93145393968277,0.025000000000000001,0,0,0.011723607317081608,0.0087258727810157252,1406.832878049793,1134.3634615320443,-0.024253212716168888,1.752246018761821,-0.00010871331356943301,-35.167158438444886,2540.7567272046404,-0.27178328392358253,7871.5878125000008,6348.0546875,0,-0,-0,-0,0,17063.571
2,3.7099999999999431,742,53.836520394322079,11.65993329091082,0.42772012171562368,0.1173347450733714,14.931273852796913,0.05157855034236062,14.931362938930665,0.025000000000000001,0,0,0.011723481503467838,0.0087257791300947591,1406.8177804161405,1134.3512869123188,-0.024252952439254554,1.7522272135648462,-0.00010871150728344219,-35.166781036919105,2540.7294596690272,-0.27177876820860547,7871.5878125000008,6348.0546875,0,-0,-0,-0,0,17063.571
2,3.714999999999943,743,53.904334916892317,11.691155020211532,0.4283067940821042,0.11733420152035061,14.931182848791586,0.051579900327211048,14.931271940131753,0.025000000000000001,0,0,0.011723355692955035,0.0087256854814820786,1406.8026831546042,1134.3391125926703,-0.024252692168755346,1.7522084088313732,-0.00010870970104538173,-35.166403644695251,2540.702192805491,-0.27177425261345434,7871.5878125000008,6348.0546875,0,-0,-0,-0,0,17063.571
2,3.7199999999999429,744,53.972130694246431,11.722416345987158,0.42889346373084219,0.11733365797636089,14.931091846739395,0.051581250257502001,14.931180943285959,0.025000000000000001,0,0,0.01172322988554308,0.0087255918351775968,1406.7875862651695,1134.3269385730875,-0.024252431904671013,1.7521896045613832,-0.00010870789485531986,-35.16602626177297,2540.6749266140055,-0.27176973713829966,7871.5878125000008,6348.0546875,0,-0,-0,-0,0,17063.571
2,3.7249999999999428,745,54.039907703359013,11.753717256808812,0.42948013066188284,0.117333114441402,14.931000846640273,0.051582600133236171,14.93108994839322,0.025000000000000001,0,0,0.01172310408123186,0.0087254981911812236,1406.7724897478231,1134.3147648535592,-0.02425217164700133,1.7521708007548598,-0.00010870608871293825,-35.165648888151928,2540.6476610945465,-0.27176522178234563,7871.5878125000008,6348.0546875,0,-0,-0,-0,0,17063.571
2,3.7299999999999427,746,54.107665921211719,11.785057741234285,0.43006679487527127,0.11733257091547371,14.930909848494149,0.051583949954416265,14.930998955453465,0.025000000000000001,0,0,0.011722978280021255,0.0087254045494928809,1406.7573936025506,1134.3025914340744,-0.024251911395746045,1.7521519974117856,-0.00010870428261878261,-35.165271523831763,2540.620396247089,-0.2717607065469565,7871.5878125000008,6348.0546875,0,-0,-0,-0,0,17063.571
2,3.7349999999999426,747,54.175405324793282,11.816437787808042,0.43065345637105262,0.11733202739857576,14.930818852300954,0.051585299721044982,14.930907964466623,0.025000000000000001,0,0,0.011722852481911152,0.0087253109101124784,1406.7422978293382,1134.2904183146222,-0.024251651150904923,1.7521331945321434,-0.00010870247657287564,-35.16489416881214,2540.5931320716081,-0.2717561914321891,7871.5878125000008,6348.0546875,0,-0,-0,-0,0,17063.571
2,3.7399999999999425,748,54.243125891099488,11.84785738506123,0.43124011514927207,0.11733148389070792,14.930727858060619,0.051586649433125027,14.930816975432629,0.025000000000000001,0,0,0.011722726686901433,0.0087252172730399261,1406.7272024281719,1134.2782454951905,-0.024251390912477723,1.7521143921159155,-0.00010870067057469442,-35.164516823092697,2540.5658685680773,-0.27175167643673603,7871.5878125000008,6348.0546875,0,-0,-0,-0,0,17063.571
2,3.7449999999999424,749,54.310827597133233,11.879316521511688,0.43182677120997476,0.11733094039186996,14.930636865773076,0.051587999090659101,14.930725988351412,0.025000000000000001,0,0,0.011722600894991981,0.0087251236382751389,1406.7121073990377,1134.2660729757681,-0.024251130680464191,1.7520955901630837,-0.00010869886462457998,-35.164139486673079,2540.5386057364713,-0.27174716156144996,7871.5878125000008,6348.0546875,0,-0,-0,-0,0,17063.571
2,3.7499999999999423,750,54.378510419904487,11.910815185663942,0.43241342455320581,0.11733039690206162,14.930545875438254,0.051589348693649902,14.9306350032229,0.025000000000000001,0,0,0.011722475106182682,0.0087250300058180335,1406.6970127419218,1134.2539007563444,-0.024250870454864109,1.7520767886736319,-0.00010869705872250961,-35.163762159552959,2540.5113435767662,-0.27174264680627402,7871.5878125000008,6348.0546875,0,-0,-0,-0,0,17063.571
2,3.7549999999999422,751,54.446174336430325,11.942353366009215,0.4330000751790104,0.11732985342128269,14.930454887056085,0.051590698242100129,14.930544020047027,0.025000000000000001,0,0,0.01172234932047342,0.0087249363756685232,1406.6819184568105,1134.2417288369081,-0.02425061023567723,1.7520579876475433,-0.00010869525286827866,-35.163384841731983,2540.4840820889376,-0.27173813217069664,7871.5878125000008,6348.0546875,0,-0,-0,-0,0,17063.571
2,3.7599999999999421,752,54.513819323734928,11.973931051025426,0.43358672308743368,0.11732930994953289,14.930363900626499,0.051592047736012489,14.930453038823723,0.025000000000000001,0,0,0.011722223537864077,0.0087248427478265177,1406.6668245436892,1134.2295572174473,-0.024250350022903301,1.7520391870847982,-0.00010869344706225093,-35.163007533209786,2540.4568212729573,-0.27173361765562731,7871.5878125000008,6348.0546875,0,-0,-0,-0,0,17063.571
2,3.7649999999999419,753,54.581445358849592,12.005548229177204,0.43417336827852077,0.11732876648681201,14.930272916149429,0.051593397175389681,14.930362059552918,0.025000000000000001,0,0,0.011722097758354536,0.0087247491222919339,1406.6517310025442,1134.2173858979513,-0.02425008981654209,1.752020386985381,-0.0001086916413041763,-35.162630233986029,2540.4295611288026,-0.27172910326044075,7871.5878125000008,6348.0546875,0,-0,-0,-0,0,17063.571
2,3.7699999999999418,754,54.649052418812737,12.037204888915886,0.43476001075231685,0.11732822303311979,14.930181933624805,0.051594746560234404,14.930271082234547,0.025000000000000001,0,0,0.011721971981944686,0.0087246554990646832,1406.6366378333623,1134.2052148784089,-0.024249829616593367,1.7520015873492745,-0.00010868983559405478,-35.162252944060384,2540.4023016564479,-0.27172458898513696,7871.5878125000008,6348.0546875,0,-0,-0,-0,0,17063.571
2,3.7749999999999417,755,54.716640480669909,12.068901018679517,0.43534665050886701,0.11732767958845601,14.930090953052558,0.051596095890549358,14.930180106868537,0.025000000000000001,0,0,0.011721846208634406,0.008724561878144679,1406.6215450361287,1134.1930441588083,-0.02424956942305688,1.75198278817646,-0.00010868802993179543,-35.161875663432475,2540.3750428558669,-0.27172007482948857,7871.5878125000008,6348.0546875,0,-0,-0,-0,0,17063.571
2,3.7799999999999416,756,54.784209521473791,12.100636606892866,0.43593328754821642,0.11732713615282042,14.929999974432619,0.051597445166337241,14.930089133454819,0.025000000000000001,0,0,0.01172172043842358,0.0087244682595318361,1406.6064526108296,1134.1808737391386,-0.024249309235932381,1.7519639894669214,-0.00010868622431739823,-35.161498392101954,2540.347784727036,-0.27171556079349557,7871.5878125000008,6348.0546875,0,-0,-0,-0,0,17063.571
2,3.7849999999999415,757,54.851759518284211,12.132411641967421,0.43651992187041022,0.11732659272621279,14.929908997764917,0.05159879438760076,14.929998161993327,0.025000000000000001,0,0,0.011721594671312091,0.0087243746432260679,1406.591360557451,1134.1687036193889,-0.024249049055219647,1.7519451912206403,-0.00010868441875140888,-35.161121130068487,2540.3205272699283,-0.27171104687852221,7871.5878125000008,6348.0546875,0,-0,-0,-0,0,17063.571
2,3.7899999999999414,758,54.919290448168155,12.164226112301398,0.4371065534754936,0.11732604930863287,14.929818023049386,0.051600143554342608,14.929907192483988,0.025000000000000001,0,0,0.011721468907299828,0.0087242810292272894,1406.5762688759794,1134.1565337995476,-0.024248788880918432,1.7519263934376001,-0.00010868261323321349,-35.160743877331726,2540.2932704845202,-0.27170653308303372,7871.5878125000008,6348.0546875,0,-0,-0,-0,0,17063.571
2,3.7949999999999413,759,54.986802288199762,12.196080006279741,0.43769318236351162,0.11732550590008041,14.929727050285955,0.051601492666565482,14.929816224926734,0.025000000000000001,0,0,0.011721343146386671,0.0087241874175354121,1406.5611775664004,1134.1443642796037,-0.024248528713028489,1.7519075961177837,-0.00010868080776308489,-35.160366633891307,2540.2660143707863,-0.27170201940771221,7871.5878125000008,6348.0546875,0,-0,-0,-0,0,17063.571
2,3.7999999999999412,760,55.054295015460347,12.227973312274134,0.43827980853450943,0.11732496250055519,14.929636079474555,0.05160284172427209,14.929725259321499,0.025000000000000001,0,0,0.011721217388572505,0.0087240938081503509,1406.5460866287006,1134.1321950595457,-0.024248268551549584,1.7518887992611731,-0.00010867900234081844,-35.159989399746898,2540.2387589287009,-0.27169750585204611,7871.5878125000008,6348.0546875,0,-0,-0,-0,0,17063.571
2,3.8049999999999411,761,55.121768607038391,12.259906018642999,0.4388664319885322,0.11732441911005695,14.929545110615118,0.051604190727465131,14.92963429566821,0.025000000000000001,0,0,0.011721091633857209,0.0087240002010720158,1406.5309960628651,1134.1200261393622,-0.024248008396481474,1.7518700028677503,-0.00010867719696673248,-35.159612174898136,2540.2115041582379,-0.2716929924168312,7871.5878125000008,6348.0546875,0,-0,-0,-0,0,17063.571
2,3.809999999999941,762,55.18922304002956,12.291878113731501,0.43945305272562507,0.11732387572858546,14.929454143707575,0.051605539676147297,14.929543333966802,0.025000000000000001,0,0,0.011720965882240678,0.0087239065963003216,1406.5159058688814,1134.1078575190418,-0.024247748247823928,1.7518512069374992,-0.00010867539163987203,-35.159234959344694,2540.1842500593739,-0.27168847909968008,7871.5878125000008,6348.0546875,0,-0,-0,-0,0,17063.571
2,3.8149999999999409,763,55.256658291536723,12.323889585871557,0.44003967074583311,0.11732333235614049,14.929363178751856,0.051606888570321294,14.929452374217203,0.025000000000000001,0,0,0.011720840133722784,0.0087238129938351869,1406.5008160467341,1134.0956891985743,-0.024247488105576687,1.751832411470402,-0.00010867358636180597,-35.158857753086195,2540.1569966320831,-0.27168396590451493,7871.5878125000008,6348.0546875,0,-0,-0,-0,0,17063.571
2,3.8199999999999408,764,55.324074338669931,12.355940423381833,0.44062628604920151,0.11732278899272179,14.929272215747893,0.051608237409989814,14.929361416419344,0.025000000000000001,0,0,0.011720714388303417,0.008723719393676518,1406.4857265964101,1134.0835211779474,-0.024247227969739521,1.7518136164664411,-0.00010867178113126101,-35.158480556122306,2540.1297438763395,-0.27167945282815253,7871.5878125000008,6348.0546875,0,-0,-0,-0,0,17063.571
2,3.8249999999999407,765,55.391471158546445,12.388030614567759,0.4412128986357754,0.11732224563832913,14.929181254695616,0.051609586195155564,14.929270460573155,0.025000000000000001,0,0,0.011720588645982459,0.0087236257958242351,1406.4706375178951,1134.0713534571505,-0.024246967840312193,1.7517948219255994,-0.00010866997594907843,-35.158103368452679,2540.1024917921191,-0.27167493987269609,7871.5878125000008,6348.0546875,0,-0,-0,-0,0,17063.571
2,3.8299999999999406,766,55.458848728290747,12.420160147721523,0.44179950850559985,0.11732170229296225,14.929090295594955,0.051610934925821236,14.929179506678571,0.025000000000000001,0,0,0.011720462906759797,0.0087235322002782462,1406.4555488111755,1134.0591860361719,-0.024246707717294463,1.7517760278478596,-0.00010866817081446243,-35.157726190076971,2540.0752403793963,-0.27167042703615607,7871.5878125000008,6348.0546875,0,-0,-0,-0,0,17063.571
2,3.8349999999999405,767,55.526207025034537,12.45232901112208,0.44238611565872005,0.11732115895662093,14.928999338445843,0.05161228360198953,14.929088554735518,0.025000000000000001,0,0,0.011720337170635309,0.0087234386070384699,1406.4404604762371,1134.047018915001,-0.024246447600686085,1.751757234233204,-0.00010866636572816332,-35.157349020994822,2540.0479896381457,-0.27166591432040832,7871.5878125000008,6348.0546875,0,-0,-0,-0,0,17063.571
2,3.8399999999999403,768,55.593546025916744,12.484537193035159,0.44297272009518113,0.11732061562930492,14.92890838324821,0.051613632223663143,14.92899760474393,0.025000000000000001,0,0,0.011720211437608884,0.0087233450161048175,1406.4253725130661,1134.0348520936263,-0.02424618749048682,1.7517384410816161,-0.00010866456068988555,-35.156971861205889,2540.0207395683433,-0.27166140172471387,7871.5878125000008,6348.0546875,0,-0,-0,-0,0,17063.571
2,3.8449999999999402,769,55.660865708083527,12.516784681713263,0.44355932181502816,0.11732007231101398,14.928817430001988,0.051614980790844776,14.92890665670374,0.025000000000000001,0,0,0.011720085707680405,0.0087232514274772008,1406.4102849216486,1134.0226855720362,-0.024245927386696432,1.7517196483930777,-0.00010866275569931077,-35.156594710709825,2539.9934901699626,-0.27165688924827691,7871.5878125000008,6348.0546875,0,-0,-0,-0,0,17063.571
2,3.8499999999999401,770,55.728166048688294,12.549071465395675,0.44414592081830628,0.11731952900174787,14.928726478707107,0.051616329303537128,14.928815710614874,0.025000000000000001,0,0,0.011719959980849756,0.0087231578411555329,1406.3951977019708,1134.0105193502193,-0.024245667289314682,1.7517008561675713,-0.00010866095075643898,-35.156217569506289,2539.9662414429786,-0.27165237689109745,7871.5878125000008,6348.0546875,0,-0,-0,-0,0,17063.571
2,3.85499999999994,771,55.795447024891708,12.581397532308465,0.44473251710506068,0.11731898570150635,14.928635529363499,0.051617677761742892,14.928724766477266,0.025000000000000001,0,0,0.011719834257116818,0.0087230642571397322,1406.3801108540181,1133.9983534281653,-0.024245407198341319,1.7516820644050801,-0.00010865914586211147,-35.155840437594911,2539.9389933873663,-0.27164786465527868,7871.5878125000008,6348.0546875,0,-0,-0,-0,0,17063.571
2,3.8599999999999399,772,55.862708613861685,12.613762870664491,0.44531911067533642,0.1173184424102892,14.928544581971094,0.051619026165464765,14.928633824290849,0.025000000000000001,0,0,0.01171970853648148,0.0087229706754297105,1406.3650243777774,1133.9861878058623,-0.024245147113776112,1.7516632731055868,-0.00010865734101544148,-35.155463314975364,2539.9117460031007,-0.27164335253860372,7871.5878125000008,6348.0546875,0,-0,-0,-0,0,17063.571
2,3.8649999999999398,773,55.929950792773404,12.646167468663405,0.44590570152917863,0.11731789912809616,14.928453636529824,0.051620374514705449,14.928542884055549,0.025000000000000001,0,0,0.01171958281894362,0.0087228770960253773,1406.3499382732346,1133.974022483299,-0.024244887035618824,1.7516444822690735,-0.00010865553621658819,-35.155086201647293,2539.8844992901568,-0.27163884054147047,7871.5878125000008,6348.0546875,0,-0,-0,-0,0,17063.571
2,3.8699999999999397,774,55.997173538809335,12.678611314491658,0.44649228966663246,0.11731735585492699,14.928362693039618,0.051621722809467641,14.9284519457713,0.025000000000000001,0,0,0.011719457104503126,0.0087227835189266495,1406.3348525403751,1133.9618574604644,-0.024244626963869201,1.7516256918955233,-0.00010865373146598359,-35.154709097610343,2539.8572532485086,-0.27163432866495896,7871.5878125000008,6348.0546875,0,-0,-0,-0,0,17063.571
2,3.8749999999999396,775,56.064376829159215,12.711094396322503,0.44707887508774297,0.11731681259078144,14.928271751500409,0.051623071049754034,14.928361009438031,0.025000000000000001,0,0,0.011719331393159879,0.008722689944133442,1406.3197671791854,1133.9496927373475,-0.02424436689852701,1.7516069019849185,-0.00010865192676333208,-35.154332002864166,2539.8300078781317,-0.27162981690833021,7871.5878125000008,6348.0546875,0,-0,-0,-0,0,17063.571
2,3.8799999999999395,776,56.13156064102008,12.743616702316004,0.44766545779255529,0.11731626933565931,14.928180811912128,0.051624419235567327,14.928270075055678,0.025000000000000001,0,0,0.01171920568491377,0.0087225963716456682,1406.3046821896523,1133.9375283139368,-0.024244106839592029,1.7515881125372428,-0.00010865012210842907,-35.153954917408441,2539.8027631790019,-0.27162530527107265,7871.5878125000008,6348.0546875,0,-0,-0,-0,0,17063.571
2,3.8849999999999394,777,56.198724951596255,12.776178220619032,0.44825203778111455,0.11731572608956031,14.928089874274704,0.051625767366910214,14.928179142624165,0.025000000000000001,0,0,0.011719079979764672,0.0087225028014632378,1406.2895975717606,1133.925364190221,-0.024243846787063986,1.7515693235524767,-0.00010864831750170652,-35.153577841242779,2539.7755191510914,-0.27162079375426629,7871.5878125000008,6348.0546875,0,-0,-0,-0,0,17063.571
2,3.8899999999999393,778,56.265869738099376,12.808778939365279,0.44883861505346589,0.11731518285248424,14.92799893858807,0.051627115443785392,14.928088212143429,0.025000000000000001,0,0,0.011718954277712478,0.0087224092335860693,1406.2745133254973,1133.9132003661889,-0.024243586740942662,1.7515505350306055,-0.0001086465129427097,-35.153200774366859,2539.7482757943781,-0.27161628235677426,7871.5878125000008,6348.0546875,0,-0,-0,-0,0,17063.571
2,3.8949999999999392,779,56.332994977748385,12.841418846675255,0.44942518960965444,0.11731463962443084,14.927908004852156,0.051628463466195561,14.927997283613397,0.025000000000000001,0,0,0.011718828578757069,0.0087223156680140725,1406.2594294508483,1133.9010368418294,-0.024243326701227814,1.7515317469716101,-0.00010864470843159779,-35.152823716780333,2539.7210331088345,-0.27161177107899448,7871.5878125000008,6348.0546875,0,-0,-0,-0,0,17063.571
2,3.8999999999999391,780,56.400100647769555,12.874097930656299,0.45001176144972527,0.11731409640539987,14.927817073066894,0.051629811434143413,14.927906357034002,0.025000000000000001,0,0,0.011718702882898327,0.008722222104747164,1406.2443459477993,1133.8888736171314,-0.024243066667919193,1.7515129593754739,-0.00010864290396871184,-35.152446668482831,2539.6937910944371,-0.27160725992177959,7871.5878125000008,6348.0546875,0,-0,-0,-0,0,17063.571
2,3.904999999999939,781,56.467186725396473,12.906816179402577,0.4505983305737235,0.11731355319539111,14.927726143232213,0.051631159347631649,14.927815432405174,0.025000000000000001,0,0,0.011718577190136137,0.0087221285437852555,1406.2292628163364,1133.8767106920832,-0.024242806641016565,1.7514941722421784,-0.00010864109955380172,-35.15206962947402,2539.6665497511585,-0.27160274888450431,7871.5878125000008,6348.0546875,0,-0,-0,-0,0,17063.571
2,3.9099999999999389,782,56.534253187870071,12.939573580995093,0.45118489698169423,0.11731300999440429,14.927635215348047,0.051632507206662966,14.927724509726845,0.025000000000000001,0,0,0.011718451500470383,0.0087220349851282603,1406.2141800564459,1133.8645480666739,-0.024242546620519691,1.7514753855717076,-0.00010863929518675377,-35.151692599753552,2539.6393090789761,-0.27159823796688443,7871.5878125000008,6348.0546875,0,-0,-0,-0,0,17063.571
2,3.9149999999999388,783,56.601300012438621,12.972370123501689,0.45177146067368257,0.11731246680243919,14.927544289414325,0.051633855011240057,14.927633588998944,0.025000000000000001,0,0,0.011718325813900952,0.0087219414287760932,1406.1990976681143,1133.852385740892,-0.024242286606428336,1.7514565993640439,-0.00010863749086740881,-35.151315579321086,2539.6120690778635,-0.27159372716852204,7871.5878125000008,6348.0546875,0,-0,-0,-0,0,17063.571
2,3.9199999999999386,784,56.668327176357742,13.005205794977048,0.45235802164973365,0.11731192361949556,14.927453365430978,0.051635202761365614,14.927542670221406,0.025000000000000001,0,0,0.011718200130427724,0.0087218478747286676,1406.1840156513269,1133.8402237147268,-0.024242026598742254,1.7514378136191693,-0.0001086356865962216,-35.150938568176265,2539.5848297477955,-0.27158921649055401,7871.5878125000008,6348.0546875,0,-0,-0,-0,0,17063.571
2,3.9249999999999385,785,56.735334656890409,13.038080583462706,0.45294457990989256,0.11731138044557318,14.927362443397937,0.051636550457042338,14.927451753394159,0.025000000000000001,0,0,0.011718074450050584,0.0087217543229858984,1406.16893400607,1133.8280619881668,-0.024241766597461193,1.7514190283370672,-0.00010863388237319213,-35.150561566318729,2539.5575910887474,-0.27158470593298034,7871.5878125000008,6348.0546875,0,-0,-0,-0,0,17063.571
2,3.9299999999999384,786,56.802322431306969,13.070994476987053,0.45353113545420443,0.11731083728067179,14.927271523315135,0.051637898098272919,14.927360838517133,0.025000000000000001,0,0,0.011717948772769417,0.0087216607735476973,1406.1538527323301,1133.8159005612006,-0.024241506602584936,1.7514002435177198,-0.00010863207819786566,-35.150184573748156,2539.5303531006939,-0.27158019549466417,7871.5878125000008,6348.0546875,0,-0,-0,-0,0,17063.571
2,3.9349999999999383,787,56.869290476885148,13.103947463565332,0.45411768828271432,0.11731029412479116,14.927180605182501,0.051639245685060058,14.927269925590265,0.025000000000000001,0,0,0.011717823098584107,0.0087215672264139791,1406.1387718300928,1133.8037394338173,-0.024241246614113227,1.7513814591611101,-0.00010863027407056051,-35.149807590464178,2539.5031157836097,-0.27157568517640129,7871.5878125000008,6348.0546875,0,-0,-0,-0,0,17063.571
2,3.9399999999999382,788,56.93623877091003,13.136939531199651,0.45470423839546736,0.11730975097793105,14.927089688999967,0.051640593217406446,14.927179014613476,0.025000000000000001,0,0,0.011717697427494535,0.0087214736815846555,1406.1236912993443,1133.7915786060053,-0.024240986632045831,1.7513626752672204,-0.00010862846999114026,-35.149430616466454,2539.4758791374697,-0.27157117497785066,7871.5878125000008,6348.0546875,0,-0,-0,-0,0,17063.571
2,3.9449999999999381,789,57.003167290674114,13.169970667878985,0.45529078579250865,0.1173092078400912,14.926998774767464,0.051641940695314775,14.927088105586707,0.025000000000000001,0,0,0.011717571759500592,0.0087213801390596413,1406.1086111400712,1133.7794180777535,-0.024240726656382515,1.7513438918360338,-0.00010862666595937753,-35.149053651754649,2539.448643162249,-0.27156666489844383,7871.5878125000008,6348.0546875,0,-0,-0,-0,0,17063.571
2,3.949999999999938,790,57.070076013477276,13.203040861579181,0.45587733047388329,0.1173086647112714,14.926907862484923,0.051643288118787746,14.926997198509884,0.025000000000000001,0,0,0.011717446094602157,0.0087212865988388517,1406.0935313522589,1133.7672578490508,-0.024240466687123031,1.7513251088675328,-0.00010862486197574981,-35.148676696328394,2539.4214078579225,-0.27156215493937452,7871.5878125000008,6348.0546875,0,-0,-0,-0,0,17063.571
2,3.9549999999999379,791,57.136964916626795,13.236150100262961,0.45646387243963638,0.11730812159147139,14.926816952152274,0.05164463548782805,14.926906293382938,0.025000000000000001,0,0,0.011717320432799112,0.0087211930609221965,1406.0784519358936,1133.7550979198854,-0.024240206724267136,1.7513063263616993,-0.00010862305803991603,-35.148299750187348,2539.3941732244639,-0.27155764509979008,7871.5878125000008,6348.0546875,0,-0,-0,-0,0,17063.571
2,3.9599999999999378,792,57.20383397743737,13.269298371879927,0.45705041168981303,0.11730757848069094,14.926726043769451,0.05164598280243838,14.926815390205803,0.025000000000000001,0,0,0.011717194774091345,0.008721099525309594,1406.0633728909613,1133.7429382902471,-0.024239946767814591,1.751287544318517,-0.00010862125415212631,-35.147922813331157,2539.3669392618494,-0.27155313538031578,7871.5878125000008,6348.0546875,0,-0,-0,-0,0,17063.571
2,3.9649999999999377,793,57.27068317323112,13.302485664366568,0.45763694822445833,0.11730703537892982,14.926635137336381,0.051647330062621434,14.926724488978406,0.025000000000000001,0,0,0.011717069118478737,0.0087210059920009575,1406.0482942174485,1133.7307789601246,-0.024239686817765168,1.7512687627379682,-0.0001086194503125398,-35.147545885759492,2539.3397059700537,-0.27154862578134953,7871.5878125000008,6348.0546875,0,-0,-0,-0,0,17063.571
2,3.9699999999999376,794,57.337512481337576,13.335711965646263,0.45822348204361735,0.11730649228618778,14.926544232852999,0.051648677268379899,14.926633589700684,0.025000000000000001,0,0,0.011716943465961178,0.0087209124609961969,1406.0332159153413,1133.7186199295056,-0.024239426874118619,1.751249981620036,-0.00010861764652029251,-35.147168967471998,2539.3124733490522,-0.27154411630073128,7871.5878125000008,6348.0546875,0,-0,-0,-0,0,17063.571
2,3.9749999999999375,795,57.404321879093715,13.368977263629285,0.45881001314733522,0.11730594920246458,14.926453330319234,0.051650024419716473,14.926542692372561,0.025000000000000001,0,0,0.011716817816538544,0.0087208189322952306,1406.0181379846254,1133.7064611983799,-0.024239166936874699,1.7512312009647024,-0.00010861584277640758,-35.146792058468314,2539.2852413988185,-0.27153960694101897,7871.5878125000008,6348.0546875,0,-0,-0,-0,0,17063.571
2,3.9799999999999374,796,57.471111343843951,13.402281546212803,0.45939654153565701,0.11730540612775997,14.926362429735017,0.051651371516633848,14.926451796993971,0.025000000000000001,0,0,0.011716692170210725,0.0087207254058979666,1406.003060425287,1133.6943027667357,-0.024238907006033178,1.7512124207719499,-0.00010861403908024841,-35.146415158748106,2539.2580101193275,-0.27153509770062101,7871.5878125000008,6348.0546875,0,-0,-0,-0,0,17063.571
2,3.9849999999999373,797,57.537880852940141,13.435624801280897,0.45998306720862786,0.11730486306207373,14.926271531100278,0.051652718559134725,14.926360903564847,0.025000000000000001,0,0,0.011716566526977602,0.0087206318818043235,1405.9879832373122,1133.6821446345621,-0.024238647081593803,1.7511936410417619,-0.00010861223543211054,-35.146038268311017,2539.2307795105548,-0.27153058858027634,7871.5878125000008,6348.0546875,0,-0,-0,-0,0,17063.571
2,3.9899999999999372,798,57.604630383741608,13.469007016704548,0.46056959016629279,0.11730432000540561,14.926180634414951,0.051654065547221788,14.926270012085119,0.025000000000000001,0,0,0.011716440886839059,0.0087205383600142145,1405.972906420687,1133.6699868018479,-0.024238387163556349,1.751174861774121,-0.00010861043183201672,-35.145661387156707,2539.2035495724754,-0.27152607958004182,7871.5878125000008,6348.0546875,0,-0,-0,-0,0,17063.571
2,3.994999999999937,799,57.671359913615127,13.502428180341658,0.46115611040869692,0.11730377695775537,14.926089739678966,0.051655412480897736,14.926179122554716,0.025000000000000001,0,0,0.011716315249794983,0.0087204448405275494,1405.957829975398,1133.6578292685815,-0.024238127251920573,1.7511560829690094,-0.00010860862827951222,-35.145284515284828,2539.1763203050637,-0.27152157069878058,7871.5878125000008,6348.0546875,0,-0,-0,-0,0,17063.571
2,3.9999999999999369,800,57.738069419934952,13.535888280037039,0.46174262793588533,0.11730323391912277,14.925998846892252,0.051656759360165255,14.926088234973571,0.025000000000000001,0,0,0.011716189615845253,0.0087203513233442467,1405.9427539014305,1133.6456720347521,-0.024237867346686225,1.75113730462641,-0.00010860682477514274,-35.144907652695025,2539.1490917082947,-0.27151706193785685,7871.5878125000008,6348.0546875,0,-0,-0,-0,0,17063.571
2,4.0049999999999368,801,57.804758880082815,13.569387303622428,0.46232914274790315,0.11730269088950757,14.925907956054743,0.051658106185027045,14.925997349341614,0.025000000000000001,0,0,0.01171606398498976,0.0087202578084642161,1405.9276781987712,1133.6335151003482,-0.024237607447853072,1.7511185267463054,-0.00010860502131849899,-35.144530799386956,2539.121863782143,-0.27151255329624746,7871.5878125000008,6348.0546875,0,-0,-0,-0,0,17063.571
2,4.0099999999999367,802,57.871428271447925,13.602925238916489,0.46291565484479547,0.11730214786890954,14.925817067166369,0.051659452955485796,14.925906465658779,0.025000000000000001,0,0,0.011715938357228381,0.0087201642958873761,1405.9126028674057,1133.621358465359,-0.024237347555420872,1.7510997493286786,-0.00010860321791003571,-35.144153955360267,2539.0946365265841,-0.27150804477508927,7871.5878125000008,6348.0546875,0,-0,-0,-0,0,17063.571
2,4.0149999999999366,803,57.938077571426994,13.636502073724822,0.46350216422660728,0.11730160485732842,14.925726180227061,0.051660799671544196,14.925815583924992,0.025000000000000001,0,0,0.011715812732561006,0.0087200707856136331,1405.8975279073206,1133.6092021297723,-0.024237087669389396,1.7510809723735117,-0.00010860141454900259,-35.143777120614622,2539.0674099415919,-0.27150353637250646,7871.5878125000008,6348.0546875,0,-0,-0,-0,0,17063.571
2,4.0199999999999365,804,58.004706757424238,13.670117795839955,0.46408867089338374,0.11730106185476399,14.925635295236749,0.051662146333204942,14.925724704140189,0.025000000000000001,0,0,0.011715687110987515,0.0087199772776429107,1405.8824533185018,1133.5970460935785,-0.024236827789758393,1.7510621958807882,-0.00010859961123644553,-35.143400295149668,2539.0401840271429,-0.27149902809111381,7871.5878125000008,6348.0546875,0,-0,-0,-0,0,17063.571
2,4.0249999999999364,805,58.071315806851374,13.703772393041364,0.4646751748451699,0.11730051886121601,14.925544412195366,0.051663492940470727,14.925633826304299,0.025000000000000001,0,0,0.011715561492507796,0.0087198837719751135,1405.8673791009355,1133.5848903567648,-0.024236567916527629,1.7510434198504901,-0.00010859780797127314,-35.143023478965063,2539.0129587832107,-0.27149451992818285,7871.5878125000008,6348.0546875,0,-0,-0,-0,0,17063.571
2,4.0299999999999363,806,58.137904697127631,13.737465853095468,0.46526167608201091,0.11729997587668423,14.925453531102843,0.051664839493344245,14.925542950417254,0.025000000000000001,0,0,0.011715435877121727,0.0087197902686101583,1405.8523052546072,1133.5727349193205,-0.024236308049696852,1.7510246442825999,-0.00010859600475412208,-35.142646672060437,2538.9857342097698,-0.27149001188530519,7871.5878125000008,6348.0546875,0,-0,-0,-0,0,17063.571
2,4.0349999999999362,807,58.204473405679771,13.771198163755637,0.46584817460395178,0.11729943290116841,14.925362651959109,0.051666185991828179,14.925452076478983,0.025000000000000001,0,0,0.011715310264829198,0.0087196967675479634,1405.8372317795038,1133.5605797812352,-0.024236048189265835,1.7510058691771011,-0.0001085942015851515,-35.142269874435463,2538.9585103067966,-0.27148550396287874,7871.5878125000008,6348.0546875,0,-0,-0,-0,0,17063.571
2,4.0399999999999361,808,58.271021909942078,13.804969312762193,0.46643467041103759,0.11729888993466832,14.925271774764097,0.051667532435925229,14.925361204489418,0.025000000000000001,0,0,0.01171518465563009,0.0087196032687884371,1405.8221586756108,1133.5484249424969,-0.024235788335234335,1.7509870945339761,-0.00010859239846413402,-35.141893086089787,2538.9312870742651,-0.27148099616033505,7871.5878125000008,6348.0546875,0,-0,-0,-0,0,17063.571
2,4.044999999999936,809,58.337550187356385,13.838779287842421,0.46702116350331346,0.11729834697718372,14.925180899517738,0.05166887882563808,14.925270334448491,0.025000000000000001,0,0,0.011715059049524291,0.0087195097723314942,1405.8070859429149,1133.5362704030942,-0.024235528487602114,1.7509683203532072,-0.00010859059539047849,-35.141516307023068,2538.9040645121504,-0.27147648847619621,7871.5878125000008,6348.0546875,0,-0,-0,-0,0,17063.571
2,4.0499999999999359,810,58.404058215372068,13.872628076710569,0.46760765388082443,0.11729780402871437,14.925090026219962,0.051670225160969425,14.925179466356134,0.025000000000000001,0,0,0.011714933446511679,0.0087194162781770498,1405.7920135814015,1133.5241161630165,-0.024235268646368931,1.7509495466347773,-0.00010858879236513985,-35.141139537234949,2538.8768426204269,-0.27147198091284963,7871.5878125000008,6348.0546875,0,-0,-0,-0,0,17063.571
2,4.0549999999999358,811,58.47054597144605,13.906515667067856,0.46819414154361561,0.11729726108926002,14.924999154870701,0.051671571441921957,14.925088600212275,0.025000000000000001,0,0,0.011714807846592143,0.0087193227863250154,1405.776941591057,1133.5119622222519,-0.02423500881153454,1.7509307733786685,-0.00010858698938745874,-35.140762776725083,2538.8496213990693,-0.27146747346864686,7871.5878125000008,6348.0546875,0,-0,-0,-0,0,17063.571
2,4.0599999999999357,812,58.537013433042816,13.94044204660247,0.46878062649173202,0.11729671815882044,14.924908285469886,0.051672917668498367,14.924997736016849,0.025000000000000001,0,0,0.011714682249765563,0.0087192292967753094,1405.7618699718676,1133.4998085807902,-0.02423474898309871,1.7509120005848646,-0.00010858518645820823,-35.140386025493129,2538.8224008480538,-0.27146296614552057,7871.5878125000008,6348.0546875,0,-0,-0,-0,0,17063.571
2,4.0649999999999356,813,58.603460577634422,13.974407202989584,0.46936710872521881,0.11729617523739538,14.924817418017449,0.051674263840701347,14.924906873769782,0.025000000000000001,0,0,0.011714556656031827,0.0087191358095278382,1405.7467987238192,1133.487655238619,-0.024234489161061201,1.7508932282533476,-0.00010858338357636513,-35.140009283538738,2538.7951809673541,-0.27145845894091281,7871.5878125000008,6348.0546875,0,-0,-0,-0,0,17063.571
2,4.0699999999999354,814,58.669887382700502,14.008411123891348,0.46995358824412098,0.11729563232498462,14.92472655251332,0.051675609958533583,14.924816013471011,0.025000000000000001,0,0,0.01171443106539082,0.0087190423245825238,1405.7317278468984,1133.475502195728,-0.024234229345421767,1.7508744563841003,-0.00010858158074249787,-35.139632550861563,2538.7679617569456,-0.27145395185624466,7871.5878125000008,6348.0546875,0,-0,-0,-0,0,17063.571
2,4.0749999999999353,815,58.736293825728275,14.042453796956904,0.47054006504848367,0.11729508942158791,14.92463568895743,0.051676956021997768,14.924725155120463,0.025000000000000001,0,0,0.011714305477842421,0.0087189488419392759,1405.7166573410905,1133.4633494521058,-0.024233969536180171,1.750855684977106,-0.00010857977795678835,-35.139255827461248,2538.7407432168038,-0.27144944489197087,7871.5878125000008,6348.0546875,0,-0,-0,-0,0,17063.571
2,4.0799999999999352,816,58.802679884212544,14.076535209822383,0.4711265391383519,0.117294546527205,14.924544827349711,0.051678302031096593,14.924634298718072,0.025000000000000001,0,0,0.011714179893386519,0.0087188553615980043,1405.7015872063823,1133.4511970077406,-0.024233709733336179,1.7508369140323461,-0.0001085779752185772,-35.13887911333746,2538.7135253469019,-0.27144493804644299,7871.5878125000008,6348.0546875,0,-0,-0,-0,0,17063.571
2,4.0849999999999351,817,58.869045535655708,14.110655350110918,0.47171301051377074,0.11729400364183568,14.924453967690095,0.051679647985832751,14.924543444263765,0.025000000000000001,0,0,0.011714054312022996,0.0087187618835586293,1405.6865174427594,1133.4390448626218,-0.024233449936889546,1.7508181435498043,-0.00010857617252836463,-35.138502408489842,2538.6863081472161,-0.27144043132091156,7871.5878125000008,6348.0546875,0,-0,-0,-0,0,17063.571
2,4.089999999999935,818,58.935390757567788,14.144814205432636,0.47229947917478526,0.11729346076547967,14.924363109978511,0.051680993886208927,14.924452591757477,0.025000000000000001,0,0,0.011713928733751738,0.0087186684078210605,1405.6714480502087,1133.4268930167379,-0.024233190146840038,1.7507993735294631,-0.00010857436988574136,-35.138125712918054,2538.6590916177215,-0.2714359247143534,7871.5878125000008,6348.0546875,0,-0,-0,-0,0,17063.571
2,4.0949999999999349,819,59.001715527466395,14.179011763384681,0.47288594512144055,0.11729291789813676,14.924272254214891,0.051682339732227814,14.92436174119914,0.025000000000000001,0,0,0.011713803158572626,0.0087185749343852165,1405.656379028715,1133.4147414700781,-0.024232930363187404,1.7507806039713047,-0.00010857256729161691,-35.137749026621734,2538.6318757583917,-0.27143141822904227,7871.5878125000008,6348.0546875,0,-0,-0,-0,0,17063.571
2,4.0999999999999348,820,59.068019822876785,14.213248011551199,0.47347240835378168,0.1172923750398067,14.924181400399167,0.051683685523892096,14.924270892588682,0.025000000000000001,0,0,0.011713677586485546,0.0087184814632510054,1405.6413103782656,1133.4025902226308,-0.024232670585931412,1.7507618348753125,-0.00010857076474494533,-35.137372349600547,2538.6046605692031,-0.27142691186236334,7871.5878125000008,6348.0546875,0,-0,-0,-0,0,17063.571
2,4.1049999999999347,821,59.134303621331817,14.247522937503359,0.47405886887185367,0.11729183219048926,14.924090548531268,0.051685031261204467,14.924180045926034,0.025000000000000001,0,0,0.011713552017490381,0.0087183879944183473,1405.6262420988458,1133.3904392743852,-0.024232410815071815,1.7507430662414687,-0.00010856896224659067,-35.136995681854131,2538.5774460501298,-0.27142240561647668,7871.5878125000008,6348.0546875,0,-0,-0,-0,0,17063.571
2,4.1099999999999346,822,59.20056690037201,14.281836528799346,0.47464532667570158,0.11729128935018419,14.923999698611127,0.051686376944167618,14.924089201211128,0.025000000000000001,0,0,0.011713426451587015,0.0087182945278871504,1405.6111741904417,1133.3782886253296,-0.024232151050608382,1.7507242980697559,-0.00010856715979600722,-35.136619023382153,2538.5502322011462,-0.27141789949001804,7871.5878125000008,6348.0546875,0,-0,-0,-0,0,17063.571
2,4.1149999999999345,823,59.266809637545506,14.316188772984374,0.47523178176537051,0.11729074651889125,14.923908850638675,0.051687722572784235,14.923998358443896,0.025000000000000001,0,0,0.011713300888775337,0.0087182010636573277,1405.5961066530406,1133.3661382754526,-0.024231891292540882,1.7507055303601575,-0.00010856535739285391,-35.136242374184278,2538.5230190222283,-0.27141339348213478,7871.5878125000008,6348.0546875,0,-0,-0,-0,0,17063.571
2,4.1199999999999344,824,59.333031810408116,14.350579657590686,0.47581823414090552,0.11729020369661021,14.923818004613842,0.051689068147057003,14.92390751762427,0.025000000000000001,0,0,0.011713175329055227,0.0087181076017287997,1405.5810394866271,1133.3539882247439,-0.024231631540869054,1.7506867631126555,-0.00010856355503799477,-35.135865734260129,2538.4958065133505,-0.27140888759498694,7871.5878125000008,6348.0546875,0,-0,-0,-0,0,17063.571
2,4.1249999999999343,825,59.399233396523293,14.385009170137558,0.47640468380235163,0.11728966088334082,14.923727160536561,0.051690413666988615,14.92381667875218,0.025000000000000001,0,0,0.01171304977242657,0.0087180141421014726,1405.5659726911883,1133.3418384731915,-0.024231371795592677,1.7506679963272329,-0.00010856175273067947,-35.13548910360938,2538.4685946744876,-0.27140438182669868,7871.5878125000008,6348.0546875,0,-0,-0,-0,0,17063.571
2,4.1299999999999342,826,59.46541437346216,14.419477298131309,0.47699113074975391,0.11728911807908285,14.923636318406762,0.051691759132581762,14.923725841827554,0.025000000000000001,0,0,0.01171292421888925,0.0087179206847752665,1405.5509062667099,1133.3296890207846,-0.024231112056711496,1.7506492300038723,-0.00010855995047138549,-35.135112482231669,2538.4413835056148,-0.27139987617846373,7871.5878125000008,6348.0546875,0,-0,-0,-0,0,17063.571
2,4.1349999999999341,827,59.531574718803519,14.4539840290653,0.47757757498315745,0.11728857528383606,14.923545478224376,0.05169310454383913,14.923635006850329,0.025000000000000001,0,0,0.011712798668443151,0.0087178272297500949,1405.5358402131783,1133.3175398675123,-0.02423085232422529,1.750630464142557,-0.00010855814826013557,-35.134735870126669,2538.4141730067076,-0.27139537065033892,7871.5878125000008,6348.0546875,0,-0,-0,-0,0,17063.571
2,4.139999999999934,828,59.597714410133847,14.488529350419943,0.47816401650260726,0.1172880324976002,14.923454639989336,0.051694449900763412,14.923544173820433,0.025000000000000001,0,0,0.011712673121088157,0.0087177337770258656,1405.5207745305788,1133.3053910133626,-0.024230592598133795,1.7506116987432681,-0.0001085563460967478,-35.134359267294002,2538.3869631777388,-0.27139086524186951,7871.5878125000008,6348.0546875,0,-0,-0,-0,0,17063.571
2,4.1449999999999338,829,59.663833425047301,14.523113249662705,0.47875045530814841,0.11728748972037503,14.923363803701571,0.051695795203357292,14.923453342737798,0.025000000000000001,0,0,0.011712547576824155,0.0087176403266024938,1405.5057092188986,1133.2932424583241,-0.024230332878436799,1.7505929338059896,-0.00010855454398069924,-35.133982673733357,2538.3597540186847,-0.27138635995174809,7871.5878125000008,6348.0546875,0,-0,-0,-0,0,17063.571
2,4.1499999999999337,830,59.729931741145748,14.557735714248111,0.47933689139982599,0.11728694695216034,14.923272969361014,0.051697140451623456,14.923362513602354,0.025000000000000001,0,0,0.011712422035651026,0.008717546878479903,1405.490644278123,1133.2810942023873,-0.02423007316513404,1.7505741693307042,-0.00010855274191314947,-35.133606089444356,2538.3325455295212,-0.27138185478287369,7871.5878125000008,6348.0546875,0,-0,-0,-0,0,17063.571
2,4.1549999999999336,831,59.79600933603875,14.592396731617747,0.47992332477768501,0.11728640419295586,14.923182136967593,0.051698485645564597,14.923271686414033,0.025000000000000001,0,0,0.011712296497568655,0.0087174534326579945,1405.4755797082387,1133.2689462455394,-0.024229813458225294,1.7505554053173944,-0.00010855093989318903,-35.133229514426674,2538.3053377102219,-0.27137734973297256,7871.5878125000008,6348.0546875,0,-0,-0,-0,0,17063.571
2,4.1599999999999335,832,59.862066187343586,14.627096289200271,0.48050975544177055,0.11728586144276136,14.923091306521243,0.0516998307851834,14.923180861172765,0.025000000000000001,0,0,0.011712170962576927,0.0087173599891366884,1405.4605155092313,1133.2567985877695,-0.024229553757710309,1.7505366417660424,-0.00010854913792106799,-35.132852948679947,2538.2781305607614,-0.27137284480266999,7871.5878125000008,6348.0546875,0,-0,-0,-0,0,17063.571
2,4.1649999999999334,833,59.928102272685237,14.661834374411411,0.48109618339212762,0.1172853187015766,14.923000478021894,0.051701175870482549,14.923090037878485,0.025000000000000001,0,0,0.011712045430675725,0.0087172665479158997,1405.445451681087,1133.2446512290669,-0.024229294063588851,1.7505178786766318,-0.00010854733599708197,-35.132476392203834,2538.250924081116,-0.27136833999270493,7871.5878125000008,6348.0546875,0,-0,-0,-0,0,17063.571
2,4.1699999999999333,834,59.994117569696421,14.696610974653975,0.4816826086288013,0.11728477596940134,14.922909651469476,0.051702520901464731,14.922999216531119,0.025000000000000001,0,0,0.011711919901864935,0.0087171731089955382,1405.4303882237921,1133.2325041694201,-0.024229034375860683,1.7504991160491443,-0.00010854553412084442,-35.132099844997988,2538.2237182712593,-0.27136383530211106,7871.5878125000008,6348.0546875,0,-0,-0,-0,0,17063.571
2,4.1749999999999332,835,60.060112056017587,14.731426077317854,0.48226903115183661,0.11728423324623535,14.922818826863923,0.051703865878132638,14.922908397130604,0.025000000000000001,0,0,0.011711794376144441,0.0087170796723755207,1405.415325137333,1133.2203574088178,-0.024228774694525567,1.7504803538835636,-0.00010854373229237808,-35.131723307062074,2538.1965131311672,-0.2713593307309452,7871.5878125000008,6348.0546875,0,-0,-0,-0,0,17063.571
2,4.1799999999999331,836,60.126085709296923,14.766279669780026,0.48285545096127863,0.11728369053207838,14.922728004205162,0.051705210800488954,14.922817579676865,0.025000000000000001,0,0,0.011711668853514127,0.0087169862380557586,1405.4002624216953,1133.2082109472485,-0.024228515019583258,1.7504615921798716,-0.00010854193051145557,-35.131346778395724,2538.1693086608138,-0.27135482627863894,7871.5878125000008,6348.0546875,0,-0,-0,-0,0,17063.571
2,4.184999999999933,837,60.192038507190361,14.801171739404561,0.48344186805717237,0.11728314782693018,14.922637183493126,0.051706555668536366,14.922726764169838,0.025000000000000001,0,0,0.011711543333973878,0.0087168928060361688,1405.3852000768654,1133.196064784702,-0.024228255351033522,1.7504428309380518,-0.00010854012877873629,-35.130970258998609,2538.1421048601751,-0.27135032194684072,7871.5878125000008,6348.0546875,0,-0,-0,-0,0,17063.571
2,4.1899999999999329,838,60.257970427361592,14.836102273542627,0.48402828243956292,0.11728260513079053,14.922546364727749,0.051707900482277566,14.92263595060945,0.025000000000000001,0,0,0.011711417817523577,0.0087167993763166609,1405.3701381028293,1133.183918921166,-0.024227995688876115,1.750424070158086,-0.00010853832709362905,-35.130593748870368,2538.1149017292246,-0.27134581773407263,7871.5878125000008,6348.0546875,0,-0,-0,-0,0,17063.571
2,4.1949999999999328,839,60.323881447482066,14.871071259532492,0.48461469410849528,0.11728206244365919,14.922455547908958,0.051709245241715239,14.922545138995638,0.025000000000000001,0,0,0.011711292304163108,0.0087167059488971552,1405.355076499573,1133.1717733566302,-0.024227736033110805,1.7504053098399577,-0.00010853652545658861,-35.130217248010666,2538.0876992679387,-0.27134131364147152,7871.5878125000008,6348.0546875,0,-0,-0,-0,0,17063.571
2,4.1999999999999327,840,60.389771545231,14.906078684699533,0.48520110306401454,0.11728151976553591,14.922364733036687,0.05171058994685207,14.922454329328326,0.025000000000000001,0,0,0.011711166793892355,0.0087166125237775598,1405.3400152670827,1133.1596280910828,-0.024227476383737338,1.7503865499836488,-0.00010853472386738758,-35.129840756419142,2538.0604974762909,-0.27133680966846896,7871.5878125000008,6348.0546875,0,-0,-0,-0,0,17063.571
2,4.2049999999999326,841,60.45564069829539,14.941124536356238,0.48578750930616565,0.11728097709642046,14.922273920110866,0.051711934597690738,14.922363521607451,0.025000000000000001,0,0,0.011711041286711205,0.0087165191009577932,1405.3249544053447,1133.1474831245132,-0.024227216740755484,1.750367790589143,-0.0001085329223260942,-35.129464274095454,2538.0332963542573,-0.27133230581523549,7871.5878125000008,6348.0546875,0,-0,-0,-0,0,17063.571
2,4.2099999999999325,842,60.521488884370015,14.97620880180221,0.48637391283499376,0.1172804344363126,14.922183109131428,0.051713279194233942,14.922272715832944,0.025000000000000001,0,0,0.011710915782619539,0.0087164256804377633,1405.3098939143447,1133.1353384569093,-0.024226957104165007,1.7503490316564221,-0.00010853112083252654,-35.129087801039262,2538.0060959018119,-0.27132780208131635,7871.5878125000008,6348.0546875,0,-0,-0,-0,0,17063.571
2,4.2149999999999324,843,60.587316081157454,15.011331468324174,0.48696031365054382,0.11727989178521209,14.922092300098303,0.051714623736484354,14.922181912004733,0.025000000000000001,0,0,0.011710790281617246,0.0087163322622173887,1405.2948337940695,1133.1231940882606,-0.024226697473965667,1.7503302731854691,-0.00010852931938673009,-35.128711337250216,2537.9788961189302,-0.27132329846682524,7871.5878125000008,6348.0546875,0,-0,-0,-0,0,17063.571
2,4.2199999999999322,844,60.653122266368072,15.046492523195981,0.48754671175286091,0.11727934914311869,14.922001493011422,0.051715968224444665,14.922091110122754,0.025000000000000001,0,0,0.011710664783704203,0.0087162388462965826,1405.2797740445044,1133.1110500185557,-0.024226437850157215,1.7503115151762669,-0.00010852751798895496,-35.128334882727962,2537.951697005587,-0.27131879497238742,7871.5878125000008,6348.0546875,0,-0,-0,-0,0,17063.571
2,4.2249999999999321,845,60.718907417720047,15.081691953678614,0.48813310714199004,0.11727880651003215,14.921910687870716,0.051717312658117562,14.922000310186931,0.025000000000000001,0,0,0.011710539288880302,0.0087161454326752583,1405.2647146656363,1133.0989062477836,-0.024226178232739426,1.7502927576287983,-0.00010852571663892832,-35.127958437472167,2537.9244985617574,-0.27131429159732079,7871.5878125000008,6348.0546875,0,-0,-0,-0,0,17063.571
2,4.229999999999932,846,60.784671512939369,15.11692974702019,0.48871949981797624,0.11727826388595225,14.921819884676117,0.051718657037505736,14.921909512197201,0.025000000000000001,0,0,0.011710413797145424,0.008716052021353329,1405.2496556574508,1133.0867627759328,-0.024225918621712049,1.7502740005430459,-0.00010852391533667288,-35.127582001482473,2537.8973007874165,-0.27130978834168218,7871.5878125000008,6348.0546875,0,-0,-0,-0,0,17063.571
2,4.2349999999999319,847,60.850414529759853,15.152205890455967,0.48930588978086459,0.11727772127087874,14.921729083427556,0.051720001362611866,14.921818716153494,0.025000000000000001,0,0,0.011710288308499454,0.0087159586123307098,1405.2345970199344,1133.0746196029922,-0.024225659017074856,1.7502552439189922,-0.00010852211408212042,-35.127205574758541,2537.8701036825387,-0.27130528520530106,7871.5878125000008,6348.0546875,0,-0,-0,-0,0,17063.571
2,4.2399999999999318,848,60.916136445923136,15.187520371208349,0.48989227703070004,0.11727717866481138,14.921638284124963,0.051721345633438637,14.921727922055741,0.025000000000000001,0,0,0.011710162822942273,0.0087158652056073156,1405.2195387530728,1133.062476728951,-0.024225399418827592,1.7502364877566199,-0.00010852031287570299,-35.126829157300008,2537.842907247099,-0.27130078218925746,7871.5878125000008,6348.0546875,0,-0,-0,-0,0,17063.571
2,4.2449999999999317,849,60.981837239178695,15.222873176486889,0.49047866156752767,0.11727663606774993,14.92154748676827,0.051722689849988734,14.921637129903871,0.025000000000000001,0,0,0.011710037340473768,0.0087157718011830563,1405.2044808568521,1133.0503341537974,-0.024225139826970027,1.7502177320559118,-0.00010851851171714771,-35.126452749106541,2537.815711481072,-0.27129627929286926,7871.5878125000008,6348.0546875,0,-0,-0,-0,0,17063.571
2,4.2499999999999316,850,61.047516887283848,15.258264293488297,0.49106504339139251,0.11727609347969416,14.92145669135741,0.051724034012264844,14.921546339697816,0.025000000000000001,0,0,0.011709911861093826,0.0087156783990578503,1405.1894233312591,1133.0381918775206,-0.02422488024150193,1.7501989768168509,-0.00010851671060613626,-35.126076350177797,2537.7885163844339,-0.27129177651534064,7871.5878125000008,6348.0546875,0,-0,-0,-0,0,17063.571
2,4.2549999999999315,851,61.113175368003766,15.293693709396441,0.49165142250233962,0.11727555090064382,14.921365897892311,0.051725378120269644,14.921455551437511,0.025000000000000001,0,0,0.011709786384802327,0.0087155849992316091,1405.1743661762791,1133.0260499001092,-0.024224620662423039,1.7501802220394196,-0.00010851490954316887,-35.125699960513408,2537.7613219571585,-0.27128727385792217,7871.5878125000008,6348.0546875,0,-0,-0,-0,0,17063.571
2,4.2599999999999314,852,61.178812659111479,15.329161411382355,0.49223779890041397,0.11727500833059867,14.921275106372908,0.051726722174005826,14.921364765122885,0.025000000000000001,0,0,0.011709660911599159,0.0087154916017042477,1405.1593093918991,1133.0139082215521,-0.024224361089733144,1.7501614677236008,-0.00010851310852779079,-35.125323580113061,2537.7341281992212,-0.27128277131947698,7871.5878125000008,6348.0546875,0,-0,-0,-0,0,17063.571
2,4.2649999999999313,853,61.244428738387874,15.364667386604241,0.49282417258566064,0.11727446576955849,14.921184316799131,0.05172806617347607,14.921273980753869,0.025000000000000001,0,0,0.011709535441484202,0.0087153982064756795,1405.1442529781043,1133.0017668418384,-0.024224101523431987,1.7501427138693773,-0.0001085113075604795,-35.12494720897638,2537.706935110597,-0.27127826890119877,7871.5878125000008,6348.0546875,0,-0,-0,-0,0,17063.571
2,4.2699999999999312,854,61.310023583621721,15.400211622207477,0.49341054355812458,0.11727392321752303,14.921093529170911,0.051729410118683067,14.921183198330395,0.025000000000000001,0,0,0.011709409974457345,0.0087153048135458194,1405.1291969348815,1132.9896257609564,-0.02422384196351933,1.7501239604767316,-0.00010850950664082574,-35.12457084710303,2537.6797426912608,-0.27127376660206437,7871.5878125000008,6348.0546875,0,-0,-0,-0,0,17063.571
2,4.2749999999999311,855,61.375597172609659,15.435794105324621,0.49399691181785088,0.11727338067449204,14.921002743488177,0.051730754009629488,14.921092417852391,0.025000000000000001,0,0,0.01170928451051847,0.0087152114229145806,1405.1141412622164,1132.9774849788955,-0.024223582409994934,1.7501052075456467,-0.00010850770576928425,-35.124194494492656,2537.6525509411877,-0.27126926442321064,7871.5878125000008,6348.0546875,0,-0,-0,-0,0,17063.571
2,4.279999999999931,856,61.441149483156224,15.471414823075413,0.4945832773648845,0.1172728381404653,14.920911959750864,0.051732097846318027,14.921001639319792,0.025000000000000001,0,0,0.011709159049667461,0.0087151180345818764,1405.0990859600954,1132.9653444956439,-0.024223322862858568,1.7500864550761046,-0.00010850590494537755,-35.123818151144924,2537.6253598603516,-0.27126476236344388,7871.5878125000008,6348.0546875,0,-0,-0,-0,0,17063.571
2,4.2849999999999309,857,61.506680493073844,15.507073762566785,0.49516964019927051,0.11727229561544254,14.920821177958901,0.051733441628751368,14.92091086273253,0.025000000000000001,0,0,0.011709033591904203,0.0087150246485476219,1405.0840310285043,1132.9532043111908,-0.024223063322109981,1.7500677030680887,-0.00010850410416942396,-35.123441817059472,2537.5981694487286,-0.27126026042355988,7871.5878125000008,6348.0546875,0,-0,-0,-0,0,17063.571
2,4.2899999999999308,858,61.572190180182844,15.542770910892859,0.49575600032105394,0.11727175309942355,14.920730398112219,0.051734785356932191,14.920820088090533,0.025000000000000001,0,0,0.011708908137228583,0.0087149312648117285,1405.06897646743,1132.9410644255247,-0.024222803787748947,1.7500489515215818,-0.00010850230344094598,-35.123065492235973,2537.5709797062937,-0.27125575860236495,7871.5878125000008,6348.0546875,0,-0,-0,-0,0,17063.571
2,4.2949999999999307,859,61.637678522311468,15.578506255134959,0.49634235773027974,0.11727121059240808,14.920639620210752,0.051736129030863179,14.920729315393734,0.025000000000000001,0,0,0.011708782685640483,0.008714837883374113,1405.053922276858,1132.9289248386347,-0.024222544259775217,1.750030200436566,-0.0001085005027603529,-35.122689176674065,2537.5437906330208,-0.27125125690088225,7871.5878125000008,6348.0546875,0,-0,-0,-0,0,17063.571
2,4.2999999999999305,860,61.703145497295864,15.614279782361614,0.49692871242699299,0.1172706680943959,14.920548844254428,0.051737472650547019,14.920638544642063,0.025000000000000001,0,0,0.011708657237139784,0.0087147445042346887,1405.038868456774,1132.9167855505095,-0.024222284738188552,1.7500114498130248,-0.00010849870212791756,-35.122312870373399,2537.5166022288859,-0.27124675531979392,7871.5878125000008,6348.0546875,0,-0,-0,-0,0,17063.571
2,4.3049999999999304,861,61.768591082980116,15.650091479628557,0.49751506441123872,0.11727012560538676,14.92045807024318,0.051738816215986388,14.920547775835454,0.025000000000000001,0,0,0.011708531791726375,0.0087146511273933688,1405.023815007165,1132.904646561138,-0.024222025222988719,1.7499926996509401,-0.00010849690154302606,-35.121936573333642,2537.489414493863,-0.27124225385756517,7871.5878125000008,6348.0546875,0,-0,-0,-0,0,17063.571
2,4.3099999999999303,862,61.834015257216237,15.685941333978738,0.49810141368306188,0.11726958312538042,14.92036729817694,0.051740159727183974,14.920457008973834,0.025000000000000001,0,0,0.011708406349400142,0.00871455775285007,1405.0087619280171,1132.892507870509,-0.024221765714175478,1.7499739499502953,-0.00010849510100588304,-35.121560285554445,2537.4622274279282,-0.27123775251470761,7871.5878125000008,6348.0546875,0,-0,-0,-0,0,17063.571
2,4.3149999999999302,863,61.89941799786417,15.721829332442326,0.49868776024250749,0.11726904065437666,14.920276528055636,0.051741503184142452,14.920366244057139,0.025000000000000001,0,0,0.011708280910160962,0.0087144643806047039,1404.9937092193154,1132.8803694786116,-0.024221506211748577,1.749955200711073,-0.00010849330051705692,-35.121184007035438,2537.4350410310558,-0.27123325129264231,7871.5878125000008,6348.0546875,0,-0,-0,-0,0,17063.571
2,4.3199999999999301,864,61.964799282791816,15.757755462036711,0.49927410408962064,0.11726849819237521,14.920185759879203,0.05174284658686451,14.920275481085296,0.025000000000000001,0,0,0.011708155474008728,0.0087143710106571837,1404.9786568810473,1132.8682313854338,-0.0242212467157078,1.7499364519332554,-0.00010849150007566095,-35.12080773777631,2537.4078553032205,-0.27122875018915238,7871.5878125000008,6348.0546875,0,-0,-0,-0,0,17063.571
2,4.32499999999993,865,62.030159089875021,15.793719709766512,0.49986044522444628,0.11726795573937586,14.92009499364757,0.051744189935352833,14.92018472005824,0.025000000000000001,0,0,0.011708030040943318,0.0087142776430074263,1404.9636049131982,1132.8560935909654,-0.024220987226052891,1.7499177036168263,-0.0001084896996822863,-35.120431477776691,2537.3806702443981,-0.27122424920571575,7871.5878125000008,6348.0546875,0,-0,-0,-0,0,17063.571
2,4.3299999999999299,866,62.095497396997594,15.829722062623583,0.50044678364702944,0.11726741329537835,14.92000422936067,0.051745533229610098,14.920093960975899,0.025000000000000001,0,0,0.011707904610964619,0.008714184277655343,1404.9485533157542,1132.8439560951947,-0.024220727742783613,1.7498989557617675,-0.00010848789933670559,-35.120055227036239,2537.3534858545627,-0.27121974834176399,7871.5878125000008,6348.0546875,0,-0,-0,-0,0,17063.571
2,4.3349999999999298,867,62.160814182051311,15.865762507587014,0.50103311935741512,0.11726687086038244,14.919913467018434,0.051746876469638992,14.920003203838208,0.025000000000000001,0,0,0.011707779184072519,0.0087140909146008437,1404.9335020887022,1132.8318188981098,-0.024220468265899735,1.7498802083680614,-0.00010848609903844135,-35.119678985554614,2537.3263021336888,-0.27121524759610338,7871.5878125000008,6348.0546875,0,-0,-0,-0,0,17063.571
2,4.3399999999999297,868,62.22610942293592,15.901841031623141,0.50161945235564831,0.1172663284343879,14.919822706620792,0.051748219655442192,14.919912448645096,0.025000000000000001,0,0,0.011707653760266896,0.0087139975538438521,1404.9184512320276,1132.8196819997008,-0.024220208795401009,1.749861461435692,-0.00010848429878826664,-35.119302753331461,2537.2991190817534,-0.27121074697066661,7871.5878125000008,6348.0546875,0,-0,-0,-0,0,17063.571
2,4.3449999999999296,869,62.291383097559162,15.937957621685543,0.50220578264177407,0.1172657860173945,14.919731948167676,0.051749562787022384,14.919821695396493,0.025000000000000001,0,0,0.011707528339547638,0.0087139041953842762,1404.9034007457167,1132.8075453999559,-0.024219949331287204,1.7498427149646409,-0.00010848249858586314,-35.118926530366444,2537.2719366987294,-0.27120624646465785,7871.5878125000008,6348.0546875,0,-0,-0,-0,0,17063.571
2,4.3499999999999295,870,62.356635183836765,15.974112264715057,0.50279211021583736,0.11726524360940199,14.919641191659018,0.051750905864382246,14.919730944092333,0.025000000000000001,0,0,0.01170740292191463,0.0087138108392220311,1404.8883506297557,1132.795409098864,-0.024219689873558072,1.7498239689548916,-0.00010848069843120811,-35.118550316659203,2537.2447549845929,-0.27120174607802028,7871.5878125000008,6348.0546875,0,-0,-0,-0,0,17063.571
2,4.3549999999999294,871,62.421865659692443,16.010304947639774,0.50337843507788316,0.11726470121041013,14.919550437094749,0.051752248887524457,14.919640194732548,0.025000000000000001,0,0,0.011707277507367754,0.0087137174853570316,1404.8733008841305,1132.7832730964142,-0.024219430422213375,1.7498052234064267,-0.00010847889832464262,-35.118174112209395,2537.2175739393188,-0.27119724581160654,7871.5878125000008,6348.0546875,0,-0,-0,-0,0,17063.571
2,4.3599999999999293,872,62.487074503057933,16.046535657375053,0.50396475722795653,0.1172641588204187,14.9194596844748,0.051753591856451703,14.919549447317065,0.025000000000000001,0,0,0.011707152095906897,0.0087136241337891929,1404.8582515088276,1132.7711373925952,-0.024219170977252884,1.7497864783192287,-0.00010847709826589381,-35.117797917016681,2537.1903935628816,-0.2711927456647345,7871.5878125000008,6348.0546875,0,-0,-0,-0,0,17063.571
2,4.3649999999999292,873,62.552261691872964,16.082804380823514,0.50455107666610244,0.11726361643942743,14.919368933799102,0.051754934771166668,14.919458701845819,0.025000000000000001,0,0,0.011707026687531942,0.008713530784518423,1404.843202503833,1132.7590019873951,-0.024218911538676346,1.74976773369328,-0.00010847529825459788,-35.117421731080704,2537.1632138552559,-0.27118824563649468,7871.5878125000008,6348.0546875,0,-0,-0,-0,0,17063.571
2,4.3699999999999291,874,62.617427204085296,16.119111104875056,0.50513739339236585,0.11726307406743609,14.919278185067588,0.051756277631672024,14.919367958318741,0.025000000000000001,0,0,0.011706901282242775,0.0087134374375446421,1404.8281538691331,1132.7468668808035,-0.024218652106483544,1.7497489895285641,-0.00010847349829105042,-35.117045554401138,2537.136034816418,-0.27118374572762605,7871.5878125000008,6348.0546875,0,-0,-0,-0,0,17063.571
2,4.3749999999999289,875,62.682571017650716,16.15545581640685,0.50572370740679184,0.11726253170444446,14.919187438280188,0.051757620437970456,14.919277216735761,0.025000000000000001,0,0,0.011706775880039278,0.0087133440928677617,1404.8131056047134,1132.734732072809,-0.02421839268067421,1.7497302458250632,-0.0001084716983754106,-35.116669386977605,2537.1088564463416,-0.27117924593852649,7871.5878125000008,6348.0546875,0,-0,-0,-0,0,17063.571
2,4.3799999999999288,876,62.747693110533042,16.191838502283353,0.50631001870942538,0.11726198935045229,14.919096693436835,0.051758963190064643,14.919186477096813,0.025000000000000001,0,0,0.011706650480921338,0.0087132507504876968,1404.7980577105607,1132.7225975634005,-0.02421813326124813,1.7497115025827601,-0.00010846989850756472,-35.116293228809788,2537.0816787450021,-0.2711747462689118,7871.5878125000008,6348.0546875,0,-0,-0,-0,0,17063.571
2,4.3849999999999287,877,62.812793460704128,16.228259149356308,0.50689632730031142,0.11726144700545933,14.919005950537457,0.05176030588795727,14.919095739401824,0.025000000000000001,0,0,0.011706525084888838,0.0087131574104043624,1404.7830101866605,1132.7104633525671,-0.024217873848205049,1.7496927598016379,-0.00010846809868776291,-35.115917079897322,2537.054501712375,-0.27117024671940726,7871.5878125000008,6348.0546875,0,-0,-0,-0,0,17063.571
2,4.3899999999999286,878,62.877872046143885,16.264717744464754,0.50748263317949494,0.11726090466946536,14.918915209581987,0.051761648531651008,14.919005003650728,0.025000000000000001,0,0,0.011706399691941663,0.0087130640726176701,1404.7679630329997,1132.6983294402971,-0.024217614441544737,1.7496740174816792,-0.00010846629891559588,-35.115540940239867,2537.0273253484347,-0.27116574728898968,7871.5878125000008,6348.0546875,0,-0,-0,-0,0,17063.571
2,4.3949999999999285,879,62.942928844840281,16.301214274435026,0.50806893634702099,0.11726036234247013,14.918824470570359,0.051762991121148544,14.918914269843459,0.025000000000000001,0,0,0.011706274302079697,0.0087129707371275348,1404.7529162495637,1132.6861958265795,-0.024217355041266948,1.749655275622866,-0.00010846449919113184,-35.115164809837076,2537.0001496531559,-0.27116124797782959,7871.5878125000008,6348.0546875,0,-0,-0,-0,0,17063.571
2,4.3999999999999284,880,63.007963834789336,16.337748726080758,0.50865523680293456,0.1172598200244734,14.918733733502501,0.051764333656452555,14.918823537979943,0.025000000000000001,0,0,0.011706148915302828,0.0087128774039338698,1404.7378698363393,1132.674062511403,-0.024217095647371456,1.7496365342251823,-0.00010846269951425711,-35.114788688688613,2536.9729746265143,-0.27115674878564278,7871.5878125000008,6348.0546875,0,-0,-0,-0,0,17063.571
2,4.4049999999999283,881,63.072976993995148,16.374321086202894,0.50924153454728072,0.11725927771547494,14.918642998378346,0.051765676137565719,14.918732808060113,0.025000000000000001,0,0,0.011706023531610935,0.0087127840730365919,1404.7228237933123,1132.661929494757,-0.024216836259858012,1.7496177932886103,-0.00010846089988549465,-35.114412576794116,2536.9458002684851,-0.27115224971373664,7871.5878125000008,6348.0546875,0,-0,-0,-0,0,17063.571
2,4.4099999999999282,882,63.137968300469886,16.410931341589691,0.50982782958010431,0.1172587354154745,14.918552265197823,0.051767018564490723,14.918642080083902,0.025000000000000001,0,0,0.011705898151003905,0.0087126907444356142,1404.7077781204687,1132.64979677663,-0.02421657687872637,1.7495990528131327,-0.00010845910030459436,-35.114036474153238,2536.9186265790422,-0.2711477507614859,7871.5878125000008,6348.0546875,0,-0,-0,-0,0,17063.571
2,4.4149999999999281,883,63.202937732233806,16.447579479016724,0.51041412190145041,0.11725819312447185,14.918461533960865,0.051768360937230244,14.918551354051241,0.025000000000000001,0,0,0.011705772773481622,0.0087125974181308484,1404.6927328177946,1132.6376643570102,-0.024216317503976306,1.7495803127987315,-0.00010845730077119243,-35.113660380765644,2536.8914535581607,-0.27114325192798105,7871.5878125000008,6348.0546875,0,-0,-0,-0,0,17063.571
2,4.419999999999928,884,63.267885267315265,16.48426548524689,0.51100041151136399,0.11725765084246674,14.918370804667404,0.051769703255786954,14.918460629962059,0.025000000000000001,0,0,0.011705647399043971,0.0087125040941222094,1404.6776878852766,1132.6255322358872,-0.024216058135607572,1.7495615732453904,-0.00010845550128567538,-35.113284296630979,2536.864281205816,-0.27113875321418845,7871.5878125000008,6348.0546875,0,-0,-0,-0,0,17063.571
2,4.4249999999999279,885,63.33281088375071,16.520989347030412,0.51158669840989002,0.11725710856945894,14.918280077317371,0.051771045520163539,14.91836990781629,0.025000000000000001,0,0,0.011705522027690839,0.008712410772409614,1404.6626433229007,1132.6134004132498,-0.024215798773619932,1.7495428341530921,-0.00010845370184795229,-35.112908221748903,2536.8371095219836,-0.27113425461988072,7871.5878125000008,6348.0546875,0,-0,-0,-0,0,17063.571
2,4.4299999999999278,886,63.397714559584699,16.557751051104848,0.51217298259707356,0.1172565663054482,14.918189351910698,0.051772387730362676,14.918279187613866,0.025000000000000001,0,0,0.011705396659422109,0.0087123174529929702,1404.6475991306531,1132.6012688890862,-0.024215539418013153,1.749524095521819,-0.00010845190245779577,-35.112532156119073,2536.8099385066375,-0.27112975614448942,7871.5878125000008,6348.0546875,0,-0,-0,-0,0,17063.571
2,4.4349999999999277,887,63.462596272869895,16.59455058419509,0.51275926407295946,0.1172560240504343,14.918098628447314,0.051773729886387045,14.918188469354716,0.025000000000000001,0,0,0.011705271294237663,0.0087122241358722,1404.6325553085196,1132.5891376633861,-0.024215280068786989,1.7495053573515542,-0.0001084501031156833,-35.112156099741135,2536.7827681597537,-0.27112525778920826,7871.5878125000008,6348.0546875,0,-0,-0,-0,0,17063.571
2,4.4399999999999276,888,63.527456001667097,16.631387933013375,0.51334554283759282,0.11725548180441699,14.918007906927153,0.051775071988239323,14.918097753038772,0.025000000000000001,0,0,0.011705145932137388,0.0087121308210472113,1404.6175118564865,1132.5770067361375,-0.0242150207259412,1.7494866196422798,-0.0001084483038211829,-35.111780052614741,2536.7555984813057,-0.27112075955295722,7871.5878125000008,6348.0546875,0,-0,-0,-0,0,17063.571
2,4.4449999999999275,889,63.59229372404522,16.668263084259287,0.51393181889101858,0.11725493956739604,14.917917187350145,0.051776414035922182,14.918007038665966,0.025000000000000001,0,0,0.011705020573121169,0.0087120375085179246,1404.6024687745403,1132.5648761073303,-0.02421476138947555,1.74946788239398,-0.00010844650457463558,-35.111404014739549,2536.7284294712708,-0.27111626143658896,7871.5878125000008,6348.0546875,0,-0,-0,-0,0,17063.571
2,4.4499999999999273,890,63.657109418081312,16.70517602461976,0.51451809223328171,0.11725439733937119,14.917826469716223,0.051777756029438307,14.917916326236229,0.025000000000000001,0,0,0.01170489521718889,0.0087119441982842476,1404.5874260626667,1132.5527457769522,-0.024214502059389804,1.7494491456066354,-0.00010844470537565485,-35.111027986115218,2536.7012611296213,-0.27111176343913712,7871.5878125000008,6348.0546875,0,-0,-0,-0,0,17063.571
2,4.4549999999999272,891,63.721903061860573,16.742126740769091,0.51510436286442729,0.11725385512034223,14.917735754025317,0.051779097968790377,14.917825615749495,0.025000000000000001,0,0,0.011704769864340433,0.0087118508903460973,1404.572383720852,1132.5406157449927,-0.024214242735683716,1.7494304092802306,-0.00010844290622460449,-35.110651966741386,2536.6740934563345,-0.27110726556151121,7871.5878125000008,6348.0546875,0,-0,-0,-0,0,17063.571
2,4.4599999999999271,892,63.786674633476352,16.779115219368933,0.51569063078450017,0.1172533129103089,14.917645040277359,0.051780439853981071,14.91773490720569,0.025000000000000001,0,0,0.011704644514575688,0.0087117575847033852,1404.5573417490825,1132.52848601144,-0.024213983418357052,1.7494116734147471,-0.00010844110712107522,-35.110275956617727,2536.6469264513835,-0.27110276780268805,7871.5878125000008,6348.0546875,0,-0,-0,-0,0,17063.571
2,4.464999999999927,893,63.851424111030155,16.816141447068311,0.51627689599354543,0.11725277070927097,14.91755432847228,0.051781781685013059,14.91764420060475,0.025000000000000001,0,0,0.011704519167894535,0.0087116642813560279,1404.5423001473441,1132.5163565762837,-0.024213724107409577,1.7493929380101687,-0.00010843930806540811,-35.109899955743884,2536.6197601147446,-0.27109827016352028,7871.5878125000008,6348.0546875,0,-0,-0,-0,0,17063.571
2,4.4699999999999269,894,63.916151472631647,16.853205410503623,0.51686315849160791,0.11725222851722819,14.917463618610011,0.05178312346188902,14.917553495946605,0.025000000000000001,0,0,0.01170439382429686,0.0087115709803039405,1404.5272589156232,1132.5042274395123,-0.024213464802841041,1.7493742030664776,-0.00010843750905767137,-35.109523964119511,2536.5925944463925,-0.27109377264417844,7871.5878125000008,6348.0546875,0,-0,-0,-0,0,17063.571
2,4.4749999999999268,895,63.980856696398675,16.890307096298645,0.5174494182787327,0.11725168633418034,14.917372910690483,0.05178446518461164,14.917462793231184,0.025000000000000001,0,0,0.011704268483782549,0.0087114776815470363,1404.5122180539058,1132.4920986011148,-0.024213205504651218,1.7493554685836565,-0.00010843571009754668,-35.109147981744265,2536.565429446302,-0.27108927524386672,7871.5878125000008,6348.0546875,0,-0,-0,-0,0,17063.571
2,4.4799999999999267,896,64.045539760457245,16.927446491064529,0.51803567535496475,0.11725114416012718,14.917282204713629,0.05178580685318359,14.917372092458422,0.025000000000000001,0,0,0.011704143146351485,0.0087113843850852267,1404.4971775621782,1132.4799700610795,-0.024212946212839856,1.7493367345616884,-0.00010843391118501131,-35.108772008617791,2536.5382651144482,-0.27108477796252828,7871.5878125000008,6348.0546875,0,-0,-0,-0,0,17063.571
2,4.4849999999999266,897,64.110200642941578,16.964623581399824,0.51862192972034904,0.11725060199506845,14.91719150067938,0.051787148467607541,14.917281393628249,0.025000000000000001,0,0,0.011704017812003552,0.008711291090918432,1404.4821374404262,1132.4678418193962,-0.024212686927406728,1.7493180010005556,-0.00010843211232083832,-35.108396044739756,2536.5111014508057,-0.27108028080209579,7871.5878125000008,6348.0546875,0,-0,-0,-0,0,17063.571
2,4.4899999999999265,898,64.174839321994057,17.001838353890463,0.51920818137493052,0.11725005983900393,14.917100798587667,0.051788490027886179,14.917190696740596,0.025000000000000001,0,0,0.011703892480738639,0.0087111977990465585,1404.4670976886366,1132.4557138760526,-0.024212427648351593,1.7492992679002419,-0.00010843031350377714,-35.108020090109811,2536.4839384553507,-0.27107578375944286,7871.5878125000008,6348.0546875,0,-0,-0,-0,0,17063.571
2,4.4949999999999264,899,64.239455775765293,17.039090795109786,0.51979443031875416,0.11724951769193337,14.917010098438421,0.051789831534022175,14.917100001795395,0.025000000000000001,0,0,0.011703767152556624,0.0087111045094695281,1404.4520583067949,1132.4435862310386,-0.024212168375674206,1.7492805352607288,-0.00010842851473494193,-35.107644144727601,2536.4567761280568,-0.27107128683735482,7871.5878125000008,6348.0546875,0,-0,-0,-0,0,17063.571
2,4.4999999999999263,900,64.304049982414099,17.076380891618527,0.52038067655186493,0.11724897555385654,14.916919400231574,0.051791172986018208,14.917009308792577,0.025000000000000001,0,0,0.011703641827457397,0.0087110112221872472,1404.4370192948877,1132.4314588843422,-0.02421190910937434,1.7492618030819997,-0.0001084267160135596,-35.107268208592792,2536.4296144688997,-0.271066790033899,7871.5878125000008,6348.0546875,0,-0,-0,-0,0,17063.571
2,4.5049999999999262,901,64.368621920107486,17.113708629964833,0.52096692007430778,0.11724843342477319,14.916828703967058,0.051792514383876956,14.916918617732073,0.025000000000000001,0,0,0.011703516505440839,0.0087109179371996342,1404.4219806529006,1132.4193318359523,-0.02421164984945174,1.749243071364037,-0.00010842491733988026,-35.106892281705022,2536.4024534778537,-0.27106229334970067,7871.5878125000008,6348.0546875,0,-0,-0,-0,0,17063.571
2,4.5099999999999261,902,64.433171567020693,17.151073996684264,0.52155316088612769,0.11724789130468309,14.916738009644803,0.051793855727601097,14.916827928613817,0.025000000000000001,0,0,0.011703391186506838,0.0087108246545066041,1404.4069423808205,1132.4072050858585,-0.024211390595906181,1.7492243401068239,-0.00010842311871424499,-35.106516364063964,2536.3752931548947,-0.27105779678561248,7871.5878125000008,6348.0546875,0,-0,-0,-0,0,17063.571
2,4.514999999999926,903,64.497698901337202,17.1884769782998,0.52213939898736961,0.117247349193586,14.916647317264742,0.051795197017193303,14.916737241437735,0.025000000000000001,0,0,0.011703265870655276,0.0087107313741080685,1404.3919044786333,1132.395078634049,-0.024211131348737421,1.7492056093103434,-0.00010842132013613082,-35.106140455669262,2536.3481334999979,-0.27105330034032704,7871.5878125000008,6348.0546875,0,-0,-0,-0,0,17063.571
2,4.5199999999999259,904,64.562203901248722,17.225917561321836,0.52272563437807851,0.11724680709148168,14.916556626826805,0.051796538252656253,14.916646556203766,0.025000000000000001,0,0,0.01170314055788604,0.0087106380960039424,1404.3768669463248,1132.3829524805126,-0.024210872107945217,1.7491868789745773,-0.00010841952160567416,-35.105764556520562,2536.3209745131371,-0.27104880401418541,7871.5878125000008,6348.0546875,0,-0,-0,-0,0,17063.571
2,4.5249999999999257,905,64.62668654495522,17.263395732248203,0.52331186705829935,0.11724626499836989,14.916465938330925,0.051797879433992618,14.916555872911834,0.025000000000000001,0,0,0.011703015248199012,0.0087105448201941424,1404.3618297838814,1132.3708266252386,-0.024210612873529332,1.749168149099509,-0.00010841772312326156,-35.105388666617529,2536.293816194288,-0.27104430780815392,7871.5878125000008,6348.0546875,0,-0,-0,-0,0,17063.571
2,4.5299999999999256,906,64.69114681066489,17.300911477564163,0.5238980970280771,0.11724572291425039,14.916375251777032,0.051799220561205075,14.916465191561876,0.025000000000000001,0,0,0.01170288994159408,0.0087104515466785801,1404.3467929912895,1132.3587010682154,-0.024210353645489534,1.7491494196851212,-0.00010841592468832459,-35.105012785959822,2536.2666585434258,-0.27103981172081149,7871.5878125000008,6348.0546875,0,-0,-0,-0,0,17063.571
2,4.5349999999999255,907,64.755584676594182,17.338464783742417,0.52448432428745684,0.11724518083912296,14.916284567165057,0.051800561634296305,14.916374512153819,0.025000000000000001,0,0,0.011702764638071125,0.0087103582754571689,1404.331756568535,1132.3465758094319,-0.024210094423825577,1.7491306907313968,-0.00010841412630109062,-35.104636914547086,2536.2395015605252,-0.27103531575272655,7871.5878125000008,6348.0546875,0,-0,-0,-0,0,17063.571
2,4.5399999999999254,908,64.820000120967848,17.376055637243105,0.52507054883648341,0.11724463877298734,14.916193884494934,0.051801902653268977,14.916283834687599,0.025000000000000001,0,0,0.011702639337630034,0.0087102650065298253,1404.3167205156042,1132.3344508488774,-0.024209835208537228,1.7491119622383184,-0.00010841232796174154,-35.10426105237898,2536.2123452455617,-0.27103081990435385,7871.5878125000008,6348.0546875,0,-0,-0,-0,0,17063.571
2,4.5449999999999253,909,64.884393122018878,17.413684024513824,0.52565677067520178,0.11724409671584329,14.916103203766593,0.051803243618125765,14.916193159163143,0.025000000000000001,0,0,0.011702514040270692,0.008710171739896461,1404.301684832483,1132.3223261865398,-0.024209575999624245,1.7490932342058685,-0.00010841052966998177,-35.103885199455156,2536.1851895985092,-0.27102632417495442,7871.5878125000008,6348.0546875,0,-0,-0,-0,0,17063.571
2,4.5499999999999252,910,64.948763657988565,17.451349931989618,0.52624298980365691,0.11724355466769058,14.916012524979964,0.051804584528869352,14.916102485580387,0.025000000000000001,0,0,0.01170238874599298,0.0087100784755569927,1404.2866495191577,1132.310201822409,-0.024209316797086385,1.7490745066340305,-0.0001084087314261751,-35.103509355775259,2536.1580346193441,-0.27102182856543777,7871.5878125000008,6348.0546875,0,-0,-0,-0,0,17063.571
2,4.5549999999999251,911,65.013111707126455,17.489053346092991,0.52682920622189366,0.11724301262852897,14.91592184813498,0.051805925385502404,14.916011813939257,0.025000000000000001,0,0,0.01170226345479679,0.0087099852135113336,1404.2716145756149,1132.2980777564733,-0.024209057600923425,1.7490557795227866,-0.00010840693322982133,-35.103133521338968,2536.1308803080406,-0.27101733307455333,7871.5878125000008,6348.0546875,0,-0,-0,-0,0,17063.571
2,4.559999999999925,912,65.077437247690426,17.526794253233913,0.52741541992995711,0.11724247059835823,14.915831173231574,0.051807266188027598,14.91592114423969,0.025000000000000001,0,0,0.011702138166682001,0.008709891953759397,1404.2565800018401,1132.2859539887215,-0.024208798411135109,1.7490370528721197,-0.00010840513508139793,-35.102757696145908,2536.1037266645735,-0.27101283770349482,7871.5878125000008,6348.0546875,0,-0,-0,-0,0,17063.571
2,4.5649999999999249,913,65.141740257946651,17.564572639809821,0.52800163092789221,0.11724192857717811,14.915740500269674,0.051808606936447614,14.915830476481613,0.025000000000000001,0,0,0.011702012881648497,0.0087097986963010979,1404.2415457978195,1132.2738305191426,-0.024208539227721201,1.7490183266820123,-0.00010840333698070026,-35.102381880195743,2536.076573688918,-0.27100834245175065,7871.5878125000008,6348.0546875,0,-0,-0,-0,0,17063.571
2,4.5699999999999248,914,65.20602071616959,17.602388492205627,0.52858783921574393,0.11724138656498836,14.915649829249215,0.051809947630765116,14.915739810664963,0.025000000000000001,0,0,0.011701887599696167,0.0087097054411363513,1404.2265119635401,1132.2617073477256,-0.024208280050681482,1.7489996009524484,-0.00010840153892761463,-35.102006073488148,2536.0494213810503,-0.27100384731903659,7871.5878125000008,6348.0546875,0,-0,-0,-0,0,17063.571
2,4.5749999999999247,915,65.27027860064203,17.640241796793724,0.52917404479355712,0.11724084456178878,14.915559160170126,0.051811288270982789,14.915649146789665,0.025000000000000001,0,0,0.011701762320824892,0.0087096121882650705,1404.2114784989869,1132.2495844744592,-0.024208020880015682,1.7489808756834093,-0.0001083997409225276,-35.101630276022739,2536.0222697409436,-0.270999352306319,7871.5878125000008,6348.0546875,0,-0,-0,-0,0,17063.571
2,4.5799999999999246,916,65.334513889655085,17.678132539933983,0.52976024766137675,0.1172403025675791,14.915468493032339,0.051812628857103298,14.915558484855653,0.025000000000000001,0,0,0.011701637045034559,0.0087095189376871704,1404.196445404147,1132.2374618993322,-0.024207761715723589,1.7489621508748787,-0.00010839794296498439,-35.101254487799203,2535.9951187685742,-0.27099485741246099,7871.5878125000008,6348.0546875,0,-0,-0,-0,0,17063.571
2,4.5849999999999245,917,65.398726561508212,17.716060707973774,0.53034644781924789,0.11723976058235909,14.915377827835787,0.05181396938912932,14.915467824862862,0.025000000000000001,0,0,0.011701511772325052,0.0087094256894025644,1404.1814126790064,1132.2253396223334,-0.024207502557804954,1.7489434265268391,-0.00010839614505505324,-35.100878708817184,2535.9679684639168,-0.2709903626376331,7871.5878125000008,6348.0546875,0,-0,-0,-0,0,17063.571
2,4.5899999999999244,918,65.462916594509167,17.754026287247953,0.5309326452672154,0.1172392186061285,14.915287164580398,0.051815309867063529,14.915377166811219,0.025000000000000001,0,0,0.011701386502696254,0.0087093324434111656,1404.1663803235504,1132.2132176434516,-0.024207243406259533,1.7489247026392727,-0.00010839434719309793,-35.100502939076321,2535.9408188269454,-0.27098586798274482,7871.5878125000008,6348.0546875,0,-0,-0,-0,0,17063.571
2,4.5949999999999243,919,65.527083966974089,17.792029264078881,0.53151884000532423,0.11723867663888711,14.915196503266108,0.051816650290908602,14.915286510700653,0.025000000000000001,0,0,0.011701261236148053,0.0087092391997128926,1404.1513483377664,1132.2010959626759,-0.024206984261087101,1.7489059792121633,-0.00010839254937873193,-35.100127178576294,2535.9136698576367,-0.27098137344682982,7871.5878125000008,6348.0546875,0,-0,-0,-0,0,17063.571
2,4.5999999999999241,920,65.591228657227447,17.830069624776424,0.53210503203361925,0.11723813468063467,14.915105843892844,0.051817990660667203,14.915195856531103,0.025000000000000001,0,0,0.011701135972680334,0.0087091459583076535,1404.13631672164,1132.1889745799949,-0.024206725122287411,1.7488872562454927,-0.00010839075161206893,-35.099751427316747,2535.8865215559645,-0.27097687903017231,7871.5878125000008,6348.0546875,0,-0,-0,-0,0,17063.571
2,4.604999999999924,921,65.655350643602063,17.868147355637955,0.53269122135214553,0.11723759273137094,14.915015186460542,0.051819330976342011,14.915105204302497,0.025000000000000001,0,0,0.011701010712292978,0.0087090527191953666,1404.1212854751573,1132.1768534953976,-0.024206465989860225,1.7488685337392442,-0.00010838895389317713,-35.099375685297325,2535.8593739219041,-0.27097238473294283,7871.5878125000008,6348.0546875,0,-0,-0,-0,0,17063.571
2,4.6099999999999239,922,65.719449904439145,17.906262442948364,0.53327740796094791,0.11723705079109568,14.914924530969129,0.051820671237935698,14.915014554014764,0.025000000000000001,0,0,0.011700885454985873,0.0087089594823759452,1404.1062545983048,1132.1647327088729,-0.024206206863805306,1.748849811693401,-0.00010838715622187465,-35.098999952517694,2535.8322269554315,-0.27096789055468662,7871.5878125000008,6348.0546875,0,-0,-0,-0,0,17063.571
2,4.6149999999999238,923,65.783526418088272,17.944414872980058,0.53386359186007137,0.11723650885980867,14.914833877418539,0.051822011445450941,14.914923905667839,0.025000000000000001,0,0,0.011700760200758902,0.0087088662478493045,1404.0912240910682,1132.1526122204095,-0.024205947744122418,1.7488310901079454,-0.00010838535859850254,-35.098624228977506,2535.8050806565207,-0.27096339649625634,7871.5878125000008,6348.0546875,0,-0,-0,-0,0,17063.571
2,4.6199999999999237,924,65.847580162907391,17.982604631992977,0.53444977304956087,0.11723596693750965,14.914743225808705,0.051823351598890406,14.914833259261654,0.025000000000000001,0,0,0.01170063494961195,0.0087087730156153557,1404.0761939534339,1132.1404920299963,-0.024205688630811316,1.7488123689828594,-0.00010838356102269699,-35.098248514676406,2535.7779350251462,-0.27095890255674249,7871.5878125000008,6348.0546875,0,-0,-0,-0,0,17063.571
2,4.6249999999999236,925,65.911611117262837,18.020831706234585,0.53503595152946137,0.1172354250241984,14.914652576139556,0.051824691698256771,14.914742614796138,0.025000000000000001,0,0,0.011700509701544903,0.0087086797856740158,1404.0611641853884,1132.1283721376221,-0.024205429523871769,1.7487936483181272,-0.00010838176349452625,-35.097872809614067,2535.7507900612845,-0.2709544087363156,7871.5878125000008,6348.0546875,0,-0,-0,-0,0,17063.571
2,4.6299999999999235,926,65.975619259529353,18.059096081939881,0.53562212729981784,0.11723488311987466,14.914561928411024,0.051826031743552707,14.914651972271221,0.025000000000000001,0,0,0.011700384456557644,0.008708586558025198,1404.0461347869173,1132.1162525432758,-0.024205170423303536,1.7487749281137308,-0.00010837996601417217,-35.097497113790126,2535.7236457649096,-0.27094991503543042,7871.5878125000008,6348.0546875,0,-0,-0,-0,0,17063.571
2,4.6349999999999234,927,66.039604568090056,18.09739774533141,0.53620830036067513,0.11723434122453821,14.91447128262304,0.051827371734780886,14.914561331686839,0.025000000000000001,0,0,0.011700259214650059,0.008708493332668819,1404.031105758007,1132.1041332469465,-0.024204911329106373,1.7487562083696531,-0.00010837816858158931,-35.097121427204243,2535.696502135997,-0.27094542145397327,7871.5878125000008,6348.0546875,0,-0,-0,-0,0,17063.571
2,4.6399999999999233,928,66.103567021336502,18.135736682619264,0.5367944707120782,0.11723379933818881,14.914380638775537,0.051828711671943972,14.914470693042921,0.025000000000000001,0,0,0.011700133975822034,0.0087084001096047903,1404.016077098644,1132.0920142486227,-0.024204652241280052,1.7487374890858769,-0.00010837637119664124,-35.096745749856076,2535.6693591745216,-0.27094092799160308,7871.5878125000008,6348.0546875,0,-0,-0,-0,0,17063.571
2,4.6449999999999232,929,66.167506597668648,18.174112880001079,0.53738063835407202,0.1172332574608262,14.914289996868446,0.051830051555044644,14.914380056339397,0.025000000000000001,0,0,0.011700008740073453,0.0087083068888330253,1404.0010488088144,1132.0798955482933,-0.024204393159824335,1.748718770262385,-0.00010837457385921425,-35.096370081745285,2535.6422168804584,-0.27093643464803563,7871.5878125000008,6348.0546875,0,-0,-0,-0,0,17063.571
2,4.6499999999999231,930,66.23142327549489,18.212526323662058,0.53796680328670143,0.11723271559245016,14.914199356901698,0.051831391384085573,14.914289421576203,0.025000000000000001,0,0,0.011699883507404198,0.0087082136703534405,1403.9860208885038,1132.0677771459473,-0.024204134084738968,1.7487000518991602,-0.00010837277656978585,-35.095994422871506,2535.6150752537824,-0.27093194142446464,7871.5878125000008,6348.0546875,0,-0,-0,-0,0,17063.571
2,4.654999999999923,931,66.295317033232024,18.250976999774952,0.53855296551001142,0.11723217373306045,14.914108718875225,0.051832731159069438,14.914198788753266,0.025000000000000001,0,0,0.011699758277814158,0.0087081204541659494,1403.9709933376989,1132.0556590415733,-0.024203875016023734,1.7486813339961853,-0.00010837097932783308,-35.095618773234413,2535.5879342944686,-0.27092744831958271,7871.5878125000008,6348.0546875,0,-0,-0,-0,0,17063.571
2,4.6599999999999229,932,66.3591878493053,18.289464894500092,0.53913912502404693,0.11723163188265684,14.914018082788958,0.051834070879998903,14.914108157870523,0.025000000000000001,0,0,0.011699633051303216,0.0087080272402704651,1403.955966156386,1132.0435412351605,-0.024203615953678381,1.7486626165534431,-0.00010836918213356057,-35.095243132833652,2535.5607940024925,-0.27092295533390143,7871.5878125000008,6348.0546875,0,-0,-0,-0,0,17063.571
2,4.6649999999999228,933,66.423035702148425,18.327989993985373,0.53972528182885293,0.11723109004123908,14.913927448642829,0.051835410546876633,14.914017528927896,0.025000000000000001,0,0,0.011699507827871254,0.0087079340286669062,1403.9409393445505,1132.0314237266978,-0.024203356897702664,1.7486438995709161,-0.00010836738498742306,-35.094867501668865,2535.5336543778285,-0.27091846246855766,7871.5878125000008,6348.0546875,0,-0,-0,-0,0,17063.571
2,4.6699999999999227,934,66.486860570203532,18.366552284366271,0.54031143592447428,0.11723054820880692,14.913836816436769,0.051836750159705305,14.913926901925326,0.025000000000000001,0,0,0.01169938260751816,0.0087078408193551806,1403.9259129021793,1132.0193065161734,-0.02420309784809636,1.7486251830485871,-0.0001083655878885338,-35.094491879739721,2535.5065154204513,-0.27091396972133452,7871.5878125000008,6348.0546875,0,-0,-0,-0,0,17063.571
2,4.6749999999999226,935,66.550662431921225,18.405151751765846,0.54089758731095594,0.11723000638536014,14.913746186170711,0.051838089718487593,14.913836276862741,0.025000000000000001,0,0,0.011699257390243821,0.0087077476123352086,1403.9108868292585,1132.0071896035772,-0.024202838804859225,1.7486064669864396,-0.00010836379083766587,-35.094116267045877,2535.4793771303375,-0.27090947709416469,7871.5878125000008,6348.0546875,0,-0,-0,-0,0,17063.571
2,4.6799999999999224,936,66.614441265760576,18.443788382294738,0.54148373598834287,0.1172294645708985,14.913655557844585,0.051839429223226166,14.913745653740071,0.025000000000000001,0,0,0.01169913217604812,0.0087076544076069001,1403.8958611257744,1131.9950729888969,-0.024202579767991023,1.7485877513844559,-0.00010836199383400072,-35.093740663586985,2535.4522395074609,-0.27090498458500178,7871.5878125000008,6348.0546875,0,-0,-0,-0,0,17063.571
2,4.6849999999999223,937,66.678197050189127,18.482462162051188,0.54206988195667993,0.11722892276542175,14.913564931458323,0.05184076867392369,14.91365503255725,0.025000000000000001,0,0,0.011699006964930939,0.0087075612051701716,1403.8808357917126,1131.9829566721223,-0.024202320737491512,1.7485690362426185,-0.00010836019687853877,-35.09336506936269,2535.425102551797,-0.27090049219634693,7871.5878125000008,6348.0546875,0,-0,-0,-0,0,17063.571
2,4.6899999999999222,938,66.741929763682904,18.521173077121034,0.54265602521601208,0.11722838096892967,14.913474307011857,0.051842108070582843,14.913564413314209,0.025000000000000001,0,0,0.011698881756892165,0.0087074680050249365,1403.8658108270597,1131.9708406532418,-0.024202061713360454,1.7485503215609106,-0.0001083583999705752,-35.092989484372659,2535.3979662633205,-0.27089599992643798,7871.5878125000008,6348.0546875,0,-0,-0,-0,0,17063.571
2,4.6949999999999221,939,66.805639384726405,18.559921113577712,0.54324216576638418,0.117227839181422,14.913383684505117,0.051843447413206289,14.913473796010877,0.025000000000000001,0,0,0.011698756551931682,0.0087073748071711081,1403.8507862318017,1131.958724932244,-0.024201802695597609,1.7485316073393147,-0.00010835660311017819,-35.092613908616535,2535.3708306420062,-0.27089150777544546,7871.5878125000008,6348.0546875,0,-0,-0,-0,0,17063.571
2,4.699999999999922,940,66.869325891812636,18.59870625748227,0.54382830360784129,0.11722729740289851,14.913293063938037,0.051844786701796701,14.913383180647191,0.025000000000000001,0,0,0.011698631350049379,0.0087072816116086048,1403.8357620059255,1131.9466095091186,-0.024201543684202759,1.748512893577814,-0.00010835480629757512,-35.092238342093999,2535.3436956878304,-0.27088701574393781,7871.5878125000008,6348.0546875,0,-0,-0,-0,0,17063.571
2,4.7049999999999219,941,66.932989263443105,18.637528494883373,0.54441443874042816,0.11722675563335898,14.913202445310546,0.051846125936356742,14.913292567223076,0.025000000000000001,0,0,0.011698506151245135,0.0087071884183373364,1403.8207381494162,1131.9344943838537,-0.024201284679175632,1.7484941802763911,-0.00010835300953258411,-35.091862784804668,2535.3165614007671,-0.27088252383146028,7871.5878125000008,6348.0546875,0,-0,-0,-0,0,17063.571
2,4.7099999999999218,942,66.996629478127829,18.6763878118173,0.54500057116418987,0.11722621387280314,14.913111828622577,0.051847465116889091,14.913201955738469,0.025000000000000001,0,0,0.011698380955518839,0.0087070952273572214,1403.8057146622607,1131.9223795564387,-0.024201025680516016,1.7484754674350289,-0.00010835121281545526,-35.091487236748222,2535.2894277807918,-0.27087803203863814,7871.5878125000008,6348.0546875,0,-0,-0,-0,0,17063.571
2,4.7149999999999217,943,67.060246514385327,18.715284194307955,0.54558670087917116,0.11722567212123078,14.913021213874062,0.051848804243396412,14.913111346193299,0.025000000000000001,0,0,0.011698255762870372,0.0087070020386681695,1403.7906915444446,1131.9102650268621,-0.024200766688223654,1.7484567550537098,-0.00010834941614605214,-35.091111697924298,2535.262294827879,-0.27087354036513034,7871.5878125000008,6348.0546875,0,-0,-0,-0,0,17063.571
2,4.7199999999999216,944,67.12384035074264,18.754217628366874,0.5461728278854171,0.11722513037864164,14.912930601064932,0.051850143315881378,14.913020738587496,0.025000000000000001,0,0,0.011698130573299622,0.0087069088522700993,1403.7756687959547,1131.898150795113,-0.024200507702298323,1.7484380431324167,-0.00010834761952435201,-35.090736168332569,2535.2351625420042,-0.27086904881088003,7871.5878125000008,6348.0546875,0,-0,-0,-0,0,17063.571
2,4.7249999999999215,945,67.187410965735353,18.793188099993227,0.54675895218297255,0.11722458864503549,14.912839990195119,0.051851482334346652,14.912930132920994,0.025000000000000001,0,0,0.011698005386806478,0.0087068156681629188,1403.7606464167775,1131.8860368611795,-0.024200248722739789,1.7484193316711327,-0.00010834582294971824,-35.090360647972695,2535.2080309231424,-0.2708645573742956,7871.5878125000008,6348.0546875,0,-0,-0,-0,0,17063.571
2,4.7299999999999214,946,67.250958337907591,18.832195595173822,0.54734507377188246,0.11722404692041209,14.912749381264554,0.051852821298794913,14.912839529193727,0.025000000000000001,0,0,0.011697880203390815,0.0087067224863465516,1403.7456244068978,1131.8739232250516,-0.024199989749547793,1.7484006206698404,-0.00010834402642344685,-35.089985136844298,2535.1808999712684,-0.27086006605861712,7871.5878125000008,6348.0546875,0,-0,-0,-0,0,17063.571
2,4.7349999999999213,947,67.31448244581199,18.87124009988311,0.5479311926521917,0.11722350520477121,14.912658774273169,0.051854160209228825,14.912748927405621,0.025000000000000001,0,0,0.011697755023052524,0.0087066293068209025,1403.7306027663028,1131.8618098867173,-0.024199730782722109,1.7483819101285223,-0.00010834222994467382,-35.08960963494706,2535.1537696863575,-0.27085557486168454,7871.5878125000008,6348.0546875,0,-0,-0,-0,0,17063.571
2,4.7399999999999212,948,67.377983268009771,18.910321600083201,0.54851730882394512,0.11722296349811259,14.912568169220895,0.051855499065651053,14.912658327556612,0.025000000000000001,0,0,0.011697629845791492,0.0087065361295858915,1403.715581494979,1131.8496968461659,-0.024199471822262505,1.7483632000471623,-0.00010834043351326272,-35.089234142280631,2535.1266400683853,-0.27085108378315681,7871.5878125000008,6348.0546875,0,-0,-0,-0,0,17063.571
2,4.7449999999999211,949,67.44146078307071,18.949440081723854,0.54910342228718778,0.11722242180043602,14.912477566107665,0.051856837868064269,14.91256772964663,0.025000000000000001,0,0,0.011697504671607602,0.0087064429546414336,1403.7005605929123,1131.8375841033865,-0.024199212868168743,1.7483444904257421,-0.00010833863712973652,-35.088858658844678,2535.0995111173261,-0.27084659282434131,7871.5878125000008,6348.0546875,0,-0,-0,-0,0,17063.571
2,4.749999999999921,950,67.504914969573122,18.98859553074249,0.54968953304196444,0.11722188011174124,14.912386964933409,0.051858176616471144,14.912477133675607,0.025000000000000001,0,0,0.011697379500500734,0.0087063497819874387,1403.685540060088,1131.825471658367,-0.024198953920440563,1.7483257812642445,-0.00010833684079373143,-35.088483184638818,2535.0723828331547,-0.27084210198432856,7871.5878125000008,6348.0546875,0,-0,-0,-0,0,17063.571
2,4.7549999999999208,951,67.56834580610392,19.027787933064197,0.55027564108832017,0.11722133843202803,14.91229636569806,0.051859515310874342,14.912386539643473,0.025000000000000001,0,0,0.011697254332470779,0.0087062566116238253,1403.6705198964935,1131.8133595110974,-0.024198694979077756,1.7483070725626533,-0.00010833504450549754,-35.088107719662744,2535.0452552158472,-0.27083761126374384,7871.5878125000008,6348.0546875,0,-0,-0,-0,0,17063.571
2,4.7599999999999207,952,67.631753271258575,19.067017274601735,0.5508617464262997,0.11722079676129614,14.912205768401547,0.051860853951276528,14.91229594755016,0.025000000000000001,0,0,0.011697129167517618,0.0087061634435505065,1403.6555001021143,1131.8012476615659,-0.024198436044080059,1.7482883643209499,-0.00010833324826487569,-35.087732263916088,2535.0181282653775,-0.27083312066218923,7871.5878125000008,6348.0546875,0,-0,-0,-0,0,17063.571
2,4.7649999999999206,953,67.695137343641164,19.106283541255539,0.55144784905594801,0.11722025509954533,14.912115173043805,0.051862192537680374,14.912205357395601,0.025000000000000001,0,0,0.011697004005641141,0.0087060702777673974,1403.6404806769369,1131.7891361097616,-0.02419817711544725,1.7482696565391187,-0.00010833145207191138,-35.087356817398515,2534.9910019817221,-0.27082863017977843,7871.5878125000008,6348.0546875,0,-0,-0,-0,0,17063.571
2,4.7699999999999205,954,67.758498001864339,19.145586718913727,0.55203394897731006,0.11721971344677537,14.912024579624763,0.05186353107008855,14.912114769179729,0.025000000000000001,0,0,0.011696878846841226,0.0087059771142744113,1403.6254616209471,1131.7770248556735,-0.024197918193179086,1.748250949217141,-0.00010832965592696837,-35.086981380109677,2534.9638763648545,-0.27082413981742093,7871.5878125000008,6348.0546875,0,-0,-0,-0,0,17063.571
2,4.7749999999999204,955,67.821835224549375,19.184926793452107,0.5526200461904307,0.11721917180298601,14.911933988144353,0.051864869548503723,14.912024182902469,0.025000000000000001,0,0,0.011696753691117764,0.0087058839530714614,1403.6104429341317,1131.7649138992899,-0.024197659277275334,1.7482322423550005,-0.00010832785982925088,-35.086605952049233,2534.9367514147507,-0.27081964957312721,7871.5878125000008,6348.0546875,0,-0,-0,-0,0,17063.571
2,4.7799999999999203,956,67.885148990326115,19.224303750734173,0.5532061406953549,0.11721863016817702,14.911843398602509,0.051866207972928555,14.911933598563758,0.025000000000000001,0,0,0.011696628538470637,0.0087057907941584627,1403.5954246164763,1131.7528032406001,-0.024197400367735742,1.7482135359526798,-0.00010832606377939555,-35.086230533216828,2534.9096271313856,-0.27081515944848888,7871.5878125000008,6348.0546875,0,-0,-0,-0,0,17063.571
2,4.7849999999999202,957,67.94843927783306,19.263717576611125,0.5537922324921275,0.11721808854234816,14.911752810999159,0.051867546343365718,14.911843016163528,0.025000000000000001,0,0,0.011696503388899732,0.0087056976375353319,1403.580406667968,1131.7406928795931,-0.024197141464560094,1.748194830010162,-0.0001083242677769249,-35.085855123612134,2534.8825035147347,-0.27081066944231225,7871.5878125000008,6348.0546875,0,-0,-0,-0,0,17063.571
2,4.7899999999999201,958,68.011706065717306,19.303168256921857,0.55437832158079337,0.1172175469254992,14.911662225334238,0.051868884659817878,14.911752435701711,0.025000000000000001,0,0,0.011696378242404932,0.0087056044832019806,1403.5653890885917,1131.7285828162576,-0.024196882567748133,1.748176124527429,-0.00010832247182247556,-35.085479723234791,2534.8553805647721,-0.27080617955618891,7871.5878125000008,6348.0546875,0,-0,-0,-0,0,17063.571
2,4.79499999999992,959,68.074949332634574,19.342655777492983,0.55496440796139745,0.11721700531762988,14.911571641607676,0.051870222922287698,14.911661857178235,0.025000000000000001,0,0,0.011696253098986123,0.0087055113311583273,1403.5503718783348,1131.7164730505826,-0.02419662367729963,1.7481574195044645,-0.00010832067591568375,-35.085104332084462,2534.8282582814736,-0.27080168978920938,7871.5878125000008,6348.0546875,0,-0,-0,-0,0,17063.571
2,4.7999999999999199,960,68.138169057249243,19.38218012413882,0.55555049163398462,0.11721646371873999,14.911481059819403,0.05187156113077785,14.911571280593032,0.025000000000000001,0,0,0.011696127958643188,0.0087054181814042817,1403.5353550371826,1131.7043635825567,-0.024196364793214339,1.7481387149412513,-0.00010831888005632209,-35.084728950160795,2534.8011366648143,-0.27079720014080522,7871.5878125000008,6348.0546875,0,-0,-0,-0,0,17063.571
2,4.8049999999999198,961,68.201365218234315,19.421741282661412,0.55613657259859983,0.11721592212882927,14.911390479969354,0.051872899285290999,14.911480705946039,0.025000000000000001,0,0,0.011696002821376015,0.0087053250339397589,1403.5203385651218,1131.6922544121687,-0.024196105915492032,1.7481200108377715,-0.00010831708424468615,-35.084353577463446,2534.7740157147687,-0.27079271061171539,7871.5878125000008,6348.0546875,0,-0,-0,-0,0,17063.571
2,4.8099999999999197,962,68.264537794271448,19.46133923885052,0.55672265085528794,0.11721538054789749,14.911299902057458,0.051874237385829816,14.91139013323718,0.025000000000000001,0,0,0.011695877687184487,0.0087052318887646737,1403.5053224621383,1131.6801455394075,-0.024195847044132461,1.7481013071940081,-0.00010831528848052585,-35.083978213992069,2534.7468954313117,-0.27078822120131463,7871.5878125000008,6348.0546875,0,-0,-0,-0,0,17063.571
2,4.8149999999999196,963,68.327686764050952,19.500973978483643,0.55730872640409379,0.11721483897594441,14.911209326083647,0.051875575432396959,14.911299562466391,0.025000000000000001,0,0,0.011695752556068488,0.0087051387458789448,1403.4903067282187,1131.6680369642629,-0.024195588179135405,1.7480826040099446,-0.00010831349276456876,-35.083602859746335,2534.7197758144198,-0.27078373191142191,7871.5878125000008,6348.0546875,0,-0,-0,-0,0,17063.571
2,4.8199999999999195,964,68.390812106271795,19.540645487326007,0.55789479924506236,0.11721429741296979,14.911118752047853,0.051876913424995098,14.911208993633602,0.025000000000000001,0,0,0.011695627428027907,0.0087050456052824819,1403.4752913633488,1131.6559286867227,-0.024195329320500603,1.7480639012855634,-0.00010831169709599635,-35.083227514725877,2534.692656864067,-0.27077924273999088,7871.5878125000008,6348.0546875,0,-0,-0,-0,0,17063.571
2,4.8249999999999194,965,68.453913799641626,19.580353751130584,0.55848086937823849,0.1172137558589734,14.911028179950009,0.0518782513636269,14.911118426738748,0.025000000000000001,0,0,0.011695502303062625,0.0087049524669751983,1403.460276367515,1131.6438207067758,-0.024195070468227834,1.7480451990208468,-0.00010830990147494504,-35.082852178930359,2534.6655385802278,-0.27077475368736259,7871.5878125000008,6348.0546875,0,-0,-0,-0,0,17063.571
2,4.8299999999999192,966,68.516991822876776,19.620098755638089,0.55906693680366704,0.11721321431395498,14.910937609790045,0.051879589248295027,14.911027861781756,0.025000000000000001,0,0,0.011695377181172532,0.0087048593309570106,1403.4452617407037,1131.6317130244113,-0.024194811622316861,1.7480264972157784,-0.00010830810590118744,-35.082476852359449,2534.6384209628786,-0.27077026475296861,7871.5878125000008,6348.0546875,0,-0,-0,-0,0,17063.571
2,4.8349999999999191,967,68.580046154702245,19.659880486576991,0.55965300152139297,0.11721267277791432,14.910847041567893,0.051880927079002152,14.91093729876256,0.025000000000000001,0,0,0.011695252062357506,0.0087047661972278357,1403.4302474829008,1131.6196056396186,-0.024194552782767435,1.7480077958703411,-0.00010830631037563308,-35.082101535012782,2534.6113040119944,-0.27076577593908269,7871.5878125000008,6348.0546875,0,-0,-0,-0,0,17063.571
2,4.839999999999919,968,68.643076773851732,19.699698929663512,0.56023906353146113,0.11721213125085117,14.910756475283485,0.051882264855750933,14.910846737681094,0.025000000000000001,0,0,0.011695126946617437,0.008704673065787585,1403.4152335940926,1131.607498552386,-0.024194293949579327,1.7479890949845172,-0.00010830451489762254,-35.081726226890027,2534.5841877275498,-0.27076128724405635,7871.5878125000008,6348.0546875,0,-0,-0,-0,0,17063.571
2,4.8449999999999189,969,68.70608365906763,19.739554070601638,0.56082512283391639,0.1172115897327653,14.910665910936752,0.05188360257854404,14.910756178537286,0.025000000000000001,0,0,0.011695001833952209,0.0087045799366361736,1403.4002200742652,1131.5953917627025,-0.024194035122752294,1.747970394558289,-0.00010830271946729227,-35.081350927990826,2534.5570721095191,-0.27075679866823066,7871.5878125000008,6348.0546875,0,-0,-0,-0,0,17063.571
2,4.8499999999999188,970,68.769066789101046,19.779445895083118,0.5614111794288037,0.11721104822365645,14.910575348527626,0.051884940247384131,14.910665621331068,0.025000000000000001,0,0,0.011694876724361706,0.0087044868097735147,1403.3852069234047,1131.5832852705569,-0.024193776302286096,1.74795169459164,-0.0001083009240845513,-35.08097563831484,2534.529957157878,-0.27075231021137824,7871.5878125000008,6348.0546875,0,-0,-0,-0,0,17063.571
2,4.8549999999999187,971,68.832026142711797,19.81937438878748,0.56199723331616791,0.1172105067235244,14.91048478805604,0.051886277862273879,14.910575066062375,0.025000000000000001,0,0,0.011694751617845816,0.0087043936851995251,1403.3701941414979,1131.5711790759383,-0.024193517488180508,1.7479329950845537,-0.00010829912874944512,-35.080600357861734,2534.5028428726027,-0.27074782187361279,7871.5878125000008,6348.0546875,0,-0,-0,-0,0,17063.571
2,4.8599999999999186,972,68.894961698668411,19.859339537382024,0.56258328449605388,0.1172099652323689,14.910394229521925,0.051887615423215946,14.910484512731134,0.025000000000000001,0,0,0.011694626514404423,0.0087043005629141145,1403.3551817285309,1131.559073178835,-0.024193258680435283,1.7479142960370118,-0.00010829733346158718,-35.08022508663116,2534.4757292536669,-0.27074333365396797,7871.5878125000008,6348.0546875,0,-0,-0,-0,0,17063.571
2,4.8649999999999185,973,68.957873435748141,19.899341326521835,0.56316933296850658,0.11720942375018972,14.910303672925211,0.051888952930212999,14.910393961337281,0.025000000000000001,0,0,0.011694501414037408,0.0087042074429172032,1403.340169684489,1131.5469675792365,-0.024192999879050176,1.7478955974489974,-0.00010829553822175058,-35.079849824622755,2534.4486163010461,-0.27073884555437644,7871.5878125000008,6348.0546875,0,-0,-0,-0,0,17063.571
2,4.8699999999999184,974,69.020761332736981,19.939379741849788,0.56375537873357073,0.11720888227698663,14.910213118265832,0.051890290383267701,14.910303411880744,0.025000000000000001,0,0,0.011694376316744661,0.0087041143252087044,1403.3251580093593,1131.5348622771317,-0.024192741084024961,1.7478768993204938,-0.00010829374302943506,-35.079474571836194,2534.421504014716,-0.27073435757358766,7871.5878125000008,6348.0546875,0,-0,-0,-0,0,17063.571
2,4.8749999999999183,975,69.083625368429665,19.979454768996547,0.56434142179129132,0.11720834081275938,14.910122565543716,0.05189162778238271,14.910212864361455,0.025000000000000001,0,0,0.011694251222526065,0.0087040212097885313,1403.3101467031277,1131.5227572725091,-0.024192482295359398,1.7478582016514834,-0.00010829194788498171,-35.079099328271127,2534.3943923946508,-0.27072986971245427,7871.5878125000008,6348.0546875,0,-0,-0,-0,0,17063.571
2,4.8799999999999182,976,69.146465521629679,20.019566393580579,0.5649274621417133,0.11720779935750773,14.910032014758798,0.051892965127560697,14.910122318779347,0.025000000000000001,0,0,0.011694126131381502,0.0087039280966565991,1403.2951357657803,1131.510652565358,-0.024192223513053245,1.7478395044419486,-0.00010829015278809493,-35.078724093927207,2534.3672814408255,-0.27072538197023732,7871.5878125000008,6348.0546875,0,-0,-0,-0,0,17063.571
2,4.8849999999999181,977,69.209281771149236,20.059714601208157,0.56551349978488141,0.11720725791123145,14.909941465911009,0.051894302418804328,14.910031775134353,0.025000000000000001,0,0,0.011694001043310863,0.0087038349858128191,1403.2801251973035,1131.4985481556664,-0.024191964737106265,1.7478208076918731,-0.00010828835773852461,-35.078348868804085,2534.340171153216,-0.27072089434631152,7871.5878125000008,6348.0546875,0,-0,-0,-0,0,17063.571
2,4.889999999999918,978,69.272074095809344,20.099899377473363,0.56609953472084062,0.1172067164739303,14.909850919000281,0.051895639656116259,14.909941233426402,0.025000000000000001,0,0,0.011693875958314032,0.0087037418772571117,1403.2651149976839,1131.4864440434246,-0.02419170596751823,1.7478021114012399,-0.00010828656273679371,-35.077973652901434,2534.3130615317978,-0.27071640684198428,7871.5878125000008,6348.0546875,0,-0,-0,-0,0,17063.571
2,4.8949999999999179,979,69.334842474439768,20.14012070795809,0.56668556694963568,0.11720617504560403,14.909760374026545,0.051896976839499162,14.909850693655429,0.025000000000000001,0,0,0.01169375087639089,0.0087036487709893848,1403.2501051669067,1131.4743402286201,-0.024191447204288886,1.74778341557003,-0.00010828476778274307,-35.077598446218886,2534.2859525765434,-0.27071191945685769,7871.5878125000008,6348.0546875,0,-0,-0,-0,0,17063.571
2,4.8999999999999178,980,69.397586885879036,20.180378578232055,0.56727159647131153,0.11720563362625241,14.909669830989733,0.051898313968955695,14.909760155821361,0.025000000000000001,0,0,0.011693625797541326,0.0087035556670095569,1403.2350957049591,1131.4622367112424,-0.024191188447418008,1.7477647201982285,-0.00010828297287609985,-35.077223248756113,2534.2588442874312,-0.27070743219024962,7871.5878125000008,6348.0546875,0,-0,-0,-0,0,17063.571
2,4.9049999999999176,981,69.460307308974464,20.220672973852803,0.56785762328591316,0.11720509221587522,14.909579289889777,0.051899651044488522,14.909669619924134,0.025000000000000001,0,0,0.011693500721765225,0.0087034625653175431,1403.2200866118269,1131.4501334912807,-0.024190929696905356,1.7477460252858168,-0.00010828117801720509,-35.076848060512766,2534.2317366644343,-0.27070294504301273,7871.5878125000008,6348.0546875,0,-0,-0,-0,0,17063.571
2,4.9099999999999175,982,69.52300372258216,20.26100388036571,0.5684436473934853,0.11720455081447219,14.909488750726608,0.051900988066100301,14.909579085963678,0.025000000000000001,0,0,0.011693375649062469,0.0087033694659132549,1403.2050778874964,1131.4380305687232,-0.024190670952750688,1.7477273308327783,-0.00010827938320587691,-35.076472881488499,2534.2046297075285,-0.27069845801469228,7871.5878125000008,6348.0546875,0,-0,-0,-0,0,17063.571
2,4.9149999999999174,983,69.585676105567032,20.301371283303983,0.5690296687940728,0.11720400942204311,14.909398213500157,0.051902325033793703,14.909488553939923,0.025000000000000001,0,0,0.011693250579432947,0.0087032763687966107,1403.1900695319537,1131.4259279435594,-0.024190412214953771,1.7477086368390957,-0.00010827758844220625,-35.076097711682969,2534.1775234166889,-0.27069397110551563,7871.5878125000008,6348.0546875,0,-0,-0,-0,0,17063.571
2,4.9199999999999173,984,69.648324436802795,20.341775168188676,0.56961568748772062,0.11720346803858772,14.909307678210357,0.051903661947571393,14.909398023852804,0.025000000000000001,0,0,0.01169312551287654,0.008703183273967522,1403.1750615451849,1131.4138256157778,-0.024190153483514366,1.7476899433047515,-0.00010827579372626133,-35.075722551095829,2534.1504177918896,-0.27068948431565332,7871.5878125000008,6348.0546875,0,-0,-0,-0,0,17063.571
2,4.9249999999999172,985,69.71094869517195,20.382215520528689,0.57020170347447363,0.1172029266641058,14.90921714485714,0.051904998807436029,14.909307495702249,0.025000000000000001,0,0,0.011693000449393136,0.0087030901814259022,1403.1600539271762,1131.4017235853673,-0.024189894758432227,1.7476712502297289,-0.00010827399905792845,-35.075347399726731,2534.1233128331069,-0.27068499764482112,7871.5878125000008,6348.0546875,0,-0,-0,-0,0,17063.571
2,4.9299999999999171,986,69.773548859565835,20.42269232582078,0.57078771675437667,0.1172023852985971,14.909126613440437,0.051906335613390274,14.909216969488194,0.025000000000000001,0,0,0.011692875388982619,0.0087029970911716697,1403.1450466779143,1131.3896218523171,-0.02418963603970713,1.7476525576140112,-0.00010827220443720762,-35.07497225757534,2534.0962085403162,-0.27068051109301905,7871.5878125000008,6348.0546875,0,-0,-0,-0,0,17063.571
2,4.934999999999917,987,69.836124908884599,20.463205569549558,0.5713737273274746,0.11720184394206137,14.90903608396018,0.051907672365436787,14.909126445210568,0.025000000000000001,0,0,0.011692750331644875,0.0087029040032047342,1403.1300397973851,1131.3775204166154,-0.024189377327338835,1.74763386545758,-0.00010827040986373504,-35.074597124641308,2534.0691049134912,-0.2706760246593376,7871.5878125000008,6348.0546875,0,-0,-0,-0,0,17063.571
2,4.9399999999999169,988,69.898676822037231,20.503755237187498,0.57195973519381227,0.1172013025944984,14.908945556416301,0.051909009063578232,14.909035922869302,0.025000000000000001,0,0,0.011692625277379793,0.0087028109175250161,1403.115033285575,1131.3654192782521,-0.0241891186213271,1.7476151737604195,-0.00010826861533819284,-35.074222000924294,2534.0420019526082,-0.27067153834548208,7871.5878125000008,6348.0546875,0,-0,-0,-0,0,17063.571
2,4.9449999999999168,989,69.961204577941544,20.544341314194948,0.57254574035343453,0.11720076125590793,14.908855030808731,0.051910345707817274,14.908945402464331,0.025000000000000001,0,0,0.011692500226187251,0.008702717834132425,1403.10002714247,1131.3533184372152,-0.024188859921671687,1.7475964825225117,-0.0001082668208600353,-35.073846886423944,2534.0148996576418,-0.27066705215008824,7871.5878125000008,6348.0546875,0,-0,-0,-0,0,17063.571
2,4.9499999999999167,990,70.023708155524218,20.584963786020126,0.57313174280638624,0.11720021992628975,14.908764507137402,0.051911682298156576,14.908854883995584,0.025000000000000001,0,0,0.011692375178067135,0.0087026247530268778,1403.0850213680562,1131.3412178934941,-0.024188601228372356,1.7475777917438395,-0.00010826502642976266,-35.073471781139915,2533.9877980285673,-0.27066256607440664,7871.5878125000008,6348.0546875,0,-0,-0,-0,0,17063.571
2,4.9549999999999166,991,70.086187533720761,20.625622638099134,0.57371774255271235,0.11719967860564359,14.908673985402245,0.051913018834598798,14.908764367462993,0.025000000000000001,0,0,0.011692250133019335,0.0087025316742082876,1403.0700159623202,1131.3291176470773,-0.024188342541428876,1.7475591014243859,-0.00010826323204669279,-35.073096685071867,2533.9606970653595,-0.27065808011673198,7871.5878125000008,6348.0546875,0,-0,-0,-0,0,17063.571
2,4.9599999999999165,992,70.148642691475558,20.666317855855954,0.57430373959245762,0.11719913729396923,14.908583465603193,0.051914355317146596,14.908673852866489,0.025000000000000001,0,0,0.011692125091043731,0.0087024385976765695,1403.0550109252476,1131.317017697954,-0.024188083860841002,1.7475404115641335,-0.00010826143771164425,-35.072721598219452,2533.9335967679935,-0.27065359427911062,7871.5878125000008,6348.0546875,0,-0,-0,-0,0,17063.571
2,4.9649999999999164,993,70.211073607741852,20.707049424702468,0.574889733925667,0.11719859599126643,14.908492947740177,0.051915691745802635,14.908583340206004,0.025000000000000001,0,0,0.011692000052140212,0.008702345523431642,1403.0400062568253,1131.3049180461135,-0.024187825186608503,1.7475217221630659,-0.00010825964342438965,-35.072346520582329,2533.9064971364455,-0.27064910856097413,7871.5878125000008,6348.0546875,0,-0,-0,-0,0,17063.571
2,4.9699999999999163,994,70.273480261481751,20.747817330038444,0.57547572555238524,0.11719805469753494,14.90840243181313,0.051917028120569579,14.908492829481474,0.025000000000000001,0,0,0.011691875016308662,0.0087022524514734113,1403.0250019570394,1131.2928186915435,-0.024187566518731142,1.7475030332211647,-0.00010825784918422414,-35.071971452160156,2533.879398170689,-0.27064462296056035,7871.5878125000008,6348.0546875,0,-0,-0,-0,0,17063.571
2,4.9749999999999162,995,70.335862631666259,20.78862155725156,0.5760617144726573,0.11719751341277454,14.908311917821981,0.051918364441450086,14.908402320692824,0.025000000000000001,0,0,0.011691749983548966,0.0087021593818017995,1403.0099980258758,1131.2807196342339,-0.024187307857208681,1.7474843447384141,-0.00010825605499198901,-35.071596392952586,2533.8522998707003,-0.27064013747997251,7871.5878125000008,6348.0546875,0,-0,-0,-0,0,17063.571
2,4.979999999999916,996,70.398220697275235,20.829462091717396,0.57664770068652793,0.11719697213698498,14.908221405766664,0.051919700708446821,14.90831181383999,0.025000000000000001,0,0,0.011691624953861007,0.008702066314416718,1402.9949944633208,1131.2686208741734,-0.024187049202040876,1.7474656567147959,-0.00010825426084732044,-35.071221342959269,2533.8252022364541,-0.2706356521183011,7871.5878125000008,6348.0546875,0,-0,-0,-0,0,17063.571
2,4.9849999999999159,997,70.460554437297461,20.870338918799447,0.57723368419404208,0.11719643087016601,14.90813089564711,0.051921036921562441,14.908221308922903,0.025000000000000001,0,0,0.011691499927244676,0.0087019732493180783,1402.9799912693611,1131.2565224113503,-0.024186790553227498,1.747446969150293,-0.00010825246674996834,-35.070846302179874,2533.7981052679247,-0.27063116687492084,7871.5878125000008,6348.0546875,0,-0,-0,-0,0,17063.571
2,4.9899999999999158,998,70.522863830730614,20.911252023849126,0.57781966499524451,0.11719588961231742,14.908040387463252,0.051922373080799611,14.908130805941497,0.025000000000000001,0,0,0.011691374903699854,0.008701880186505799,1402.9649884439825,1131.2444242457539,-0.024186531910768305,1.7474282820448888,-0.0001082506727000009,-35.070471270614043,2533.7710089650886,-0.27062668175000226,7871.5878125000008,6348.0546875,0,-0,-0,-0,0,17063.571
2,4.9949999999999157,999,70.585148856581256,20.952201392205769,0.57840564309018017,0.11719534836343895,14.90794988121502,0.051923709186160988,14.908040304895696,0.025000000000000001,0,0,0.011691249883226427,0.0087017871259797951,1402.9499859871712,1131.2323263773733,-0.024186273274663061,1.7474095953985658,-0.0001082488786980548,-35.070096248261436,2533.7439133279204,-0.27062219674513699,7871.5878125000008,6348.0546875,0,-0,-0,-0,0,17063.571
2,4.9999999999999156,1000,70.647409493864885,20.993187009196642,0.5789916184788938,0.11719480712353038,14.907859376902346,0.05192504523764923,14.90794980578544,0.025000000000000001,0,0,0.011691124865824279,0.0087016940677399797,1402.9349838989135,1131.2202288061974,-0.024186014644911526,1.7473909092113071,-0.0001082470847435161,-35.069721235121712,2533.7168183563954,-0.27061771185879024,7871.5878125000008,6348.0546875,0,-0,-0,-0,0,17063.571
2,5.0049999999999155,1001,70.709645721605909,21.034208860136946,0.57957759116143037,0.11719426589259146,14.907768874525162,0.051926381235267001,14.907859308610657,0.025000000000000001,0,0,0.011690999851493295,0.0087016010117862679,1402.9199821791954,1131.2081315322148,-0.02418575602151346,1.7473722234830951,-0.0001082452908368623,-35.069346231194515,2533.6897240504877,-0.27061322709215574,7871.5878125000008,6348.0546875,0,-0,-0,-0,0,17063.571
2,5.0099999999999154,1002,70.771857518837663,21.075266930329821,0.58016356113783463,0.11719372467062196,14.907678374083401,0.051927717179016959,14.90776881337128,0.025000000000000001,0,0,0.011690874840233362,0.008701507958118573,1402.9049808280035,1131.1960345554146,-0.024185497404468636,1.7473535382139129,-0.00010824349697752496,-35.06897123647952,2533.6626304101737,-0.27060874244381239,7871.5878125000008,6348.0546875,0,-0,-0,-0,0,17063.571
2,5.0149999999999153,1003,70.834044864602433,21.116361205066351,0.58074952840815153,0.11719318345762164,14.907587875576993,0.051929053068901762,14.907678320067239,0.025000000000000001,0,0,0.011690749832044364,0.0087014149067368117,1402.8899798453238,1131.1839378757854,-0.024185238793776802,1.7473348534037434,-0.00010824170316579966,-35.068596250976363,2533.635537435428,-0.27060425791449916,7871.5878125000008,6348.0546875,0,-0,-0,-0,0,17063.571
2,5.0199999999999152,1004,70.896207737951414,21.157491669625571,0.58133549297242582,0.11719264225359026,14.907497379005871,0.051930388904924074,14.907587828698469,0.025000000000000001,0,0,0.011690624826926191,0.008701321857640899,1402.874979231143,1131.1718414933168,-0.024184980189437742,1.7473161690525696,-0.0001082399094018001,-35.068221274684724,2533.6084451262259,-0.27059977350450026,7871.5878125000008,6348.0546875,0,-0,-0,-0,0,17063.571
2,5.0249999999999151,1005,70.958346117944771,21.198658309274478,0.58192145483070234,0.11719210105852758,14.907406884369967,0.051931724687086553,14.9074973392649,0.025000000000000001,0,0,0.011690499824878721,0.0087012288108307446,1402.8599789854466,1131.1597454079968,-0.024184721591451193,1.7472974851603738,-0.00010823811568525344,-35.067846307604228,2533.581353482542,-0.27059528921313358,7871.5878125000008,6348.0546875,0,-0,-0,-0,0,17063.571
2,5.029999999999915,1006,71.020459983651634,21.239861109268023,0.58250741398302597,0.11719155987243336,14.907316391669212,0.051933060415391856,14.907406851766464,0.025000000000000001,0,0,0.011690374825901845,0.0087011357663062672,1402.8449791082214,1131.1476496198147,-0.024184462999816938,1.7472788017271397,-0.00010823632201629607,-35.067471349734561,2533.5542625043527,-0.27059080504074018,7871.5878125000008,6348.0546875,0,-0,-0,-0,0,17063.571
2,5.0349999999999149,1007,71.082549314150057,21.28110005484913,0.58309337042944154,0.11719101869530738,14.907225900903537,0.051934396089842641,14.907316366203089,0.025000000000000001,0,0,0.011690249829995442,0.0087010427240673816,1402.8299795994531,1131.1355541287596,-0.024184204414534727,1.7472601187528494,-0.00010823452839506445,-35.067096401075354,2533.5271721916315,-0.27058632098766111,7871.5878125000008,6348.0546875,0,-0,-0,-0,0,17063.571
2,5.0399999999999148,1008,71.144614088527092,21.322375131248695,0.58367932416999391,0.11719047752714937,14.907135412072876,0.051935731710441572,14.907225882574712,0.025000000000000001,0,0,0.011690124837159404,0.008700949684114001,1402.8149804591285,1131.1234589348201,-0.024183945835604331,1.7472414362374857,-0.0001082327348212857,-35.06672146162628,2533.5000825443544,-0.27058183705321426,7871.5878125000008,6348.0546875,0,-0,-0,-0,0,17063.571
2,5.0449999999999147,1009,71.20665428587877,21.363686323685592,0.58426527520472793,0.11718993636795912,14.907044925177157,0.051937067277191301,14.907135400881263,0.025000000000000001,0,0,0.011689999847393613,0.0087008566464460407,1402.7999816872336,1131.1113640379854,-0.02418368726302551,1.7472227541810326,-0.00010823094129511901,-35.066346531386991,2533.4729935624973,-0.27057735323779752,7871.5878125000008,6348.0546875,0,-0,-0,-0,0,17063.571
2,5.0499999999999146,1010,71.268669885310089,21.405033617366673,0.58485122353368846,0.11718939521773637,14.906954440216316,0.051938402790094491,14.907044921122674,0.025000000000000001,0,0,0.011689874860697955,0.0087007636110634154,1402.7849832837546,1131.0992694382439,-0.024183428696798025,1.7472040725834712,-0.00010822914781645067,-35.065971610357138,2533.4459052460334,-0.27057286954112669,7871.5878125000008,6348.0546875,0,-0,-0,-0,0,17063.571
2,5.0549999999999145,1011,71.33066086593503,21.446416997486789,0.58543716915692023,0.1171888540764809,14.906863957190282,0.051939738249153801,14.906954443298877,0.025000000000000001,0,0,0.011689749877072313,0.0087006705779660385,1402.7699852486776,1131.0871751355851,-0.024183170136921638,1.7471853914447857,-0.00010822735438555356,-35.065596698536375,2533.4188175949394,-0.27056838596388388,7871.5878125000008,6348.0546875,0,-0,-0,-0,0,17063.571
2,5.0599999999999143,1012,71.392627206876583,21.48783644922878,0.58602311207446822,0.11718831294419246,14.906773476098989,0.051941073654371887,14.906863967409802,0.025000000000000001,0,0,0.011689624896516577,0.0087005775471538233,1402.7549875819893,1131.075081129997,-0.024182911583396114,1.7471667107649584,-0.00010822556100165457,-35.065221795924366,2533.3917306091898,-0.27056390250413642,7871.5878125000008,6348.0546875,0,-0,-0,-0,0,17063.571
2,5.0649999999999142,1013,71.454568887266745,21.52929195776349,0.58660905228637716,0.11718777182087083,14.906682996942367,0.051942409005751408,14.906773493455383,0.025000000000000001,0,0,0.011689499919030628,0.0087004845186266881,1402.7399902836753,1131.0629874214694,-0.024182653036221215,1.7471480305439726,-0.0001082237676657769,-35.064846902520763,2533.3646442887602,-0.27055941916444226,7871.5878125000008,6348.0546875,0,-0,-0,-0,0,17063.571
2,5.0699999999999141,1014,71.516485886246514,21.570783508249765,0.58719498979269191,0.11718723070651575,14.906592519720348,0.051943744303295028,14.906683021435549,0.025000000000000001,0,0,0.011689374944614353,0.0087003914923845481,1402.7249933537223,1131.0508940099912,-0.024182394495396702,1.7471293507818104,-0.00010822197437748854,-35.064472018325219,2533.3375586336251,-0.27055493594372138,7871.5878125000008,6348.0546875,0,-0,-0,-0,0,17063.571
2,5.074999999999914,1015,71.578378182965906,21.612311085834463,0.58778092459345732,0.11718668960112701,14.906502044432864,0.051945079547005397,14.906592551350235,0.025000000000000001,0,0,0.011689249973267635,0.0087002984684273147,1402.7099967921163,1131.0388008955508,-0.024182135960922346,1.7471106714784554,-0.00010822018113674404,-35.064097143337399,2533.3104736437604,-0.27055045284186008,7871.5878125000008,6348.0546875,0,-0,-0,-0,0,17063.571
2,5.0799999999999139,1016,71.640245756583951,21.65387467565246,0.58836685668871813,0.11718614850470434,14.906411571079847,0.051946414736885174,14.906502083199371,0.025000000000000001,0,0,0.011689125004990364,0.008700205446754903,1402.6950005988438,1131.0267080781373,-0.024181877432797896,1.7470919926338904,-0.00010821838794342966,-35.063722277556948,2533.283389319141,-0.27054596985857415,7871.5878125000008,6348.0546875,0,-0,-0,-0,0,17063.571
2,5.0849999999999138,1017,71.702088586268729,21.695474262826657,0.58895278607851931,0.11718560741724753,14.906321099661229,0.051947749872937023,14.906411616982888,0.025000000000000001,0,0,0.01168900003978242,0.0087001124273672296,1402.6800047738905,1131.0146155577399,-0.02418161891102312,1.7470733142480972,-0.00010821659479818208,-35.063347420983526,2533.256305659741,-0.27054148699545522,7871.5878125000008,6348.0546875,0,-0,-0,-0,0,17063.571
2,5.0899999999999137,1018,71.763906651197331,21.737109832467979,0.58953871276290559,0.11718506633875632,14.906230630176942,0.051949084955163594,14.906321152700722,0.025000000000000001,0,0,0.011688875077643693,0.0087000194102642061,1402.6650093172432,1131.0025233343467,-0.024181360395597786,1.74705463632106,-0.00010821480169993265,-35.06297257361679,2533.2292226655368,-0.27053700424983163,7871.5878125000008,6348.0546875,0,-0,-0,-0,0,17063.571
2,5.0949999999999136,1019,71.825699930555913,21.778781369675386,0.59012463674192184,0.11718452526923048,14.906140162626919,0.051950419983567545,14.906230690352801,0.025000000000000001,0,0,0.011688750118574067,0.0086999263954457492,1402.650014228888,1130.9904314079474,-0.024181101886521655,1.7470359588527609,-0.00010821300864943169,-35.0625977354564,2533.2021403365034,-0.27053252162357921,7871.5878125000008,6348.0546875,0,-0,-0,-0,0,17063.571
2,5.0999999999999135,1020,71.887468403539685,21.820488859535878,0.5907105580156129,0.11718398420866978,14.906049697011088,0.051951754958151533,14.906140229939055,0.025000000000000001,0,0,0.011688625162573425,0.008699833382911774,1402.635019508811,1130.9783397785307,-0.024180843383794483,1.7470172818431833,-0.00010821121564663371,-35.062222906502001,2533.1750586726157,-0.2705280391165843,7871.5878125000008,6348.0546875,0,-0,-0,-0,0,17063.571
2,5.1049999999999134,1021,71.949212049352894,21.862232287124499,0.59129647658402351,0.11718344315707398,14.905959233329384,0.051953089878918217,14.906049771459422,0.025000000000000001,0,0,0.011688500209641656,0.0086997403726621937,1402.6200251569987,1130.9662484460853,-0.024180584887416048,1.7469986052923094,-0.00010820942269112947,-35.061848086753272,2533.1479776738488,-0.27052355672782369,7871.5878125000008,6348.0546875,0,-0,-0,-0,0,17063.571
2,5.1099999999999133,1022,72.010930847208854,21.90401163750434,0.59188239244719854,0.11718290211444282,14.905868771581737,0.051954424745870253,14.905959314913828,0.025000000000000001,0,0,0.01168837525977864,0.0086996473646969233,1402.6050311734368,1130.9541574105999,-0.024180326397386091,1.7469799292001222,-0.0001082076297831918,-35.061473276209831,2533.1208973401772,-0.27051907445797951,7871.5878125000008,6348.0546875,0,-0,-0,-0,0,17063.571
2,5.1149999999999132,1023,72.072624776329974,21.945826895726551,0.59246830560518282,0.11718236108077609,14.905778311768081,0.051955759559010301,14.905868860302208,0.025000000000000001,0,0,0.011688250312984269,0.0086995543590158778,1402.5900375581123,1130.9420666720641,-0.024180067913704393,1.7469612535666057,-0.0001082058369229344,-35.061098474871372,2533.0938176715781,-0.27051459230733599,7871.5878125000008,6348.0546875,0,-0,-0,-0,0,17063.571
2,5.1199999999999131,1024,72.134293815947714,21.987678046830343,0.59305421605802122,0.11718182005607354,14.905687853888347,0.051957094318341009,14.905778407624494,0.025000000000000001,0,0,0.011688125369258427,0.0086994613556189704,1402.5750443110112,1130.9299762304661,-0.024179809436370717,1.7469425783917409,-0.00010820404410974333,-35.060723682737539,2533.0667386680243,-0.27051011027435834,7871.5878125000008,6348.0546875,0,-0,-0,-0,0,17063.571
2,5.124999999999913,1025,72.195937945302632,22.029565075842996,0.59364012380575848,0.11718127904033494,14.905597397942465,0.051958429023865042,14.905687956880616,0.025000000000000001,0,0,0.011688000428600992,0.0086993683545061179,1402.5600514321191,1130.9178860857953,-0.024179550965384808,1.7469239036755118,-0.00010820225134473275,-35.06034889980797,2533.0396603294921,-0.2705056283618319,7871.5878125000008,6348.0546875,0,-0,-0,-0,0,17063.571
2,5.1299999999999129,1026,72.257557143644377,22.071487967779856,0.59422602884843945,0.11718073803356005,14.905506943930369,0.051959763675585052,14.905597508070505,0.025000000000000001,0,0,0.011687875491011858,0.0086992753556772353,1402.5450589214229,1130.9057962380407,-0.024179292500746446,1.7469052294179013,-0.00010820045862715233,-35.059974126082345,2533.012582655957,-0.27050114656788082,7871.5878125000008,6348.0546875,0,-0,-0,-0,0,17063.571
2,5.1349999999999127,1027,72.319151390231681,22.113446707644353,0.59481193118610898,0.11718019703574863,14.905416491851991,0.051961098273503696,14.905507061194097,0.025000000000000001,0,0,0.011687750556490906,0.0086991823591322376,1402.5300667789086,1130.8937066871908,-0.024179034042455382,1.7468865556188919,-0.00010819866595718395,-35.059599361560302,2532.9855056473934,-0.27049666489295987,7871.5878125000008,6348.0546875,0,-0,-0,-0,0,17063.571
2,5.1399999999999126,1028,72.380720664332401,22.155441280428001,0.59539783081881181,0.11717965604690044,14.90532604170726,0.051962432817623624,14.905416616251319,0.025000000000000001,0,0,0.011687625625038023,0.0086990893648710346,1402.5150750045627,1130.8816174332344,-0.024178775590511389,1.7468678822784665,-0.00010819687333430466,-35.059224606241514,2532.9584293037765,-0.27049218333576164,7871.5878125000008,6348.0546875,0,-0,-0,-0,0,17063.571
2,5.1449999999999125,1029,72.442264945223499,22.197471671110392,0.59598372774659292,0.11717911506701524,14.905235593496112,0.051963767307947502,14.905326173242109,0.025000000000000001,0,0,0.011687500696653095,0.0086989963728935464,1402.5000835983712,1130.8695284761611,-0.02417851714491423,1.7468492093966084,-0.0001081950807594012,-35.058849860125633,2532.931353625082,-0.27048770189850302,7871.5878125000008,6348.0546875,0,-0,-0,-0,0,17063.571
2,5.1499999999999124,1030,72.50378421219105,22.23953786465923,0.59656962196949692,0.11717857409609279,14.905145147218477,0.051965101744477979,14.905235732166393,0.025000000000000001,0,0,0.011687375771336005,0.0086989033831996847,1402.4850925603207,1130.857439815959,-0.024178258705663664,1.7468305369732999,-0.00010819328823165505,-35.058475123212311,2532.904278611285,-0.27048322057913765,7871.5878125000008,6348.0546875,0,-0,-0,-0,0,17063.571
2,5.1549999999999123,1031,72.565278444530264,22.281639846030306,0.59715551348756879,0.11717803313413287,14.905054702874285,0.051966436127217706,14.905145293024106,0.025000000000000001,0,0,0.011687250849086639,0.0086988103957893678,1402.4701018903968,1130.8453514526177,-0.024178000272759442,1.746811865008524,-0.00010819149575181655,-35.058100395501192,2532.87720426236,-0.27047873937954137,7871.5878125000008,6348.0546875,0,-0,-0,-0,0,17063.571
2,5.1599999999999122,1032,72.626747621545476,22.323777600167517,0.59774140230085326,0.11717749218113523,14.904964260463469,0.051967770456169342,14.905054855815173,0.025000000000000001,0,0,0.011687125929904885,0.0086987174106625056,1402.4551115885863,1130.8332633861257,-0.024177741846201351,1.746793193502264,-0.00010818970331940818,-35.057725676991957,2532.8501305782829,-0.27047425829852045,7871.5878125000008,6348.0546875,0,-0,-0,-0,0,17063.571
2,5.1649999999999121,1033,72.688191722550158,22.365951112002879,0.59832728840939509,0.11717695123709963,14.904873819985962,0.051969104731335543,14.904964420539537,0.025000000000000001,0,0,0.011687001013790626,0.0086986244278190166,1402.4401216548752,1130.8211756164721,-0.024177483425989132,1.7467745224545026,-0.00010818791093456638,-35.057350967684243,2532.8230575590287,-0.27046977733641597,7871.5878125000008,6348.0546875,0,-0,-0,-0,0,17063.571
2,5.169999999999912,1034,72.749610726866933,22.408160366456521,0.59891317181323922,0.11717641030202584,14.904783381441696,0.051970438952718967,14.904873987197124,0.025000000000000001,0,0,0.011686876100743749,0.008698531447258814,1402.4251320892499,1130.8090881436458,-0.024177225012122563,1.7467558518652224,-0.00010818611859726844,-35.056976267577717,2532.7959852045724,-0.27046529649317108,7871.5878125000008,6348.0546875,0,-0,-0,-0,0,17063.571
2,5.1749999999999119,1035,72.811004613827578,22.450405348436696,0.5994990525124303,0.11717586937591362,14.904692944830602,0.051971773120322265,14.904783555787866,0.025000000000000001,0,0,0.011686751190764136,0.008698438468981811,1402.4101428916963,1130.7970009676355,-0.024176966604601401,1.746737181734406,-0.00010818432630746883,-35.05660157667203,2532.7689135148885,-0.27046081576867209,7871.5878125000008,6348.0546875,0,-0,-0,-0,0,17063.571
2,5.1799999999999118,1036,72.872373362773018,22.492686042839782,0.60008493050701328,0.11717532845876273,14.904602510152612,0.051973107234148094,14.904693126311697,0.025000000000000001,0,0,0.011686626283851675,0.0086983454929879245,1402.3951540622011,1130.7849140884302,-0.024176708203425403,1.7467185120620368,-0.00010818253406525854,-35.056226894966834,2532.7418424899533,-0.27045633516314638,7871.5878125000008,6348.0546875,0,-0,-0,-0,0,17063.571
2,5.1849999999999117,1037,72.933716953053363,22.535002434550293,0.60067080579703291,0.11717478755057292,14.904512077407658,0.051974441294199106,14.904602698768544,0.025000000000000001,0,0,0.011686501380006254,0.0086982525192770676,1402.3801656007504,1130.7728275060188,-0.024176449808594347,1.7466998428480975,-0.00010818074187025105,-35.055852222461802,2532.7147721297415,-0.2704518546756276,7871.5878125000008,6348.0546875,0,-0,-0,-0,0,17063.571
2,5.1899999999999116,1038,72.995035364027885,22.57735450844088,0.60125667838253394,0.11717424665134397,14.90442164659567,0.05197577530047795,14.904512273158343,0.025000000000000001,0,0,0.011686376479227755,0.0086981595478491554,1402.3651775073306,1130.7607412203902,-0.024176191420107986,1.7466811740925714,-0.00010817894972283284,-35.055477559156579,2532.6877024342284,-0.2704473743070821,7871.5878125000008,6348.0546875,0,-0,-0,-0,0,17063.571
2,5.1949999999999115,1039,73.056328575065024,22.619742249372344,0.60184254826356121,0.11717370576107565,14.904331217716583,0.051977109252987284,14.904421849481025,0.025000000000000001,0,0,0.011686251581516063,0.0086980665787041063,1402.3501897819276,1130.7486552315338,-0.024175933037966085,1.746662505795441,-0.00010817715762323133,-35.055102905050823,2532.6606334033895,-0.27044289405807831,7871.5878125000008,6348.0546875,0,-0,-0,-0,0,17063.571
2,5.1999999999999114,1040,73.117596565542428,22.662165642193631,0.60242841544015957,0.1171731648797677,14.904240790770327,0.051978443151729767,14.904331427736523,0.025000000000000001,0,0,0.011686126686871065,0.0086979736118418301,1402.3352024245278,1130.7365695394378,-0.024175674662168401,1.7466438379566886,-0.0001081753655710827,-35.054728260144181,2532.6335650371984,-0.27043841392770673,7871.5878125000008,6348.0546875,0,-0,-0,-0,0,17063.571
2,5.2049999999999113,1041,73.178839314846925,22.704624671741847,0.60301427991237377,0.11717262400741989,14.904150365756834,0.051979776996708048,14.904241007924766,0.025000000000000001,0,0,0.011686001795292646,0.0086978806472622419,1402.3202154351175,1130.7244841440915,-0.024175416292714705,1.7466251705762983,-0.00010817357356636421,-35.054353624436324,2532.6064973356324,-0.27043393391591053,7871.5878125000008,6348.0546875,0,-0,-0,-0,0,17063.571
2,5.2099999999999111,1042,73.240056802374539,22.747119322842259,0.60360014168024867,0.11717208314403198,14.904059942676037,0.051981110787924785,14.904150590045687,0.025000000000000001,0,0,0.01168587690678069,0.0086977876849652601,1402.3052288136828,1130.7123990454838,-0.024175157929604757,1.7466065036542517,-0.00010817178160921231,-35.053978997926897,2532.5794302986651,-0.27042945402303076,7871.5878125000008,6348.0546875,0,-0,-0,-0,0,17063.571
2,5.214999999999911,1043,73.301249007530515,22.7896495803083,0.604186000743829,0.11717154228960375,14.903969521527866,0.051982444525382622,14.904060174099218,0.025000000000000001,0,0,0.011685752021335084,0.0086976947249507962,1402.2902425602101,1130.7003142436035,-0.024174899572838318,1.746587837190533,-0.00010816998969971792,-35.05360438061556,2532.5523639262728,-0.27042497424929479,7871.5878125000008,6348.0546875,0,-0,-0,-0,0,17063.571
2,5.2199999999999109,1044,73.362415909729307,22.832215428941577,0.60477185710315962,0.11717100144413493,14.903879102312255,0.051983778209084217,14.903969760085293,0.025000000000000001,0,0,0.011685627138955716,0.0086976017672187687,1402.2752566746858,1130.68822973844,-0.024174641222415159,1.7465691711851243,-0.00010816819783779011,-35.053229772501979,2532.5252982184302,-0.27042049459447526,7871.5878125000008,6348.0546875,0,-0,-0,-0,0,17063.571
2,5.2249999999999108,1045,73.423557488394579,22.874816853531875,0.60535771075828526,0.11717046060762532,14.903788685029134,0.051985111839032226,14.903879348003841,0.025000000000000001,0,0,0.011685502259642468,0.0086975088117690856,1402.2602711570962,1130.6761455299811,-0.024174382878335038,1.746550505638008,-0.00010816640602295138,-35.052855173585804,2532.4982331751116,-0.27041601505737844,7871.5878125000008,6348.0546875,0,-0,-0,-0,0,17063.571
2,5.2299999999999107,1046,73.484673722959229,22.917453838857163,0.60594356170925079,0.11716991978007466,14.903698269678438,0.051986445415229302,14.903788937854797,0.025000000000000001,0,0,0.011685377383395224,0.0086974158586016655,1402.2452860074268,1130.6640616182165,-0.024174124540597707,1.7465318405491677,-0.00010816461425586113,-35.052480583866675,2532.4711687962931,-0.27041153563965281,7871.5878125000008,6348.0546875,0,-0,-0,-0,0,17063.571
2,5.2349999999999106,1047,73.545764592865382,22.960126369683604,0.60652940995610094,0.1171693789614827,14.903607856260097,0.051987778937678093,14.903698529638088,0.025000000000000001,0,0,0.011685252510213875,0.008697322907716425,1402.230301225665,1130.6519780031354,-0.024173866209202956,1.7465131759185866,-0.00010816282253629197,-35.052106003344285,2532.4441050819505,-0.27040705634072992,7871.5878125000008,6348.0546875,0,-0,-0,-0,0,17063.571
2,5.2399999999999105,1048,73.60683007756441,23.002834430765549,0.60711525549888057,0.11716883815184924,14.903517444774041,0.051989112406381252,14.903608123353651,0.025000000000000001,0,0,0.011685127640098303,0.0086972299591132774,1402.2153168117964,1130.639894684726,-0.024173607884150523,1.7464945117462469,-0.0001081610308639938,-35.051731432018258,2532.4170420320579,-0.2704025771599845,7871.5878125000008,6348.0546875,0,-0,-0,-0,0,17063.571
2,5.2449999999999104,1049,73.66787015651694,23.04557800684556,0.60770109833763442,0.11716829735117401,14.903427035220204,0.051990445821341436,14.903517719001416,0.025000000000000001,0,0,0.011685002773048393,0.008697137012792136,1402.2003327658072,1130.6278116629776,-0.024173349565440178,1.7464758480321319,-0.00010815923923942137,-35.051356869888259,2532.3899796465912,-0.27039809809855342,7871.5878125000008,6348.0546875,0,-0,-0,-0,0,17063.571
2,5.2499999999999103,1050,73.728884809192834,23.088357082654397,0.60828693847240722,0.1171677565594568,14.903336627598518,0.051991779182561287,14.903427316581315,0.025000000000000001,0,0,0.011684877909064032,0.0086970440687529176,1402.1853490876838,1130.6157289378793,-0.024173091253071693,1.746457184776224,-0.00010815744766246098,-35.050982316953956,2532.3629179255249,-0.27039361915615245,7871.5878125000008,6348.0546875,0,-0,-0,-0,0,17063.571
2,5.2549999999999102,1051,73.789874015071234,23.131171642911035,0.60887277590324385,0.11716721577669735,14.903246221908915,0.051993112490043465,14.903336916093281,0.025000000000000001,0,0,0.011684753048145103,0.008696951126995537,1402.1703657774124,1130.6036465094198,-0.024172832947044816,1.7464385219785066,-0.00010815565613286253,-35.050607773214985,2532.3358568688345,-0.27038914033215633,7871.5878125000008,6348.0546875,0,-0,-0,-0,0,17063.571
2,5.2599999999999101,1052,73.850837753640533,23.17402167232267,0.60945861063018913,0.11716667500289543,14.903155818151326,0.051994445743790627,14.903246517537243,0.025000000000000001,0,0,0.011684628190291495,0.0086968581875199093,1402.1553828349795,1130.5915643775882,-0.024172574647359325,1.7464198596389624,-0.0001081538646509216,-35.050233238671019,2532.3087964764954,-0.27038466162730401,7871.5878125000008,6348.0546875,0,-0,-0,-0,0,17063.571
2,5.26499999999991,1053,73.911776004398405,23.216907155584721,0.61004444265328772,0.11716613423805079,14.903065416325683,0.051995778943805415,14.903156120913133,0.025000000000000001,0,0,0.011684503335503091,0.0086967652503259461,1402.1404002603711,1130.5794825423729,-0.024172316354014973,1.7464011977575746,-0.00010815207321625167,-35.049858713321711,2532.2817367484831,-0.27038018304062916,7871.5878125000008,6348.0546875,0,-0,-0,-0,0,17063.571
2,5.2699999999999099,1054,73.972688746851802,23.259828077380838,0.61063027197258457,0.11716559348216321,14.902975016431919,0.051997112090090482,14.903065726220886,0.025000000000000001,0,0,0.011684378483779779,0.0086966723154135641,1402.1254180535734,1130.5674010037633,-0.024172058067011531,1.7463825363343251,-0.00010815028182928472,-35.04948419716672,2532.2546776847712,-0.27037570457321181,7871.5878125000008,6348.0546875,0,-0,-0,-0,0,17063.571
2,5.2749999999999098,1055,74.033575960516956,23.302784422382903,0.61121609858812431,0.11716505273523245,14.902884618469963,0.051998445182648484,14.90297533346043,0.025000000000000001,0,0,0.01168425363512144,0.00869657938278268,1402.1104362145729,1130.5553197617485,-0.024171799786348751,1.7463638753691979,-0.00010814849048986161,-35.04910969020569,2532.2276192853369,-0.27037122622465404,7871.5878125000008,6348.0546875,0,-0,-0,-0,0,17063.571
2,5.2799999999999097,1056,74.094437624919422,23.345776175251036,0.6118019224999518,0.11716451199725826,14.902794222439752,0.051999778221482065,14.902884942631703,0.025000000000000001,0,0,0.011684128789527966,0.0086964864524332053,1402.095454743356,1130.5432388163167,-0.024171541512026409,1.7463452148621752,-0.00010814669919766402,-35.048735192438293,2532.2005615501539,-0.27036674799416005,7871.5878125000008,6348.0546875,0,-0,-0,-0,0,17063.571
2,5.2849999999999095,1057,74.155273719594021,23.38880332063361,0.61238774370811178,0.11716397126824042,14.902703828341213,0.052001111206593884,14.90279455373463,0.025000000000000001,0,0,0.011684003946999238,0.0086963935243650568,1402.0804736399086,1130.5311581674573,-0.024171283244044266,1.7463265548132403,-0.00010814490795307847,-35.048360703864184,2532.1735044791985,-0.27036226988269618,7871.5878125000008,6348.0546875,0,-0,-0,-0,0,17063.571
2,5.2899999999999094,1058,74.216084224084895,23.431865843167248,0.61297356221264909,0.11716343054817868,14.902613436174281,0.052002444137986589,14.902704166769148,0.025000000000000001,0,0,0.011683879107535142,0.0086963005985781494,1402.0654929042171,1130.5190778151593,-0.024171024982402076,1.7463078952223758,-0.00010814311675601402,-35.047986224483012,2532.1464480724449,-0.27035779189003506,7871.5878125000008,6348.0546875,0,-0,-0,-0,0,17063.571
2,5.2949999999999093,1059,74.276869117945495,23.47496372747683,0.61355937801360849,0.11716288983707281,14.902523045938887,0.052003777015662826,14.902613781735186,0.025000000000000001,0,0,0.011683754271135565,0.0086962076750723982,1402.0505125362677,1130.5069977594117,-0.024170766727099606,1.7462892360895648,-0.00010814132560656162,-35.047611754294429,2532.1193923298688,-0.27035331401640406,7871.5878125000008,6348.0546875,0,-0,-0,-0,0,17063.571
2,5.2999999999999092,1060,74.337628380738607,23.518096958175501,0.61414519111103472,0.11716234913492256,14.902432657634963,0.052005109839625252,14.902523398632679,0.025000000000000001,0,0,0.011683629437800391,0.0086961147538477147,1402.035532536047,1130.4949180002029,-0.024170508478136628,1.7462705774147902,-0.00010813953450435747,-35.04723729329811,2532.0923372514458,-0.27034883626089368,7871.5878125000008,6348.0546875,0,-0,-0,-0,0,17063.571
2,5.3049999999999091,1061,74.398361992036328,23.561265519864676,0.61473100150497262,0.1171618084417277,14.902342271262441,0.052006442609876517,14.902433017461556,0.025000000000000001,0,0,0.011683504607529505,0.0086960218349040191,1402.0205529035406,1130.4828385375224,-0.024170250235512891,1.7462519191980348,-0.00010813774344999274,-35.046862841493692,2532.0652828371503,-0.27034435862498185,7871.5878125000008,6348.0546875,0,-0,-0,-0,0,17063.571
2,5.309999999999909,1062,74.459069931420103,23.604469397134039,0.61531680919546694,0.117161267757488,14.902251886821253,0.052007775326419266,14.90234263822175,0.025000000000000001,0,0,0.011683379780322797,0.0086959289182412212,1402.0055736387355,1130.4707593713588,-0.024169991999228171,1.7462332614392813,-0.000108135952442899,-35.046488398880847,2532.0382290869579,-0.27033988110724749,7871.5878125000008,6348.0546875,0,-0,-0,-0,0,17063.571
2,5.3149999999999089,1063,74.519752178480715,23.647708574561566,0.61590261418256242,0.11716072708220322,14.90216150431133,0.052009107989256155,14.902252260913194,0.025000000000000001,0,0,0.011683254956180148,0.0086958360038592378,1401.9905947416178,1130.4586805017009,-0.024169733769282227,1.7462146041385131,-0.00010813416148305351,-35.046113965459227,2532.011176000844,-0.27033540370763376,7871.5878125000008,6348.0546875,0,-0,-0,-0,0,17063.571
2,5.3199999999999088,1064,74.580408712818283,23.690983036713508,0.61648841646630392,0.11716018641587313,14.902071123732606,0.052010440598389829,14.902161885535817,0.025000000000000001,0,0,0.011683130135101442,0.0086957430917579872,1401.975616212173,1130.4466019285383,-0.024169475545674814,1.7461959472957127,-0.00010813237057120659,-35.045739541228478,2531.9841235787835,-0.27033092642801648,7871.5878125000008,6348.0546875,0,-0,-0,-0,0,17063.571
2,5.3249999999999087,1065,74.641039514042291,23.734292768144414,0.61707421604673607,0.11715964575849747,14.901980745085011,0.052011773153822945,14.902071512089552,0.025000000000000001,0,0,0.01168300531708657,0.0086956501819373776,1401.9606380503885,1130.4345236518591,-0.024169217328405709,1.746177290910863,-0.00010813057970653973,-35.04536512618828,2531.9570718207515,-0.2703264492663493,7871.5878125000008,6348.0546875,0,-0,-0,-0,0,17063.571
2,5.3299999999999086,1066,74.701644561771573,23.77763775339713,0.61766001292390382,0.11715910511007602,14.901890368368479,0.052013105655558146,14.901981140574335,0.025000000000000001,0,0,0.011682880502135416,0.0086955572743973291,1401.94566025625,1130.4224456716529,-0.024168959117474669,1.7461586349839471,-0.00010812878888943942,-35.044990720338269,2531.9300207267233,-0.27032197222359855,7871.5878125000008,6348.0546875,0,-0,-0,-0,0,17063.571
2,5.3349999999999085,1067,74.762223835634344,23.821017977002803,0.61824580709785182,0.11715856447060853,14.901799993582939,0.052014438103598085,14.901890770990093,0.025000000000000001,0,0,0.011682755690247862,0.0086954643691377533,1401.9306828297433,1130.4103679879079,-0.024168700912881449,1.7461399795149473,-0.0001081269981199057,-35.044616323678099,2531.9029702966736,-0.27031749529976423,7871.5878125000008,6348.0546875,0,-0,-0,-0,0,17063.571
2,5.3399999999999084,1068,74.822777315268183,23.864433423480893,0.6188315985686248,0.11715802384009477,14.901709620728326,0.052015770497945403,14.901800403336761,0.025000000000000001,0,0,0.0116826308814238,0.0086953714661585687,1401.915705770856,1130.398290600614,-0.024168442714625826,1.746121324503848,-0.00010812520739780211,-35.044241936207449,2531.8759205305796,-0.27031301849450529,7871.5878125000008,6348.0546875,0,-0,-0,-0,0,17063.571
2,5.3449999999999083,1069,74.883304980320048,23.907884077339173,0.61941738733626761,0.1171574832185345,14.90161924980457,0.052017102838602759,14.901710037614269,0.025000000000000001,0,0,0.011682506075663112,0.008695278565459685,1401.9007290795735,1130.386213509759,-0.024168184522707567,1.7461026699506306,-0.00010812341672296952,-35.043867557925971,2531.8488714284144,-0.27030854180742381,7871.5878125000008,6348.0546875,0,-0,-0,-0,0,17063.571
2,5.3499999999999082,1070,74.943806810446304,23.951369923073738,0.620003173400825,0.11715694260592749,14.901528880811604,0.052018435125572797,14.90161967382255,0.025000000000000001,0,0,0.01168238127296568,0.0086951856670410225,1401.8857527558816,1130.374136715333,-0.024167926337126409,1.7460840158552786,-0.00010812162609595361,-35.043493188833295,2531.821822990154,-0.27030406523988404,7871.5878125000008,6348.0546875,0,-0,-0,-0,0,17063.571
2,5.3549999999999081,1071,75.004282785312682,23.994890945169008,0.62058895676234183,0.11715640200227349,14.90143851374936,0.052019767358858167,14.901529311961536,0.025000000000000001,0,0,0.011682256473331395,0.0086950927709024926,1401.8707767997673,1130.3620602173241,-0.024167668157882145,1.7460653622177746,-0.0001081198355163906,-35.04311882892911,2531.7947752157734,-0.27029958879097649,7871.5878125000008,6348.0546875,0,-0,-0,-0,0,17063.571
2,5.3599999999999079,1072,75.064732884594335,24.038447128097737,0.62117473742086271,0.11715586140757228,14.901348148617769,0.05202109953846152,14.901438952031157,0.025000000000000001,0,0,0.011682131676760141,0.0086949998770440105,1401.8558012112169,1130.3499840157212,-0.024167409984974523,1.7460467090381018,-0.00010811804498398488,-35.042744478213059,2531.7677281052474,-0.27029511245996218,7871.5878125000008,6348.0546875,0,-0,-0,-0,0,17063.571
2,5.3649999999999078,1073,75.125157087975822,24.082038456321015,0.62176051537643251,0.1171553208218236,14.901257785416766,0.052022431664385499,14.901348594031349,0.025000000000000001,0,0,0.011682006883251805,0.008694906985465491,1401.8408259902167,1130.3379081105138,-0.024167151818403312,1.7460280563162436,-0.00010811625449898656,-35.042370136684802,2531.7406816585531,-0.27029063624746641,7871.5878125000008,6348.0546875,0,-0,-0,-0,0,17063.571
2,5.3699999999999077,1074,75.185555375151097,24.125664914288276,0.62234629062909586,0.11715478024502723,14.901167424146278,0.052023763736632755,14.90125823796204,0.025000000000000001,0,0,0.011681882092806271,0.0086948140961668509,1401.8258511367526,1130.3258325016907,-0.024166893658168275,1.7460094040521816,-0.00010811446406178219,-35.041995804343998,2531.7136358756634,-0.2702861601544555,7871.5878125000008,6348.0546875,0,-0,-0,-0,0,17063.571
2,5.3749999999999076,1075,75.245927725823549,24.169326486437306,0.6229320631788976,0.11715423967718294,14.901077064806241,0.05202509575520594,14.901167883823165,0.025000000000000001,0,0,0.011681757305423422,0.0086947212091480035,1401.8108766508105,1130.3137571892405,-0.02416663550426916,1.7459907522458995,-0.0001081126736720762,-35.041621481190283,2531.6865907565543,-0.2702816841801905,7871.5878125000008,6348.0546875,0,-0,-0,-0,0,17063.571
2,5.3799999999999075,1076,75.306274119706003,24.21302315719424,0.6235178330258826,0.11715369911829047,14.900986707396585,0.052026427720107696,14.901077531614654,0.025000000000000001,0,0,0.011681632521103149,0.0086946283244088637,1401.795902532378,1130.3016821731524,-0.024166377356705761,1.7459721008973808,-0.00010811088332950476,-35.041247167223354,2531.6595463012022,-0.2702772083237619,7871.5878125000008,6348.0546875,0,-0,-0,-0,0,17063.571
2,5.3849999999999074,1077,75.366594536520694,24.25675491097358,0.62410360017009547,0.1171531585683496,14.900896351917243,0.052027759631340674,14.900987181336438,0.025000000000000001,0,0,0.011681507739845333,0.0086945354419493467,1401.78092878144,1130.2896074534151,-0.024166119215477809,1.7459534500066072,-0.00010810909303465906,-35.040872862442825,2531.6325025095803,-0.27027273258664763,7871.5878125000008,6348.0546875,0,-0,-0,-0,0,17063.571
2,5.3899999999999073,1078,75.426888955999317,24.300521732178193,0.62468936461158098,0.11715261802736007,14.900805998368147,0.052029091488907518,14.900896832988453,0.025000000000000001,0,0,0.011681382961649864,0.0086944425617693673,1401.7659553979838,1130.2775330300178,-0.024165861080585098,1.7459347995735626,-0.00010810730278717528,-35.040498566848392,2531.6054593816657,-0.27026825696793821,7871.5878125000008,6348.0546875,0,-0,-0,-0,0,17063.571
2,5.3949999999999072,1079,75.487157357883007,24.344323605199317,0.62527512635038396,0.11715207749532167,14.90071564674923,0.052030423292810886,14.900806486570628,0.025000000000000001,0,0,0.011681258186516627,0.0086943496838688388,1401.7509823819953,1130.2654589029491,-0.024165602952027368,1.7459161495982292,-0.00010810551258703072,-35.040124280439684,2531.5784169174322,-0.27026378146757679,7871.5878125000008,6348.0546875,0,-0,-0,-0,0,17063.571
2,5.3999999999999071,1080,75.547399721922346,24.388160514416569,0.62586088538654916,0.11715153697223414,14.900625297060422,0.052031755043053414,14.900716142082899,0.025000000000000001,0,0,0.011681133414445504,0.0086942568082476798,1401.7360097334604,1130.2533850721984,-0.024165344829804394,1.7458975000805901,-0.0001081037224344982,-35.039750003216369,2531.5513751168555,-0.27025930608624549,7871.5878125000008,6348.0546875,0,-0,-0,-0,0,17063.571
2,5.404999999999907,1081,75.607616027877398,24.432032444197951,0.62644664172012121,0.11715099645809726,14.900534949301656,0.052033086739637753,14.900625799525193,0.025000000000000001,0,0,0.011681008645436383,0.0086941639349057999,1401.7210374523659,1130.241311537754,-0.024165086713915936,1.7458788510206282,-0.00010810193232910024,-35.039375735178105,2531.5243339799108,-0.27025483082275059,7871.5878125000008,6348.0546875,0,-0,-0,-0,0,17063.571
2,5.4099999999999069,1082,75.667806255517661,24.475939378899852,0.62703239535114497,0.11715045595291079,14.900444603472865,0.052034418382566554,14.900535458897442,0.025000000000000001,0,0,0.011680883879489151,0.0086940710638431212,1401.7060655386981,1130.2292382996056,-0.024164828604361758,1.7458602024183267,-0.00010810014227140528,-35.03900147632455,2531.4972935065739,-0.27025035567851319,7871.5878125000008,6348.0546875,0,-0,-0,-0,0,17063.571
2,5.4149999999999068,1083,75.727970384622139,24.519881302867059,0.62761814627966517,0.1171499154566745,14.900354259573978,0.052035749971842453,14.900445120199581,0.025000000000000001,0,0,0.011680759116603689,0.0086939781950595534,1401.6910939924428,1130.217165357742,-0.024164570501141621,1.7458415542736687,-0.0001080983522613451,-35.03862722665535,2531.4702536968198,-0.27024588065336275,7871.5878125000008,6348.0546875,0,-0,-0,-0,0,17063.571
2,5.4199999999999067,1084,75.788108394979304,24.563858200432758,0.62820389450572656,0.11714937496938814,14.90026391760493,0.052037081507468108,14.900354783431542,0.025000000000000001,0,0,0.011680634356779889,0.0086938853285550132,1401.6761228135867,1130.2050927121518,-0.024164312404255289,1.7458229065866366,-0.00010809656229853318,-35.038252986170171,2531.443214550623,-0.27024140574633293,7871.5878125000008,6348.0546875,0,-0,-0,-0,0,17063.571
2,5.4249999999999066,1085,75.848220266387102,24.607870055918546,0.62878964002937388,0.11714883449105147,14.900173577565651,0.052038412989446156,14.900264448593255,0.025000000000000001,0,0,0.01168050960001763,0.008693792464329414,1401.6611520021156,1130.1930203628237,-0.024164054313702527,1.7458042593572132,-0.00010809477238321961,-35.037878754868665,2531.416176067959,-0.27023693095804902,7871.5878125000008,6348.0546875,0,-0,-0,-0,0,17063.571
2,5.4299999999999065,1086,75.90830597865299,24.651916853634429,0.62937538285065198,0.11714829402166425,14.900083239456075,0.052039744417779255,14.900174115684651,0.025000000000000001,0,0,0.011680384846316805,0.0086936996023826724,1401.6461815580167,1130.1809483097475,-0.024163796229483107,1.7457856125853819,-0.00010809298251531345,-35.037504532750503,2531.3891382488036,-0.27023245628828363,7871.5878125000008,6348.0546875,0,-0,-0,-0,0,17063.571
2,5.4349999999999064,1087,75.968365511593916,24.695998577878832,0.62996112296960549,0.11714775356122627,14.899992903276132,0.05204107579247004,14.900083784705666,0.025000000000000001,0,0,0.011680260095677292,0.0086936067427147035,1401.6312114812752,1130.1688765529116,-0.024163538151596775,1.7457669662711253,-0.00010809119269520125,-35.037130319815326,2531.3621010931315,-0.27022798173800311,7871.5878125000008,6348.0546875,0,-0,-0,-0,0,17063.571
2,5.4399999999999062,1088,76.028398845036335,24.740115212938605,0.63054686038627916,0.11714721310973726,14.899902569025755,0.052042407113521164,14.899993455656229,0.025000000000000001,0,0,0.011680135348098983,0.0086935138853254205,1401.6162417718779,1130.1568050923047,-0.024163280080043304,1.7457483204144262,-0.00010808940292226908,-35.03675611606279,2531.335064600918,-0.27022350730567268,7871.5878125000008,6348.0546875,0,-0,-0,-0,0,17063.571
2,5.4449999999999061,1089,76.088405958816224,24.784266743089031,0.63113259510071773,0.117146672667197,14.899812236704877,0.052043738380935269,14.899903128536273,0.025000000000000001,0,0,0.011680010603581762,0.0086934210302147402,1401.6012724298114,1130.1447339279161,-0.024163022014822465,1.745729675015268,-0.00010808761319681252,-35.036381921492577,2531.3080287721386,-0.27021903299203132,7871.5878125000008,6348.0546875,0,-0,-0,-0,0,17063.571
2,5.449999999999906,1090,76.148386832779067,24.828453152593827,0.63171832711296605,0.11714613223360525,14.899721906313429,0.052045069594714999,14.899812803345732,0.025000000000000001,0,0,0.011679885862125514,0.0086933281773825758,1401.5863034550616,1130.1326630597348,-0.024162763955934013,1.7457110300736336,-0.00010808582351874066,-35.036007736104317,2531.2809936067688,-0.27021455879685163,7871.5878125000008,6348.0546875,0,-0,-0,-0,0,17063.571
2,5.4549999999999059,1091,76.208341446779869,24.872674425705149,0.63230405642306875,0.11714559180896177,14.899631577851343,0.052046400754863005,14.899722480084534,0.025000000000000001,0,0,0.011679761123730124,0.008693235326828844,1401.5713348476149,1130.1205924877497,-0.024162505903377714,1.7456923855895055,-0.00010808403388816714,-35.035633559897683,2531.253959104783,-0.27021008472041785,7871.5878125000008,6348.0546875,0,-0,-0,-0,0,17063.571
2,5.4599999999999058,1092,76.268269780683198,24.916930546663604,0.63288978303107057,0.11714505139326632,14.899541251318551,0.052047731861381931,14.899632158752615,0.025000000000000001,0,0,0.011679636388395479,0.0086931424785534565,1401.5563666074574,1130.1085222119493,-0.024162247857153325,1.7456737415628665,-0.00010808224430502377,-35.035259392872319,2531.2269252661563,-0.27020561076255944,7871.5878125000008,6348.0546875,0,-0,-0,-0,0,17063.571
2,5.4649999999999057,1093,76.328171814363131,24.961221499698251,0.63347550693701626,0.11714451098651867,14.899450926714985,0.05204906291427442,14.899541839349903,0.025000000000000001,0,0,0.011679511656121463,0.0086930496325563333,1401.5413987345755,1130.0964522323234,-0.024161989817260612,1.7456550979937002,-0.00010808045476946973,-35.034885235027886,2531.1998920908654,-0.27020113692367431,7871.5878125000008,6348.0546875,0,-0,-0,-0,0,17063.571
2,5.4699999999999056,1094,76.388047527703293,25.005547269026607,0.63406122814095067,0.11714397058871857,14.899360604040579,0.052050393913543123,14.899451521876333,0.025000000000000001,0,0,0.011679386926907965,0.008692956788837386,1401.5264312289557,1130.0843825488603,-0.024161731783699347,1.7456364548819894,-0.00010807866528134582,-35.034511086364056,2531.1728595788845,-0.27019666320336455,7871.5878125000008,6348.0546875,0,-0,-0,-0,0,17063.571
2,5.4749999999999055,1095,76.447896900596888,25.049907838854661,0.63464694664291843,0.11714343019986581,14.899270283295262,0.052051724859190678,14.899361206331838,0.025000000000000001,0,0,0.011679262200754869,0.0086928639473965296,1401.5114640905842,1130.0723131615489,-0.024161473756469293,1.7456178122277162,-0.00010807687584053837,-35.034136946880473,2531.1458277301886,-0.27019218960134594,7871.5878125000008,6348.0546875,0,-0,-0,-0,0,17063.571
2,5.4799999999999054,1096,76.507719912946641,25.094303193376863,0.63523266244296428,0.11714288981996013,14.89917996447897,0.052053055751219733,14.899270892716348,0.025000000000000001,0,0,0.01167913747766206,0.0086927711082336791,1401.4964973194471,1130.0602440703783,-0.024161215735570198,1.7455991700308644,-0.00010807508644697918,-35.03376281657679,2531.1187965447534,-0.27018771611744796,7871.5878125000008,6348.0546875,0,-0,-0,-0,0,17063.571
2,5.4849999999999053,1097,76.567516544664883,25.138733316776147,0.63581837554113296,0.11714234944900129,14.899089647591632,0.052054386589632934,14.899180581029796,0.025000000000000001,0,0,0.011679012757629427,0.0086926782713487461,1401.4815309155313,1130.0481752753369,-0.024160957721001852,1.7455805282914163,-0.00010807329710057729,-35.033388695452686,2531.0917660225537,-0.27018324275144323,7871.5878125000008,6348.0546875,0,-0,-0,-0,0,17063.571
2,5.4899999999999052,1098,76.627286775673483,25.183198193223927,0.63640408593746922,0.11714180908698907,14.89899933263318,0.052055717374432917,14.899090271272112,0.025000000000000001,0,0,0.011678888040656851,0.0086925854367416559,1401.4665648788221,1130.0361067764152,-0.024160699712763994,1.7455618870093557,-0.00010807150780219672,-35.033014583507793,2531.0647361635656,-0.2701787695054918,7871.5878125000008,6348.0546875,0,-0,-0,-0,0,17063.571
2,5.4949999999999051,1099,76.687030585903912,25.227697806880101,0.6369897936320178,0.11714126873392322,14.898909019603547,0.052057048105622332,14.898999963443231,0.025000000000000001,0,0,0.01167876332674422,0.0086924926044123149,1401.4515992093063,1130.024038573601,-0.024160441710856396,1.7455432461846647,-0.00010806971855126903,-35.032640480741776,2531.0377069677638,-0.27017429637817258,7871.5878125000008,6348.0546875,0,-0,-0,-0,0,17063.571
2,5.499999999999905,1100,76.746747955297209,25.27223214189307,0.63757549862482343,0.11714072838980351,14.898818708502665,0.052058378783203824,14.898909657543083,0.025000000000000001,0,0,0.011678638615891419,0.0086923997743606398,1401.4366339069704,1130.0119706668831,-0.024160183715278834,1.7455246058173268,-0.0001080679293474077,-35.032266387154309,2531.0106784351237,-0.27016982336851925,7871.5878125000008,6348.0546875,0,-0,-0,-0,0,17063.571
2,5.5049999999999049,1101,76.806438863804019,25.316801182399733,0.63816120091593076,0.1171401880546297,14.898728399330466,0.052059709407180035,14.8988193535716,0.025000000000000001,0,0,0.011678513908098338,0.0086923069465865456,1401.4216689718005,1129.999903056251,-0.02415992572603105,1.7455059659073244,-0.00010806614019111294,-35.031892302745021,2530.9836505656203,-0.27016535047778234,7871.5878125000008,6348.0546875,0,-0,-0,-0,0,17063.571
2,5.5099999999999048,1102,76.866103291384576,25.361404912525487,0.63874690050538463,0.11713964772840155,14.898638092086882,0.052061039977553618,14.898729051528717,0.025000000000000001,0,0,0.011678389203364855,0.008692214121089949,1401.4067044037827,1129.9878357416933,-0.024159667743112817,1.7454873264546404,-0.00010806435108220285,-35.031518227513587,2530.9566233592286,-0.27016087770550712,7871.5878125000008,6348.0546875,0,-0,-0,-0,0,17063.571
2,5.5149999999999046,1103,76.92574121800871,25.406043316384249,0.63933259739322967,0.11713910741111883,14.898547786771845,0.052062370494327208,14.898638751414362,0.025000000000000001,0,0,0.011678264501690863,0.0086921212978707633,1401.3917402029035,1129.9757687231993,-0.024159409766523907,1.7454686874592586,-0.00010806256202085933,-35.031144161459665,2530.9295968159249,-0.27015640505214833,7871.5878125000008,6348.0546875,0,-0,-0,-0,0,17063.571
2,5.5199999999999045,1104,76.985352623655885,25.45071637807845,0.63991829157951075,0.1171385671027813,14.898457483385288,0.052063700957503449,14.898548453228472,0.025000000000000001,0,0,0.011678139803076243,0.0086920284769289053,1401.3767763691492,1129.9637020007576,-0.024159151796264072,1.7454500489211606,-0.00010806077300701417,-35.030770104582906,2530.9025709356829,-0.27015193251753544,7871.5878125000008,6348.0546875,0,-0,-0,-0,0,17063.571
2,5.5249999999999044,1105,77.044937488315185,25.495424081699046,0.64050398306427248,0.11713802680338871,14.898367181927142,0.052065031367084978,14.898458156970975,0.025000000000000001,0,0,0.011678015107520886,0.0086919356582642847,1401.3618129025062,1129.9516355743569,-0.024158893832333089,1.7454314108403306,-0.00010805898404016716,-35.030396056882978,2530.8755457184793,-0.2701474601004179,7871.5878125000008,6348.0546875,0,-0,-0,-0,0,17063.571
2,5.5299999999999043,1106,77.104495791985286,25.540166411325522,0.64108967184755961,0.11713748651294084,14.89827688239734,0.052066361723074446,14.898367862641804,0.025000000000000001,0,0,0.011677890415024672,0.0086918428418768234,1401.3468498029606,1129.939569443987,-0.024158635874730706,1.7454127732167508,-0.00010805719512111409,-35.030022018359524,2530.8485211642887,-0.27014298780278523,7871.5878125000008,6348.0546875,0,-0,-0,-0,0,17063.571
2,5.5349999999999042,1107,77.16402751467453,25.584943351025899,0.64167535792941688,0.11713694623143744,14.898186584795814,0.052067692025474496,14.898277570240891,0.025000000000000001,0,0,0.011677765725587493,0.0086917500277664313,1401.3318870704991,1129.927503609636,-0.024158377923456702,1.7453941360504046,-0.00010805540624905915,-35.029647989012219,2530.8214972730866,-0.2701385156226479,7871.5878125000008,6348.0546875,0,-0,-0,-0,0,17063.571
2,5.5399999999999041,1108,77.223532636400861,25.629754884856734,0.64226104130988892,0.1171364059588783,14.898096289122496,0.052069022274287773,14.89818727976817,0.025000000000000001,0,0,0.011677641039209227,0.0086916572159330269,1401.3169247051073,1129.9154380712935,-0.024158119978510827,1.7453754993412745,-0.00010805361742472996,-35.029273968840698,2530.7944740448479,-0.27013404356182491,7871.5878125000008,6348.0546875,0,-0,-0,-0,0,17063.571
2,5.544999999999904,1109,77.283011137191906,25.674600996863138,0.6428467219890206,0.11713586569526314,14.898005995377316,0.052070352469516912,14.89809699122357,0.025000000000000001,0,0,0.011677516355889764,0.008691564406376525,1401.3019627067717,1129.9033728289482,-0.024157862039892848,1.7453568630893435,-0.00010805182864801281,-35.028899957844629,2530.7674514795481,-0.27012957162003204,7871.5878125000008,6348.0546875,0,-0,-0,-0,0,17063.571
2,5.5499999999999039,1110,77.342462997084922,25.719481671078771,0.64343239996685653,0.11713532544059177,14.897915703560209,0.052071682611164564,14.898006704607024,0.025000000000000001,0,0,0.011677391675628992,0.0086914715990968391,1401.2870010754791,1129.891307882589,-0.024157604107602537,1.7453382272945948,-0.0001080500399184075,-35.028525956023678,2530.7404295771626,-0.27012509979601873,7871.5878125000008,6348.0546875,0,-0,-0,-0,0,17063.571
2,5.5549999999999038,1111,77.401888196126819,25.764396891525855,0.64401807524344146,0.11713478519486392,14.897825413671105,0.052073012699233368,14.897916419918465,0.025000000000000001,0,0,0.011677266998426795,0.0086913787940938857,1401.2720398112153,1129.8792432322052,-0.024157346181639647,1.7453195919570117,-0.00010804825123661885,-35.028151963377489,2530.7134083376668,-0.27012062809154713,7871.5878125000008,6348.0546875,0,-0,-0,-0,0,17063.571
2,5.5599999999999037,1112,77.461286714374168,25.809346642215171,0.64460374781882013,0.11713424495807936,14.897735125709939,0.052074342733725965,14.897826137157827,0.025000000000000001,0,0,0.011677142324283057,0.0086912859913675766,1401.2570789139668,1129.8671788777849,-0.02415708826200395,1.7453009570765758,-0.00010804646260180562,-35.027777979905729,2530.6863877610349,-0.27011615650451404,7871.5878125000008,6348.0546875,0,-0,-0,-0,0,17063.571
2,5.5649999999999036,1113,77.520658531893233,25.854330907146075,0.64518941769303717,0.11713370473023786,14.897644839676641,0.052075672714644992,14.897735856325038,0.025000000000000001,0,0,0.011677017653197666,0.0086911931909178317,1401.2421183837198,1129.855114819318,-0.024156830348695209,1.7452823226532708,-0.00010804467401471811,-35.027404005608055,2530.6593678472427,-0.27011168503679528,7871.5878125000008,6348.0546875,0,-0,-0,-0,0,17063.571
2,5.5699999999999035,1114,77.580003628759926,25.899349670306496,0.64577508486613744,0.11713316451133918,14.897554555571142,0.052077002641993102,14.897645577420034,0.025000000000000001,0,0,0.011676892985170507,0.008691100392744561,1401.2271582204608,1129.843051056793,-0.024156572441713181,1.7452636886870805,-0.0001080428854749698,-35.027030040484114,2530.6323485962666,-0.27010721368742452,7871.5878125000008,6348.0546875,0,-0,-0,-0,0,17063.571
2,5.5749999999999034,1115,77.639321985059865,25.944402915672946,0.64636074933816556,0.11713262430138308,14.897464273393377,0.052078332515772929,14.897555300442743,0.025000000000000001,0,0,0.011676768320201467,0.008691007596847683,1401.212198424176,1129.8309875901987,-0.024156314541057645,1.7452450551779863,-0.0001080410969823788,-35.026656084533585,2530.6053300080803,-0.27010274245594701,7871.5878125000008,6348.0546875,0,-0,-0,-0,0,17063.571
2,5.5799999999999033,1116,77.698613580888349,25.989490627210529,0.64694641110916618,0.11713208410036931,14.897373993143276,0.052079662335987119,14.8974650253931,0.025000000000000001,0,0,0.011676643658290431,0.0086909148032271091,1401.1972389948517,1129.8189244195241,-0.02415605664672835,1.7452264221259721,-0.00010803930853726342,-35.026282137756105,2530.5783120826595,-0.27009827134315856,7871.5878125000008,6348.0546875,0,-0,-0,-0,0,17063.571
2,5.5849999999999032,1117,77.757878396350378,26.034612788872938,0.64753207017918413,0.11713154390829765,14.897283714820773,0.052080992102638307,14.897374752271039,0.025000000000000001,0,0,0.011676518999437285,0.0086908220118827595,1401.1822799324741,1129.8068615447587,-0.024155798758725065,1.745207789531021,-0.00010803752013978283,-35.025908200151342,2530.5512948199803,-0.27009380034945707,7871.5878125000008,6348.0546875,0,-0,-0,-0,0,17063.571
2,5.589999999999903,1118,77.817116411560633,26.079769384602471,0.64811772654826405,0.11713100372516787,14.897193438425798,0.052082321815729138,14.897284481076488,0.025000000000000001,0,0,0.011676394343641915,0.0086907292228145475,1401.1673212370297,1129.7947989658912,-0.024155540877047549,1.7451891573931153,-0.00010803573178966416,-35.025534271718946,2530.5242782200171,-0.27008932947416042,7871.5878125000008,6348.0546875,0,-0,-0,-0,0,17063.571
2,5.5949999999999029,1119,77.876327606643528,26.124960398330028,0.64870338021645069,0.11713046355097971,14.897103163958286,0.052083651475262255,14.897194211809383,0.025000000000000001,0,0,0.011676269690904208,0.0086906364360223847,1401.152362908505,1129.7827366829099,-0.024155283001695581,1.7451705257122383,-0.00010803394348654365,-35.025160352458592,2530.4972622827454,-0.27008485871635912,7871.5878125000008,6348.0546875,0,-0,-0,-0,0,17063.571
2,5.5999999999999028,1120,77.935511961733184,26.17018581397512,0.64928903118378878,0.11712992338573296,14.897012891418168,0.052084981081240295,14.897103944469652,0.025000000000000001,0,0,0.011676145041224049,0.0086905436515061878,1401.1374049468859,1129.7706746958045,-0.024155025132668911,1.7451518944883726,-0.00010803215523089876,-35.024786442369923,2530.4702470081402,-0.27008038807724688,7871.5878125000008,6348.0546875,0,-0,-0,-0,0,17063.571
2,5.6049999999999027,1121,77.994669456973455,26.215445615445876,0.64987467945032296,0.11712938322942736,14.896922620805373,0.052086310633665901,14.897013679057231,0.025000000000000001,0,0,0.011676020394601323,0.0086904508692658769,1401.1224473521588,1129.758613004564,-0.02415476726996731,1.7451332637215016,-0.00010803036702300233,-35.024412541452598,2530.4432323961773,-0.27007591755750582,7871.5878125000008,6348.0546875,0,-0,-0,-0,0,17063.571
2,5.6099999999999026,1122,78.053800072517902,26.260739786639054,0.65046032501609796,0.11712884308206267,14.896832352119837,0.052087640132541711,14.896923415572051,0.025000000000000001,0,0,0.011675895751035918,0.0086903580893013584,1401.1074901243101,1129.7465516091765,-0.024154509413590534,1.7451146334116079,-0.00010802857886194489,-35.024038649706277,2530.4162184468314,-0.2700714471548622,7871.5878125000008,6348.0546875,0,-0,-0,-0,0,17063.571
2,5.6149999999999025,1123,78.11290378852982,26.306068311440036,0.65104596788115854,0.11712830294363868,14.89674208536149,0.052088969577870368,14.89683315401404,0.025000000000000001,0,0,0.011675771110527715,0.008690265311612556,1401.0925332633258,1129.7344905096322,-0.024154251563538353,1.7450960035586749,-0.00010802679074874959,-35.023664767130612,2530.3892051600787,-0.27006697687187398,7871.5878125000008,6348.0546875,0,-0,-0,-0,0,17063.571
2,5.6199999999999024,1124,78.171980585182268,26.35143117372284,0.65163160804554932,0.11712776281415514,14.896651820530266,0.052090298969654517,14.896742894383136,0.025000000000000001,0,0,0.011675646473076605,0.0086901725361993813,1401.0775767691925,1129.7224297059195,-0.024153993719810529,1.7450773741626855,-0.00010802500268296172,-35.023290893725267,2530.3621925358939,-0.27006250670740428,7871.5878125000008,6348.0546875,0,-0,-0,-0,0,17063.571
2,5.6249999999999023,1125,78.231030442658039,26.396828357350127,0.65221724550931504,0.11712722269361181,14.896561557626097,0.052091628307896792,14.896652636679269,0.025000000000000001,0,0,0.011675521838682472,0.0086900797630617456,1401.0626206418967,1129.7103691980269,-0.024153735882406831,1.7450587452236217,-0.00010802321466437661,-35.022917029489903,2530.3351805742514,-0.27005803666094153,7871.5878125000008,6348.0546875,0,-0,-0,-0,0,17063.571
2,5.6299999999999022,1126,78.290053341149687,26.442259846173204,0.65280288027250033,0.11712668258200845,14.896471296648913,0.052092957592599833,14.89656238090237,0.025000000000000001,0,0,0.011675397207345204,0.0086899869921995693,1401.0476648814245,1129.6983089859441,-0.024153478051327015,1.745040116741468,-0.00010802142669328987,-35.022543174424172,2530.3081692751284,-0.27005356673322467,7871.5878125000008,6348.0546875,0,-0,-0,-0,0,17063.571
2,5.6349999999999021,1127,78.349049260859516,26.487725624032031,0.65338851233514994,0.11712614247934483,14.896381037598648,0.052094286823766281,14.896472127052373,0.025000000000000001,0,0,0.011675272579064684,0.0086898942236127638,1401.0327094877621,1129.6862490696592,-0.024153220226570848,1.7450214887162054,-0.00010801963876933769,-35.022169328527731,2530.2811586384978,-0.27004909692334422,7871.5878125000008,6348.0546875,0,-0,-0,-0,0,17063.571
2,5.639999999999902,1128,78.408018181999608,26.533225674755229,0.65397414169730861,0.11712560238562071,14.896290780475233,0.052095616001398774,14.896381875129208,0.025000000000000001,0,0,0.011675147953840798,0.0086898014573012477,1401.0177544608957,1129.6741894491622,-0.024152962408138096,1.7450028611478188,-0.00010801785089308851,-35.021795491800241,2530.2541486643372,-0.27004462723272127,7871.5878125000008,6348.0546875,0,-0,-0,-0,0,17063.571
2,5.6449999999999019,1129,78.466960084791822,26.578759982160083,0.65455976835902108,0.11712506230083586,14.896200525278601,0.052096945125499949,14.896291625132811,0.025000000000000001,0,0,0.011675023331673433,0.0086897086932649342,1401.002799800812,1129.6621301244415,-0.024152704596028522,1.7449842340362902,-0.00010801606306415579,-35.021421664241359,2530.2271393526207,-0.27004015766038947,7871.5878125000008,6348.0546875,0,-0,-0,-0,0,17063.571
2,5.6499999999999018,1130,78.525874949467777,26.624328530052548,0.65514539232033187,0.11712452222499002,14.896110272008684,0.05209827419607245,14.896201377063109,0.025000000000000001,0,0,0.011674898712562477,0.00868961593150374,1400.9878455074972,1129.6500710954863,-0.024152446790241894,1.7449656073816029,-0.00010801427528263048,-35.021047845850745,2530.2001307033242,-0.2700356882065762,7871.5878125000008,6348.0546875,0,-0,-0,-0,0,17063.571
2,5.6549999999999017,1131,78.584762756268887,26.669931302227255,0.65573101358128583,0.11712398215808298,14.896020020665414,0.05209960321311892,14.896111130920037,0.025000000000000001,0,0,0.011674774096507813,0.0086895231720175766,1400.9728915809376,1129.6380123622851,-0.024152188990777968,1.7449469811837393,-0.00010801248754835342,-35.020674036628051,2530.1731227164219,-0.27003121887088355,7871.5878125000008,6348.0546875,0,-0,-0,-0,0,17063.571
2,5.6599999999999016,1132,78.643623485446369,26.715568282467522,0.65631663214192759,0.11712344210011449,14.895929771248724,0.052100932176641995,14.896020886703528,0.025000000000000001,0,0,0.011674649483509327,0.0086894304148063609,1400.9579380211192,1129.6259539248269,-0.024151931197636509,1.744928355442682,-0.00010801069986155199,-35.020300236572936,2530.146115391889,-0.27002674965387996,7871.5878125000008,6348.0546875,0,-0,-0,-0,0,17063.571
2,5.6649999999999014,1133,78.702457117261233,26.761239454545358,0.6569022480023019,0.11712290205108432,14.895839523758546,0.052102261086644307,14.895930644413514,0.025000000000000001,0,0,0.011674524873566907,0.0086893376598700077,1400.9429848280288,1129.613895783101,-0.024151673410817285,1.7449097301584156,-0.00010800891222195333,-35.019926445685066,2530.1191087297025,-0.27002228055488331,7871.5878125000008,6348.0546875,0,-0,-0,-0,0,17063.571
2,5.6699999999999013,1134,78.761263631984278,26.806944802221459,0.65748786116245339,0.11712236201099223,14.895749278194812,0.052103589943128505,14.895840404049924,0.025000000000000001,0,0,0.011674400266680436,0.0086892449072084356,1400.9280320016524,1129.6018379370967,-0.024151415630320062,1.7448911053309217,-0.00010800712462998945,-35.019552663964092,2530.0921027298364,-0.27001781157497362,7871.5878125000008,6348.0546875,0,-0,-0,-0,0,17063.571
2,5.6749999999999012,1135,78.820043009896153,26.852684309245227,0.65807347162242669,0.11712182197983798,14.895659034557454,0.052104918746097219,14.895750165612696,0.025000000000000001,0,0,0.011674275662849804,0.0086891521568215561,1400.9130795419765,1129.5897803868022,-0.024151157856144603,1.7448724809601839,-0.00010800533708518287,-35.019178891409673,2530.0650973922666,-0.27001334271295718,7871.5878125000008,6348.0546875,0,-0,-0,-0,0,17063.571
2,5.6799999999999011,1136,78.878795231287285,26.898457959354765,0.65865907938226664,0.11712128195762132,14.895568792846404,0.052106247495553093,14.895659929101758,0.025000000000000001,0,0,0.011674151062074896,0.0086890594087092841,1400.8981274489875,1129.577723132207,-0.024150900088290673,1.7448538570461849,-0.00010800354958792014,-35.018805128021476,2530.0380927169681,-0.27000887396980033,7871.5878125000008,6348.0546875,0,-0,-0,-0,0,17063.571
2,5.684999999999901,1137,78.93752027645796,26.9442657362769,0.65924468444201778,0.11712074194434205,14.895478553061595,0.052107576191498757,14.895569694517041,0.025000000000000001,0,0,0.011674026464355596,0.0086889666628715348,1400.8831757226715,1129.5656661732996,-0.02415064232675803,1.7448352335889072,-0.00010800176213781469,-35.018431373799146,2530.0110887039154,-0.27000440534453674,7871.5878125000008,6348.0546875,0,-0,-0,-0,0,17063.571
2,5.6899999999999009,1138,78.996218125718272,26.990107623727166,0.65983028680172495,0.1171202019399999,14.895388315202959,0.052108904833936855,14.895479461858482,0.025000000000000001,0,0,0.011673901869691791,0.0086888739193082265,1400.8682243630149,1129.5536095100695,-0.024150384571546446,1.7448166105883347,-0.00010799997473507119,-35.018057628742348,2529.9840853530854,-0.26999993683767798,7871.5878125000008,6348.0546875,0,-0,-0,-0,0,17063.571
2,5.6949999999999008,1139,79.054888759388149,27.035983605409829,0.66041588646143268,0.11711966194459465,14.895298079270427,0.05211023342287003,14.895389231126009,0.025000000000000001,0,0,0.011673777278083363,0.0086887811780192708,1400.8532733700035,1129.5415531425051,-0.024150126822655674,1.7447979880444495,-0.00010799818737991699,-35.017683892850727,2529.9570826644517,-0.2699954684497925,7871.5878125000008,6348.0546875,0,-0,-0,-0,0,17063.571
2,5.6999999999999007,1140,79.113532157797394,27.081893665017883,0.66100148342118581,0.11711912195812606,14.895207845263933,0.052111561958300912,14.895299002319556,0.025000000000000001,0,0,0.011673652689530207,0.0086886884390045861,1400.8383227436248,1129.5294970705961,-0.024149869080085491,1.7447793659572355,-0.00010799640007187464,-35.017310166123963,2529.9300806379915,-0.26999100017968658,7871.5878125000008,6348.0546875,0,-0,-0,-0,0,17063.571
2,5.7049999999999006,1141,79.172148301285631,27.127837786233059,0.66158707768102887,0.11711858198059388,14.895117613183407,0.052112890440232137,14.895208775439054,0.025000000000000001,0,0,0.011673528104032202,0.008688595702264084,1400.8233724838642,1129.5174412943309,-0.024149611343835656,1.7447607443266748,-0.00010799461281133062,-35.016936448561701,2529.9030792736785,-0.26998653202832656,7871.5878125000008,6348.0546875,0,-0,-0,-0,0,17063.571
2,5.7099999999999005,1142,79.230737170202346,27.173815952725832,0.6621726692410066,0.11711804201199789,14.895027383028784,0.052114218868666351,14.895118550484439,0.025000000000000001,0,0,0.011673403521589236,0.0086885029677976813,1400.8084225907082,1129.5053858136985,-0.024149353613905928,1.7447421231527507,-0.0001079928255980576,-35.016562740163593,2529.8760785714885,-0.26998206399514402,7871.5878125000008,6348.0546875,0,-0,-0,-0,0,17063.571
2,5.7149999999999004,1143,79.289298744906901,27.219828148155425,0.66275825810116373,0.11711750205233785,14.894937154799996,0.052115547243606182,14.895028327455638,0.025000000000000001,0,0,0.011673278942201196,0.0086884102356052945,1400.7934730641434,1129.4933306286882,-0.024149095890296082,1.7447235024354462,-0.00010799103843235116,-35.016189040929319,2529.849078531397,-0.2699775960808779,7871.5878125000008,6348.0546875,0,-0,-0,-0,0,17063.571
2,5.7199999999999003,1144,79.347833005768521,27.265874356169814,0.66334384426154491,0.11711696210161353,14.894846928496973,0.052116875565054274,14.894938106352585,0.025000000000000001,0,0,0.011673154365867968,0.0086883175056868354,1400.7785239041561,1129.4812757392885,-0.024148838173005879,1.7447048821747444,-0.00010798925131352916,-35.015815350858524,2529.8220791533795,-0.26997312828382292,7871.5878125000008,6348.0546875,0,-0,-0,-0,0,17063.571
2,5.7249999999999002,1145,79.406339933166308,27.311954560405738,0.66392942772219476,0.11711642215982468,14.894756704119647,0.052118203833013257,14.894847887175214,0.025000000000000001,0,0,0.011673029792589433,0.008688224778042224,1400.7635751107321,1129.4692211454892,-0.024148580462035073,1.7446862623706278,-0.00010798746424256934,-35.015441669950853,2529.7950804374104,-0.26996866060642333,7871.5878125000008,6348.0546875,0,-0,-0,-0,0,17063.571
2,5.7299999999999001,1146,79.464819507489239,27.358068744488701,0.66451500848315803,0.11711588222697106,14.894666481667953,0.052119532047485775,14.894757669923456,0.025000000000000001,0,0,0.011672905222365483,0.0086881320526713719,1400.748626683858,1129.4571668472784,-0.024148322757383434,1.7446676430230799,-0.00010798567721892596,-35.015067998205978,2529.7680823834658,-0.26996419304731489,7871.5878125000008,6348.0546875,0,-0,-0,-0,0,17063.571
2,5.7349999999999,1147,79.523271709136182,27.404216892032981,0.66510058654447934,0.11711534230305244,14.89457626114182,0.052120860208474465,14.894667454597244,0.025000000000000001,0,0,0.011672780655196002,0.0086880393295741942,1400.7336786235203,1129.4451128446453,-0.024148065059050729,1.7446490241320831,-0.00010798389024246262,-35.01469433562356,2529.7410849915204,-0.26995972560615655,7871.5878125000008,6348.0546875,0,-0,-0,-0,0,17063.571
2,5.7399999999998998,1148,79.581696518515898,27.45039898664163,0.66568616190620344,0.11711480238806858,14.894486042541184,0.052122188315981956,14.894577241196508,0.025000000000000001,0,0,0.011672656091080877,0.0086879466087506074,1400.7187309297053,1129.433059137579,-0.024147807367036728,1.744630405697621,-0.000107982103313293,-35.014320682203255,2529.7140882615504,-0.26995525828323252,7871.5878125000008,6348.0546875,0,-0,-0,-0,0,17063.571
2,5.7449999999998997,1149,79.640093916047064,27.496615011906496,0.66627173456837496,0.11711426248201925,14.894395825865974,0.052123516370010892,14.894487029721182,0.025000000000000001,0,0,0.011672531530019993,0.0086878538902005267,1400.7037836023992,1129.4210057260684,-0.024147549681341186,1.7446117877196758,-0.00010798031643162176,-35.013947037944718,2529.6870921935301,-0.2699507910790544,7871.5878125000008,6348.0546875,0,-0,-0,-0,0,17063.571
2,5.7499999999998996,1150,79.698463882158265,27.542864951408205,0.66685730453103853,0.11711372258490421,14.894305611116124,0.052124844370563903,14.894396820171199,0.025000000000000001,0,0,0.011672406972013237,0.0086877611739238653,1400.6888366415885,1129.4089526101025,-0.024147292001963871,1.7445931701982313,-0.00010797852959706233,-35.013573402847612,2529.6600967874356,-0.26994632399265583,7871.5878125000008,6348.0546875,0,-0,-0,-0,0,17063.571
2,5.7549999999998995,1151,79.756806397287974,27.589148788716187,0.66744287179423889,0.11711318269672323,14.894215398291566,0.052126172317643625,14.894306612546488,0.025000000000000001,0,0,0.011672282417060493,0.00868766845992054,1400.6738900472592,1129.3968997896702,-0.02414703432890454,1.7445745531332699,-0.00010797674281000126,-35.013199776911584,2529.6331020432413,-0.26994185702500317,7871.5878125000008,6348.0546875,0,-0,-0,-0,0,17063.571
2,5.7599999999998994,1152,79.815121441884614,27.635466507388674,0.66802843635802067,0.11711264281747606,14.894125187392232,0.052127500211252696,14.894216406846986,0.025000000000000001,0,0,0.01167215786516165,0.0086875757481904674,1400.658943819398,1129.3848472647608,-0.024146776662162975,1.7445559365247749,-0.00010797495607021119,-35.012826160136314,2529.6061079609235,-0.26993739017552798,7871.5878125000008,6348.0546875,0,-0,-0,-0,0,17063.571
2,5.7649999999998993,1153,79.873408996406525,27.681818090972708,0.66861399822242851,0.11711210294716248,14.894034978418054,0.052128828051393752,14.894126203072622,0.025000000000000001,0,0,0.011672033316316589,0.0086874830387335643,1400.6439979579907,1129.3727950353634,-0.024146519001738913,1.7445373203727292,-0.00010797316937835149,-35.012452552521424,2529.5791145404573,-0.26993292344587871,7871.5878125000008,6348.0546875,0,-0,-0,-0,0,17063.571
2,5.7699999999998992,1154,79.931669041321967,27.72820352300414,0.66919955738750714,0.11711156308578224,14.893944771368965,0.052130155838069431,14.894036001223329,0.025000000000000001,0,0,0.011671908770525203,0.0086873903315497387,1400.6290524630242,1129.3607431014661,-0.024146261347632144,1.7445187046771158,-0.00010797138273330802,-35.01207895406661,2529.5521217818177,-0.26992845683327005,7871.5878125000008,6348.0546875,0,-0,-0,-0,0,17063.571
2,5.7749999999998991,1155,79.98990155710915,27.774622787007651,0.66978511385330119,0.11711102323333511,14.893854566244896,0.052131483571282361,14.893945801299038,0.025000000000000001,0,0,0.011671784227787373,0.008687297626638911,1400.6141073344847,1129.3486914630585,-0.024146003699842419,1.7445000894379172,-0.00010796959613555827,-35.011705364771508,2529.5251296849801,-0.26992399033889569,7871.5878125000008,6348.0546875,0,-0,-0,-0,0,17063.571
2,5.779999999999899,1156,80.048106524256241,27.821075866496738,0.67037066761985531,0.11711048338982084,14.893764363045781,0.05213281125103518,14.893855603299686,0.025000000000000001,0,0,0.011671659688102989,0.0086872049240009977,1400.5991625723586,1129.3366401201297,-0.024145746058369513,1.7444814746551172,-0.00010796780958530689,-35.011331784635793,2529.49813824992,-0.26991952396326724,7871.5878125000008,6348.0546875,0,-0,-0,-0,0,17063.571
2,5.7849999999998989,1157,80.106283923261344,27.867562744973739,0.67095621868721422,0.11710994355523921,14.893674161771552,0.052134138877330524,14.893765407225199,0.025000000000000001,0,0,0.011671535151471934,0.0086871122236359087,1400.584218176632,1129.3245890726682,-0.024145488423213179,1.744462860328698,-0.00010796602308230376,-35.010958213659109,2529.4711474766123,-0.26991505770575941,7871.5878125000008,6348.0546875,0,-0,-0,-0,0,17063.571
2,5.7899999999998988,1158,80.164433734632524,27.91408340592983,0.67154176705542257,0.11710940372958997,14.89358396242214,0.052135466450171031,14.893675213075515,0.025000000000000001,0,0,0.011671410617894095,0.0086870195255435642,1400.5692741472915,1129.3125383206634,-0.024145230794373185,1.7444442464586434,-0.00010796423662659436,-35.010584651841121,2529.4441573650329,-0.26991059156648589,7871.5878125000008,6348.0546875,0,-0,-0,-0,0,17063.571
2,5.7949999999998987,1159,80.222555938887822,27.96063783284503,0.67212731272452497,0.1171088639128729,14.893493764997478,0.052136793969559329,14.89358502085056,0.025000000000000001,0,0,0.011671286087369359,0.0086869268297238757,1400.5543304843231,1129.3004878641038,-0.024144973171849299,1.7444256330449355,-0.00010796245021813319,-35.010211099181483,2529.4171679151564,-0.269906125545333,7871.5878125000008,6348.0546875,0,-0,-0,-0,0,17063.571
2,5.7999999999998986,1160,80.280650516555241,28.007226009188212,0.67271285569456618,0.11710832410508774,14.893403569497497,0.052138121435498057,14.893494830550269,0.025000000000000001,0,0,0.011671161559897612,0.00868683413617676,1400.5393871877134,1129.2884377029789,-0.02414471555564128,1.7444070200875577,-0.00010796066385698851,-35.009837555679859,2529.3901791269586,-0.26990165964247126,7871.5878125000008,6348.0546875,0,-0,-0,-0,0,17063.571
2,5.8049999999998985,1161,80.338717448172758,28.053847918417102,0.67329839596559071,0.11710778430623428,14.893313375922132,0.05213944884798985,14.893404642174577,0.025000000000000001,0,0,0.011671037035478738,0.0086867414449021355,1400.5244442574485,1129.2763878372775,-0.024144457945748897,1.7443884075864933,-0.00010795887754345586,-35.009464021335901,2529.3631910004151,-0.26989719385863964,7871.5878125000008,6348.0546875,0,-0,-0,-0,0,17063.571
2,5.8099999999998984,1162,80.396756714288344,28.100503543978292,0.67388393353764331,0.11710724451631227,14.893223184271312,0.052140776207037338,14.893314455723413,0.025000000000000001,0,0,0.011670912514112623,0.0086866487558999155,1400.5095016935147,1129.2643382669889,-0.02414420034217191,1.7443697955417243,-0.00010795709127735336,-35.00909049614927,2529.3362035355003,-0.26989272819338339,7871.5878125000008,6348.0546875,0,-0,-0,-0,0,17063.571
2,5.8149999999998983,1163,80.454768295459957,28.147192869307244,0.67446946841076871,0.11710670473532146,14.893132994544972,0.052142103512643159,14.893224271196711,0.025000000000000001,0,0,0.011670787995799157,0.0086865560691700098,1400.4945594958988,1129.2522889921013,-0.02414394274491009,1.7443511839532349,-0.00010795530505818079,-35.00871698011963,2529.3092167321906,-0.26988826264545196,7871.5878125000008,6348.0546875,0,-0,-0,-0,0,17063.571
2,5.8199999999998981,1164,80.512752172255546,28.193915877828292,0.67505500058501144,0.11710616496326164,14.893042806743043,0.052143430764809942,14.893134088594403,0.025000000000000001,0,0,0.011670663480538223,0.008686463384712342,1400.4796176645868,1129.2402400126045,-0.024143685153963194,1.7443325728210075,-0.00010795351888662026,-35.008343473246633,2529.282230590461,-0.26988379721655065,7871.5878125000008,6348.0546875,0,-0,-0,-0,0,17063.571
2,5.824999999999898,1165,80.570708325253065,28.240672552954656,0.67564053006041624,0.11710562520013255,14.892952620865458,0.052144757963540331,14.893043907916418,0.025000000000000001,0,0,0.011670538968329707,0.008686370702526822,1400.4646761995648,1129.2281913284869,-0.024143427569330987,1.7443139621450245,-0.0001079517327624444,-35.007969975529932,2529.2552451102856,-0.26987933190611102,7871.5878125000008,6348.0546875,0,-0,-0,-0,0,17063.571
2,5.8299999999998979,1166,80.628636735040487,28.287462878088441,0.67622605683702774,0.11710508544593397,14.892862436912148,0.052146085108836948,14.892953729162695,0.025000000000000001,0,0,0.011670414459173497,0.0086862780226133664,1400.4497351008197,1129.2161429397377,-0.024143169991013239,1.7442953519252704,-0.0001079499466852667,-35.007596486969199,2529.2282602916421,-0.26987486671316674,7871.5878125000008,6348.0546875,0,-0,-0,-0,0,17063.571
2,5.8349999999998978,1167,80.686537382215775,28.334286836620645,0.67681158091489058,0.11710454570066565,14.892772254883047,0.052147412200702431,14.892863552333161,0.025000000000000001,0,0,0.011670289953069478,0.0086861853449718921,1400.4347943683374,1129.2040948463459,-0.024142912419009715,1.7442767421617267,-0.00010794816065563282,-35.007223007564086,2529.2012761345036,-0.26987040163908205,7871.5878125000008,6348.0546875,0,-0,-0,-0,0,17063.571
2,5.8399999999998977,1168,80.744410247386952,28.381144411931167,0.67739710229404937,0.11710400596432737,14.892682074778087,0.052148739239139416,14.89277337742775,0.025000000000000001,0,0,0.011670165450017537,0.0086860926696023105,1400.4198540021043,1129.1920470483003,-0.024142654853320171,1.7442581328543767,-0.00010794637467336087,-35.006849537314245,2529.1742926388461,-0.2698659366834022,7871.5878125000008,6348.0546875,0,-0,-0,-0,0,17063.571
2,5.8449999999998976,1169,80.802255311172047,28.428035587388813,0.67798262097454876,0.11710346623691888,14.8925918965972,0.052150066224150533,14.892683204446396,0.025000000000000001,0,0,0.011670040950017561,0.0086859999965045401,1400.4049140021073,1129.1799995455901,-0.024142397293944379,1.7442395240032038,-0.00010794458873820076,-35.00647607621935,2529.1473098046454,-0.26986147184550191,7871.5878125000008,6348.0546875,0,-0,-0,-0,0,17063.571
2,5.8499999999998975,1170,80.860072554199107,28.474960346351295,0.67856813695643348,0.11710292651843994,14.892501720340318,0.052151393155738419,14.892593033389028,0.025000000000000001,0,0,0.011669916453069433,0.0086859073256784942,1400.3899743683321,1129.1679523382043,-0.024142139740882106,1.7442209156081909,-0.0001079428028502889,-35.006102624279052,2529.120327631877,-0.26985700712572225,7871.5878125000008,6348.0546875,0,-0,-0,-0,0,17063.571
2,5.8549999999998974,1171,80.917861957106254,28.521918672165253,0.67915365023974805,0.11710238680889032,14.892411546007374,0.052152720033905697,14.892502864255581,0.025000000000000001,0,0,0.011669791959173042,0.0086858146571240913,1400.375035100765,1129.1559054261318,-0.024141882194133105,1.7442023076693209,-0.00010794101700992087,-35.005729181493002,2529.0933461205154,-0.26985254252480217,7871.5878125000008,6348.0546875,0,-0,-0,-0,0,17063.571
2,5.8599999999998973,1172,80.975623500541644,28.56891054816624,0.67973916082453723,0.11710184710826979,14.8923213735983,0.052154046858655011,14.892412697045986,0.025000000000000001,0,0,0.011669667468328274,0.0086857219908412445,1400.3600961993927,1129.1438588093617,-0.024141624653697149,1.744183700186577,-0.00010793923121689204,-35.005355747860868,2529.0663652705366,-0.2698480780422301,7871.5878125000008,6348.0546875,0,-0,-0,-0,0,17063.571
2,5.8649999999998972,1173,81.03335716516348,28.615935957678751,0.68032466871084563,0.11710130741657811,14.892231203113028,0.052155373629988983,14.892322531760174,0.025000000000000001,0,0,0.011669542980535012,0.008685629326829869,1400.3451576642015,1129.1318124878831,-0.024141367119574004,1.7441650931599417,-0.00010793744547120241,-35.004982323382308,2529.0393850819155,-0.26984361367800602,7871.5878125000008,6348.0546875,0,-0,-0,-0,0,17063.571
2,5.8699999999998971,1174,81.091062931640025,28.662994884016204,0.68091017389871789,0.11710076773381503,14.892141034551489,0.05215670034791025,14.89223236839808,0.025000000000000001,0,0,0.011669418495793145,0.0086855366650898779,1400.3302194951775,1129.1197664616841,-0.024141109591763431,1.7441464865893983,-0.00010793565977239723,-35.004608908056973,2529.0124055546275,-0.26983914943099307,7871.5878125000008,6348.0546875,0,-0,-0,-0,0,17063.571
2,5.874999999999897,1175,81.148740780649604,28.710087310480972,0.68149567638819863,0.11710022805998033,14.892050867913619,0.052158027012421442,14.892142206959637,0.025000000000000001,0,0,0.011669294014102563,0.0086854440056211898,1400.3152816923075,1129.1077207307546,-0.024140852070265197,1.7441278804749301,-0.00010793387412099946,-35.004235501884537,2528.9854266886487,-0.26983468530249866,7871.5878125000008,6348.0546875,0,-0,-0,-0,0,17063.571
2,5.8799999999998969,1176,81.206390692880632,28.757213220364367,0.6820811761793325,0.11709968839507377,14.891960703199349,0.052159353623525195,14.892052047444773,0.025000000000000001,0,0,0.011669169535463146,0.008685351348423723,1400.3003442555776,1129.095675295084,-0.024140594555079064,1.7441092748165195,-0.00010793208851732743,-35.003862104864645,2528.9584484839534,-0.26983022129331857,7871.5878125000008,6348.0546875,0,-0,-0,-0,0,17063.571
2,5.8849999999998968,1177,81.264012649031585,28.80437259694666,0.68266667327216424,0.11709914873909512,14.891870540408609,0.052160680181224141,14.891961889853425,0.025000000000000001,0,0,0.01166904505987478,0.0086852586934973858,1400.2854071849736,1129.0836301546601,-0.024140337046204798,1.7440906696141498,-0.00010793030296065353,-35.003488716996955,2528.9314709405171,-0.26982575740163384,7871.5878125000008,6348.0546875,0,-0,-0,-0,0,17063.571
2,5.8899999999998967,1178,81.321606629811029,28.851565423497082,0.68325216766673835,0.11709860909204413,14.891780379541334,0.052162006685520908,14.891871734185523,0.025000000000000001,0,0,0.011668920587337357,0.0086851660408420964,1400.2704704804828,1129.0715853094725,-0.024140079543642161,1.7440720648678043,-0.0001079285174512961,-35.003115338281134,2528.9044940583162,-0.26982129362824026,7871.5878125000008,6348.0546875,0,-0,-0,-0,0,17063.571
2,5.8949999999998965,1179,81.379172615937634,28.898791683273831,0.68383765936309959,0.11709806945392057,14.891690220597454,0.052163333136418126,14.891781580440997,0.025000000000000001,0,0,0.011668796117850756,0.0086850733904577718,1400.2555341420907,1129.0595407595104,-0.024139822047390919,1.7440534605774651,-0.0001079267319894143,-35.002741968716833,2528.8775178373244,-0.26981682997353573,7871.5878125000008,6348.0546875,0,-0,-0,-0,0,17063.571
2,5.8999999999998964,1180,81.436710588140144,28.94605135952408,0.68442314836129248,0.1170975298247242,14.891600063576902,0.052164659533918432,14.891691428619781,0.025000000000000001,0,0,0.011668671651414868,0.008684980742344325,1400.2405981697841,1129.0474965047622,-0.024139564557450834,1.7440348567431159,-0.00010792494657468978,-35.002368608303712,2528.8505422775179,-0.26981236643672446,7871.5878125000008,6348.0546875,0,-0,-0,-0,0,17063.571
2,5.9049999999998963,1181,81.494220527157424,28.99334443548398,0.68500863466136175,0.11709699020445477,14.891509908479613,0.052165985878024457,14.891601278721811,0.025000000000000001,0,0,0.011668547188029581,0.0086848880965016712,1400.2256625635498,1129.0354525452174,-0.024139307073821691,1.7440162533647399,-0.00010792316120716805,-35.00199525704145,2528.8235673788727,-0.26980790301792013,7871.5878125000008,6348.0546875,0,-0,-0,-0,0,17063.571
2,5.9099999999998962,1182,81.551702413738425,29.040670894378664,0.68559411826335193,0.11709645059311206,14.891419755305515,0.052167312168738829,14.891511130747016,0.025000000000000001,0,0,0.011668422727694775,0.0086847954529297271,1400.210727323373,1129.0234088808645,-0.024139049596503221,1.7439976504423189,-0.00010792137588707647,-35.001621914929672,2528.7965931413623,-0.26980343971769116,7871.5878125000008,6348.0546875,0,-0,-0,-0,0,17063.571
2,5.9149999999998961,1183,81.609156228642249,29.088030719422257,0.68617959916730775,0.11709591099069584,14.891329604054544,0.052168638406064179,14.89142098469533,0.025000000000000001,0,0,0.011668298270410342,0.0086847028116284076,1400.195792449241,1129.0113655116929,-0.024138792125495211,1.7439790479758372,-0.0001079195906140967,-35.001248581968056,2528.7696195649642,-0.26979897653524176,7871.5878125000008,6348.0546875,0,-0,-0,-0,0,17063.571
2,5.919999999999896,1184,81.666581952638097,29.135423893817887,0.68676507737327375,0.11709537139720587,14.89123945472663,0.052169964590003136,14.891330840566681,0.025000000000000001,0,0,0.011668173816176165,0.0086846101725976295,1400.1808579411397,1128.9993224376919,-0.024138534660797416,1.7439604459652773,-0.00010791780538886541,-35.000875258156256,2528.7426466496522,-0.26979451347216354,7871.5878125000008,6348.0546875,0,-0,-0,-0,0,17063.571
2,5.9249999999998959,1185,81.723979566505307,29.18285040075768,0.68735055288129465,0.11709483181264191,14.891149307321708,0.05217129072055833,14.891240698361008,0.025000000000000001,0,0,0.011668049364992134,0.0086845175358373061,1400.1659237990559,1128.9872796588497,-0.024138277202409613,1.7439418444106227,-0.00010791602021038216,-35.000501943493937,2528.7156743954029,-0.26979005052595539,7871.5878125000008,6348.0546875,0,-0,-0,-0,0,17063.571
2,5.9299999999998958,1186,81.781349051033331,29.230310223422773,0.6879360256914151,0.11709429223700372,14.891059161839708,0.052172616797732392,14.891150558078238,0.025000000000000001,0,0,0.011667924916858127,0.008684424901347354,1400.1509900229753,1128.9752371751561,-0.024138019750331554,1.7439232433118552,-0.00010791423507964737,-35.000128637980751,2528.6887028021902,-0.26978558769911842,7871.5878125000008,6348.0546875,0,-0,-0,-0,0,17063.571
2,5.9349999999998957,1187,81.838690387021799,29.277803344983319,0.68852149580367961,0.11709375267029107,14.890969018280563,0.052173942821527951,14.891060419718306,0.025000000000000001,0,0,0.011667800471774039,0.0086843322691276866,1400.1360566128847,1128.9631949865993,-0.024137762304563003,1.7439046426689591,-0.00010791244999600166,-34.999755341616357,2528.6617318699905,-0.26978112499000417,7871.5878125000008,6348.0546875,0,-0,-0,-0,0,17063.571
2,5.9399999999998956,1188,81.896003555280458,29.325329748598495,0.68910696321813292,0.11709321311250372,14.890878876644205,0.052175268791947643,14.890970283281144,0.025000000000000001,0,0,0.011667676029739754,0.0086842396391782224,1400.1211235687706,1128.9511530931688,-0.024137504865103743,1.7438860424819167,-0.00010791066495946779,-34.999382054400428,2528.6347615987793,-0.26977666239866949,7871.5878125000008,6348.0546875,0,-0,-0,-0,0,17063.571
2,5.9449999999998955,1189,81.953288536629216,29.372889417416506,0.68969242793481955,0.11709267356364142,14.890788736930567,0.052176594708994092,14.890880148766682,0.025000000000000001,0,0,0.011667551590755157,0.0086841470114988727,1400.1061908906188,1128.9391114948535,-0.024137247431953519,1.743867442750711,-0.00010790887997040954,-34.999008776332602,2528.6077919885311,-0.26977219992602386,7871.5878125000008,6348.0546875,0,-0,-0,-0,0,17063.571
2,5.9499999999998954,1190,82.010545311898156,29.42048233457459,0.69027788995378425,0.11709213402370396,14.890698599139581,0.052177920572669935,14.890790016174856,0.025000000000000001,0,0,0.011667427154820133,0.0086840543860895562,1400.091258578416,1128.9270701916423,-0.024136990005112099,1.743848843475325,-0.00010790709502862228,-34.998635507412544,2528.5808230392213,-0.2697677375715557,7871.5878125000008,6348.0546875,0,-0,-0,-0,0,17063.571
2,5.9549999999998953,1191,82.067773861927492,29.468108483199025,0.69086334927507154,0.11709159449269109,14.89060846327118,0.052179246382977794,14.890699885505596,0.025000000000000001,0,0,0.01166730272193457,0.0086839617629501896,1400.0763266321485,1128.9150291835247,-0.024136732584579251,1.7438302446557425,-0.00010790531013435611,-34.998262247639914,2528.5538547508268,-0.26976327533589028,7871.5878125000008,6348.0546875,0,-0,-0,-0,0,17063.571
2,5.9599999999998952,1192,82.124974167567643,29.515767846405137,0.69144880589872604,0.11709105497060257,14.890518329325296,0.052180572139920299,14.890609756758836,0.025000000000000001,0,0,0.011667178292098356,0.0086838691420806826,1400.0613950518027,1128.9029884704887,-0.024136475170354749,1.7438116462919453,-0.00010790352528706535,-34.997888997014385,2528.5268871233206,-0.26975881321766337,7871.5878125000008,6348.0546875,0,-0,-0,-0,0,17063.571
2,5.9649999999998951,1193,82.182146209679203,29.563460407297306,0.69203425982479239,0.11709051545743818,14.890428197301862,0.052181897843500087,14.890519629934509,0.025000000000000001,0,0,0.011667053865311375,0.0086837765234809555,1400.0464638373651,1128.8909480525242,-0.02413621776243834,1.743793048383917,-0.00010790174048711379,-34.997515755535595,2528.4999201566798,-0.26975435121778446,7871.5878125000008,6348.0546875,0,-0,-0,-0,0,17063.571
2,5.9699999999998949,1194,82.239289969132926,29.611186148968969,0.69261971105331521,0.11708997595319766,14.89033806720081,0.052183223493719781,14.890429505032545,0.025000000000000001,0,0,0.011666929441573513,0.0086836839071509197,1400.0315329888217,1128.8789079296196,-0.024135960360829805,1.7437744509316409,-0.00010789995573443321,-34.997142523203216,2528.4729538508791,-0.26974988933608302,7871.5878125000008,6348.0546875,0,-0,-0,-0,0,17063.571
2,5.9749999999998948,1195,82.29640542680977,29.658945054502631,0.69320515958433915,0.11708943645788078,14.890247939022071,0.052184549090582004,14.890339382052876,0.025000000000000001,0,0,0.011666805020884659,0.0086835912930904938,1400.0166025061592,1128.8668681017641,-0.024135702965528898,1.7437558539350995,-0.00010789817102879624,-34.996769300016901,2528.4459882058941,-0.2697454275719906,7871.5878125000008,6348.0546875,0,-0,-0,-0,0,17063.571
2,5.9799999999998947,1196,82.353492563600909,29.706737106969864,0.69379060541790882,0.11708889697148732,14.89015781276558,0.052185874634089392,14.890249260995438,0.025000000000000001,0,0,0.011666680603244696,0.0086834986812995927,1400.0016723893634,1128.8548285689471,-0.024135445576535384,1.7437372573942758,-0.00010789638637093049,-34.996396085976308,2528.4190232216997,-0.26974096592732622,7871.5878125000008,6348.0546875,0,-0,-0,-0,0,17063.571
2,5.9849999999998946,1197,82.41055136040768,29.754562289431323,0.69437604855406887,0.11708835749401703,14.890067688431268,0.052187200124244576,14.89015914186016,0.025000000000000001,0,0,0.011666556188653513,0.0086834060717781315,1399.9867426384214,1128.8427893311571,-0.024135188193849036,1.7437186613091531,-0.00010789460175999465,-34.996022881081103,2528.3920588982719,-0.26973650439998664,7871.5878125000008,6348.0546875,0,-0,-0,-0,0,17063.571
2,5.9899999999998945,1198,82.467581798141666,29.802420584936741,0.69496148899286392,0.11708781802546966,14.889977566019066,0.052188525561050178,14.890069024646975,0.025000000000000001,0,0,0.011666431777110995,0.0086833134645260233,1399.9718132533194,1128.830750388383,-0.024134930817469619,1.7437000656797141,-0.00010789281719612518,-34.995649685330946,2528.3650952355856,-0.26973204299031295,7871.5878125000008,6348.0546875,0,-0,-0,-0,0,17063.571
2,5.9949999999998944,1199,82.52458385772465,29.850311976524946,0.69554692673433849,0.11708727856584501,14.88988744552891,0.052189850944508828,14.889978909355817,0.025000000000000001,0,0,0.011666307368617028,0.0086832208595431868,1399.9568842340434,1128.8187117406144,-0.024134673447396882,1.7436814705059422,-0.00010789103267989049,-34.995276498725481,2528.3381322336163,-0.26972758169972622,7871.5878125000008,6348.0546875,0,-0,-0,-0,0,17063.571
2,5.9999999999998943,1200,82.581557520088637,29.898236447223859,0.69613236177853721,0.11708673911514282,14.889797326960728,0.052191176274623156,14.889888795986616,0.025000000000000001,0,0,0.011666182963171498,0.0086831282568295386,1399.9419555805798,1128.80667338784,-0.024134416083630608,1.7436628757878205,-0.00010788924821081309,-34.994903321264381,2528.3111698923399,-0.26972312052703273,7871.5878125000008,6348.0546875,0,-0,-0,-0,0,17063.571
2,6,1201,82.581557520089845,29.898236447224871,0.69613236177854954,0.11708673911514281,14.889797326960727,0.052191176274623184,14.889888795986614,0.025000000000000001,0,0,0.011666182963171496,0.0086831282568295351,1399.9419555805796,1128.8066733878395,-0.024134416083630601,1.7436628757878203,-0.00010788924821065393,-34.994903321264374,2528.3111698923394,-0.26972312052663483,7871.5878125000008,6348.0546875,0,-0,-0,-0,0,17063.571
