schema_version,lap_number,s_m,time_s,speed_m_s,throttle,brake,steering_angle_rad,lateral_accel_m_s2,maximum_tire_utilization,lateral_error_m
1,0,1,0.074134745176554176,13.776605931978713,1,0,-0.014778920724559424,-1.0023874947388711,0.98380922974319729,-3.0256255960040631e-05
1,0,2,0.14528718391207712,14.326234662274461,0.90697510310767238,0,-0.022420695407945161,-1.4074951703851368,0.92454190702375749,0.00038244617491307181
1,0,3,0.21396229463673511,14.781850637310994,0.74324486366196296,0,-0.030218103779501994,-1.8956211654259372,0.80316925841936493,0.0019492393026126994
1,0,4,0.28079176737931,15.139494601001532,0.59532211974671367,0,-0.037982700393835972,-2.4531301430753243,0.69065307843389956,0.005129678399850777
1,0,5,0.34622939083965287,15.412076760771956,0.46258694343762474,0,-0.045667420922111616,-3.0610864658326755,0.59192439542284747,0.010240369976328042
1,0,6,0.41068766202579232,15.612749619913412,0.34254025419579304,0,-0.053285986895967287,-3.6997328037102255,0.53550233431159844,0.017390679716773324
1,0,7,0.47446968870336542,15.749668633395876,0.23340762298074849,0,-0.06086573482031378,-4.3534109165711508,0.60233368096122009,0.026675645018468176
1,0,8,0.5378351706784813,15.829141355367685,0.13378043217633565,0,-0.0684271929256067,-5.0082654195362322,0.66883701094338199,0.038165041352892101
1,0,9,0.60101397610799345,15.855815069439798,0.044517666355753382,0,-0.075968205631367094,-5.6511406397191406,0.73286676841506393,0.051934661975257979
1,0,10,0.66418983259286901,15.856668460950953,0.085801232867249416,0,-0.077581001562201296,-5.9557346703666774,0.76912010269830888,0.068012424471642893
1,0,11,0.72730703713492295,15.882635602980546,0.12329954819093002,0,-0.052192664573921382,-5.3221776776825651,0.64590033064823615,0.083095380121622972
1,0,12,0.79029154135772983,15.927575549926296,0.15646649495052764,0,-0.047320563896859229,-5.5049666209414259,0.67056846764011913,0.094900301900819217
1,0,13,0.85307914058262679,15.987892404184207,0.18603963586884495,0,-0.044431354840165138,-5.5211209245766115,0.67326616994183308,0.10320589593087516
1,0,14,0.91561110284419633,16.062282871619139,0.21229659973337101,0,-0.043278386066548859,-5.4554627505403461,0.66558957639923433,0.10836751849116366
1,0,15,0.97783610177441993,16.149192262649215,0.2355641668984442,0,-0.043547654200847968,-5.3675585125816525,0.65587904295496791,0.111150949553597
1,0,16,1.0397109522746293,16.246962112953369,0.25589751973986646,0,-0.044904510051967911,-5.2999912367849946,0.64968741851788281,0.11248890938835963
1,0,17,1.1012056766381824,16.347244887574487,0.23393239533855559,0,-0.047035367768471475,-5.283443543532516,0.63902168033793527,0.11331071154167838
1,0,18,1.1623636764063223,16.423396872288077,0.1390851979281485,0,-0.049634189400860403,-5.3330561473314226,0.63712019570699252,0.11442151286481636
1,0,19,1.2233318821200621,16.453071163686229,0.050340717013720296,0,-0.052420770765629822,-5.4397596616048629,0.63921335809928326,0.1163847729609228
1,0,20,1.2842801983216037,16.438979875038534,0,0.024502873688711967,-0.056188580224002881,-5.6303816052304514,0.65801279105339272,0.11951406527382803
1,0,21,1.3453585282062679,16.403185206212932,0.018630534962958297,0,-0.058797378962081571,-5.7848156140192977,0.68051157518785388,0.12441457477782115
1,0,22,1.4065173802189113,16.393987308546766,0.06263108482047533,0,-0.054976634893983273,-5.7229037296115903,0.64373182575902377,0.13034195483432337
1,0,23,1.4676674981168985,16.406348115667715,0.10179573955595979,0,-0.05019369380497133,-5.6537348404995535,0.64042150447067303,0.13612923734082599
1,0,24,1.5287319953898206,16.437893342865628,0.13661844595195555,0,-0.045139863230560226,-5.5439629349937061,0.64890128411355552,0.14084365664054033
1,0,25,1.5896422486057045,16.486564768506131,0.16752857212783392,0,-0.040307101773791564,-5.3809252518804582,0.64691273046394449,0.14384331837932965
1,0,26,1.6503377376927524,16.550512131492525,0.19491274694793556,0,-0.036003471624405009,-5.1658372133053501,0.63547969873283738,0.1448074318485276
1,0,27,1.7107658880930043,16.628015630692349,0.21913056183795354,0,-0.032380541315682042,-4.9092502237923519,0.6171212220004193,0.14371253783800503
1,0,28,1.7708818563494855,16.717446768809683,0.2405225791814313,0,-0.029466674756418378,-4.6273649758955564,0.59507826550648846,0.14077311908146922
1,0,29,1.8306482562839042,16.817263645201862,0.25941142340866896,0,-0.027202903201550381,-4.3383397505349865,0.57255684643173654,0.13636237174699012
1,0,30,1.8900378141779597,16.92603368018592,0.27609736557812431,0,-0.031748365684646007,-4.4297801763196558,0.58965291571618306,0.130966513134361
1,0,31,1.949055463249119,17.039994993575604,0.29134608400131379,0,-0.039662381209471319,-4.5612568941566929,0.59099806271693045,0.12641402406533914
1,0,32,2.007664489267774,17.160107863431477,0.30497844880052005,0,-0.040920204180900074,-4.4804031789032219,0.57469211042560564,0.12377514887796201
1,0,33,2.0658506946722173,17.285591877657062,0.31716317874596028,0,-0.041214286816082302,-4.4965834063595098,0.59255577678142224,0.1230285271161102
1,0,34,2.1236063833373051,17.41546733266026,0.32810855025439911,0,-0.040809621141149055,-4.5565493476595771,0.61306036783399798,0.12388974804531613
1,0,35,2.1809267766688021,17.548992049276851,0.33797505936497091,0,-0.039947711708551527,-4.6276867488606905,0.63278732600666765,0.1259615341860765
1,0,36,2.2378031350390719,17.685621489130789,0.34685549992844739,0,-0.038828777543824772,-4.6922092721590056,0.64993669966597123,0.1288538023864674
1,0,37,2.2942364262356381,17.824858106360356,0.3548759927529479,0,-0.037614609719066688,-4.742304946868714,0.66387418082464056,0.13221694189987582
1,0,38,2.3502295177199413,17.966292786566044,0.36213902569634249,0,-0.036420059862455056,-4.7763411817919437,0.67464364711013403,0.13579286830839249
1,0,39,2.4057840292794617,18.109588266895102,0.36313969058640261,0,-0.03532183378322537,-4.7962330290870341,0.67805069096702897,0.13941162611384481
1,0,40,2.46091145202577,18.243583371874099,0.30260773093676901,0,-0.02500142395446503,-4.2332306497129251,0.61244018664302324,0.14297009656365184
1,0,41,2.5156525991870375,18.345856935098183,0.21088349423326561,0,-0.026334556841047428,-4.4860769423009073,0.55119276072840862,0.14557163767520012
1,0,42,2.5701630499027059,18.407699998187162,0.12562437531950171,0,-0.029620530695548129,-4.6490199700065533,0.51347938801889748,0.1471378527258394
1,0,43,2.6245583664458501,18.432599274309034,0.046413035393687053,0,-0.034235192671452946,-4.8089933839104306,0.55052309905275099,0.14860708212395013
1,0,44,2.6789434448128335,18.42257659826717,0,0.027297745945204253,-0.039690735899534368,-5.0054224177944553,0.58747911285380794,0.15089451223532907
1,0,45,2.7334400673681776,18.366551902932557,0,0.09357709593692623,-0.045604393855093267,-5.2571191858399082,0.64267865519711653,0.15484972768900543
1,0,46,2.7881894378813294,18.264339104801888,0,0.15224263021197459,-0.051690233897882604,-5.5709584199776767,0.71326619546523629,0.16103801116057781
1,0,47,2.8433297668210482,18.119730611123835,0,0.20417158271533217,-0.057768200959704613,-5.9332416825044829,0.79017614876671516,0.16984786636087748
1,0,48,2.8990015419667423,17.935497243070149,0,0.25015408144520423,-0.063715222801329449,-6.3261015037107562,0.86857183194995269,0.18151381254047075
1,0,49,2.9553535079695576,17.713689028103197,0,0.28189003962478909,-0.069441942256610115,-6.7347247344620778,0.93971316362207091,0.19614326964730083
1,0,50,3.01247539603885,17.490659543931177,0,0.20237275415110828,-0.069943862284345404,-7.0080438286533973,0.9004731249627177,0.21359635808933922
1,0,51,3.0702390969617892,17.325195800021511,0,0.12707217445442989,-0.062762819513787108,-7.0651034282304472,0.86060819538345823,0.23224909737206964
1,0,52,3.1284726037986572,17.212240130208816,0,0.062796810256674662,-0.05610794877557173,-7.1269536093138228,0.85982769591731101,0.24967082427488688
1,0,53,3.1870138402734765,17.144958917280775,0.00099781175142249923,0.0091605653202959936,-0.049117329425069869,-7.1076734096080809,0.85397051296240134,0.26427302248744239
1,0,54,3.2457176481356749,17.114396321906415,0.038638592112387772,0,-0.042483375418637108,-6.9895691214747941,0.84301825740322112,0.27494817622561335
1,0,55,3.3044794461909115,17.107321288339779,0.080270442215620061,0,-0.036711023866333937,-6.7897195454264025,0.82411982502093006,0.28111377024454637
1,0,56,3.3632209117540901,17.121002714725879,0.11729531878889411,0,-0.032113743725274403,-6.5119940560037959,0.7942811812840217,0.28265053695085118
1,0,57,3.4218713598988408,17.153591712540528,0.15009863051376732,0,-0.02882466271649058,-6.165951353160696,0.75375311570973746,0.27984272975805841
1,0,58,3.4803677592757882,17.203161947871902,0.17907928501747722,0,-0.02681327177167412,-5.7735380827911991,0.70613208331018895,0.27332598795672569
1,0,59,3.5386531640120262,17.267821170017911,0.20461172664591668,0,-0.025925928161975472,-5.3674338843050586,0.65752919219596517,0.26397647165537264
1,0,60,3.5966812721449708,17.345479746161288,0.22714272070277672,0,-0.025638402592196415,-4.9682423671184939,0.61387474418031585,0.25283442589397864
1,0,61,3.6544198463353488,17.434087974114806,0.24709781963948108,0,-0.028944373038247966,-4.7863463907757904,0.58534262416933669,0.24097100341876851
1,0,62,3.7118480337566981,17.531441200100986,0.26391393506471778,0,-0.033369870823961888,-4.6922287057700975,0.57657242200052616,0.22967004993716211
1,0,63,3.7689459915757442,17.634182018955606,0.26082583835896139,0,-0.038223256130103786,-4.7045985486092619,0.60095101824037311,0.22005438630657934
1,0,64,3.8257267427408754,17.722000534202351,0.17682238361929201,0,-0.043145291344794875,-4.8339329057805163,0.61600686979925379,0.21293968674774774
1,0,65,3.8822932976151305,17.769100926757531,0.091896712219494386,0,-0.047872978086386415,-5.0566649474446335,0.63521728835229097,0.20880598531789527
1,0,66,3.9387779394461586,17.777202221346908,0.014343195864529987,0,-0.052246755581685254,-5.3472718043295728,0.65884854849054697,0.20784428624561255
1,0,67,3.9953098284158046,17.745206183118913,0,0.055313246806968593,-0.056203013504127972,-5.662024104363895,0.6883324778682185,0.21000689325289998
1,0,68,4.0520376703377421,17.664524655304614,0,0.115092507191418,-0.059758454773499795,-5.995224074097723,0.73872402246142588,0.21506291677552608
1,0,69,4.1091177406230237,17.539836167667826,0,0.15499145787185262,-0.062953748997995995,-6.3355359374307181,0.79338650184077075,0.22274478399284456
1,0,70,4.1666586554121015,17.407412621396126,0,0.096342302885700587,-0.063628537682438396,-6.6049495525274091,0.79159286570505827,0.2326674933749541
1,0,71,4.2245601072133621,17.320201769697409,0,0.037783072648444271,-0.056696531893997738,-6.6005356568976525,0.76215704902245818,0.24336162791644231
1,0,72,4.28268629465766,17.274199850483008,0.012048362441536738,0,-0.052421365474788414,-6.6735150300995212,0.7716530998592932,0.25322821559206443
1,0,73,4.3409193395654393,17.256424158022181,0.055765259014701467,0,-0.048373190792808017,-6.6756402051200698,0.77795471824371554,0.26135480885520973
1,0,74,4.3991799165364993,17.258806922166286,0.094943946592284389,0,-0.044943428670375721,-6.6263965586941431,0.77822421962210198,0.26721481283208764
1,0,75,4.4574012814833255,17.279332229550491,0.12757715567297989,0,-0.042376771611968761,-6.5321673743530226,0.77157665540181086,0.27062938108244183
1,0,76,4.5155291520462777,17.312077214722528,0.13629954474465347,0,-0.04077489852405617,-6.4058338598994391,0.75287224738185543,0.27173128442643413
1,0,77,4.5735386759384165,17.348258100859873,0.13640053463890564,0,-0.04011795566157389,-6.265222902896185,0.72792587526898378,0.27087588674499619
1,0,78,4.6314248754224643,17.384081595179474,0.12905173642087103,0,-0.04030921071019291,-6.1288968206995609,0.70538305947063296,0.26856433821180176
1,0,79,4.6891953547645713,17.416037446801997,0.11980756598966577,0,-0.041214462227558001,-6.0141991363653977,0.69811723793613101,0.2653640130874777
1,0,80,4.7468566866007293,17.449911076453883,0.14289315704068126,0,-0.040771746238680032,-5.8355859610661671,0.68494071316932759,0.26181470798835438
1,0,81,4.804368300131471,17.488653975526482,0.11239527639357184,0,-0.038452925976745822,-5.6395589541746194,0.6330744726744103,0.25771615088067429
1,0,82,4.8617838773634654,17.505407107503714,0.033338018334215881,0,-0.040577673612131798,-5.6483613617114408,0.63473920656360983,0.25335106860359918
1,0,83,4.9192092702732149,17.483629673525183,0,0.042431698980790904,-0.043386794266907128,-5.6742252865502509,0.63969676638288608,0.24936309372473911
1,0,84,4.9767953180254398,17.410680772204426,0,0.10994143584543324,-0.046588297018426594,-5.7367287520398875,0.67023789735458916,0.24629684161363249
1,0,85,5.0347138581560076,17.288486744663,0,0.16963001494060306,-0.049967634789986719,-5.8424364082227553,0.71697976751192782,0.24452706544383315
1,0,86,5.0931300768835532,17.121343345343103,0,0.22251977593587882,-0.053381423707202259,-5.9824850727142493,0.76991828480252533,0.24424183835288124
1,0,87,5.1522050620272406,16.912633620402332,0,0.26947603076216153,-0.056736990663969818,-6.1460339022934649,0.82393472373262844,0.24546384238961147
1,0,88,5.212100094888763,16.66499774333505,0,0.31124205948180028,-0.059979972154311854,-6.321830408018446,0.87761575198151154,0.24807926979255526
1,0,89,5.2729803335168093,16.38045055177944,0,0.34846197951082897,-0.06308284650890221,-6.4993209687750362,0.94645559007858338,0.25186398920246117
1,0,90,5.3350270618387992,16.060462070956891,0,0.37108129332247858,-0.077154910031640669,-6.9937808363912533,0.99986557620510275,0.25654429541339452
1,0,91,5.3984059400750111,15.749041344557922,0,0.26800027139841809,-0.07537725101866935,-7.1019669067944005,0.94827833587239529,0.26336372705777977
1,0,92,5.4628656130382414,15.517989112716963,0,0.17361350929520375,-0.065303584486535324,-6.8745588147971164,0.88807281315402531,0.27039719608078866
1,0,93,5.5280889684715513,15.362551128678824,0,0.095156207346269076,-0.053004415192671149,-6.5487435601727775,0.84141223954501954,0.27451563484543073
1,0,94,5.593783351263375,15.271427409891068,0,0.030270939962670069,-0.0402614384848538,-6.0817844342574645,0.78379094215951772,0.27360465755828423
1,0,95,5.6596984130657226,15.234137594093989,0.023173328039987482,0,-0.028418260316010382,-5.4398402085643047,0.70453641798221123,0.2665413462959767
1,0,96,5.72563993171467,15.232455499978551,0.068749084162858326,0,-0.018344013774456602,-4.6328024958434817,0.60453052743796964,0.25313026870612798
1,0,97,5.7914786637752353,15.257237281802949,0.10840362209588218,0,-0.010241799449130196,-3.7130470451861464,0.49311922035996825,0.234478079270006
1,0,98,5.8571126157183633,15.304683777465716,0.14293426539354637,0,-0.0038820224590118348,-2.751988973318658,0.38957701400111472,0.21214863035984508
1,0,99,5.9224537665473687,15.371367699924159,0.17301083091268427,0,0.0012324711999982284,-1.8274559714213023,0.31251790462355772,0.18792155125830207
1,0,100,5.9874363269539659,15.453986071205785,0.19929429059993223,0,0.0018824615504566546,-1.3033021643592433,0.27414690996013308,0.16349442132643935
1,0,101,6.0520534418659544,15.549206610120436,0.22252825501713372,0,-0.011744942905280428,-1.6220705284777901,0.2786353885413666,0.14104708592597592
1,0,102,6.1162541277771627,15.654846775616514,0.24316365228172809,0,-0.021711634934153155,-1.7813014610418088,0.30043863084735178,0.12222084522192192
1,0,103,6.1800026547167768,15.769095669430229,0.26157643089837646,0,-0.031028630421313715,-2.1614098821525678,0.33863078070668945,0.10803835075499689
1,0,104,6.243267737251168,15.890484927738346,0.27803265850202591,0,-0.039435557472179535,-2.6825715988867507,0.40321464896491532,0.098811884616263959
1,0,105,6.3060437150130424,16.017495456804809,0.28957564534882446,0,-0.047008349620448996,-3.2745917127420889,0.47523755226955733,0.094190811272838654
1,0,106,6.3683337353712615,16.140468310423625,0.25530321778499626,0,-0.053935606162011082,-3.8983142653135445,0.5457777164442742,0.093740755074942561
1,0,107,6.4302141147531851,16.232368826080315,0.16070445743258002,0,-0.060415124341263046,-4.5306599327836787,0.60626344622249739,0.097017968226966081
1,0,108,6.4918589737730343,16.274139442135802,0.069149179259464302,0,-0.066583207055609148,-5.1484791817469269,0.66423881027290721,0.10361897770619881
1,0,109,6.5534607463380015,16.268827877911356,0.00084823860517450715,0.0050560069856680125,-0.072528577804297487,-5.737371569867622,0.72089264768361772,0.1131979721659169
1,0,110,6.6151666835408083,16.24285549384383,0.035469816448524503,0,-0.064357641942073926,-5.6154361809341369,0.65272192982453536,0.12544635966004664
1,0,111,6.6769054203878087,16.242842701372606,0.077838684654260623,0,-0.05532343430465908,-5.7088651080905537,0.65918993888524524,0.13777242902213116
1,0,112,6.7386151115725932,16.262577153573073,0.1157271112490561,0,-0.050823477656091798,-5.8430438575518613,0.68614458101307196,0.14795090037436542
1,0,113,6.8002252368238363,16.299998826992422,0.14956415089611724,0,-0.047554589593378882,-5.8667896850947061,0.696149991005521,0.15546143969255577
1,0,114,6.8616689910727038,16.353568042825366,0.17966339802509121,0,-0.045577766133295644,-5.8214225728624243,0.69559298048023588,0.16031014845267236
1,0,115,6.9228895494329885,16.421480897119608,0.20427010742558138,0,-0.044807286529904088,-5.7432598775112336,0.68890203011203655,0.1629131987917169
1,0,116,6.9838472026507441,16.493299065767239,0.17752046160606649,0,-0.045077644161011801,-5.665756799358471,0.65804443644271549,0.16389080847790696
1,0,117,7.0445782187441006,16.541187353611161,0.088963273703129966,0,-0.046140648943679537,-5.6152906560383222,0.63771324803352103,0.16394697397527722
1,0,118,7.1052156969653222,16.546100228696044,0.0085107630743967901,0.0039940572675864448,-0.047710367184797188,-5.6007838122680527,0.62648855424586625,0.16371271071551566
1,0,119,7.165921627185349,16.503414179441421,0,0.072568613778757105,-0.049559266470211534,-5.6052541182739866,0.62900003884357558,0.16365068665303059
1,0,120,7.2269008150811151,16.403052252498124,0,0.12959242459919323,-0.055255917503350328,-5.8268649475217256,0.70052136189743619,0.16413223212296399
1,0,121,7.2883436454669743,16.286790963611804,0,0.070176630303507209,-0.060909141236960639,-6.0266077025644433,0.71564496625752094,0.16655303830237606
1,0,122,7.3501231942100045,16.21953332645834,0,0.013098654629422491,-0.056348811746082549,-5.8783846582633696,0.6531769305141496,0.17017404887289209
1,0,123,7.4120622988190394,16.193843529075693,0.035087428940624998,0,-0.05024051605535651,-5.7106108325454912,0.64727676681694346,0.17349042376011739
1,0,124,7.474033853245369,16.193983580193745,0.077551971086371324,0,-0.043522011593942679,-5.4972320737354945,0.64162389482550408,0.1753454373730445
1,0,125,7.5359471587075593,16.21583258021445,0.11513979242896259,0,-0.036899328222555011,-5.2186768403131785,0.62520370354585819,0.1749461354177772
1,0,126,7.5977224848408946,16.257071662299619,0.14833359467306187,0,-0.030833938726662333,-4.8682924748669718,0.59753198683487652,0.1718863281115014
1,0,127,7.6592898862816297,16.315533650331769,0.17758433386227465,0,-0.025564452335132881,-4.4548153814861635,0.56132098763169924,0.16614561204838502
1,0,128,7.7205881614959502,16.389184662768656,0.20331085945339492,0,-0.021147014672460236,-3.9979940894003039,0.521250654494261,0.15802227031993249
1,0,129,7.7815666341338812,16.476009748931052,0.22593106219681064,0,-0.017496789469453111,-3.5229917103465298,0.48245375684993058,0.14804729960940446
1,0,130,7.8421866299722582,16.574048303654273,0.24585749867465556,0,-0.022489475808215944,-3.6073209359703386,0.46191989470883787,0.13685834634744073
1,0,131,7.9024449930562701,16.68015585988482,0.26373838839978903,0,-0.026808912437797733,-3.4445952147024204,0.44986061093749197,0.12588725567879863
1,0,132,7.9623013827616456,16.793836367176546,0.27968679316781658,0,-0.031156493257121255,-3.4352226242939294,0.45622447265101346,0.11670684972852718
1,0,133,8.0217384310306663,16.913709457640813,0.29399210171921597,0,-0.035237421196491515,-3.5516622053806683,0.47536144973088318,0.10999725607855898
1,0,134,8.080744974728935,17.038644585277371,0.30688985477551622,0,-0.038929353645632658,-3.758872853848588,0.50313589504989786,0.10602385331059165
1,0,135,8.1393128097107503,17.167711785977062,0.31857218007831944,0,-0.042224457391281355,-4.0253506215958073,0.53670458884620087,0.1047908796883555
1,0,136,8.1974377712507369,17.300111353065436,0.3286319928956013,0,-0.045184914709074112,-4.3268105068120493,0.57351425776915388,0.10615094644441028
1,0,137,8.2551236728767989,17.433473031764734,0.32093640230977249,0,-0.047908143397688611,-4.6483698331427927,0.61176720663176742,0.10988536965447106
1,0,138,8.3124018118741798,17.547706243574616,0.22985548902831537,0,-0.050483226231382045,-4.9877484287342302,0.63864409202541295,0.1157909374986172
1,0,139,8.3693935260260552,17.617735241664128,0.15246105604212881,0,-0.052939267041322742,-5.3268792293468419,0.66674829332105612,0.12366653272572548
1,0,140,8.4262203532576141,17.665745810930119,0.17234076879469953,0,-0.05307072389140962,-5.5407799503337412,0.6826836283967358,0.13327178408479068
1,0,141,8.4828758915455964,17.725036799450304,0.19808765296126171,0,-0.046890144802077274,-5.5161788513827874,0.64530747438508129,0.14342357389592253
1,0,142,8.5393323698285979,17.795195767039761,0.22127793075787355,0,-0.044718827137115787,-5.6491005608405178,0.67815390722494417,0.15316514429259642
1,0,143,8.5955561122066833,17.874855240103695,0.24164664001997602,0,-0.042973868518615004,-5.7303020755549845,0.70069788879069161,0.16211690596099862
1,0,144,8.6515261149698581,17.961795212813044,0.25086100697444491,0,-0.041757228398176867,-5.7758569241536133,0.71037749284105578,0.17013931713818661
1,0,145,8.7072327554697875,18.047733709184907,0.23024953443094906,0,-0.041098347584270306,-5.8016308529099359,0.69830768949571664,0.17726792110649631
1,0,146,8.7626990199719277,18.122830934264808,0.2041614382372697,0,-0.040957829095846075,-5.8195248833945357,0.69283608822367293,0.18365903153021396
1,0,147,8.8179603299517133,18.185320909673543,0.1748283699918472,0,-0.041271975979113272,-5.8400177078140239,0.69488264707970182,0.18952218366455706
1,0,148,8.8730586005715502,18.23391782968752,0.14273557084338351,0,-0.041964942362408074,-5.8713742183718471,0.69754076926849651,0.19509852161987734
1,0,149,8.928041224009851,18.267792445717898,0.11533779438969997,0,-0.042957623976008774,-5.918407065664204,0.70290417323255361,0.20062109688382346
1,0,150,8.9829416777620423,18.296985139563951,0.14182434005967695,0,-0.042656388130249023,-5.9013538664896545,0.71085505784037628,0.20625373718166798
1,0,151,9.0377061886171823,18.340355533648026,0.16599069306074296,0,-0.034285686648764656,-5.5780348116509026,0.65727052723393098,0.21068818964587183
1,0,152,9.0923424181578749,18.385735270416475,0.12646286338669602,0,-0.035793211829200255,-5.6839266847660008,0.64570495685827578,0.21378458113798865
1,0,153,9.1468886323877889,18.407766704662567,0.051247340149074956,0,-0.03852909877538082,-5.7762917698927509,0.66284330371016953,0.2163090211436651
1,0,154,9.2014319921792893,18.396075051290637,0,0.022094508865674808,-0.042137402668341296,-5.8821686927804535,0.68011570175582603,0.21896750652002017
1,0,155,9.2560890212306663,18.340140045485267,0,0.088378725998888935,-0.046311113739611567,-6.0160089524219158,0.7144067253058578,0.22245590956128591
1,0,156,9.3110021234500682,18.2378583261629,0,0.14706854195509469,-0.050779456604616593,-6.1955387368035328,0.76652555091410335,0.22733975316454377
1,0,157,9.3663068937214948,18.093573446784056,0,0.19910781663233987,-0.055348469197540162,-6.4147163716696429,0.82648232325139148,0.23399589661905484
1,0,158,9.4221371405191245,17.910353435395887,0,0.24525267220804423,-0.059874873838667263,-6.6639631267654487,0.88903064449990954,0.24265702530516797
1,0,159,9.4786343275958131,17.690340956110649,0,0.28627085804731811,-0.064246599154922562,-6.931531410242985,0.95128753112865017,0.25344054127674259
1,0,160,9.5359395235513436,17.435476340627567,0,0.31232857202774822,-0.067864145676503743,-7.1920566940928214,0.99901056269928123,0.26632865332306305
1,0,161,9.5941193874354891,17.185936360891439,0,0.22522433150276316,-0.063274109598313671,-7.2641688652140664,0.94629629154760331,0.28071319675561013
1,0,162,9.6530364589325952,16.999787988191539,0,0.14470069032930732,-0.056399157569325856,-7.2703244005846885,0.91627249227143037,0.29452721729583364
1,0,163,9.7124906901578534,16.871362370895529,0,0.076288127901278063,-0.048645811160479606,-7.1982437723945569,0.89298877554120237,0.30574254419236463
1,0,164,9.7722947328013117,16.793470774162902,0,0.01852836648300461,-0.040915659999077147,-7.0307779618870629,0.86562990928737349,0.31284863534103596
1,0,165,9.8322807333414346,16.757776363476989,0.030265962402624171,0,-0.03392642375163369,-6.7473268240669837,0.82978496135822866,0.31492205200590956
1,0,166,9.892322121739106,16.749399453426573,0.073089856550978688,0,-0.028157395637015345,-6.3588440023125674,0.78267246872138696,0.31168114502634409
1,0,167,9.9523287297446554,16.763791130925984,0.11087107640644844,0,-0.023836656801825905,-5.8792574732734755,0.72207075177438584,0.30342812670088543
1,0,168,10.012221456011753,16.798569634296332,0.1441029248142906,0,-0.020962268406737067,-5.3342927911150984,0.65260302382525692,0.29093485415422099
1,0,169,10.071931243542984,16.851241423230135,0.17330015651171299,0,-0.019342017384053892,-4.7679316677112915,0.58339381758479048,0.27531499674548465
1,0,170,10.131403188912135,16.919319535030912,0.19832809201658397,0,-0.022097959917896697,-4.4454172817624746,0.52919526453287113,0.2578562874380938
1,0,171,10.190620163447244,16.99807568695438,0.20438828172126142,0,-0.02851824156682688,-4.2798017672956066,0.50292838579926813,0.24051033359092144
1,0,172,10.249560361621098,17.064735754355976,0.12041360587401734,0,-0.033123972660291073,-4.1459766248991103,0.49037664408147952,0.22489913905192785
1,0,173,10.308329270797788,17.090045762713412,0.035197914002711404,0,-0.037452034080877668,-4.1641783718645762,0.48745096845638064,0.21193334379970061
1,0,174,10.367072811012592,17.073641936406208,0,0.043574141095564164,-0.041289506759094922,-4.2820155642767324,0.49493601648463165,0.20198607949601241
1,0,175,10.425958171984831,17.003425706268231,0,0.11362683429144002,-0.044577100189662905,-4.4645020552150747,0.53305784804740963,0.19504468711140999
1,0,176,10.48517900996023,16.88074688898671,0,0.17539705815896461,-0.047355787467627614,-4.6827027871846107,0.58820474746896745,0.19084377881044653
1,0,177,10.544920461317028,16.710418981811085,0,0.23004002356429953,-0.049709949974766923,-4.9077815350751974,0.64759717549583162,0.18894236126512287
1,0,178,10.605361247989276,16.496241330027345,0,0.27853554599845382,-0.051741014054406904,-5.120664036355536,0.70514573006325909,0.18881235951542075
1,0,179,10.666678730525739,16.241179728288159,0,0.32172461755431181,-0.053552789585242011,-5.3094667804103004,0.75805743280482274,0.18989643644199486
1,0,180,10.729065582298851,15.947428303680162,0,0.3465319934596493,-0.067398117335069396,-5.9885517458086701,0.89424835965800509,0.19175938723881025
1,0,181,10.792729611425646,15.656130635904336,0,0.248443984364003,-0.077474957406900899,-6.389673784541289,0.87695855215126695,0.19694195334928252
1,0,182,10.857392193287861,15.444504884470387,0,0.15793146724236473,-0.066128536533204871,-6.0461956176785927,0.74950312649208928,0.20384887898728773
1,0,183,10.922748523689274,15.306812215265742,0,0.082993494745344273,-0.051038439307350719,-5.6095166607694757,0.71614817922434337,0.20901050429377974
1,0,184,10.988510508340346,15.23164297326743,0,0.021351905873075921,-0.034608036665503189,-5.0079740708960347,0.66217174208100649,0.20979861216391446
1,0,185,11.054430195040387,15.206409132312221,0.029631795685357946,0,-0.018681702469962598,-4.1970800925453782,0.57916373763511908,0.20474561957802664
1,0,186,11.120335006827672,15.212425955548181,0.07371923317289221,0,-0.0043871561349040833,-3.1857866218622015,0.47048468693726941,0.19350305673051701
1,0,187,11.186106586423449,15.243610087647381,0.11206305015483708,0,0.0077999938235516824,-2.0123338003407532,0.35087659026189155,0.17668501637501371
1,0,188,11.251656093410867,15.295468502632414,0.14566811716995001,0,0.018106045422984759,-0.78729548593705245,0.2503423013964573,0.15594456182598532
1,0,189,11.316912189211182,15.364440232316515,0.1752810844716528,0,0.027095159331948743,0.4077404439654726,0.20913025127931187,0.13302150691098227
1,0,190,11.381825039455649,15.447483033614443,0.20151159556711967,0,-0.016162229537153568,-2.1973475253509798,0.55779395171466895,0.10948368329742281
1,0,191,11.446456628154028,15.542403704462462,0.2247717325855394,0,-0.023352572470333042,-1.2039304889177422,0.32665288260821596,0.089602022935732564
1,0,192,11.510641144674555,15.648953793179382,0.24519372110205917,0,-0.023504861542503197,-1.0070984360517152,0.28163946745376323,0.076103682478987536
1,0,193,11.574351311256004,15.765297441398443,0.2631597477218231,0,-0.019441934682385496,-1.029584571466664,0.30990655532096273,0.067775929352023756
1,0,194,11.637564401112352,15.8897722585066,0.27901538533027775,0,-0.013182064779627901,-0.99464354481241934,0.33497297523192576,0.062472552117812698
1,0,195,11.700260810441561,16.021006460142747,0.29304618837948587,0,-0.0060123702741404633,-0.8165777309052169,0.34855424095331528,0.058285711268122577
1,0,196,11.762421286695709,16.157918252500821,0.30546632397901446,0,0.0012972387391180487,-0.49407109578757419,0.35136564292370992,0.053878980154977829
1,0,197,11.824042480064039,16.299466369164154,0.3165099794456086,0,0.0083433332295186763,-0.055013496907522191,0.34885540409455201,0.048510410794439178
1,0,198,11.885119112683993,16.444774843519436,0.32637732919506757,0,0.014981255898506395,0.47190942538609337,0.35953719820738095,0.041873515582672154
1,0,199,11.945650008172596,16.593029701849822,0.33524339431505862,0,0.021224860045700265,1.0540540908897706,0.37815717677059263,0.033934153739499512
1,0,200,12.005638481593502,16.743480108699707,0.34327055871480078,0,0.021053655588412972,1.1612024708609046,0.39484135196813863,0.024872399568414919
1,0,201,12.065094105291713,16.89701167569093,0.35029384993636936,0,0.0031026114755349009,0.44246963405759093,0.394638479245281,0.017127145548045491
1,0,202,12.124007941754769,17.052447351157237,0.35656085236251089,0,-0.0001072561604591272,0.57639116261069545,0.40162688248659101,0.01143623980556396
1,0,203,12.18238511610617,17.209172428363782,0.36220655220106107,0,-0.0018137199106194068,0.49981861938486277,0.40165742975770857,0.0079868881385440748
1,0,204,12.240232142928059,17.366955119473712,0.36727903602347056,0,-0.0024910984717204663,0.35274482829127868,0.40062220635869095,0.0064287358425813195
1,0,205,12.297548554043361,17.525532128320343,0.37183305143952583,0,-0.0025035931339675191,0.20493039706918403,0.40064488687922933,0.0061925371939751481
1,0,206,12.354347754214823,17.684632894928164,0.37594817154175986,0,-0.0021409133967087964,0.086461374034152508,0.40191079239655791,0.0066930605828124604
1,0,207,12.410639237258483,17.844036214366469,0.37968172392771177,0,-0.0016016176617115942,0.0055568297184049216,0.40412330571660815,0.0074869966185280587
1,0,208,12.466432293004582,18.00356025263773,0.38308166287068018,0,-0.0010167396852025592,-0.039911864938380122,0.4080359088867897,0.0082728605195407281
1,0,209,12.521736606608512,18.163054999525375,0.38618848286545371,0,-0.000465232729175967,-0.056837546079956447,0.41145205548104302,0.0088726705932313469
1,0,210,12.576551199115157,18.322390349211322,0.38899444161089158,0,-0.0012082758889579905,-0.15824414933770653,0.4160665528192502,0.0091991488522364558
1,0,211,12.630890398167994,18.481446546201223,0.39156740586271949,0,-0.0011127324753127865,-0.13079419263935718,0.41811601688724193,0.0093696232845815498
1,0,212,12.684769812088737,18.640147752524168,0.39394281019692701,0,-0.00061945784951680447,-0.097748033764901668,0.419873306370107,0.0094282878228807501
1,0,213,12.738194044939686,18.798411679584603,0.39611943655916348,0,-5.3759874863201914e-05,-0.067237613181082234,0.42145802872257576,0.0093432641662922668
1,0,214,12.791162714415487,18.956156956640534,0.39810957680232217,0,0.000524237463509902,-0.031259693432027703,0.42273041838660236,0.0090705815854934934
1,0,215,12.84370128611916,19.113343332983053,0.39997139152630301,0,0.0010796797627900994,0.012096244497626741,0.42417183962707611,0.0085916108339414363
1,0,216,12.895806888247712,19.269909623147047,0.40167672406837068,0,0.0015943090341252908,0.062577279869317715,0.42675669104779063,0.0078931507516930132
1,0,217,12.947490013276372,19.425813863957856,0.40326429345990894,0,0.0020622596840947382,0.11856668434735984,0.42937420801262771,0.0069844357183325764
1,0,218,12.998768481637331,19.581037206364698,0.40475430791871969,0,0.0024861950436037127,0.1781594655278633,0.43202498002184692,0.005888437160526578
1,0,219,13.049631650072978,19.735519290796983,0.40612352229470938,0,0.0028700966198049573,0.23997132028773951,0.43467293345398728,0.0046212606752113923
1,0,220,13.100112573783093,19.889278549274401,0.40743264755930353,0,-1.0167956497451174e-05,0.023923174340132015,0.43205941516020496,0.0032191830080248777
1,0,221,13.150190928030273,20.042277024683578,0.40862384555691061,0,-0.00014070531938382549,0.11907121046120318,0.43507820856493762,0.0020272984448148372
1,0,222,13.199904204822035,20.194528056330476,0.40977410473854253,0,0.00014586370973492611,0.16669080893505708,0.43704145454419729,0.0012029799796333864
1,0,223,13.249230261913869,20.345965581087761,0.41082879223138591,0,0.00074588950177655283,0.19695983459554531,0.43858050440558694,0.00064254949848820868
1,0,224,13.298203812716203,20.496634061854767,0.41184789753251022,0,0.0015293248404085846,0.23003360748024154,0.44018785860657589,0.00016261875375720518
1,0,225,13.34681039254078,20.646480976274869,0.41279870561821824,0,0.0024181292321518041,0.2760750477021845,0.4420435423124609,-0.00039801768226135545
1,0,226,13.395071847101368,20.795529968021494,0.41370807849383401,0,0.0033429670469620029,0.33843240776854328,0.44425526194106418,-0.0011674736653048462
1,0,227,13.442990215444064,20.943765338908264,0.41458451323664408,0,0.0042590983517779143,0.41761234831025401,0.44688315997678241,-0.0022423822080879789
1,0,228,13.490566367616603,21.091169099040513,0.41540375188717488,0,0.0051367814874208528,0.51218149830955062,0.44993615036039036,-0.0036876964125006073
1,0,229,13.537820284817057,21.237767393518062,0.4162100245006905,0,0.0059623869472844619,0.61901038378284257,0.45344762878835987,-0.0055156004380253511
1,0,230,13.584743476301899,21.383522593834687,0.41697965307091223,0,0.0068845993158496641,0.7485509518180381,0.45767608835103801,-0.00775412444882141
1,0,231,13.631349766008249,21.528436854815983,0.41772249816996843,0,0.0070210501766696113,0.82069180666296671,0.46102439805985729,-0.01046394322970522
1,0,232,13.677650273874697,21.67259368817777,0.41844744855225091,0,0.0057181448085794817,0.81500126176697973,0.46292557637206394,-0.013379742611765343
1,0,233,13.723639259738361,21.815985672286704,0.41913500443977508,0,0.0040710940767856134,0.79521857266360974,0.46426301125954511,-0.016146757106531833
1,0,234,13.769326015214949,21.95862342275813,0.41978319758003263,0,0.0022546370035568409,0.74587808599966077,0.46436364748998477,-0.018453182999433104
1,0,235,13.814721831181496,22.10052762642648,0.42041428193650032,0,0.00039940509624442132,0.66099650771895113,0.46299538214658514,-0.020070925885542129
1,0,236,13.859831214593379,22.241706358387624,0.42102758362504944,0,-0.0014029625559764016,0.53939199890109357,0.46020806222774086,-0.02083704870518344
1,0,237,13.904645588222191,22.382131916320954,0.42160155208991096,0,-0.0030828344677575961,0.382078349075612,0.4562458013762728,-0.020611581893964986
1,0,238,13.949182892970953,22.521835840532276,0.42215420688620714,0,-0.0046092751542232656,0.19661403274679826,0.45166441356940501,-0.019410771582514329
1,0,239,13.993448024215738,22.660813519163934,0.4226955872669978,0,-0.0059707437863264845,-0.011386718901524016,0.44808170805071035,-0.017259835473813736
1,0,240,14.037445455138272,22.799055932716922,0.42322879255670276,0,-0.0041970604306707897,0.017796033898234684,0.44808639676119227,-0.014223598021346869
1,0,241,14.081176765075016,22.936617222399992,0.42374029226128979,0,-0.0029677834008563237,-0.08961630549982523,0.44929393541688367,-0.010850662965053211
1,0,242,14.124642380000333,23.073446905082282,0.42422721697482607,0,-0.002062795265726025,-0.18610213788876917,0.45203595481765979,-0.0076727431875849954
1,0,243,14.167853319279267,23.209561958289186,0.42470664223150295,0,-0.0012330999116431701,-0.24401232907853843,0.4540194389445788,-0.004873459315348069
1,0,244,14.210813546139503,23.344971236894622,0.42518019804797202,0,-0.00052177730594059519,-0.26957962507166561,0.45520429569294124,-0.0025554963420609342
1,0,245,14.253526955342895,23.479686165769408,0.42564715449333146,0,4.8472240225256184e-05,-0.26944414946680961,0.45568820704374435,-0.00075895870672146293
1,0,246,14.295997366887821,23.613718233487756,0.4261068185546813,0,0.00047134210997659465,-0.25017763479352667,0.45564171785225638,0.00052451250247978682
1,0,247,14.338228524010326,23.747077867524009,0.42655875179574088,0,0.00075297367959830568,-0.21792975088809541,0.45525453694955181,0.0013382341465333597
1,0,248,14.380223501684366,23.879772477825309,0.42700246685242715,0,0.00090797442338736323,-0.17816506543684579,0.4546989241318336,0.0017473860803827017
1,0,249,14.421982441357423,24.011800315275856,0.42743469068615703,0,0.00095552216306448205,-0.13554591536205654,0.45410968146701342,0.001826923008402409
1,0,250,14.463513554784392,24.143181267323399,0.42785599188436146,0,0.00092090079860759747,-0.093822489256289596,0.45358157652565639,0.0016657574390730036
1,0,251,14.504820282273352,24.273921547927358,0.42827174207901358,0,0.00082703338513471787,-0.055657605050598094,0.45317340480934953,0.0013411520027926888
1,0,252,14.545905999850209,24.40402819302772,0.42868223551756973,0,0.00069518396290431427,-0.022829087063655221,0.45290975523667554,0.00092221831663730843
1,0,253,14.586774020732394,24.533508415486793,0.42908774520328646,0,0.00054411595292987234,0.0036931344238208823,0.45294097039065839,0.00046712444378845788
1,0,254,14.627427596691426,24.662369655602888,0.42948850898123769,0,0.0003892397116100775,0.023581146748307257,0.45374194377579669,2.1774439398154287e-05
1,0,255,14.667869919130867,24.790619545261716,0.42988473325899385,0,0.00024239343942176098,0.037078689439108824,0.4544207033732009,-0.00038032325903221133
1,0,256,14.708104120043583,24.918265828959761,0.43027660568307957,0,0.00011192052281210018,0.04482082439638968,0.45498048187368334,-0.00071723613568251861
1,0,257,14.748133272966124,25.045316277470878,0.43066430958824525,0,2.9892148861683056e-06,0.047661212839268323,0.45543496638093384,-0.00097716337396970597
1,0,258,14.787960393992034,25.171778617125085,0.43104803559980898,0,-8.1957321398369807e-05,0.046563510140256656,0.45580296062004838,-0.0011566800597037144
1,0,259,14.82758844285688,25.297660483373914,0.43142798863048337,0,-0.00014268602556284142,0.042513808046845826,0.45610537936988482,-0.0012588715742465151
1,0,260,14.867020325525274,25.422969402729066,0.43180438943378219,0,3.0818034109494514e-05,0.054821951602678581,0.45672597859971403,-0.0012969689593480124
1,0,261,14.906258898904809,25.547711960243451,0.4321776392408232,0,0.00037090649890182513,0.071898625685258441,0.45743932766796785,-0.0013616734553021379
1,0,262,14.945306952006234,25.671896346798388,0.43254780868460979,0,0.00024059165465323081,0.053819884484525876,0.45745896814443049,-0.001472210274897448
1,0,263,14.984167228564527,25.79553009060136,0.43291508999035072,0,4.0704801109485778e-05,0.037373876950873616,0.45750939525122652,-0.0015816860959930129
1,0,264,15.022842422776224,25.918620081448307,0.43327979080527934,0,-0.00021066925027052053,0.019686632982169754,0.45753163938798985,-0.001646406352642965
1,0,265,15.061335180238745,26.041173099730532,0.43364129190485062,0,-0.00049625650120523838,-0.0012726679345418654,0.45753376536021489,-0.001624525979453248
1,0,266,15.099647241831089,26.163193198451179,0.43399650188761318,0,-0.00080054120912696595,-0.026904491890737008,0.4583974371511737,-0.0014783212790891009
1,0,267,15.137778356607605,26.284678153975644,0.43434781303580061,0,-0.0011100516141978889,-0.058078495020510094,0.45937016156125099,-0.0011742741609495721
1,0,268,15.175734316011761,26.405643809156068,0.43469745026167239,0,-0.001413975515351629,-0.094934331127816698,0.46046445426757876,-0.00069238268168930295
1,0,269,15.213517598184346,26.526096289430196,0.43504583022962678,0,-0.0017045423651371727,-0.13727235106884278,0.46168699651096357,-1.8166924798739976e-05
1,0,270,15.251130638627572,26.646041492289825,0.43539339628974821,0,-0.0018905454236815826,-0.17727007907499184,0.46289205077852341,0.00085501897813373431
1,0,271,15.288575824151131,26.765486925567565,0.43574025034031899,0,-0.0017405888748555202,-0.19732864047667617,0.46373073635677564,0.0018974248194104603
1,0,272,15.325855487976675,26.884440802708415,0.43608633341043501,0,-0.0014664283185415428,-0.21478522069767764,0.46454581647337234,0.0030246212049321835
1,0,273,15.362971917957051,27.002909533135451,0.43643192728921121,0,-0.0011138676961458022,-0.22770680612707936,0.46528036842479681,0.0041499593347952704
1,0,274,15.399927188992008,27.120899013397555,0.43677258250742323,0,-0.00071013435862862643,-0.23339406246319033,0.46585129730991764,0.005194472280992647
1,0,275,15.436716331714448,27.238394181864233,0.43710569051465653,0,-0.00027986097050674679,-0.22962184074615696,0.46618578323601129,0.0060801770833386823
1,0,276,15.473348563089674,27.355421882376319,0.43743878022375809,0,0.00015383221053028715,-0.21586698331936954,0.46626715087752307,0.0067568354447798207
1,0,277,15.509826025699491,27.471988772170956,0.43777202466125864,0,0.0005740732445788224,-0.19195538842085302,0.46608927058074312,0.0071846049783938172
1,0,278,15.546150826137518,27.588101291415811,0.43810561848518925,0,0.00096800991981252783,-0.15824071697737366,0.46566765015653311,0.0073370382693387134
1,0,279,15.582325035830726,27.703765538797196,0.43843980286433654,0,0.0013266436710359145,-0.11551159474085652,0.46503544830005117,0.0072000437441966589
1,0,280,15.618346899640088,27.818976070309262,0.43876456338691738,0,0.0010626106169989455,-0.11527949786251508,0.46524167913122622,0.0067638609802366792
1,0,281,15.654216631096245,27.933732814901532,0.4390858508984361,0,0.00094961935844991002,-0.082689087807660058,0.46481769939543599,0.0061377510074274331
1,0,282,15.689941532967296,28.04805641915263,0.43940853030276766,0,0.0008373093899556311,-0.048251859191886029,0.46439631201338849,0.0054357450010188366
1,0,283,15.725523539721664,28.161951929667193,0.43973298460023802,0,0.00070254370653556662,-0.017150888229284861,0.46407706879546934,0.0046984496362086174
1,0,284,15.76096455479864,28.27542443814913,0.44005793081499006,0,0.00055727479259397371,0.0096901339753986595,0.464256061478238,0.0039600265767145738
1,0,285,15.796258018263204,28.388454066967849,0.44037137503572421,0,0.00041236624034115757,0.03141196379332354,0.46502395489273357,0.0032519304693254011
1,0,286,15.831411795170656,28.501062677556359,0.44068659704627361,0,0.00027675895754949764,0.048117690561051932,0.46569944697122384,0.0025960489297081474
1,0,287,15.866429888917123,28.613262233174471,0.44100480569946526,0,0.00015636666884776896,0.060107593388793588,0.46628306695466865,0.0020057835220487308
1,0,288,15.901314084157868,28.725058188755888,0.44132543350563413,0,5.5279059643976394e-05,0.067792222812569053,0.46677856003454193,0.001489281171684247
1,0,289,15.936057381593676,28.836430017828903,0.4416336514200101,0,-2.2538702714462137e-05,0.071515339646695042,0.46717638543749496,0.0010547021979668836
1,0,290,15.97066713139275,28.947398346144933,0.44194422262660349,0,2.98154177209083e-05,0.081457021641788016,0.46769708588693487,0.00069473272083636151
1,0,291,16.005147971426965,29.057976992195638,0.44225870567534292,0,5.4190860171716347e-05,0.082904078778398421,0.46804680018184069,0.00037606746546709282
1,0,292,16.039500477830725,29.168168278487091,0.44257171038319704,0,-3.9311903954443434e-05,0.073134467940996276,0.46816724047159958,9.1520631903232286e-05
1,0,293,16.073715835934784,29.277945891131491,0.44287549483737748,0,-0.00014853339305557586,0.061799006927003498,0.46824563170757971,-0.00013655780837202615
1,0,294,16.107807050466015,29.387347707209049,0.43388157650048553,0,-0.00026768434844351788,0.048636957984975006,0.45929649319617855,-0.00029746349876216837
1,0,295,16.141777526149617,29.491723216438977,0.38262049052013297,0,-0.00039290323007459496,0.033406660810268579,0.40900262426003126,-0.00037948169342776972
1,0,296,16.175631891422107,29.580006526309685,0.32022278820628447,0,-0.00052050147037611776,0.015788427112128335,0.34642160874761452,-0.00036511929181294182
1,0,297,16.209395768829616,29.651281361808941,0.26089513602492798,0,-0.00064673223789358364,-0.0042034257047909966,0.28558409738113927,-0.00024981687643985492
1,0,298,16.243089877146272,29.706981888944,0.20439098326410812,0,-0.00076897410890548615,-0.026480633548201651,0.2266347944559465,-3.1703896060476522e-05
1,0,299,16.276728241494148,29.747071972799979,0.15062991850246277,0,-0.00088465790803793614,-0.051075551485264006,0.16913183419066005,0.0002985182086474679
1,0,300,16.310329282284634,29.772446787085364,0.099460973905989375,0,-0.0001481910206590486,-0.0044854551137596772,0.11299118266362199,0.00072516767725948718
1,0,301,16.343909995904507,29.784582809635825,0.050629780629461565,0,0.00059774164165580395,0.025814953310533455,0.058198346381359567,0.0010215776583819898
1,0,302,16.377484131013627,29.783516591521224,0.0040501814786172577,0,0.00042557147998538653,-0.011179380983659667,0.0083565696066736726,0.0010968701368928367
1,0,303,16.411067733471,29.768201287500869,0,0.04007256634137478,7.8986592883699416e-05,-0.045308194452640359,0.056502781708323041,0.0010707070653612784
1,0,304,16.444677812462583,29.735169179233214,0,0.080984896339373294,-0.00040514869665681869,-0.080546240526783344,0.11266606306857389,0.0010591776150800695
1,0,305,16.478334400759291,29.684739652876342,0,0.1188170779189504,-0.0010031980060249657,-0.12064651249720318,0.16316962251236991,0.0011679850029997075
1,0,306,16.512061286491843,29.617362329368522,0,0.15370103089967599,-0.0016867385497109815,-0.16966833445612078,0.20865375360344693,0.0015196207453582024
1,0,307,16.545870739494362,29.53542843017981,0,0.18603519549828723,-0.0024190955588062062,-0.22949078115948934,0.25016313862594625,0.0021866233517876198
1,0,308,16.579778730255882,29.439750012234342,0,0.21601900410950237,-0.0031746115359921933,-0.30179733160303907,0.28828030779628511,0.0032426376939292192
1,0,309,16.613813646910685,29.329967501555796,0,0.24369103997763214,-0.003926468729916568,-0.38885979327725079,0.32333751835578556,0.0047981281350075256
1,0,310,16.647979427557644,29.208209121689432,0,0.26936450048458049,0.001008979567760019,-0.026824777846609662,0.3654285460972535,0.0066988623590850662
1,0,311,16.682289567058337,29.075017359394923,0,0.29316007865409044,0.0088639449250787587,0.44796546916708768,0.39354110414279758,0.0070963228748824585
1,0,312,16.716768921776247,28.930556516461998,0,0.31523818252773039,0.0067350013064656237,0.20281883565361955,0.40181529254082277,0.0052541234594452218
1,0,313,16.751430042932046,28.775708480628289,0,0.33571518794321115,0.002955247312894994,-0.033590566476797333,0.41726994445670812,0.0025353195666833399
1,0,314,16.786279741507972,28.611309468032744,0,0.35473561364867373,-0.0021462083444573669,-0.29180807352231108,0.44556851883721654,9.1252942756236263e-05
1,0,315,16.82133139309758,28.437700899928892,0,0.37239104854590688,-0.0082777756608143262,-0.59687480065309695,0.48173210900261654,-0.0010351649706676902
1,0,316,16.856611770255498,28.254678154242086,0,0.38876809289261616,-0.01515907492304586,-0.9853429309152465,0.52605950467412377,0.00033183436157612671
1,0,317,16.892128892318595,28.062784762340751,0,0.40389590069990422,-0.022448688869552223,-1.47787027402888,0.57891993052328727,0.0050690519397475001
1,0,318,16.927894152462454,27.862319357880597,0,0.41783444870202263,-0.029885791291604138,-2.0784478740863537,0.64064686008318483,0.013851927779869433
1,0,319,16.96392524430318,27.653308405469321,0,0.43060987645668486,-0.037263614516452166,-2.7798733825903326,0.71140288266369656,0.027275863340730355
1,0,320,17.000241313198387,27.435722709886129,0,0.43783501925971285,-0.030913052652737305,-2.7362344181772991,0.67355417483692293,0.045791854500228803
1,0,321,17.036858936609491,27.223308788714125,0,0.36771091080509438,-0.029645200579263616,-3.2582647497900235,0.63398409112665366,0.067576472930369225
1,0,322,17.073745205901023,27.041234899991629,0,0.30380015152697565,-0.027678557093822977,-3.739012201918531,0.5991367276680799,0.090085118436875958
1,0,323,17.110863845409408,26.887097373964757,0,0.24562004223913833,-0.025207966081052743,-4.1648312315516645,0.56957909273398111,0.11269211902190475
1,0,324,17.148180903906592,26.758697656024111,0,0.1927295267107571,-0.022420034984371132,-4.5286252662060722,0.55193736995585996,0.13483551432613936
1,0,325,17.185663986678488,26.653951211698928,0,0.14471013238123359,-0.019489641661763844,-4.8280740919849015,0.57118009571879058,0.15602899102967061
1,0,326,17.223282485815719,26.570902887447218,0,0.10116910540891901,-0.016575058267464915,-5.0639957461778407,0.59285019089984747,0.17587192938742147
1,0,327,17.261007713011356,26.507731740523965,0,0.06174399947998449,-0.013814500065473212,-5.239090794581351,0.60897748344748659,0.19405394034482021
1,0,328,17.298813849774611,26.463022714329028,0,0.026154907749063514,-0.011329786275577351,-5.3562435021722319,0.61869986017503209,0.21032184850343896
1,0,329,17.336674876269889,26.435083091116393,0.0072319585194659808,0.0012872699906186259,-0.0092142852701180243,-5.4194787697877027,0.62253618543087896,0.22454968691826607
1,0,330,17.37456593678467,26.419720030450708,0.035398554554638188,0,-0.0031756719949978009,-5.1689641494657401,0.61548652718304842,0.23669856542807804
1,0,331,17.41246064495926,26.414071561548347,0.062780880128598698,0,-0.00022813231687629612,-5.0784094272797882,0.60767217196294199,0.24593142325836934
1,0,332,17.450361053124105,26.416851023430702,0.08835083380550339,0,-1.6054024168928437e-05,-5.0441682962499845,0.59525999841104282,0.25208403941552543
1,0,333,17.488257721320426,26.427517682745595,0.11221835108888711,0,-0.00093539404210605864,-4.974065210667586,0.57759856441119661,0.25577941272379084
1,0,334,17.526139790755966,26.445624099225565,0.13327849343919357,0,-0.0028654639721526149,-4.8849643947691952,0.55710278042906058,0.25771213664852421
1,0,335,17.563997440963554,26.469768887816837,0.13912819901209328,0,-0.0056526254292631204,-4.7959805401860427,0.53362403187386542,0.25860828748945319
1,0,336,17.601826567150013,26.491479405090878,0.085761652126176285,0,-0.0091191351210717884,-4.7296642782192793,0.52840878103181776,0.25920059124271638
1,0,337,17.639642014102687,26.496814405299165,0.032431054890393197,0,-0.013069958570084814,-4.7059336598545682,0.54139784120154633,0.26020770755299794
1,0,338,17.677468304166911,26.485707522151596,0.0006097129392528208,0.018756950743051618,-0.017308087859575095,-4.7381918685121764,0.55831863677032334,0.26232455145911832
1,0,339,17.715332031195405,26.453726036733226,0,0.06507786522191493,-0.021642948953441127,-4.8322967657828668,0.58783781939924518,0.26609668437393791
1,0,340,17.753264523087232,26.398980614889581,0,0.095378421320598941,-0.02359560163765859,-4.8685598811293538,0.59561533686375223,0.27196800171667496
1,0,341,17.791279237221126,26.33733824435523,0,0.064061667517120516,-0.023439994603140855,-4.8950479362508084,0.57763046449318101,0.27965208181838219
1,0,342,17.829370212356643,26.292256874961179,0,0.028208405366066454,-0.023100529180903377,-4.9822836282263712,0.57429771419357944,0.28847624714004211
1,0,343,17.867513891263449,26.264042851021348,0.0052978070351740857,0.0011622222698976941,-0.022083588529805832,-5.0767582996733207,0.57685349624315718,0.29796948359473113
1,0,344,17.905688109618172,26.248917890015644,0.032312136511593779,0,-0.020511286313513625,-5.1634877779401744,0.57780449473760842,0.30767123860021456
1,0,345,17.943877694559607,26.241498336873978,0.043151462214609151,0,-0.018513196112859766,-5.235806948050449,0.5737496267128982,0.3171454069160759
1,0,346,17.98207620377843,26.232591542480407,0,0.0057981031646278085,-0.016214113892121879,-5.2841151423977717,0.57580424154014775,0.32599174506266332
1,0,347,18.020298301275375,26.205271077500925,0,0.054037292072982378,-0.0137178028852616,-5.2978839731382203,0.60175946817420323,0.33386115751808321
1,0,348,18.058576618732683,26.154262476774736,0,0.098118326934207564,-0.011113891147876868,-5.2798874319534539,0.62595075568688319,0.34042783259294646
1,0,349,18.096943387299756,26.081925938814525,0,0.13851347762934726,-0.0084913639454489605,-5.2274397271614736,0.64674192318741097,0.34545342389983819
1,0,350,18.135438354084936,25.990029922713926,0,0.17559141722991048,-0.018881842085120566,-5.8422431120538016,0.73852185599398912,0.34879347279363188
1,0,351,18.174139078871864,25.877357434246871,0,0.19657927792968288,-0.020843675092245051,-5.8915452525198608,0.73652918172398096,0.35279975656198342
1,0,352,18.213000802449901,25.762777881208521,0,0.15315079401101719,-0.017455455573561471,-5.7202100932766182,0.67889115854619175,0.35820614043496513
1,0,353,18.251998066017919,25.671576754353794,0,0.10698549555996976,-0.012510441293678318,-5.5066816870039155,0.65311910278198093,0.36362204988542446
1,0,354,18.291094763287905,25.603553552582849,0,0.065609660404973583,-0.0063017275205710776,-5.2233986659885892,0.62938351901732992,0.36766934874265744
1,0,355,18.33025677433988,25.556604390530044,0,0.028600095517221518,0.00083340193557766503,-4.8441271941248907,0.60067341395672846,0.36910155302451175
1,0,356,18.369453259109608,25.528760719891185,0.0060540867049710513,0.0016147728513491418,0.0085298397910257024,-4.3433846708955901,0.56249250532320505,0.3668445103675016
1,0,357,18.408658342593256,25.51579872333631,0.034355711655967583,0,0.016413170239944902,-3.6996460415781649,0.51301901196759148,0.36003547813167375
1,0,358,18.447854745481056,25.513310921552382,0.062032932534625745,0,0.024122752027267214,-2.8946508822363404,0.44868691199144939,0.34805711455410943
1,0,359,18.487029950589555,25.520327054601346,0.087667316573650941,0,0.0313330354886329,-1.9332972917550351,0.36975991317150164,0.33055787289689453
1,0,360,18.526182540902479,25.535946994390194,0.11144113436847966,0,0.031839463236737565,-1.3343432610614774,0.28741420845461751,0.3075881639230203
1,0,361,18.565354104434707,25.559858902066818,0.13341879671239482,0,0.018231058420159724,-1.4484492969696081,0.22181106817875404,0.28188431393602736
1,0,362,18.604485243958258,25.591394067961573,0.15373626671823529,0,0.014321519350846627,-0.64943836381868736,0.18623368086813211,0.25595050326691421
1,0,363,18.643559044570853,25.629445756137734,0.17261701458107148,0,0.010419888834530803,0.015324157467799427,0.19419907452944912,0.23068442861122282
1,0,364,18.682566047572056,25.67326645751427,0.1902126067181456,0,0.0067977440350531718,0.505022211269743,0.2285409469690223,0.20690782709637093
1,0,365,18.721498247963591,25.722301094249598,0.20663347226853393,0,0.0036487425279750356,0.83505997662939724,0.26189942991201659,0.18516992110936945
1,0,366,18.760348756111718,25.776133197194781,0.22196630545586943,0,0.0010912348256476771,1.0341886442311283,0.28796592474826932,0.16576596113887596
1,0,367,18.799110396201023,25.834475804905935,0.2362685781779747,0,-0.00080986709291681414,1.128602540972703,0.30623787467579378,0.1488137936308421
1,0,368,18.837778118824751,25.896999873848785,0.24960964975097491,0,-0.0020521442700156133,1.143937637079905,0.31825810989661618,0.13422274868114489
1,0,369,18.876347384562401,25.963404521370158,0.26205257842374302,0,-0.0026727576217076086,1.1031113970603559,0.3260504108683267,0.12178436464487019
1,0,370,18.914812495799129,26.033412455619736,0.2736546542209391,0,0.0016835976171313389,1.385111426068484,0.33723931823727044,0.11119453943519474
1,0,371,18.953166057216436,26.106575833766691,0.28450725453435416,0,0.0021697721932922658,1.241220635555093,0.34208330104148499,0.10138531706614269
1,0,372,18.991412877149568,26.182887772759017,0.29461354836598702,0,0.00015229467465551025,0.95665904808275137,0.34543041463439234,0.092116800797298587
1,0,373,19.029549416656497,26.262089988687752,0.3040269417780625,0,-0.0025671647438890604,0.6633130938459928,0.34831051660241646,0.083855200389533743
1,0,374,19.067571796287854,26.343900570913373,0.31280554582836573,0,-0.0058085262301282425,0.3420083110101757,0.34987627799840987,0.077065131295128098
1,0,375,19.105476849142939,26.428049165718857,0.32100513851537654,0,-0.0093918331179251944,-0.014863954307921036,0.35140048229274762,0.072169417694357224
1,0,376,19.14326215817,26.514272591766421,0.32868004103231824,0,-0.013156886100368626,-0.41983983904891348,0.36230894464568841,0.06953449721591827
1,0,377,19.180926074338299,26.602309993634318,0.33588016581169072,0,-0.016975213268791936,-0.88091692822629553,0.37633340090218342,0.069459859962767947
1,0,378,19.218465028257366,26.691924559279801,0.34265080636587641,0,-0.020751261588937375,-1.3958855605381841,0.39454225577549185,0.072235812066257468
1,0,379,19.255879736210513,26.782819069259112,0.34905773563995907,0,-0.024423326711924712,-1.9529178457502379,0.4187555153830046,0.078007681710725543
1,0,380,19.293169911182822,26.874687161555254,0.34999815163504477,0,-0.017586764198200697,-1.7962286020439131,0.42878052321781912,0.086755089266172147
1,0,381,19.330324759798099,26.965293855674403,0.32061839846201112,0,-0.011803144864280621,-1.9247788608358209,0.41807343234730593,0.096192490633895497
1,0,382,19.367363945288041,27.044190310498074,0.25996174189760274,0,-0.011190255142085173,-2.3485372574310506,0.38544576944833664,0.10483119854962514
1,0,383,19.404311992892065,27.104179727641828,0.1983720705821945,0,-0.011334847840570693,-2.7101679180432496,0.35503894656320273,0.11285387129818669
1,0,384,19.441195137151187,27.145684643629302,0.14003741148564611,0,-0.012194217877948544,-3.0307783140840798,0.33404117768697056,0.12055740753244652
1,0,385,19.4780377334219,27.169236925955367,0.084801448916109218,0,-0.013713567248503348,-3.3283083496628061,0.35082321113036752,0.12830615115872648
1,0,386,19.514865189923299,27.175973031349795,0.032459360415097976,0,-0.015788441337321997,-3.6190970041019832,0.39430555917202498,0.13650653565569304
1,0,387,19.551700445923444,27.166872448454122,0,0.017182833758720775,-0.018305153927256887,-3.913395983507594,0.43845489791645731,0.14554124997470877
1,0,388,19.588567708984499,27.137893021263672,0,0.063329578493533892,-0.021158365359869067,-4.2186321473640556,0.49142020634221822,0.1557819003032975
1,0,389,19.625496962313747,27.08682084556763,0,0.10555209844090507,-0.024245107757906725,-4.5440985558294464,0.55369350604558476,0.16757937769044789
1,0,390,19.662519198316748,27.015186139813412,0,0.14417174459081022,-0.027843479105274412,-4.9115734627047498,0.62523681287028821,0.18127551028193761
1,0,391,19.699669163871384,26.923917193350128,0,0.17356953380028811,-0.030847095841500485,-5.2579221866391119,0.68521791569545387,0.19771052910953796
1,0,392,19.736954379572982,26.826933165538801,0,0.12799776759446199,-0.02721358055166137,-5.3303018470222288,0.63820861039776211,0.21629418713355789
1,0,393,19.774353509460664,26.751094797721713,0,0.086171083413395189,-0.021914486941198928,-5.3616360294743837,0.60336368917978167,0.23532667225575749
1,0,394,19.811836196690006,26.694792166460466,0,0.048383375116832848,-0.015248872257950435,-5.3249478224213753,0.61523506361469071,0.25334357428914134
1,0,395,19.84937393386139,26.656378315276772,0,0.014303574563818087,-0.0075479695717250456,-5.1962931567584683,0.62355915656363825,0.26898431366320935
1,0,396,19.886940758369885,26.633968502918787,0.016447022588200581,0,0.00083691462042317975,-4.9525350737490799,0.62152890041462616,0.28102822513026948
1,0,397,19.924515969397252,26.622851122779128,0.044812542374089513,0,0.0095461761592745206,-4.5756343456320359,0.6066548958224306,0.2884293600868037
1,0,398,19.962085263644365,26.620886955657387,0.071221463659233902,0,0.018222957920470097,-4.0467529161871587,0.57503025812284414,0.29034401422299694
1,0,399,19.999636900972792,26.627654776567788,0.09575284368003105,0,0.02651889669598553,-3.3443419296987078,0.52418398411317912,0.28611817912084608
1,0,400,20.037161160117797,26.64280151932649,0.11848072760998295,0,0.031393320475943197,-2.6852698123033769,0.4577391716791071,0.27521975126583492
1,0,401,20.074670065572249,26.66555157768628,0.13956876885258376,0,0.029792876369192974,-2.2557878887214389,0.38286440586308512,0.25852773098893367
1,0,402,20.112155946663911,26.695496287686819,0.15910033954769551,0,0.025522924375255159,-1.7441950455237041,0.30621830325894661,0.23790631359425093
1,0,403,20.149606364659917,26.732046985296918,0.17719480909024052,0,0.01917618968971195,-1.2154905554620452,0.24861124272405094,0.21522546027524345
1,0,404,20.187009470001556,26.774472760553376,0.19400000213545948,0,0.011328962181366689,-0.75402679910377279,0.22732755173515415,0.19235063747500156
1,0,405,20.224354651916443,26.822026160555552,0.20466012589580568,0,0.0025674482682182037,-0.44437790049086345,0.23342909360094888,0.17103333513350652
1,0,406,20.261634978243517,26.869710613204884,0.17285162456203043,0,-0.0065689716779415265,-0.3550032713077686,0.2110247149680417,0.15279688639512154
1,0,407,20.298856914482393,26.905355925089683,0.11499899517486016,0,-0.015625539290050033,-0.49217379292902874,0.22963159571785374,0.13894236921620634
1,0,408,20.33604267239545,26.923152924535355,0.060232500556928588,0,-0.024235647800942048,-0.84470059065514103,0.28600954061318123,0.13044206879906584
1,0,409,20.373218560165675,26.924319896852143,0.0089416219006270004,0.00062606071503082015,-0.032162205986288141,-1.3938384288045416,0.34996304778667503,0.12775342200489173
1,0,410,20.41041001437894,26.908041994480499,0,0.02724286896320148,-0.038699821380398548,-2.0785927709889194,0.41597431231761128,0.13117020185707923
1,0,411,20.44763638177184,26.882178512099557,0.0023035686563977948,0.0062083282485717239,-0.039097278494483433,-2.5856957002741092,0.42505190937055959,0.14044458572763258
1,0,412,20.484890419462701,26.867629310591536,0.025005427280104537,0,-0.035970930773753511,-3.0345098593059836,0.4165613031414101,0.15408996437606418
1,0,413,20.522156733526359,26.861977283290532,0.052012742599974668,0,-0.030750352288282077,-3.431405963407093,0.40124283038893493,0.17027606248181421
1,0,414,20.559422162053156,26.864089335441165,0.077336933333890773,0,-0.023890722165319973,-3.7307434850022312,0.38417903229279515,0.18724831024665928
1,0,415,20.596673144931152,26.873603236880143,0.10105532249122932,0,-0.015842578073114563,-3.9001568245281906,0.45052870474004053,0.20330235063930671
1,0,416,20.633897918796841,26.889876832210749,0.12330492102419152,0,-0.0070841600127941173,-3.9261519512815184,0.49803222013269394,0.21700667506552695
1,0,417,20.671085821173197,26.912590183156937,0.14415133718022885,0,0.0019867616140453069,-3.7969969164698729,0.52401297579494677,0.22716031976875614
1,0,418,20.708227510617107,26.941477560972803,0.16364934266627587,0,0.011003148411428373,-3.5023040661984219,0.52806111138952638,0.23278237979143471
1,0,419,20.745315075038896,26.976290320939611,0.18185029085385335,0,0.019630873387487657,-3.0314657552776296,0.51028491979764312,0.23312458266692621
1,0,420,20.78234345209583,27.016755761242177,0.19880970975803575,0,0.026413897552934208,-2.4817002172621367,0.47389870941062739,0.22772354040094939
1,0,421,20.819329732346805,27.062617950525659,0.2145704897953071,0,0.020860481170037332,-2.637408275949896,0.43856083999277151,0.21758057041112486
1,0,422,20.856253297210888,27.11380742916365,0.22915160979294524,0,0.019071291657866793,-2.1723538302414029,0.38833731281577011,0.20419485535892576
1,0,423,20.893108269712801,27.169778327020193,0.24267073061877928,0,0.015945718607341227,-1.6852195845127045,0.34567461878232136,0.18873766569356645
1,0,424,20.929887827208525,27.230045792137982,0.2552263286361422,0,0.011806576699104204,-1.2224497778008991,0.31801834000986795,0.172340984175439
1,0,425,20.966585820730348,27.294113792961312,0.26691911461055329,0,0.0069924996670788671,-0.82938971203766687,0.30751471401944525,0.15608831996662528
1,0,426,21.003196965015132,27.361525271580991,0.27784200012340593,0,0.0018319340478898979,-0.54420819768176631,0.31039451180175104,0.14095658664778521
1,0,427,21.039716508632914,27.431904145349669,0.28806289081482245,0,-0.0033790749191478964,-0.39671601737291079,0.3202335231437895,0.12778078387942915
1,0,428,21.076136488454804,27.505043577075774,0.29762253772371694,0,-0.0083762988430995302,-0.40065754874467391,0.33177405664246673,0.11734766344386681
1,0,429,21.112458826625446,27.580555909656727,0.30661067465524272,0,-0.012984098586846685,-0.53830774445753704,0.34299278682379297,0.10997651285713493
1,0,430,21.148680230114618,27.658222308208121,0.31507250210017124,0,-0.013677835413252737,-0.53094794050046035,0.35009222169662113,0.10583819742155554
1,0,431,21.18479336092178,27.738133869627802,0.32299123857023493,0,-0.011118640001727003,-0.49470274019227389,0.35665964927089644,0.103939128729931
1,0,432,21.220802539189911,27.82005328909251,0.33041121796240297,0,-0.012021345186285866,-0.81493276953203853,0.37068651303733424,0.10346905799605925
1,0,433,21.256702016694007,27.903760571637633,0.33736724403967888,0,-0.012806647162220266,-1.1431473716521516,0.38704824200276738,0.10444678770215803
1,0,434,21.292494480996705,27.988996724277797,0.34392548713476262,0,-0.013512202883905216,-1.4732815233814056,0.40551956450088983,0.10673300113920253
1,0,435,21.328180484723404,28.075573305736032,0.35012693845358733,0,-0.014167949457013111,-1.8016410780205978,0.4258220720285727,0.11023271865512051
1,0,436,21.363759517907475,28.163335622839988,0.35600387417685453,0,-0.014799387133248017,-2.125849730426578,0.44767126564847559,0.11487661151529042
1,0,437,21.399229958976044,28.252152302155977,0.36157342089022848,0,-0.015428836199483938,-2.4444198935654002,0.47079585311300598,0.12061907339003702
1,0,438,21.434586265790365,28.341924819519424,0.36685416247354802,0,-0.01607728423437596,-2.7563596242015276,0.49499445346152482,0.12746349587042971
1,0,439,21.469835114255705,28.432469582448466,0.37189683529746925,0,-0.016759186997356623,-3.0619952258808771,0.5200246456092984,0.13531399231762184
1,0,440,21.504975201216521,28.523672166887899,0.37672559095321639,0,-0.015380318274859084,-3.2185078015022506,0.54175456392823562,0.14407936443116989
1,0,441,21.539996629651171,28.615927748340894,0.37663816610267881,0,-0.0087704638380866843,-3.0666593314679487,0.5498442171070721,0.15260963318999735
1,0,442,21.574902191433807,28.703551734324353,0.31797612578780182,0,-0.008281210149892965,-3.2984092884451055,0.51323892309223973,0.16004486410340532
1,0,443,21.609717506617315,28.774412897556743,0.25794065479977291,0,-0.0083993137856756776,-3.4977349880950741,0.47576144457872227,0.16679961304264468
1,0,444,21.644462628340722,28.828522962042697,0.20039223722836252,0,-0.0090824907153718489,-3.6761491425197783,0.44300761727446697,0.17316007850437001
1,0,445,21.679156338228232,28.866481502800422,0.14569060116025329,0,-0.01027884798968803,-3.8442273133423552,0.41784228564816861,0.17943392679004569
1,0,446,21.713817044839043,28.888239090998589,0.093811759769975647,0,-0.011935416941548623,-4.0126098166194089,0.43752873648353113,0.18598811318949479
1,0,447,21.748465682466897,28.895695227292382,0.044436963815082199,0,-0.01393421663290156,-4.1900428951392863,0.46634890872729368,0.19313566719109684
1,0,448,21.783118546811941,28.88946119281859,0.001288045493700928,0.0038512456263775047,-0.016194197575621173,-4.3826108504396322,0.49625827909891679,0.20116545565013
1,0,449,21.817793609986786,28.867494605457651,0,0.046872225353005441,-0.018638173059777285,-4.5924364058655245,0.53063682815570712,0.21040048212300935
1,0,450,21.852515264412823,28.82514242796767,0,0.087532365243529642,-0.020402747517749491,-4.7836740465829815,0.56528052286553632,0.22113626547177379
1,0,451,21.887299791904514,28.764867906384371,0,0.12500282301786947,-0.01991940759032397,-4.88267496824428,0.57924397523656757,0.23323524016929362
1,0,452,21.922164867675153,28.688061372899657,0,0.15957731289234267,-0.018577236340343698,-4.971981693102081,0.59338994362849984,0.24618788775364658
1,0,453,21.957134899777195,28.595150943557723,0,0.19144785453974877,-0.016538267248383511,-5.0480334571446424,0.60891416037244039,0.2594228055985533
1,0,454,21.99222837664017,28.487478559941891,0,0.22082571824419284,-0.013912499080776861,-5.1006508238178689,0.64926961949061401,0.2723191988662283
1,0,455,22.027458254249293,28.36650039939741,0,0.24798805467344745,-0.010824896986921842,-5.122502803375256,0.68794144536807444,0.28435086099455054
1,0,456,22.062840637278288,28.233053045793834,0,0.27311653009208725,-0.0073848409568264732,-5.106823099667694,0.72094041131615427,0.29502849041886159
1,0,457,22.098396051798655,28.087639796465179,0,0.29641349234307335,-0.0037062235685162617,-5.0463812650992468,0.74667434087335871,0.30383866873038179
1,0,458,22.134144513215166,27.930877971370414,0,0.31797628625383645,7.7350398547630035e-05,-4.9344888492668977,0.7636307883219442,0.31029730180460691
1,0,459,22.170093402892899,27.763949314892354,0,0.33801614124134016,0.0038316042887975017,-4.7680313870202831,0.77103959443474934,0.31414816891918473
1,0,460,22.20625469426815,27.587465049340413,0,0.35667396296677428,0.0091527475204749645,-4.418873170823602,0.76244508298588609,0.31505369443767517
1,0,461,22.242634008172459,27.402307333865519,0,0.37414813653482731,0.014176484011791153,-4.0448491390672174,0.74283056933892055,0.31206748409757812
1,0,462,22.27927750729172,27.208290296631631,0,0.39048677414370764,0.01251772964801252,-3.9926274552991132,0.72623156828318203,0.30531990357961264
1,0,463,22.316210743193064,27.005417227314112,0,0.40568590456278936,0.0089673703206015996,-3.8971940966942893,0.70017213040912896,0.29606763797401764
1,0,464,22.353437957808222,26.794362954165724,0,0.41986208576682987,0.0038627923379595842,-3.7883162526971246,0.68144158116733355,0.28567669552832947
1,0,465,22.390974098896621,26.575298089268635,0,0.43307437020575384,-0.0024864603585087073,-3.7001021697006413,0.7026426600048008,0.27537890755086558
1,0,466,22.428834910904129,26.348269463389677,0,0.44535846154986608,-0.0097354616972719216,-3.6700301912533311,0.73136936482664305,0.2663758572332659
1,0,467,22.467037482352026,26.113231728889549,0,0.45673308318322148,-0.017527347853262269,-3.7326489968720398,0.76499721902571316,0.25978649041401453
1,0,468,22.505600715216726,25.8700781648187,0,0.46720618738280356,-0.025519044194323128,-3.912475920624741,0.80494742084779869,0.25659436869781993
1,0,469,22.544545678731254,25.618660275562011,0,0.47677890890570379,-0.033404472575670169,-4.2186756477741207,0.85210038916447639,0.25760469398717611
1,0,470,22.583893758297133,25.358807085312318,0,0.47678830742730471,-0.039371445560866546,-4.5619459545867374,0.88631373666006208,0.26337942559032801
1,0,471,22.623636167782223,25.107190589588239,0,0.39757660457178701,-0.035412793911883303,-4.5703596850066806,0.79058772632189522,0.27314838642105577
1,0,472,22.663745762715092,24.89371198594834,0,0.32470181627229439,-0.033442462408945321,-4.8203528590296862,0.73309735548822763,0.28531660923523028
1,0,473,22.704170284166612,24.715226522726322,0,0.2590212243272732,-0.03009001119264141,-5.0490099973620595,0.67849167310630232,0.29872371259718189
1,0,474,22.744858167164054,24.568767996118755,0,0.1999374567670015,-0.02567149901466436,-5.2302620422129786,0.64943343192197256,0.3122211499737062
1,0,475,22.785760287073035,24.451541536104219,0,0.14688752980332448,-0.020514801355934788,-5.3463360758743583,0.65788101755773642,0.3247557561521508
1,0,476,22.826830464185484,24.360948966481818,0,0.099347960449683012,-0.014942556271399657,-5.3853124862828086,0.66180002083753753,0.335402387614816
1,0,477,22.868025791284197,24.294596554431127,0,0.056836336804487832,-0.0092591414292808403,-5.3387851165712359,0.65759276526654564,0.34338699603571649
1,0,478,22.909306793050163,24.250287358903662,0,0.018909793305371601,-0.0037402311591925551,-5.2002501606767009,0.64289143965880724,0.3481032581032158
1,0,479,22.950637594681353,24.225661368949932,0.014906966450114962,0,0.0013763775229622122,-4.9636375573734544,0.61751051688868686,0.34912515982513015
1,0,480,22.991994053917438,24.215075301117992,0.045745733341419459,0,0.0013072942427575717,-4.9305326026318328,0.59011954976847025,0.34625716205611362
1,0,481,23.033382001205105,24.214668408347531,0.074381653241845397,0,-0.0006678378017030399,-4.8211195770812996,0.55500043120542764,0.34056404827686393
1,0,482,23.074762242235501,24.224327370921689,0.10084025082800337,0,-0.00076922154800682335,-4.5030848946031981,0.51417101614968186,0.33308353635716026
1,0,483,23.116113943284116,24.243476463163251,0.12523942242409905,0,-0.0012990783884135417,-4.172053153582473,0.4752896617306332,0.32420177073588635
1,0,484,23.157421395272451,24.271338604688637,0.14773722188400429,0,-0.0021513969752076203,-3.84393009628505,0.44089730507984715,0.31433192456128822
1,0,485,23.198670358109478,24.307150995006573,0.16848875262978136,0,-0.0032122293122998605,-3.5337931114054943,0.41300963235462151,0.30388716185053971
1,0,486,23.239848050542374,24.350184391874091,0.18764232201889378,0,-0.0043694228064071463,-3.254147151798966,0.39272450077048165,0.29325290134248605
1,0,487,23.280942063389542,24.399824494978013,0.20532015492933139,0,-0.005520153819134138,-3.0141694324546675,0.38017716078182501,0.28276866953447544
1,0,488,23.321943105731144,24.455373808770375,0.22166663337249892,0,-0.0065788678840642796,-2.8177580348570617,0.37447053334254204,0.27270321152750726
1,0,489,23.36284255099137,24.516260496332674,0.23679897604700592,0,-0.0074820928688930357,-2.6649149184297105,0.37430908800460083,0.26324776261034849
1,0,490,23.403634769491536,24.581985476977238,0.2508184062423921,0,-0.0095652325789646296,-2.6471481472505634,0.3830529216350031,0.25456445565242874
1,0,491,23.444332254267888,24.651625399944837,0.2639118539676848,0,-0.01654070037579259,-2.9640817155671919,0.39647586178331129,0.24778647842866519
1,0,492,23.484904709694145,24.7249964033957,0.27611971486344583,0,-0.01655185785973113,-2.8957684686957239,0.41025807038991641,0.24323451442030966
1,0,493,23.52534631932431,24.802073162503,0.28744912563225261,0,-0.01550978990452564,-2.8704386463298457,0.42743806757113784,0.24029034940278052
1,0,494,23.565652779438675,24.882515158296286,0.29797022069377932,0,-0.013595075806479142,-2.8562433585231259,0.44514087545854303,0.23834744408243821
1,0,495,23.605820103496146,24.966031065004501,0.30774326175239214,0,-0.011005304005004294,-2.8270575612932829,0.46096410879615318,0.23678532334623606
1,0,496,23.645844645477304,25.052371112102026,0.31682016799451662,0,-0.007939134972330843,-2.7628932345996389,0.47299839049097675,0.23501285578691089
1,0,497,23.685723143810193,25.141320063395327,0.32524592256443319,0,-0.0045848226219018353,-2.6493613448901021,0.47991055431857815,0.23250026814677938
1,0,498,23.725452752738946,25.232688545108797,0.33306030896951078,0,-0.0011123806551412835,-2.4768206576551921,0.48099670434000502,0.22880100067795733
1,0,499,23.765031070550094,25.326302711270749,0.34029997970541992,0,0.0023315377016104649,-2.2395807104459853,0.47619641962413289,0.22356502119716792
1,0,500,23.804456687655822,25.421994665952411,0.34700037330354844,0,0.0050232559435154861,-1.9847604904670009,0.4671698421422007,0.2165569439728891
1,0,501,23.843735347432979,25.519540377740551,0.35320811393842749,0,0.003461399156685916,-1.9637116519067952,0.46086555785900069,0.20799728467034054
1,0,502,23.882866988023878,25.618712420053441,0.3589694843479998,0,0.0015758611480582469,-1.8641451941982092,0.45303914657134858,0.19861383745736261
1,0,503,23.921849558268544,25.719347379211126,0.3643181475898532,0,-0.0010571692419485616,-1.7820911275991955,0.44753358844343488,0.18911581532812763
1,0,504,23.960681623907419,25.82124455894148,0.36929708108351628,0,-0.0042072489795722152,-1.7433485826175197,0.4455319053279142,0.1801875833557984
1,0,505,23.999360977454291,25.924209409462257,0.37394527720722792,0,-0.0076613141697717338,-1.7671235380871242,0.44738305751182572,0.17245506253568116
1,0,506,24.037886873833063,26.028046575683106,0.37830340994725103,0,-0.011229110766871499,-1.8644098537462954,0.45304968939466855,0.1664473478753461
1,0,507,24.076260993556424,26.132566108585237,0.38241296652578605,0,-0.01475815568041307,-2.0373605041057399,0.46252424198227798,0.16255031303874529
1,0,508,24.11448419944524,26.237598309360436,0.38630958606432353,0,-0.018137222116867878,-2.2822945212922123,0.47609381286804703,0.16104721683018208
1,0,509,24.15255786148558,26.342979791568034,0.39002762321900397,0,-0.02129251781439348,-2.5908277824611323,0.49425260870696708,0.16211748420981192
1,0,510,24.190482942032606,26.448547745294288,0.39360129310911612,0,-0.022623937714935594,-2.8519459453334481,0.51483398479921016,0.16583438495206007
1,0,511,24.228255642391051,26.554463731988182,0.39699991907657262,0,-0.021387059013007154,-3.033647750347872,0.53658325232586801,0.1717332050897746
1,0,512,24.265877780024233,26.660685980789015,0.40023347594478731,0,-0.020124112764394703,-3.2633326189408232,0.56149193477819426,0.17904138960631275
1,0,513,24.30335083488815,26.76710335166754,0.40332578710184491,0,-0.018301925844833818,-3.4713482519715737,0.58631243416912193,0.18717089500723952
1,0,514,24.340675673844437,26.873681098355469,0.40627878888252295,0,-0.016074041275681478,-3.6450552192689951,0.60925533015608202,0.1955745114371604
1,0,515,24.377848470899359,26.980413872564618,0.40909468431841994,0,-0.013579313678193847,-3.7746371656630373,0.62870743863855671,0.20373914417803102
1,0,516,24.414872769193309,27.087313071579423,0.41177759306018508,0,-0.010956845096970575,-3.8558428139289664,0.6436322842127703,0.21122347188780494
1,0,517,24.451750728674579,27.19440791257664,0.41432481764948387,0,-0.0083185064932929844,-3.8868116188829451,0.65344049582861963,0.21768222729134365
1,0,518,24.488483053386471,27.301737931803235,0.41672996471083912,0,-0.0057556383828320425,-3.8669583313990232,0.6578619099665155,0.22284076013626611
1,0,519,24.525070449510412,27.409344398062608,0.41898627560360513,0,-0.003341779577518896,-3.7969618481358163,0.65692475492603353,0.22649549691857523
1,0,520,24.561514605081161,27.517266672104565,0.42108346140338049,0,-0.001793717517599189,-3.7214955284040041,0.6523444932894028,0.22854213218929281
1,0,521,24.597832517543139,27.625133023836987,0.42308972159043307,0,-0.0085443194207199761,-4.0878579824072192,0.66013050849410326,0.23019741415036934
1,0,522,24.634002762064778,27.732909772343085,0.42502063220855563,0,-0.0076154639725563933,-3.9227397425272583,0.65090659694340935,0.23207659268402608
1,0,523,24.670029306043322,27.841044551664908,0.42679171363410434,0,-0.0062316467020455792,-3.7497167843367771,0.64206761681843838,0.23372320446841791
1,0,524,24.705912915689925,27.949488349059894,0.42841418856219726,0,-0.0044454771911837639,-3.5618847387464276,0.6328291398560244,0.23479800394651479
1,0,525,24.741654420947444,28.058201614449224,0.42989404807778758,0,-0.0023227193714373444,-3.3520320900982226,0.62245857720371067,0.23497952443772521
1,0,526,24.777248527811956,28.167160390297294,0.4312261499151866,0,6.9672563507161485e-05,-3.1114995248733615,0.61023040238242066,0.2339054825144985
1,0,527,24.812698394644123,28.276326987264071,0.43242983080729841,0,0.0026392052079328315,-2.8335670029707676,0.59570479305484558,0.23130449342916343
1,0,528,24.848008956682538,28.385663637224795,0.43351783574073699,0,0.0052988329891342353,-2.5135764554382671,0.57875681366445553,0.22699469892485161
1,0,529,24.883181559968879,28.495133575900429,0.4344988603108822,0,0.0079720941583586967,-2.1471982096860938,0.55948227237072778,0.22080911511645446
1,0,530,24.918214735301621,28.604695584515802,0.43536649655669385,0,0.0055491976870604195,-2.1371490574683927,0.54858923699021245,0.21257302022284402
1,0,531,24.953120517892533,28.714158924955193,0.43616789969165004,0,0.0042459576014330577,-1.9222973744611875,0.53306903673750572,0.20311903486927968
1,0,532,24.987896444803244,28.823571249996402,0.4369027383951759,0,0.0030073499225649184,-1.6918788870999102,0.51924673651976871,0.19344593142256195
1,0,533,25.022543122742434,28.932877916728678,0.43758214741911416,0,0.0016005530497221155,-1.4864286403022631,0.50826109841146483,0.18386848145373377
1,0,534,25.057055401225693,29.042011740837825,0.43820309530891,0,0.00011287354416268514,-1.3157745137905184,0.50021699471896497,0.17468454908552497
1,0,535,25.091435300213821,29.150917535467276,0.43879052680339703,0,-0.0013663165764290167,-1.1856559576087686,0.4948076411058196,0.16614751191879409
1,0,536,25.125689896867733,29.259567539981404,0.43935704173155166,0,-0.0027711266548546215,-1.0966892231533703,0.4915443173615055,0.15840487981308202
1,0,537,25.159820332501134,29.367935015798107,0.43990141276289851,0,-0.0040515330024087828,-1.0488450731399541,0.49007182370773722,0.15157766499374895
1,0,538,25.193815969655258,29.475968935295967,0.44042335351804357,0,-0.0051512525454123067,-1.0434333320169131,0.49021012225966704,0.14584465886719727
1,0,539,25.227690837114597,29.583685058332964,0.44094010259129407,0,-0.0060634379474492394,-1.0721198452784366,0.49159423994129997,0.14113211682213658
1,0,540,25.261446855457773,29.69107630392746,0.44145094927099088,0,-0.0071421550148425559,-1.157431661190224,0.49472180753803879,0.13744670373170112
1,0,541,25.2950814920768,29.797993885546031,0.44196795338449624,0,-0.012078942257650381,-1.5532670227653578,0.50574838917277176,0.13564243925792785
1,0,542,25.328594563576168,29.904438522155299,0.44251099174901415,0,-0.011412612309935732,-1.5730883642021696,0.50919961340753883,0.13567592455950223
1,0,543,25.361990798534229,30.010603940226108,0.44304341075507064,0,-0.0099084660504427345,-1.6042454349298176,0.51395952322441918,0.1368643319760606
1,0,544,25.395261417460326,30.116468319797921,0.44354944098380789,0,-0.0076287588833754121,-1.6243753549572437,0.51917397271679455,0.13864661610061732
1,0,545,25.428413463306093,30.222046859327616,0.44404603030776968,0,-0.0047615406926062344,-1.613634836924283,0.52365557796010365,0.14034672126795991
1,0,546,25.461452522644691,30.327355181797028,0.44453219895914747,0,-0.0014646005613803588,-1.5588142326007786,0.52636928300206853,0.1414493703144141
1,0,547,25.494367802299333,30.432373407416822,0.44499166587482009,0,0.0021463945436572319,-1.4412201362249344,0.52597207553540004,0.1413259587151178
1,0,548,25.527169481833923,30.537129415549401,0.44544123304818611,0,0.0058989942642166939,-1.2548803131270851,0.5219233252167228,0.1395912582033573
1,0,549,25.559861876456203,30.64163452587383,0.44587566516895311,0,0.0096718394015434354,-0.99688901914275441,0.51408080567892156,0.13595854778354052
1,0,550,25.592432671650144,30.745851735217396,0.44628593711583581,0,0.010032764692176061,-0.94216743242869705,0.50865500935967956,0.1298577942299429
1,0,551,25.624903693695064,30.849861113403069,0.44668120057009575,0,0.0088113883227796674,-0.87968366164315004,0.50211710159174039,0.12220733509910184
1,0,552,25.657267330603649,30.953659475514222,0.44704554814436048,0,0.0083431401380483529,-0.67115650292124207,0.49278737181685123,0.11365669389123996
1,0,553,25.689519065463291,31.057217665744155,0.44738886253516963,0,0.0074452274226759589,-0.45738302135956194,0.48467458451476553,0.104542405721319
1,0,554,25.721670107227464,31.160537568159505,0.44772358835805048,0,0.0062378397741875936,-0.25074147914992606,0.47819363831110684,0.095214254696608699
1,0,555,25.753708586593142,31.263564794622223,0.44803709646147355,0,0.0047787259037016978,-0.064772000496114215,0.47373190224558259,0.085976357131527695
1,0,556,25.785644928832298,31.366301477469609,0.44835342553860785,0,0.0031814875752789779,0.090921168546376066,0.47471270547409478,0.077114178038580769
1,0,557,25.817478525597018,31.468730931596031,0.44866394075739269,0,0.0015209027538337569,0.20766699842987169,0.47820592283123231,0.068861547487699251
1,0,558,25.849203958306525,31.570826201570718,0.44897401360889821,0,-0.00012552887170834756,0.27984748341327403,0.48095284327092208,0.061484374614220266
1,0,559,25.880833984375947,31.67262335606075,0.44929021228344557,0,-0.0017037867087246442,0.3119280532551712,0.48268795524091829,0.055029214080592755
1,0,560,25.912354025077612,31.774079741182408,0.44959787895456665,0,-0.0014837373325443052,0.4425429992025785,0.48607751415684325,0.049748188910815352
1,0,561,25.943778381302156,31.875235485398878,0.4499163443788623,0,-0.0014595074977477632,0.48323475383036535,0.48720884252429253,0.045183042073804719
1,0,562,25.975100992788061,31.97608996553468,0.45022319150068957,0,-0.0023899277725928192,0.40865289177588571,0.48565815914250898,0.041223919822384464
1,0,563,26.006325266012325,32.07665651167202,0.45053227681383179,0,-0.0033534952284347856,0.31024289707987573,0.48344108035660405,0.037984570719690192
1,0,564,26.037454794574426,32.176944225771386,0.45083624004508976,0,-0.0043278234022189766,0.18939209744107302,0.48064276129837369,0.035541801289040886
1,0,565,26.068482966211068,32.276929358077133,0.4511371343067529,0,-0.0052903181910655094,0.044844690672847083,0.47757216446451972,0.034051821598174672
1,0,566,26.099422409832439,32.376643149401886,0.45144066258205545,0,-0.0062264110156454314,-0.12006429818906446,0.4786614067576776,0.03345931684125359
1,0,567,26.130258389637046,32.476031039874343,0.45173923336567195,0,-0.0071158024445108943,-0.30774726887692971,0.48259813370937371,0.033971906127130483
1,0,568,26.161008934877426,32.575137528818665,0.45204833249475534,0,-0.0079575747322493361,-0.51261011772086662,0.48734274109341696,0.03542844876916991
1,0,569,26.19165879537066,32.673897718933326,0.45235505526068187,0,-0.0087371148313622748,-0.73411211465722015,0.49316677499459222,0.038017205008654367
1,0,570,26.222223480361208,32.772346938414529,0.45268024823326597,0,-0.0095439318418023764,-0.97378824570479938,0.50020089137284995,0.041579354094727933
1,0,571,26.252692145427631,32.870411727159052,0.45301183509525283,0,-0.010231583410287732,-1.2173835428943256,0.50838230444891952,0.046388361270254065
1,0,572,26.283074788554046,32.968149834474929,0.45336527664582887,0,-0.0090397331906423625,-1.3356976742041116,0.5146513506217395,0.05209112893824526
1,0,573,26.313363661759826,33.065585301768465,0.45371080703384292,0,-0.0073266710821746281,-1.4365881798100808,0.52133782225937142,0.058263708513352788
1,0,574,26.343566388120564,33.162744042755094,0.45406757507730128,0,-0.0052181783052579712,-1.5103212197048477,0.52773486595049568,0.06440222921015662
1,0,575,26.373677444905873,33.259615379464108,0.45441624080950255,0,-0.0027777739492771507,-1.5455258655952564,0.53300863610493054,0.070066998275658543
1,0,576,26.40370286341529,33.356227117217614,0.45477234412823592,0,-0.00011909644160552661,-1.5364611509444361,0.5364502439809079,0.074880060677384674
1,0,577,26.433638060551225,33.452579612851572,0.45511623437272702,0,0.0026798960592914305,-1.4739942288240335,0.53726248931274734,0.078432364989591552
1,0,578,26.463488968706358,33.548703750377655,0.45546222887200077,0,0.0055231191592217338,-1.3560610064399137,0.53513652944716461,0.080485448200435503
1,0,579,26.493250664569462,33.644600530533943,0.45578987936879417,0,0.0083316104220740456,-1.17498940661689,0.52964438766740585,0.08067991916215389
1,0,580,26.522930641379066,33.740296095702575,0.45611634940406071,0,0.010367215570491839,-0.99244682250223981,0.52252395749045455,0.078982249416852474
1,0,581,26.552524799218244,33.835785483221549,0.45641927056122411,0,0.0080343980518564999,-1.0870180041540032,0.52056593897525805,0.075705912536350825
1,0,582,26.582040714046613,33.931101983973868,0.45671737728742812,0,0.0080174492500738395,-0.89713723082911123,0.51183510087940731,0.07154983025148863
1,0,583,26.611468409507438,34.026229426852311,0.45698893864481416,0,0.0076912969021533219,-0.69184735124948449,0.50334469462403608,0.066538197825095249
1,0,584,26.640820908657506,34.121181773519154,0.45725716265110489,0,0.0071389935872121233,-0.48051523943392233,0.49559813453548163,0.06096867732428695
1,0,585,26.670084133876205,34.215908316393907,0.45750717443222017,0,0.0063688183191023115,-0.27040033389148138,0.48913672820280601,0.054945256720686071
1,0,586,26.699274620926715,34.310432369054283,0.45775868314889279,0,0.0054655512281989753,-0.068021346751265421,0.48391795852503189,0.048721483562139019
1,0,587,26.728376934589306,34.40469290832246,0.4580032660113536,0,0.004456405864793395,0.11725456679884949,0.48508256578703562,0.042451104823720637
1,0,588,26.757406075515068,34.49872025667635,0.45825167468328382,0,0.0034044267834611097,0.28139260315654285,0.48937687809409913,0.036292813175653256
1,0,589,26.786351875612251,34.592472639758292,0.45850272090354205,0,0.002350439874388625,0.41769632334403289,0.49360340972676436,0.03041126366986505
1,0,590,26.81522197368308,34.685969895270759,0.45875592068747256,0,0.001335022929956232,0.52777364882040867,0.49745770278057089,0.024894255291406958
1,0,591,26.844014142126692,34.779203923462298,0.45901760532343283,0,0.00038650806297233523,0.61003108274850315,0.50066190159156831,0.019846657503739738
1,0,592,26.872727545909012,34.87217489347865,0.45927604672889411,0,-0.00046697257703297524,0.6648353288591794,0.50302659048954346,0.015343497034540512
1,0,593,26.901368957576928,34.964909073012599,0.45954452763336029,0,-0.0012137026689819353,0.69572977311688222,0.50455619920227202,0.01138260003586811
1,0,594,26.929928002656744,35.057380040120883,0.45980639315477018,0,-0.0018232440893656454,0.70116375293303579,0.50510900873957276,0.0080691911688507735
1,0,595,26.95841856112002,35.149636336806189,0.46007398743082228,0,-0.0023111493030990066,0.68741425729186434,0.50491669790101645,0.0052994897540318085
1,0,596,26.986828437098666,35.241646726732164,0.46033792955716091,0,-0.0026530349569677406,0.65382820361829352,0.50396220151132054,0.0031561015804154246
1,0,597,27.015167848389705,35.333445453537927,0.46059968378912369,0,-0.0028694029853877671,0.60559717405242575,0.50248385681636809,0.0015332805044711054
1,0,598,27.043433784038967,35.425026229965752,0.46086359769549295,0,-0.0029612466506274745,0.54504681332695848,0.50062481334631004,0.00041316127143796249
1,0,599,27.071624219342006,35.516384385999835,0.46111731982200505,0,-0.0029353485223007,0.47500362228445769,0.49852984286168084,-0.00024220834225098368
1,0,600,27.099748362017547,35.607545638862476,0.46137584119816222,0,-0.0016035304456968654,0.50322203202058902,0.49864626536739665,-0.00054081110098537163
1,0,601,27.127792396468269,35.698462288974994,0.46162820250333336,0,-0.0014441558622483371,0.41180865477897216,0.49629982498945985,-0.00066741367583854046
1,0,602,27.15577055301685,35.789181667733352,0.46188042739663948,0,-0.0013857684839394563,0.31868862375925255,0.49408639707994317,-0.00078182915597000595
1,0,603,27.183676977348366,35.879683770030489,0.46213449596838868,0,-0.0014283365450598207,0.22546797016272166,0.49202788260223418,-0.00082106238901808305
1,0,604,27.211511179399356,35.969964181109027,0.46238103995489838,0,-0.001574971653665103,0.13167531697084631,0.4900768172600265,-0.00071700722531166546
1,0,605,27.239281158611938,36.060043962494554,0.46263360354875194,0,-0.001812376673162126,0.036610392362979548,0.48819733951405708,-0.00042569287069784653
1,0,606,27.266974725533533,36.149883151956011,0.46288270707451218,0,-0.0021509842411798078,-0.060856419889561079,0.48891518135251893,0.00016391083278584592
1,0,607,27.294603637797675,36.239515078851113,0.4631328487536282,0,-0.0025667131730511554,-0.16157947081576624,0.49132111602762418,0.0010697438287694714
1,0,608,27.322165671049422,36.328929863195576,0.46338930169688924,0,-0.0030519359463235694,-0.26692778091934766,0.49392452036374962,0.0023633080224697879
1,0,609,27.349655576083268,36.418107037809158,0.46364042025908586,0,-0.0035988133150393958,-0.37882266437414325,0.49678447977438228,0.0041418254386512499
1,0,610,27.377083359927177,36.507074327732091,0.46389910719613603,0,-0.0041137559622336072,-0.49156501266198777,0.499800185688967,0.0063922476021213391
1,0,611,27.404441489337589,36.595805799347403,0.4641620300977316,0,-0.0039365739180567804,-0.5547762951884353,0.50189373081311139,0.0091699212573559986
1,0,612,27.431733122237958,36.684321273766379,0.46442174307268913,0,-0.0034977052215568994,-0.60892299552580564,0.50394809968309673,0.012303914754563862
1,0,613,27.458963726748237,36.772639149173791,0.46468767497025254,0,-0.0028892137564742399,-0.65679040883833184,0.50600109917509406,0.015604685512784627
1,0,614,27.48612279556157,36.860727326907011,0.46495196310322018,0,-0.0021081704141082719,-0.69329888250232319,0.50789397734037911,0.018904163045646048
1,0,615,27.513219724503948,36.948616465388675,0.46521577970152239,0,-0.0012034329562053343,-0.7165692742863341,0.50949514663692075,0.022037098851476394
1,0,616,27.540256175092747,37.03631337489626,0.46548469547649679,0,-0.00020324632298832274,-0.72419888422076983,0.51067353026367723,0.024870152487373183
1,0,617,27.567221118313221,37.123786539699914,0.46574866703643525,0,0.00087546621512925803,-0.71007199868000426,0.51115687581502434,0.027179244955611939
1,0,618,27.594126752310743,37.21107580901505,0.46508240912837367,0,0.0019906289797435796,-0.67555384276795372,0.51003485768084911,0.028925499786206201
1,0,619,27.62097175416072,37.297926704592363,0.46041465908152807,0,0.0031177180771469644,-0.6184130041725423,0.50423633938129298,0.029992641921435633
1,0,620,27.647748791860352,37.382886710941769,0.44342265781164591,0,0.0036075613756428216,-0.5876560050573475,0.48667454794191628,0.030197869688619053
1,0,621,27.674470355601191,37.464227739135822,0.42715445217283554,0,0.0032391730914599994,-0.597201670547305,0.47031434979901754,0.029808388466563258
1,0,622,27.701137024136052,37.541998294267998,0.41160034114640121,0,0.0033708846355838861,-0.53402601451857246,0.45285673811464516,0.028991279140162567
1,0,623,27.727744863868264,37.615951499641568,0.39680970007168642,0,0.0033785466570269498,-0.46084737622700728,0.43583196299748561,0.027748588302412482
1,0,624,27.754304727274988,37.686791994159236,0.38264160116815321,0,0.0032890782548673659,-0.38151930886906665,0.41930021905576548,0.026195213770248003
1,0,625,27.780817589999117,37.75458262522988,0.3690834749540241,0,0.0031108084568562846,-0.29818116775658282,0.40337801919141236,0.024377312107412796
1,0,626,27.807279347362488,37.819055597193731,0.35618888056125375,0,0.0028468418097275993,-0.21317357513657162,0.38826439298580934,0.02232851980308017
1,0,627,27.833699634542743,37.880834648649923,0.34383307027001525,0,0.0025244809158073505,-0.12913560019291151,0.37390933648703162,0.020144142657353918
1,0,628,27.860080113294696,37.940025942655154,0.33199481146896931,0,0.002157040378602839,-0.048027406866493795,0.36034889577008455,0.017876431809201534
1,0,629,27.88641557758454,37.996288598126171,0.3207422803747656,0,0.0017546782892748302,0.02710811177401631,0.3485673323935341,0.015578501646389523
1,0,630,27.912715120503464,38.050212342217506,0.3099575315564988,0,0.0013382714750534326,0.095225844554802846,0.33875429541683916,0.013308594046067268
1,0,631,27.93898024565588,38.101893783843501,0.29962124323129974,0,0.00092012399276833869,0.15509152729287751,0.32931722137954872,0.011107782779698165
1,0,632,27.965207323215761,38.151095273946559,0.28978094521068887,0,0.00051466975162763463,0.20449743236158222,0.32023906346715375,0.0090340935922040341
1,0,633,27.991402210223431,38.198198035771419,0.28036039284571695,0,0.00013193249916259924,0.24416899819542964,0.31141346199629699,0.0071079557853321691
1,0,634,28.017567225433833,38.243353178151025,0.27132936436979477,0,-0.00022035642459658904,0.27429034697445703,0.30278177273427181,0.0053487309755903172
1,0,635,28.043700464086665,38.28643683381425,0.26271263323715061,0,-0.00053065821221494737,0.29393054141149444,0.29431862027737121,0.0037963032451172759
1,0,636,28.069804490734686,38.327616784764416,0.25447664304711665,0,-0.00079455928342118726,0.30388554775070165,0.28598683242838269,0.0024563013516828583
1,0,637,28.095882553466293,38.367105385591287,0.24657892288174307,0,-0.0010118347508006078,0.30540466470328864,0.27776453548487645,0.0013191501705043247
1,0,638,28.121934284022366,38.404879408473349,0.23902411830533057,0,-0.0011778222512589624,0.2987538748657233,0.26966027386768504,0.00039655068274734885
1,0,639,28.147959300997364,38.440914829622436,0.23181703407551243,0,-0.0012890323885588822,0.28445251407406208,0.26169860167812664,-0.0003045764589584462
1,0,640,28.173961717486648,38.475479936087382,0.22490401278252461,0,-0.0013529964100711153,0.26438637970677314,0.25388835950974714,-0.00082000443718227068
1,0,641,28.199942451821066,38.508634859775235,0.21827302804495366,0,-0.001372067442974549,0.2395296418547439,0.24625775444743547,-0.0011627429114878785
1,0,642,28.225898693296209,38.540197095924455,0.21196058081510985,0,-0.0013425677278105846,0.21038060476864387,0.23888168078063399,-0.0013226082644937842
1,0,643,28.251835197697165,38.570475959680422,0.20590480806391617,0,-0.0012768887638336288,0.17878159698459661,0.23175460476836732,-0.0013487779999051903
1,0,644,28.277752795980444,38.599525389617668,0.2000949220764664,0,-0.0011799527412048171,0.14573513786000319,0.2249011852725836,-0.0012609955235354548
1,0,645,28.303650253761933,38.62726486570638,0.19454702685872374,0,-0.0010546739605768998,0.11224825544530799,0.21837586327776351,-0.0010710859803902283
1,0,646,28.32952925061532,38.653803294122319,0.1892393411755367,0,-0.00090883105168543276,0.079401648285391646,0.21217848057389577,-0.00080760241643938052
1,0,647,28.355391744480933,38.679267722113806,0.18414645557723941,0,-0.00074971520902307996,0.047997034202727155,0.20628988518594402,-0.00049651639895366385
1,0,648,28.381237804227052,38.703662296369565,0.17926754072608661,0,-0.00058266427931354808,0.018827806996975064,0.20071671472813413,-0.00015617406176492098
1,0,649,28.40706657315982,38.726930886890983,0.17461382262180389,0,-0.00041354135533580138,-0.0071321219203093851,0.19560024517286326,0.00019405879722698892
1,0,650,28.432880925061127,38.749260383740143,0.17014792325197226,0,-0.00024791937484584201,-0.029766842916233938,0.19102197004573895,0.00053565845513056263
1,0,651,28.458681433850675,38.770688013236565,0.16586239735268687,0,-8.9957174688590463e-05,-0.048799488336648357,0.18661334827402432,0.00085550571164431976
1,0,652,28.484466846689166,38.791132037914707,0.16177359241705871,0,5.4698812531092875e-05,-0.063537114612861864,0.18237403255797716,0.0011366187896158816
1,0,653,28.510239105788287,38.81071897194051,0.15785620561189806,0,0.00018381095994195307,-0.074326253264841324,0.17827008394809132,0.0013724729135267952
1,0,654,28.535999260942404,38.829517241040769,0.15409655179184642,0,0.0002957171645919962,-0.081408379997602559,0.17428301266150054,0.0015586412778981584
1,0,655,28.561747174756313,38.847517954178052,0.15049640916439047,0,0.0003877752371318024,-0.08476767165953171,0.17040982243439565,0.0016882512867116433
1,0,656,28.587482603514371,38.864705326897472,0.14705893462050543,0,0.00045756817044470034,-0.084469248156602603,0.16665253518620859,0.0017555728236153861
1,0,657,28.613207442154575,38.881202893396811,0.14375942132063813,0,0.00050737015231537487,-0.08127457898662474,0.1629971792512557,0.0017682028870703176
1,0,658,28.638922108196393,38.897037921786008,0.14059241564279848,0,0.00053754711558266766,-0.075545560694069328,0.15944580349542112,0.0017284295359554572
1,0,659,28.664625621491449,38.912146647993701,0.13757067040126048,0,0.00054635093930359934,-0.067423535770580176,0.15601884319783496,0.00163347543767419
1,0,660,28.690319530767322,38.926629971368115,0.13467400572637706,0,0.00053744991014120693,-0.057634648434771119,0.15270971720121457,0.0014947356364675521
1,0,661,28.716004532665448,38.940533269760145,0.13189334604797134,0,0.00051318226728783352,-0.046673256535912894,0.14951945684560336,0.0013199099370504825
1,0,662,28.741680537915343,38.953850722096369,0.12922985558072653,0,0.00047490586384421195,-0.034940376159363185,0.14645872151271103,0.0011144925694092918
1,0,663,28.76734734335497,38.966569068605374,0.12668618627892525,0,0.00042439226777455085,-0.022890150605594198,0.14353950971555485,0.00088535137615626926
1,0,664,28.793006345355547,38.97877920402081,0.12424415919583776,0,0.0003655590109553891,-0.010971804066120701,0.14074628084855356,0.00064319253264228803
1,0,665,28.818657849188398,38.990500969116518,0.12189980617669655,0,0.00030070720257329326,0.00048162060098691235,0.13809034193958794,0.00039507253345015233
1,0,666,28.844301197756621,39.001691514685682,0.11966169706286421,0,0.00023189973585351068,0.011032025164641322,0.13568506808068179,0.00014875210754859908
1,0,667,28.869937400693399,39.012416564866236,0.11751668702675278,0,0.00016200784205665667,0.020466275460896369,0.13338818686510026,-8.8632081728867707e-05
1,0,668,28.895567031387518,39.022713444240665,0.11545731115186739,0,9.3149140671898635e-05,0.028640993108078636,0.13118099062394051,-0.00031173443533490954
1,0,669,28.921190116197991,39.032583851288749,0.11348322974225086,0,2.7282245672516148e-05,0.035369508589729974,0.12905910070207058,-0.00051496123826770741
1,0,670,28.946806319212047,39.042005891651499,0.11159882166970031,0,-3.3312764294361526e-05,0.04040860197126122,0.12702247263557948,-0.00069142891570086941
1,0,671,28.972416759751731,39.051052494463299,0.10978950110734118,0,-8.7871650118016237e-05,0.043938337748810716,0.12505411850517006,-0.00084125923319683653
1,0,672,28.998021662104822,39.059738282107993,0.10805234357840114,0,-0.00013541796301042445,0.045977921144398061,0.12314950495429999,-0.0009625574631869061
1,0,673,29.023620649452763,39.068038722404808,0.1063922555190381,0,-0.00017428364158400249,0.046427281777996127,0.12131190748556334,-0.0010507939297034637
1,0,674,29.049214248183787,39.075988128139123,0.10480237437217513,0,-0.00020438791687184255,0.045474792483083386,0.11953557998822328,-0.001107407231632984
1,0,675,29.074802989153447,39.083621098850152,0.10327578022996951,0,-0.00022610398458243833,0.043335671600396038,0.11781568111110134,-0.0011350360333418029
1,0,676,29.100387005604716,39.090946328911237,0.10181073421775329,0,-0.0002394312555985324,0.040144869440462076,0.11615256837111924,-0.0011347640437781334
1,0,677,29.125965818905016,39.097932656171238,0.10041346876575288,0,-0.00024352765145114604,0.035959166475597673,0.1145551561402062,-0.0011050548164151153
1,0,678,29.151540370094512,39.104641381875538,0.099071723624892027,0,-0.00024030955615649525,0.031118311014764172,0.11301456674139757,-0.0010530269686513853
1,0,679,29.177110824315246,39.111083264019776,0.097783347196044521,0,-0.00023046144526868062,0.025799135324513965,0.11153123048785504,-0.00098162071695569067
1,0,680,29.202677015864804,39.117247507621187,0.096550498475763191,0,-0.00021436242432286954,0.020166787017563931,0.11011030218664578,-0.00089293903360679197
1,0,681,29.228239104971497,39.123144542111952,0.09537109157761009,0,-0.00019307883546864491,0.014426043501380879,0.10875192286031111,-0.00079099804552189702
1,0,682,29.253797598325821,39.128807361960376,0.09423852760792456,0,-0.0001680806787554196,0.008757710802483807,0.10745004527807232,-0.00068062168074431017
1,0,683,29.279352635047093,39.134245020109958,0.093150995978008258,0,-0.0001403399266676247,0.003303717633071222,0.10620350624790229,-0.00056514050598809658
1,0,684,29.304903845659396,39.139433437712043,0.092113312457591134,0,-0.00011068797229484761,-0.0017387413551313384,0.10503597885379724,-0.0004479292482090886
1,0,685,29.330451831176411,39.14441175688016,0.091117648623967776,0,-8.0421635689033281e-05,-0.0062967681403838932,0.10394793310536196,-0.00033260615518601941
1,0,686,29.355996782201906,39.149192388062175,0.090161522387565751,0,-5.0427958190029637e-05,-0.010297581361427596,0.10290258341156559,-0.00022181708943938721
1,0,687,29.381538677790314,39.153773961915043,0.089245207616991853,0,-2.1573954271304756e-05,-0.013649470488328855,0.10189901928059386,-0.00011830400467582869
1,0,688,29.407077430452521,39.15815077575899,0.08836984484820215,0,5.1962005372696132e-06,-0.01625770082793743,0.10093716899060391,-2.502507128040055e-05
1,0,689,29.432613518842253,39.16235401327058,0.087529197345883936,0,2.9494103258389949e-05,-0.018190982755080052,0.10000977477969518,5.7541127371148124e-05
1,0,690,29.458147045780816,39.166390374488252,0.0867219251023503,0,5.0880426202937235e-05,-0.019454439700172507,0.099114941830452538,0.00012834045925469624
1,0,691,29.48367783042211,39.170248080412961,0.085950383917407586,0,6.8607439374274759e-05,-0.019997624273386472,0.09825461572030704,0.00018517652120233927
1,0,692,29.509206129838294,39.173943882403876,0.085211223519224874,0,8.2627843505709189e-05,-0.019904593546027305,0.097425556557328097,0.00022848499755607368
1,0,693,29.534732179890607,39.177493149394643,0.084501370121072061,0,9.3060173494216166e-05,-0.019266183897943698,0.096625064273921771,0.00025915371059938861
1,0,694,29.560256050264741,39.180900424054073,0.08381991518918594,0,9.9894091406437204e-05,-0.018140892048961129,0.095852716475526747,0.00027752382909955567
1,0,695,29.585777503415709,39.184150234953776,0.08316995300924554,0,0.00010271152634357858,-0.016544166080656911,0.095112384418356108,0.00028260403145100889
1,0,696,29.611296981032403,39.187271356560494,0.082545728687901762,0,0.00010232924638913117,-0.014629888977022594,0.094399004882455367,0.00027743603001676348
1,0,697,29.636814559186728,39.190268745016695,0.081946250996661113,0,9.9024336803977536e-05,-0.012474978772161013,0.0937122473442909,0.00026318436527661778
1,0,698,29.66233017967016,39.193138608468317,0.081372278306336851,0,9.2960706375142113e-05,-0.010149974440026022,0.093053702245603234,0.00024066532702901228
1,0,699,29.687843879245801,39.195883340770443,0.080823331845911867,0,8.4531396956937448e-05,-0.0077425425089050299,0.092423573008446863,0.00021138367811893158
1,0,700,29.713355910339487,39.198519383981726,0.08029612320365466,0,7.4378614015154231e-05,-0.0053383339046105295,0.091818663880373144,0.00017752869869573474
1,0,701,29.738866337165195,39.201050919608853,0.079789816078229811,0,6.2942679216170322e-05,-0.0029982645480840049,0.09123835963723323,0.00014051551540992564
1,0,702,29.76437501257902,39.203468360097887,0.079306327980422406,0,5.0572093665269263e-05,-0.00080354036353204588,0.090686100329340033,0.00010165022115538431
1,0,703,29.789882166326255,39.205786670330326,0.078842665933935657,0,3.78116583800358e-05,0.0012027833448024219,0.090166078603615987,6.2596798998156586e-05
1,0,704,29.815387910721469,39.208013165788948,0.078397366842211116,0,2.5062109630232472e-05,0.0029878010511554345,0.089673816181615698,2.4560123867193858e-05
1,0,705,29.840892262681411,39.21014894751081,0.077970210497837977,0,1.2684292316677489e-05,0.0045149493305197659,0.089201017913619174,-1.1351667223298025e-05
1,0,706,29.866395127655842,39.212187854995562,0.077562429000887251,0,1.1112565313212313e-06,0.0057297009306617654,0.088748655858245026,-4.3772036427585612e-05
1,0,707,29.891896754440925,39.214146096558714,0.077170780688257584,0,-9.476454951645315e-06,0.0066619168341363463,0.088313065320960032,-7.2377837807173316e-05
1,0,708,29.917397190626424,39.216026772665032,0.076794645466994549,0,-1.8877539861741437e-05,0.0073110326272731304,0.08789344972780494,-9.6660753887893762e-05
1,0,709,29.942896379446346,39.217826185471417,0.076434762905717157,0,-2.6800924257495694e-05,0.0076591627726009439,0.087490473521712853,-0.00011581338574326598
1,0,710,29.968394385119929,39.219548519279115,0.076090296144177144,0,-3.3129168306333803e-05,0.0077270558367228716,0.087103272015904551,-0.0001296744018861576
1,0,711,29.993891344694813,39.221202702954599,0.075759459409080326,0,-3.794929462080735e-05,0.0075567471296047748,0.086730072801841418,-0.00013864517419858672
1,0,712,30.019387298368638,39.222791355759625,0.075441728848075762,0,-4.1276489266016667e-05,0.0071717452149195468,0.086370441944751852,-0.00014285372789950805
1,0,713,30.044882138406837,39.224307459725722,0.075138508054856501,0,-4.2904256706284486e-05,0.0065779717238745377,0.086026041086236738,-0.000141879916234386
1,0,714,30.070376040271693,39.225762445854421,0.074847510829116157,0,-4.3124278986334173e-05,0.0058362562178982183,0.085694677313081336,-0.00013675849230378802
1,0,715,30.095869058245867,39.227159850583014,0.074568029883397446,0,-4.2075400230112269e-05,0.0049824164364387462,0.085375790043678387,-0.00012802637983505921
1,0,716,30.121361190545116,39.228499557702307,0.074300088459539351,0,-3.9848179335762361e-05,0.0040469619377607223,0.085069609230061918,-0.00011608085759134132
1,0,717,30.146852403021981,39.229779342534329,0.074044131493135004,0,-3.6538505740650911e-05,0.0030634814804312996,0.08477684822639113,-0.00010135488751974066
1,0,718,30.172342838790868,39.231008528118245,0.073798294376351825,0,-3.2460579012146061e-05,0.0020712143158555384,0.084495591493055064,-8.4819870483843741e-05
1,0,719,30.197832527667014,39.232189056534139,0.073562188693171909,0,-2.7787904205297405e-05,0.0010976836351344339,0.084225526136404785,-6.7052850822270515e-05
1,0,720,30.223321424473028,39.233317984311235,0.073336403137754039,0,-2.2661559686201382e-05,0.00017550950735232477,0.083967969798410896,-4.8607164767449336e-05
1,0,721,30.248809588904429,39.234399200085399,0.073120159982920666,0,-1.7262752680216922e-05,-0.00066845451786689137,0.083725854600312802,-3.0149951670792469e-05
1,0,722,30.274297096973722,39.235437655594247,0.07291246888115098,0,-1.1834333913558984e-05,-0.0014256112169017154,0.083494996743177577,-1.2210496923731342e-05
1,0,723,30.299783973876362,39.236434992080056,0.072713001583989148,0,-6.509437562322437e-06,-0.0020809944033461166,0.083273033259815055,4.7742073694032469e-06
1,0,724,30.32527014458223,39.237386321357604,0.07252273572847999,0,-1.4833025803532899e-06,-0.0026049138645178683,0.083060913783064669,2.01435811063652e-05
1,0,725,30.350755734265295,39.238299798188478,0.072340040362304889,0,3.1550949602862175e-06,-0.0030097178766560592,0.08285682003346749,3.3776636478184051e-05
1,0,726,30.376240769257279,39.239177138039722,0.072164572392055676,0,7.3156015486429827e-06,-0.0032948760224827092,0.082660343991816446,4.5458175089012906e-05
1,0,727,30.401725242394644,39.240017874280589,0.071996425143882839,0,1.0891932211751876e-05,-0.0034559443464192894,0.082471558163448797,5.4906647391530235e-05
1,0,728,30.427209144514055,39.240821410044539,0.071835717991092896,0,1.3785293717166053e-05,-0.0034916765322466005,0.082290581951183217,6.1878740964599796e-05
1,0,729,30.452692559144172,39.241593187134619,0.071681362573076404,0,1.6038747562841262e-05,-0.0034243389152606107,0.082116291368833347,6.6627177765974505e-05
1,0,730,30.478175504871416,39.242334423875505,0.071533115224899788,0,0.002157012339881153,0.18096400481199731,0.082645251058970179,6.7593423468425868e-05
1,0,731,30.503657955676168,39.243032713291335,0.07139345734173351,0,0.0022598698438981574,0.17700724115345606,0.082470936331833181,-0.00028699861148314331
1,0,732,30.52913997102954,39.243703122428045,0.071259375514391321,0,0.0018612846887516323,0.14989411587443088,0.082263115416901608,-0.0011200010548876136
1,0,733,30.554621584527478,39.244349967300501,0.071130006539899621,0,0.0011930475407422099,0.11671036285324692,0.082147171519174805,-0.0021859548819321488
1,0,734,30.580102792284393,39.244974115334387,0.071005176933122749,0,0.00027244473187688364,0.073707454867017283,0.082129904126955047,-0.0032647960938071295
1,0,735,30.605583521374527,39.245571291286979,0.070885741742605049,0,-0.00090984903895493445,0.014432838061569387,0.082178935578668927,-0.0040719143367421275
1,0,736,30.631063850754597,39.246143421154386,0.070771315769123641,0,-0.0022803672322859272,-0.062297687839964526,0.082442322773241844,-0.0044137358115885466
1,0,737,30.656543807283107,39.246687038499978,0.070662592300004504,0,-0.0038052380049882809,-0.16012400785174816,0.082709797272551636,-0.0040982009359050693
1,0,738,30.682023428102333,39.247194303674647,0.070561139265070724,0,-0.0054540948781646855,-0.28426117734004558,0.083187566705796523,-0.0028788770969479845
1,0,739,30.707502811203721,39.247654260987055,0.070469147802589047,0,-0.0071873264839463318,-0.43955662878521989,0.094477322608450626,-0.00051204388654670497
1,0,740,30.732982115105358,39.24806038626123,0.070387922747753767,0,-0.0077572905986557986,-0.52849264525194362,0.10054407437153207,0.0030346115617986792
1,0,741,30.758461390423843,39.248439803222261,0.070312039355547584,0,-0.0077025412091233005,-0.6087734587638981,0.10075448717122885,0.007609698576259866
1,0,742,30.783940637391602,39.248789848730013,0.070242030253997931,0,-0.007607019718270604,-0.72515746844503659,0.10497514079211379,0.012982669236407221
1,0,743,30.809419856248926,39.249105468444199,0.070178906311159917,0,-0.0072466372143979302,-0.84743275931375228,0.10832687749049677,0.018891571438669406
1,0,744,30.834899031144477,39.24938636930198,0.070122726139604061,0,-0.0066545310797645448,-0.97057496609791394,0.11074962520762975,0.025139269571707343
1,0,745,30.86037813539868,39.24963018578979,0.070073962842042758,0,-0.005852730473491336,-1.0900091919729904,0.11728478114239319,0.031562279363880917
1,0,746,30.885857117523873,39.249829618056289,0.070034076388742844,0,-0.0048467554003367632,-1.1995331872439656,0.13033312910463477,0.037973266279229326
1,0,747,30.911335958226182,39.249990896929923,0.070001820614016219,0,-0.0037001531952362936,-1.2961237343289387,0.14346902720345503,0.044197181908806116
1,0,748,30.936814627316053,39.250115727775757,0.069976854444849426,0,-0.0024446470925703757,-1.3763531529818114,0.15592443219955118,0.050087697506513505
1,0,749,30.96229308194378,39.250205644978621,0.069958871004276696,0,-0.0011092164410489587,-1.4355870041728496,0.16688939540755415,0.055462926108647781
1,0,750,30.987771541329852,39.250266846507465,0.069946630698507206,0,-0.00075003255601884856,-1.5525390322822308,0.17638714592460894,0.060192595962778497
1,0,751,31.013250655188198,39.250265458568016,0.069946908286397255,0,-0.0012417968343718029,-1.705811414750533,0.18438308490454425,0.064558400226307031
1,0,752,31.038729872295811,39.250211067798396,0.069957786440320302,0,-0.00032734730055343318,-1.7204996428532116,0.18982890180260514,0.068740607709388002
1,0,753,31.06420886448668,39.250152670469419,0.069969465906116218,0,0.00067962400932002412,-1.7123616543872759,0.19344678401646628,0.072523965760246126
1,0,754,31.08968759864122,39.250100852422953,0.069979829515409958,0,0.0017502262871426761,-1.6818222383758048,0.19511185350062438,0.075775179686006888
1,0,755,31.115166043842439,39.250064353075892,0.069987129384822086,0,0.0028620362956118376,-1.6284961477392188,0.19468485336556984,0.078381642271145371
1,0,756,31.140644160797915,39.250052003918043,0.069989599216391182,0,0.0039954074438679644,-1.550731101915324,0.19194479345649024,0.080210403608545519
1,0,757,31.166121877908921,39.250076418027533,0.069984716394494439,0,0.0051272662523497419,-1.4439772931570776,0.18642795562929734,0.081027221949353412
1,0,758,31.191599239410198,39.250138949906273,0.069972210018746261,0,0.0062359722503884151,-1.3112175770165668,0.17844691635943999,0.080873441030765367
1,0,759,31.217076251086162,39.250242973111064,0.069951405377787018,0,0.007303266284312734,-1.1518428146559276,0.1680282156748712,0.07968138641616887
1,0,760,31.242553007108182,39.250392673791012,0.069921465241798222,0,0.008038162527509992,-0.98627012084866661,0.15528649113893248,0.0773215070052609
1,0,761,31.268030429977461,39.250583313203848,0.069883337359230996,0,0.0067990384317493978,-0.94949528156922702,0.14160804741771935,0.074017570509850181
1,0,762,31.293507881188965,39.250806004509712,0.069838799098058374,0,0.0065603259741196908,-0.78844888460843965,0.1265005642815302,0.070148862373619447
1,0,763,31.31898523481199,39.251062629434948,0.069787474113010797,0,0.0061735650760948446,-0.62054516649551239,0.11182880445908096,0.06579294286688217
1,0,764,31.344462445550469,39.251348277484105,0.069730344503179387,0,0.0056416510985569145,-0.44938004111891688,0.098889862646071108,0.061007420147191099
1,0,765,31.369939501623364,39.251649884063582,0.069670023187284408,0,0.0050035419482700625,-0.27952729302404034,0.08871305025551747,0.05595165293173561
1,0,766,31.395416389242889,39.251957607766464,0.069608478446707853,0,0.0042862256138925196,-0.11465722682556599,0.082116377696755796,0.050736852011820648
1,0,767,31.42089308943012,39.252262633074267,0.06954747338514744,0,0.0035124791042955377,0.041321914032107797,0.079909927567793956,0.045459981591524749
1,0,768,31.446369570326219,39.252555263212933,0.06948894735741383,0,0.0027065578992359922,0.18188741558624055,0.082458631329429322,0.040230871694275076
1,0,769,31.471845857726223,39.25283103719029,0.069433792561942875,0,0.0018980081354711754,0.30584290277061471,0.087194516665487651,0.035135124401184624
1,0,770,31.497321954405809,39.253086730753019,0.069382653849396028,0,0.0011072411352054975,0.41210472868693354,0.092955778990130064,0.030243436235405499
1,0,771,31.522797850903832,39.25331906840124,0.069336186319751913,0,0.00035731656306107649,0.49835390296634707,0.098731142281019535,0.02564536882794714
1,0,772,31.548273559274076,39.253528816566423,0.069294236686716013,0,-0.00033305138348538218,0.56446100938896993,0.10374384366276782,0.021399143521423428
1,0,773,31.573749106246073,39.253719918442478,0.069256016311504215,0,-0.00095489885022432403,0.61228012922633235,0.10763827210254551,0.017516867027193017
1,0,774,31.5992245031008,39.253895307030518,0.069220938593897038,0,-0.0014983775689417157,0.6423800732308792,0.11021595415735552,0.014024548702814232
1,0,775,31.624699741157922,39.254057107956704,0.069188578408659732,0,-0.0019424754881241825,0.65321312267385101,0.11119938704171482,0.011001170942308125
1,0,776,31.650174849151881,39.254210967203882,0.069157806559223364,0,-0.0022932948631286571,0.64823271830745688,0.11081712066207344,0.0084007402467213711
1,0,777,31.675649838545095,39.254360473836122,0.069127905232775816,0,-0.0025516298908885393,0.62923380610870838,0.10923096623845559,0.0062081351100969602
1,0,778,31.701124711884347,39.254508478924492,0.069098304215102102,0,-0.0027151499865054485,0.59737772034952874,0.10659357127437119,0.0044244411128826445
1,0,779,31.726599463477335,39.25465752227732,0.069068495544536229,0,-0.0027785322704171759,0.55357308736763755,0.10309278282974758,0.0030646857659357507
1,0,780,31.752074111784729,39.25480891941794,0.069038216116412449,0,-0.0027600969482538219,0.5013346389211123,0.099124608019198354,0.0020468052296092848
1,0,781,31.777548658646346,39.254963162299063,0.069007367540187867,0,-0.0026668914705342737,0.44254200682626799,0.094960218477576561,0.0013393009638345912
1,0,782,31.80302309539891,39.255120295420966,0.068975940915807346,0,-0.0025017359187021293,0.3788369979680889,0.090900038882864229,0.00093026561325547917
1,0,783,31.828497424632548,39.255279347509642,0.068944130498071188,0,-0.0022773824144438032,0.31257732749284944,0.087232578906568325,0.00076896266431423967
1,0,784,31.853971654820537,39.25543893403438,0.068912213193123947,0,-0.0020092072139842299,0.24589217978394548,0.084132329461996405,0.00079525054166996263
1,0,785,31.879445786725913,39.255597699584897,0.068880460083020803,0,-0.0017077936354192892,0.18046601053635064,0.081718529431911574,0.00097016985740058261
1,0,786,31.904919806337432,39.255753690062541,0.068849261987491889,0,-0.0013818546106140256,0.11850610676681843,0.080145439000856147,0.001267320646649338
1,0,787,31.930393729407463,39.255905782224119,0.068818843555176118,0,-0.0010463372168263005,0.061122326848840995,0.079254655952366096,0.0016301967894579864
1,0,788,31.95586756006951,39.256053001801789,0.068789399639642229,0,-0.00071130316873250794,0.0093724094186770635,0.078919122246215084,0.0020240587513452556
1,0,789,31.981341297476501,39.256194337233282,0.068761132553343582,0,-0.00038645732135059987,-0.03543503895600203,0.079265747919248689,0.0024180903063152964
1,0,790,32.006814937805629,39.256328757813272,0.068734248437346337,0,-8.2642680953353437e-05,-0.072010594231962641,0.079877713890628921,0.0027799109364581992
1,0,791,32.032288496486288,39.256456968223631,0.068708606355274746,0,0.00019531652579794664,-0.1010905514400855,0.080507868821381834,0.0030901083203317523
1,0,792,32.057761977170344,39.256579126683903,0.068684174663219175,0,0.00044222518647366434,-0.12268593307586639,0.081051051091612425,0.003332633537909066
1,0,793,32.083235376064906,39.256695014094035,0.068660997181193104,0,0.00065012941500212408,-0.13625729188997235,0.081414627947374266,0.003486401818559946
1,0,794,32.10870869966886,39.256805361850468,0.068638927629906976,0,0.00081709807522333704,-0.14248866714438393,0.081564083871631179,0.0035454626689202999
1,0,795,32.134181956426083,39.256911078430022,0.068617784313995511,0,0.00094454500353098776,-0.14242950548510497,0.081511962542155258,0.0035131050830595899
1,0,796,32.159655149171037,39.257012647901419,0.068597470419715867,0,0.0010323778254474759,-0.13670914164737996,0.08128023560136792,0.003390120232144606
1,0,797,32.185128270640348,39.257109944822922,0.068578011035415359,0,0.001075392799517641,-0.12534908529831479,0.080891224276532822,0.0031670880765774854
1,0,798,32.210601332839673,39.257203918527281,0.068559216294543479,0,0.0010818586711716942,-0.11000435620112792,0.080421977140814935,0.0028655148805707335
1,0,799,32.2360743384003,39.257294837114252,0.068541032577149871,0,0.001055068305768908,-0.091550601055494563,0.079924735425941404,0.0024958908747515678
1,0,800,32.261547286450515,39.25738269733786,0.068523460532428776,0,0.00099722764010939371,-0.070751492801939334,0.079449445211575612,0.0020672119710551944
1,0,801,32.2870201748811,39.257467342373253,0.068506531525350078,0,0.0009111833000952712,-0.048477622014516913,0.079044889142311878,0.0015910263094811019
1,0,802,32.312493012173427,39.257549125428397,0.068490174914320592,0,0.00080498906177584127,-0.025769881446541375,0.078730377790439524,0.0010873940538739665
1,0,803,32.337965799896132,39.257628004406278,0.068474399118744395,0,0.00068321037256631315,-0.0033542156019950543,0.078516605372225434,0.00056967714435946361
1,0,804,32.36343853449381,39.257703595821795,0.068459280835640929,0,0.00054975890205379073,0.017927542633660226,0.078544987211129291,5.2356557193839921e-05
1,0,805,32.388911220092709,39.257775991457827,0.068444801708435588,0,0.00041049448598211427,0.037409084484371843,0.078674577002651069,-0.00044976272830247316
1,0,806,32.4143838614971,39.257845383219276,0.068430923356144674,0,0.00027029277393873238,0.054715283345382351,0.078850844708329773,-0.00092562342038340158
1,0,807,32.439856460405331,39.257911804448845,0.068417639110231548,0,0.00013304419920477488,0.069505615930055401,0.079048059369971294,-0.0013653163723340988
1,0,808,32.465329011794907,39.257974846037349,0.068405030792530797,0,3.8853081304333517e-06,0.081033199139219927,0.079236801334469462,-0.0017514787887177791
1,0,809,32.490801524405938,39.258035123812959,0.068392975237407699,0,-0.00011496379846494598,0.089615207265438035,0.079394472800871599,-0.0020842626026566428
1,0,810,32.51627400006938,39.258092796991065,0.06838144060178801,0,-0.00022116600130645377,0.095233057685020203,0.079506204121614202,-0.0023592315213406376
1,0,811,32.541746438462972,39.258147901529988,0.068370419694003232,0,-0.00031195780668637229,0.097777865099124506,0.079559656448876151,-0.0025698679429610859
1,0,812,32.567218839210526,39.25820049743713,0.068359900512574845,0,-0.00038481648171940559,0.097228578535656987,0.079548485706938232,-0.0027108571964294978
1,0,813,32.592691207898561,39.258251038910934,0.068349792217812996,0,-0.00044089650705736352,0.09413845111262896,0.079483622088794184,-0.0027903231224172772
1,0,814,32.618163545806595,39.258299678011781,0.068340064397643563,0,-0.00048002995126523638,0.088761457933934668,0.079373214062802497,-0.0028103757862537695
1,0,815,32.643635850778423,39.258346353786337,0.068330729242732827,0,-0.00050061661594350405,0.081197101921219747,0.079225748171636079,-0.0027683279412936252
1,0,816,32.669108125820024,39.258391295018264,0.068321740996347635,0,-0.00050452294300007135,0.071951156897616761,0.079058245256345125,-0.0026729456471889881
1,0,817,32.694580373667335,39.258434683935931,0.068313063212813566,0,-0.00049388524508521721,0.06148599537971583,0.078885195472522263,-0.0025331373549114826
1,0,818,32.720052595210298,39.258476575392478,0.068304684921504627,0,-0.0004701140700641918,0.050154516832152947,0.07871797020348624,-0.0023551111326021242
1,0,819,32.745524787083404,39.258516760402294,0.06829664791954114,0,-0.00043319524846904757,0.038278351946044432,0.078569707800834721,-0.0021413516136556707
1,0,820,32.77099695467701,39.258555519272505,0.068288896145498698,0,-0.00038720929977437786,0.026322925809897153,0.078444542601590284,-0.0019052109162362673
1,0,821,32.796469098808707,39.258592865926488,0.068281426814702756,0,-0.00033409967814200411,0.01459893475849753,0.078345435650997122,-0.0016536952401115179
1,0,822,32.821941218915462,39.258628724718534,0.068274255056293101,0,-0.0002756502628969187,0.0034384539973050386,0.078277169508502248,-0.0013935616203366679
1,0,823,32.847413314832792,39.258663040812131,0.068267391837573993,0,-0.00021404133833847531,-0.006822876302956726,0.078280230328320446,-0.0011325040509545033
1,0,824,32.872885389908525,39.258695993686295,0.06826080126274095,0,-0.00015164653020805491,-0.016048258302770579,0.078323628058464823,-0.0008771835338688426
1,0,825,32.898357444919995,39.258727610651469,0.068254477869706745,0,-9.0179151815835936e-05,-0.024084142663054121,0.078373177415617751,-0.00063288037686149747
1,0,826,32.923829478343691,39.25875777158307,0.068248445683386116,0,-3.1675912297367429e-05,-0.030650149903343787,0.07842242267809281,-0.00040663309360580751
1,0,827,32.949301492428873,39.258786620824786,0.068242675835042454,0,2.2476358035716373e-05,-0.035765731040083189,0.078465405961980747,-0.00020171295814664056
1,0,828,32.974773488918984,39.258814278415869,0.068237144316825968,0,7.1345380821368582e-05,-0.039484277105512042,0.078498352993653125,-2.0050479501141016e-05
1,0,829,33.000245468389629,39.258840791243273,0.068231841751345293,0,0.00011401645423865937,-0.041814066235733451,0.078518598973978976,0.0001361134963264931
1,0,830,33.025717429023871,39.258866053298178,0.068226789340364385,0,0.00014867879012725398,-0.042607363557364039,0.078522670023928487,0.00026114410401054279
1,0,831,33.05118937427585,39.258890310362432,0.068221937927513354,0,0.00017607251951047009,-0.042184940549075817,0.078513220908142708,0.00035913993823555502
1,0,832,33.076661304750182,39.25891361650131,0.068217276699737553,0,0.00019610413882142666,-0.040656148944961071,0.078491648600982275,0.0004305035361773131
1,0,833,33.102133220082706,39.258935963167858,0.068212807366428208,0,0.00020834364157155597,-0.038096382584161002,0.078459607835529702,0.00047458179076311272
1,0,834,33.127605120395167,39.258957370803117,0.06820852583937749,0,0.00021285486827325904,-0.034649727597697591,0.078420011573668333,0.00049238897040198681
1,0,835,33.153077007711957,39.258977973339057,0.068204405332188175,0,0.00021088554671114373,-0.030573088389751424,0.078376663334508101,0.00048878569490392525
1,0,836,33.178548882515507,39.258997803673658,0.068200439265268531,0,0.00020302416874703298,-0.026024854182614403,0.078332207065532622,0.00046622753891135493
1,0,837,33.204020743760474,39.259016796727451,0.068196640654509838,0,0.00018938858752733174,-0.021142372399496047,0.078289365186016938,0.00042568964980577981
1,0,838,33.229492592962451,39.259035042143758,0.068192991571248709,0,0.00017132562639691053,-0.016129186523285811,0.078250081260759871,0.00037190357465881747
1,0,839,33.254964431102643,39.259052595162771,0.068189480967446009,0,0.00014990390152871375,-0.011139495438118938,0.078215408449241436,0.0003085511330637491
1,0,840,33.280436258443679,39.259069465519566,0.068186106896087645,0,0.00012595089475998445,-0.006306194392749806,0.078186026474305712,0.00023849821165561815
1,0,841,33.305908073924947,39.259085577215224,0.068182884556955578,0,0.0001002251555651169,-0.0018009094258999525,0.078164038290796989,0.00016447441538607567
1,0,842,33.331379879640743,39.259101057099841,0.068179788580031681,0,7.3852442018185018e-05,0.0023099429169046665,0.078161577961547768,9.0010700255155741e-05
1,0,843,33.356851675959916,39.259115923870233,0.068176815225954146,0,4.7616199629302366e-05,0.0059532528244899555,0.07817449342007414,1.7467069792044499e-05
1,0,844,33.382323462590563,39.259130154116839,0.068173969176632029,0,2.2319087191842377e-05,0.0090298271479050153,0.07818699875027102,-5.0616894616251323e-05
1,0,845,33.407795239721523,39.259143757502649,0.068171248499470385,0,-1.2730994970782317e-06,0.011481706578433398,0.07819779338678827,-0.00011197387216420515
1,0,846,33.433267008596225,39.259156815292776,0.068168636941445232,0,-2.2767303356162724e-05,0.013348595802765394,0.07820612928310551,-0.00016570549714660355
1,0,847,33.458738769535529,39.259169349235499,0.068166130152900545,0,-4.1763491667642106e-05,0.014631533302169177,0.078211441387198904,-0.00021078300890805084
1,0,848,33.484210521852539,39.259181315885222,0.068163736822955887,0,-5.7546418940992304e-05,0.015272848688128737,0.078212964337483926,-0.0002451728399302769
1,0,849,33.509682266617503,39.259192788105956,0.068161442378808917,0,-7.0164469507358923e-05,0.01536326032767862,0.07821101789256639,-0.00026939153799451256
1,0,850,33.535154004419219,39.259203806844504,0.068159238631099156,0,-7.9631811769424098e-05,0.014971328748659527,0.078205998396612769,-0.00028383973811467125
1,0,851,33.560625735396727,39.259214383435513,0.068157123312897833,0,-8.5898066840036134e-05,0.014141272099875682,0.078198280853244165,-0.00028861962287613619
1,0,852,33.586097458974628,39.259224482996537,0.068155103400693459,0,-8.8668957304170422e-05,0.012892491222895692,0.078188219418077173,-0.00028316305962344172
1,0,853,33.611569176431658,39.259234189427431,0.068153162114514595,0,-8.8612128147354108e-05,0.011355202766539679,0.078176816099757213,-0.0002697273593524678
1,0,854,33.637040887999802,39.259243518309319,0.066425694683249145,0,-8.5964261199847943e-05,0.0095963475263228272,0.076214767808385001,-0.00024925192954541219
1,0,855,33.662512745446733,39.258737757798748,0.055368106679547946,0,-8.0849351076882448e-05,0.0076764229999367085,0.063655589754906025,-0.00022240568537989477
1,0,856,33.687985899973675,39.25506369236431,0.020595514073235736,0,-7.3633980339998936e-05,0.0056741675844643995,0.023840038166689614,-0.00019051621241817
1,0,857,33.71346348057871,39.244610750725862,0.0014778396764455648,0.014447378764829686,-6.4881878989547412e-05,0.0036710344472743622,0.022099832951942962,-0.00015532220144755387
1,0,858,33.73894998543107,39.225651486225466,0,0.044976954047351664,-5.4954047371470769e-05,0.0017197325545293698,0.062699336569493891,-0.00011800814520983072
1,0,859,33.764453912778627,39.195492242174822,0,0.0749238479921574,-4.4151219058781956e-05,-0.00012038204700965053,0.10299408521745947,-7.9739611657159821e-05
1,0,860,33.789980373935194,39.155697405362723,0,0.10312909720497906,-3.2985840217538079e-05,-0.0018118458646035672,0.13998734086939427,-4.1857208301667225e-05
1,0,861,33.815534321336507,39.107092488641655,0,0.1297220710768659,-2.1808695432765599e-05,-0.003322810670993292,0.17406702768304672,-5.3461569735851044e-06
1,0,862,33.841122352351448,39.04986115220121,0,0.15474743692963969,-1.0924007291538779e-05,-0.0046162391768705567,0.20542698172694793,2.883253729680457e-05
1,0,863,33.866754453335204,38.983662487121968,0,0.17818600559709571,-7.1495102414111817e-07,-0.0056460569744290184,0.23413372945827607,5.9504953921885186e-05
1,0,864,33.892430422974691,38.910063335230795,0,0.2003167813847731,8.6506065298447223e-06,-0.0064333422923132507,0.26074156572448226,8.6463869624905847e-05
1,0,865,33.91815476112096,38.82943168480827,0,0.22119821828389927,1.6992208274024301e-05,-0.0069752123585167733,0.28541390646404435,0.00010928452974812391
1,0,866,33.943938894387266,38.741326656997799,0,0.24077308264087424,2.4011363049458841e-05,-0.0072463583622170936,0.30812563597805864,0.00012710273616520939
1,0,867,33.969784301129593,38.646562835385474,0,0.25923076466462763,2.9675164112985313e-05,-0.0072752655909149692,0.32920257601771569,0.0001400489611401399
1,0,868,33.995691799627942,38.54581622019488,0,0.27665530292228147,3.4007764573431837e-05,-0.0070926170291936517,0.34882146354906063,0.00014839666861117475
1,0,869,34.02166886061309,38.43908680815494,0,0.29305883885211831,3.6932098527493799e-05,-0.006710617406645563,0.36703629894321627,0.00015204897198252545
1,0,870,34.047725788122911,38.326231792165892,0,0.30846835044450333,3.8376703985168669e-05,-0.0061449365128315161,0.38391031056028907,0.00015094022294346524
1,0,871,34.07385708099315,38.208242480671061,0,0.32303496069048049,3.8591549795053556e-05,-0.0054479096337527672,0.39968020616213407,0.00014601397701383755
1,0,872,34.100066354139408,38.085334061803195,0,0.3367888344605624,3.766521111522365e-05,-0.0046483794121876436,0.41441069734054847,0.00013767682794315594
1,0,873,34.12637293156164,37.956871911954472,0,0.34967234411209258,3.5545077440038044e-05,-0.0037673642634081131,0.42804644026788941,0.00012593734120925609
1,0,874,34.152765065052499,37.823961213429023,0,0.36187099122192729,3.2578524237402863e-05,-0.0028513355415157406,0.44083909220903822,0.00011193263158389735
1,0,875,34.179245922603073,37.68678047166496,0,0.37339251991671035,2.8913396690369402e-05,-0.0019278302135374743,0.45281778266366152,9.6196487221583945e-05
1,0,876,34.205835258891341,37.544814850045448,0,0.38419784632340709,2.4635974542888415e-05,-0.0010299530426798693,0.46394726448694157,7.9150193482871868e-05
1,0,877,34.232522653952387,37.398861496206997,0,0.39443108746780503,2.0008835280701551e-05,-0.00018115335469017925,0.47441016200991443,6.157802840649524e-05
1,0,878,34.259308959694764,37.249155215967178,0,0.40409678110770819,1.5195844833738921e-05,0.00059970592389807303,0.48425042766329934,4.399727385230494e-05
1,0,879,34.286216298421785,37.095201341913494,0,0.41316803899707505,1.0359612207959007e-05,0.0012786034881555205,0.49342536848857432,2.7021416965690427e-05
1,0,880,34.313231509172589,36.93772427568237,0,0.4217674513794506,5.6572154207246192e-06,0.0018553558363306982,0.50207049378258817,1.103597178438873e-05
1,0,881,34.340356463623742,36.77687880147262,0,0.42988470835832687,1.2102583460770499e-06,0.0023228873897817551,0.51018497243892014,-3.6186408812572311e-06
1,0,882,34.367615590947246,36.612195051555304,0,0.43751683206279929,-2.795426073168704e-06,0.0026553099491688848,0.51776644343772027,-1.6320333468059538e-05
1,0,883,34.394989919637084,36.444417789403076,0,0.44475568492372075,-6.3411838682339207e-06,0.0028746508859864859,0.52492201886108891,-2.7162452704389524e-05
1,0,884,34.422490740835251,36.273436757626897,0,0.45156907798398171,-9.3285357678886108e-06,0.0029767565380257291,0.5316240429096144,-3.5872890172266985e-05
1,0,885,34.450130349633746,36.099149270601487,0,0.45802194763371051,-1.1670000483468676e-05,0.0029617548735468005,0.53793983720222294,-4.2231890102789194e-05
1,0,886,34.477894359541082,35.92205075603546,0,0.46412507457853019,-1.3426751904605176e-05,0.0028542986421679355,0.54388955519848614,-4.6544229486956097e-05
1,0,887,34.505806420962344,35.74179430045583,0,0.46986651960152731,-1.4507876584316e-05,0.0026540138060389732,0.54946266065423777,-4.8574269388486134e-05
1,0,888,34.533856877944146,35.558735138960174,0,0.47533010224930095,-1.4995924214009924e-05,0.0023840941082603124,0.55474665030154324,-4.8669061789009989e-05
1,0,889,34.562048485056586,35.372950451208311,0,0.48047124007942721,-1.4933716922476843e-05,0.0020605006886026964,0.55970279947499768,-4.7029694855651634e-05
1,0,890,34.590400175876873,35.184230532338347,0,0.48535629789754792,-1.4326580967774432e-05,0.0016957695568593776,0.56439614646669078,-4.3736210472334666e-05
1,0,891,34.618891824709159,34.993049542481771,0,0.48997781220144948,-1.3317716509798738e-05,0.0013114853752816697,0.56882540038698493,-3.9282796253896979e-05
1,0,892,34.647555434010876,34.798988412921496,0,0.49434127319103321,-1.191515253117455e-05,0.00092173887062291238,0.57299613732805499,-3.3766902578063594e-05
1,0,893,34.676369799402131,34.602501757133972,0,0.49849895792904769,-1.0257435590980054e-05,0.00054135464778701811,0.57696226980190979,-2.762785591212951e-05
1,0,894,34.705354690883318,34.403383033754011,0,0.50240989830690519,-8.408809069678063e-06,0.00018492477470118026,0.58068648305610904,-2.1109290349066937e-05
1,0,895,34.734507087467101,34.201776937199682,0,0.50616163605811704,-6.4615537987388724e-06,-0.00013761921690640368,0.58426078707111195,-1.4503907727828453e-05
1,0,896,34.763830976563867,33.997711609117978,0,0.50967911958810574,-4.4987315757307028e-06,-0.00041741159348272609,0.58761637388627141,-8.074136513291454e-06
1,0,897,34.793337084858372,33.791130257762802,0,0.51307017235261299,-2.5952793684875497e-06,-0.00064647980727320828,0.59084557227556156,-2.056083007344473e-06
1,0,898,34.823018459691056,33.582198399998113,0,0.51624845360507254,-8.1276108908044024e-07,-0.00082418410076451776,0.59386936460316797,3.3865108854461688e-06
1,0,899,34.852894402544926,33.370748873536336,0,0.51931794735931636,7.8285752910049002e-07,-0.00094488103802690623,0.59678464264192543,8.0533986115967322e-06
1,0,900,34.882952600152649,33.157000404969772,0,0.52219694873186362,0.00034193750757158589,0.026981040589355521,0.60038362642046006,-4.8199614995176928e-06
1,0,901,34.913215025026943,32.940752671215208,0,0.52498749193432093,0.0022330148618280453,0.17216857939069327,0.60744650590045335,-0.00035280968429091293
1,0,902,34.943670342387207,32.722197582342623,0,0.52760030798161539,0.0018787116768902176,0.137175395570618,0.60867911573194311,-0.0011571493402510412
1,0,903,34.974336515950412,32.50120154746643,0,0.53015182199699007,0.0012111869637066478,0.10283893891201915,0.60994174208427476,-0.0021878709316108945
1,0,904,35.005210216297762,32.277849533528652,0,0.53253980809744517,0.00028066146901243954,0.062628929523027232,0.61101349163537266,-0.0031937791488267351
1,0,905,35.036297969000906,32.052124392860016,0,0.53488002259040957,-0.00087201668786390124,0.010952768502792738,0.61190158365139524,-0.0039613222752078537
1,0,906,35.067612383499565,31.823928585770144,0,0.53708692197894148,-0.002198187402736296,-0.058227163294177535,0.61563134648432727,-0.0042537114477569551
1,0,907,35.099140368426561,31.593444012248348,0,0.53922189050139258,-0.0036354445912672451,-0.1479885119670768,0.62076021360744249,-0.0039364777539288394
1,0,908,35.130919231835513,31.360316824175719,0,0.54127722758916019,-0.0051386929039450215,-0.26577835432743296,0.62701542776640729,-0.0027323427316082232
1,0,909,35.162920988106364,31.124866306253626,0,0.54322016705267295,-0.0066502559400628339,-0.41040066680600157,0.63435670855918158,-0.00062895468611585297
1,0,910,35.195175901732114,30.886816030568507,0,0.54514033518157023,-0.0013067818311644185,-0.032407105217027402,0.62878103557581522,0.0025600329392554328
1,0,911,35.22768128464309,30.646331985263963,0,0.54696876306322684,0.00039215556717886034,-0.064489292506062043,0.62497424112332023,0.0056366819752740292
1,0,912,35.260430903229299,30.40344655529287,0,0.5487547454272842,-0.00053903331122077762,-0.26556043003518487,0.63222920474524058,0.0078866471457812014
1,0,913,35.293465206493948,30.15777101783382,0,0.55050861671531126,-0.0022241627607598293,-0.46211343923341397,0.64062169067584263,0.0097167372274475569
1,0,914,35.326761767789357,29.909529597297421,0,0.55216281057307492,-0.0044882533892332864,-0.66760119286435182,0.65061079707257652,0.011709167168078016
1,0,915,35.360327108033282,29.658662947748827,0,0.55378876982949576,-0.0072318285307265313,-0.89376902272488901,0.66283636646360389,0.014308536652519362
1,0,916,35.394200196086054,29.404776371788053,0,0.55537098623551862,-0.010370625685544862,-1.1559489440726032,0.67823166891097209,0.018109460613304783
1,0,917,35.428362025117352,29.148025131935906,0,0.55684803934978533,-0.013739633014251944,-1.4596892433048092,0.69701410125457741,0.023432585236412326
1,0,918,35.46282129601444,28.888291512527402,0,0.55824675556352754,-0.017228823228979128,-1.8093582801809192,0.7196146026255088,0.030602490143695142
1,0,919,35.497602003583864,28.625288576885286,0,0.55959532862790207,-0.020731480049243082,-2.207985871178666,0.74655632740583944,0.039997196392979752
1,0,920,35.532717474285171,28.358808339232269,0,0.56081385986564658,-0.025114659803863997,-2.7159043063009687,0.78483102736264099,0.051862536406492743
1,0,921,35.568165156615834,28.088731245302096,0,0.56186297659522277,-0.025122582946274112,-2.9831637933330946,0.79646866766258329,0.066276239599699888
1,0,922,35.603954333727366,27.815520589299709,0,0.56288195812962583,-0.022197620606823794,-3.1482185463909418,0.79610771447500439,0.082538721397180576
1,0,923,35.640095155716253,27.539224903921994,0,0.56393844675972193,-0.017858424450784786,-3.2769746108661466,0.79314606797639464,0.099437885293227127
1,0,924,35.676617019349891,27.259617635089441,0,0.56501551853668519,-0.012320752099865283,-3.3371256414471722,0.81439170960737095,0.11567162844340431
1,0,925,35.713510727634706,26.976824143437693,0,0.56610685449943721,-0.0059533972767981981,-3.31065593160799,0.83552501579297023,0.13009703534739858
1,0,926,35.750787450905705,26.690806672935558,0,0.56723313987756363,0.00093621702003712759,-3.1818510082721931,0.8422769393635744,0.14171566452380038
1,0,927,35.788459952639926,26.401520597930887,0,0.56841635020624548,0.0080294574664418698,-2.9370287988252319,0.83194591588538358,0.14965640248725678
1,0,928,35.826542292205012,26.108904320048065,0,0.56967657332624422,0.015004413553809983,-2.5629408994955529,0.80292387006172083,0.15320823758904417
1,0,929,35.865049998067839,25.81285678580608,0,0.57104200654198989,0.021549514745478851,-2.0495895765779171,0.75525251484276668,0.15185379301623828
1,0,930,35.903999381150079,25.513215993748631,0,0.57250767602659902,0.028310378183228291,-1.3320212750031257,0.69711708839567621,0.14527382207926326
1,0,931,35.943405903947038,25.20958578202567,0,0.57401908882315156,0.032914361987200345,-0.60368396176823325,0.67939987543738578,0.13286476126455199
1,0,932,35.983306592650635,24.901979405755036,0,0.57561466378923309,0.028220033002241442,-0.25074556790797331,0.66332721004843254,0.11567355218069415
1,0,933,36.023718997055987,24.590390289781507,0,0.57733145529167551,0.020701446831476549,0.14144236395720147,0.65717723905165903,0.096095601621623644
1,0,934,36.064658523971808,24.274400349697089,0,0.57912709032922749,0.011158050173265753,0.40929122946567242,0.66592074603970064,0.076507968847785254
1,0,935,36.106142068544244,23.95352134646966,0,0.58094835033515313,0.00040754047644177001,0.46045772606149221,0.67245110312555334,0.059082879149354922
1,0,936,36.148189394542662,23.62731088168001,0,0.58277926508752931,-0.010805070312340482,0.28840786077309177,0.67671668761907788,0.045606172851011088
1,0,937,36.190823920195776,23.295365349486893,0,0.58456840092965967,-0.021847218862255057,-0.11341028945222538,0.68599237067486218,0.03743973947629238
1,0,938,36.234073121686571,22.957275601677644,0,0.58627110088980705,-0.032224175696416862,-0.74594581800440041,0.72413734374151573,0.035500990630724559
1,0,939,36.277968663441065,22.612554049550642,0,0.58783164183851799,-0.041601391931057392,-1.6002452914653733,0.77657252030117374,0.040242618275980399
1,0,940,36.32256302769747,22.260395731670997,0,0.58918768949783551,-0.043733451045945879,-2.1830225853790872,0.82042177665731397,0.051686138313707615
1,0,941,36.367856392922185,21.903816312852644,0,0.59106691039325265,-0.0047867296429562386,-0.5048651170910855,0.68560990469970129,0.063507696721312679
1,0,942,36.413889936691213,21.541780315518672,0,0.59333536321611124,-0.0072720682291114057,-1.6455132800562056,0.72196406429169258,0.072073233960236682
1,0,943,36.460711587919128,21.171666156130431,0,0.59539957801623933,-0.013423079274897613,-2.4407195938542463,0.77110738511929366,0.078779646730471581
1,0,944,36.50841213348702,20.792447514890636,0,0.59735566165843146,-0.022444318486704782,-3.0661631296283702,0.82756444228888415,0.08501059749108511
1,0,945,36.556992148460004,20.403843646310836,0,0.5991892731295394,-0.033328904473539575,-3.665053598996812,0.89048963960503902,0.092344025836416696
1,0,946,36.606557166780114,20.004325964183199,0,0.60061246875506058,-0.045409334947566035,-4.3092695445783669,0.96088214710795361,0.1023550237960324
1,0,947,36.657148622042371,19.593333972098481,0,0.60184441917805298,-0.058034894401904645,-4.9672259512545542,1.0000000000000002,0.11621460524730523
1,0,948,36.708878879900631,19.178313962545801,0,0.60432941624547143,-0.070855934484231373,-5.5364197769582226,1.0000000000000002,0.13516940860741039
1,0,949,36.761769247756888,18.764004187476623,0,0.60930635156569535,-0.083865670247481997,-6.0985836667572642,1.0000000000000004,0.16016190226811272
1,0,950,36.815942759309934,18.346228683816694,0,0.59070407628486066,-0.080807153176316898,-6.318704624563912,1.0000000000000002,0.19258266616645017
1,0,951,36.87133508481714,17.951277237934722,0,0.470200677663759,-0.071700783934212101,-6.7328932435767985,1,0.22957887578954211
1,0,952,36.927877567592645,17.615063958298286,0,0.35839158034822927,-0.062802081827212877,-7.0925182741415993,1.0000000000000002,0.26537620018377145
1,0,953,36.985417040167398,17.340978821777586,0,0.25963936848814145,-0.051863067658073143,-7.2181383819732412,0.9983760535637205,0.2968254386418489
1,0,954,37.043761536753642,17.132030439138671,0,0.17450809949342222,-0.040036231272943659,-7.1536859444452325,0.9618118722188026,0.32148834559495348
1,0,955,37.102706271053592,16.983775965921446,0,0.10208577404712149,-0.028611564060619848,-6.9493989457225283,0.92098410066217939,0.33773878985050376
1,0,956,37.162056504597082,16.889363891903091,0,0.040980161820294438,-0.018639849782051469,-6.5896378183339186,0.86740861777028744,0.34472233904375177
1,0,957,37.221635609383981,16.84210045148458,0.010168047924257292,0,-0.010857658547124779,-6.0459353559207125,0.78794622625618471,0.34236560344205103
1,0,958,37.281296386140689,16.828798854706786,0.054015517166334626,0,-0.0055963285433071105,-5.3189986965638747,0.68270979226150752,0.33146638852325705
1,0,959,37.340938104545216,16.839701618166309,0.092531897438216965,0,-0.0027483553290774828,-4.4669566484823404,0.56034070115340917,0.31364920066535618
1,0,960,37.40047939658136,16.871708852537104,0.1263542658741737,0,-0.0023434471455537017,-3.6142141661859708,0.44825714360484092,0.29108887815211554
1,0,961,37.459959069326736,16.919183238332664,0.15662605372573143,0,-0.025325129876070336,-3.9999366831861689,0.51799090164536277,0.26835337738046788
1,0,962,37.519207667322242,16.981324489890124,0.18352022328785567,0,-0.027541195853299456,-3.4343542306271013,0.42451817552098847,0.24799453996969026
1,0,963,37.578178451970082,17.056557243437194,0.20736855154435929,0,-0.027629353149852442,-3.1471568379753201,0.37741864128814334,0.23058234414181064
1,0,964,37.636838367146233,17.142796130206708,0.22860228436621011,0,-0.026141330308600802,-2.9961978973061911,0.39468279685555169,0.21596262700138188
1,0,965,37.695160962047403,17.238472917604433,0.24754877560837871,0,-0.023590801011566916,-2.8855274885806428,0.41201706964099771,0.20352581902799727
1,0,966,37.753124414949866,17.342330015373992,0.26447283884281025,0,-0.020402132727486005,-2.7613586660562901,0.42442533809005406,0.19254810115714524
1,0,967,37.810710683887471,17.453316229379073,0.27959764421843486,0,-0.016898042813503451,-2.5982597870106119,0.43055163779521405,0.18237507563630562
1,0,968,37.867905122654903,17.57052196377316,0.293112984112677,0,-0.013305485982501654,-2.3877099717677814,0.4307525446769811,0.17249972802710209
1,0,969,37.924696232990698,17.69313765523653,0.30518664455532069,0,-0.0097690109294187831,-2.130556097203391,0.42627471417407914,0.16257860317824319
1,0,970,37.981076131609193,17.820430552833589,0.31597968242189617,0,-0.0071424443373592781,-1.8897439578247779,0.41993617209847073,0.15242749161246538
1,0,971,38.037070104878538,17.950717655122343,0.32583134536396424,0,-0.021468299179341063,-2.6219424196815355,0.43723146970448756,0.14358605850009692
1,0,972,38.092648359880464,18.083935695755311,0.33477640055690833,0,-0.023097477507434395,-2.5435787608946736,0.44604996838375954,0.13679110652697879
1,0,973,38.147811227877504,18.219952645823611,0.3428527487132742,0,-0.023693101231460172,-2.5834536213779886,0.46104887296599267,0.13192378089845463
1,0,974,38.202559689414173,18.358226076618365,0.35016060332088367,0,-0.023538484864721872,-2.6708042727254417,0.47795275976993568,0.12869972135065244
1,0,975,38.256887229979156,18.498375463750317,0.35678504750732065,0,-0.022874872962129575,-2.7644640440431107,0.49415193960295112,0.12672770288357749
1,0,976,38.310797176071333,18.640059740134596,0.36281742882633478,0,-0.021914498816981397,-2.8428276428441528,0.50814258976035953,0.12557425113437834
1,0,977,38.364300636519566,18.782991389269252,0.36831743893744856,0,-0.020816778685496237,-2.8977612041571015,0.5193233804854126,0.12487510263499252
1,0,978,38.417394559809829,18.926975549689992,0.37331656378705547,0,-0.019691583432138712,-2.9272327788773223,0.52755406883327227,0.1243694965207935
1,0,979,38.470077646094559,19.071830279394096,0.37787696866269632,0,-0.018616916438209372,-2.9331362330607318,0.53309450645421064,0.12386822074394518
1,0,980,38.522367341689566,19.217363147797521,0.38203758638841845,0,-0.017096555653230941,-2.8805065323821806,0.53541250716785083,0.12325473572744113
1,0,981,38.574245065418758,19.363786687468526,0.38574808667148369,0,-0.013381740005152064,-2.7036615151435699,0.53179430500041025,0.12195453608443713
1,0,982,38.62573780492491,19.510490302985527,0.38916525530263646,0,-0.015318827788454505,-2.8291804271545011,0.53390701498705051,0.12013833328863939
1,0,983,38.676850956917342,19.657152811130238,0.39232791956189739,0,-0.018148510190338061,-2.9398458857053278,0.53662082382453125,0.11842826412657181
1,0,984,38.727583383721743,19.803620431897148,0.39529988711651015,0,-0.021520017399769224,-3.0814773118301342,0.54301166198331796,0.11746086219773529
1,0,985,38.777953960777076,19.949719843550628,0.39809730974194502,0,-0.025152217986662274,-3.2728925045405126,0.55427804040552631,0.11774088954092575
1,0,986,38.827954717119127,20.095232533600814,0.40078930927231982,0,-0.028859086781268518,-3.5211413376557346,0.5712725536036164,0.11976205972308313
1,0,987,38.87761027669324,20.240002505867395,0.39091831981510822,0,-0.032518992893308805,-3.8205233857141554,0.58196380506689338,0.1237405996814613
1,0,988,38.926925772742244,20.371243248004408,0.32610026066657322,0,-0.036058865195182144,-4.1691568156631877,0.56808356979675945,0.12996281083232841
1,0,989,38.97597357174719,20.472466119468933,0.24172437282336356,0,-0.039435222981446937,-4.5521703206352839,0.60599079303877834,0.13844940289215549
1,0,990,39.024832348920398,20.539513190608886,0.17946443691663772,0,-0.04222711160926592,-4.9345748977760104,0.6425586925303679,0.14927195627829318
1,0,991,39.073563668499084,20.592535628346798,0.20138188349566305,0,-0.040272275366012647,-5.1062629047175179,0.63748777307748572,0.16211587245139975
1,0,992,39.122164992015364,20.653310589565514,0.22152359630862811,0,-0.036826047727946495,-5.2422906214287961,0.62816847632311923,0.17592260231444565
1,0,993,39.170612696936352,20.721435607043279,0.23994257173133904,0,-0.032520078778066619,-5.3271952817192068,0.65096141793842965,0.18960221974280314
1,0,994,39.218898321515979,20.795975887003333,0.25685499300964726,0,-0.027763441373940115,-5.348395245258307,0.6778361322425891,0.20224058434669256
1,0,995,39.266995399879882,20.876865301573755,0.2722697024896748,0,-0.022852910337803907,-5.2936836197237707,0.69211615825960182,0.21297421046154999
1,0,996,39.314899168041201,20.963405902949372,0.28632036042669429,0,-0.018046006352277499,-5.1636213870910312,0.69456504699897703,0.22132380176208535
1,0,997,39.362594279065434,21.055330152611759,0.29909246527406386,0,-0.013531884416859727,-4.9571945098902557,0.68574296374118582,0.22687913938279247
1,0,998,39.410064548184103,21.152399342341425,0.31060887150231253,0,-0.0094540323299185432,-4.675791603646184,0.6666671118247568,0.2293795809580961
1,0,999,39.457310008950913,21.254029486858933,0.32100797252219304,0,-0.0058712413178500867,-4.3284753566583918,0.63954287977067081,0.22893591581607245
1,0,1000,39.504313714305766,21.360000792634558,0.33033996129495652,0,-0.0036704723976646709,-3.9791790582357729,0.60817668801137481,0.22557519222866243
1,0,1001,39.551085944924104,21.469452698288183,0.33876289011038369,0,-0.0072311232435822402,-3.8992099137346088,0.58414139914604024,0.22012296375750479
1,0,1002,39.597625687302326,21.581722659283717,0.34643274105008692,0,-0.010086708631340304,-3.710112918874314,0.56090116705539861,0.2137740276036951
1,0,1003,39.643918969422337,21.696525125329938,0.35340625163471573,0,-0.013560433585554791,-3.5814465074365658,0.54590170779575831,0.20747590554988793
1,0,1004,39.68996677711246,21.813319392811227,0.35978210000086019,0,-0.017329125189730687,-3.5339692553644966,0.54003479555906708,0.20209123040262225
1,0,1005,39.73577330015658,21.931622945841639,0.36567250545346403,0,-0.021146457712803716,-3.5739467679441983,0.54289429996784,0.19825352804258589
1,0,1006,39.781335578951001,22.051053840012813,0.36937120124673589,0,-0.024837290569005601,-3.7000561843665634,0.55221927528742243,0.19645978136884359
1,0,1007,39.826650134174798,22.169454202725529,0.35126596184584802,0,-0.028279494263928173,-3.9058615673308639,0.55326482356026419,0.19708778311247566
1,0,1008,39.871744011694439,22.272443313736488,0.27176180063315125,0,-0.031419762301137855,-4.1789237204243337,0.56270657589968143,0.20020319212985188
1,0,1009,39.916668597396558,22.346311755811001,0.19736993004575917,0,-0.034221664969636675,-4.4975914041192278,0.59103365349263193,0.20584251324370598
1,0,1010,39.961480288251302,22.392685296000565,0.14303174655372769,0,-0.03595927327723316,-4.8056108885635043,0.61328842196867472,0.21396503618532514
1,0,1011,40.006194015623805,22.428621729485112,0.16603873587495291,0,-0.027477256782426199,-4.6409170595355809,0.5189934075856335,0.22310119397649483
1,0,1012,40.050835225590816,22.472412504823655,0.18727354309741642,0,-0.026884412192232057,-4.9152686610237337,0.56154332636119697,0.23215222950189179
1,0,1013,40.095392140737104,22.522726811619457,0.20477068759292993,0,-0.026688887177157679,-5.1442621564232907,0.59907490863822577,0.24111288126668259
1,0,1014,40.139854479606569,22.577379665973059,0.19981299851641673,0,-0.026913330168827739,-5.3415037657393665,0.63129353092263851,0.24999716241405565
1,0,1015,40.184222339209654,22.621398853512893,0.13140892873573509,0,-0.02756132784828506,-5.5216875366841096,0.64807663055308606,0.25891088850300165
1,0,1016,40.228538761946375,22.640875922590524,0.066965876520181045,0,-0.028553560571676885,-5.692996755103934,0.66412688183457658,0.26801759713031642
1,0,1017,40.272850438252433,22.637269704172841,0.0083864589834089891,0.0020693132357361235,-0.029814396421071754,-5.8623410427561229,0.6797938064006277,0.27748960082580737
1,0,1018,40.317202851008638,22.609132073600552,0,0.050232239043579589,-0.031268986459643752,-6.0264878277061964,0.69829461840879503,0.28749411145176851
1,0,1019,40.361654340350739,22.549258579732175,0,0.10129457996656133,-0.032844110695879641,-6.1976769507943104,0.73195434874206555,0.29821012997219276
1,0,1020,40.406270363495352,22.45952321754503,0,0.13093939411142169,-0.033993936540123844,-6.3608697680278086,0.76304321745192261,0.30979103614732195
1,0,1021,40.451077902399518,22.367767021632933,0,0.080610247852761344,-0.032253798550674936,-6.4301048539088113,0.74213135487627169,0.32204462288479924
1,0,1022,40.49604037183051,22.30337569713307,0,0.035977691371250127,-0.030023307362306781,-6.4864592204302012,0.73777438703962328,0.33428767941724508
1,0,1023,40.541107459964856,22.263707976222232,0.0034926506517350578,0,-0.027368148445196572,-6.5126651748977098,0.74029352522010261,0.3458569421247456
1,0,1024,40.586233976617301,22.243704092017737,0.038800319491026754,0,-0.02449615331858393,-6.4972390907370992,0.74414797512224307,0.35614486295253761
1,0,1025,40.631385483469884,22.236268960983711,0.071369801507835187,0,-0.02159759852999879,-6.4460120920991644,0.74561893488132858,0.36476583909939514
1,0,1026,40.676536871793353,22.240622760519752,0.10137700829105913,0,-0.018819220670471853,-6.3558707160818777,0.74321489856038991,0.37141094845873318
1,0,1027,40.721663819550599,22.256203681001178,0.12893727409632161,0,-0.016284329864483117,-6.2246967577987853,0.73591355884765286,0.37583608148865533
1,0,1028,40.766742305409956,22.282372021325166,0.14270588286087996,0,-0.014089092621951183,-6.0518221640123819,0.71927874377796519,0.37789870692901811
1,0,1029,40.811760787125138,22.307362947205579,0.095659811116815888,0,-0.012268890034779989,-5.8408817928543302,0.67992735641475166,0.37769182368049231
1,0,1030,40.85673945030041,22.314507831361958,0.033278090588996119,0,-0.0097440532792683852,-5.538981535500211,0.64026045809065812,0.37533649572909195
1,0,1031,40.901717619681584,22.300038811569507,0,0.026513900001138624,-0.010425086934827611,-5.3816910862553584,0.61596638391657066,0.37091598336738679
1,0,1032,40.946761284226412,22.255447645383793,0,0.081209614466931451,-0.012417808761544509,-5.2429887407620361,0.59972154559493651,0.36498404399261608
1,0,1033,40.991930806010608,22.180694579282335,0,0.13084918638349624,-0.015129306530304741,-5.1245704281852182,0.5900688060430076,0.35838185713990844
1,0,1034,41.037284099126325,22.078173373625528,0,0.17587441514426952,-0.018332544324284054,-5.0419065782746602,0.60360586017319562,0.35181486718058352
1,0,1035,41.082884269017065,21.949253500523511,0,0.21662753053193362,-0.021818337069623141,-5.0083537722558162,0.64121998161146732,0.34592649999674607
1,0,1036,41.128788192017709,21.795783414065816,0,0.25359066621748688,-0.025387417886168318,-5.0309171677861055,0.68124551348628526,0.34124359931694909
1,0,1037,41.175040995124661,21.619878925184722,0,0.28722138399228081,-0.028880300116498562,-5.1089736160861534,0.72271423016384762,0.33810478606167516
1,0,1038,41.221700795002434,21.422456135330791,0,0.3176637708756489,-0.032174039340702329,-5.2388931634232669,0.76500594066320149,0.33677063789961753
1,0,1039,41.268837038674427,21.204010081169692,0,0.34521315095661098,-0.03517007834621471,-5.4131539999194205,0.80772390796720606,0.33741585338085373
1,0,1040,41.316486730588011,20.966386766840575,0,0.37027559654572106,-0.049582624435386698,-6.1591553787024642,0.95764964728318691,0.33995742441968557
1,0,1041,41.364781681152522,20.706571570876875,0,0.37284185596528374,-0.049836200230595651,-6.2283975968332097,0.94653065016991711,0.34599552776282888
1,0,1042,41.413654691625133,20.46280018463013,0,0.28713002961065442,-0.043843484748855376,-6.2003891849309332,0.84203444172442743,0.3551632072275866
1,0,1043,41.463014618933968,20.26947981758348,0,0.21184029377940203,-0.03508507680849806,-6.1121357270444987,0.8044491320420124,0.364912838346241
1,0,1044,41.512760437172382,20.122804118094471,0,0.14624715661384008,-0.024386279059254421,-5.9129246930004911,0.7784371684172865,0.37282918645591762
1,0,1045,41.562775212723778,20.016519370149009,0,0.089048088473765455,-0.0127063019000992,-5.5679898694499999,0.74412163706891943,0.37695220202495489
1,0,1046,41.612971018241097,19.94754429356513,0,0.039657406567809944,-0.00088960245167252823,-5.0380256063119901,0.69110925487340535,0.37555040853704791
1,0,1047,41.663256892354227,19.910494091921091,0.0030491686692614857,0,0.010295154441321409,-4.3002435640191976,0.6129035659947667,0.36778150193250847
1,0,1048,41.713563900478945,19.898853898026495,0.04034518303380949,0,0.020227033902215003,-3.3339319750614655,0.50953578640624941,0.35304964129383365
1,0,1049,41.763844912977035,19.903702902501024,0.074060300938810483,0,0.028577195966788232,-2.1616439451036507,0.38518775547728101,0.3317700553993051
1,0,1050,41.814077290926072,19.923451325206315,0.10448312554753313,0,0.016600407950220136,-2.3398719521707316,0.30784191206610784,0.30466942721761309
1,0,1051,41.864339333159684,19.95622674583883,0.13203193034028335,0,0.004084785264144828,-1.8391751118811912,0.23520105227736912,0.27590110484053554
1,0,1052,41.914494293770211,20.000687852063454,0.15694628086501658,0,-0.00079910384926923698,-1.1056010390910722,0.18972497468172436,0.24914617316843995
1,0,1053,41.964506621179936,20.05497675022518,0.17963950890590608,0,-0.0042215235016072128,-0.69900029563457267,0.20611994056755067,0.22560489506741441
1,0,1054,42.014355480320482,20.118011198170215,0.20030025372417376,0,-0.0061930041177711984,-0.52189673042660978,0.22668126033803651,0.20567446308459353
1,0,1055,42.064026011814384,20.188794461646822,0.21916784081493701,0,-0.0068858560277202949,-0.47570524942070769,0.24674136269494981,0.18911508897026943
1,0,1056,42.11350143921964,20.266645743915902,0.23635140936747481,0,-0.0065136156320636449,-0.4872383527290049,0.26613350927846657,0.17543664572328072
1,0,1057,42.162773360055901,20.350700005153048,0.25206194035228829,0,-0.005348703626846917,-0.50445112932568004,0.28443154052182829,0.16391529661809562
1,0,1058,42.211824002481897,20.440487197782062,0.266368748838201,0,-0.003612008442313725,-0.49548731440261751,0.30066438775677973,0.15393058103319754
1,0,1059,42.260653972032372,20.535162918326755,0.27947328975523206,0,-0.0015356117204124991,-0.44482090653394246,0.31423784433855839,0.14482314326223469
1,0,1060,42.309243759605188,20.634491523025453,0.29140678041332224,0,-0.0063320235929815163,-0.90605132469079741,0.33360811027416387,0.13619372035312322
1,0,1061,42.357624715134499,20.737127951615889,0.30245004207312304,0,-0.014274836129637277,-1.3475634353318924,0.35270669505990021,0.12932880273984884
1,0,1062,42.405752608511719,20.843434740581124,0.31254497832994016,0,-0.012850493309020609,-1.237595777825548,0.36478137423080054,0.12473946671246151
1,0,1063,42.453626666617893,20.953032146241547,0.32175153453634969,0,-0.0099729751643371865,-1.1750836969803451,0.37779954527265391,0.12152477983354845
1,0,1064,42.501245206815263,21.065481572830421,0.33018919100185606,0,-0.0061430315900216055,-1.0902785735572338,0.38880256502151883,0.11882034296951019
1,0,1065,42.54859332150253,21.180534474350701,0.33788909288255248,0,-0.0017644969286415425,-0.93962019975059119,0.39527814012021678,0.1157952584791839
1,0,1066,42.595683177841153,21.297734535345231,0.34494913490201901,0,0.0027939240130931326,-0.7078102224760684,0.39659288137307286,0.11180593941318191
1,0,1067,42.642507107792078,21.416844807616837,0.3514393672204289,0,0.0072825911525133766,-0.39414936215754581,0.39338484153993369,0.10635468358828956
1,0,1068,42.689060474983314,21.537609506799953,0.35739311701322424,0,0.011524056180510375,-0.0013362837070495491,0.38898429742925061,0.099111902216378306
1,0,1069,42.735353941601083,21.659689815154401,0.36288761090475702,0,0.015442125819189658,0.45892290762785942,0.39690946843960362,0.090010975535612617
1,0,1070,42.781385277852067,21.78282518592567,0.36799345272008549,0,0.018656296050383891,0.94495280658207825,0.41024933610290398,0.079027597157064089
1,0,1071,42.827154228413384,21.907058184035485,0.37268705881888509,0,0.013330331295417974,0.89093119588737724,0.41775147466897511,0.066879980348178741
1,0,1072,42.872670417672992,22.032333029403578,0.37698321191576889,0,0.009535603511518739,1.0114398085760177,0.43042898265550983,0.054783183523966321
1,0,1073,42.917933189750428,22.158363789857205,0.38095842141849912,0,0.0052344559094517715,1.0415848861998342,0.44022780707910286,0.043613967483836044
1,0,1074,42.962935138251339,22.285031055268735,0.38463180163632943,0,0.00077917481882954854,0.96607826197588764,0.44468178163086414,0.034167226224098471
1,0,1075,43.00767969022008,22.412220292102262,0.38802409077229572,0,-0.0035511714852990285,0.78609592776764914,0.44328538003114393,0.026966677725646145
1,0,1076,43.052173357157486,22.539825836259798,0.39115719879369792,0,-0.0075734915290867908,0.51478510815229006,0.43715671358979968,0.022273255444327952
1,0,1077,43.096417975405757,22.667746506223679,0.39406742503255437,0,-0.01117910714577962,0.16320478696191082,0.42818158937086159,0.020206802269408936
1,0,1078,43.140414789909293,22.795867173641057,0.39677893068096148,0,-0.01432423860226977,-0.25516089313248558,0.42808398456021091,0.020753051536708915
1,0,1079,43.184159106625671,22.92404943136378,0.39931140798372655,0,-0.017011297092036998,-0.7245197344551001,0.43775293372707486,0.023842250814909399
1,0,1080,43.22766259473962,23.052135382277147,0.40170483285170583,0,-0.014632585469076346,-0.83820595558374966,0.44451695246664447,0.029096655632154082
1,0,1081,43.270923639775106,23.180538123227894,0.40387408700389676,0,-0.0065929130728177195,-0.69990584012905011,0.44865032495047052,0.034749752715495859
1,0,1082,43.313947067444687,23.308944299832287,0.4058931822151402,0,-0.0057542987769140727,-1.039651204352136,0.46198374839959871,0.039609929938993794
1,0,1083,43.356736332040732,23.437119792786827,0.40781080654958957,0,-0.0057064347627998691,-1.2783705816253941,0.47180171898762302,0.043707358232089072
1,0,1084,43.399294382791638,23.565050469288764,0.40963144487344116,0,-0.0063471447886561914,-1.4591424612800468,0.47918390947318301,0.047200266902534115
1,0,1085,43.441620034781117,23.692710669593311,0.41135804959963462,0,-0.0075642571248074131,-1.613788566913047,0.48541188052968959,0.050360195616640811
1,0,1086,43.48371915289102,23.820068252659773,0.41300025275668983,0,-0.0092208789875547949,-1.7663712316053255,0.49165958476907473,0.053525210090463189
1,0,1087,43.525596539342295,23.947077735942752,0.41457080826941306,0,-0.011191084172623033,-1.9330074443433847,0.49882733824687886,0.057028280990210886
1,0,1088,43.567255340654818,24.073681872680112,0.41608335087142451,0,-0.013364628408808508,-2.1238804819973938,0.50761573100242541,0.061177792892413083
1,0,1089,43.608698875354669,24.199816263921026,0.41755061944977673,0,-0.015647184601235428,-2.3443680107232852,0.51858754005855268,0.066243007986658928
1,0,1090,43.649931136263405,24.325413023954162,0.41899101883957168,0,-0.019548913814152063,-2.7007234570851129,0.53506286750552101,0.072466147645062151
1,0,1091,43.690956735897316,24.450162761428995,0.42046867893654988,0,-0.020508691579249214,-2.8763283976225029,0.5493429325418403,0.080344262858292645
1,0,1092,43.731773784946519,24.574614751327534,0.42187549330739366,0,-0.017697177697634684,-2.889458395597194,0.56125809621263179,0.089467864526766125
1,0,1093,43.772383157767209,24.698899640893135,0.42318708033792768,0,-0.013730691746813817,-2.8751512028499757,0.57227147449722071,0.098806692648825689
1,0,1094,43.81278604038841,24.823007658697531,0.4244071425976228,0,-0.0089307479896018633,-2.8013711133833756,0.57930223885341869,0.10738697251213679
1,0,1095,43.852983661889311,24.946950088274932,0.4255351717594596,0,-0.0036053539441664069,-2.6452711029816225,0.57995001162312032,0.11433667737539935
1,0,1096,43.89297750282914,25.070749671962339,0.42656836638002538,0,0.0019627132684481249,-2.3911860319638789,0.57276197078102198,0.11892175832799598
1,0,1097,43.932769436088471,25.194424731238865,0.42750480642567446,0,0.0075235314989852932,-2.0290122366870795,0.55737357164202783,0.12056865257593431
1,0,1098,43.972361817539536,25.317969862912349,0.42834731247770313,0,0.012865496535921001,-1.554348044852917,0.53463326899542019,0.11887624044620421
1,0,1099,44.011757529254382,25.441337228971474,0.42910718591812186,0,0.017820819083159006,-0.9813933309473486,0.50698690924800949,0.11361787659046362
1,0,1100,44.050961766016513,25.564432707512744,0.42980497757489,0,0.016589960283871861,-0.79356708120201236,0.48786959457465501,0.10477291849548251
1,0,1101,44.089987224884652,25.687453264888038,0.4304029963407236,0,0.0114106003919828,-0.6589461313040943,0.47381499694395529,0.093825224746954525
1,0,1102,44.128828168968013,25.810254359753987,0.4309318505114807,0,0.009210875444624806,-0.23381784611115897,0.46031855704082597,0.082375650328010364
1,0,1103,44.167484937859513,25.932653861544726,0.43142965947923378,0,0.0068457870225947593,0.11683646046172806,0.45799868490416795,0.071079544679027162
1,0,1104,44.205959824155464,26.054568991113364,0.43191251327656716,0,0.0045031369850476732,0.37638392278054489,0.46566036116233123,0.060459671519589385
1,0,1105,44.244255275537689,26.175963992135788,0.43238953587869883,0,0.0023264395257585639,0.54891042548994962,0.47213040275688467,0.050889408743036289
1,0,1106,44.282373821239901,26.296837384904624,0.43286321387313353,0,0.0004157116400188949,0.64478875762976295,0.47640277434847061,0.04260225970360227
1,0,1107,44.320318007017804,26.417206330773425,0.43333150765455725,0,-0.0011669541301624897,0.67533152268779739,0.47821743969388231,0.03571200217610012
1,0,1108,44.358085766816558,26.537081964361455,0.43379061683885295,0,-0.0023818967214217029,0.65114056709203116,0.47777876354850046,0.030269923172053497
1,0,1109,44.395683022956256,26.656495839989102,0.43423920387638809,0,-0.003234300142702319,0.58551158704101181,0.47569975303063849,0.026177807009619154
1,0,1110,44.433112961769623,26.775465209003855,0.43467601402130268,0,-0.0040631873190437656,0.46255349320464501,0.47206438980424348,0.023303142597899264
1,0,1111,44.47037799638948,26.893998159475565,0.4351010146054613,0,-0.004486128073426356,0.3353388344108969,0.4683332530295185,0.021542311008744007
1,0,1112,44.507480298625048,27.012095568889009,0.43551559484683894,0,-0.0044473750035098928,0.21083195187835374,0.46492947802252288,0.020738664362709991
1,0,1113,44.544422083036672,27.129756043407767,0.4359166645026476,0,-0.0041530006923372548,0.083937805975232441,0.46193447044646069,0.020672794684272799
1,0,1114,44.581205532709291,27.246975957975163,0.43630745076068228,0,-0.0036647699979427736,-0.036504722822573693,0.46102150178484319,0.021126204096964283
1,0,1115,44.61782773160612,27.363737460696377,0.43669066057702099,0,-0.0030412969649495549,-0.14249470173070891,0.46359412665796745,0.021897556652298193
1,0,1116,44.654292723282985,27.480044258421028,0.43707051797088736,0,-0.0023444478093223851,-0.22839980863270837,0.46604029453719553,0.022788860051397603
1,0,1117,44.690605411491617,27.595906159871291,0.43744882720401257,0,-0.0016246625515281728,-0.29252996082026511,0.46814904399556434,0.023645420530354996
1,0,1118,44.726767842555176,27.711327489710744,0.43782618489737635,0,-0.00092135137028705356,-0.33446210269535054,0.46977388064553238,0.024349691997844623
1,0,1119,44.762782029694776,27.826314171956373,0.43819438671784972,0,-0.00026519718482440611,-0.3548933994187578,0.47082926757643906,0.024814774039807409
1,0,1120,44.798646873532896,27.940863780932599,0.43855726100192355,0,-0.00066195269310532394,-0.43921277125296027,0.47304502843943691,0.024975290408841468
1,0,1121,44.834361067143824,28.054963922913196,0.43891913233379665,0,-0.0003915280248638989,-0.428253471879048,0.47317305918936242,0.02493214536916331
1,0,1122,44.869932595448404,28.168650452535996,0.43927988408795376,0,-4.5863004054671188e-05,-0.40305654754998599,0.47294637814047302,0.024777975762835049
1,0,1123,44.905363327767212,28.281929160803603,0.43963753167350089,0,0.00030340698395930481,-0.36998387610831546,0.4724994724240234,0.024473708381283928
1,0,1124,44.940655115384814,28.394805084324364,0.43998508464772257,0,0.00064785299035616804,-0.32922570053277866,0.47183858825653568,0.023986787442791414
1,0,1125,44.975800362390508,28.507255025260708,0.44032759223554169,0,0.00097929642310863553,-0.28066740495633447,0.47097965124622909,0.023277435049724904
1,0,1126,45.010808589310656,28.619305476588966,0.44067005553863575,0,0.0012928112711953002,-0.22528717307214963,0.46996968630231378,0.022340646720715208
1,0,1127,45.045683048055942,28.73096471245529,0.44101183579489572,0,0.0015851931587035921,-0.16380413511017106,0.4688436287620954,0.021171432770678081
1,0,1128,45.08042548492044,28.842236381054946,0.44134366055676572,0,0.0018545213453713008,-0.097002354981399391,0.46762914965082819,0.019768321826204405
1,0,1129,45.115026628679367,28.953090471949228,0.44167215623742745,0,0.002098228435003238,-0.025462550408400075,0.4663700237146825,0.018115686419688557
1,0,1130,45.149498058200308,29.063558707673153,0.44200310600758475,0,0.0019162133344435238,0.014783172369415343,0.46640794015860437,0.016245159235426167
1,0,1131,45.183842480650178,29.173650684977805,0.4423316728722928,0,0.0013451031040214636,0.034251838175476043,0.46710748612633674,0.014283050896811395
1,0,1132,45.218057202318278,29.283356788177738,0.44265183773802219,0,0.0010545189319680658,0.077920028947957257,0.46835978153974756,0.012365532496075273
1,0,1133,45.252139433171671,29.392665641173753,0.44297308267462143,0,0.00075874481340793432,0.11265335490735309,0.46946918895575362,0.010551337754763091
1,0,1134,45.286099219645521,29.501606691894995,0.44329800626686799,0,0.00047357097122935381,0.1386629756757336,0.47041233416447054,0.0088732895443756482
1,0,1135,45.31993799028168,29.610184254184603,0.44361359870366673,0,0.0002102896239191701,0.15605519805743684,0.47115952426522961,0.0073576825909256729
1,0,1136,45.353643979366595,29.718362338323846,0.44392809952667073,0,-1.8203832143489256e-05,0.1644641264858204,0.47169548723452981,0.0060433327292858611
1,0,1137,45.387231995038718,29.826185526476131,0.44424737106978063,0,-0.00020943743596063598,0.16565127961949683,0.47206031569851287,0.004917813567159846
1,0,1138,45.420703530402811,29.93365873680634,0.44455958487715008,0,-0.00036084506342974181,0.1605615749375956,0.47226394107178893,0.0039797774538234115
1,0,1139,45.454047346109675,30.040748071237246,0.44486854078143501,0,-0.00046744481667807816,0.14981595983103793,0.47232686731533297,0.0032406565719580714
1,0,1140,45.487275932860577,30.147490724044474,0.44518262528921709,0,0.0016700515039032703,0.31952087592075429,0.47617974072137464,0.00261247227763099
1,0,1141,45.520392212202005,30.253831671759794,0.44550255596058602,0,0.0052675183202681502,0.56150803196231713,0.48156428615263036,0.0013383232268857285
1,0,1142,45.553383892788865,30.359789327875969,0.44582117901731178,0,0.0041489199934738258,0.45540600314286361,0.47978524640419967,-0.00099947000012751272
1,0,1143,45.586265265097005,30.465447742016405,0.44613896531442615,0,0.0022852742207679368,0.3472535457944384,0.47811800679219346,-0.0036755785217069624
1,0,1144,45.619036328353538,30.570799345077049,0.44644174439628176,0,-0.00021938232404390931,0.21898593791318616,0.47610623006629482,-0.0061804902153863818
1,0,1145,45.651686919634002,30.675795330903025,0.44674397948219496,0,-0.0032733491836145941,0.05412502244660803,0.47325812942462198,-0.0078681132932031626
1,0,1146,45.684231605620184,30.780452247490196,0.4470536155372668,0,-0.0066753141937029312,-0.1532910165368723,0.47556981999000569,-0.0083299210764876518
1,0,1147,45.71666489189797,30.884718978744967,0.44736474163910994,0,-0.010317235175466665,-0.41657533129558638,0.48101010288928803,-0.0070466212686729132
1,0,1148,45.748986501614226,30.988542332515699,0.44770117174840063,0,-0.014070190261765982,-0.74499928073126376,0.48794467719755341,-0.0035465745758034577
1,0,1149,45.781207158321784,31.091909442970049,0.44806489444616177,0,-0.017833087174831331,-1.1364422468146176,0.49703579531643238,0.0022942641238668567
1,0,1150,45.813315466357011,31.19468259837808,0.44847308848092926,0,-0.018168593414749395,-1.35533380811882,0.50409366298713476,0.011063255765586361
1,0,1151,45.845323583574242,31.297181681251718,0.44888040235057036,0,-0.016799360988929417,-1.5577955664033485,0.51335422803937536,0.02185121456160995
1,0,1152,45.877229412513621,31.399329759191733,0.44928495139190416,0,-0.015712836820646767,-1.8378445411666924,0.52733732229502894,0.033800439224556091
1,0,1153,45.909028734776108,31.501039433437569,0.44971583379569768,0,-0.014083625253685624,-2.100943260390709,0.54350270470798656,0.046396697477008045
1,0,1154,45.940733321980893,31.602347524058768,0.45016669590941866,0,-0.012071177269924373,-2.3375003414889255,0.56052457212496354,0.059152826426230903
1,0,1155,45.972328730337914,31.703192368888196,0.45063901649329191,0,-0.0097385172864374748,-2.5328305479347812,0.57703192833535311,0.071614073091093008
1,0,1156,46.003829701393556,31.80364940712218,0.45113588883440542,0,-0.0072322196039639785,-2.6857229203441304,0.59182556831450606,0.083432476275922471
1,0,1157,46.035229094528148,31.903717544291418,0.45163943864032635,0,-0.0046324898679983868,-2.7885022585004378,0.60371206003823874,0.09422588298036233
1,0,1158,46.066529584105922,32.003448504870676,0.45215689781673668,0,-0.0020346365143213458,-2.8393506139555247,0.61191081796168323,0.10370640221185735
1,0,1159,46.097735296511118,32.102900987678076,0.45266364205085802,0,0.00049100351023317868,-2.8389364003649353,0.6160722184442694,0.11170500289054316
1,0,1160,46.12883975284408,32.2021132181479,0.45315945812170821,0,1.19533018417668e-05,-2.9899393751595835,0.62194095561125384,0.11794715759737012
1,0,1161,46.159861013634838,32.30089317764736,0.45368529260714252,0,-0.0020078575424915257,-3.1617753882056112,0.6264494751910441,0.12334947327419719
1,0,1162,46.190778026151598,32.399390636442234,0.45420137135978034,0,-0.00058074365775592871,-3.0416040911081317,0.62111819640625632,0.12832669223616303
1,0,1163,46.221607868417067,32.497806260839674,0.45468332412193263,0,0.0010724254526609978,-2.8917829270249573,0.61416523034238835,0.13262760978452723
1,0,1164,46.252335907851972,32.596141783518767,0.45511414913501502,0,0.0029511111128302297,-2.7037210183632792,0.60508619566142607,0.13579775303327354
1,0,1165,46.282974869821814,32.694415087231846,0.45550889788650278,0,0.004984376113320671,-2.4784838023870255,0.59399337056518198,0.13768728071950639
1,0,1166,46.313515816604315,32.792623497413167,0.45585011469274361,0,0.0071387758138513752,-2.2084221658284453,0.58060066041628278,0.13790334844852903
1,0,1167,46.343966540898947,32.890765148669544,0.45615709204454608,0,0.0093523655029341003,-1.8932540692213593,0.5651717049504309,0.13634789212154746
1,0,1168,46.374322680945333,32.988821487389117,0.45641579926783987,0,0.011575984167985554,-1.527340587607154,0.5478447189938298,0.13274813194173837
1,0,1169,46.40458865469072,33.086764764072122,0.45665012179476255,0,0.013755363031013249,-1.1107243261417781,0.52924202180752178,0.12704346144644563
1,0,1170,46.434763098606957,33.184550114785118,0.45685198500383256,0,0.016334446556947137,-0.60823210075524292,0.50935528085463233,0.11909388339092947
1,0,1171,46.464849519600165,33.282117017495885,0.45705114108234551,0,0.015872514840407134,-0.3061803024942798,0.49538722432059684,0.10891072374060415
1,0,1172,46.494850296627234,33.379501206089898,0.45722394150744178,0,0.013771674454406956,-0.053968335864374266,0.48493344124989912,0.097030023442229218
1,0,1173,46.524766416356421,33.476687576677364,0.4573906830711405,0,0.010769159249032446,0.18054836777606359,0.48569865325504769,0.084345789687676545
1,0,1174,46.55459703557657,33.573638002371105,0.45754262329244721,0,0.007017678089374999,0.36713444457780231,0.49102080903022194,0.07166702799762327
1,0,1175,46.584343417816569,33.670313319500842,0.45770493882558527,0,0.0027091976157636762,0.47821082253974123,0.49689129512029923,0.059805539821637138
1,0,1176,46.614003619072477,33.766675035595128,0.45786868878632159,0,-0.00199635712086334,0.50222650391070844,0.5015000044107315,0.049490044947682048
1,0,1177,46.643581286034198,33.862709666488342,0.45805429459498043,0,-0.0069125264233460982,0.43671025027578675,0.50329432475348224,0.041303221850582245
1,0,1178,46.673072384605859,33.958381952758543,0.45825173846779238,0,-0.011892658567708698,0.27120491918913664,0.50098088603491486,0.035917891962704188
1,0,1179,46.702484409065903,34.053701564647767,0.45847713864425149,0,-0.016795853662889902,0.010109670610992225,0.49552293492391619,0.033572201825094856
1,0,1180,46.731809772156062,34.148604493160299,0.4587261164553938,0,-0.017098943490788169,-0.021793979306062625,0.49412864167601317,0.034926322285780263
1,0,1181,46.761058990122272,34.243363631152739,0.45896183594714757,0,-0.015944321085662117,-0.11190679549919649,0.48984809720537864,0.038754358274829898
1,0,1182,46.790220338978635,34.337897924376463,0.45918421911087143,0,-0.01640332633910763,-0.44490878564216407,0.49432311193243395,0.044429349529735575
1,0,1183,46.819310176163974,34.432173033017037,0.45941535649695131,0,-0.016512032043053789,-0.81191810169336243,0.50168204883397816,0.051441360647282955
1,0,1184,46.848313632647361,34.526091329607411,0.45966363431365992,0,-0.016262354484164399,-1.1967987232330695,0.51304487226983686,0.059873490110614713
1,0,1185,46.877245654197658,34.619671262727586,0.45993223394544652,0,-0.015774889289987101,-1.5813832839097546,0.52763450787476418,0.069307057283166412
1,0,1186,46.90609691664676,34.712821395551181,0.46024037946892893,0,-0.015084790832415157,-1.9562163822886312,0.54542099332461813,0.079679580517777168
1,0,1187,46.934874371377994,34.805540654030104,0.46058075639495105,0,-0.014267628493876217,-2.3156545202101837,0.56546439760662892,0.090742904084531811
1,0,1188,46.963577194597221,34.897792235286786,0.46097410686164625,0,-0.013378062731203726,-2.6547984409849135,0.5870062144966498,0.10234652878634314
1,0,1189,46.992203416594059,34.989543185473956,0.46141183120685703,0,-0.012465801040217299,-2.9700192222455719,0.60926114436290091,0.11436296901952944
1,0,1190,47.020761739393386,35.080838116973318,0.46190199215168992,0,-0.011765396190436756,-3.274418933269275,0.63190713434503754,0.1266528552096356
1,0,1191,47.049246247110091,35.171457011688055,0.46247307340705618,0,-0.015319570955195951,-3.8059821018472109,0.66277206027255797,0.14002476385849991
1,0,1192,47.077663685103545,35.2613824129633,0.46314042008915146,0,-0.012831898219948349,-3.9312043572696727,0.68074951317697752,0.15442320726916542
1,0,1193,47.106002435745879,35.351018251081143,0.46382044383374937,0,-0.0095583925349661241,-4.0105928137730347,0.69691887136600528,0.16903664638467145
1,0,1194,47.134268848266956,35.440440747436384,0.46449191117910382,0,-0.0056492812323062939,-4.0383139058333626,0.71011046647829135,0.18304822299147633
1,0,1195,47.162462146033896,35.529705684162856,0.46515695763988002,0,-0.0011951298904901422,-4.0041894196808885,0.71902964245083478,0.19570417376736698
1,0,1196,47.190575834508962,35.618869717533272,0.46578924521677323,0,0.0037363402757763157,-3.8918491423332657,0.72198628699208611,0.20612070768929217
1,0,1197,47.218620540136889,35.708005666620231,0.46638841918085583,0,0.0089754331343143649,-3.7019679972914994,0.71878845676330794,0.21399005233791946
1,0,1198,47.24658370064703,35.797175612244935,0.46693428281013732,0,0.014442969862293983,-3.4079034879873693,0.70733271137793396,0.21818547812603539
1,0,1199,47.274475775345209,35.88642042369252,0.46741785938166347,0,0.019984832087835323,-3.0113078329555156,0.68804104766741259,0.2186499500502346
1,0,1200,47.302296872445709,35.975765525518497,0.46784418587317461,0,0.024402411917728691,-2.5896537093976066,0.66328398945115663,0.21492600038592924
1,0,1201,47.330055122659566,36.065224838691677,0.46819670845105543,0,0.019713750184903959,-2.771426365498876,0.65208558376952641,0.20755250870776415
1,0,1202,47.357751739168727,36.154769520657247,0.46849380547038688,0,0.01984685481472229,-2.3940813298854229,0.62174535537385234,0.19813960464857341
1,0,1203,47.3853760461189,36.244497779844863,0.46871200018092157,0,0.019347879766574039,-1.9729818141422577,0.59053637686966798,0.18663342633032753
1,0,1204,47.412933777437871,36.334350735372297,0.46717189786763424,0,0.018318234433124497,-1.5213088895800209,0.55905402891981815,0.17355394762951085
1,0,1205,47.440428361217698,36.423787779794985,0.45248758485700041,0,0.016843951922406192,-1.0511425086045989,0.51809847377569707,0.15931617443601231
1,0,1206,47.4678503260062,36.507758495327337,0.39941069711246596,0,0.014934962214331967,-0.57524520076684493,0.44496445793473782,0.14415338690296511
1,0,1207,47.49521798808,36.580865581031084,0.34833805670058504,0,0.012750861438338229,-0.10985147482554269,0.37891245891309711,0.12859539773814718
1,0,1208,47.522535521267933,36.64274343329312,0.29935770259185746,0,0.010363552679063113,0.32803478346939147,0.33184415761370628,0.11296962629260235
1,0,1209,47.549808717760676,36.693188801323743,0.25245791634563058,0,0.0078650266523345499,0.70989496707988131,0.29523579987345761,0.097643877183172606
1,0,1210,47.577050015764577,36.733975442027059,0.20732825781740727,0,0.008536402438072738,1.2963450928423954,0.26872488689511842,0.082860148083136312
1,0,1211,47.604261857994707,36.76421233070149,0.16413491916437351,0,0.0065308630817711147,1.5726853762754607,0.24777497983446434,0.06840438364523109
1,0,1212,47.631455384835476,36.784807007335232,0.12265649093253404,0,0.0036752146648470997,1.7379848435618832,0.23585276904338734,0.054234613885427732
1,0,1213,47.658638137281841,36.796891445613127,0.082721624065467902,0,0.00058373612805671547,1.8428275689627855,0.2320840913563906,0.040776668613277132
1,0,1214,47.685815143551594,36.799459253860725,0.044493099785362464,0,-0.0026970942802206602,1.8731733238051382,0.23513157827232095,0.028689189309039416
1,0,1215,47.712992971131925,36.793933551808053,0.0087596928915394234,0.0010913328148252726,-0.0060680970144268032,1.8342099001027925,0.24129578744070615,0.018249035721101058
1,0,1216,47.74017674749139,36.780703021075347,0,0.027775397620247343,-0.0094574682783185194,1.7270503066176717,0.2474724370332235,0.0097323118478000025
1,0,1217,47.76737608925518,36.75460357809083,0,0.060872310619727393,-0.01277940288475842,1.5354649857203082,0.24777956733819428,0.0038933626374735605
1,0,1218,47.794596775076485,36.717838529493889,0,0.092039370891643796,-0.015974542729006683,1.274505968873308,0.24192666965771295,0.00053337680735529146
1,0,1219,47.821847795732339,36.670491725473248,0,0.12126751988446841,-0.018974067359178164,0.94268867545208668,0.2297157815636961,-2.8328952879539312e-05
1,0,1220,47.849141120845566,36.612234201046618,0,0.14855613596346251,-0.018705871777936943,0.77628594923103333,0.2205487220134271,0.0025757584561926553
1,0,1221,47.876478132806525,36.545191005581778,0,0.17428475591111883,-0.0161863004917513,0.66174494663063765,0.24095649067532718,0.0071548376073780669
1,0,1222,47.903870827307628,36.468942816912772,0,0.19837315029770927,-0.016025422377515981,0.25688063192921756,0.26851893353819728,0.013058552633667219
1,0,1223,47.931325845204768,36.384009386624207,0,0.22097929929190832,-0.015663008205830609,-0.17920919937302465,0.29882025059915024,0.020171942474903393
1,0,1224,47.958843424798182,36.291561497028681,0,0.24227171522562216,-0.015162344282903079,-0.63426971604718452,0.33650120531508454,0.028295473606066796
1,0,1225,47.986442166381018,36.190659929694576,0,0.26211263277585034,-0.014557537763902187,-1.0857345425287224,0.37465154366094083,0.037487467259492951
1,0,1226,48.01411791308842,36.082711978688664,0,0.28079333037074311,-0.013910615145276578,-1.5210553249854757,0.41282544706689389,0.047503648920351013
1,0,1227,48.041877804962482,35.967887284469363,0,0.29829616132863734,-0.013260969964638289,-1.9362233172100112,0.45075305520894998,0.058264476192081652
1,0,1228,48.069737412772831,35.845793105356471,0,0.31462339318263316,-0.012646843590116833,-2.3267811093401769,0.48824769558932424,0.069753996003709143
1,0,1229,48.09768791174811,35.717735617950453,0,0.32997751969235084,-0.012089110436774988,-2.6955499717410283,0.52518105551480898,0.081799045195226169
1,0,1230,48.125750212155111,35.583077310926747,0,0.3442530094717558,-0.012453055292017503,-3.0965004894361479,0.5687194079419684,0.094465203986714624
1,0,1231,48.15392208126103,35.442478071691319,0,0.35762737764669006,-0.013261486027248144,-3.4903246794566569,0.61325001392885203,0.10804683004914388
1,0,1232,48.182205178351502,35.296338540288573,0,0.37010584491907755,-0.01070233327067921,-3.6391008157802793,0.62674149680973301,0.1224442284386195
1,0,1233,48.210614705575452,35.144647381004695,0,0.38177944643876793,-0.0074478873933886483,-3.7394418267512983,0.63604682425508863,0.13689851250154092
1,0,1234,48.23913626113157,34.988445333644599,0,0.39278128903388243,-0.003672768615272372,-3.7917613609352863,0.66183057333145667,0.15073125892997169
1,0,1235,48.267797595719408,34.827103566530795,0,0.40304859998009784,0.00062212668976835579,-3.7783167453606112,0.68948949741850285,0.1630418578172475
1,0,1236,48.296581117435693,34.661646253146337,0,0.41277112568357843,0.0052541222726737551,-3.7027010228524428,0.70893733662932545,0.17345872820780073
1,0,1237,48.325505573255221,34.491836834922772,0,0.42188171918006928,0.010137164170913277,-3.5502210528842735,0.71776219131576535,0.18115395618795457
1,0,1238,48.354568538028694,34.318103032632528,0,0.43053737831309652,0.015131874472061883,-3.3170315733679248,0.71540556703417857,0.18574784099047956
1,0,1239,48.383775439194714,34.140614210084529,0,0.43868956992643282,0.020098957396683801,-2.9940308496861432,0.70069998663554001,0.18676986369518225
1,0,1240,48.413135887118209,33.959406973329351,0,0.44644739573132519,0.027373490118724097,-2.3652477129769496,0.66456165647626053,0.18368197918519122
1,0,1241,48.442644181561818,33.774824801072477,0,0.45378663927208851,0.029880649570627672,-2.027892484767861,0.63064706534806192,0.17610486645641005
1,0,1242,48.472330905695358,33.586632946490852,0,0.46076803503864289,0.028240719828121024,-1.8145877183327126,0.59845543335191609,0.16402150591066481
1,0,1243,48.502182784075025,33.395377180643713,0,0.46740590337958154,0.024779996193474648,-1.556776728429794,0.59031644136048145,0.14916433597809031
1,0,1244,48.532224804239164,33.200780347483068,0,0.4737539618377008,0.019458252159370651,-1.2732029163078615,0.58907378813259592,0.13260453149329049
1,0,1245,48.562438123567247,33.003229003150729,0,0.47979390363213043,0.01273610996189318,-0.99745199743417401,0.5897754886979959,0.115884997737203
1,0,1246,48.592847165610166,32.802300048078926,0,0.485552780223166,0.0047597973382747403,-0.77715806425025591,0.59486621207350165,0.10039562238994862
1,0,1247,48.62343707078108,32.598190556533154,0,0.49097185249374165,-0.0040110873436555337,-0.66490124497070324,0.60622237223483488,0.087327936443574172
1,0,1248,48.654227394307185,32.390522439456447,0,0.4960904837645016,-0.013298136015438684,-0.71813569931161991,0.62657006031246476,0.078075468490676564
1,0,1249,48.685214996236652,32.17932489320561,0,0.50081611045957997,-0.022741562193797658,-0.94098789051574627,0.65663587257814071,0.0735488084463084
1,0,1250,48.716408621634962,31.964453844577076,0,0.48635672517417916,-0.027731183863087854,-1.0559643194331036,0.6518897964912812,0.074622274946446743
1,0,1251,48.747813377791722,31.758972978857454,0,0.42563773752577228,-0.029594778898548522,-1.2389695035338757,0.60204038132793625,0.081151001950139343
1,0,1252,48.779400358438089,31.575818065522324,0,0.3654283463593207,-0.030108326961169409,-1.5554738960095333,0.55538811466469562,0.091489648368678816
1,0,1253,48.811173972625625,31.417840060190134,0,0.31035326428276849,-0.028870187425165863,-1.9405067087654413,0.51189778573423117,0.10510060483011363
1,0,1254,48.843087869184934,31.279997728350157,0,0.25938678965546363,-0.026293164055089444,-2.3304626822800256,0.46919199899900016,0.12054879639994909
1,0,1255,48.87513658961219,31.162893820189534,0,0.21267048070379171,-0.022445716621697268,-2.6890848949458692,0.42589191494646211,0.13701357812771589
1,0,1256,48.907294522101054,31.06423924034079,0,0.1697233637062889,-0.017619787969401807,-2.987580294610932,0.38065393482788001,0.15339901393195052
1,0,1257,48.939539810846966,30.981907272753567,0,0.13013412354985912,-0.012077705230074188,-3.2110514961265122,0.37895634241220011,0.16887737930821359
1,0,1258,48.971864470495824,30.916668641299903,0,0.094056351832931859,-0.0059985788875357758,-3.3331513281098073,0.40920660053714131,0.18234481366617181
1,0,1259,49.00424243796509,30.865172135043096,0,0.060803439655188703,0.00031570472546637782,-3.3571480422452527,0.42985321130057957,0.19331659842213419
1,0,1260,49.0366644124109,30.827335101901507,0,0.030378170111355254,0.00066958992689290862,-3.7207520239955891,0.44722857972843388,0.20101672290037398
1,0,1261,49.069131683382857,30.801771915703895,0.0029353093376506558,0.0054224987330893076,0.0025796339112860753,-3.7874565182359787,0.44913705950472632,0.20598302403417246
1,0,1262,49.10161980014378,30.786271999449252,0.023309441110467143,0,0.0050309159162172205,-3.7182172516935825,0.44334321243064434,0.20914637645471496
1,0,1263,49.134119610672236,30.778486105602603,0.047471524469763979,0,0.0070804846032873738,-3.5834058075020554,0.43103136882540632,0.21023669834217903
1,0,1264,49.166622831560296,30.777039944768582,0.070294422612987878,0,0.0087285876163600094,-3.3917760784359436,0.41300491992820426,0.20937880234058481
1,0,1265,49.199123512193971,30.781589864769245,0.091830102956416776,0,0.0099697397188303824,-3.1480277785863859,0.39017292324112418,0.20662832519870622
1,0,1266,49.231614195527619,30.792475226408698,0.11201608784039202,0,0.010762220132373441,-2.8526860431205083,0.36356614720148134,0.20187276703893156
1,0,1267,49.264090244922983,30.808649632541378,0.13107327597142013,0,0.011178341799800602,-2.5188049983972713,0.33544274199941776,0.19548671839478024
1,0,1268,49.296545283364438,30.830166781340285,0.14897430209211324,0,0.011225473185324028,-2.1520490686807774,0.30785572515700738,0.18753669424152755
1,0,1269,49.328973323056864,30.856725398577336,0.16579445534433385,0,0.010950887031681253,-1.7629214383454463,0.28353352678606442,0.17824447634156673
1,0,1270,49.361372273901132,30.887633310643892,0.18166933309364164,0,0.010142849189455339,-1.3866399735927974,0.26465217872524377,0.16794756284313839
1,0,1271,49.393739386394252,30.923054746248056,0.19655741420919567,0,0.005112111110903924,-1.3207092060934422,0.25745337923002293,0.15739497293965146
1,0,1272,49.426067111067361,30.962257230139329,0.21062396432599001,0,0.0035314311283138429,-0.97803740615056922,0.25470673288701684,0.14728260102388591
1,0,1273,49.458351507538197,31.005029619746313,0.22389463373119609,0,0.0021772664682203993,-0.67821023642787936,0.25838835164180773,0.13766823795560687
1,0,1274,49.490585030959068,31.051375324530628,0.23637705593292282,0,0.0011297200409790314,-0.42735666087113355,0.2660382489886523,0.12867794008748432
1,0,1275,49.52277046584031,31.100670059662221,0.24820241778967964,0,0.00038518963839827991,-0.21827895122631319,0.27528201167231886,0.12026303004294676
1,0,1276,49.554900036216225,31.153003321873793,0.25933898601348654,0,-1.253277590467029e-05,-0.050717564996172547,0.28499710724788485,0.11245707872115729
1,0,1277,49.586973465977387,31.208039790391748,0.26987218645492977,0,-8.4860127691466569e-05,0.084984956353379798,0.29674308097980728,0.10516148158641109
1,0,1278,49.618990692855178,31.265525235138931,0.27983914841216884,0,0.00013742741594331362,0.19811172513434544,0.3089040595837419,0.0982664880086907
1,0,1279,49.650942437620387,31.32557029293643,0.28922221640926299,0,0.00065286438043527634,0.29503596214897476,0.3201848257635545,0.091677078449250646
1,0,1280,49.682835404403541,31.38769852042698,0.29812592548982997,0,0.00097602884779550252,0.35056053419433314,0.3303377148587569,0.085234252694445192
1,0,1281,49.714663074662461,31.452007239545345,0.30651594560468554,0,-0.0012301421505848734,0.18979269053336287,0.33663539326523917,0.079181370786507846
1,0,1282,49.746425370080921,31.518254615792838,0.31445903003460574,0,-0.0016001234049031693,0.18551650808067796,0.34462033322566005,0.073778848964540567
1,0,1283,49.778122025642425,31.586275953637404,0.32197290754105889,0,-0.001861010327480805,0.16563280720197374,0.35177148715287387,0.0689707931656562
1,0,1284,49.809745291555586,31.656102294236387,0.32906008461178049,0,-0.0020080480742526849,0.1325269307704309,0.35817952858168745,0.064774741858977386
1,0,1285,49.841303005144468,31.727407890079551,0.33578930649830879,0,-0.0020632588167114187,0.090930027597118893,0.36405684587174975,0.061072964352195121
1,0,1286,49.872783805068757,31.800305894830149,0.34212653642262314,0,-0.0020251236713279552,0.043026450876123355,0.36945224758626288,0.05788235451688932
1,0,1287,49.904195193801883,31.874516642496189,0.34814519572978309,0,-0.0019178437698646688,-0.0074689122396438276,0.37477829703516657,0.055085614527483187
1,0,1288,49.93553175433334,31.950034689065955,0.35382931592260652,0,-0.0017512712936561172,-0.058143309058049548,0.38127673600788381,0.052648504276773513
1,0,1289,49.966792995046774,32.02675545875514,0.35921690584058413,0,-0.0015420648064440096,-0.10637284621026054,0.38753529023249689,0.050503081780405044
1,0,1290,49.997981710536827,32.104546369210382,0.36432111519431737,0,5.3042438221654678e-06,-0.036653140203778391,0.39154131355981542,0.048582098823294076
1,0,1291,50.02908921947315,32.183429883379972,0.36914585029196639,0,0.00025863613394218023,-0.086630704727900229,0.39733486461221812,0.046657856031115226
1,0,1292,50.060126670332309,32.26319158901358,0.37373578855560674,0,0.00016552752941851961,-0.14383165417543803,0.40299916503206845,0.04461683734746455
1,0,1293,50.091079537386477,32.343927909055623,0.37806260780175072,0,-0.00015451351548713803,-0.19620542921855311,0.40829080658375422,0.042566806661918241
1,0,1294,50.121961519726653,32.425412788873849,0.38218649182411429,0,-0.00064334558042028684,-0.24853619855396206,0.41337492517356339,0.040631034542052073
1,0,1295,50.152760883625966,32.507702317862226,0.38608065824245252,0,-0.0013002032451809326,-0.30517993376082386,0.41832916513162782,0.038960406890525982
1,0,1296,50.183485992443217,32.590651238840792,0.38979164969800129,0,-0.0020774300832831168,-0.36959914851039144,0.42328975395724461,0.037651287736991723
1,0,1297,50.214130363499372,32.674259137041531,0.39330277424522747,0,-0.0029538358828510919,-0.4458292036947567,0.42835235660052107,0.036849830188659206
1,0,1298,50.244697833540371,32.758435193119141,0.39664986068635527,0,-0.0038922000519674223,-0.53612786087157505,0.43363804812599016,0.036640094757153116
1,0,1299,50.275186308952158,32.843143725901392,0.39982380617008872,0,-0.0048655104626294183,-0.64279184972474812,0.43924650926644998,0.037126736251360738
1,0,1300,50.305595996083625,32.928327489913229,0.4028526836231387,0,-0.0057340299016551575,-0.75807994767146758,0.44513879912706955,0.038388402111500512
1,0,1301,50.335928057583601,33.013938198516293,0.40573120041346938,0,-0.0058026501947478527,-0.83013246179560796,0.45032753751508947,0.040422978778573995
1,0,1302,50.366179734467892,33.099964073052575,0.40847693825960418,0,-0.0053835094510776187,-0.89012774026436514,0.45548970655986848,0.043064928391515385
1,0,1303,50.396354627751784,33.186356503338423,0.41108598468305041,0,-0.004692403101780946,-0.94751938037749028,0.46075614893936168,0.046061856421339073
1,0,1304,50.426448437377857,33.273098814697924,0.41357574539048608,0,-0.0037589440932631604,-0.99536002658866984,0.46589305962840255,0.04918281781681548
1,0,1305,50.456466048880309,33.36014173812908,0.4159433069962552,0,-0.0026408745420768926,-1.028843120357527,0.47062366852043552,0.052210014935871976
1,0,1306,50.486402515516424,33.447474783441649,0.41820427766646068,0,-0.0013775751839775288,-1.0417234674930302,0.47461560948282266,0.054912705578882996
1,0,1307,50.516262936891607,33.535057859404851,0.42035409448400851,0,-2.3150803662359514e-05,-1.0314253593334053,0.4776340671054512,0.057131581293385983
1,0,1308,50.5460428426601,33.622882568051949,0.42240809905740945,0,0.0013787849876281232,-0.99314647974370951,0.47939666378725726,0.05865872711699395
1,0,1309,50.575746446641219,33.710919163457589,0.4243591578338009,0,0.0027849541858977673,-0.92608239241513157,0.4798124661625297,0.059393221338828107
1,0,1310,50.605370993775082,33.799156457685164,0.42622393281471965,0,0.0037038863316689952,-0.86603578974072359,0.47962739766678447,0.059195267371008137
1,0,1311,50.634919308832771,33.88756603989102,0.42799404137087699,0,0.0032136510346763431,-0.88107612547693004,0.48042713232540168,0.058213169047117964
1,0,1312,50.664390965838031,33.976126844674276,0.42968918472348039,0,0.0032368622304023409,-0.81218458988351172,0.47909805686996487,0.056696341723013806
1,0,1313,50.693784846895454,34.064831195413802,0.43129577624036919,0,0.0030682246224426487,-0.73496346731154605,0.47746764147791698,0.054742514546382549
1,0,1314,50.723104529887507,34.153652078886687,0.432835575857342,0,0.0027390518511848281,-0.65431747976801924,0.47581363171166241,0.052489075531974128
1,0,1315,50.752344736594516,34.242578182543156,0.43429517485850538,0,0.0022651054325457417,-0.5745792011049452,0.47432897545747188,0.050038000858431082
1,0,1316,50.781513931484341,34.331577799868349,0.43569727960335897,0,0.0016891278659663077,-0.49964987411370188,0.47314457394049098,0.047522918587520453
1,0,1317,50.810601464387766,34.420641615310018,0.43702878832401787,0,0.0010279444923377893,-0.43432112881430424,0.47239082465691579,0.045056207451846894
1,0,1318,50.83962111426365,34.509740756292388,0.43830973062846479,0,0.00032257542612921814,-0.37990842817042492,0.47203702492115091,0.042724702175333348
1,0,1319,50.868557799511649,34.598864325368758,0.43953147472877474,0,-0.0004053582252200565,-0.34169815909612866,0.47217498426520915,0.040663482312966438
1,0,1320,50.897426447170474,34.687992729515365,0.4407045745198131,0,-0.001927984334954241,-0.38567678031023961,0.4741013426912567,0.038899560839235042
1,0,1321,50.926217064780616,34.777102388604504,0.44183529336269833,0,-0.0024397580753132003,-0.35995565701324039,0.47462787219086633,0.03765894356831391
1,0,1322,50.954936123082845,34.86619431707971,0.44291504564686451,0,-0.002587404190735291,-0.33499021883763874,0.47517827941430635,0.036947061850526271
1,0,1323,50.983582027825229,34.955258178209341,0.44395969562459131,0,-0.0025022299412100764,-0.32016883346379771,0.47595017332813877,0.036655002158517656
1,0,1324,51.012152515843738,35.044284660146133,0.44495663192284818,0,-0.0021906727904040723,-0.31131229425205692,0.47684652880525963,0.03665489221845529
1,0,1325,51.040655689369189,35.133268498601836,0.44592243159404582,0,-0.0016955796324525073,-0.30348028082313055,0.47777561304464283,0.036783885657247113
1,0,1326,51.069079102588553,35.222193269468121,0.44684669739703309,0,-0.0010119856726927882,-0.29160927430015915,0.47861493897771995,0.036903599546389033
1,0,1327,51.097436982857246,35.311061008247847,0.44773848594988652,0,-0.00020085989404002914,-0.27226784158319706,0.47926963546287421,0.03688344280909276
1,0,1328,51.125719394435855,35.399854828733908,0.44860093280858071,0,0.000723889311780025,-0.24008589958226778,0.47959014686129259,0.03656017222060199
1,0,1329,51.153932356574202,35.488573152143772,0.44942640873193196,0,0.0017214024937994938,-0.19280705858932667,0.479486595838582,0.035834083026307688
1,0,1330,51.18207701969515,35.577208736247222,0.45023042036697736,0,0.0026798543390290463,-0.13534664759094928,0.47905095410298493,0.034605156001367814
1,0,1331,51.210146909914421,35.665748078644462,0.45100150368174913,0,0.0026745362421533368,-0.13809498149640795,0.47972012812601383,0.032807024510167253
1,0,1332,51.238153090720616,35.754201735761058,0.4517492801726728,0,0.0026127172607343305,-0.11985609296468719,0.47987265948759533,0.030642646963933252
1,0,1333,51.266085059734294,35.842550834406794,0.45247376588897198,0,0.0023315364097923142,-0.097682803098358875,0.4799159221575145,0.02819918275697084
1,0,1334,51.293950671164772,35.930801559316038,0.45316815674734207,0,0.0018718797087835743,-0.075832129136409868,0.47997797285989169,0.025644895294679098
1,0,1335,51.321750338885472,36.018948346522826,0.45384681954915457,0,0.0012566880744495842,-0.058112116423293642,0.48017632217704304,0.023113902181181811
1,0,1336,51.34947687235222,36.106974646763547,0.45449945607890208,0,0.00049839827432773235,-0.049182831341528913,0.48060764568568454,0.020760357057797989
1,0,1337,51.377141169496284,36.194892021133313,0.4551335876251601,0,-0.00035454638629642027,-0.051237264408511028,0.48129696625574125,0.018681709132487182
1,0,1338,51.404735173196983,36.282680506776238,0.45575261964317615,0,-0.0012833541452620214,-0.069067095753275076,0.48232227033356423,0.017041522854215226
1,0,1339,51.432262586130022,36.370341369138039,0.45634832009949949,0,-0.0022544336859038985,-0.10442778831297664,0.48368273182274013,0.015929642463995246
1,0,1340,51.459728705686878,36.457878563572741,0.45693339448610515,0,-0.003239729280239986,-0.1576906665783131,0.4853857600542022,0.015391921568520737
1,0,1341,51.487121259030765,36.545264419377837,0.45750247909576941,0,-0.0029727941506343253,-0.13166709919192465,0.48536913312884533,0.015503167992177177
1,0,1342,51.514452685137918,36.63252881105241,0.45805223303428433,0,-0.0030589898184963894,-0.16333321124095476,0.48655751810236408,0.016027096199371985
1,0,1343,51.541720739271803,36.719659693986713,0.45859319562501527,0,-0.0030008368448038508,-0.20168052537851996,0.48791985256835668,0.016909386697668463
1,0,1344,51.568919164873677,36.806641488023061,0.45911678422221286,0,-0.0027953894881122521,-0.24395561725272116,0.48942678665401546,0.018085852546578265
1,0,1345,51.596057894869219,36.893491723128363,0.45962752699135234,0,-0.0024768436863346595,-0.28667676026179378,0.49101318445096048,0.019426180730683962
1,0,1346,51.623131762675634,36.980195967957215,0.46013030195087123,0,-0.0020520574863422984,-0.32693764958777788,0.49262672142569353,0.020851686561924727
1,0,1347,51.650139762467035,37.066749468242847,0.46061682173721935,0,-0.0015390355203429272,-0.36175932496635915,0.49417633727651128,0.022266471324150917
1,0,1348,51.6770889952491,37.15316518899774,0.46109439642889832,0,-0.00096544616596888329,-0.38940056489046887,0.49559309251234274,0.023589970683816183
1,0,1349,51.703972867867584,37.239418202007599,0.46085520611600883,0,-0.00034515522970259932,-0.4068048782141227,0.49608447446337084,0.024726424353487923
1,0,1350,51.730793734017645,37.325271255815125,0.4537514292982423,0,-0.00033587831978107625,-0.46675891416082738,0.49077370132787845,0.025614444558058804
1,0,1351,51.757557636131317,37.409191183985271,0.43816176320294614,0,-0.00044781347280773684,-0.51943293673336333,0.47691868861856712,0.026365045982452245
1,0,1352,51.784259649919917,37.489270931472028,0.4221458137055954,0,-0.00010972898195905964,-0.52263885222885931,0.46142198099188941,0.02705884065888349
1,0,1353,51.810905632380738,37.565704739231307,0.40685905215373819,0,0.00025099716066013611,-0.5173710489954102,0.44632405268180309,0.027645917931743941
1,0,1354,51.837501825963386,37.638900064645021,0.39221998707099548,0,0.00062556978198734941,-0.50380422357749022,0.4315645649682005,0.028083529190590886
1,0,1355,51.864044814808565,37.708636189808885,0.37827276203822374,0,0.0010072459693845725,-0.48054964948494772,0.41715194266247163,0.028301940500140649
1,0,1356,51.8905393357104,37.775222398120306,0.36495552037593942,0,0.0013877605762780507,-0.44776357558717356,0.40304707680615759,0.028266870077380372
1,0,1357,51.91699085828035,37.839015111449271,0.35219697771014657,0,0.0017606013591302471,-0.4059970586202904,0.3892157004083055,0.027963615511824753
1,0,1358,51.943397141541475,37.899869443933142,0.34002611121337162,0,0.0021182249367920074,-0.35432257963894437,0.37568419107304452,0.027334748400352091
1,0,1359,51.96976084752896,37.957958535561197,0.32840829288776108,0,0.0024547665192569106,-0.29299374922540489,0.36246065611778916,0.026360642552320169
1,0,1360,51.996087306856431,38.013630698655106,0.3172738602689788,0,0.0042509983845810118,-0.095380202110103562,0.3475654377429776,0.025052418533858208
1,0,1361,52.022375412966774,38.066816830414325,0.30663663391713575,0,0.004496372972275506,-0.031086694810643706,0.33524487075977494,0.023143051844240051
1,0,1362,52.048625833962234,38.117541394891475,0.29649172102170557,0,0.0039676284001780634,-0.0045346296330206438,0.32407894362814688,0.020563771742072755
1,0,1363,52.074844195711151,38.166172742914888,0.28676545141702214,0,0.0031151015061047522,0.01751898453395425,0.31385821608602144,0.017646982218810215
1,0,1364,52.101030847098322,38.21273664002225,0.27745267199554996,0,0.0019589401205557418,0.029274719316828821,0.30431860390641557,0.014650829790212407
1,0,1365,52.127183504999543,38.257086256973402,0.26858274860532044,0,0.00050890811961252916,0.021992664411510286,0.29522328345902421,0.011890683919205535
1,0,1366,52.153308166847694,38.299611717982444,0.26007765640351088,0,-0.0011483358564306817,-0.0069609117401103395,0.28665034449615773,0.0096014916397960011
1,0,1367,52.179405963630714,38.340383549002048,0.25192329019959098,0,-0.0029691216272117161,-0.061965605393404927,0.27911341087673541,0.0080034731195432057
1,0,1368,52.205473808167291,38.379191246224501,0.24416175075509997,0,-0.0049213571751179274,-0.15269889696186342,0.27229017340952022,0.007487056174587196
1,0,1369,52.231516884562005,38.416361605866634,0.23672767882667373,0,-0.0069365992069123257,-0.27830028352054614,0.26587420689106428,0.0081256754829072304
1,0,1370,52.257536755545246,38.45198101039508,0.22960379792098448,0,-0.0075827585347121957,-0.32804790554863372,0.25850803126874211,0.010062176469422812
1,0,1371,52.283531955948135,38.485982209652612,0.22280355806947866,0,-0.0079274643452753348,-0.41016081148442801,0.25176348521737291,0.013297880702774477
1,0,1372,52.309504417219578,38.518482456637656,0.21630350867246906,0,-0.0080161183507550821,-0.51775334493954939,0.24599218587540433,0.017432022481255
1,0,1373,52.335456703825891,38.549647341270138,0.21007053174597207,0,-0.0078198266494879029,-0.63743305624438817,0.24142328436321464,0.022220234778328404
1,0,1374,52.361388818154111,38.579474609717685,0.20410507805646322,0,-0.007347866459945375,-0.76357167657552716,0.23841131426224121,0.02751366337167821
1,0,1375,52.387299838484942,38.607900190721608,0.19841996185567812,0,-0.006607378136567167,-0.88990243207266873,0.23727165973290681,0.033144884177585855
1,0,1376,52.413193201634733,38.635150295279701,0.19296994094406028,0,-0.005665502353670456,-1.0107205754105677,0.23768819309059147,0.038885284106617887
1,0,1377,52.43906958380304,38.661268908233332,0.18774621835333347,0,-0.0045549276175818436,-1.1214161257890107,0.23937969646451077,0.044573491492791287
1,0,1378,52.464927193323938,38.686137202636495,0.1827725594727011,0,-0.0032944908910999431,-1.215055210620122,0.24195659509791631,0.049998608022688629
1,0,1379,52.490768807819826,38.709942840130878,0.17801143197382449,0,-0.0019414351190558995,-1.2893978663375556,0.24468176441831374,0.055019758035755532
1,0,1380,52.516595595109237,38.732761279940377,0.17344774401192495,0,-0.0025719104243600061,-1.5069793349957752,0.2489764309021571,0.05951480110716563
1,0,1381,52.542408159356754,38.754499331681465,0.16910013366370785,0,-0.0020135818670288883,-1.5915345312352096,0.25135442906932481,0.063671945958494736
1,0,1382,52.568205816881509,38.775235056340428,0.16495298873191433,0,-0.00099696297841004732,-1.6233473344139611,0.25274345119177144,0.067674963581369124
1,0,1383,52.593990418058219,38.795121974000232,0.16097560519995424,0,0.00010896179965444208,-1.63377376601941,0.25323871754452143,0.071382015296389184
1,0,1384,52.619762431962492,38.814202089102508,0.1571595821794986,0,0.0012833330800091731,-1.6213178787404121,0.25252456577496618,0.074638391953126285
1,0,1385,52.645520261627844,38.832389208116126,0.15352215837677488,0,0.0025087103879047846,-1.5800856423162446,0.25001005823716932,0.077175666252594588
1,0,1386,52.671266437670177,38.849856302197111,0.15002873956057758,0,0.0037521973051823729,-1.5127364127205996,0.24568744382140931,0.07895200663579946
1,0,1387,52.697001475986575,38.866646164063006,0.1466707671873993,0,0.0049916094953609842,-1.4183834296965452,0.23940788311587882,0.079863751214869022
1,0,1388,52.72272490502354,38.88274074589453,0.14345185082109455,0,0.0062016895888007259,-1.2936616011181648,0.23090857755416649,0.079727324756224544
1,0,1389,52.748437146042917,38.898173032688355,0.14036539346232932,0,0.0073576977559942029,-1.1375599041967968,0.22020277227716545,0.078442243758170119
1,0,1390,52.77413976722319,38.913030329654589,0.13739393406908282,0,0.0072571069031977182,-1.0544114541235179,0.20865283898005002,0.07605281372946579
1,0,1391,52.799833901175411,38.927329899766946,0.13453402004661108,0,0.006994902057463559,-0.94041685963251498,0.19569393681137953,0.072754172612093174
1,0,1392,52.82551795616542,38.941009027197055,0.131798194560589,0,0.0068032810687973615,-0.7839283187599263,0.18209918607700526,0.068737551350236251
1,0,1393,52.851193607301262,38.954180025134733,0.12916399497305439,0,0.0064484411492374124,-0.61888418557362146,0.16902136108000942,0.064235447466584064
1,0,1394,52.87686119985522,38.966859928051221,0.12662801438975638,0,0.0059508767775173646,-0.4491064535439977,0.15715449146723273,0.059350054436293806
1,0,1395,52.90252042061217,38.979023113548678,0.12419537729026464,0,0.005324951983384122,-0.27871520848346742,0.14732138699243899,0.05416870343150771
1,0,1396,52.928171462057747,38.990673152140332,0.12186536957193454,0,0.0045981687681881387,-0.11248545791779763,0.14010542029619771,0.048811158473727072
1,0,1397,52.953815364694009,39.001867614197565,0.11962647716048781,0,0.0038072950502504445,0.045749919118739997,0.136161860666109,0.043400859561916395
1,0,1398,52.979452391439004,39.012616646987297,0.11747667060254086,0,0.0029776636065209252,0.19145800636871277,0.13553683469466743,0.038030358152816537
1,0,1399,53.005081765495987,39.022862649507445,0.11542747009851187,0,0.0021351391301304159,0.31835033939599494,0.13691152773303442,0.032817814241838758
1,0,1400,53.030704728804125,39.032683099926295,0.11346338001474182,0,0.0013843979680574156,0.43377326297841651,0.13923206626438717,0.027827821343083394
1,0,1401,53.056321633097077,39.042098631494163,0.11158027370116841,0,0.00065258968848128812,0.52860766011836646,0.14182837016109748,0.023102118791199312
1,0,1402,53.081932395373812,39.051102109845701,0.10977957803085983,0,-0.00010691037957030935,0.5968498339314825,0.14414644568794768,0.018704855208192907
1,0,1403,53.10753698577728,39.05969297803405,0.10806140439319002,0,-0.00080882463975271324,0.64377612560861197,0.14574639368037026,0.014717721068573416
1,0,1404,53.133136294548976,39.067933202815006,0.10641335943699898,0,-0.0014457801419825278,0.67195661744838531,0.14642365132123564,0.011142504925397378
1,0,1405,53.158730529241396,39.075839483350144,0.10483210332997094,0,-0.002008266902286848,0.68198920997506629,0.14603912084196879,0.0080082207288001139
1,0,1406,53.184319241650392,39.083386476603366,0.10332270467932693,0,-0.0024771624162974117,0.67247823820279917,0.14439569861355894,0.0053988727056300014
1,0,1407,53.209903130778613,39.090623475115791,0.10187530497684234,0,-0.0028555097060492672,0.64642549351534795,0.14165788933696669,0.0032778974197256367
1,0,1408,53.235482574123758,39.097577781244993,0.10048444375100216,0,-0.0031450656320301759,0.60587025547929418,0.13799403232069887,0.0016235699372890726
1,0,1409,53.261057605739751,39.104254083550643,0.099149183289871837,0,-0.0033434530887278481,0.55193976555116497,0.13356300925827574,0.00043989811352385469
1,0,1410,53.286627968475976,39.11063809256887,0.097872381486226095,0,-0.002346044201224242,0.57862430999837378,0.12914227079255541,-0.00029044282176678572
1,0,1411,53.312194450517154,39.116764711768582,0.096647057646284312,0,-0.00020745991859860962,0.67569451299631988,0.12518852616691226,-0.001067534805518245
1,0,1412,53.33775721147277,39.122646998825687,0.09547060023486334,0,-0.00048540347030343251,0.55951185399961012,0.12058647431333619,-0.0021744728291268963
1,0,1413,53.363315998548934,39.128289287300497,0.094342142539900836,0,-0.0010926211084625983,0.43262201745367995,0.11662333074473619,-0.0033478785769574587
1,0,1414,53.388871063333134,39.133705933678826,0.09325881326423506,0,-0.0020049478257446944,0.29197972453707433,0.11300843925953349,-0.0042935055560679395
1,0,1415,53.414422774947994,39.138916061926814,0.092216787614637849,0,-0.0031799543656643339,0.13539181194038924,0.10952942133847843,-0.0047755995213067531
1,0,1416,53.439971262843237,39.143920800039645,0.091215839992071959,0,-0.0045899719964173332,-0.038724618946309498,0.10648818914329598,-0.0045698146114774895
1,0,1417,53.465516176683757,39.148680796888549,0.090263840622290023,0,-0.0062320917745761267,-0.237476040566762,0.10511539875035196,-0.0032663386886627229
1,0,1418,53.491058294516669,39.15322587816398,0.089354824367203892,0,-0.0080302488382979556,-0.46116477184086913,0.10633923544432142,-0.00080103939020537585
1,0,1419,53.516597887148606,39.157545770694952,0.088490845861009221,0,-0.0099474255524754102,-0.7124904619440513,0.13022570115868085,0.0030077837847109204
1,0,1420,53.542135156774535,39.161607343753872,0.087678531249225367,0,-0.011822545750191222,-0.98513798978311129,0.16480726887628394,0.0084397773142794313
1,0,1421,53.567670380993555,39.165391633407673,0.086921673318465398,0,-0.012049690482072887,-1.1642381687832768,0.1751421513026066,0.01562843211112417
1,0,1422,53.593203826422695,39.168974925989573,0.086205014802085755,0,-0.011371267821288941,-1.315116637146748,0.17578269704070051,0.024082844015127523
1,0,1423,53.618735452199751,39.172378262119544,0.085524347576091245,0,-0.010161158278888836,-1.4606664830102141,0.17298414346532551,0.033378434139882167
1,0,1424,53.644264865878959,39.17558562753382,0.08488287449323588,0,-0.0083974288541554427,-1.5898626991692684,0.16904963307092202,0.04309897843624548
1,0,1425,53.66979207819594,39.178621988000266,0.084275602399947594,0,-0.0061862453684335076,-1.6947056716965962,0.18203643873793071,0.052729263151146601
1,0,1426,53.695317009957243,39.181502885304667,0.083699422939066903,0,-0.0036056506770811647,-1.7682462348111945,0.20152478887904804,0.061864420695607068
1,0,1427,53.720839452158714,39.184235482636552,0.083152903472690123,0,-0.00071290477648677764,-1.802193017897654,0.21872499480755364,0.070097413128294997
1,0,1428,53.746358980466525,39.186819496317547,0.082636100736491538,0,0.0024410743968950647,-1.7833460614279042,0.23168338087565954,0.076864359805191976
1,0,1429,53.771875941809917,39.189292108148706,0.082141578370259691,0,0.0057426241457144847,-1.7119810838121188,0.23974881356731068,0.081996309355322941
1,0,1430,53.797390497101325,39.191669776327608,0.08166604473447929,0,0.006191151670740476,-1.8291592428475947,0.24494628080750416,0.085208869121943295
1,0,1431,53.822905207512889,39.19384638906871,0.076596317850317827,0,0.0072020523790931375,-1.8147145894728287,0.24128989699169884,0.086600040827049904
1,0,1432,53.848419102502589,39.194474356977608,0.052298443935017029,0,0.0081730299992516606,-1.740625787917532,0.22566941386775755,0.086710843068381047
1,0,1433,53.873934138830187,39.190070773734249,0.018460672881855111,0,0.008875338084759982,-1.6354696144222254,0.20722968143601905,0.085725468971399266
1,0,1434,53.899453894352483,39.179083389790719,0.00028172294592617418,0.015331520208822546,0.0093078860847169553,-1.5031018564725187,0.19193950788698849,0.083710804020600993
1,0,1435,53.924985177601769,39.158123447752544,0,0.046740046590092545,0.0094352586239979889,-1.3432789656914317,0.17806574213842968,0.08061252130353852
1,0,1436,53.950533059461947,39.127233404859346,0,0.076626607904270269,0.0093097758092448354,-1.1625021800405932,0.16532025778193385,0.076677656078861345
1,0,1437,53.976103116120946,39.087090124342055,0,0.10481638302726502,0.008954658362853694,-0.96513735925365041,0.15830063115579399,0.072032251835636649
1,0,1438,54.001702633720114,39.03773353188933,0,0.13132225460849678,0.0083831251739207788,-0.75516457342566978,0.18442212378406914,0.066768932993163485
1,0,1439,54.027340172221557,38.979114808507859,0,0.15616725040488003,0.0076150889189403326,-0.5378018227019179,0.21339305608423945,0.061003582864344943
1,0,1440,54.053016990289713,38.912717737903925,0,0.17963855320537336,0.0067061781383446917,-0.31948827582707462,0.23982882522341617,0.054933408390171558
1,0,1441,54.078737773866209,38.838918578397568,0,0.20178542623143347,0.0056888249359698072,-0.10541750542955558,0.2638967871710805,0.048684821895097277
1,0,1442,54.104514584172826,38.757120071551633,0,0.22251893093374814,0.0045908674271767959,0.096615325660986767,0.2884689925965499,0.042390561049690731
1,0,1443,54.130347493628477,38.66842669563048,0,0.24207714400082619,0.0034589979616886112,0.27930477489149758,0.31434305345928981,0.036191107596608145
1,0,1444,54.156238644295442,38.573419715042121,0,0.26054403578586827,0.0023272128985983983,0.43950757049330819,0.33863396562812309,0.030191301262414698
1,0,1445,54.182196579508158,38.472000703340449,0,0.27790476511252371,0.0012277143877417733,0.5740473651529876,0.36118543365269656,0.024508045233256066
1,0,1446,54.208229300114091,38.364218725443855,0,0.29420747963244043,0.00019315755381585676,0.68077506667962429,0.38192954482708258,0.019251914959745143
1,0,1447,54.234333023493207,38.251027777154597,0,0.30962351293502083,-0.00076018439585998781,0.76246348390103336,0.40106272819023792,0.01444498388663976
1,0,1448,54.260512572709608,38.132591589659057,0,0.32416287287981677,-0.0016135413707936389,0.81908957355958134,0.41855384538549556,0.010141163684522383
1,0,1449,54.286784650806375,38.008395621759433,0,0.33777120232139035,-0.0023335024350699951,0.84776567088853472,0.43422551340569254,0.0064612361239056856
1,0,1450,54.313139326683178,37.879542403890639,0,0.3506662691297267,-0.0036090069111411952,0.79737631920190133,0.44670481602348966,0.0033355505100337774
1,0,1451,54.339579866768503,37.746231915012238,0,0.36284574242582163,-0.0043950875843673251,0.76222086057925864,0.45887579393857353,0.00089204654288948355
1,0,1452,54.366126473694621,37.607894905237956,0,0.37424502466107157,-0.0045382154968558021,0.73823391240724057,0.47057669609264474,-0.00068078926575051643
1,0,1453,54.392767499665645,37.465454910074229,0,0.38505931780453562,-0.0044307252575160588,0.6994408819987058,0.4812012229317344,-0.0016302712375508015
1,0,1454,54.419504845346417,37.319117125881668,0,0.39527772170231779,-0.0040893171705883207,0.64975835872401977,0.49084320427564249,-0.0020893723783235243
1,0,1455,54.44636074196211,37.168357662583013,0,0.40484711615602459,-0.0034965426391274017,0.59277669685897116,0.49953887508963685,-0.002143145057904586
1,0,1456,54.47332141913725,37.013974190207222,0,0.41393938357387189,-0.0027173714096312557,0.53470043154664937,0.50765595123672291,-0.0020049775097361403
1,0,1457,54.500389507524879,36.856098724767072,0,0.42252449934072972,-0.0017816677284330695,0.48020176705611511,0.51530430900578972,-0.0018118004131335661
1,0,1458,54.527588711297945,36.694256085624339,0,0.4305744295101675,-0.00070340840566200864,0.43606608730173552,0.52265482119546336,-0.001730683316373929
1,0,1459,54.554900792037479,36.529214068810909,0,0.43823021003606749,0.00045669896400989758,0.40537662341797964,0.52996479859229795,-0.0018834556005143052
1,0,1460,54.582336437185567,36.36086382860325,0,0.44543457024539573,0.0013950508307658529,0.37082557022983048,0.53654048181002756,-0.0023966716992320958
1,0,1461,54.60990863650899,36.189087729108806,0,0.45223342081453344,0.00032584852857007757,0.20187535725073924,0.53762825755797472,-0.003116734092619445
1,0,1462,54.637603019875513,36.014422182076238,0,0.45868802986622931,0.00091301943922291926,0.19745333982990726,0.54399292913325048,-0.003819784335074398
1,0,1463,54.665441715990355,35.836519918034291,0,0.46474161378666229,0.0015373048945241266,0.20780829441878571,0.55036917215927905,-0.0046371484527656503
1,0,1464,54.693417603012797,35.655706517297418,0,0.47050580827863059,0.0021798708742129182,0.23283172210030834,0.55688749086484868,-0.0056520425687761775
1,0,1465,54.72153054191233,35.472118980947549,0,0.47593954672231825,0.0028253576229793219,0.27275305499286367,0.56353983243785755,-0.0069347006569414251
1,0,1466,54.749802858899749,35.285474015651161,0,0.48106707804063609,0.003457715442267667,0.32982355776939809,0.57044967240668054,-0.0085949340278838934
1,0,1467,54.778213113266396,35.096299355482586,0,0.485945613745491,0.0040664338802376028,0.40120986209794007,0.57760962316155018,-0.010624271843239316
1,0,1468,54.806790148328716,34.904205680819821,0,0.49051602385005083,0.0046346323768071927,0.48880402609153589,0.58506472186041736,-0.013132561692673302
1,0,1469,54.835518572761032,34.709575116561247,0,0.49489502821709958,0.0051577007179879021,0.58979050236255093,0.59285969826448048,-0.016091419907984548
1,0,1470,54.864411695792434,34.512286366486563,0,0.49899646626854027,0.0049723309984385433,0.65127184076017652,0.5986435871695589,-0.019518551405921646
1,0,1471,54.893473261833336,34.312419976873599,0,0.5029218826657087,0.0028374000068090363,0.58578088013740581,0.59849225919877513,-0.023044930536640133
1,0,1472,54.92269959205187,34.110129313530685,0,0.50662405431973001,0.0028001397010642168,0.7005508029657862,0.60590244908063862,-0.026327822536658968
1,0,1473,54.95211028503136,33.905192847111834,0,0.5101507159640184,0.002916535420489193,0.81215620851264836,0.61329257111700286,-0.029466794461221392
1,0,1474,54.981688805812809,33.697919918754209,0,0.51348656254134017,0.0031675901265418548,0.92186166557662375,0.62067328026473845,-0.0325744237057317
1,0,1475,55.011465052676968,33.487990502383909,0,0.51665635177186453,0.0035647102833601882,1.0309968343485796,0.62815869945960923,-0.03575233161579694
1,0,1476,55.04141522293142,33.275786485110139,0,0.5196640369232659,0.0040746841825648689,1.1413737491986375,0.63578322123684428,-0.039082190656229303
1,0,1477,55.071573907767245,33.060939249029076,0,0.52252219508292541,0.0046980704236810611,1.2553092904013665,0.64369234822324706,-0.042688518824691588
1,0,1478,55.101916180027295,32.843817861051328,0,0.52523271018429196,0.005399398903799116,1.3741431988144599,0.6519036289410729,-0.046614562510651929
1,0,1479,55.132474868246064,32.624086774443164,0,0.52781850644750328,0.0061672308677721173,1.50040308391111,0.66058368678339197,-0.05098933876713041
1,0,1480,55.163230261302267,32.402025510310708,0,0.53025785705211692,0.0049947998381114963,1.4774064732596524,0.66239005410683949,-0.0557507459653587
1,0,1481,55.194200970005852,32.177622838912356,0,0.53264637484843558,-0.0046956257755917169,0.85055208175762076,0.63374528639353733,-0.059414915330500195
1,0,1482,55.225386540168309,31.950997688456962,0,0.53492513428110156,-0.0035767489286796109,1.0794728651922205,0.64356224061872436,-0.060985355430900112
1,0,1483,55.256794899844763,31.721931752208238,0,0.53714791808252127,-0.0012067049114879512,1.290008498794655,0.65526128341902989,-0.061409709550846452
1,0,1484,55.288442370006244,31.490275982196863,0,0.53922104190933329,0.0023226409916817558,1.503240654623432,0.67014202288374713,-0.061637309853296032
1,0,1485,55.320311000206566,31.256225638720018,0,0.54123499682386089,0.0067480101234448434,1.7380817342147938,0.68905326192607874,-0.062485337554947978
1,0,1486,55.352444584337249,31.019263391729396,0,0.54311496569703099,0.012001565253625552,2.0214272563290994,0.71393899939995609,-0.065023524567384874
1,0,1487,55.384816030934317,30.779612836014994,0,0.54484430616971979,0.017774658815571619,2.364436797250288,0.7450794115774132,-0.069830376671312949
1,0,1488,55.417445414232624,30.536964628785505,0,0.54645718413765942,0.023909912627227078,2.7813273192486836,0.78366803065960555,-0.077691489506551095
1,0,1489,55.450353704836566,30.290934351592774,0,0.54783137416607208,0.030214501626688609,3.2803792561273588,0.83057358339184595,-0.089430488407282363
1,0,1490,55.483526726261601,30.042042939110427,0,0.5300615118019063,0.033341991421827331,3.6609859049356888,0.84483968846531399,-0.10514190158661506
1,0,1491,55.516968044206067,29.804984482714168,0,0.45715852499569959,0.021403552715521992,3.3070086866705828,0.70706186595415432,-0.12324487723661842
1,0,1492,55.550666134063519,29.598459007673846,0,0.39047413020488592,0.021101593316242784,3.759955917116133,0.67530390339874447,-0.14130123344465415
1,0,1493,55.584582922046351,29.417726269359701,0,0.32906149574000931,0.020924149204502546,4.1894676763706942,0.65154890109271479,-0.15942834438703898
1,0,1494,55.618699800227581,29.261649002789003,0,0.27579084855579805,0.020917196332843297,4.5938466741298098,0.64024577313161113,-0.17767895585949259
1,0,1495,55.653001647548493,29.127004476267739,0,0.25388130194125053,0.02112780873927202,4.9683216408894273,0.66022683346971955,-0.19614498554307147
1,0,1496,55.687463050709411,28.994543966627024,0,0.27493891443052054,0.021558410506101421,5.3154440508188268,0.71574954570649219,-0.21492207697839394
1,0,1497,55.72209336429114,28.851043860638406,0,0.29716264068446258,0.022205348537032779,5.647271118021119,0.77240003749500064,-0.23415036860860197
1,0,1498,55.756919245456317,28.695704640649925,0,0.31751464943602919,0.023058983255946203,5.9660954325658739,0.8275992378507987,-0.2540288924687909
1,0,1499,55.79195528378969,28.529311755061144,0,0.33613092269887646,0.024081212165377144,6.2743416185414258,0.88988596343769144,-0.27473046662951844
1,0,1500,55.827209812345259,28.353007273297756,0,0.33358593813754289,0.023781440946304324,6.5168002290387257,0.92759529059369428,-0.29637800196290803
1,0,1501,55.862679814513854,28.18316643186607,0,0.27344992078693159,0.020036171507958927,6.6341448370235137,0.90077733408079341,-0.31857614217195845
1,0,1502,55.898351287395926,28.039349187863042,0,0.2186484228306122,0.017132806954689331,6.788320781040734,0.88692482777538106,-0.3403687604154661
1,0,1503,55.934196391077755,27.919696471266054,0,0.16880482613326006,0.013866132116161936,6.9061937085921956,0.8783475784007343,-0.36110883506714841
1,0,1504,55.970179688706459,27.821476777973793,0,0.12336548506016098,0.010391737842680547,6.9862142092000399,0.87208980037847528,-0.38031049315236587
1,0,1505,56.006275443541874,27.743120257863303,0,0.082021784334928585,0.0068447971631664375,7.0258241317786565,0.86607940442074294,-0.39752538047788361
1,0,1506,56.042459247757122,27.683146289757556,0,0.044476544344531979,0.0033568203423524484,7.0225327602188186,0.85858277015858064,-0.41236568650273941
1,0,1507,56.078708963663914,27.640477190283018,0,0.010512604304062294,5.7454983941187027e-05,6.9727254090929423,0.84797613686696527,-0.42445092172344784
1,0,1508,56.1150023672065,27.613415609493789,0.020212458496552666,0,-0.002928786719103081,6.8709997559854257,0.8347457679061937,-0.43346672644930145
1,0,1509,56.151320504567494,27.596700421766741,0.04875751579195569,0,-0.0055220029305693618,6.7186233217318581,0.81789531949472216,-0.43936139669334306
1,0,1510,56.187650205307364,27.58889472521329,0.075408479177347457,0,-0.0080388463095825702,6.4936645127561281,0.79466920830584298,-0.44205527873217104
1,0,1511,56.223979182876832,27.58973615479675,0.10021497300346136,0,-0.0091704325880912711,6.2627916555458896,0.76598370775332225,-0.44145495971690418
1,0,1512,56.260306609750202,27.598618213835699,0.12330280766942504,0,-0.0081428846371874152,6.0542731343144238,0.73243558464828662,-0.43784661357387461
1,0,1513,56.296622593653616,27.615404608188541,0.13179625334861655,0,-0.0060454088468604233,5.8146269366364027,0.6890749068965728,-0.4318234640741403
1,0,1514,56.332920651415868,27.632608578525211,0.10101896887995841,0,-0.0030621896513322081,5.5618984202835886,0.63084607854966557,-0.42426842711638402
1,0,1515,56.369206990329147,27.639855478375978,0.050691711367752225,0,0.00063238688421553724,5.3185383616686313,0.57958562101671085,-0.41594943888353525
1,0,1516,56.405496999268003,27.633285242855472,0.0063893144899228914,0.004802890712000716,0.004846019357268843,5.1052074186219905,0.56648116202731191,-0.40761375300360025
1,0,1517,56.441808832801719,27.611125914520528,0,0.044865730024013423,0.0093805411912046728,4.9394319479654136,0.56534830531839064,-0.39996396909123422
1,0,1518,56.478167843416244,27.568145541038355,0,0.087641913897740231,0.014039860209945926,4.8399302224721836,0.58109442279693191,-0.39369197745432283
1,0,1519,56.514602681568995,27.505184242179794,0,0.12691076470221763,0.01863244329196289,4.8188070667657446,0.60887119751808805,-0.38938406925198094
1,0,1520,56.551135765618575,27.423992651026087,0,0.15536897737557767,0.020960020203335997,4.7662369684809462,0.61509759293456445,-0.38741414941285618
1,0,1521,56.587773981211981,27.33242143852641,0,0.16971805891282754,0.021413489468307442,4.7295941631779703,0.60818965988525819,-0.38755387032447547
1,0,1522,56.624536320209707,27.231246856172955,0,0.20261309456577004,0.022281577745829537,4.8036000387271045,0.63123746852234208,-0.38924139354795501
1,0,1523,56.661444870870923,27.114225007215619,0,0.2328825874541888,0.022544355265016861,4.9115494706029192,0.65693002332228156,-0.39224593895410736
1,0,1524,56.698526352122663,26.981997673947138,0,0.26068235622953678,0.022242313735078872,5.0402644655393729,0.68373356802195095,-0.39632886456244565
1,0,1525,56.735803328277456,26.835533011426175,0,0.28621393319093485,0.021447878014308551,5.1767556739803133,0.7103787339900729,-0.40117821489469446
1,0,1526,56.77329325747948,26.675924139056569,0,0.30970327788532698,0.020247527307228105,5.3104845157643989,0.73873558395296846,-0.4064670237916993
1,0,1527,56.811016813450443,26.503889202397197,0,0.33131591162824547,0.018720241889324144,5.4333720976774051,0.78434781200248616,-0.41188768097630252
1,0,1528,56.848994407619607,26.3200920274111,0,0.35121431168004263,0.01694639978709863,5.539294512869704,0.82950219279245341,-0.41713943299555756
1,0,1529,56.887246282739369,26.12514638561559,0,0.36955514790967409,0.015005765033500474,5.6238312896390026,0.87008026184447618,-0.42193654886908344
1,0,1530,56.925799460131273,25.919583815368117,0,0.3864577232718302,0.016815007307149375,5.8790962387390024,0.91727864348411392,-0.42607953508118401
1,0,1531,56.964720914094443,25.702714163891855,0,0.37928677567148139,0.023831091905626788,6.3336342374091696,0.94836670094269593,-0.43098033942685837
1,0,1532,57.003959349132707,25.497073052776653,0,0.30884458616912158,0.019889208211614197,6.2725477946096904,0.88380703868742316,-0.43740128383989102
1,0,1533,57.043466773716986,25.325500294097566,0,0.24539435932612455,0.01442249357291695,6.162932108735224,0.83719011387773101,-0.44377479253451013
1,0,1534,57.083194421284929,25.185262592139349,0,0.18838622175195827,0.0077654633439138369,5.9820669783304989,0.7990646065656587,-0.44863304660259506
1,0,1535,57.123096077893457,25.073759598191987,0,0.13729698489161651,0.00029088764190736638,5.7065199367720902,0.76138804887855793,-0.45065702716937317
1,0,1536,57.163128842281452,24.98853522850332,0,0.09163240469551312,-0.0076058342341203339,5.3121656699753972,0.71720172933625315,-0.4487151968037727
1,0,1537,57.203253649326435,24.927270221899192,0,0.050925689427673428,-0.01552415910287042,4.7745811720083173,0.66047634355264406,-0.4419031300253527
1,0,1538,57.243435564525633,24.88775516787641,0,0.014732101760180038,-0.023079655983081065,4.0706552128486821,0.58645009648941404,-0.42958304971070954
1,0,1539,57.283643973505981,24.867589611232738,0.017431223645117355,0,-0.029930418537722971,3.1845905324658887,0.49406206237041511,-0.41141991716552856
1,0,1540,57.323859335812436,24.860446183347495,0.046832457056054641,0,-0.033585835511820449,2.3115743132244817,0.38828351385794335,-0.38744245872437688
1,0,1541,57.3641134066863,24.863911165253203,0.073956964072965453,0,-0.023942575785202765,2.1764584231534925,0.28693144580281282,-0.35930040786633693
1,0,1542,57.404366337245527,24.87719539400382,0.098965127223277272,0,-0.018837804095259644,1.4280621018952517,0.1951364104155382,-0.32949843376290272
1,0,1543,57.44459387117017,24.899157634075888,0.122087674409563,0,-0.012771841302332065,0.76922572663990085,0.15297430553801183,-0.29964385069877658
1,0,1544,57.484780193289836,24.928757408953068,0.14353511518912909,0,-0.0062765191416334553,0.27407452366426316,0.16460720437869511,-0.27125651769892994
1,0,1545,57.524911872019246,24.965143261978373,0.16348009107606729,0,0.00018167619620572091,-0.0023766199096063498,0.19476461351181909,-0.24557430296521618
1,0,1546,57.564977746728758,25.007666571968972,0.18205461477387833,0,0.0062461576715846373,-0.072153755706515083,0.22172991537677508,-0.22347592190472534
1,0,1547,57.604968565056005,25.055821689131935,0.19936204523772594,0,0.011671979967044825,0.038143451813448609,0.23819657468081634,-0.20549563698956008
1,0,1548,57.644876606182052,25.109173254349411,0.21549162595886254,0,0.016313364950505581,0.30245641678841367,0.25135092746630294,-0.19187168890243683
1,0,1549,57.68469537628868,25.167305201988892,0.23052868644588526,0,0.020112681449310766,0.69405937917091498,0.26462384406887207,-0.18259494085603875
1,0,1550,57.724417336864455,25.229789978551803,0.24456080044561612,0,0.020494377650329937,0.98049589960154926,0.28106356513629788,-0.17741040322022031
1,0,1551,57.764018180325174,25.296699519709701,0.25757559239888889,0,0.012327624427395939,0.83420009767753456,0.29877967570360275,-0.17457753616723823
1,0,1552,57.80351242228398,25.367554426750683,0.26967090393143239,0,0.012796356718148423,1.3563964908303108,0.32934888412722652,-0.17261376870427386
1,0,1553,57.842899206242173,25.441654109716165,0.28098876692829639,0,0.013825072574643547,1.8112070963864839,0.35999216310787235,-0.17159729280829367
1,0,1554,57.882174541653001,25.518659021151812,0.29159895841122935,0,0.015360319649844542,2.2243340851680125,0.39015849894555199,-0.17163611195517697
1,0,1555,57.921335153804485,25.598257621813879,0.3015656089546942,0,0.017333615151918082,2.6155074257602884,0.42031038804045345,-0.17291009800356841
1,0,1556,57.960378499127735,25.680112098976899,0.2970446895066487,0,0.019669990468286054,3.0000193715641754,0.43786915026977508,-0.17563963515884964
1,0,1557,57.999306492791746,25.755609662971224,0.24740315638178081,0,0.022295089999326254,3.3908826012500715,0.43414568724975794,-0.18008074133169163
1,0,1558,58.038140724567938,25.813024960688182,0.18398976233115627,0,0.025128334419558456,3.794582803176616,0.48520272840618178,-0.18647190499641897
1,0,1559,58.076913062050984,25.849949532591658,0.12397062592539214,0,0.02809203030016337,4.2132569049198239,0.53745082146790646,-0.195025242358599
1,0,1560,58.115654741749317,25.867390526386437,0.090598956889761689,0,0.028487272893282248,4.4985333972745334,0.55471560393831132,-0.20593330688318459
1,0,1561,58.154374724927351,25.879862044506915,0.11213068073656622,0,0.026519530614957303,4.6953425324303479,0.55804043074960263,-0.21873814990648677
1,0,1562,58.193071135468159,25.898878195376422,0.13473675853083963,0,0.024044858693360861,4.8837027679894325,0.56326020621236716,-0.2323414899743603
1,0,1563,58.231734166140264,25.924387788747158,0.15591414539264817,0,0.020990540064739136,5.0331630897360462,0.56869198906996277,-0.24598178511382757
1,0,1564,58.27035366557768,25.956007781630142,0.15734526911140745,0,0.017542784163689401,5.1343675080980393,0.5899769246108546,-0.2589858078440081
1,0,1565,58.308926149551226,25.982603079051394,0.10623100102665373,0,0.0138697152026706,5.1805570757044714,0.59032169050447303,-0.27076595238423734
1,0,1566,58.347468471613496,25.992782524126813,0.051125722322124888,0,0.010108104839424514,5.1679393759431216,0.59156083044001917,-0.28083325824385119
1,0,1567,58.386004700011846,25.986181136400116,0.0047173786028004445,0.0058828024316951427,0.0063770729366237908,5.0947134705647743,0.59555568737912556,-0.28878859566691095
1,0,1568,58.424559720402833,25.960961592392845,0,0.050291929969954394,0.0027850238083243629,4.9581535280644315,0.60037206023746237,-0.29431950570959942
1,0,1569,58.463164585494411,25.912695704921795,0,0.095386019034506137,-0.00057340938546660935,4.7630328074971153,0.59912478733400076,-0.29720516633980376
1,0,1570,58.501855670346032,25.842915081907357,0,0.13677284492431943,-0.001648417001058281,4.626527350809301,0.60103833322497535,-0.2973630165557628
1,0,1571,58.540730133804232,25.751475478960689,0,0.17444343873677295,0.015803736360926034,5.4396660651449515,0.67497745996286329,-0.29743857354735487
1,0,1572,58.57974684893464,25.640718650120849,0,0.20888918385725808,0.013348777817197705,5.063893644614919,0.62882302515893485,-0.29929552355124039
1,0,1573,58.618925653452472,25.513486834380565,0,0.24070273558448937,0.0090114041895148871,4.663653119989057,0.61200808398896234,-0.3013701971994277
1,0,1574,58.658290676087951,25.370974680132935,0,0.27014067045501539,0.0030901469844767182,4.2123628500149879,0.60963474093284875,-0.30232376365881675
1,0,1575,58.697866706622506,25.214081534186462,0,0.29740820997300826,-0.0040559834324872908,3.6817171704941458,0.59928332622575442,-0.30091991105034122
1,0,1576,58.737678664998668,25.043569069636259,0,0.32268451823973143,-0.012011293360101019,3.0437487750933503,0.57584578113482376,-0.29606107437700913
1,0,1577,58.777752262566935,24.860047875061202,0,0.34612003252313234,-0.020330177844721506,2.2720785972745312,0.53603332825816397,-0.28684115491929862
1,0,1578,58.818114541709477,24.663960261638167,0,0.36783301595034551,-0.028569824237670342,1.3791403332636252,0.49458869167064307,-0.27259636048593766
1,0,1579,58.858794282285736,24.455578646405606,0,0.38790919058223128,-0.036353739858591388,0.36211802320790976,0.51141617440670917,-0.25292328917890528
1,0,1580,58.899822276998641,24.235011481201326,0,0.40640282840261022,-0.043445294389987413,-0.79820719935750328,0.57153976044923205,-0.22767509024383567
1,0,1581,58.941319561620602,24.003008694489061,0,0.42351185219078391,-0.012500967749283311,0.41353367786326994,0.5232344182505031,-0.20096407649332812
1,0,1582,58.983220360288072,23.760912436314282,0,0.43953928828096478,-0.0098567635748508763,-0.56000045704988222,0.53745247360010084,-0.17640566786651721
1,0,1583,59.025547417216444,23.507680098507741,0,0.45431748116621379,-0.0088655197491692792,-1.2624837109897133,0.57399561175949776,-0.15389626009460011
1,0,1584,59.068331900969149,23.243525407866997,0,0.46793510645047537,-0.0093810002200025531,-1.7726691714734226,0.61047106807077245,-0.13334782343979809
1,0,1585,59.111605767118803,22.968708229375043,0,0.48049548251518975,-0.011195179498410429,-2.165032442019307,0.64607759782510343,-0.11440325343940713
1,0,1586,59.155401760957197,22.683419798547661,0,0.49210885749906169,-0.014065877797782367,-2.4947573178734972,0.68111238056175849,-0.096555808330014717
1,0,1587,59.199753671329134,22.387769512061595,0,0.50279343484389427,-0.017737208705821385,-2.8024126823808984,0.71625917708582398,-0.079240953728195188
1,0,1588,59.244725975857186,22.08130940834948,0,0.51258334568432107,-0.021971987368602824,-3.1172827680813908,0.75241246344443158,-0.061882967540041883
1,0,1589,59.290333760435821,21.76441495004601,0,0.5216081475994645,-0.026503735775516145,-3.4560759135118859,0.79022372292461907,-0.043976458382921121
1,0,1590,59.336615096222296,21.436974258569911,0,0.5299419477831333,0.0061966945249387704,-1.0676553155079951,0.68616184459529006,-0.025140966479515688
1,0,1591,59.383639960634383,21.102128762123591,0,0.53822821268745635,0.013212993882322891,-1.3828970137571339,0.66339829283329899,-0.0092230643307041112
1,0,1592,59.431427682453844,20.757206880439021,0,0.54609411603990632,0.0072718787612158151,-1.9521821435654936,0.68841439433692131,0.00012057253060194194
1,0,1593,59.48000222479638,20.402150417491768,0,0.55360793431223165,-0.0030772895512079421,-2.2847992117467442,0.72689226550332531,0.0053968069997892979
1,0,1594,59.529481052710651,20.035448279720782,0,0.56058201894343973,-0.016648858936816155,-2.5946338321026472,0.77586833901825969,0.0092907153245251929
1,0,1595,59.57985535756832,19.656947206269777,0,0.56711583973457058,-0.031965292449012889,-3.039896685511617,0.83660144535709979,0.01454921640408836
1,0,1596,59.631273757285278,19.26428414316004,0,0.57287559526492882,-0.048088205832643491,-3.6956823698943233,0.91169834065645028,0.023645629463250106
1,0,1597,59.683761547545728,18.856841518391303,0,0.57790680027745089,-0.064201772377667485,-4.5176063135012914,0.99414915985142061,0.037989267006574796
1,0,1598,59.737452967197981,18.435973538035256,0,0.58268335102421809,-0.079835004289596251,-5.3232540689130987,1,0.058780240523993395
1,0,1599,59.792460056562504,18.011213845222134,0,0.58926996935526732,-0.095011324377913486,-6.0068074864755072,1.0000000000000002,0.086960608633610534
1,0,1600,59.84884924879367,17.585245042920437,0,0.56030080619398792,-0.095453618419837447,-6.3834691363162932,1,0.12336776914874595
1,0,1601,59.906591835308944,17.1893020809012,0,0.43413387523387675,-0.073517850273771779,-6.5954877253651016,1,0.16402220498571574
1,0,1602,59.965589152653074,16.859977884413926,0,0.32201434017423308,-0.06365431464256921,-6.9320562878087086,1,0.2016682876480447
1,0,1603,60.02564168029545,16.602624699368956,0,0.22498020017200002,-0.052850090854736582,-7.062267911384283,0.97465270295451334,0.23345734289377029
1,0,1604,60.086515244630782,16.413816411867582,0,0.14231613787457315,-0.042417650647810994,-7.0266409071337623,0.93495212165802544,0.25747932377059851
1,0,1605,60.147978935866483,16.28644792352123,0,0.072573161815350035,-0.033423106642180622,-6.8509677848402859,0.89143765635944305,0.27270404604215126
1,0,1606,60.209819136326765,16.212988205604876,0,0.01421901332082458,-0.026610124964472296,-6.5236952163465673,0.83107602417484661,0.27890454845882728
1,0,1607,60.271846158284056,16.183767116516339,0.034704649401880484,0,-0.022334266207204054,-6.0420366575217912,0.75142063328576525,0.2766926890063558
1,0,1608,60.33391996686661,16.182972341603705,0.077383021694769474,0,-0.020533649617956919,-5.4614370412817292,0.65861971080214676,0.26749785304624696
1,0,1609,60.39593900112235,16.205773085299615,0.11480355433954789,0,-0.020803927706018892,-4.8588094416628937,0.56680234018746467,0.2533132036619305
1,0,1610,60.45781603552301,16.248856433624145,0.14764764714651921,0,-0.022546107937901013,-4.3210221893645988,0.49310719117936286,0.23632703733951155
1,0,1611,60.51950645341536,16.308133388391749,0.17675475480612998,0,-0.031776909337345012,-4.2382705726142316,0.50141433478832498,0.21920754767823569
1,0,1612,60.580921702272008,16.381709991542198,0.20251963285080665,0,-0.034062879193163233,-3.9535903055507129,0.46540350817454895,0.20367223499848128
1,0,1613,60.642014986033729,16.467629505246496,0.22534966168336859,0,-0.035487322329389934,-3.8394796760631511,0.45633038503054124,0.19037690090727563
1,0,1614,60.702752323784253,16.56391099566244,0.24565733194886219,0,-0.036195555043047403,-3.8240346010540751,0.47441474254698235,0.1794497518996867
1,0,1615,60.763106481624227,16.66900880354925,0.26376662358312963,0,-0.036357147763578367,-3.8578350900610761,0.49557589690370396,0.17069740224572291
1,0,1616,60.823055905044804,16.781650730798155,0.27994602515205458,0,-0.036138267508995466,-3.91068862392981,0.51656821546952103,0.16379003410264159
1,0,1617,60.882583620053495,16.90076596510308,0.29442300787182285,0,-0.035684939221471673,-3.966117855802588,0.53581718280108526,0.15837485605381116
1,0,1618,60.941676501773571,17.025438560112516,0.30739338305582353,0,-0.035115935562222228,-4.0164860841260728,0.55273130906584267,0.1541355077581531
1,0,1619,61.000324755008009,17.154875129986511,0.31902781181290374,0,-0.03452176297281042,-4.0594863378011272,0.56728328087791258,0.15081713835620839
1,0,1620,61.058517427705588,17.288411487763835,0.32946916854008274,0,-0.033967874269297156,-4.0957780063178264,0.57973555506232133,0.1482367395960513
1,0,1621,61.11626364094046,17.424810382368779,0.33897891253092188,0,-0.038177757376206531,-4.3603345078216726,0.59945026908508736,0.1467236903753012
1,0,1622,61.173554174606359,17.56385459154783,0.34760940987075423,0,-0.038283747894802385,-4.40954183084731,0.61461178128605098,0.14641527979717645
1,0,1623,61.230388548457931,17.705341915445757,0.35540963037895729,0,-0.038120807878009491,-4.4844439020282385,0.6308872859428214,0.1471252606143876
1,0,1624,61.286768794658414,17.848789233711383,0.36248647091372882,0,-0.03782395890458206,-4.5683921436118995,0.64674936159069352,0.14867268430159614
1,0,1625,61.342698325936361,17.993809950943611,0.36892621328252323,0,-0.037498599416279206,-4.6531363579547467,0.66151380025628503,0.15088892175245705
1,0,1626,61.398176327009253,18.140095763459808,0.37479743733287063,0,-0.037223738498182335,-4.7355840930820454,0.67500456945806697,0.15364827069292475
1,0,1627,61.453204236772123,18.287369905487811,0.38016862946790703,0,-0.037056030401883211,-4.8157549810645461,0.68737332679614893,0.15686733486684229
1,0,1628,61.507796110609483,18.435371689180847,0.38509482981581405,0,-0.037028189599037045,-4.8953835827606822,0.69894792953837737,0.16049847026850222
1,0,1629,61.56195890348279,18.583776512311744,0.38141058673039613,0,-0.037159653504577346,-4.9775923068760557,0.70320379489444229,0.1645404350032405
1,0,1630,61.615695994342147,18.725006915737151,0.33677932930094462,0,-0.037066096308768663,-5.0476516044783155,0.67390915087131575,0.1690355158354134
1,0,1631,61.66906889856125,18.836618282952475,0.24562388660051188,0,-0.036938505604081823,-5.1258237685198029,0.61932910480818038,0.17395625729346029
1,0,1632,61.722188995833065,18.909759222206816,0.16059966571470546,0,-0.036913777696141667,-5.2091115476478906,0.60792987343857663,0.17920408279120381
1,0,1633,61.775157511171088,18.946294780443313,0.081611225064781981,0,-0.03689383686139755,-5.2916165547439684,0.60086212928354021,0.18471665948368285
1,0,1634,61.828076774176957,18.94958408918691,0.011216952007396658,0.0032879460536130202,-0.036866415635700818,-5.3706336022558165,0.59414525515151406,0.190393355090517
1,0,1635,61.881037554697627,18.917977760627615,0,0.060211569147816751,-0.036831138430431405,-5.4322711830949109,0.59763393702246514,0.19613074628921778
1,0,1636,61.934160174081995,18.841010092081014,0,0.12080022048897528,-0.036797795713334872,-5.4894405927209649,0.63403053462288583,0.2018405872991314
1,0,1637,61.987563200703207,18.723561041473584,0,0.17491008932182561,-0.036781398215745748,-5.5403015797491602,0.6740424048171858,0.20742263945239078
1,0,1638,62.04135626184793,18.569320328143743,0,0.22338708318676478,-0.036797549177267755,-5.5813668976583743,0.71548785469864196,0.21275644211334271
1,0,1639,62.095666080136596,18.380117055195903,0,0.26672397280392718,-0.036865212649207495,-5.6097552822038868,0.75662508314035559,0.2176898564492539
1,0,1640,62.150598536737917,18.15910370823126,0,0.30566730901625494,-0.050727072162222671,-6.2318196486851587,0.90067589959292804,0.22210661957078809
1,0,1641,62.206343632881115,17.903204720815168,0,0.30449168192502046,-0.060146443393463943,-6.527553570326039,0.933808119593599,0.22843543153845008
1,0,1642,62.262854492752318,17.67334866624827,0,0.21606114736834278,-0.052457998371928605,-6.2741776150900908,0.79785004291348183,0.23744074172689086
1,0,1643,62.319970043628494,17.505623387784969,0,0.14059331126825012,-0.041221152384967936,-5.9553178634217785,0.75931519678350434,0.24616666943261784
1,0,1644,62.377510122995623,17.393086556003784,0,0.076681620963648611,-0.027930282725583681,-5.5010495550583309,0.71725007050347411,0.25187482558802965
1,0,1645,62.435299032063206,17.327619729293641,0,0.022678132467426008,-0.014043229660061827,-4.8646483843940702,0.65541210370592962,0.25258479147008156
1,0,1646,62.493192136023076,17.301856206563446,0.022902314683480876,0,-0.00071772806244700953,-4.01225307319066,0.56731118518330126,0.24710112218025612
1,0,1647,62.55108176314846,17.301765480423381,0.062884293914973827,0,0.011251252490896563,-2.9449217951484625,0.4551628940728073,0.23511499493787427
1,0,1648,62.608898100014379,17.321697869439074,0.098413355762296817,0,0.021498362647771555,-1.7046098656329818,0.33031149341916038,0.21715890365635665
1,0,1649,62.666585228818363,17.358784860245457,0.13007796033252567,0,0.030087654700715047,-0.37996029959542993,0.2209761489453794,0.19440300164560398
1,0,1650,62.724102770908651,17.410193609028738,0.15845864142708679,0,0.030629753342554671,0.41918867479605759,0.24958890322865912,0.16835033236782707
1,0,1651,62.781498184987605,17.47512795269374,0.18372786263017815,0,-0.00072714181530317854,-0.58167982205926705,0.21707172709850739,0.14326562150004113
1,0,1652,62.838656389495227,17.551408133951536,0.20633276162217359,0,-0.0073879874488533646,-0.20383522184478955,0.24027458385659686,0.12266376694113987
1,0,1653,62.8955357865444,17.63720294498366,0.22665558748131009,0,-0.011329396266889617,-0.23589894584206189,0.25598030968734947,0.10724222189441177
1,0,1654,62.952116908636043,17.731383502073296,0.24492935373508398,0,-0.013187632270187266,-0.44757057351777069,0.27367817102059311,0.09649551758727079
1,0,1655,63.00838150354663,17.832945669127778,0.26136702950614132,0,-0.013549548441583521,-0.69970380267404697,0.29572414599879704,0.089401399345145849
1,0,1656,63.064314127431985,17.94094515842869,0.27616773801318295,0,-0.012922305443310815,-0.91530801673346074,0.31915282927293531,0.084840422207934252
1,0,1657,63.119901725415666,18.05454638496338,0.28950824583425611,0,-0.011703708386381404,-1.0691924023222052,0.34066075064428125,0.08183495033673778
1,0,1658,63.175122801667889,18.173147784797138,0.30151861475786468,0,-0.010185842942366191,-1.1556993402070499,0.35832667383922651,0.079628100296908769
1,0,1659,63.229979030075597,18.295964474159696,0.31236432863975266,0,-0.008583880563578521,-1.1830501908659774,0.37185036628597984,0.077649919766697911
1,0,1660,63.28446564638682,18.422451079538277,0.32216312295926736,0,-0.010427743542339605,-1.4151983582307408,0.38652431947841076,0.075591054362947746
1,0,1661,63.338592017294793,18.551072495818055,0.33122872781848262,0,-0.021225588049497028,-2.0436755831824933,0.40982076642309884,0.074643325735531924
1,0,1662,63.392330451516806,18.682614261857822,0.33941617467622337,0,-0.018224639539954752,-1.8625353432022813,0.42135913312440515,0.075257323922508862
1,0,1663,63.445688107437832,18.81686481087209,0.34677092119337743,0,-0.013588071420419725,-1.7253409142833971,0.43260955184547839,0.076449081215927125
1,0,1664,63.498660985647135,18.953340862281891,0.35339680850925037,0,-0.0080429383967802939,-1.5450385797160271,0.43854781712109192,0.077294382616933568
1,0,1665,63.551236598520795,19.091692289987957,0.35937502646708847,0,-0.0021596700678400099,-1.2757099700746899,0.43678642865176937,0.076914745859328296
1,0,1666,63.603433136325052,19.23151485087034,0.36478874056147748,0,0.0036535474998539122,-0.90899902781700581,0.42828774783446022,0.074786091973614549
1,0,1667,63.655240837695054,19.372550202359967,0.36969626514370285,0,0.009141998201179443,-0.45489174944629379,0.41560782288021503,0.070531442354449927
1,0,1668,63.706667330752353,19.514468026168764,0.37417314169490007,0,0.014185131269591086,0.073080521897999864,0.40498819165401106,0.064074814019829104
1,0,1669,63.75772221934281,19.656950736347611,0.37828338068133593,0,0.018778974092211284,0.6574643197852329,0.41514677008825024,0.055513010309916018
1,0,1670,63.808400088457098,19.799680616680067,0.38210327433365587,0,0.015793328725048107,0.68825658984985638,0.4211834805202796,0.044986716555102758
1,0,1671,63.858731791719357,19.943339110097412,0.38549456322961589,0,0.0043253762942971723,0.40833790343944254,0.42391910236607222,0.034389463649468349
1,0,1672,63.908690925461606,20.087307715144942,0.38859246814799508,0,0.0022817649142738419,0.67142561510397225,0.43439879501325807,0.025636991828892404
1,0,1673,63.958302060138024,20.231288124206348,0.39145564598037452,0,0.0013403761671653461,0.77809376597243873,0.43905584276155851,0.01879367433470442
1,0,1674,64.007551172367087,20.375244501785982,0.39410285841135495,0,0.0013449584688639471,0.80250106351765027,0.44060643081623352,0.013742800567709634
1,0,1675,64.056460261809775,20.519126844941688,0.39654123907466388,0,0.0020401742164435671,0.80101102424384352,0.44134478273095218,0.0099935457705532509
1,0,1676,64.105023791522513,20.662854498760041,0.39880004488588428,0,0.0032430611174540137,0.80651473960385089,0.44250352751457389,0.0071047056677774924
1,0,1677,64.153251131943591,20.806352720897976,0.40089178644637957,0,0.0047683765923209392,0.83847311913033395,0.44462651745553844,0.0046084123924675074
1,0,1678,64.201153309345756,20.949547848460586,0.40283770814968189,0,0.0064671768747078424,0.90557470594041389,0.44790168430933663,0.0021181571544738424
1,0,1679,64.248719622074731,21.092350573366538,0.4046597690649571,0,0.0082304186910129723,1.0119456861203799,0.45249285282573382,-0.00068266088636049084
1,0,1680,64.295973787174617,21.234720386706822,0.40636767047011729,0,0.010782192233124238,1.2162351478508957,0.45973584597246808,-0.0039916955945241746
1,0,1681,64.342912104303053,21.376562399834384,0.40799131854126625,0,0.010207393039251937,1.2108069103865817,0.46333502130304771,-0.0079487675858680995
1,0,1682,64.389536327693619,21.518025044604816,0.40949764825416968,0,0.008431302495831931,1.1933519779423609,0.46700658214926738,-0.012277059867046842
1,0,1683,64.435861560607535,21.659085236744598,0.41089479607859652,0,0.0061361007155259269,1.1602454162519849,0.46982807185786257,-0.016483765964332934
1,0,1684,64.481886210178715,21.799700060353626,0.41220215598833987,0,0.0035481188157494761,1.0887384614247446,0.47062860094310338,-0.020117021132819154
1,0,1685,64.527608602789186,21.939840450777037,0.41342159442638693,0,0.00086065718886539795,0.96656537803577613,0.46878357971849721,-0.022780375321031048
1,0,1686,64.573044223698375,22.079509928125109,0.41455763701551057,0,-0.0017793694264524285,0.79248683879815429,0.46444045575214121,-0.024246779025964164
1,0,1687,64.618197007717384,22.218688342593978,0.41561704147814493,0,-0.0042752125704737017,0.568738334716128,0.45812423332038316,-0.024363005861467762
1,0,1688,64.663062492893516,22.357332427348986,0.41661582887006149,0,-0.0065589948705715006,0.30216170815546356,0.45070876532331011,-0.02302325900425788
1,0,1689,64.707649186552374,22.495413958904269,0.41755737794574699,0,-0.0086074241846771735,0.0011885728425957726,0.44446327112234407,-0.020265845962454957
1,0,1690,64.751966412576721,22.632899332775001,0.41845323376286175,0,-0.007325002879455117,-0.063578778244501311,0.44494851125447055,-0.016194726875543373
1,0,1691,64.796019145726873,22.769882446555602,0.41928477236151324,0,-0.0044380613310298633,-0.11937582072845371,0.44561613502876612,-0.011489481347277808
1,0,1692,64.839810207634841,22.906283801296631,0.42007838920217772,0,-0.0030976291991089678,-0.26866863546113368,0.45009611408655442,-0.0070268622786722251
1,0,1693,64.883334194157129,23.042043892714148,0.42084141789655599,0,-0.0018806365301046305,-0.35715348211209258,0.45339567291250199,-0.0031272139742715508
1,0,1694,64.926604243285354,23.177184959796438,0.42157390264642236,0,-0.00084795874808266038,-0.39751058871640249,0.45537284281717155,7.091800099468536e-05
1,0,1695,64.969624649192824,23.311714459255334,0.42227713351290586,0,-3.0552952689425553e-05,-0.40020116348024182,0.45616907068335,0.0025140285521207911
1,0,1696,65.0123991318126,23.445639426916966,0.42295164924776441,0,0.00056444131154534708,-0.37517328781819737,0.4560743012206096,0.0042190112409190329
1,0,1697,65.054931345884057,23.578964473996667,0.42359786910833108,0,0.00094800081797410409,-0.33159227722571427,0.45541874162669366,0.00525379192180627
1,0,1698,65.097224881082624,23.711692656372144,0.42422121538059915,0,0.0011437042290400256,-0.27754594821581752,0.45450558289132154,0.0057189881211055791
1,0,1699,65.139283262934043,23.843825869720117,0.42482295527058417,0,0.0011828118010677742,-0.2198362069939972,0.45356514029609912,0.0057321711897555137
1,0,1700,65.181107045369131,23.97535739495671,0.42540439754043324,0,0.0011547713022225159,-0.15908232381399581,0.45265760024442736,0.005410932599634306
1,0,1701,65.222701242515356,24.106290871674251,0.42596678752520367,0,0.001930283613778267,-0.03841269751737246,0.45066787827158161,0.0047559047036717294
1,0,1702,65.26407116359654,24.236633368238031,0.42651170032069341,0,0.0015693886696244324,-0.010223709494427058,0.45055731741540478,0.0038265700544095347
1,0,1703,65.305220094222264,24.366388323595341,0.42704049190340343,0,0.0010489322837730583,0.01318508973274529,0.45112480038223973,0.0027952599750395418
1,0,1704,65.346151255934743,24.495558249686926,0.42755465284795902,0,0.00042879666447239167,0.025195869642668886,0.45190681637656532,0.0018089881621296757
1,0,1705,65.386867820944843,24.624146207341962,0.42805551489875765,0,-0.00023939362758907523,0.022180389517212358,0.4523887621446176,0.00099333813351509012
1,0,1706,65.427372915452466,24.752155948166624,0.42854422426608052,0,-0.00091372977539565475,0.0026571363241150951,0.45260226813866605,0.00044698507126945063
1,0,1707,65.467669621092895,24.879591680525099,0.42902179003098567,0,-0.0015623943218896501,-0.03328836018189793,0.45356918720695316,0.00024020602293287736
1,0,1708,65.507760975356163,25.006457696561167,0.42948916027319223,0,-0.0021632722991081379,-0.084456525546305936,0.45501003596396539,0.00041605218723370042
1,0,1709,65.547649971481135,25.132758044717473,0.42994728903409429,0,-0.0027030452598578994,-0.14891238356509065,0.45673103469388054,0.00099331538856585748
1,0,1710,65.587339561709626,25.258496359365559,0.4303971717957053,0,-0.0035696430540664934,-0.25733253633509773,0.45940062036872836,0.0019748591568808475
1,0,1711,65.626832683787498,25.383662669233829,0.43084248514123735,0,-0.0041577659681484753,-0.34548755195431535,0.46178351048331101,0.0034473469456091431
1,0,1712,65.666132157725698,25.508282018234048,0.43127986388014172,0,-0.0035042616312666096,-0.36009520678232754,0.46283890900420044,0.005334179066217578
1,0,1713,65.705240699931394,25.632368039898051,0.43170818739817762,0,-0.0025378744486677209,-0.37034840881281667,0.46391473149580242,0.0073652447873866654
1,0,1714,65.744160997844233,25.755852602664522,0.42869967587877955,0,-0.0013533708763470498,-0.36473980918082843,0.46131064506004849,0.0092833846120770041
1,0,1715,65.782896940053391,25.876632891764334,0.39948097040808433,0,-3.8018555011169673e-05,-0.33552958214716982,0.43237942303614596,0.010858307938344795
1,0,1716,65.821461216327421,25.983614191344351,0.32762956947582411,0,0.001331955199310803,-0.27830224536135806,0.35978548577539576,0.011897797025047077
1,0,1717,65.859883361224831,26.068247665898216,0.25978197074261167,0,0.0026929711191585907,-0.19186604685091188,0.28889200681671534,0.012252099095134006
1,0,1718,65.898194601169905,26.131579698295415,0.19570935417590957,0,0.0039926526988929853,-0.07588073724366487,0.21979703434730929,0.011799317969001672
1,0,1719,65.936427892142689,26.175328012641071,0.1350646551258074,0,0.0051955730627222321,0.067455462835897304,0.15351604029117824,0.010493534585517012
1,0,1720,65.974611309586834,26.200626849317267,0.077607494777727354,0,-0.006376754830886365,-0.79802917930190631,0.19802182110778577,0.0083208296519845879
1,0,1721,66.012772377853466,26.208185173499867,0.023181649396101563,0,-0.010352461911341385,-0.84815070673531623,0.16482295190811469,0.007162943118769919
1,0,1722,66.050934599530876,26.198636447010117,0,0.0283549807404334,-0.0076772954761908417,-0.55625848058010741,0.10214167507679925,0.0082975343384310112
1,0,1723,66.089125945524103,26.167090330144969,0,0.076055338820450596,-0.0030614807621232158,-0.27481457213085014,0.1100727692401267,0.010519546159415647
1,0,1724,66.127379426750608,26.112645985091145,0,0.11974789396843527,0.0030711438892897162,0.041235050480447774,0.17376761276163333,0.012493105766302425
1,0,1725,66.165727316431614,26.036958846377161,0,0.15978212039110071,0.010277137476840248,0.41906651185631677,0.25416607668327534,0.012953543019831979
1,0,1726,66.204200730025732,25.941431027145104,0,0.19645801501910903,0.018142612820969458,0.89580127153167166,0.33909632720062055,0.01075482331392748
1,0,1727,66.24283047412284,25.827241086589673,0,0.2300319705791615,0.026312231919989344,1.4957021103348758,0.42820687937353447,0.0049127211427880246
1,0,1728,66.281647749837674,25.695354636886105,0,0.2607189866035845,0.034504061527781009,2.2196525432165028,0.52267399366398293,-0.0053603467421703488
1,0,1729,66.320684683416374,25.546528580212264,0,0.28869361601443311,0.042513129165962261,3.0426221899731436,0.62299666001184872,-0.020651149484098727
1,0,1730,66.359974896846779,25.381317206661599,0,0.28875284945814572,0.050201804834924903,3.9369104297348465,0.71129247109471616,-0.041375770704577465
1,0,1731,66.399520543661282,25.226275749212871,0,0.22861526645282726,0.028503236512212527,3.3111791405317801,0.4734299840423285,-0.064815684309957503
1,0,1732,66.439288732562019,25.101336957456635,0,0.17464891932398341,0.025856583634776761,3.9136017900138373,0.46638498365030318,-0.087597316414863347
1,0,1733,66.479240374991463,25.001893315564157,0,0.12595357979280208,0.023497533194194373,4.4016579222988677,0.50397400376366919,-0.10948856008700415
1,0,1734,66.519338668363716,24.925613836784283,0,0.082060106196343213,0.021564377746510731,4.7945984317370325,0.54120237559187168,-0.1302128978886638
1,0,1735,66.559549593005855,24.87035797752284,0,0.042537492107652453,0.020151980821956985,5.1099704712393672,0.5703337039215256,-0.14964239866932588
1,0,1736,66.599841882812413,24.834151646848991,0,0.00698808764909656,0.019316995143564497,5.3634622845024893,0.59230133663086304,-0.16777671017707121
1,0,1737,66.640187416483741,24.814277183951479,0.025134080114175606,0,0.019083760334556655,5.5656112673440363,0.61110847995687656,-0.18472073781376747
1,0,1738,66.680565357418828,24.804727281527857,0.0550331277676109,0,0.019444340212787268,5.7336186256913919,0.63709389469037891,-0.20067625079913079
1,0,1739,66.720960835712347,24.804186218047278,0.082975089631611001,0,0.020363745213022644,5.8792965623054556,0.67413250982323936,-0.21591459633405996
1,0,1740,66.761360137662194,24.812057035876641,0.10908191463931083,0,0.021573106803572537,6.0017222365662981,0.70737458414598942,-0.23074303989980935
1,0,1741,66.801740755222738,24.828087918228025,0.13340645413209873,0,0.018589234726484768,5.9118604501912335,0.68026930303423128,-0.24510222834881837
1,0,1742,66.842088968492391,24.852081044597757,0.15599069338189286,0,0.016935732862782396,5.8814041717615995,0.67730427167502727,-0.25847074424511873
1,0,1743,66.882392425046831,24.883383522056342,0.1769675678184385,0,0.015178881103868619,5.8262791912515448,0.6835552829987066,-0.2705747996978301
1,0,1744,66.922639031224804,24.921540960256198,0.19643025039540626,0,0.013387652112953133,5.7447382882591684,0.68633000221150875,-0.28118256320390467
1,0,1745,66.962817561299914,24.96612573212315,0.21446650170884587,0,0.011623234143445498,5.6356994282893327,0.68534257220959349,-0.29011688606460967
1,0,1746,67.002917636775862,25.01673168943406,0.23115972903387236,0,0.0099373409477003724,5.4988068248546433,0.68051380770707715,-0.29725588761357374
1,0,1747,67.042929714448718,25.072969128065505,0.24658999532834053,0,0.0083711251579910839,5.3344942073945347,0.67196124648960276,-0.30253217345277228
1,0,1748,67.082845063556633,25.13446041259111,0.26083489627356127,0,0.0069546307695548442,5.1440388470945768,0.65999002408003571,-0.30593059989245269
1,0,1749,67.122655746100946,25.200836660794931,0.27397022524370551,0,0.0057067357269832541,4.9295850109633061,0.64507767468605715,-0.30748453754060101
1,0,1750,67.162355665785626,25.271737761813043,0.28606997146617441,0,0.0053642782778744996,4.7368012121770109,0.62923377914299283,-0.30728662256309919
1,0,1751,67.201958404517939,25.346342821898048,0.29730023257859844,0,0.01082590031471539,4.8308901709073115,0.62259730633096921,-0.30620489759144331
1,0,1752,67.241441362293287,25.424334027143363,0.30772644371922908,0,0.011409004810402315,4.6402690176222672,0.60979583506442514,-0.30513779970105431
1,0,1753,67.280796771044251,25.505712078317096,0.31735029212466925,0,0.01172377910582951,4.4725821089710287,0.60072807556776486,-0.30406977848954542
1,0,1754,67.320020598992826,25.590120702346518,0.32624481633057489,0,0.011758444469198352,4.3260662513819241,0.59475606768221267,-0.30298734043373982
1,0,1755,67.359107793974189,25.677273496856113,0.33446797669689293,0,0.011516141893170073,4.1971886859117005,0.5911243282262848,-0.30184325313610827
1,0,1756,67.398056683123798,25.766864766457889,0.33107941425682264,0,0.011020710113507578,4.0812216410216884,0.57957925184664094,-0.30056464563164176
1,0,1757,67.436868459846679,25.852597977557874,0.29137229231571776,0,0.010302384548462296,3.9735917298472705,0.5389574710124837,-0.2990616111520501
1,0,1758,67.475558503634204,25.922953041125425,0.22671322804690572,0,0.00939292359678617,3.8685752246445895,0.48193314110517677,-0.29723685969747388
1,0,1759,67.514154968750361,25.973377408508203,0.16463510645966947,0,0.0083254314389873529,3.7606193114017321,0.43371386055556788,-0.29498881213244271
1,0,1760,67.552685751160112,26.004922649150778,0.10582636882458075,0,0.0041915746725265371,3.4352386717421388,0.39218399066009285,-0.29220683771336819
1,0,1761,67.591169083097881,26.01902469813983,0.04998466847539141,0,0.0029799329218664159,3.3469930936658665,0.36502965895103623,-0.28833394969160986
1,0,1762,67.62964954012979,26.016132214785411,0.0051519384124309687,0.0081579265478208506,0.004837513724628653,3.4022345332308599,0.35039229799617688,-0.28333275569078054
1,0,1763,67.668156393080693,25.993708024551822,0,0.052647961971432192,0.007645827672887566,3.4617146096121258,0.35268701738223918,-0.27796139548544546
1,0,1764,67.706721780131915,25.947546823423593,0,0.098117981064097137,0.011200682954636856,3.54787177411428,0.39957165359111396,-0.27299439044748147
1,0,1765,67.745380150244657,25.87895993914562,0,0.13969706624974951,0.01529347578450002,3.6778568202085382,0.45853894313933508,-0.26915467230693402
1,0,1766,67.784164517817743,25.789516986793025,0,0.1777189374385979,0.019723779084527854,3.8638339815482228,0.52047688852472385,-0.2670865051994008
1,0,1767,67.823106840495839,25.680565581074649,0,0.21247403891666589,0.024308918206527044,4.1121863773473732,0.58423381280372433,-0.2673380133695743
1,0,1768,67.862238486589717,25.553263423691053,0,0.24421604832799285,0.028890669761756083,4.423075228416713,0.64953710470202042,-0.27035111623023006
1,0,1769,67.901590591757838,25.408603240971761,0,0.27316696551799247,0.033338683489043834,4.7907826624444407,0.71630462244033699,-0.27645938333915371
1,0,1770,67.941192719710031,25.247620863841135,0,0.28644123456223919,0.036502627374289796,5.1482453466554983,0.76396969613688726,-0.28586699558073297
1,0,1771,67.98100882949133,25.084899112113622,0,0.28152501203499425,0.021381590262173105,4.6423658783862871,0.63927744702581424,-0.29650756746479556
1,0,1772,68.02108987180732,24.918542506256564,0,0.30775798379891722,0.020994720123661624,4.9976213545902937,0.70941690623452935,-0.306206007380326
1,0,1773,68.061466116573811,24.736731873715456,0,0.33166731126074811,0.021309362240552167,5.3090090687920961,0.77238176448873663,-0.3153526998698627
1,0,1774,68.102167314507795,24.540330205311434,0,0.35345605714516598,0.022277131686481749,5.5896971001476334,0.83031384687888543,-0.32426087594311204
1,0,1775,68.143223180853965,24.330073583558224,0,0.37330397415673583,0.0238226420377868,5.8508887604355175,0.88516386489474719,-0.33326982183564158
1,0,1776,68.184663693508327,24.106575756340153,0,0.39136862251001003,0.025851277778570419,6.1016959304175291,0.93855977107024147,-0.34272676145751435
1,0,1777,68.226519376454448,23.870335779398648,0,0.40778712748684398,0.028255491941175933,6.3455121998676889,0.98882350090835081,-0.35297148033126069
1,0,1778,68.268821243328134,23.622394669124134,0,0.42280776960289479,0.030917542857182369,6.5432534915016474,0.99999999999999989,-0.36433378727165788
1,0,1779,68.311598761712858,23.365208860887975,0,0.43696497156296199,0.03371544155158112,6.7064528831339656,1.0000000000000002,-0.37717995148833233
1,0,1780,68.35487700078103,23.100958989891613,0,0.41980886960918662,0.02908250859287018,6.7195547818766359,1,-0.3919097783838183
1,0,1781,68.398603453524814,22.853347694009351,0,0.33827166226951338,0.02456924220435662,6.907688774328113,1.0000000000000002,-0.4073264322546441
1,0,1782,68.442778356629105,22.645735038724464,0,0.26379650002181193,0.021910643018061223,7.0686075125944123,0.97459996940652049,-0.42119311434999251
1,0,1783,68.487331539489972,22.47701764828372,0,0.1973553376338138,0.019421457715264275,7.1530197856087305,0.9388712663797758,-0.43294455198159459
1,0,1784,68.532188622176321,22.343734950875103,0,0.13824800394014397,0.017322901264766835,7.1941838865934393,0.91071860086110623,-0.44233645089921664
1,0,1785,68.577285600625842,22.242626318748332,0,0.085819649232282275,0.015793441873893942,7.1921049491459907,0.8856706046800652,-0.44924683386075204
1,0,1786,68.622566362674377,22.170904207836809,0,0.053901756772770919,0.014984611594076366,7.1429464381571215,0.8646272177932961,-0.4536330394028435
1,0,1787,68.667987027091129,22.109424437995425,0,0.072557950239839963,0.014959282172979455,7.0475429291536402,0.85474402336749755,-0.45567947023074129
1,0,1788,68.713552058660298,22.030754091825312,0,0.12168849870554699,0.015641160889949737,6.9269667219142761,0.85517525970468289,-0.45580313742438888
1,0,1789,68.759310448495469,21.924778472574847,0,0.16635973634579895,0.016902190417544777,6.8028573753867896,0.85738727991281716,-0.45444123715636009
1,0,1790,68.80533472654497,21.792408363883073,0,0.2067882160062515,0.020264388496513092,6.7557421942694083,0.86523555008350805,-0.45201027957299927
1,0,1791,68.851695303712887,21.636248894876921,0,0.21300813366805738,0.025250831797140296,6.7674622087648402,0.85748847301954334,-0.4496656189065743
1,0,1792,68.898367268990867,21.492314530217726,0,0.15033437625264437,0.024073699789762749,6.566074557977271,0.79986519461671557,-0.44782750980948183
1,0,1793,68.94529525399183,21.386272603249704,0,0.095509447317986884,0.02186251364361793,6.3480324332779823,0.75456134613470793,-0.44566079349757831
1,0,1794,68.992396465078016,21.312870612524588,0,0.047482729439083909,0.01893214962947708,6.1025008612493963,0.7148861081677691,-0.44243660037627924
1,0,1795,69.039603765771943,21.268054676267283,0,0.0054355787265154241,0.015554988411731235,5.8195844052405565,0.67614854203650177,-0.43760262631884078
1,0,1796,69.086861241138308,21.248134488698394,0.031377927162849879,0,0.011967666668349771,5.4841848636293076,0.63835512120347748,-0.43059521643248327
1,0,1797,69.134123243807565,21.243476156339089,0.064888570528112713,0,0.0083937704769072464,5.1000736904084807,0.59856073365377882,-0.42126876182057615
1,0,1798,69.181358873163248,21.25250175062471,0.095418282861472678,0,0.0049953833171824382,4.6646001669181327,0.55517983798096315,-0.40949912822922274
1,0,1799,69.228537188942383,21.273967249574429,0.10143298771800363,0,0.0019037783958448268,4.1757720604196962,0.50133505877077866,-0.3952268103521781
1,0,1800,69.275649064262993,21.291478502868614,0.049500652966961968,0,-0.0051392939575312501,3.3158617175064342,0.42299968394721721,-0.37875681271402323
1,0,1801,69.322709421883459,21.288506427821531,0,0.015225502407488156,-0.003235733740253377,3.1319975056121621,0.36191235527048077,-0.36008859959668565
1,0,1802,69.369828275266798,21.25412476295886,0,0.074873469698761783,0.0027625074040770366,3.0356412240106661,0.31918016288164747,-0.34013203423619798
1,0,1803,69.417076562487537,21.185490233153875,0,0.12875820322207326,0.010365130626940786,2.9856346400364107,0.37858513410289829,-0.32067473423289178
1,0,1804,69.464532788421508,21.084035735386134,0,0.17719025860290152,0.01889318838350507,3.0569295131236296,0.45726352963698419,-0.30340187153408915
1,0,1805,69.512265176212026,20.952567708839684,0,0.22081985559165743,0.027725940726192156,3.2837630568293488,0.53611241997425485,-0.28963512223451193
1,0,1806,69.560334103396059,20.793660395209674,0,0.26021587433630383,0.036423566463107876,3.6626771511930563,0.61684639640745331,-0.28020969820702701
1,0,1807,69.608836334147625,20.6071575430534,0,0.29541710718991476,0.044662238779201814,4.1757202383420271,0.70040497213948871,-0.27601304981451052
1,0,1808,69.657813745948303,20.396190664719139,0,0.32713659377402526,0.052302852168735724,4.7736691565383209,0.78637042089561615,-0.27693120887917255
1,0,1809,69.707371087877689,20.160307871347698,0,0.35533874309618574,0.059228743616560893,5.4154705487374892,0.87336788874955829,-0.2832472612950534
1,0,1810,69.757561066696013,19.901349484499143,0,0.34482882087980965,0.065442266237017432,6.0729278569867411,0.93473529581763748,-0.29456176604516038
1,0,1811,69.808374526535147,19.668024680603903,0,0.26051699980845844,0.051381086511630404,5.9504735431043008,0.78678355476839068,-0.30901643670939849
1,0,1812,69.859710837927665,19.485212580301731,0,0.18603488406464397,0.045776918886289507,6.2437258098442614,0.79562177722916316,-0.323690385742817
1,0,1813,69.911484435395408,19.349195884349349,0,0.12129454277414273,0.03963818679747242,6.4224045412444477,0.80180249977249085,-0.3370352396739838
1,0,1814,69.963560706502037,19.252572497608689,0,0.064805521015564999,0.0335256411023101,6.4973822601598306,0.8000960512462888,-0.34791434277845357
1,0,1815,70.01584857731477,19.192297732183597,0,0.015947674711973059,0.027881473811238473,6.4699354059889167,0.78824885138792189,-0.35539169605442533
1,0,1816,70.068252579359608,19.16265611560635,0.021317709581515094,0,0.023051306967077526,6.3392073877379262,0.76792120575094491,-0.35897019555858845
1,0,1817,70.120706385486983,19.148529161155604,0.015891764534906243,0.00035386187205859566,0.019217383235307542,6.1194573649658395,0.73936368539158459,-0.35862247024856519
1,0,1818,70.173205179333067,19.118105129198458,0,0.051903329376734871,0.016489647497627984,5.8155913442634066,0.71354381238500042,-0.3543729314449135
1,0,1819,70.225832724751697,19.047131116472549,0,0.11269717386504426,0.01473621359638112,5.4693307977686354,0.68601999931397595,-0.3468794290917715
1,0,1820,70.278697226388871,18.937802807142177,0,0.16737909852635824,0.013838775555958539,5.0962607605352357,0.65621906452697143,-0.33669552774371908
1,0,1821,70.33205499869031,18.789438231727576,0,0.1800955117435134,0.039738550430568599,5.9331670536902585,0.78194173369795072,-0.32748915437812159
1,0,1822,70.385787995365902,18.655627931464664,0,0.11441391522141113,0.036882395140047035,5.4382078964043536,0.64543065413018896,-0.32095762717888321
1,0,1823,70.43979008666993,18.566750912834166,0,0.058133662090292818,0.030962928605080261,4.9950734281571059,0.55343108851496015,-0.31544349057412585
1,0,1824,70.493948543306217,18.518007982909996,0,0.010281140665391729,0.022865863384538956,4.5328300806478294,0.52263601468222731,-0.30941030058290758
1,0,1825,70.548155041331199,18.500386448114693,0.030957680522920385,0,0.013621412980704416,3.9909888983444506,0.48757756851834277,-0.30154608470971861
1,0,1826,70.602339905704468,18.502664904166817,0.067839038069994625,0,0.0040220738454874458,3.3415181239923784,0.44144317165833569,-0.29089515790549464
1,0,1827,70.656451280454917,18.522110726784295,0.10092050659467038,0,-0.0052948603756012413,2.5599431779007116,0.38154670326717166,-0.27678791311352441
1,0,1828,70.710445787134276,18.556630568265515,0.13063152182935922,0,-0.013906618495182916,1.6474892672112016,0.31324470402044352,-0.25908797455380056
1,0,1829,70.764290249473575,18.604122751100647,0.15740230911836894,0,-0.021644484561668575,0.65051057468964346,0.24958255696417131,-0.23809640522829328
1,0,1830,70.817953795229656,18.662922260068992,0.18157449193852723,0,-0.028547391228011046,-0.40451544000968137,0.21859309481749545,-0.21427591504513749
1,0,1831,70.871536190999436,18.731636287300116,0.20343896661291569,0,0.011542423959081238,1.5225575310487138,0.33978161364443049,-0.19244339582913522
1,0,1832,70.924896829259893,18.809316370479781,0.22319102876207114,0,0.014632209893784104,0.95776841968182858,0.25677231847347165,-0.17520036961786575
1,0,1833,70.978004632266021,18.895049691788998,0.24102160179687224,0,0.014223474043700854,0.77122175837350226,0.27382204326848619,-0.16215752691946089
1,0,1834,71.030839453539329,18.987999984467525,0.25710917580306786,0,0.011296202885830496,0.71949845129253021,0.29364145464229496,-0.15243701438960511
1,0,1835,71.083398926011611,19.087044527367457,0.27168275371023337,0,0.0068218500905706447,0.65616756502324114,0.31257718739680007,-0.14463240952347262
1,0,1836,71.135664005972231,19.19156558377669,0.28487431337658919,0,0.0014736728131316268,0.51004690581643219,0.32636063295004519,-0.13753518373439313
1,0,1837,71.187627435801218,19.300799980300138,0.2968435452037208,0,-0.0041924424095727657,0.26114449203827161,0.33355727327779949,-0.13009193061327609
1,0,1838,71.239289433564494,19.414035537811117,0.30773899782001807,0,-0.009818770452276188,-0.091530670577132656,0.33834863693931538,-0.12161204453173946
1,0,1839,71.290629038405896,19.530863424266528,0.31765091424199576,0,-0.015182805222080461,-0.54379821216887536,0.35184082891272234,-0.11157439441077791
1,0,1840,71.341663101521064,19.650527238751458,0.32673484800187602,0,-0.018994404298724378,-0.97109878862732923,0.36795294316291993,-0.099884366104594613
1,0,1841,71.392392939356895,19.773365155396956,0.33492982984527486,0,-0.0052362294142821904,-0.31541156930246034,0.36894153961755183,-0.087965956307844706
1,0,1842,71.442813409741859,19.89876806507846,0.34236346126436756,0,-0.0025778314984708588,-0.51513378886016881,0.38250363234439932,-0.077320952848064395
1,0,1843,71.492908016069691,20.026199383517159,0.34914862296179583,0,-0.00058418343178919354,-0.56348669632644588,0.39045455490075098,-0.068333350936481879
1,0,1844,71.542687547944055,20.155343961107992,0.35535370400244143,0,0.00081099492182069182,-0.52350036607130146,0.39470768199547318,-0.061045706198655486
1,0,1845,71.592140549690356,20.286030264665484,0.36101817585594825,0,0.0016674275373266528,-0.43304487652182766,0.39696459629976893,-0.055386683126873434
1,0,1846,71.641281926789844,20.417974519060373,0.36620377379250824,0,0.0021057613384934649,-0.32206616215981965,0.39855205977163555,-0.051042411241018902
1,0,1847,71.690095431596134,20.551029121564966,0.37094482312009364,0,0.0022108770661005213,-0.20925036350944987,0.40016588482549631,-0.047783174108572746
1,0,1848,71.738602724223099,20.684941673592437,0.37529527739441254,0,0.002099701149936991,-0.10661537511789863,0.40205692740198828,-0.045262255628851604
1,0,1849,71.786786819677729,20.819585047699789,0.37928853292302783,0,0.0018480895537472234,-0.021650313938988027,0.40428199697197115,-0.043263915578084247
1,0,1850,71.834664569283461,20.954779367039894,0.38296139900600512,0,-0.0026244503482067303,-0.30723543432774297,0.413335632426994,-0.041559761117248115
1,0,1851,71.882232774772788,21.090327686986537,0.38635861648218772,0,-0.0040461731974541816,-0.25835050569280132,0.41554087168156839,-0.039576581187786071
1,0,1852,71.92949043906404,21.225543962965236,0.36355197622168295,0,-0.0028999667489869384,-0.14760599092196763,0.39089929137278501,-0.036928762558274209
1,0,1853,71.976470651328356,21.343245862284949,0.28315561145833151,0,-0.0010079632767862759,-0.059991144189963305,0.30853310466007222,-0.034025259568526436
1,0,1854,72.023225557008047,21.429767432231245,0.2039683677876705,0,0.0013767507098518767,0.042001097480996952,0.22610308731634304,-0.031319947157435295
1,0,1855,72.069823849761377,21.486462231810048,0.12982558669867447,0,0.0040195346591071629,0.1808885091252852,0.14735791566776166,-0.029248118120180272
1,0,1856,72.116331276255977,21.516250811912002,0.060152637113225708,0,0.0067375900296355691,0.36571305581181407,0.083270495175070708,-0.02812163638355861
1,0,1857,72.162802951655877,21.520132538040393,0,0.0052683961657782616,0.0094036663631689079,0.59805850243952585,0.10337434022149726,-0.02819906044751894
1,0,1858,72.209298028231018,21.494265338883505,0,0.065734545550388088,0.011930353091911781,0.86708871867400328,0.15862366462042096,-0.029622479295185435
1,0,1859,72.255886786225432,21.433701897245051,0,0.12030269280855027,0.014278956858601735,1.1659256060503009,0.22990011194117083,-0.032386765544685066
1,0,1860,72.302646107223822,21.3407384983805,0,0.16946146426011385,0.020172562533125934,1.7238681027470346,0.34243018046092699,-0.036547886884606487
1,0,1861,72.349667214849816,21.21475336031353,0,0.21316236949405273,0.042770652143763868,3.1836083413133527,0.58080565416699426,-0.045184603698577575
1,0,1862,72.396995008663993,21.062372333728348,0,0.25279220922538131,0.033816434445760719,2.8820793280823382,0.49612823045401638,-0.058569175314361274
1,0,1863,72.444694211980149,20.886422538086837,0,0.28895379582641667,0.020049097136167746,2.5044121405166071,0.44766874598468837,-0.07308814542923936
1,0,1864,72.492810325798473,20.688290419324183,0,0.32202285900576233,0.003195755184536964,1.9313919230126801,0.46550966197771149,-0.08540564386798509
1,0,1865,72.541387579782921,20.468972673827395,0,0.3522674263645727,-0.015148801751342139,1.1702035211590602,0.48125054187375882,-0.092864180529225085
1,0,1866,72.590510800906159,20.227782343878516,0,0.37963583639876164,-0.033648684980138607,0.19039442931480638,0.52874306854558872,-0.09301827000329875
1,0,1867,72.640212973760399,19.966239402996738,0,0.40452685647232772,-0.051365860761936173,-1.0634336686048211,0.62885637457804378,-0.084897313970288893
1,0,1868,72.690621971399253,19.682537675355185,0,0.42668446179517922,-0.067723792205556757,-2.6162739315878127,0.76071588757730302,-0.067175939755628994
1,0,1869,72.741781180687511,19.377511777832815,0,0.44639290863970349,-0.082755539171807363,-4.2370906139669602,0.9063135034511326,-0.04062726914889013
1,0,1870,72.793840474058655,19.050269890626737,0,0.42470434693950654,-0.053754008895117583,-3.1803014234621627,0.72424020941752132,-0.0052794590935455526
1,0,1871,72.846778614765455,18.76726207557531,0,0.32699642259670159,-0.030285233520756055,-3.6361342639320937,0.65689606789220467,0.031921443305835163
1,0,1872,72.900425070052805,18.543034319849891,0,0.24153189855198468,-0.027633094888127901,-4.5616623603259265,0.6687215905599192,0.062861887875092601
1,0,1873,72.954669369509901,18.371881005816125,0,0.19600513344266607,-0.028974686335697979,-5.0768817832325688,0.66762943416075549,0.087167262076814897
1,0,1874,73.009411207567425,18.207461693482259,0,0.22522906294074926,-0.033508778405284358,-5.3961641655931762,0.69569415367486787,0.10625042007602102
1,0,1875,73.064710764073624,18.014325094477528,0,0.26958129031080097,-0.040560120959915916,-5.6622948857332567,0.76004403536815779,0.12181423868346239
1,0,1876,73.120688098072975,17.786491686525661,0,0.30911452364271957,-0.049462511982734825,-5.9469041731634684,0.84945354568215603,0.1356681179898411
1,0,1877,73.177490749061249,17.524835325765402,0,0.34417500780039806,-0.059597768843856862,-6.2825725553830463,0.93417251881012942,0.14952873973030462
1,0,1878,73.235248120930493,17.230727102768924,0,0.3752328914992058,-0.070369542411118632,-6.6505461560133243,0.99871220419178164,0.16485321483820103
1,0,1879,73.294104995250379,16.908440352987924,0,0.40336841523661721,-0.081359889988678422,-6.941311675010394,1,0.18281802844276107
1,0,1880,73.354203376034917,16.566288495888749,0,0.38767987093436118,-0.092097702281013244,-7.3258007024160854,1,0.20465510254002039
1,0,1881,73.415567198623336,16.256227357115037,0,0.28382016558837431,-0.085190247459012269,-7.5866536963688533,1,0.23039475887067909
1,0,1882,73.477982897113748,16.013483483279227,0,0.18845925314782427,-0.072137368312988059,-7.548054973465268,0.97252248582803724,0.25594291312301604
1,0,1883,73.541189791295551,15.843035551357559,0,0.10827364335750139,-0.055971758843325135,-7.3007984321926074,0.94006667129087518,0.27699724660774627
1,0,1884,73.604912692953818,15.737295211632546,0,0.041713768070217372,-0.038756767203056687,-6.8854178188036252,0.90330815699680989,0.2904607604965429
1,0,1885,73.668898912421639,15.686328427933674,0.013236777722575905,0,-0.022338835127912109,-6.2529686269629314,0.84240835803973857,0.2944769670300274
1,0,1886,73.732953052580768,15.673815267345605,0.059869503757559311,0,-0.0080796259720359153,-5.363246164134206,0.74445554317048623,0.28836635924034737
1,0,1887,73.796945680567475,15.689244641033595,0.10031227441564788,0,0.0032999139587274419,-4.2201845967684761,0.60415182026522929,0.27278087734436723
1,0,1888,73.860772708318962,15.729010687379581,0.13531020650016543,0,0.011777604181276864,-2.8854262618896858,0.44461008429960586,0.24955235220083752
1,0,1889,73.924344783097041,15.789133261661272,0.16568172540072443,0,0.017941746201105637,-1.5047144970390736,0.30943822946076804,0.22136967668816848
1,0,1890,73.9876016056933,15.865312477477209,0.19230779341934276,0,0.016224993279934791,-0.77930149141358107,0.24254851094263755,0.19118048807627955
1,0,1891,74.050559950631282,15.954732248155626,0.21577132297790258,0,-0.0026475025446784355,-1.0206431948942152,0.2494466767770343,0.1623919043243775
1,0,1892,74.11314429639225,16.05487521528714,0.23659429927603631,0,-0.013003195997657023,-0.98627384475002833,0.27124465764056949,0.1381228191113601
1,0,1893,74.175312246897562,16.163863230976126,0.25516978077312708,0,-0.021862214272907982,-1.2930962545984737,0.29676812766143579,0.11964167490669265
1,0,1894,74.237041065373148,16.280298131890088,0.27179383131914581,0,-0.029202142001764662,-1.7729003479657424,0.3294253960742875,0.10693515313832699
1,0,1895,74.298315255781262,16.402941061871157,0.28672973381223088,0,-0.035238063598688966,-2.3203053551158721,0.37115048267096823,0.099357604667722851
1,0,1896,74.35912457168304,16.530674350727125,0.30021567287606316,0,-0.04026718991735264,-2.8785226797831518,0.4199911100003888,0.096072826216904481
1,0,1897,74.419462978257911,16.662510703660057,0.31246292684008953,0,-0.044586632145526189,-3.4210046787418698,0.47288084480260933,0.096288222945799834
1,0,1898,74.479328066562019,16.797594691421619,0.3236558611938799,0,-0.048456706298001133,-3.9379992821912313,0.52997415337774589,0.099359654790587199
1,0,1899,74.538720516064515,16.935188102939829,0.32607181109606953,0,-0.052089220073137134,-4.4291155703847949,0.59570502843967077,0.10482492189663337
1,0,1900,74.597653959067486,17.067195265994481,0.32006774694274087,0,-0.055641923224667517,-4.8967218538278958,0.66038238136017535,0.11239869315034094
1,0,1901,74.656136703126137,17.198931005113444,0.33103318938840631,0,-0.046786744762571386,-4.7783280794656626,0.64998893290039728,0.12106580608626184
1,0,1902,74.714167819686566,17.334784967717397,0.34080934625656245,0,-0.042551822134373203,-4.8954335863802054,0.67975412160539606,0.12945751625177926
1,0,1903,74.771743271987077,17.473698879476533,0.34961841627243889,0,-0.038426065238859913,-4.9312058566317516,0.69629068019636431,0.13684023787455407
1,0,1904,74.828859711478231,17.615389211351538,0.3575271518532786,0,-0.034666783492887703,-4.8967575182683847,0.70171265643939817,0.14274657701985871
1,0,1905,74.885515164201948,17.759592399065316,0.36459784744027396,0,-0.031409673592443121,-4.8061402446926094,0.69851570451220724,0.14697868921067389
1,0,1906,74.941709076645708,17.906033683050143,0.3708946010987712,0,-0.028701479687738143,-4.6743254408720745,0.68923104401631685,0.1495460652310707
1,0,1907,74.997434620893955,18.05444397880137,0.37647996765928415,0,-0.026534729012693992,-4.5158168554650899,0.67619653280717273,0.15058339379121788
1,0,1908,75.052695030386488,18.20449031835183,0.38142889548615283,0,-0.024848810462086382,-4.3447189877722723,0.66152797250856243,0.15035411244931793
1,0,1909,75.107499111855617,18.355835864069913,0.38581674683688161,0,-0.023558100772454519,-4.172659167244964,0.64682549258475919,0.14916743594917059
1,0,1910,75.16185253112819,18.50817951219279,0.38971139851112807,0,-0.023546657188864582,-4.0650228657190643,0.63509015230995669,0.14732601956685892
1,0,1911,75.215773469459222,18.659849764231115,0.39345448732386584,0,-0.033549007282887094,-4.4496076001060487,0.6444517063514521,0.14620418235331101
1,0,1912,75.269256501432793,18.811479342160784,0.39692650536381568,0,-0.033732952995076421,-4.3650897413669689,0.64598422084594664,0.1467853077195814
1,0,1913,75.322312521857228,18.963447589940987,0.40005833665875923,0,-0.032952584942210594,-4.3466965492627594,0.6535764879335646,0.14874180843036205
1,0,1914,75.374934718009357,19.115488333171125,0.40290970100104762,0,-0.031433508274811943,-4.3536977694170913,0.66289171979707529,0.15169965633069205
1,0,1915,75.427138841663933,19.267445390185028,0.40551806637779708,0,-0.029431243926326799,-4.3573143215624315,0.67094604989209283,0.15516158630877305
1,0,1916,75.47893714548708,19.41924971233982,0.40790259016054659,0,-0.02714860117450478,-4.3417247686969889,0.67610925092690666,0.15869257373013085
1,0,1917,75.530318346012578,19.570259433089532,0.39052397137304518,0,-0.024745481836370434,-4.2977138106864166,0.6605749199063512,0.16190100548407835
1,0,1918,75.581327787786549,19.706454201583671,0.32220743620484305,0,-0.022343147443431705,-4.2245137145435949,0.59960428288317569,0.16452585893015328
1,0,1919,75.632013608100195,19.80966979649514,0.23537317771926894,0,-0.020008637647849322,-4.1190885007553115,0.52666611281988551,0.1663269933234755
1,0,1920,75.682480514359895,19.879008473688572,0.15425337105844006,0,-0.016677336715709958,-3.90469243161699,0.46391181800139597,0.16719671532840732
1,0,1921,75.732787352316393,19.916471171165785,0.078395104038765873,0,-0.0094996794026958407,-3.4820792613687912,0.40855721083220325,0.1661291717223779
1,0,1922,75.783046745119677,19.924474524725383,0.0096566562732930683,0.0023988499139857597,-0.013564442465972767,-3.6566060141549355,0.37691400691743321,0.16331099300810811
1,0,1923,75.833338171273567,19.899293885993036,0,0.058475915644134895,-0.019514632988860501,-3.7892036347912672,0.41126527589629014,0.16005941415044017
1,0,1924,75.883754898134413,19.833704024760717,0,0.11742907421221134,-0.026600628082186981,-3.9682856696334388,0.49113853076134517,0.15770075560598032
1,0,1925,75.934402639910971,19.729485591221493,0,0.17003236005575131,-0.034283713413325173,-4.2356079876825214,0.57483517119206073,0.1574126441683299
1,0,1926,75.985378277340644,19.59012881015251,0,0.21706578600812956,-0.042121656399351205,-4.5994279047958413,0.66004362511014036,0.16006742520346251
1,0,1927,76.036777485848773,19.417981556738525,0,0.25909078788834572,-0.04981510041788987,-5.0473393898400163,0.74610983049954305,0.16625710375162137
1,0,1928,76.088708166236287,19.214394984120432,0,0.29647357133851882,-0.057154356749289648,-5.554292911533909,0.83218011399148761,0.17638940539319889
1,0,1929,76.141249079631976,18.981913742217589,0,0.32983882060340258,-0.064028311677964619,-6.0884031937229599,0.91698659038055619,0.19045235943108182
1,0,1930,76.194534379029193,18.721492924449556,0,0.31981508527495917,-0.060590232652936234,-6.2222029676118584,0.88229694224324817,0.20860244081908394
1,0,1931,76.248515255989858,18.491481756111359,0,0.23317073249310089,-0.053266754831254606,-6.385146640527867,0.84001675328642833,0.22880408134914723
1,0,1932,76.30309068757262,18.316192777929466,0,0.1579420644548834,-0.047858888834380137,-6.5842525157420928,0.83474740111727619,0.24780348301895369
1,0,1933,76.358128608824487,18.190116791686467,0,0.093011539634024795,-0.04234509191963589,-6.685417430786142,0.82747741913852246,0.26419425067560165
1,0,1934,76.413491493749333,18.107838273042752,0,0.037279952496255091,-0.037267608483768165,-6.6922052866920696,0.81403847304766674,0.27701168425052264
1,0,1935,76.469049416852371,18.063238571955907,0.010489776658470467,0,-0.033014051287504127,-6.6096552594916034,0.79306795333261593,0.28582368920609708
1,0,1936,76.524700957045354,18.045697889552958,0.052402330679781006,0,-0.029830699368651396,-6.4454712709638118,0.76771239951239156,0.2905366776590701
1,0,1937,76.580376483859638,18.047360288302407,0.053223359455995836,0,-0.027817288402351047,-6.2231713163899354,0.73236456543543005,0.29142176415385873
1,0,1938,76.636055916317673,18.034400459711343,0,0.021453899513030686,-0.026939141540108263,-5.9590218482595487,0.69795086410688301,0.28897113112448536
1,0,1939,76.69183503363513,17.978518813273332,0,0.089249851163077959,-0.026950022096701734,-5.6826721490798997,0.6764117215973785,0.2840384877085001
1,0,1940,76.747859885626681,17.876845105760584,0,0.14970833710935438,-0.035930379072506555,-5.8260793119548202,0.73610383379963107,0.27741784387664076
1,0,1941,76.804352496554145,17.73031326543331,0,0.16273969686010784,-0.048633515465713401,-6.0404537704119123,0.77568718202980613,0.27173170995679541
1,0,1942,76.861281676735246,17.6014785994027,0,0.095842044254091749,-0.045066618582714893,-5.6921937395905564,0.6576699658554338,0.26847061625813945
1,0,1943,76.91851189035124,17.521319710212421,0,0.039167812159064515,-0.038784063583700477,-5.3717393045032509,0.60630281645176498,0.26604166541264612
1,0,1944,76.975897803480407,17.482704262679952,0.0094712587036535067,0.0007447482537587879,-0.030830273664753664,-5.0109031855948389,0.58206703381973202,0.26287069409275921
1,0,1945,77.033321642343012,17.473081358313692,0.050367070753265922,0,-0.022137514287830912,-4.5644321535421586,0.5517880649055813,0.25770896234809537
1,0,1946,77.090706819992661,17.483789900518961,0.087501243164385151,0,-0.013439203070898544,-4.0169325377499403,0.50882755564671134,0.24971932872514985
1,0,1947,77.14799180265571,17.51265236565316,0.12057884785386229,0,-0.0052472230180337642,-3.3566224975328192,0.45299680149337329,0.23849070288994026
1,0,1948,77.20512314576068,17.557633553648916,0.1500204805517612,0,0.0021555935096087544,-2.5905032966122046,0.38937184044490941,0.22403746459535748
1,0,1949,77.262055496563676,17.616726846610558,0.17624031610935484,0,0.0086952544229343103,-1.7417568317666241,0.32726324529884049,0.20674209905399019
1,0,1950,77.318749312041547,17.688053272727505,0.1996261665464335,0,0.014459356673906951,-0.85152762584788622,0.27848447108388769,0.1872314322544866
1,0,1951,77.375180870401991,17.769861708587896,0.22054038321143676,0,0.010569840514462782,-0.67065108487506497,0.26168129510313337,0.16632467194328709
1,0,1952,77.431357967702198,17.859845321782107,0.21308871468044502,0,-0.00064134026841434577,-0.80396783861729548,0.2441723160222844,0.1462121680179026
1,0,1953,77.487282067669739,17.934796397848807,0.14346548296649156,0,-0.013116050299497008,-1.0850712794310737,0.23248597756927825,0.12909043291723665
1,0,1954,77.54303403763366,17.974612620703034,0.05966583472635003,0,-0.025650362599551519,-1.6022806439018842,0.31181909771816158,0.11658733406853271
1,0,1955,77.598729363505242,17.976365871583301,0.00047880732051504467,0.018609322091597189,-0.03758990642080088,-2.3197425295187792,0.39184067333284928,0.10965319580598712
1,0,1956,77.65450239642395,17.930704057838614,0,0.088156281304789905,-0.048655596283796322,-3.1542800105423594,0.4914446802027207,0.10863789003779981
1,0,1957,77.710515855650982,17.83435326085328,0,0.14987973967629922,-0.058846308558589591,-4.0421041495261312,0.60635006636819433,0.11331156926880398
1,0,1958,77.766932414257454,17.691426434209269,0,0.20425604044880491,-0.06824350474577813,-4.9239847623740278,0.72525594603282362,0.12335872704221648
1,0,1959,77.823912384626311,17.505135300992137,0,0.25207845982327726,-0.076942206993084655,-5.7565081744735194,0.84151429259035371,0.13839631525509469
1,0,1960,77.881617090340882,17.278781590793134,0,0.25104594519227719,-0.083886647631431041,-6.4852065903894802,0.91422701012021523,0.15805122272324715
1,0,1961,77.940070417191905,17.080420874927771,0,0.16798019313070417,-0.067638551523985305,-6.379957545723399,0.79218995563966643,0.18028947444290164
1,0,1962,77.999108681100481,16.941504846595691,0,0.097375595169324994,-0.057309616361293531,-6.5042927230156575,0.80901268295068018,0.20129595930639738
1,0,1963,78.058541601273262,16.853167726180047,0,0.03743693527190118,-0.046314741929974881,-6.4763136268967809,0.80865299395377899,0.21870134059931434
1,0,1964,78.118198747855388,16.808981084311224,0.013256298807863935,0.00011414847010527965,-0.035678773281935104,-6.2867401700373575,0.78937032231500559,0.23079971013535625
1,0,1965,78.177939953764692,16.795311907018309,0.057107678450931773,0,-0.026170445643905325,-5.9341733920072244,0.7525162450001297,0.23662820663558731
1,0,1966,78.237670791201026,16.804350996700272,0.09603974427458721,0,-0.018270744998751823,-5.4347757807735304,0.69433927343227964,0.23597344421236724
1,0,1967,78.297311671344076,16.834069545813392,0.13036130120841027,0,-0.012169560238748673,-4.8030049641125059,0.61760924382582016,0.22927418870849262
1,0,1968,78.356792202038648,16.882227095623279,0.16053665391770186,0,-0.0077840925026779082,-4.0798871698439072,0.53218619104737697,0.21752606202148422
1,0,1969,78.416051883598669,16.946416625835038,0.18706251672692498,0,-0.0048154619842984475,-3.3266857890247681,0.45195037957150624,0.20209794527801758
1,0,1970,78.475040562084772,17.024243000769026,0.21043239321993018,0,-0.0028409491000478261,-2.6051929872748909,0.38871848823181249,0.18447748415429469
1,0,1971,78.533797010545044,17.111257537483617,0.23154972484459851,0,-0.029831246375886539,-3.5592304153690999,0.52264921818374066,0.16862414334741552
1,0,1972,78.59222275632645,17.2068915546404,0.25054123752158614,0,-0.032048089378755001,-3.1885494284079754,0.43424295925984968,0.15651139176411305
1,0,1973,78.65028824605082,17.311145802719594,0.26741910679357433,0,-0.031570408241850173,-3.0739221463362871,0.41751345962180997,0.14786055257934302
1,0,1974,78.707976497742592,17.422577494895432,0.28248359822519392,0,-0.029210042012660895,-3.050171146962636,0.44464900235862198,0.14193890766878478
1,0,1975,78.765274049901151,17.540115463883449,0.29596007849036454,0,-0.025665903132630296,-3.0212545583499635,0.466709178259892,0.13772129530884422
1,0,1976,78.822169940382935,17.662927278973243,0.30802563074081252,0,-0.021485216997652868,-2.9402564545727943,0.4801892614103726,0.13422263137561005
1,0,1977,78.878651875427693,17.790373891806535,0.31881809385617077,0,-0.017068287189168262,-2.788645425488268,0.48432653470059145,0.13064310335520513
1,0,1978,78.934709578403854,17.921892397276196,0.32845987813100053,0,-0.012693100351433699,-2.5640808094371805,0.48016067715279687,0.12640863680820869
1,0,1979,78.990344221839266,18.056899173137836,0.33707669649588418,0,-0.0085236100590283335,-2.2744137824767767,0.46984677811861231,0.1212046907977329
1,0,1980,79.045555607820731,18.194906736957698,0.34477489127904659,0,-0.010044081794301168,-2.3161505275937282,0.46476602508782711,0.1149369293851783
1,0,1981,79.100377410098318,18.333674261495403,0.35201102105214432,0,-0.024541345087186337,-2.9386036659086492,0.47792728941747947,0.10938055023250776
1,0,1982,79.154770455509009,18.474354749956742,0.35856251596087557,0,-0.024603256290639246,-2.7637111410243032,0.48301749858719795,0.10605114665651638
1,0,1983,79.208744617605262,18.616921948823613,0.36444231668857247,0,-0.023073842566641467,-2.7029999168361512,0.49414768831589467,0.10448393590210327
1,0,1984,79.262304974818719,18.760933005643839,0.36974636281037221,0,-0.020460415305950497,-2.6689727058108819,0.50530916903700895,0.10404248546521364
1,0,1985,79.315442658513945,18.906116958957263,0.37453591324874502,0,-0.017174497970210423,-2.6097411614954265,0.51275302583931681,0.10402635629743054
1,0,1986,79.368167765667451,19.052235705615921,0.37886536990961511,0,-0.013574462799892915,-2.4998415646538379,0.51474701583804205,0.10377402272668075
1,0,1987,79.420492389110024,19.199117225210014,0.38277564867394587,0,-0.0099068315434733857,-2.3314155913845691,0.51112121876241023,0.10281668316092195
1,0,1988,79.472399532126303,19.3466514262802,0.38629502491395118,0,-0.0063474804595219265,-2.1014493408876547,0.50234257495113999,0.10077074765570977
1,0,1989,79.523915248723625,19.494668834084525,0.3894634096751165,0,-0.0029941185726854698,-1.8186198985013637,0.48998734389404819,0.097518184725790089
1,0,1990,79.575033089238019,19.643038521381662,0.39231277631699629,0,-0.01119040767414059,-2.3407433797021713,0.49552533607526439,0.092979362955806111
1,0,1991,79.625785910082314,19.79047460078597,0.39510587397889774,0,-0.015782587066187761,-2.3021879957669986,0.49183400576876679,0.088519851840419314
1,0,1992,79.676161195547522,19.938035057182649,0.39763647224245702,0,-0.015682411696091778,-2.1348481050137051,0.490609740127258,0.085692902442757568
1,0,1993,79.726157468817917,20.085600877856844,0.39993354552353677,0,-0.014398060099535965,-2.0470492954347494,0.49336362218216467,0.084254541216393058
1,0,1994,79.775787383737921,20.23302804605061,0.40203088410788662,0,-0.012266068050561896,-1.9777136595386038,0.49658799912438456,0.083666838413262543
1,0,1995,79.82505182538678,20.3802210961789,0.40395239223639667,0,-0.009569114100452884,-1.8885491371863348,0.49800069535219282,0.083363506495101797
1,0,1996,79.873958805187144,20.527129265679864,0.405712866292194,0,-0.0065566663942354213,-1.7581832558437718,0.49633736879290996,0.082819534279956128
1,0,1997,79.922517731141866,20.673717925370639,0.40732371675848411,0,-0.0034263537341344308,-1.5769857720716938,0.49123008416278491,0.081616079840914624
1,0,1998,79.970723696953769,20.819942307043029,0.40879823023948281,0,-0.00032485314244705768,-1.340758689130656,0.48290748211274853,0.07941774602364858
1,0,1999,80.018599082115315,20.965782726327138,0.41014371587448711,0,0.0026507340100571366,-1.0543531499464307,0.47232030719527279,0.0760868815073657
1,0,2000,80.066131839929099,21.111161727648003,0.41138216351510953,0,0.00039341488632503504,-1.1196125387760214,0.46921554534166648,0.071513042430927237
1,0,2001,80.113355189095628,21.255515808862832,0.41262774407151726,0,-0.011029145426716219,-1.6464684023734009,0.47794168337647092,0.067443288357298292
1,0,2002,80.160264741160759,21.399297378146393,0.41379458505278754,0,-0.010761825112646423,-1.4045897996697394,0.4735589942744422,0.065126645447198664
1,0,2003,80.206845124717717,21.542622960930952,0.41486305425436631,0,-0.0090132062881370743,-1.2589486832000176,0.47294514848778596,0.064147743652540126
1,0,2004,80.253120290199845,21.685442168151241,0.41584678747231074,0,-0.00623836134027533,-1.1333110959718771,0.47297572961839562,0.063803438111792121
1,0,2005,80.299094697332663,21.827705334624238,0.41675848510576885,0,-0.0027687360883206563,-0.98246032219500112,0.47165719799015915,0.063446162232902198
1,0,2006,80.344759156424885,21.969345914245768,0.41761684127362747,0,0.0011097262104027962,-0.77489842587879787,0.46757820944487188,0.06242122363000565
1,0,2007,80.390130137153349,22.110356173345544,0.41842460266806347,0,0.0051272260119026736,-0.50092777193120852,0.46054584506770857,0.060234759383418407
1,0,2008,80.435214896070775,22.250704643466882,0.41919168398827944,0,0.0090968300438555218,-0.16156308300501057,0.45126268854848894,0.056533616273329715
1,0,2009,80.480018290121777,22.390338423163616,0.41993233376303585,0,0.012895739178596322,0.24273941762137791,0.45033918282028146,0.051080781117523739
1,0,2010,80.524533358895781,22.529149669416217,0.42067046921264545,0,0.014717919593623809,0.56864558487711703,0.45588067390841214,0.043682950796929722
1,0,2011,80.568782130625522,22.667417789839803,0.42135329270380045,0,0.0084982513470870224,0.41928989520683341,0.45442028185317124,0.035289539075716123
1,0,2012,80.612765820690484,22.805128419960479,0.42198647402890155,0,0.0059619147660242983,0.58933214274083812,0.46105482636453599,0.027124365318865657
1,0,2013,80.656487507352466,22.942140778559988,0.422599683105917,0,0.0033325305218899299,0.67636410035061301,0.4658887383272734,0.019728338500632828
1,0,2014,80.699950984560985,23.078458777196623,0.42319834668128387,0,0.00078867615573277497,0.68425695542768461,0.46795001655482005,0.013515232887843643
1,0,2015,80.74315154300632,23.214079056394354,0.42378223505387358,0,-0.0015354226079241843,0.61873429283653658,0.46701113403437045,0.0087971670572887708
1,0,2016,80.786102211668563,23.349047425078723,0.42434574899565786,0,-0.0035704005977148234,0.49324258838956031,0.46367592150076581,0.0056417542855473997
1,0,2017,80.828806955274388,23.483377911972106,0.42488856299242023,0,-0.0052823743019106877,0.32004509913547374,0.45877786970375362,0.0040504251637063357
1,0,2018,80.871269581823114,23.617073954267997,0.42541235769423819,0,-0.0066699393773870476,0.11085361706934259,0.45322168036652405,0.0039421403652033686
1,0,2019,80.913493870637552,23.750129119603265,0.42592072529051511,0,-0.0077574416795306387,-0.1228451260872418,0.45259602556202477,0.0051777923760527251
1,0,2020,80.955483564238733,23.882529176554733,0.42641767657262392,0,-0.0062274992327120042,-0.17150447314332262,0.45359020257300425,0.0075828541687623765
1,0,2021,80.997241856407257,24.014340502080202,0.4268938819443629,0,-0.0049654561101840407,-0.31230773522044863,0.4573887739018011,0.010632898405706193
1,0,2022,81.038772338521042,24.145508335304608,0.4273626627465294,0,-0.0042550548715185304,-0.46546890348116116,0.46197004556306692,0.013704870670694183
1,0,2023,81.080078285779891,24.276025046666675,0.42782717341390286,0,-0.00362546618966509,-0.58096984613004954,0.46587682051672169,0.01660334809380239
1,0,2024,81.121160697127891,24.405892048501666,0.42828771751847478,0,-0.003117803462584179,-0.66460458322885552,0.46896019741666073,0.01921753770567947
1,0,2025,81.162026094183304,24.535130825385295,0.42874294898436338,0,-0.0027511484049661354,-0.7232444749385647,0.47125945766609911,0.021504768553129782
1,0,2026,81.202677723446413,24.663754233791423,0.42919222383392769,0,-0.0025311194077880599,-0.76313451513510022,0.47290369300973256,0.023465155281506278
1,0,2027,81.24311876247323,24.791774231285366,0.42963503105481654,0,-0.0024520413851044248,-0.79014119883765888,0.47406856105133677,0.025132179777523467
1,0,2028,81.283352322954613,24.919201098831419,0.43007114971533539,0,-0.0025001432467977145,-0.80954004382396472,0.47493793560819969,0.026561744383837231
1,0,2029,81.323381455054204,25.046043280708417,0.43050068249050577,0,-0.0026564535031010396,-0.82586906442490982,0.4756797208704146,0.027822651907102064
1,0,2030,81.36320895617483,25.172306964893259,0.43092414103045557,0,-0.0014864079090754897,-0.7229839100759764,0.47395612249319308,0.028959645102398474
1,0,2031,81.40283528749363,25.298026876176724,0.43133628872147428,0,0.0055710292505978679,-0.20919704396838928,0.4633110463882199,0.02904119462876344
1,0,2032,81.442266324938856,25.42323076048168,0.43173324514892886,0,0.0041370805508965137,-0.34050754486683499,0.46506285142824239,0.027616236764231882
1,0,2033,81.481505309695962,25.54790874058849,0.4321186162238671,0,0.0015392377840772731,-0.44472435544741501,0.46629388154381129,0.025497876866555007
1,0,2034,81.520554808688459,25.671999149696433,0.42239416950827735,0,-0.0019300087305962235,-0.55991497723568373,0.45834054246355682,0.023447915747292488
1,0,2035,81.559419214189035,25.790163203274727,0.37824398139135246,0,-0.0059956526163535279,-0.72169155631926929,0.41710924476225991,0.022214475740900699
1,0,2036,81.598117642284194,25.89053586434903,0.30757224447443865,0,-0.010406365621145001,-0.95324413299559196,0.3483681585230804,0.022477233999596172
1,0,2037,81.636684354757179,25.968681403832043,0.2406586427361421,0,-0.01495056504415096,-1.2643990664708631,0.28248463220947201,0.024782166943581364
1,0,2038,81.675152892513381,26.025884073063676,0.1774476927345964,0,-0.019463868211569549,-1.6558617759495107,0.27440108397877044,0.029557813523905463
1,0,2039,81.713554833481922,26.063287297716336,0.1176972336360578,0,-0.02382420613993208,-2.1209685841909152,0.32817074994319828,0.037111857761058575
1,0,2040,81.751920385815964,26.081873493122796,0.061190499575966915,0,-0.029714031521240351,-2.7605206515995269,0.41252572757011452,0.04764899200731542
1,0,2041,81.790278587058864,26.082258046074266,0.010569461643458167,0.0027812933849480294,-0.030189095895523734,-3.1099575356239151,0.41632726092023581,0.061445168950255154
1,0,2042,81.828652297217843,26.064316780607871,0,0.042499004313485321,-0.026402000295814722,-3.2937477751308775,0.38256619070954834,0.077700711250627483
1,0,2043,81.867069800159641,26.023004829798634,0,0.088679424403759741,-0.020848391934360354,-3.4232555714276747,0.3680536822075029,0.094836371433731803
1,0,2044,81.90556276533114,25.959255950780598,0,0.13095815824041565,-0.013944581339684349,-3.4628429935162095,0.41782743728729921,0.11133337768770379
1,0,2045,81.944160916973885,25.874862839966205,0,0.16971306706711137,-0.0061101200489335926,-3.3865298359900735,0.46697850626205822,0.12580577120987063
1,0,2046,81.982892521866745,25.771436481817304,0,0.20528675619500886,0.002242718985796332,-3.1763338547781839,0.49690034876517025,0.13704069069803118
1,0,2047,82.021785107689226,25.650414053251538,0,0.237988243395404,0.010715599599407419,-2.8183367231352472,0.50485991366431349,0.14402894643306882
1,0,2048,82.060866014912179,25.513051452399914,0,0.26809156144064966,0.018931684193285735,-2.3008550551360765,0.48946516084015679,0.14599142746082475
1,0,2049,82.100162814399795,25.360405824120619,0,0.29583237050599376,0.026548916674280588,-1.6355881437554518,0.45192415006740039,0.14240443560855343
1,0,2050,82.139704630451604,25.193269237571702,0,0.32139652516356237,0.03329095737620387,-0.81864979023473639,0.4439535468837934,0.13298675136487506
1,0,2051,82.179570479621546,25.012050203740721,0,0.3448904091343426,0.00028501410017201407,-2.541500017305256,0.55608701733239307,0.12222382121370394
1,0,2052,82.219726931416545,24.818452976116724,0,0.36668339569179426,0.0014573644978909445,-1.5336069017535785,0.50766495192223127,0.11340525759237975
1,0,2053,82.260195624218397,24.612958796968908,0,0.38690359927800799,0.0051389314157567843,-0.62605096899577339,0.48601263676310402,0.10516144640898363
1,0,2054,82.30100506920121,24.395599688714036,0,0.40559306075453505,0.01091324782061147,0.21754852933679894,0.49846386547195826,0.096477280999473683
1,0,2055,82.342182210259466,24.166495199791086,0,0.42280961775370413,0.018264693579445622,1.010014143383219,0.55622888812184712,0.086306974356549132
1,0,2056,82.38375681037482,23.92567149585819,0,0.43859663884412642,0.026710109275138595,1.808037177484487,0.62700084550287594,0.07361868755753842
1,0,2057,82.425761128597429,23.673062140397178,0,0.45298182215527949,0.035829084115782277,2.6462072801078347,0.70873851739905958,0.057462249711394832
1,0,2058,82.468230601503336,23.408487802094868,0,0.46597344433369026,0.045272149750845585,3.5330394007808139,0.79997934504335033,0.03702613548176819
1,0,2059,82.511204492735743,23.131654129607472,0,0.47756028700019393,0.054761118623305044,4.4544948843993719,0.89871868105453234,0.011656788301275641
1,0,2060,82.554726278990742,22.842269875447027,0,0.452596429156711,0.055212051224949418,4.966103485229258,0.90160925417353244,-0.019155309915874115
1,0,2061,82.598803408322667,22.577939000647266,0,0.3658557480476462,0.048743560047242174,5.30736016626871,0.82374916974197265,-0.053972898834421329
1,0,2062,82.643379323233319,22.359588946364838,0,0.28858281509448319,0.041719787766476404,5.6465359422379597,0.76969398331580907,-0.089307082207895017
1,0,2063,82.688359368509637,22.182126004969831,0,0.21975644500552355,0.033153671213567978,5.8668842960435654,0.78292423984189863,-0.12304671682536858
1,0,2064,82.733660059131523,22.041411504655741,0,0.15854123011557963,0.023676933726502251,5.9595772299054808,0.78900241661726411,-0.15351483084010406
1,0,2065,82.779209009029131,21.934123198771669,0,0.10426744204862191,0.013865563445192464,5.9179172226694678,0.78371861790478681,-0.17931524762739107
1,0,2066,82.824945568930488,21.858544674190046,0,0.056583632806168981,0.0042850986154145312,5.7264441493204288,0.76291277690544901,-0.19903446799966285
1,0,2067,82.870799323635651,21.810559478375581,0,0.014663239937679795,-0.0045755986779498449,5.378595621573627,0.723332027917166,-0.21210554142262147
1,0,2068,82.916715638505949,21.786609154744998,0.022210810950299545,0,-0.012330509404609766,4.8620152510403063,0.66374328400401672,-0.21818648299449503
1,0,2069,82.962653153742195,21.779501787400665,0.05548450467754977,0,-0.018661892303064555,4.1683919487189893,0.58238611505119897,-0.21709766408194001
1,0,2070,83.008581111372081,21.786545793513987,0.085698781445635683,0,-0.02275249891840524,3.3550526380891772,0.48202215593108239,-0.20922592997493558
1,0,2071,83.054482972927602,21.806082830014979,0.11319095035065106,0,-0.020191049819976166,2.7783970297034459,0.37937070663745109,-0.19584482114401539
1,0,2072,83.100342073017828,21.836846395551753,0.13821898483984463,0,-0.014558030255416448,2.1918208990043651,0.28831470910569534,-0.17899719541056189
1,0,2073,83.146129441101394,21.877939030320661,0.16096688942752738,0,-0.0071718814149179114,1.6828992659741446,0.23505784020632323,-0.16094182722174877
1,0,2074,83.191826267365101,21.927453604363098,0.18182044966063801,0,0.0010291322069267746,1.3526572958177994,0.22371585279075701,-0.14385234128121219
1,0,2075,83.237414901182134,21.984248801899394,0.20101114704932793,0,0.0093671623386827347,1.2539103336718107,0.23929813669304789,-0.1293653955655048
1,0,2076,83.282877587211004,22.047558847359493,0.21869919744166064,0,0.017319060758798639,1.397904411019093,0.28136791073499495,-0.11878077273660015
1,0,2077,83.328203532832291,22.116555499025456,0.23505120495774329,0,0.024555215737501454,1.7501844946997647,0.33348511853617724,-0.11280843811306492
1,0,2078,83.373388206844112,22.190410439010432,0.25023764365309958,0,0.030946666898492504,2.2553794102610603,0.39480916320180665,-0.1116093650050306
1,0,2079,83.418426143200236,22.268473687343594,0.26439125025193977,0,0.036475600523187698,2.8615735072710633,0.4648119987141503,-0.11515906451031163
1,0,2080,83.463307030513718,22.350199208246448,0.2776276697991234,0,0.038298295688554272,3.3385358568781696,0.51753124534680905,-0.12335436475997261
1,0,2081,83.5080016778155,22.436803033766335,0.28970430351157761,0,0.024392420287909465,3.0553711664581575,0.45963211133101817,-0.13371980791470067
1,0,2082,83.552524456104663,22.527313768279477,0.30081974506518827,0,0.023505487354904618,3.5679287820256973,0.51114347698150631,-0.14395034581063287
1,0,2083,83.596875740596374,22.620393664008699,0.29044112755948831,0,0.023368032883866657,3.9724726685398708,0.53611393698310283,-0.15396125694814725
1,0,2084,83.641060439792952,22.703021866137249,0.23410253876278411,0,0.023963039839832365,4.3080323980463913,0.52091971204673904,-0.16378929543526918
1,0,2085,83.685113173386569,22.761727732008993,0.16335229986262872,0,0.025226617442433829,4.6033764636062022,0.52986127251774673,-0.17363690044985888
1,0,2086,83.729088358179169,22.79508463584741,0.096923925785423554,0,0.027033005711360171,4.8800744423448101,0.56646613582556993,-0.18378536962875738
1,0,2087,83.773033944885142,22.804620512351292,0.034482643374715086,0,0.029270245033195509,5.1522801396663382,0.60177684325712888,-0.19453757641882397
1,0,2088,83.816995320328829,22.791478910678386,0,0.024236364325877294,0.031825485250078923,5.4247237665437718,0.63579542687459134,-0.20619421707465904
1,0,2089,83.861023365752501,22.748783713975797,0,0.07787623184769811,0.034591453281661598,5.7025481239647426,0.68072408833287579,-0.21905727077559164
1,0,2090,83.905182138065456,22.675927325010491,0,0.093363608596574471,0.035484844114168031,5.9037440522777924,0.70278481399288162,-0.23341111028849876
1,0,2091,83.949476121837762,22.608057111397027,0,0.048381661907956675,0.029473548673386182,5.8389331404101235,0.65143806120576953,-0.24841694523074676
1,0,2092,83.993879419735677,22.564649300763367,0,0.0085111974170793848,0.027353434594957683,5.9658061684556571,0.66554285034199279,-0.26277774625980088
1,0,2093,84.03835176588187,22.541548310715047,0.02708228468266291,0,0.025206956090417742,6.0479019212782408,0.67854957713208419,-0.27609412268478162
1,0,2094,84.082860966108285,22.531787031490047,0.059799976929159455,0,0.023184073408125776,6.0910956823114502,0.68932455262694325,-0.28803041579911171
1,0,2095,84.127381585255307,22.533477296949588,0.090020326238602122,0,0.021399062036742047,6.0989231491347917,0.69658840332796823,-0.29841309219206036
1,0,2096,84.171891364951506,22.545704538639232,0.11793146118570887,0,0.019927327554974034,6.0744925694688057,0.70014163643227323,-0.30717973104680818
1,0,2097,84.216370042905737,22.567781627507117,0.13354690169041114,0,0.018817084759510407,6.0216194101319953,0.69672041925161199,-0.31432828267225177
1,0,2098,84.26080302968019,22.59272925346793,0.10835443401703708,0,0.018087202812745087,5.9461973602104106,0.67757256236355079,-0.3199230153865999
1,0,2099,84.305199526637253,22.602867632520503,0.045407589976961094,0,0.017716374482125482,5.8560701137441065,0.65412829625393876,-0.32408072030075208
1,0,2100,84.34960202120017,22.591391602296614,0,0.014040359383120109,0.021418852958534039,5.9466068293155621,0.68047703165016715,-0.3270678880361228
1,0,2101,84.394081026371396,22.552699412392684,0,0.035972707644046073,0.025314099274804235,6.0016026296084215,0.693151664681807,-0.32998268552825444
1,0,2102,84.438637377504193,22.515741874927215,0.0034735115385302047,0.00087608401583905051,0.024147870834066842,5.8559633393127459,0.66560496300286409,-0.33351808853180881
1,0,2103,84.483236209121699,22.49848703839783,0.037014763992964252,0,0.022068321292824336,5.7057261406059832,0.634316417427782,-0.33705036302046276
1,0,2104,84.527844951090728,22.494062398332755,0.068655108928826022,0,0.019290657027615555,5.5427159399775645,0.61428804876085108,-0.339947794024408
1,0,2105,84.572439067435226,22.501283692594839,0.097760545268670215,0,0.016024728800051333,5.3537200419128554,0.60775678796815058,-0.34167109051785521
1,0,2106,84.61699623356624,22.519317530692593,0.1245008674443405,0,0.012465394750209632,5.1273284884707211,0.59800987918434312,-0.3417535853149043
1,0,2107,84.66149465024057,22.547533045860277,0.14900906285456952,0,0.0087950206363834951,4.8537235552542048,0.58311209577071288,-0.33978534307981706
1,0,2108,84.705913298627507,22.585305852710039,0.17141095023677258,0,0.0051815466756705338,4.5256567965034895,0.56200248870255542,-0.33545463289940536
1,0,2109,84.75023699336991,22.631640834604752,0.19191020389960237,0,0.0017554209430220948,4.1417237751291145,0.53485553758111559,-0.32868328098050631
1,0,2110,84.794452132081361,22.685863924910912,0.21064521475172687,0,0.0068765590941375233,4.252353917679458,0.51667747079957715,-0.31944791014205193
1,0,2111,84.83859573344148,22.746026241749487,0.22800832165425033,0,0.010932320370738616,4.1173730223025329,0.49493707093623823,-0.30908990819584498
1,0,2112,84.882610431496772,22.812640626893202,0.24390303000623997,0,0.012002127610712985,3.8431523772255773,0.47846267486408078,-0.29936254432296427
1,0,2113,84.926480671323205,22.885033589581667,0.25846458422356133,0,0.012625174829852778,3.624916881118323,0.47037277518809434,-0.2904428764149638
1,0,2114,84.970199747767424,22.962483811022565,0.27184131432626907,0,0.012799099119583665,3.4528792576707534,0.46820058311195056,-0.28232961662013545
1,0,2115,85.013760239642806,23.044451175705138,0.28414431207304064,0,0.012547580487331246,3.315260739333703,0.46980030488727154,-0.27494658533332972
1,0,2116,85.05715573982053,23.130468134131569,0.29546901635466921,0,0.011917732723666681,3.1995405942324222,0.4733671363120206,-0.26815506296532876
1,0,2117,85.100379978536068,23.220141255146135,0.3059001573008629,0,0.01097065954293998,3.0939431343289598,0.47747446541299199,-0.26177820232753274
1,0,2118,85.143423627864749,23.313186192949104,0.31549426437798012,0,0.0097722115952417858,2.9880312704034453,0.48101126402646388,-0.25561960684217139
1,0,2119,85.186287995418269,23.408791638904162,0.31108730417190045,0,0.0084018703561356215,2.8736691403942332,0.47120056257994825,-0.24947520201781825
1,0,2120,85.22898110249875,23.499049836693061,0.26671020309210031,0,0.015033127917577173,3.2731889504608702,0.49416281967123477,-0.24321364368140766
1,0,2121,85.271567881331379,23.569422660583832,0.22601304430002797,0,0.024567848393556586,3.7336188945884361,0.51225254438836731,-0.2387027965319401
1,0,2122,85.3140321830695,23.632686378624502,0.24162034024987072,0,0.022646266093501337,3.5846442790759259,0.45295319292917197,-0.23727274877743201
1,0,2123,85.356362755706854,23.70129248931369,0.25599831497214875,0,0.018762450879376752,3.4562289019518069,0.45275916910553177,-0.23767573246887178
1,0,2124,85.398551684635876,23.774765886939679,0.26924667058179064,0,0.013323455128077387,3.2951753725585666,0.47237709633066288,-0.23858409107478359
1,0,2125,85.440590376520532,23.852720775758801,0.28144514862400111,0,0.0067566513972399751,3.0584938210032662,0.48386760011461005,-0.23871587832079458
1,0,2126,85.482470670690361,23.934812785865962,0.29266319519600253,0,-0.00050504235689534372,2.7128190950895053,0.48390803754405709,-0.23689517636148724
1,0,2127,85.52418956071341,24.020625521867771,0.30298754398303379,0,-0.008045342144636123,2.2367781920458576,0.47132486598974382,-0.23220827085297338
1,0,2128,85.565743026864112,24.109806439408409,0.31249110583523759,0,-0.015508433917487746,1.6206971017716829,0.44693650394399598,-0.22395612990688696
1,0,2129,85.60712862002687,24.201963130939522,0.32125470062257372,0,-0.022599699183994307,0.88688511967928363,0.41451279923975176,-0.21168389338677929
1,0,2130,85.648349821589321,24.296660463486763,0.32936763201587838,0,-0.021120190357174058,0.68751872161028904,0.3914253577470721,-0.19520730047685467
1,0,2131,85.689440987588299,24.39416469689478,0.33677886606326257,0,-0.0097563177741764959,0.85706352915272288,0.38280147883046556,-0.17667058091675442
1,0,2132,85.730369876185293,24.494041606612495,0.34357740875558584,0,-0.007281569008993626,0.29153033092806341,0.37408581926314582,-0.1587346999524665
1,0,2133,85.771126117410176,24.595708462233794,0.34988191234374738,0,-0.0052444746100230423,-0.1408579439957757,0.37875187078858213,-0.14195276754174183
1,0,2134,85.811708885333189,24.698883791521894,0.35575072446759209,0,-0.0037484846489854516,-0.45263537555012451,0.39274441609394384,-0.12662769562036527
1,0,2135,85.852117893982822,24.803377716278018,0.36122382282917948,0,-0.0028320198539225406,-0.67183625021050852,0.40462470891681795,-0.11284733445774667
1,0,2136,85.892353183549801,24.909048588787005,0.36633148966879625,0,-0.0024853198833525037,-0.82592685856930259,0.41412495676278721,-0.10053621108756906
1,0,2137,85.932414999330376,25.015776086070591,0.37109969460175574,0,-0.0026641585121960245,-0.93883392769848173,0.42173629307239091,-0.089506119980360344
1,0,2138,85.972303737110991,25.123447696151306,0.37555279897965005,0,-0.0033011126994901443,-1.0306229999765404,0.42817920678753479,-0.079498678571109815
1,0,2139,86.012019930248869,25.231953195333968,0.37971466197854287,0,-0.0043153878821554706,-1.1177388475247576,0.43415092507864494,-0.070220076619339086
1,0,2140,86.051564436186993,25.341183861073333,0.3836087995039319,0,-0.0039013863324307853,-1.0738986287350103,0.43740566889144128,-0.061373413496790361
1,0,2141,86.090939885022081,25.451152115780747,0.38723445684539221,0,-0.0022651349988104461,-0.97130518452796988,0.43921870377017769,-0.053060291839911705
1,0,2142,86.130145635381837,25.561742276506102,0.39061646009680745,0,-0.0013887123007352716,-0.92951251651206335,0.44165278416695636,-0.045624058869240973
1,0,2143,86.169181907845982,25.672855287684737,0.39377627090733042,0,-0.00054028056911083568,-0.87169242537513625,0.44315293901467129,-0.039117009032389821
1,0,2144,86.208049439043108,25.784419992437396,0.39672973346817292,0,0.00025031318783489071,-0.79790708395554655,0.44378989316183071,-0.033551431177086408
1,0,2145,86.246749096521029,25.89637026489314,0.39949164924400643,0,0.00096306861645479767,-0.70932288478602745,0.44369924388664161,-0.028915976140913874
1,0,2146,86.285281864291051,26.008644007850524,0.40207597858843069,0,0.0015868710879173328,-0.60786734503744233,0.44305483978637478,-0.025178332101006978
1,0,2147,86.323648829796767,26.121182544398355,0.40449596352149469,0,0.0021182404410271935,-0.49593469021679443,0.44204294718446258,-0.022288948891858989
1,0,2148,86.36185117244132,26.233930360787511,0.40676418021336785,0,0.0025599167048921388,-0.37613604231680303,0.44084038987703233,-0.020185302732629667
1,0,2149,86.399889904776131,26.346835269124274,0.40889240874841243,0,0.0029192815814779167,-0.25108768449723551,0.43959884941548172,-0.018797266646814012
1,0,2150,86.437762052519616,26.459849452016343,0.41089058006477669,0,0.0032056784949078035,-0.12350458878076896,0.43844667791197262,-0.018063931654078245
1,0,2151,86.475472935632794,26.572924875578682,0.41277212257590551,0,0.0018176326686033793,-0.12613970550104273,0.43994944793793889,-0.01772465002414941
1,0,2152,86.513024172255783,26.686024883271084,0.4145456344821557,0,0.0013403999377520185,-0.044861671810069968,0.44000268387764052,-0.017536352645011705
1,0,2153,86.550417266246214,26.799111112904242,0.41621761483099223,0,0.00087131139826465654,0.017616749141220439,0.44114193050433731,-0.017399485528251369
1,0,2154,86.587653736921396,26.912152081671621,0.41779693227873965,0,0.00043713256264505892,0.061704176354499173,0.44361510300930834,-0.017226213851182542
1,0,2155,86.624735131509851,27.025120807676181,0.41929025046677337,0,5.6865167311280334e-05,0.089066291873083847,0.44568574948897466,-0.016956268397923975
1,0,2156,86.661663018591881,27.137993730920364,0.42070352255815796,0,-0.00025761054560764128,0.10189905075820606,0.44736691645478754,-0.016553714925342942
1,0,2157,86.698435460818075,27.250746662116605,0.42204170816897107,0,-0.00049893945037777631,0.10245524132229454,0.44869657252192224,-0.015999678509984946
1,0,2158,86.735053500797562,27.363358601986949,0.42331221008946324,0,-0.00066667703465659342,0.093474021555197642,0.44974240632221313,-0.015295856936107757
1,0,2159,86.771522508000231,27.475815076508631,0.42451961941212757,0,-0.00076686875739842314,0.07778714043385912,0.45057900109742405,-0.014461377077294574
1,0,2160,86.807844100527902,27.588100186316677,0.42566554282188968,0,-0.00080666264732693694,0.057751639654403844,0.45126786440115157,-0.013519803904270645
1,0,2161,86.844019899207979,27.700199605544814,0.42675523723459569,0,-0.00079511705643809001,0.035470511429242409,0.45186575387510886,-0.012499533365337675
1,0,2162,86.880051524708733,27.812100504856545,0.42779236785192304,0,-0.00074228522339201981,0.012746937590822892,0.45241735768086105,-0.011431005696219899
1,0,2163,86.91593152925806,27.923776635276692,0.42878168749910689,0,-0.00065731217111180643,-0.0087945186123557471,0.4533097670358478,-0.010345493085937294
1,0,2164,86.951670206849386,28.035229251473396,0.4297287270403834,0,-0.00055275965570731483,-0.028040860103602093,0.45462075222701298,-0.0092739591248066876
1,0,2165,86.98726929105537,28.146448973575353,0.43063167458889789,0,-0.00043773334151802419,-0.044247597762359703,0.4558434587301472,-0.0082405794373873742
1,0,2166,87.022730393304585,28.257427601524231,0.43149476216180599,0,-0.00032011450821252716,-0.057005715974035823,0.45696434451357837,-0.0072651840982939754
1,0,2167,87.058050809758043,28.368149921659857,0.43232075055882302,0,-0.00020675802860535951,-0.066050662890976358,0.45797605090773041,-0.0063657452575060485
1,0,2168,87.093230135051968,28.478604645813697,0.43311623033414226,0,-0.00010342432949928334,-0.071417701619271204,0.45888193200780397,-0.0055550060352907247
1,0,2169,87.128276018637081,28.588796954315836,0.43387874423805162,0,-1.3344905849113897e-05,-0.073533230533280064,0.45968644548550619,-0.0048348249730756068
1,0,2170,87.16319003680249,28.69872228985956,0.43460996947207231,0,6.1333374189466065e-05,-0.072769553228083525,0.46039823733758878,-0.0042065439768644167
1,0,2171,87.197969310014969,28.808367263039461,0.43531267888838843,0,0.00011903079614389027,-0.069502667978091667,0.46102789721340987,-0.0036712196403457693
1,0,2172,87.232612600699994,28.917721417504644,0.43599369900275925,0,0.00015935776350794851,-0.064251358460879537,0.46159360370989161,-0.0032252316305004234
1,0,2173,87.267128462162731,29.026796019956421,0.43664809126268594,0,0.0001841519456479166,-0.057640288994371867,0.46210464775260451,-0.0028565108752038413
1,0,2174,87.30151841900404,29.135588841947531,0.43727812240561859,0,0.00019487353516486368,-0.050140899393440158,0.4625738630901774,-0.002556668059551201
1,0,2175,87.335774836443747,29.244076693068831,0.43788774272941755,0,0.00019264586796416264,-0.042190400253074488,0.46301486677562542,-0.0023201659790106715
1,0,2176,87.369904858548495,29.352269731959211,0.43848078524614675,0,0.00018044615159881319,-0.034241861013751464,0.46344107078955538,-0.0021335156014757129
1,0,2177,87.40391326928129,29.460174567234716,0.43905174031080074,0,0.00016079218246248182,-0.026613999802833452,0.46385376248250287,-0.0019859781690871577
1,0,2178,87.437796803388878,29.567778890797097,0.43960417093246384,0,0.00013571009468813487,-0.019585283783313891,0.46426199897588483,-0.0018697955383048994
1,0,2179,87.471553022754819,29.675071777771976,0.44014522867143191,0,0.00010746304690663688,-0.013391798223337652,0.46467720689298397,-0.0017765487709665076
1,0,2180,87.505191806158834,29.782073249173688,0.44066753366229644,0,7.8158590915137507e-05,-0.0080990659451254995,0.46509321705743262,-0.0016975188813155896
1,0,2181,87.538711828210111,29.888776654059068,0.44117363681998883,0,4.9323540012619469e-05,-0.0037866543863556861,0.4655138081337783,-0.0016272233271787194
1,0,2182,87.57210596737319,29.995160061571209,0.44167148846242954,0,2.2592961804087403e-05,-0.0005278211840575287,0.46595146165570833,-0.0015607219380003917
1,0,2183,87.60538672002248,30.101251617208778,0.44215345668988837,0,-1.247281226522448e-06,0.0018097780952284774,0.46645788255777393,-0.001494060830593639
1,0,2184,87.638552398867105,30.207044428639612,0.44262149271731166,0,-2.1477061027749533e-05,0.0032747905507139515,0.46695822287912742,-0.0014248877244202086
1,0,2185,87.671595843848905,30.312516514247609,0.44308383489673658,0,-3.7373418753317418e-05,0.0039196362381573972,0.46743648744705646,-0.0013513051147698895
1,0,2186,87.704529820823851,30.417698541738513,0.44353196950600304,0,-4.9223276135857594e-05,0.0039406892358534963,0.46788840488730815,-0.0012731491084134632
1,0,2187,87.73735010443832,30.522577174278396,0.44396875363313026,0,-5.691723612906881e-05,0.0034307012649856029,0.46831858326655956,-0.0011903036700723207
1,0,2188,87.770053890832955,30.6271419155057,0.44440160126650935,0,-6.0612090465465748e-05,0.0025156114178218471,0.46873670756543601,-0.0011033565123917655
1,0,2189,87.8026519944586,30.731420078041666,0.44482110253854867,0,-6.1034018586203735e-05,0.0013472031587142082,0.46913683780743431,-0.0010136835043682002
1,0,2190,87.835135597728055,30.835385659971525,0.44523296343171942,0,-5.8381034170286096e-05,2.2357915136184334e-05,0.46953196774179834,-0.00092242041845418555
1,0,2191,87.867510403811394,30.939051583419793,0.44564036629293069,0,-5.3421395320092663e-05,-0.0013473498264693761,0.46996542536363067,-0.00083121879188863398
1,0,2192,87.899782730677373,31.042434307435588,0.44603537419192568,0,-4.677385923246617e-05,-0.0026813411392016678,0.4703927688213051,-0.00074140233562751585
1,0,2193,87.931938576138421,31.145492861776749,0.44642885671537075,0,-3.8839030158291078e-05,-0.0038926887647527707,0.47081624100685587,-0.00065481634016573479
1,0,2194,87.963994721253471,31.248272055550576,0.44681255521519975,0,-3.031878482113101e-05,-0.0049465517494357916,0.47122716997033881,-0.0005722756490977736
1,0,2195,87.995944064845489,31.3507509525001,0.44718905489189464,0,-2.1626810239256248e-05,-0.0057961080377384134,0.47162706483700045,-0.00049513499932550141
1,0,2196,88.027787776493156,31.452930682523082,0.44756428018377215,0,-1.3212110137349981e-05,-0.006419505747018486,0.4720211384462582,-0.00042430291159988937
1,0,2197,88.059534277628586,31.554834612795563,0.44792844547433019,0,-5.3559923337688316e-06,-0.0068270395905428074,0.47240018447816007,-0.00035985889092229499
1,0,2198,88.091169663863781,31.656421447274099,0.44829329439689924,0,1.5570937702964886e-06,-0.0069914114231236571,0.47277489726394056,-0.0003031887876870031
1,0,2199,88.122710982767231,31.757738585486852,0.44864880900307602,0,7.4905206565067706e-06,-0.006962408291345124,0.47313666923389425,-0.00025326746213236693
1,0,2200,88.154147556222085,31.858754547738265,0.44900068016696143,0,1.2217731768215849e-05,-0.0067387456499390704,0.47349092725133951,-0.00021081881776313199
1,0,2201,88.185486716342197,31.959488732101338,0.44935023396849716,0,1.5793745258233644e-05,-0.0063591028144031033,0.47383973464701673,-0.00017508487416835464
1,0,2202,88.21672848258163,32.059941100115275,0.44969169089967775,0,1.8211512337410719e-05,-0.0058524986518042228,0.47417814163345795,-0.00014570990744017703
1,0,2203,88.247869368329276,32.160099691785355,0.45003462681613915,0,1.9484015674051956e-05,-0.0052487493071710235,0.4745159478986441,-0.00012237248187248361
1,0,2204,88.278919328270916,32.259993432962062,0.45036791500851486,0,1.9806966567737984e-05,-0.0045853452406464145,0.47484325409449574,-0.00010394580539614665
1,0,2205,88.309865739347089,32.359583997885274,0.45070381122267217,0,1.9185744091860864e-05,-0.0038876307556414517,0.47517233648093199,-9.0377702212808279e-05
1,0,2206,88.340725396078412,32.458920115477525,0.45103072693193441,0,1.7901137266100786e-05,-0.0031860881729013691,0.47549271163642365,-8.0266208512174168e-05
1,0,2207,88.371482489360801,32.55795454451782,0.45135922734782014,0,1.5998205029791506e-05,-0.0025065247934964985,0.47581504077248338,-7.3500686482784136e-05
1,0,2208,88.402153357984787,32.656734402702199,0.45168095122478585,0,1.372238555751499e-05,-0.0018650488455418458,0.47613164048295037,-6.8925537277525077e-05
1,0,2209,88.432726140073243,32.755224361131837,0.45200186554200616,0,1.1175758859795917e-05,-0.0012836986719388238,0.47644868399913498,-6.6219068556674807e-05
1,0,2210,88.46321180847653,32.853455717271018,0.45231951591216685,0,8.5244740908452119e-06,-0.0007681332419335324,0.47676393620292612,-6.4628779471439439e-05
1,0,2211,88.493603077536136,32.951406958630763,0.45263410296044959,0,5.8622234211552761e-06,-0.00033392632260220977,0.47707790976034836,-6.3767841445402045e-05
1,0,2212,88.523907054161285,33.049097852636976,0.45294757281608361,0,3.3092830092999245e-06,2.1614567689843183e-05,0.47739386185013949,-6.3166269580555251e-05
1,0,2213,88.554119553856111,33.146516256844784,0.45325681204781698,0,9.6416603179997766e-07,0.00029412616245529859,0.47771666843556954,-6.2508584428957247e-05
1,0,2214,88.584245269230252,33.243674761723589,0.45356613241108085,0,-1.1123981561780499e-06,0.00048981618402069865,0.4780385280674716,-6.1536646897155934e-05
1,0,2215,88.614281689654746,33.340566305455056,0.45387081479198937,0,-2.8639481810237745e-06,0.00061086653097147149,0.47835440456292466,-6.0064682217287389e-05
1,0,2216,88.64423249800555,33.437200513349509,0.45417607678095467,0,-4.2725430993494374e-06,0.00066698782415695673,0.47866949367058875,-5.7998707185286062e-05
1,0,2217,88.674095476634832,33.533571243269272,0.45447688652608648,0,-5.3167134099520262e-06,0.00066437580972249352,0.47897910054602505,-5.5274031634500025e-05
1,0,2218,88.70387465751628,33.629689253103429,0.45477817147628197,0,-6.015940849680052e-06,0.0006148246625448813,0.47928818705719928,-5.1922810317859628e-05
1,0,2219,88.733566780170761,33.725545261793108,0.45507575943509582,0,-6.3730098546716499e-06,0.00052596183903275574,0.4795929132798572,-4.7966338568667135e-05
1,0,2220,88.763177540091135,33.821155168432348,0.45537307633275187,0,-6.4348720039489693e-06,0.00041008396019714732,0.47989681403171569,-4.352293166227039e-05
1,0,2221,88.792701341911339,33.916502572826339,0.45566812576306004,0,-6.1948210605111337e-06,0.00027665576586748982,0.48019817251795605,-3.8666406882434658e-05
1,0,2222,88.822146815958973,34.011612457632538,0.45596135532396065,0,-5.7322047233511792e-06,0.00013484700154199505,0.48049760739834907,-3.3559250318245043e-05
1,0,2223,88.851504782385945,34.106457379740291,0.45625464073731503,0,-5.0743575141658481e-06,-8.4339200940040625e-06,0.48079823824600471,-2.831392850045333e-05
1,0,2224,88.880788035847118,34.201075302362888,0.45654343223115806,0,-4.2933138483980363e-06,-0.00014647081907021421,0.48109837615971773,-2.3075260096388026e-05
1,0,2225,88.909982603637118,34.295423743407845,0.45683526937087943,0,-3.4169720937564681e-06,-0.00027187885496896409,0.48140199901013514,-1.798567668913304e-05
1,0,2226,88.939104952866046,34.38955250628959,0.45712029317755276,0,-2.5029339538515409e-06,-0.00038276769891975514,0.48169879744165262,-1.3124251108080203e-05
1,0,2227,88.968140192089095,34.483415615186694,0.45741006108769355,0,-1.5874077823914922e-06,-0.00047244339821988325,0.4819996955860204,-8.6499286681726281e-06
1,0,2228,88.997102517000314,34.577056714619964,0.45769273974863223,0,-7.0348213422592614e-07,-0.00054228298574291573,0.48229339442921343,-4.5784359490157344e-06
1,0,2229,89.02598282113108,34.670446955883598,0.45797983155881034,0,1.1386154543475294e-07,-0.00058867646481724014,0.48259082738904391,-1.0279805928095463e-06
1,0,2230,89.054787445911316,34.763606456324162,0.45826116738862194,0,8.4513312548133415e-07,-0.00061346496074398999,0.48288229963456097,1.9977342578296281e-06
1,0,2231,89.083515653368949,34.856531726908955,0.45854481125834018,0,1.4476301264462798e-06,-0.0006192565316128541,0.48317558186073645,4.469134513252472e-06
1,0,2232,89.112164856791722,34.94921563476629,0.45882611397881129,0,1.9189230224614172e-06,-0.00060554260610837512,0.48346621399090922,6.366599176501223e-06
1,0,2233,89.140743743107564,35.041683789131625,0.45910509390510479,0,2.2723581536852973e-06,-0.00057615105620705518,0.48375429310147461,7.7685950787102064e-06
1,0,2234,89.169239759537319,35.133897881492516,0.45938695962520182,0,2.4873975959553295e-06,-0.00053124240866661793,0.48404480510128794,8.6219512615471781e-06
1,0,2235,89.197667758043821,35.225903374082691,0.45966238635884477,0,2.5932952824216071e-06,-0.0004762808733770818,0.48432894312644909,9.064653810522049e-06
1,0,2236,89.226017059620986,35.317666671128933,0.45994260312186275,0,2.5822345551833654e-06,-0.00041287154362073088,0.48461748220751683,9.0875477913445773e-06
1,0,2237,89.254294969548511,35.40921099779866,0.4602174674239165,0,2.4763870809071404e-06,-0.00034471295677865424,0.4849007977434292,8.7863216029617452e-06
1,0,2238,89.282501560594781,35.500535436170374,0.46049414156990537,0,2.2892258793413848e-06,-0.00027458896545124237,0.48518579865089712,8.2213628637361422e-06
1,0,2239,89.310631513890556,35.591624386417543,0.46077065960098362,0,2.0308224150254862e-06,-0.00020516818423874141,0.4854706601717389,7.4401346828645203e-06
1,0,2240,89.338695600474551,35.682510333433413,0.461042181159523,0,1.7256698682699331e-06,-0.0001385254157549978,0.48575079721411774,6.5300124525032884e-06
1,0,2241,89.366682053309532,35.7731565816649,0.46131852957007763,0,1.4349677050747681e-06,-7.2946555419426627e-05,0.48603556757821287,5.5283546009474452e-06
1,0,2242,89.394601141902086,35.863595458034439,0.46158931718415264,0,1.1111969473441081e-06,-1.5326201435604493e-05,0.48631518324076833,4.492046493850944e-06
1,0,2243,89.422451154247298,35.953820608293491,0.46186238607061569,0,7.8678869544211202e-07,3.5174112157081873e-05,0.48659859920160908,3.4620741255341389e-06
1,0,2244,89.45022727967708,36.043817979076579,0.46213551302481365,0,4.7417756249899815e-07,7.7230040203960594e-05,0.48688253387291525,2.4787021905976349e-06
1,0,2245,89.477939596864701,36.133618115910821,0.46240341780571498,0,1.8103102803600477e-07,0.00011159119980960442,0.48716131307357546,1.5640665669582958e-06
1,0,2246,89.50557844659609,36.223190603640923,0.46267618731015364,0,-8.0973762638078593e-08,0.00013699297636812074,0.48744455269556436,7.5400405288906588e-07
1,0,2247,89.533150626838164,36.312557293136827,0.46294455646126109,0,-3.0849090874538221e-07,0.00015444811188387853,0.4877234173155281,5.5768798571475226e-08
1,0,2248,89.56065898511612,36.401725994351679,0.46321295379722832,0,-4.9900065275209383e-07,0.00016468322008267465,0.48800215509905243,-5.2579311068114843e-07
1,0,2249,89.58809297117341,36.490664406402317,0.46348388816943942,0,-6.4345439091386056e-07,0.00016723144066929741,0.48828315352643092,-9.6629554347732064e-07
1,0,2250,89.615465119427995,36.579411443886329,0.46374925470628897,0,-7.8560708836979651e-07,0.00016092919962282142,0.4885586424007885,-1.2903021993553153e-06
1,0,2251,89.642770846342728,36.667952005596469,0.46401788727198784,0,-8.7203750325085692e-07,0.00015101927496894533,0.48883717383660208,-1.4884097545871256e-06
1,0,2252,89.670007501143772,36.756278739018398,0.46428619632857265,0,-9.0717783988136187e-07,0.00013734105288522712,0.48911531408049397,-1.5581894844264277e-06
1,0,2253,89.697183429789263,36.84441698142799,0.46454962344462603,0,-9.0696898759821268e-07,0.00012054699470751324,0.48938872145835338,-1.5268459408654412e-06
1,0,2254,89.724291399854792,36.93234369648286,0.46481755883108217,0,-8.7107009961065408e-07,0.00010132207361048375,0.48966638213090358,-1.3989428289059365e-06
1,0,2255,89.751334465608977,37.020069273586827,0.46508294311027931,0,-8.056180408749238e-07,8.0784594254776197e-05,0.48994157520468462,-1.1967670551460371e-06
1,0,2256,89.778317889568882,37.107609270722612,0.46534577409782357,0,-7.1744821263278452e-07,5.9879734182262024e-05,0.49021431880128846,-9.4293113868974749e-07
1,0,2257,89.80523283760661,37.194936039754566,0.4656125602425471,0,-6.0892283648159916e-07,3.9481299733996029e-05,0.49049084834502021,-6.5017315374762967e-07
1,0,2258,89.832085961258002,37.282070957499677,0.46047809783036425,0,-4.8733975483072277e-07,2.0291499731310596e-05,0.48559941390536199,-3.4048401378260025e-07
1,0,2259,89.858880864518781,37.367666481760288,0.44638672062406681,0,-3.5796288969417104e-07,2.810100676396233e-06,0.47209620483658421,-2.9869832756922573e-08
1,0,2260,89.885610158059308,37.449565553629114,0.43008688927417715,0,-2.2030969414984917e-07,-1.1698878984600556e-05,0.45636943564224625,2.6403614822346442e-07
1,0,2261,89.912284180329735,37.527879095063966,0.41442418098720646,0,-8.5461884491065317e-08,-2.3760334509047455e-05,0.44116231155499303,5.2749466606267753e-07
1,0,2262,89.938907126827615,37.602867094425285,0.3994265811149435,0,1.81578219161263e-08,-3.5246383486848438e-05,0.42651500604044829,7.5238804341987404e-07
1,0,2263,89.965473492074665,37.67417099706676,0.38516580058664768,0,1.0501017209154501e-07,-4.3766041643335916e-05,0.41249558001371439,9.2940467575923752e-07
1,0,2264,89.991992211035537,37.742372497341492,0.37152550053170136,0,1.7513935798651142e-07,-4.9761276066314469e-05,0.39901127935053238,1.0634703604980305e-06
1,0,2265,90.018466850839232,37.807703802012576,0.35845923959748555,0,2.2811946469935185e-07,-5.3486407197221487e-05,0.38602722426236802,1.1571894002674589e-06
1,0,2266,90.044893282580162,37.869895990061003,0.34602080198779905,0,2.6100035392051854e-07,-5.4908291024905411e-05,0.37359627904111181,1.2080952180548299e-06
1,0,2267,90.071277953573286,37.929368826965813,0.33412623460683821,0,2.7588787174260826e-07,-5.4572278850477836e-05,0.36164957236093576,1.2248371976497647e-06
1,0,2268,90.09762449407566,37.986358659019764,0.32272826819604755,0,2.7436398438772507e-07,-5.2890300011671861e-05,0.3501491663220761,1.2142993164037311e-06
1,0,2269,90.123930302594303,38.040696030192898,0.31186079396142125,0,2.5590673791693714e-07,-5.0121427007746053e-05,0.33913004839779343,1.1806374546125373e-06
1,0,2270,90.150198988981202,38.092615953534889,0.30147680929302306,0,-0.0025397049181155938,-0.21509480863432343,0.33174748587881897,3.3215306010237576e-05
1,0,2271,90.176434649029233,38.142351150416616,0.29152976991667651,0,-0.0048185426650855156,-0.38575204974795052,0.32400070654345009,0.00066755177327955427
1,0,2272,90.202636258285807,38.189853851970952,0.28202922960581028,0,-0.004092978230887845,-0.32546054238306193,0.31325447910995113,0.0023515398365126566
1,0,2273,90.228804544159942,38.235199473186654,0.27296010536266951,0,-0.0027275689954706045,-0.25371567056098115,0.30293641437675711,0.0046202857490353771
1,0,2274,90.254944091397391,38.278690685726694,0.26426186285466147,0,-0.00082844768784991608,-0.16213826842033324,0.29291972452380632,0.006919326092233901
1,0,2275,90.281055131411946,38.320343218519383,0.25593135629612412,0,0.0015648701570679646,-0.042303834858244738,0.2831630261806421,0.008781550883808345
1,0,2276,90.307135685666523,38.36001858715251,0.24799628256949879,0,0.0044262473029803894,0.11517891706243927,0.27603370753240142,0.0095996644211135945
1,0,2277,90.333191157273419,38.398043483157025,0.24039130336859485,0,0.0076109637463495959,0.31294454303741731,0.2705474173386887,0.0090624855391528217
1,0,2278,90.359222733628542,38.434459042137355,0.2331081915725296,0,0.011045207144400836,0.5574645680625695,0.26547380864588355,0.0067985074561194474
1,0,2279,90.385228235284018,38.469041801344581,0.22619163973108461,0,0.014673311481575618,0.86363331416474776,0.26115065220443906,0.0020718723387527739
1,0,2280,90.411212467104093,38.502031049379397,0.21959379012412103,0,0.017907383079159782,1.1938003730381817,0.26055004692493705,-0.0051804127149730535
1,0,2281,90.437177355377628,38.533503319253093,0.21329933614938118,0,0.018920685302630864,1.4269765272969501,0.26486755353635005,-0.015010509308701726
1,0,2282,90.463122102776225,38.563475800048749,0.20730483999025029,0,0.01838528135948064,1.6330264881578975,0.26638342552238647,-0.027165278174713592
1,0,2283,90.489047570175416,38.592060071181258,0.20158798576374845,0,0.016927931533414466,1.8430931226724552,0.26729532692797908,-0.040883967720355699
1,0,2284,90.514955698145442,38.619423678044193,0.19611526439116128,0,0.014685126806496073,2.0421035874761584,0.27878437335493961,-0.055382241941904241
1,0,2285,90.540846246395319,38.645582863968393,0.1908834272063224,0,0.011712193455356835,2.2158834460395189,0.29681237564682017,-0.070049607592777396
1,0,2286,90.56671715568207,38.67044310134591,0.18591137973081764,0,0.008026735409812415,2.3451007111659838,0.31721406940413605,-0.084138478424814381
1,0,2287,90.592571287625958,38.694236246186655,0.18115275076266926,0,0.0038322241591069459,2.4233675424343519,0.33699287453859816,-0.097094074240960962
1,0,2288,90.61840885262157,38.717013454880366,0.17659730902392676,0,-0.00077204570334780769,2.4408954249100741,0.35391088148856775,-0.10839207572237079
1,0,2289,90.644228042082162,38.738708884316388,0.17225822313672293,0,-0.0057089477250092339,2.3783120949951515,0.36513203195073934,-0.11719233803510691
1,0,2290,90.670031620542602,38.75947086823642,0.16810582635271631,0,-0.0079168390182603396,2.4709064495788344,0.37349315196997812,-0.12318953402502093
1,0,2291,90.695824656539543,38.77929793773874,0.16414041245225303,0,-0.0082218981600762023,2.6200090938868912,0.37709719264850045,-0.12683166590253758
1,0,2292,90.721606023399502,38.79823638378106,0.16035272324378891,0,-0.0099448205511029255,2.562388250446721,0.37181623008096493,-0.12871070514497793
1,0,2293,90.747374043142628,38.816367584329974,0.15672648313400533,0,-0.011293076756341258,2.4566088136088338,0.36049380044691548,-0.12881128248213417
1,0,2294,90.773130810576546,38.833855680530341,0.15322886389393242,0,-0.012296640765096841,2.3105706537809385,0.34421538938095209,-0.12739885221035763
1,0,2295,90.798876758083694,38.850754170325708,0.14984916593485909,0,-0.012951740526030152,2.1268350863436534,0.32349819445584649,-0.12454969225617779
1,0,2296,90.824610806254327,38.867032261396957,0.14659354772060915,0,-0.013213311319498836,1.9040270306045386,0.29861523647692362,-0.12018199374189792
1,0,2297,90.85033452317046,38.882786891933101,0.14344262161337956,0,-0.013134560695379199,1.6505568047292751,0.27106509985034394,-0.11458423092473605
1,0,2298,90.876048599193822,38.898056560290186,0.14038868794196238,0,-0.012748547174928702,1.372370150931157,0.2421592090521649,-0.10794206228425621
1,0,2299,90.9017528305816,38.912824567067929,0.13743508658641454,0,-0.0120687935622662,1.0742018888656286,0.21343927058924125,-0.10036721943729909
1,0,2300,90.927446948380208,38.927058331020774,0.13458833379584481,0,-0.011042895467211397,0.76916865110024235,0.18719946708903321,-0.09200706651855689
1,0,2301,90.953132463402,38.940811757413584,0.13183764851728391,0,-0.0097107444757961008,0.46847797573962968,0.1654108423308959,-0.083162691437088085
1,0,2302,90.978809596944558,38.954076416960135,0.12918471660797323,0,-0.0082924642408687757,0.16461913562906452,0.14989075389880652,-0.074039668562146763
1,0,2303,91.004477450277335,38.966770583583894,0.12664588328322207,0,-0.0067493500594955373,-0.12352346991836667,0.14464654549929806,-0.064830241288804089
1,0,2304,91.030137193916374,38.978939573637568,0.12421208527248671,0,-0.005149747419436107,-0.38445563252673964,0.14842215035143616,-0.055740770745923159
1,0,2305,91.055789412239491,38.990602060188927,0.12187958796221468,0,-0.0035431139181426696,-0.61272182261814767,0.1566176146786058,-0.046924657773087498
1,0,2306,91.081434069258165,39.00174174154786,0.11965165169042885,0,-0.0019740083966737301,-0.80519082994139779,0.16692610828384391,-0.038538481566350376
1,0,2307,91.107070889194105,39.012331008946894,0.117533798210621,0,-0.00049146694773775923,-0.95808247424644399,0.17715459717579157,-0.030759448608415885
1,0,2308,91.132701117533287,39.022456035483948,0.11550879290320998,0,0.00088091273212768874,-1.0762753274059949,0.18590183209627628,-0.02361364224354184
1,0,2309,91.158325029781849,39.032139660025429,0.11357206799491393,0,0.0021185286376901474,-1.1605386036396264,0.19240864909842545,-0.017166708097515793
1,0,2310,91.183942163274679,39.041358148171987,0.11172837036560347,0,0.0031803545892660889,-1.2081740608706115,0.19588981178714424,-0.011563148616289799
1,0,2311,91.209553257892537,39.050173123267641,0.10996537534647154,0,0.0040615460070185481,-1.223548777119178,0.19638085316750173,-0.0067777246339914077
1,0,2312,91.235158873747864,39.058632773429309,0.10827344531413892,0,0.0047625445755957565,-1.2104665195238007,0.19409919463621866,-0.0027746777761537954
1,0,2313,91.260759113732419,39.06675441759878,0.10664911648024476,0,0.0052754363455727827,-1.1707216038615149,0.18919487037181471,0.00043891439783204882
1,0,2314,91.286353567177727,39.074524124257501,0.10509517514850085,0,0.0055781419972677883,-1.1044195630838787,0.18176243723948066,0.0027981470564288754
1,0,2315,91.311943231964179,39.082010807595864,0.10359783848082743,0,0.0057056423149303512,-1.018465432518173,0.17262327778255443,0.0044646627269966516
1,0,2316,91.33752828850831,39.089230091216436,0.10215398175671364,0,0.0056679134362042178,-0.91603344557928867,0.16228086060058927,0.0054916713351043749
1,0,2317,91.363108480645522,39.09617016709911,0.10076596658017788,0,0.0054646267532368759,-0.7995318049962763,0.15129302343743936,0.005890879613960294
1,0,2318,91.388684092246962,39.102847502736523,0.09943049945269615,0,0.0051187578572806768,-0.67346827483120553,0.14039953139693723,0.005759136112032201
1,0,2319,91.414255622382228,39.109288624479696,0.098142275104060595,0,0.0046609570457370906,-0.54237254517829547,0.13023988593174224,0.0052164572053725522
1,0,2320,91.439823215316764,39.11549836782838,0.096900326434324738,0,0.0041115374935659817,-0.4097582238028642,0.12136190198541619,0.0043404951654215729
1,0,2321,91.465386377329494,39.121441626018182,0.095711674796363666,0,0.0034832955765931829,-0.27990926715638498,0.11454464992776926,0.0031785377553499748
1,0,2322,91.490945897364128,39.127160135512405,0.094567972897519531,0,0.0028123758263860509,-0.15604688632010369,0.1097243167640192,0.0018591528297381727
1,0,2323,91.516501929217029,39.132658550210664,0.093468289957867823,0,0.002120278133333129,-0.040942816842091688,0.10682593531471463,0.00045563653692844917
1,0,2324,91.542054390175068,39.13792686889969,0.092414626220062787,0,0.0014284375182054608,0.061573478717700358,0.10625117943364353,-0.00096213204060905473
1,0,2325,91.567603284338318,39.142961268292652,0.091407746341469878,0,0.00075977316232275023,0.14834300649545851,0.10713673265266778,-0.002321222881622518
1,0,2326,91.593149109267685,39.147792003388773,0.090441599322246422,0,0.0001295376761360591,0.22005427467770367,0.10843350319237638,-0.0035726318307972098
1,0,2327,91.618691985222227,39.152425981442718,0.089514803711457189,0,-0.00044891036989735923,0.27641693291860686,0.10972725844063007,-0.0046760260376458012
1,0,2328,91.644231658959185,39.156846139094768,0.088630772181046105,0,-0.00095488513350758209,0.31550808994997681,0.11062648460238728,-0.0055719242634300363
1,0,2329,91.669768527440823,39.161079701255339,0.087784059748933177,0,-0.0013850167706412275,0.33932985581742559,0.11093809047357275,-0.0062523416429852673
1,0,2330,91.695302815282176,39.165142765945461,0.086971446810907377,0,-0.0017368867602392396,0.34932236633891101,0.11059582747057285,-0.0067131820825641489
1,0,2331,91.720834560553968,39.169039273255848,0.086192145348830865,0,-0.0020054715666735856,0.34621114126309854,0.10958096432204481,-0.006944227899034941
1,0,2332,91.746363581869034,39.17275913125718,0.085448173748564574,0,-0.0021803011599552031,0.33004927235557996,0.10790225344648902,-0.0069224862692800829
1,0,2333,91.771890340641775,39.176333634121718,0.084733273175657042,0,-0.0022759092798125928,0.30416525961310797,0.10578364464276693,-0.0066931773362580551
1,0,2334,91.79741492346686,39.17976926777115,0.084046146445770673,0,-0.0022962606627991056,0.27011010282988923,0.10337900180302169,-0.0062728073356330691
1,0,2335,91.82293722291584,39.183059856153236,0.083388028769353181,0,-0.002240973166487711,0.22905892739791933,0.10086115822668951,-0.005668604673277065
1,0,2336,91.848457358340141,39.186213218127151,0.082757356374570004,0,-0.0021194419402691626,0.1831159417539166,0.098429575989769202,-0.0049128156870824379
1,0,2337,91.873975577061827,39.18924487832993,0.08215102433401382,0,-0.0019455965906226007,0.13445021191864234,0.096229485298681708,-0.0040468268278477278
1,0,2338,91.899491950793177,39.192158978253701,0.081568204349260279,0,-0.0017283567159602326,0.084665701814388622,0.094364967561846452,-0.0030995563196269051
1,0,2339,91.925006273115329,39.19494158515208,0.081011682969583942,0,-0.0014731303613820437,0.035581587482042126,0.092964071699054546,-0.0020967303789399855
1,0,2340,91.950518877189836,39.197613277001842,0.080477344599631115,0,-0.0011956904283145972,-0.011288042660079512,0.092102599412146741,-0.0010786406369648783
1,0,2341,91.976029855845354,39.200179377228331,0.079964124554334035,0,-0.00090589185389408915,-0.054656802105290746,0.091818825534790927,-7.3258133087742957e-05
1,0,2342,92.001539196767851,39.202638461240731,0.079472307751854668,0,-0.00061288624570784902,-0.093189921441334395,0.091821347020683536,0.00089119044702538723
1,0,2343,92.027046853925,39.204986990488671,0.079002601902266281,0,-0.00032675486123772291,-0.12564111422289553,0.091977620271235114,0.001783605000284927
1,0,2344,92.05255308275882,39.207241465857209,0.078551706828557943,0,-5.4734571293540843e-05,-0.15218345634115582,0.092165341993091968,0.0025914235847529
1,0,2345,92.078057938717052,39.209405468142371,0.078118906371525437,0,0.00019703998847450273,-0.17256145253354799,0.09230294324957361,0.0032997817321279315
1,0,2346,92.103561329970361,39.211473044610628,0.077705391077875385,0,0.00042003730702961474,-0.18598659393003089,0.092308166467161348,0.0038835836977677879
1,0,2347,92.129063386399537,39.21345298408923,0.077309403182154152,0,0.00061099199406135284,-0.19291818285469364,0.092140815658957029,0.0043400540814521466
1,0,2348,92.154564238691947,39.2153541609011,0.076929167819779778,0,0.0007689487433743137,-0.19402421917104573,0.091794712189745623,0.0046730656745592285
1,0,2349,92.180063931323076,39.217179794345412,0.076564041130917623,0,0.00089226241306714549,-0.18969207004253311,0.091274476537362509,0.0048823708161477974
1,0,2350,92.205562323995025,39.21892114848049,0.076215770303902294,0,0.00097432662751042174,-0.17967204698677786,0.09058042907654347,0.0049510820475472369
1,0,2351,92.231059659451518,39.220594255882858,0.075881148823428862,0,0.0010219600774793837,-0.16550372363842147,0.089778997948631784,0.0049074112439506041
1,0,2352,92.256555978147304,39.222201918568651,0.075559616286269615,0,0.0010366367922016444,-0.14785742715789116,0.088912802842423533,0.0047602016226542801
1,0,2353,92.282051256822442,39.223742770507222,0.075251445898555341,0,0.0010187355203353863,-0.12730832309915419,0.088027918342064804,0.0045148893193162508
1,0,2354,92.307545497946435,39.225217014634779,0.074956597073044876,0,0.00097051559778050741,-0.10464384387159603,0.087175106119173271,0.0041828324218703295
1,0,2355,92.333038844347669,39.226633779231086,0.074673244153783278,0,0.0008987853575078118,-0.080874174521236838,0.086388786901129111,0.0037875848427509078
1,0,2356,92.358531329884542,39.227995145298827,0.074400970940235026,0,0.00080732663632661383,-0.05669768231508282,0.085693239656907255,0.0033432107827826413
1,0,2357,92.384022883874948,39.229296397791131,0.074140720441773944,0,0.00069863775990300673,-0.032889083634613264,0.085116698981711036,0.0028612854539570506
1,0,2358,92.409513611268025,39.230544131695325,0.073891173660935131,0,0.00057881418736767192,-0.010124756453513462,0.084652605537470643,0.0023610195353469822
1,0,2359,92.435003580961279,39.231742651377886,0.073651469724423754,0,0.00045259843630132283,0.011088685167877992,0.084377753373814798,0.0018571291196878361
1,0,2360,92.460492810763796,39.232892976558105,0.073421404688379863,0,0.00032389345867032352,0.030247845848943616,0.084247628850584858,0.0013622187877671693
1,0,2361,92.485981231645553,39.233990474655521,0.073201905068896456,0,0.00019707257779467442,0.046609829242015399,0.084168650207536472,0.00089206106539580822
1,0,2362,92.511468986389403,39.235044393999736,0.072991121200053022,0,7.5589412161282911e-05,0.060308829944772886,0.084106868727667317,0.00045391428691542683
1,0,2363,92.536956100618809,39.236056381040001,0.072788723792000742,0,-3.7800720773885771e-05,0.07120937589494418,0.084042456944736318,5.5469312836443044e-05
1,0,2364,92.562442552500173,39.23702500939482,0.072594998121035675,0,-0.00013976186422981363,0.079034098432621575,0.083956668716648475,-0.00029315209488755954
1,0,2365,92.587928359340594,39.237951448918196,0.072409710216361431,0,-0.00022784447892513864,0.083767751796069503,0.083835677325008184,-0.00058581300915041439
1,0,2366,92.613413603649292,39.238841149850842,0.072231770029832582,0,-0.0003018643880165122,0.085802459673190043,0.083676630418249048,-0.00082478227509180928
1,0,2367,92.638898307112129,39.239695587755769,0.072060882448846009,0,-0.00036101398778482007,0.085306009109631958,0.083479047610381704,-0.0010091799245378033
1,0,2368,92.66438241990231,39.2405115917526,0.071897681649479614,0,-0.00040277246779444568,0.082204396953886774,0.083242399943356443,-0.001132121539428058
1,0,2369,92.689866020154824,39.241294310216396,0.071741137956720893,0,-0.00042890829186293961,0.077048894152654659,0.082978623517371161,-0.0012017079153632247
1,0,2370,92.715349145175253,39.242046211161849,0.071590757767630547,0,-0.00044052975618337302,0.070215444431075011,0.08269806515427397,-0.0012231408373990166
1,0,2371,92.740831801413776,39.242767744293332,0.07144645114133398,0,-0.00043817278980028319,0.061991923103776735,0.082410592547697906,-0.001199565908855378
1,0,2372,92.766313955327647,39.243456755064706,0.071308648987058659,0,-0.00042170784313441364,0.052634626356391954,0.082127582595156623,-0.001132101959802982
1,0,2373,92.791795691373821,39.24411871067155,0.071176257865690332,0,-0.00039459282732143985,0.04265712762842637,0.081857501576528713,-0.0010327826540185066
1,0,2374,92.817277025488053,39.244754629677573,0.071049074064486434,0,-0.0003584278890459042,0.032371779023077217,0.081606372904815622,-0.00090752534874411395
1,0,2375,92.84275793998701,39.24536334077542,0.070927331844916564,0,-0.00031442798354054712,0.022099359175538302,0.081380402354742185,-0.00076118988151354847
1,0,2376,92.868238453273037,39.24594600422531,0.070810799154938334,0,-0.00026475088735427698,0.012167922421721919,0.08118143998447265,-0.00060114978187439383
1,0,2377,92.893718613069481,39.246505687510428,0.070698862497915224,0,-0.0002117546609841067,0.0028063476755191244,0.081006754563753072,-0.00043479372321131369
1,0,2378,92.919198432890937,39.247043242584766,0.070591351483046724,0,-0.0001571291848359889,-0.0057822397540652137,0.080898559143268156,-0.00026753698647291618
1,0,2379,92.944677878296176,39.247556398968783,0.070488720206243721,0,-0.00010269250037923483,-0.013266618419664944,0.080824336032549779,-0.00010564359979846113
1,0,2380,92.97015700453629,39.248048738404059,0.070390252319189273,0,-5.0084370572737369e-05,-0.01962960189807959,0.08075646958005181,4.6467451496024779e-05
1,0,2381,92.995635831935076,39.248521576911394,0.070295684617721413,0,-5.6057518736112706e-07,-0.024823940924896367,0.080690320492722289,0.00018534274073879513
1,0,2382,93.021114362070733,39.248975014107913,0.070204997178417564,0,4.4611297641338575e-05,-0.02876866162001902,0.08062217333340245,0.00030738784981244221
1,0,2383,93.04659257904467,39.249408015452104,0.070118396909579842,0,8.3905219423455348e-05,-0.031335731785727218,0.080548529537423336,0.00040812686125524711
1,0,2384,93.072070533416039,39.249823887712608,0.070035222457478633,0,0.00011734170963892393,-0.032733154784367752,0.080468423381388099,0.00048862571911479258
1,0,2385,93.097548235269088,39.250223297889676,0.069955340422065457,0,0.00014451416513380037,-0.033023943482616343,0.080381452733068334,0.00054821392699905345
1,0,2386,93.123025671544127,39.250605406753337,0.069878918649332447,0,0.00016457036677556777,-0.03220479005544067,0.080287550242515687,0.00058482991993942285
1,0,2387,93.148502857981185,39.25097125144223,0.069805749711553733,0,0.00017763032015235991,-0.030424914188559398,0.080188330764541599,0.00059958715476340939
1,0,2388,93.173979822487169,39.251322657433697,0.06973546851326147,0,0.00018440363596066567,-0.027887129817860182,0.080086033300745568,0.00059531478805048782
1,0,2389,93.199456573565229,39.25166018386723,0.069667963226554316,0,0.00018522729160064301,-0.024723978785993909,0.079982598503772734,0.00057358772530692224
1,0,2390,93.22493308745355,39.251982322480856,0.069603535503828362,0,0.00043605573921386121,0.0012193892117341458,0.079929655680346393,0.00052449075597655692
1,0,2391,93.250409401318805,39.252290643276723,0.069541871344656406,0,0.0011792321415927932,0.06750704970169194,0.079969200372769667,0.00033463909945160349
1,0,2392,93.275885531734403,39.252585740171462,0.069482851965708456,0,0.0010284622501758446,0.057414352458113389,0.079844418615085497,-8.5232702085279155e-05
1,0,2393,93.301361478539434,39.252869288559346,0.069426142288130654,0,0.00074594483141075872,0.045509152637762201,0.079735438170777842,-0.00063854003366465271
1,0,2394,93.326837229664804,39.25314090929821,0.06937181814035813,0,0.0003311520114895673,0.029422527532044801,0.079656369886909911,-0.0012103562082794032
1,0,2395,93.352312810486296,39.253402239101774,0.069319552179645555,0,-0.00018752282552837084,0.0076026974717918706,0.079590807450058657,-0.0016907630283911821
1,0,2396,93.377788224619522,39.253653193994694,0.069269361201061044,0,-0.00079613863261586253,-0.021693971212925781,0.079667701190132112,-0.001987350737051852
1,0,2397,93.403263463128084,39.253892185110381,0.069221562977923701,0,-0.0014851548543200175,-0.061441579549231261,0.079801557660562433,-0.0019741737480181896
1,0,2398,93.428738546354893,39.254118644844894,0.069176271031021211,0,-0.0022320099453382856,-0.11336643108137988,0.079907312879135203,-0.0015624612547614179
1,0,2399,93.454213505181869,39.254332114175888,0.069133577164823351,0,-0.0030146198200060302,-0.17826330432012447,0.080001195625240579,-0.00069919281001052942
1,0,2400,93.479688366394896,39.254530879370648,0.069093824125869965,0,-0.0038162404118064226,-0.25739172868227361,0.080163374472712684,0.00068200311386097494
1,0,2401,93.505163148314352,39.254711266774997,0.069057746645000306,0,-0.0038176394853397708,-0.28794194474189155,0.080387926582282207,0.0026819183153043843
1,0,2402,93.53063787048977,39.254882742871118,0.069023451425776483,0,-0.0037371353866896152,-0.33280815626126781,0.081161429082249589,0.0050992010983420431
1,0,2403,93.556112529876188,39.255044697334938,0.068991060533012349,0,-0.0034876027690009734,-0.38014628467843442,0.082641353086636504,0.0078154127342677255
1,0,2404,93.581587112393279,39.255196898916495,0.068960620216701879,0,-0.0030730959256232457,-0.4270883051561849,0.084955484850798263,0.010717902149571962
1,0,2405,93.607061594905872,39.255338784435963,0.068932243112807601,0,-0.002501330209026229,-0.47001519716736728,0.088068989237162415,0.013673646485386493
1,0,2406,93.632535971172999,39.255471637685446,0.068905672462911766,0,-0.0018101497565324513,-0.5062413044740719,0.091644973962674944,0.016551159948009393
1,0,2407,93.658010226199053,39.255595758272889,0.068880848345422227,0,-0.0010198436170718885,-0.53308510502197959,0.095359128819944974,0.019242272240422409
1,0,2408,93.68348433112709,39.255710919838862,0.068857816032227681,0,-0.00014581493391476025,-0.54645066499849648,0.098777192546264575,0.02160031059730818
1,0,2409,93.708958282778667,39.255818700396176,0.068836259920764628,0,0.00078170520332375285,-0.54429253202772954,0.10148497930734095,0.023526592106529871
1,0,2410,93.734432102891049,39.255920964248858,0.068815807150229114,0,0.00095362275436014694,-0.59271751269601036,0.10353251433233231,0.024957496864368996
1,0,2411,93.7599059915011,39.256012056346869,0.068797588730626108,0,0.0011772695434115544,-0.61316597940485495,0.10447874461725101,0.025951503578216066
1,0,2412,93.785379841576173,39.25609723696035,0.068780552607930048,0,0.001535208051024123,-0.60217026435532395,0.10429639585188952,0.02659958012347793
1,0,2413,93.810853623875701,39.256181059574793,0.068763788085041508,0,0.0018424384779725225,-0.58056773155632824,0.10328479288061401,0.026958491120079222
1,0,2414,93.836327340018016,39.256265243535786,0.068746951292843597,0,0.0020961980229670589,-0.54902618775283962,0.10152428562284901,0.027024883647456924
1,0,2415,93.861800987166205,39.256351332053285,0.068729733589343631,0,0.0022918258216066247,-0.50784896043000394,0.09909863860133461,0.026783453635730474
1,0,2416,93.887274561967089,39.256440581785711,0.068711883642858462,0,0.0024261779113722067,-0.4576483829339188,0.096153201754091297,0.026225477680141718
1,0,2417,93.912748072291322,39.256533127302411,0.068693374539518154,0,0.0025074818626277849,-0.40052724731636535,0.092932190740727852,0.025397768708784185
1,0,2418,93.938221518206319,39.256628914456606,0.068674217108679422,0,0.0025385446343441482,-0.3375972237611819,0.089621925344385317,0.024316363550760434
1,0,2419,93.96369489223126,39.256727722271812,0.068654455545637871,0,0.0025182027767352917,-0.26961096538431251,0.086449300452989306,0.022975102901532336
1,0,2420,93.989168203768315,39.256828360713449,0.06863432785731037,0,0.0023582181666086102,-0.20668792164944683,0.08365628554460304,0.021415961749561268
1,0,2421,94.014641475812724,39.256929652204825,0.068614069559035012,0,0.0020767955458685047,-0.14850228314218475,0.081388976995197704,0.019701598145701976
1,0,2422,94.040114698285564,39.2570305052622,0.068593898947559892,0,0.0018238271971881155,-0.084625946163400148,0.079723566285681835,0.017894263165819393
1,0,2423,94.065587850764217,39.257129249780931,0.068574150043814744,0,0.0015380377064174414,-0.023808974685486026,0.078848434195937012,0.016031821220021121
1,0,2424,94.091060943351977,39.257224965915768,0.068555006816846523,0,0.0012350374699885355,0.032915859582516124,0.078777434923441469,0.014162963866342512
1,0,2425,94.116533976597097,39.257316792314349,0.068536641537130752,0,0.00092395680854747461,0.084333100489713722,0.079350910055014864,0.012320360724324223
1,0,2426,94.142006948035259,39.257403797657986,0.068519240468403506,0,0.00061401201884650404,0.12917124241146871,0.080234256480276558,0.010539117860587482
1,0,2427,94.167479857205478,39.257485392652136,0.068502921469572778,0,0.00031499685251145754,0.16651083748634893,0.081252556066836221,0.0088539135445838361
1,0,2428,94.192952712883013,39.257562105434218,0.068487578913157182,0,3.3348297480940414e-05,0.19678176668716454,0.082244055364217028,0.0072785913306916217
1,0,2429,94.2184255176074,39.257634161897499,0.068473167620500319,0,-0.00022516678449344151,0.21988170092341586,0.08310241037555724,0.0058300825858542535
1,0,2430,94.243898268282493,39.257701489095055,0.068459702180988666,0,-0.00045179786919782752,0.23500223077681101,0.0837185058378873,0.0045401143129528924
1,0,2431,94.269370971599912,39.257765028791205,0.068446994241758638,0,-0.00064453408197456298,0.24295974377480625,0.084060835363263128,0.0034077860524500997
1,0,2432,94.294843632419997,39.257825574641053,0.06843488507178952,0,-0.00080260040016251314,0.24450169709446107,0.084132309683043513,0.0024296248487788658
1,0,2433,94.32031625255874,39.257883678936025,0.068423264212795168,0,-0.00092440540360451103,0.24007069708935064,0.083945145632925822,0.0016074139727051435
1,0,2434,94.345788828262542,39.257939643070785,0.06841207138584339,0,-0.0010041536102201303,0.22954191105833247,0.083505528053454237,0.00096076671733684481
1,0,2435,94.371261367707078,39.257994242844468,0.068401151431107213,0,-0.0010488366855965039,0.21456138043238013,0.082904848402118314,0.00045707912458650099
1,0,2436,94.396733872205147,39.258047770963934,0.068390445807214109,0,-0.0010602040623869228,0.19586220103754809,0.08219887390410037,8.704987347165415e-05
1,0,2437,94.422206340511579,39.258100352446732,0.068379929510653831,0,-0.0010387183673372668,0.17405584256393244,0.081445195720640629,-0.00015287565132372704
1,0,2438,94.447678772595495,39.258152033446784,0.068369593310644114,0,-0.00098717746340507397,0.15000478270846024,0.080707315759744894,-0.00027480748022490738
1,0,2439,94.473151172778955,39.258202861735363,0.068359427652928018,0,-0.00091238145158293704,0.12476034324794753,0.080031377516697241,-0.00030567822199570376
1,0,2440,94.498623541787524,39.258252732534451,0.068349453493110543,0,-0.00081823044637054955,0.099051362900792833,0.079448832328414709,-0.00026037142899305198
1,0,2441,94.524095876408467,39.258301332974568,0.068339733405085992,0,-0.00070737800845218138,0.073674925403640359,0.078994775028235542,-0.00014790708209327274
1,0,2442,94.549568180199273,39.258348570508289,0.068330285898342169,0,-0.00058599617035465766,0.049329164726921462,0.078664601370075166,9.047283258753489e-06
1,0,2443,94.575040455318629,39.258394343098573,0.068321131380286282,0,-0.00045878001245505147,0.026527385921035526,0.078445676658030622,0.00019383400385822151
1,0,2444,94.600512702192091,39.258438495641251,0.068312300871750012,0,-0.00032964286549776693,0.0057580226746527033,0.078325571221101828,0.00039332180585215912
1,0,2445,94.625984918061263,39.258480685393138,0.068303862921372333,0,-0.00020304623592560993,-0.012203133694140009,0.07837631806803172,0.00059393920753954006
1,0,2446,94.651457108325644,39.258521138275029,0.068295772344994288,0,-8.2267087707740759e-05,-0.02745978444008805,0.078498007598303055,0.00078383014623894837
1,0,2447,94.676929273992087,39.25855986023533,0.068288027952934288,0,2.9966958801471738e-05,-0.039879781655763009,0.078624446036323292,0.00095443270063343231
1,0,2448,94.702401414324271,39.258596767751683,0.068280646449664181,0,0.00013037587060879598,-0.049189670117769452,0.078735077267007791,0.0010962843194209594
1,0,2449,94.72787353003865,39.258631916002066,0.068273616799587114,0,0.00021656964464615103,-0.055373037734296957,0.078813875223507843,0.0012025296514470638
1,0,2450,94.753345624399302,39.25866556663123,0.068266886673753926,0,0.00028850522669687236,-0.058833096821159572,0.078856017303268605,0.0012727440526906918
1,0,2451,94.778817698303939,39.25869782246113,0.068260435507774733,0,0.00034546843315446816,-0.059742803062692293,0.078859722063179136,0.0013052372109249096
1,0,2452,94.804289749987248,39.25872862075046,0.068254275849907509,0,0.00038506510387660548,-0.058039245517133374,0.078823113759652202,0.001294577296691721
1,0,2453,94.829761782314648,39.258758200002156,0.068248359999569241,0,0.00040907345108595681,-0.054267927729644699,0.078756856643301537,0.0012460232931576578
1,0,2454,94.855233796733671,39.258786688138137,0.068242662372372823,0,0.00041870689977470388,-0.04881499666268467,0.078670460839749656,0.0011635111156810378
1,0,2455,94.88070579351951,39.258814127573075,0.068237174485384661,0,0.00041463183629430561,-0.041973298440894743,0.078572696754547408,0.001049829059316986
1,0,2456,94.906177771204582,39.258840446296716,0.068231910740656432,0,0.00039671781274904346,-0.033990243364319786,0.078473140217115309,0.00090648173926548053
1,0,2457,94.931649732982265,39.258865830967068,0.068226833806586729,0,0.00036847845924927451,-0.025383252101675087,0.078380096804215968,0.00074283652452691222
1,0,2458,94.957121679392444,39.25889030244425,0.068221939511150312,0,0.00033154466532732315,-0.016462076156506852,0.078298794013878292,0.00056401294975298602
1,0,2459,94.982593609760997,39.258913800001771,0.068217239999645893,0,0.00028721253023993167,-0.0075412201421083385,0.078233926666225778,0.00037491208618807776
1,0,2460,95.008065524581397,39.258936327405962,0.068212734518808188,0,0.00023757891287542294,0.001054876041229047,0.078201699498283136,0.00018186259850542472
1,0,2461,95.0335374257278,39.258957977806048,0.068208404438790754,0,0.00018498616994627363,0.0090990784603844754,0.078222661788076742,-9.3409045011327639e-06
1,0,2462,95.059009313700486,39.258978763645189,0.06820424727096272,0,0.00013112187732097316,0.016395435047156823,0.07825851988099769,-0.00019404472706371448
1,0,2463,95.08448118723237,39.25899858209366,0.068200283581268645,0,7.7811028414022346e-05,0.022639166745166871,0.078298182427433208,-0.00036592805520193369
1,0,2464,95.109953048318516,39.259017555452473,0.068196488909505679,0,2.6638823091660525e-05,0.02780555386127874,0.078336510022234754,-0.00052207432647665363
1,0,2465,95.135424897839542,39.259035739548246,0.068192852090351017,0,-2.1203476304122459e-05,0.031856670040925392,0.07836981122812535,-0.0006599624948637852
1,0,2466,95.160896735953585,39.259053146619586,0.068189370676083563,0,-6.453608461200224e-05,0.034726399879245182,0.078394928988625032,-0.00077668487499547628
1,0,2467,95.186368561926102,39.259069734224781,0.068186053155043988,0,-0.00010178986737604538,0.036284053434884646,0.078408529094412094,-0.00086780762558484094
1,0,2468,95.211840377803966,39.25908565063088,0.068182869873824395,0,-0.0001330907574435212,0.036740959168185032,0.078411246052599456,-0.00093570790221957588
1,0,2469,95.237312183991335,39.259100933281331,0.068179813343733978,0,-0.00015807788261475937,0.03616324364084475,0.078403340850732167,-0.00098025136704754309
1,0,2470,95.262783980069131,39.259115567348218,0.068176886530356667,0,-0.00017599801023960505,0.034563779670263389,0.078385139512735125,-0.00099990014759905707
1,0,2471,95.288255766504619,39.259129594361234,0.068174081127753763,0,-0.0001869169601546682,0.032078531638066482,0.078358754878292788,-0.00099599750217325761
1,0,2472,95.313727544433689,39.259143093815105,0.068171381236979023,0,-0.00019161451402481162,0.02891299147565864,0.078327098352460336,-0.00097209111369595414
1,0,2473,95.339199314172973,39.259156090133857,0.068168781973228662,0,-0.00019047414258671467,0.025197776798821823,0.078292358475594168,-0.00093011506014975759
1,0,2474,95.364671074876114,39.259168533870657,0.068166293225868757,0,-0.00018326864107891805,0.021027835078022996,0.078256779505435387,-0.0008702800881174714
1,0,2475,95.390142827855897,39.259180504506553,0.068163899098689376,0,-0.00017136464575540005,0.016611581763875456,0.078222536567293541,-0.00079742122096717542
1,0,2476,95.415614573585415,39.259192028073812,0.068161594385237737,0,-0.00015558336309130501,0.012090915904012678,0.078191013818779923,-0.00071455718818431524
1,0,2477,95.441086312090064,39.259203101502777,0.068159379699444828,0,-0.00013657307841979623,0.0075957219048369464,0.078163309592714489,-0.0006241956054957754
1,0,2478,95.466558042951917,39.259213692133116,0.068157261573376732,0,-0.00011497595178361135,0.0032751948414307054,0.078140432945767682,-0.00052896569276333709
1,0,2479,95.492029767395323,39.25922387138764,0.068155225722472734,0,-9.1959137479507167e-05,-0.0007800856581835963,0.078130748356446358,-0.00043231031330148408
1,0,2480,95.517501485658059,39.25923364970317,0.068153270059366944,0,-6.8248121422853191e-05,-0.0044853549158679513,0.07814036917275613,-0.0003365742386623758
1,0,2481,95.542973197423933,39.259243001894518,0.068151399621096245,0,-4.4600446292994653e-05,-0.0077266089327744829,0.078153549315280249,-0.00024438902309221864
1,0,2482,95.568444903058037,39.25925194858425,0.068149610283150128,0,-2.1782922416787615e-05,-0.010451555535691272,0.078165966695221287,-0.0001579521548872906
1,0,2483,95.593916603254641,39.259260534098829,0.068147893180235258,0,-3.0594874515003215e-07,-0.012663046265132852,0.078176741576024666,-7.8500639928200813e-05
1,0,2484,95.619388298225161,39.259268772192108,0.068146245561578292,0,1.9370380951302861e-05,-0.014345648652346396,0.078185188817714787,-7.2673184122507778e-06
1,0,2485,95.644859987416837,39.259276627087708,0.068144674582458251,0,3.6479076553449676e-05,-0.015416944556602035,0.078190338965737155,5.3268981584710329e-05
1,0,2486,95.670331671742346,39.259284161057742,0.068143167788452086,0,5.1008363590873436e-05,-0.015967000678742068,0.078192334949853962,0.00010371093579898436
1,0,2487,95.695803351486532,39.25929139490637,0.068141721018726051,0,6.2827569022291742e-05,-0.016034455111240156,0.078191260727277098,0.00014399201560107538
1,0,2488,95.721275026654297,39.259298331247059,0.068140333750588172,0,7.1728051809761357e-05,-0.015640985320805219,0.078187225551925407,0.00017372007401989756
1,0,2489,95.746746697048607,39.259304959824391,0.068139008035122253,0,7.7441455792153998e-05,-0.01480519426997997,0.078180443672805022,0.00019231355135293632
1,0,2490,95.77221836342045,39.259311330918486,0.068137733816302448,0,8.043689105910019e-05,-0.013639848853011881,0.078171783189738789,0.00020169539465542856
1,0,2491,95.797690025922861,39.259317455520915,0.068136508895816905,0,8.087934727129879e-05,-0.012201274435192136,0.078161770995325147,0.00020259047259595721
1,0,2492,95.823161684337208,39.259323320508742,0.068135335898251576,0,7.8744789832960581e-05,-0.01053531217061667,0.078150916301941709,0.00019519049098473364
1,0,2493,95.848633338934036,39.259328943236063,0.068134211352787355,0,7.4393676586060158e-05,-0.0087212256627754343,0.078139834335632055,0.00018090222614193819
1,0,2494,95.874104990121594,39.259334349272493,0.068133130145502444,0,6.8286751037020067e-05,-0.0068324897066262937,0.07812899141543353,0.00016135457842702741
1,0,2495,95.899576638027639,39.259339546077399,0.068132090784521135,0,6.0732480477426015e-05,-0.0049248361349573501,0.078118720852578899,0.00013765610868345568
1,0,2496,95.92504828227959,39.259344508735417,0.068131098252916536,0,5.19207691933502e-05,-0.0030630461733080184,0.078109425050179662,0.00011060482165615419
1,0,2497,95.950519923483597,39.259349274968855,0.068130145006229895,0,4.2386693083208613e-05,-0.0012937528974490194,0.078101145878999412,8.1882468103839165e-05
1,0,2498,95.975991561796107,39.25935385390212,0.068129229219575982,0,3.2458723437423011e-05,0.00034497694662512121,0.078097441546111562,5.2545881517459809e-05
1,0,2499,96.001463197200962,39.259358243583932,0.068128351283213651,0,2.2445216490813435e-05,0.0018117856535850643,0.078101178186836775,2.3595862396178616e-05
1,0,2500,96.026934829604741,39.259362437127272,0.068127512574545981,0,1.2683826595072516e-05,0.0030617757692953445,0.078105426889795798,-3.8765867451138378e-06
1,0,2501,96.052406459465388,39.259366464006611,0.068126707198678249,0,3.3989476096185115e-06,0.0040997599783195995,0.078109042909459622,-2.9246461921337366e-05
1,0,2502,96.077878086880688,39.259370330447354,0.068125933910528916,0,-5.1981077057812724e-06,0.0049169678165302015,0.078111872034811292,-5.1929744145509038e-05
1,0,2503,96.103349711700943,39.25937402663849,0.068125194672302783,0,-1.2817612768127712e-05,0.0054871681606712425,0.078113702636567209,-7.1083729352548216e-05
1,0,2504,96.128821334127664,39.259377566005021,0.068124486798996575,0,-1.9338672645435303e-05,0.0058238731297397721,0.07811451131005738,-8.6457510898085938e-05
1,0,2505,96.154292954406912,39.259380964964556,0.068123807007089254,0,-2.4736469277273838e-05,0.0059523616986272955,0.078114368931579178,-9.8102320853377087e-05
1,0,2506,96.179764572621494,39.259384229261471,0.068123154147706325,0,-2.8959804453481668e-05,0.0058870068105499771,0.078113327541413702,-0.00010596149436460441
1,0,2507,96.205236188527962,39.259387343464553,0.068122531307089867,0,-3.1792142787538639e-05,0.0056197457482890919,0.078111358733215605,-0.00010947690193181413
1,0,2508,96.230707802532649,39.259390334332458,0.068121933133509005,0,-3.3450824333837586e-05,0.0052034862798431272,0.078108731295199796,-0.0001094418353022015
1,0,2509,96.256179414722695,39.259393207741745,0.068121358451651667,0,-3.3998109354725222e-05,0.0046634454951776866,0.078105590803470903,-0.00010614282470230481
1,0,2510,96.281651025078105,39.259395962559033,0.068120807488193658,0,-3.3459131772598353e-05,0.0040211473841335384,0.078102070172112209,-9.9769406589710508e-05
1,0,2511,96.307122633560766,39.259398596381445,0.068120280723711166,0,-3.1855909686158682e-05,0.0033049175838944073,0.078098337518373098,-9.0606108743054349e-05
1,0,2512,96.332594240447079,39.259401127032838,0.068119774593432672,0,-2.9465934659174868e-05,0.0025481327699483098,0.078094548788094006,-7.9438381054795703e-05
1,0,2513,96.358065845797626,39.259403558340203,0.068119288331959751,0,-2.6412831503948991e-05,0.001775514053424011,0.078090818045147559,-6.6717618518008273e-05
1,0,2514,96.383537449508736,39.259405883428165,0.068118823314366514,0,-2.2788932540499979e-05,0.0010128965851557343,0.078087270106161344,-5.2830593836549108e-05
1,0,2515,96.409009051723558,39.259408111384808,0.068118377723039358,0,-1.8786547059554269e-05,0.00028390873535583539,0.078084049467022659,-3.8368844522464096e-05
1,0,2516,96.434480652587212,39.259410251463002,0.06811794970740033,0,-1.4572851255397716e-05,-0.0003948743219954117,0.078083898703247237,-2.3820450925726421e-05
1,0,2517,96.459952252151282,39.259412306878254,0.068117538624350021,0,-1.0278177779203599e-05,-0.001008844090438182,0.078085760613827063,-9.5809325088231379e-06
1,0,2518,96.48542385025479,39.259414267002313,0.068117146599537187,0,-6.0511883905578044e-06,-0.0015312842011943166,0.078087364656371158,3.8194308906948019e-06
1,0,2519,96.51089544716838,39.25941614941074,0.06811677011785168,0,-2.0061770277024628e-06,-0.0019664169022786267,0.078088682700819756,1.6156706446168463e-05
1,0,2520,96.536367042939546,39.259417957175408,0.068116408564918476,0,1.7637811005522303e-06,-0.0023095097800569309,0.078089675353132298,2.7185063369988149e-05
1,0,2521,96.56183863754967,39.259419689085433,0.068116062182914064,0,5.1224254582670459e-06,-0.002555704251726779,0.078090304097036531,3.6613043027144561e-05
1,0,2522,96.587310230988138,39.25942134449015,0.068115731101969682,0,8.0091596996365316e-06,-0.0026972715560973693,0.078090525011862338,4.4191022646582923e-05
1,0,2523,96.612781823422836,39.259422934405706,0.068115413118859811,0,1.0417953984390841e-05,-0.0027499961281726455,0.078090391509423748,5.0033400496922945e-05
1,0,2524,96.63825341489229,39.25942446141169,0.068115107717662035,0,1.2323266767785378e-05,-0.0027196017678700248,0.078089923995232749,5.4122119892359381e-05
1,0,2525,96.663725005326327,39.259425921015925,0.068114815796814804,0,1.3652938051303906e-05,-0.0026054830260638429,0.078089121922249705,5.6285517403934862e-05
1,0,2526,96.689196594826228,39.259427319877965,0.06811453602440741,0,1.4447054700742036e-05,-0.0024231469062830232,0.078088052826749979,5.6725121575420402e-05
1,0,2527,96.71466818347767,39.259428663620099,0.068114267275980911,0,1.4755236982015554e-05,-0.0021868768210592739,0.078086780135162404,5.5655678693038064e-05
1,0,2528,96.740139771309615,39.259429954151912,0.068114009169618517,0,1.4606850229488943e-05,-0.0019072062950250927,0.078085350899193634,5.3218366194728144e-05
1,0,2529,96.765611358227019,39.259431185315307,0.068113762936939229,0,1.3981162955826318e-05,-0.0015916021838648406,0.078083809243198743,4.9415701395828726e-05
1,0,2530,96.791082944398454,39.259432368046973,0.068113526390605986,0,1.2999264341358273e-05,-0.0012582639045281658,0.07808222584606174,4.4665801122690342e-05
1,0,2531,96.816554529852283,39.259433504178496,0.068113299164301602,0,1.1733153156792229e-05,-0.00091606700275194647,0.078080636891873584,3.9169374376985132e-05
1,0,2532,96.842026114572576,39.259434592649164,0.068113081470168133,0,1.0232001251244987e-05,-0.00057553749698061062,0.078079088224582774,3.3106309207048967e-05
1,0,2533,96.86749769856074,39.259435633504381,0.068112873299124715,0,8.5505890898954786e-06,-0.00024857634723392908,0.078077622547550907,2.6697012174501142e-05
1,0,2534,96.892969281917885,39.259436633288914,0.068112673342217323,0,6.7713048950426968e-06,5.7766683319930365e-05,0.078076928551348568,2.0182460739010462e-05
1,0,2535,96.918440864668142,39.259437593545357,0.068112481290928992,0,4.9500009028850344e-06,0.00033711705286334294,0.07807750686281037,1.3736019563318817e-05
1,0,2536,96.943912446763875,39.259438511145177,0.068112297770964378,0,3.1467487176476519e-06,0.00057971977303828261,0.078078213507247349,7.5623436194203532e-06
1,0,2537,96.969384028275684,39.259439390668234,0.068112121866353847,0,1.4159130029382222e-06,0.00078371348964940577,0.078078790849124197,1.8031833670214164e-06
1,0,2538,96.99485560925396,39.25944023539472,0.068111952921056637,0,-2.0308880154435141e-07,0.00094853428833455188,0.078079232539596768,-3.4435838161338991e-06
1,0,2539,97.020327189713996,39.25944104631958,0.068111790736084865,0,-1.67404330653901e-06,0.0010727025987969665,0.078079531182935591,-8.0820423677006851e-06
1,0,2540,97.0457987696022,39.259441819948371,0.068111636010325702,0,-2.9370934844285706e-06,0.0011503070879259163,0.07807965832202482,-1.1934078162711446e-05
1,0,2541,97.071270349021489,39.259442563008264,0.068111487398347936,0,-4.0108344485652863e-06,0.0011884981452348609,0.07807963980485437,-1.5068229738868e-05
1,0,2542,97.096741927989854,39.259443276682909,0.068111344663418796,0,-4.8944221438205425e-06,0.0011887129585714093,0.0780794803380538,-1.7466817173266908e-05
1,0,2543,97.122213506494859,39.259443960176732,0.068111207964654072,0,-5.5523884084750185e-06,0.0011531332528203655,0.078079188210694261,-1.9077144351189663e-05
1,0,2544,97.147685084542502,39.259444613893599,0.068111077221280528,0,-5.9780437394662787e-06,0.0010851179626941913,0.078078777002119931,-1.9899313844361727e-05
1,0,2545,97.173156662193819,39.259445241815101,0.068110951636979486,0,-6.2003337061095347e-06,0.00099225318141580991,0.078078275077860693,-2.0049970393574002e-05
1,0,2546,97.198628239463957,39.259445844935456,0.068110831012908352,0,-6.2305066153055323e-06,0.00087893557371719762,0.078077702078321862,-1.9581551452827214e-05
1,0,2547,97.224099816320887,39.259446421174694,0.068110715765062169,0,-6.0628544518021335e-06,0.00074823103418556434,0.078077071724020897,-1.8493610040094046e-05
1,0,2548,97.249571392813223,39.25944697369723,0.068110605260554458,0,-5.7352899249791797e-06,0.00060687491741846713,0.078076409255622509,-1.6920823043053562e-05
1,0,2549,97.275042968970439,39.259447504416869,0.068110499116626061,0,-5.2772786117816309e-06,0.00045995081648034274,0.07807573292378453,-1.4966501574203194e-05
1,0,2550,97.300514544802965,39.259448013830273,0.068110397233945727,0,1.0417328539210018e-05,0.001627277663667271,0.078079922582971556,-1.3687976897521008e-05
1,0,2551,97.325986120610651,39.259448331948249,0.06811033361035021,0,0.0005727326207707839,0.049305170237095339,0.078256061688799117,-8.8967804188913192e-05
1,0,2552,97.351457697228497,39.259448159574148,0.068110368085170486,0,0.00049901815807531396,0.04048824422395788,0.078224514824522598,-0.00029441086178826287
1,0,2553,97.376929274382007,39.259448190361368,0.068110361927727084,0,0.00035489836008002225,0.030814508019872698,0.078193746822126708,-0.0005684945963312151
1,0,2554,97.402400850785668,39.25944844557452,0.068110310885096156,0,0.00013981335689426419,0.01916998975335002,0.07816293015117505,-0.00085350731936774881
1,0,2555,97.427872424896066,39.259448845367899,0.068110230926420851,0,-0.00014021846476551099,0.0042855238952344476,0.078136713381127376,-0.0010840163658656769
1,0,2556,97.453343996174965,39.259449204226954,0.068110159154609287,0,-0.00047116296434009211,-0.014633392744054712,0.078179447899735757,-0.0012089020828766738
1,0,2557,97.478815565069979,39.259449264786831,0.068110147042634087,0,-0.00084453213093584978,-0.038604640217673854,0.078272350252703363,-0.001179572838190269
1,0,2558,97.504287134049108,39.259448504198524,0.068110299160295137,0,-0.0012544963691125865,-0.069567384043809855,0.078371505687270249,-0.00091660321239594468
1,0,2559,97.529758708290984,39.259446385709417,0.068110722858116243,0,-0.0016867414164267254,-0.10792279809884536,0.078488128587488659,-0.00039189286184340547
1,0,2560,97.555230294618895,39.259442240994836,0.068111551801032413,0,-0.00028515737064012999,0.0055209316188233959,0.078322148438135147,0.00042305766133893561
1,0,2561,97.580701877338413,39.25944171058498,0.068111657883004675,0,0.00010303922502572487,0.0083812807219125016,0.07816257618862045,0.0013021800355627604
1,0,2562,97.606173454919627,39.259442359358587,0.068111528128282278,0,-0.00020344331843111384,-0.043702515384046313,0.078356946406221387,0.001927573380105612
1,0,2563,97.631645039385546,39.25944255267666,0.06811148946466819,0,-0.00068087833375974629,-0.10237708826006826,0.078656444580304699,0.0024604101914953418
1,0,2564,97.657116638850596,39.259441130479516,0.068111773904097589,0,-0.0013187194834122359,-0.16928933426526949,0.079012315218449272,0.0030510308896954672
1,0,2565,97.682588267633705,39.259435685722472,0.068112862855506009,0,-0.0021130889094180278,-0.24749532805127109,0.079485623215163961,0.0038746468366864214
1,0,2566,97.708059949887186,39.259422574276307,0.068115485144738572,0,-0.0030430815240227007,-0.33970813659154137,0.080183667099020833,0.0051036460427039809
1,0,2567,97.733531716566816,39.259397950907861,0.068120409818428096,0,-0.0040747611112385684,-0.44700139106744802,0.081249906012548501,0.0068455825935942703
1,0,2568,97.759003617233475,39.259356336731202,0.068128732653760515,0,-0.0051862187297572315,-0.5712736452166941,0.085430946638345065,0.0092213949745729891
1,0,2569,97.784475763257333,39.259286067943293,0.068142786411341902,0,-0.0063600506056818466,-0.71703320777805168,0.10454760783479021,0.012465133015471112
1,0,2570,97.809948252164688,39.259179375389344,0.068164124922131072,0,-0.0077277725575564992,-0.89654080681845549,0.12859254423362934,0.016609059871953043
1,0,2571,97.835421171063871,39.259018537506954,0.068196292498609659,0,-0.0082941553734675409,-1.0316589021245177,0.14045702381417369,0.021727300280792217
1,0,2572,97.860894442087044,39.258826120965935,0.068234775806813475,0,-0.0078819933201544068,-1.1195036030593553,0.13935663702568224,0.027738537677443768
1,0,2573,97.886367974124497,39.258619201583485,0.068276159683302737,0,-0.007025539758681895,-1.2046619457463399,0.13538724366169613,0.034375256878012357
1,0,2574,97.911841612933088,39.258401423560926,0.068319715287815316,0,-0.0058132577323781161,-1.2809738317104424,0.1334543501690357,0.041223198472275076
1,0,2575,97.937315233987363,39.258174560677737,0.068365087864452417,0,-0.0042808517983955376,-1.34254298503297,0.14337983692551123,0.047993278695418022
1,0,2576,97.962788686344908,39.257940748635278,0.068411850272944802,0,-0.0024491314708142554,-1.381190753761675,0.15631472228891261,0.054346657539556892
1,0,2577,97.988261832116208,39.257704445367729,0.068459110926454708,0,-0.00037598456676453054,-1.3902952545539882,0.16751220905672537,0.059959137005944935
1,0,2578,98.013734600105039,39.257471176811002,0.068505764637799477,0,0.0018652504305645635,-1.3667171665965592,0.17615192850013345,0.064619603576500137
1,0,2579,98.039206936382485,39.25724686365308,0.068550627269384809,0,0.004222969186241112,-1.3058384234935279,0.18146788297976316,0.068099008262792901
1,0,2580,98.064678939178151,39.257040958355098,0.068591808328980791,0,0.005923601758087307,-1.2582565886402788,0.18268156841372798,0.069971743179552265
1,0,2581,98.090151741605936,39.256842788509573,0.068631442298086015,0,0.0053144194296359491,-1.3526993121824842,0.18118706187496786,0.070546193124244302
1,0,2582,98.115625071434366,39.256649862278138,0.068670027544372958,0,0.005959454905666974,-1.284018710857477,0.17523476256823217,0.070252476213736023
1,0,2583,98.141098528860027,39.256493457980461,0.068701308403908104,0,0.0064059109541147749,-1.1927450221423341,0.16651745155928713,0.069121874041055145
1,0,2584,98.166572113933313,39.256384351877628,0.06872312962447534,0,0.0066343625739329996,-1.0794412889327201,0.15530040169182466,0.067141633039029508
1,0,2585,98.192045791855136,39.256319463795919,0.06873610724081626,0,0.0066782521014226099,-0.94981718322497544,0.14249208534542546,0.064493606862524464
1,0,2586,98.217519540641376,39.256298206880118,0.068740358623977441,0,0.0065478745865557766,-0.80689165188434142,0.12873608441708867,0.061255583602273421
1,0,2587,98.242993337190541,39.256320783781646,0.068735843243671657,0,0.0062434581556961881,-0.65336271050287964,0.11485755243808207,0.057472835359195472
1,0,2588,98.268467149241431,39.256379600522919,0.068724079895416706,0,0.0057891278122394856,-0.49370639609097328,0.10194549502139742,0.053263972428080571
1,0,2589,98.293940948759925,39.256464006410653,0.068707198717869816,0,0.0052180636594145466,-0.33234781605829478,0.091003557176738969,0.048762008875004814
1,0,2590,98.319414713551467,39.256565786392848,0.068686842721431246,0,0.0045526106511864098,-0.17296993560880333,0.083003379304808667,0.044061481519825224
1,0,2591,98.344888414421646,39.256676867817681,0.068664626436463885,0,0.0038089171583121344,-0.020662147383712443,0.079358397241235654,0.039253135235557859
1,0,2592,98.370362044012154,39.25678749807215,0.06864250038557014,0,0.0030241328340231866,0.12089776907428364,0.080040390286331156,0.034452536794516639
1,0,2593,98.395835595851551,39.256891535053718,0.068621692989256536,0,0.002222852648583057,0.24799322133085322,0.083693419001855493,0.029742716389346623
1,0,2594,98.421309063554702,39.256984081331233,0.068603183733753834,0,0.0014279801702156314,0.35806481886113717,0.088944622630406797,0.025206721541404326
1,0,2595,98.446782441437151,39.25706121365242,0.068587757269515826,0,0.00066500802152523019,0.44839910956337914,0.094642331695270934,0.020940054262608511
1,0,2596,98.472255745253136,39.257124276499518,0.068575144700096277,0,-5.0941999585907996e-05,0.52082468560982231,0.099903188294379885,0.016968497622330932
1,0,2597,98.497728981567761,39.257174362760964,0.068565127447807017,0,-0.00070576602884199458,0.57531431979205738,0.10425114178753996,0.013332377758960623
1,0,2598,98.523202152409027,39.257212789041233,0.068557442191753526,0,-0.0012794256266029972,0.61043090905070252,0.10726138381386775,0.010102157747808363
1,0,2599,98.548675268484473,39.257243374690226,0.068551325061954604,0,-0.0017639710815769889,0.62752687985076572,0.10883091849314924,0.0072893265800153288
1,0,2600,98.574148340617086,39.25727007821213,0.068545984357574016,0,-0.0021595477996313051,0.628882038286942,0.10906073102172691,0.0048743238843473157
1,0,2601,98.599621374141691,39.257296007964491,0.068540798407101311,0,-0.0024632345120289638,0.61572098247646057,0.10803936411778972,0.002856254143120325
1,0,2602,98.625094367662868,39.257324636039442,0.068535072792111879,0,-0.0026596129452382588,0.58756458465915562,0.1057702357114787,0.0012875228773984425
1,0,2603,98.650567328811107,39.257358022615797,0.068528395476840531,0,-0.0027653043615537324,0.54824323255393914,0.10265959364219607,8.8992991605448527e-05
1,0,2604,98.676040258533874,39.257397468886609,0.068520506222678884,0,-0.0027858920686230008,0.49966609616426588,0.09896831039425269,-0.00076844047478182075
1,0,2605,98.701513154613906,39.257443938868576,0.068511212226285131,0,-0.0027240934716705788,0.44340622880666691,0.094962999276712243,-0.0013006360702099986
1,0,2606,98.726986012636473,39.257497818401923,0.068500436319615873,0,-0.0025836733372008934,0.38128409201477159,0.090965062476988379,-0.0015260845699327143
1,0,2607,98.752458834753568,39.257557464061776,0.068488507187644959,0,-0.0023836993797631519,0.31606647683829031,0.087255837530062608,-0.0015206307436371708
1,0,2608,98.777931618947306,39.257621714311966,0.068475657137607573,0,-0.00213414438612012,0.24958411469115524,0.084045846471159827,-0.0013227173042985301
1,0,2609,98.803404358889679,39.257689342023461,0.068462131595307854,0,-0.0018424173381098262,0.18382289624790449,0.081567161713875291,-0.00095888190232580432
1,0,2610,98.82887705454587,39.257758418994996,0.068448316201001461,0,-0.0019329588362142368,0.084992605059673779,0.07973121227693647,-0.00047629615371147949
1,0,2611,98.854349710348529,39.257826042595468,0.068434791480907198,0,-0.0020849473722614528,-0.012662790676480849,0.078702108419708386,0.00017768509341159976
1,0,2612,98.879822332113932,39.257891410586922,0.06842171788261564,0,-0.0016258518650924174,-0.055105013442775776,0.078663577992713549,0.0010529728892111464
1,0,2613,98.905294911104733,39.257954414157204,0.068409117168558908,0,-0.0010475558993133778,-0.087870475267248685,0.079261364920070382,0.0020509286718889911
1,0,2614,98.930767446931782,39.258014756471546,0.068397048705690688,0,-0.00038421796793552471,-0.10997333397923736,0.080198078496120137,0.0030248124965960026
1,0,2615,98.956239934799001,39.258072004246777,0.06838559915064514,0,0.0003470166165235899,-0.11967410951975321,0.081244367264289311,0.0038686154472034506
1,0,2616,98.981712369243638,39.25812560917818,0.068374878164363953,0,0.0011305071743661682,-0.11456583630338218,0.082135944401740144,0.0044658181462924008
1,0,2617,99.007184749070859,39.258174996714629,0.068365000657074335,0,0.0019471990730625325,-0.092010581702423586,0.082591064749442777,0.0046882721617079997
1,0,2618,99.032657088225506,39.258220273493201,0.068355945301360244,0,0.0027742406951837451,-0.05266807607877793,0.082491471350274737,0.0044884577594131291
1,0,2619,99.058129400308729,39.258260924572937,0.068347815085412419,0,0.0035952159737268423,0.004279012816906156,0.08184713498790841,0.0037975980603366134
1,0,2620,99.083601709169855,39.258295249787125,0.068340950042575566,0,0.0041279244057929798,0.059148857193211675,0.081034072861505338,0.0024958816870532582
1,0,2621,99.109074045388979,39.258327172071866,0.068334565585627491,0,0.0034652888046493237,0.039185761580275251,0.079765884558785874,0.0007174806685139786
1,0,2622,99.134546390983743,39.258363312535664,0.068327337492866944,0,0.0035435201526703682,0.10789921455358989,0.079086651955972337,-0.0013021626081824653
1,0,2623,99.160018743386814,39.258396649904292,0.068320670019142035,0,0.0035576956857373866,0.18420759884698951,0.07900293856023112,-0.0035450696638569946
1,0,2624,99.1854911127284,39.258424914206707,0.068315017158659674,0,0.0035055391547748555,0.26674815731047041,0.079910864195891315,-0.0060241046009914768
1,0,2625,99.210963504853254,39.258447027345731,0.068310594530854585,0,0.003405720310841554,0.35239180174339102,0.081789042392193784,-0.0086779561931889966
1,0,2626,99.236435927853023,39.258461266396544,0.068307746720690746,0,0.0032664002486893855,0.43957183527192095,0.0846343246145395,-0.011482249518286409
1,0,2627,99.261908393669216,39.258465239851432,0.068306952029714055,0,0.0030946135407958308,0.52679169480184795,0.088397698837414815,-0.014417976891936151
1,0,2628,99.287380916653333,39.258456520448156,0.068308695910368714,0,0.002899233675518152,0.61251414792264203,0.092919949785448944,-0.01746049447185398
1,0,2629,99.312853502437733,39.258435043473717,0.068312991305257129,0,0.0026916598989087282,0.69575601384229213,0.097906507210548804,-0.020572295430671971
1,0,2630,99.338326161986842,39.258399915321078,0.068320016935784669,0,0.00247950900155227,0.77568883141164924,0.10316088640818025,-0.023731099185702615
1,0,2631,99.363799073984154,39.258346046299465,0.068330790740107672,0,0.0030285489748364675,0.91297880669041043,0.10885090505627236,-0.027026576273947837
1,0,2632,99.389272060288519,39.258263488915041,0.068347302216992312,0,0.002498749035825414,0.95333387738906872,0.11419152942417145,-0.03049575811698136
1,0,2633,99.414745056234935,39.258175157460542,0.06836496850789156,0,0.0018355402815156559,0.98405438787820065,0.11946398845403533,-0.033974071884716808
1,0,2634,99.440218031143161,39.258083186857441,0.068383362628511954,0,0.001054266940112043,1.0029734790199865,0.1243507294512039,-0.037322595885050172
1,0,2635,99.465690941128585,39.257990446817125,0.068401910636574956,0,0.00016058628295395567,1.0054280111933458,0.12835710947895274,-0.040346892463748514
1,0,2636,99.491163764531052,39.257900451412397,0.068419909717521529,0,-0.0008061053502789907,0.99156157882707308,0.13125642666171988,-0.042956101180112713
1,0,2637,99.516636479797569,39.257816434406344,0.068436713118731396,0,-0.0018246634934914886,0.95957268305691346,0.13277212938273478,-0.045040153511567066
1,0,2638,99.542109065853055,39.257732435203032,0.067220394641489434,0,-0.0028741121209860192,0.90639001738534886,0.13168782683736438,-0.046449969282191028
1,0,2639,99.567581649634405,39.257182352660713,0.051365395682334468,0,-0.0039291481715345734,0.82946265531090257,0.11978607896741236,-0.047051632161769254
1,0,2640,99.593055591633131,39.252875764805836,0.01671215336499958,0,-0.0020845377254491396,0.97366434855040651,0.10185642910832121,-0.046848673609053537
1,0,2641,99.618535335505214,39.241781377836745,0.00054168564233889028,0.017281406853996123,-0.0010798908036395252,1.0004795768934041,0.094904471952997033,-0.046262906110163975
1,0,2642,99.64402630337824,39.220718782843484,0,0.048360623872170272,-0.0016504627831897556,0.88571309353966698,0.09838287726544255,-0.045820045750665658
1,0,2643,99.669533910247978,39.189447402091737,0,0.078104320557195697,-0.0024794535540343526,0.75301905391357926,0.11987211415213811,-0.045318222186216089
1,0,2644,99.695063437343777,39.148929154564968,0,0.106174930285242,-0.0035411483930718052,0.60088658858227306,0.15044303547516427,-0.044506766002207342
1,0,2645,99.720621026781217,39.09948388232074,0,0.13261876181288892,-0.0048188830776417085,0.42608023794895034,0.18189772030867607,-0.043140213042379048
1,0,2646,99.74621741896155,39.040489033338055,0,0.15732945064352483,-0.0063068737738257918,0.22411172602228768,0.21282691369092799,-0.040858015848313889
1,0,2647,99.771852994581764,38.973725937158747,0,0.18066425807968503,-0.007940910627171836,-0.0028307721629616594,0.24400509990505301,-0.037558790683080913
1,0,2648,99.797532569404481,38.89956670889903,0,0.20269956391154795,-0.0096879304651790715,-0.25746696158574173,0.27890881520267491,-0.033060680850406504
1,0,2649,99.823266373756013,38.817662213913209,0,0.22335962239638732,-0.011519474355017082,-0.5456390152328835,0.31607488043367665,-0.027041115202427059
1,0,2650,99.849058774791132,38.728570732974887,0,0.24276518038757167,-0.0127125547547014,-0.81552776572444219,0.34993118669534801,-0.019365530692474455
1,0,2651,99.87491035997364,38.633162862355519,0,0.2611022629963064,-0.012489748831707398,-1.0128319506612227,0.37544058312834033,-0.010218835242979264
1,0,2652,99.900826881403702,38.531605832163095,0,0.27838639085910272,-0.011838091875581795,-1.2168838186922564,0.39959600407172785,3.812241802388564e-05
1,0,2653,99.926821750993497,38.423449424738237,0,0.29454560077915976,-0.010691201916859527,-1.4146813603577058,0.42178443626620427,0.011081915153587743
1,0,2654,99.95288815819832,38.309895557212734,0,0.30982471981374871,-0.0091615181112335419,-1.5990249579185756,0.4422190006565283,0.0224250534766538
1,0,2655,99.979029465207532,38.191174009397812,0,0.32426292859662514,-0.0072946378673799253,-1.7633144730749812,0.46079450052929999,0.033744847634646788
1,0,2656,100.00526210166737,38.066745029395975,0,0.3377583140664619,-0.0051031231268282217,-1.8964527648900737,0.47706572047884038,0.044627953628339059
1,0,2657,100.03157951955303,37.937508142811211,0,0.350498292888832,-0.0026872623744196265,-1.9958541785030901,0.49125322596051196,0.054780336961698206
1,0,2658,100.05798244120669,37.803807388028602,0,0.36255748425421752,-0.00011152184431326684,-2.057944874150591,0.50340929249494937,0.063945075803620702
1,0,2659,100.08448634472636,37.665281932109977,0,0.37385310841340247,0.0025730721364816611,-2.072895830491404,0.51325845730342134,0.071676402530772718
1,0,2660,100.11108856094273,37.522472291979575,0,0.38450815568582847,0.0036143124870904215,-2.172016091348401,0.52932052000118468,0.077811525531755521
1,0,2661,100.13778806641132,37.375728062174119,0,0.39460016779866763,0.0040356945826908863,-2.2563132089379199,0.54464163365662854,0.082583946543852108
1,0,2662,100.16460125055404,37.224751928117811,0,0.40405658928934413,0.0052156074002595709,-2.2231465731426474,0.55263490862489706,0.086218349979027775
1,0,2663,100.19152418586921,37.070028816431503,0,0.41299213837834148,0.0062425038322789159,-2.1565466625943772,0.5588540370127637,0.08878726364647567
1,0,2664,100.21855308683813,36.911936944695718,0,0.42148726017563598,0.0071130215255163377,-2.0596971572516707,0.56356791064926492,0.090326219999066842
1,0,2665,100.24570924875337,36.750085188826084,0,0.42945474270840434,0.0077901990716201103,-1.929343245131063,0.56667003740558108,0.090653268779883459
1,0,2666,100.27298259887652,36.585015491390095,0,0.4370219952779385,0.0082889679723919737,-1.770971389482733,0.56856233878401341,0.089907898432242492
1,0,2667,100.30037246232453,36.416927944797223,0,0.44422168721106192,0.0086141923751517323,-1.5875998749943681,0.56945198492845372,0.08815263783744838
1,0,2668,100.32790486133544,36.245373423016424,0,0.45097438447824434,0.0087378725024497006,-1.377939143289632,0.56934030030690475,0.085257975484444026
1,0,2669,100.35555893209987,36.071032166147347,0,0.45742667580033614,0.0087028712178679087,-1.1498587843380164,0.56863718950067099,0.081485727281896472
1,0,2670,100.38334888615536,35.893715210955257,0,0.46352647991839607,0.0096942791100988607,-0.80891403725681499,0.5657726603030826,0.076804616057499026
1,0,2671,100.41127970684001,35.713383085042715,0,0.46928529131885,0.014865008403459558,-0.1278159617802937,0.55690997105545648,0.070526838022688776
1,0,2672,100.4393421526714,35.530384596822735,0,0.47477857512377275,0.012928643235974546,-0.0072943803019584735,0.55725817001469924,0.06226017182309599
1,0,2673,100.46756854914806,35.344332009965385,0,0.47992562984626869,0.0097553992506762069,0.099031174303884043,0.56278954717551422,0.052729008393552455
1,0,2674,100.49593589152602,35.155767921468019,0,0.48485322392328611,0.0056625629430587495,0.16832984201958592,0.5683514375602936,0.043072948513532883
1,0,2675,100.52446090877271,34.964468470397719,0,0.48950007119341243,0.00072334535214110297,0.16918227726740714,0.57357880494322766,0.034240409383993843
1,0,2676,100.55314525437596,34.770482381061122,0,0.49390254228296288,-0.0048722781244734618,0.089706481778396324,0.57896644268728714,0.027123158033248791
1,0,2677,100.58198369174325,34.573941317704836,0,0.49808422366823979,-0.010905454119382936,-0.077658877770395748,0.58899759697976617,0.022419094724544564
1,0,2678,100.61099947183732,34.374509355677205,0,0.50198185294785047,-0.017225689445271978,-0.35519865245008747,0.61083237695495329,0.021213575597610317
1,0,2679,100.64016979207354,34.172586958217003,0,0.50568663215602505,-0.023623706893753163,-0.73430537392029804,0.63975070932321632,0.023561552858493977
1,0,2680,100.66953622778321,33.967512053774222,0,0.50906958403687497,-0.030602231731046016,-1.2906659888125127,0.6831935549800382,0.030891504114319526
1,0,2681,100.69906658234807,33.759696613982776,0,0.48168566585110101,-0.033824341110931466,-1.7284358175000161,0.68417107262246946,0.042701380928873676
1,0,2682,100.72879393115291,33.565869918515283,0,0.42125348107701155,-0.032499126140082081,-2.0696707443423166,0.63741719525359486,0.05930634694280125
1,0,2683,100.758672230529,33.392226305011327,0,0.36431406684433698,-0.029399336707341437,-2.415345996055632,0.58792982666330085,0.078615378560773413
1,0,2684,100.78870827105096,33.241168250658113,0,0.31196777050988223,-0.024405097843522849,-2.7190398246669236,0.53311181257881857,0.099495592459908425
1,0,2685,100.81886074287924,33.10801921679149,0,0.26328203812592371,-0.0180145073309615,-2.9547993300319679,0.47182586582772434,0.12039016162688081
1,0,2686,100.84913054273468,32.994586129459357,0,0.21861418160797971,-0.01026604673015323,-3.0787105734681699,0.42931214808196694,0.13976348061478019
1,0,2687,100.87948317804616,32.896554565322532,0,0.17710325572841043,-0.00163623882494792,-3.0881965760649499,0.44819604612428904,0.15669806408790032
1,0,2688,100.90991804400876,32.815771785584147,0,0.1391160219131069,0.007715468763106738,-2.9378369803679671,0.4580456201645518,0.16937293493132152
1,0,2689,100.94040774569493,32.748158697860767,0,0.10383717042528287,0.017374524769957048,-2.6398178730113786,0.45463649544108697,0.1776021195763188
1,0,2690,100.97095177213089,32.695396579541459,0,0.071601439266896591,0.022500307798754862,-2.5511551380821329,0.43946648435547614,0.17945588695160619
1,0,2691,101.00154370558415,32.654019899822451,0,0.041715653282090426,0.023410587648095584,-2.5719692344085971,0.41204653513833289,0.17627196552029337
1,0,2692,101.03217692213816,32.625249354523348,0,0.014422282367432279,0.024846922125311418,-2.2951551954220633,0.36516836728945046,0.16877961993028334
1,0,2693,101.06283337998011,32.606649999309177,0.01076548683867056,0,0.025048977805742004,-1.9398259091979861,0.30796003352748424,0.1581848381801069
1,0,2694,101.09350669533642,32.59657010414081,0.034179175101392893,0,0.023956808502179322,-1.5126567389265795,0.24417308826341594,0.14478935957043751
1,0,2695,101.12418865060907,32.592428844827012,0.056335429445213928,0,0.021797044042272343,-1.0380199942954296,0.18090903373943026,0.12952266247361169
1,0,2696,101.15487375156478,32.594158139477699,0.077247955413134978,0,0.018682488524005815,-0.54026787829879142,0.13065801164671156,0.1130255294722206
1,0,2697,101.18555579217326,32.601214850355653,0.097028008769539029,0,0.014844051544245881,-0.054136886858845483,0.11474583746568753,0.096132728070143406
1,0,2698,101.21622961032546,32.613167349804534,0.11575957396522678,0,0.01049640756025841,0.37879010680637032,0.14057690037056331,0.079563647514567321
1,0,2699,101.2468894381215,32.629797199912161,0.13349073162258707,0,0.0058561643761820114,0.70897907544794736,0.18303923432663205,0.064087104723300398
1,0,2700,101.27753197237483,32.650508309575869,0.15033722783388373,0,0.0011258228647209115,0.93447429666963466,0.22390537511693401,0.050191444631960479
1,0,2701,101.30814935927715,32.675366361664565,0.16629061380639945,0,0.0025549751234596367,1.5440250174755445,0.2626736490520285,0.037936445980493672
1,0,2702,101.33874310764701,32.70362948093846,0.18149617708512036,0,-0.00034289540655720898,1.6434454358417303,0.28987071778014745,0.026729136442738815
1,0,2703,101.36930607118714,32.735771393198739,0.19586279443375199,0,-0.003142835221009855,1.6639914370777702,0.30952282560615985,0.017143940252049957
1,0,2704,101.39984018164112,32.771026180109153,0.20954213580275979,0,-0.0057953381440154338,1.6194247660719037,0.32289649693030442,0.0091538203060036044
1,0,2705,101.43033573879437,32.809888878545507,0.2224367553482004,0,-0.0082003861092823024,1.4979446473769225,0.3292356885358369,0.0033163218323806112
1,0,2706,101.46079718387287,32.851563184826574,0.23470598601261308,0,-0.010359243752672569,1.315984733802646,0.3306183897521765,-0.00064731785246547355
1,0,2707,101.491214617721,32.896468239379303,0.24626726533724339,0,-0.012183684322163027,1.0654496997436689,0.3273939642891196,-0.0022838311009351457
1,0,2708,101.52159278767101,32.943941302642941,0.25725283361496742,0,-0.013706884361145992,0.76400364149697308,0.32181409478153711,-0.0019607486235416758
1,0,2709,101.55192274941221,32.994242263190657,0.26761228060263009,0,-0.014872146768395269,0.40952237273755698,0.31545881982290175,0.00060048549178536416
1,0,2710,101.58220895011598,33.046828329810893,0.27745363873422224,0,-0.015218496324824122,0.058686517413042684,0.31089965865061886,0.0050001990465096879
1,0,2711,101.61244314494731,33.101883863886236,0.28674159841979568,0,-0.011048261518273154,-0.0022292214930156504,0.31572008811849539,0.010850200074162429
1,0,2712,101.64262916813939,33.159018397397212,0.29555382131939467,0,-0.010150012896202565,-0.38280248504642328,0.32762777498332357,0.017133399393958488
1,0,2713,101.6727598815264,33.218215437948935,0.30389499138088638,0,-0.009268749622361537,-0.73977165599751726,0.34500937275323051,0.023785616857027479
1,0,2714,101.70283923903749,33.279114910047277,0.31183684226822633,0,-0.0084612628889087337,-1.0692154477774174,0.36435760057523298,0.030672130296168672
1,0,2715,101.73286067225912,33.341746904719152,0.31937460452848015,0,-0.0077820256565842762,-1.3682423493050604,0.38460110494384248,0.037745208156080061
1,0,2716,101.76282837172269,33.405828830861218,0.32656455604178303,0,-0.0072526342772125264,-1.641039610042679,0.40475532653427088,0.044946474903710266
1,0,2717,101.79273587830625,33.471395246691536,0.33340105221905592,0,-0.0069108081169737571,-1.8875382629174504,0.42424337108997529,0.052274884808113285
1,0,2718,101.82258804869944,33.538207839824928,0.33993138669852374,0,-0.0067505383759831859,-2.1133937621141352,0.44283818190405327,0.059728485660740592
1,0,2719,101.85237793643357,33.606312905130629,0.34614774367224438,0,-0.0067949440695869844,-2.3200943994829615,0.46037473908096671,0.067354624557606338
1,0,2720,101.88211176958278,33.675490163858889,0.35209356817699383,0,-0.0074266741213894804,-2.5420336803324979,0.47774338985389958,0.075196326209863967
1,0,2721,101.91178348830287,33.745681527223105,0.35778213797758335,0,-0.010611120363243126,-2.9071920174478958,0.49844521827128263,0.083785028934157374
1,0,2722,101.94139821080691,33.816685910760711,0.36325288060941985,0,-0.0089481406823046974,-2.9250159543903753,0.51094798016896892,0.09331992968949443
1,0,2723,101.97094400544536,33.888876050970708,0.36843293133238103,0,-0.0065032082884579016,-2.9100796740097237,0.52236970055433207,0.10315898175899675
1,0,2724,102.00043092972831,33.962019785525428,0.37336811531932829,0,-0.0034768664305474609,-2.8574457242503759,0.53186185967353383,0.11260283999271099
1,0,2725,102.02984471294471,34.036283390868,0.37802632391511154,0,0.00014987111747782845,-2.7460515950639595,0.53773891923185069,0.12081629568180292
1,0,2726,102.05919810449404,34.111425020692465,0.3824555314814938,0,0.0041650632251492214,-2.5765973707353957,0.53969521033865731,0.12745997202223874
1,0,2727,102.08847684136506,34.187597378906766,0.38662703549822502,0,0.0085227207167928639,-2.3240453332077986,0.53591090854688705,0.13155894606118629
1,0,2728,102.1176926027927,34.264593718757858,0.39058041469992383,0,0.013051164149939162,-1.9921205723111668,0.5267706569321412,0.13305994394650003
1,0,2729,102.14683540502355,34.342479956406912,0.39430607071207713,0,0.017638887797491891,-1.5618320732785833,0.51141992039950446,0.13109854633263282
1,0,2730,102.17591277028789,34.421093728428502,0.39783315902338906,0,0.022158984806956196,-1.0538307323415017,0.49135671927472713,0.12568825301731587
1,0,2731,102.20492579313526,34.500421269081215,0.40116870348904743,0,0.019523098739715073,-1.0146419471129198,0.47937886626493265,0.11690839829650232
1,0,2732,102.23387465470968,34.580531500946066,0.4042959651093217,0,0.018642191034705251,-0.66478777045633786,0.46123268187536448,0.10584245123793745
1,0,2733,102.26276006725736,34.661284313652672,0.40724519897214706,0,0.016929070729652714,-0.29541190330618888,0.44600307793624078,0.093175060129152595
1,0,2734,102.29157610427717,34.742643275909678,0.41002392953103561,0,0.01443910068214662,0.074664790379702806,0.44003702291808622,0.079464554355677119
1,0,2735,102.32033126899766,34.82444031164372,0.41266538986761897,0,0.011399794885053698,0.42324299112961222,0.44766927964676989,0.065446858894674359
1,0,2736,102.34901187734023,34.906661335203687,0.41517346530154398,0,0.0078616741964779042,0.70751040713399183,0.46031270938107821,0.051769616257742943
1,0,2737,102.37763110710178,34.989156235674685,0.41757728899788027,0,0.0040515022582721903,0.92506673857854049,0.47389688104095323,0.038909561521103371
1,0,2738,102.40617834124238,35.071912608978401,0.41988260240268782,0,6.8597945184969308e-05,1.057252415151821,0.48616518708372147,0.027543392240802916
1,0,2739,102.4346597792625,35.154876297043252,0.42209705581614493,0,-0.0039483447971574333,1.1069472405396059,0.49539737543267687,0.017970448847351099
1,0,2740,102.46307413666477,35.238034865280476,0.4242263527705149,0,-0.0071529099643078816,1.1346241441355827,0.5017588083750304,0.010572849251554918
1,0,2741,102.49141767721692,35.321378437727596,0.4262716379996801,0,-0.0060882402626379738,1.4043659626641796,0.51072341967776635,0.0052777555614726907
1,0,2742,102.51969982533279,35.404889427400903,0.42823626315011282,0,-0.0076812479083372001,1.334552532756146,0.50980290246163129,0.0012588108406493342
1,0,2743,102.54790747861873,35.488651731347773,0.43010467325466972,0,-0.0089733810680067035,1.2072568686678393,0.50559653672765292,-0.001152104536884128
1,0,2744,102.57605357015738,35.572621630136382,0.43188440817609597,0,-0.010009623313294075,1.0366360770653478,0.49922411192440963,-0.0022197999739368784
1,0,2745,102.60413173856963,35.656809982501692,0.43357672277028275,0,-0.010764915711810832,0.82356020247103412,0.49121259406896223,-0.0018289376331521161
1,0,2746,102.6321425092294,35.741197573099981,0.43518328236870485,0,-0.011250866892211154,0.57491638949492108,0.48241641639401933,-4.5687215748736745e-05
1,0,2747,102.66009249613047,35.825740642206888,0.43671356402053224,0,-0.011509233116773434,0.29956112119956169,0.47364365023630767,0.0029226251953366486
1,0,2748,102.68796886608668,35.910431896323125,0.43816966122283763,0,-0.011521161909802563,-0.00080916845266703404,0.46793615557296586,0.0072098614367026989
1,0,2749,102.71578503466937,35.99520706341427,0.4395636083890575,0,-0.011361603367101483,-0.31527799343702512,0.47192448105004847,0.012466108994698837
1,0,2750,102.74353518829012,36.08003062023738,0.44090558447121247,0,-0.010485681022726035,-0.59026481080011206,0.47925640704027389,0.018646792526550902
1,0,2751,102.77121803620018,36.164900821619923,0.44219431584869762,0,-0.0071803810602280261,-0.68187926233226437,0.48464589794147289,0.025293258969644267
1,0,2752,102.79884095306763,36.24981221897216,0.44343050071569362,0,-0.0061628908947515418,-0.96010257983799807,0.49541021237898075,0.031800533231715812
1,0,2753,102.82639352614336,36.334674019278992,0.44463469063541045,0,-0.0053188354330637776,-1.2123059499037805,0.50661295157437813,0.03812851245188259
1,0,2754,102.85388501116486,36.41947186286172,0.44580773771311161,0,-0.0046572101436309467,-1.4423422046046417,0.51770436074360415,0.044317246866178377
1,0,2755,102.88131543951921,36.504190864351926,0.44695498607994472,0,-0.0041979293853998401,-1.6516864715926118,0.52837981616423202,0.050400962601058828
1,0,2756,102.90867717250349,36.58880996740865,0.44808021407723658,0,-0.0039798420095864678,-1.8404581568567735,0.53839015407059587,0.056428801474185532
1,0,2757,102.93598079787866,36.673338038177484,0.44918033897275839,0,-0.0039692877054551719,-2.0146805508809646,0.5477828465845721,0.062477647883684165
1,0,2758,102.96322124655011,36.75776009622242,0.45026175580957661,0,-0.0041802670375989037,-2.1764424323051248,0.55657390459759648,0.06863455753216062
1,0,2759,102.99039764790929,36.84206848613195,0.45132455199402616,0,-0.0046050581676684837,-2.3293554122066471,0.56490317246016764,0.075002951257718942
1,0,2760,103.01751704392886,36.926268251344723,0.45236663210146189,0,-0.0052061144307341484,-2.4777538806370734,0.57299854684829132,0.081656053378282176
1,0,2761,103.04457337968229,37.01031865500206,0.45339951006114959,0,-0.0073482909640948373,-2.7190834995843307,0.58383554825599371,0.088988922418986274
1,0,2762,103.07156847345692,37.094173483933602,0.45443065822738604,0,-0.0064269754893452645,-2.7368097344790177,0.58860402949526225,0.097098272640569624
1,0,2763,103.09850605855432,37.178002068842318,0.4554259396458063,0,-0.0050555293053973606,-2.7367327443439984,0.59302229221181524,0.10549001233973787
1,0,2764,103.1253768550942,37.261810966507433,0.4563696591729105,0,-0.003199763836973399,-2.7093845418865143,0.59646516258959714,0.11367829300866578
1,0,2765,103.15218744530145,37.345608476568366,0.44997254588487767,0,-0.00095385383321707417,-2.650851410817197,0.5915352350540517,0.12122016487616245
1,0,2766,103.1789407986308,37.427585422495696,0.43446081330093406,0,0.0016173016278106696,-2.5562865122151162,0.57622591227927566,0.127756752457756
1,0,2767,103.2056295986764,37.505729950522181,0.41885400989556354,0,0.0044976225739245309,-2.4116474760485862,0.55826767020216039,0.13265525554982485
1,0,2768,103.23226401583939,37.580542714746109,0.40389145705077784,0,0.0075814179878504438,-2.2158714464416418,0.53809129717818927,0.13573111336872684
1,0,2769,103.25884796665507,37.652281158910036,0.38954376821799269,0,0.010797668000034757,-1.9645411726312416,0.51532858430213702,0.13674233446206588
1,0,2770,103.28537636067425,37.72062984345731,0.37587403130853775,0,0.013430754797325355,-1.6974738533572951,0.49041442359553838,0.13502791060186453
1,0,2771,103.3118598578113,37.786109984239879,0.36277800315202441,0,0.013553562144747736,-1.5702626996819939,0.46693419812850928,0.13090332242064204
1,0,2772,103.33830285681412,37.84894350337013,0.350211299325974,0,0.013368839028686194,-1.3864699640541376,0.44098366385843296,0.12493215349225024
1,0,2773,103.36470122923798,37.908911614921244,0.33821767701575212,0,0.012471598058747556,-1.1850544256198379,0.41448437200615385,0.11738379804179663
1,0,2774,103.39106036032544,37.966371946496402,0.32672561070072043,0,0.010970344546243019,-0.97712851211373719,0.38889805251784848,0.10887136167846759
1,0,2775,103.41738360572975,38.02154219622313,0.31569156075537441,0,0.0089552131957756093,-0.77299679629566631,0.36540187051070089,0.099872943001531045
1,0,2776,103.44366847466979,38.074258443337818,0.30514831133243664,0,0.0064540181749571327,-0.5860580168323527,0.3453564851355328,0.090832230160175137
1,0,2777,103.46991758594588,38.124676020940186,0.29506479581196315,0,0.0035769000606343912,-0.42929394739362925,0.32923323687972944,0.082231216460775927
1,0,2778,103.49613488248754,38.173032992106378,0.28539340157872412,0,0.00044187230854466665,-0.31247449171054603,0.31664865901279404,0.07444080348329897
1,0,2779,103.52231946210934,38.219251088717748,0.27614978225645076,0,-0.0028722301666808674,-0.25217968801428436,0.30714598296070306,0.067916708630728115
1,0,2780,103.54847143609233,38.26331331860483,0.26733733627903372,0,-0.0061221791740288254,-0.24785280895422557,0.29948844032984906,0.063108546285444572
1,0,2781,103.57459537088653,38.305521616635389,0.25889567667292235,0,-0.0081793892206217991,-0.21496651492170349,0.29138244310120626,0.060070618067388629
1,0,2782,103.60069149701752,38.34593263998903,0.25081347200219428,0,-0.0091386635455154627,-0.17800916387268667,0.28262594907661176,0.058738461626473851
1,0,2783,103.62675740107076,38.384407834631254,0.243118433073749,0,-0.0094085801853364993,-0.18114365297887317,0.27368302405134431,0.058999245322475226
1,0,2784,103.65279869789448,38.4213139877942,0.23573720244115998,0,-0.0091035001697116393,-0.21022495116225806,0.26485141626065456,0.060291248115569414
1,0,2785,103.67881638252948,38.456722349287922,0.22865553014241616,0,-0.0082532568435966409,-0.25676604569557471,0.25658316056297564,0.062307082925536036
1,0,2786,103.70480808393373,38.490491165546096,0.22190176689078139,0,-0.0068329873633193395,-0.31086553884785184,0.24958218399721771,0.064740890087593789
1,0,2787,103.73077736095861,38.522849736057303,0.21543005278853974,0,-0.0049643901630444659,-0.35818765448074402,0.24404066628436077,0.067171555233596081
1,0,2788,103.75672583937539,38.553901144058742,0.2092197711882525,0,-0.0027296547293218384,-0.38728730973619691,0.23979584199272286,0.069269672324140857
1,0,2789,103.78265269759669,38.58359088058485,0.20328182388303029,0,-0.00017923043167106435,-0.38595069248169595,0.23641534798684136,0.070649878918125714
1,0,2790,103.80855876091245,38.611948965313232,0.19761020693735337,0,0.001028932422026682,-0.48122560064458619,0.23452306964347197,0.070958214211302786
1,0,2791,103.83444811118051,38.63913591802779,0.19217281639444203,0,0.00077236532582197488,-0.65623986849700255,0.23326808020513917,0.070412173756553134
1,0,2792,103.8603209388708,38.665190406412265,0.18696191871754789,0,0.0017697003547314958,-0.67933115171644087,0.22999044352877246,0.069424416027383029
1,0,2793,103.88617474453375,38.690002615015622,0.18199947699687641,0,0.0026721827785525757,-0.67712160617460915,0.22580201287071125,0.067942470061955029
1,0,2794,103.91201311200183,38.713810362136435,0.17723792757271362,0,0.0034757258008066886,-0.65346729575722629,0.22068914422780764,0.066002660370069119
1,0,2795,103.9378366655916,38.736657800821298,0.17266843983574032,0,0.0041684677328316403,-0.60892345753114741,0.21462627474223364,0.06358628169483875
1,0,2796,103.96364448220179,38.75829905015383,0.15890011745850738,0,0.0047277104749015786,-0.54225844449545058,0.19795508705931952,0.06063105752832134
1,0,2797,103.98943873505637,38.776611204719181,0.12845793869881472,0,0.0051540231696237367,-0.45613807498211245,0.16321556509500451,0.057167578352046139
1,0,2798,104.01522335501433,38.78862041730315,0.090454744245829805,0,0.0054553116538451265,-0.35389035411573488,0.12011777784251462,0.053247601283436724
1,0,2799,104.04100261989487,38.792929349420611,0.053837439625226455,0,0.0056306260672023866,-0.23717203256339722,0.078394614062937532,0.048886342150348705
1,0,2800,104.06678159234794,38.788984789354281,0.018704900802418361,0,0.0072220586216885461,0.022156429296107727,0.067110644840101819,0.044052802579230471
1,0,2801,104.09256461243643,38.778103168293711,0.00039981324161749018,0.01560982969122327,0.0099250193405689673,0.37541527644344175,0.10055741815880359,0.038391239845510933
1,0,2802,104.11835743570715,38.758321395146055,0,0.047514624255113228,0.008890966442562688,0.43965102592503907,0.10836522691941174,0.031532072899789855
1,0,2803,104.14416934047114,38.727179741497139,0,0.077716077902642053,0.0070960455012273908,0.49278683397202344,0.12887334636654618,0.023912698358058142
1,0,2804,104.17000579229654,38.686096153993361,0,0.10610078797677858,0.0046594337584314645,0.52121995802716981,0.15521825919058271,0.016220225193430162
1,0,2805,104.19587124778174,38.636089812120183,0,0.13288566509291264,0.0016859575234550459,0.51462224278157109,0.18434031175483848,0.0090018417423290316
1,0,2806,104.2217730522611,38.577173065129337,0,0.15805935982048783,-0.0017644908600226539,0.460024396396577,0.21516975929148924,0.0028331317413885387
1,0,2807,104.24772014383102,38.509258471817589,0,0.18161508314966474,-0.0056121489241758339,0.34780448196240277,0.24718605886879089,-0.0016211956876094132
1,0,2808,104.27371275826916,38.433815471888195,0,0.20385578460241846,-0.0097068973998462749,0.17813592562982655,0.27974770952271422,-0.0040832032139494602
1,0,2809,104.2997557091404,38.351188658761096,0,0.22484038385428529,-0.013955461071600783,-0.055341399338528698,0.31425557246218383,-0.0041685400304784142
1,0,2810,104.32586472271268,38.260503718756262,0,0.24440595987079905,-0.017198505245639116,-0.2909163224614269,0.35015309075638462,-0.00099854623282447227
1,0,2811,104.35203557072944,38.163357862070136,0,0.26287209113163673,-0.01727427727682861,-0.38073246945280292,0.36778566861475176,0.0048868259660457027
1,0,2812,104.37827203861443,38.060170748526687,0,0.28033016740976152,-0.017585655206831211,-0.59455935274447069,0.3919708813717695,0.012838898616381156
1,0,2813,104.40458840183818,37.950415727579148,0,0.29666819391226878,-0.01713197988235712,-0.84670617280304838,0.41538010353517724,0.022620747101970557
1,0,2814,104.43098306872197,37.83490095810609,0,0.31205545901225479,-0.016020600710484421,-1.11599302833406,0.43788469420187554,0.03362244497346472
1,0,2815,104.45745579652856,37.714156725871298,0,0.3266096164339975,-0.014343934825419817,-1.3825331390624627,0.45920109057279523,0.045358404040055283
1,0,2816,104.48402021550922,37.587808250497957,0,0.34024439236366333,-0.012115977887405449,-1.6314534039309714,0.47881668496086993,0.057420556321251197
1,0,2817,104.51067676573977,37.456319356994989,0,0.35306237533648099,-0.0094462840111240679,-1.8512917873707107,0.49650304751075047,0.069323636402207414
1,0,2818,104.53742224476748,37.320260200035946,0,0.36518991352700886,-0.0064483328161281791,-2.035293835897154,0.51218948488603389,0.08068241001474008
1,0,2819,104.56427177871713,37.179278297670351,0,0.3765443275967626,-0.0031783779538727,-2.1707642153450433,0.52538493835322153,0.090996968695232938
1,0,2820,104.59122471613327,37.033812805930502,0,0.38722500630627049,-0.00052941331075106752,-2.3145282883878204,0.54040300308515044,0.099929808453465732
1,0,2821,104.61827816164255,36.884318457798379,0,0.39733318508944232,0.0012629992901851152,-2.4704709033772487,0.55737637414676422,0.10744513374367164
1,0,2822,104.64545237247594,36.730355054821409,0,0.40677018098882756,0.0028875591545008948,-2.5707793621677051,0.57137743561940824,0.11349861513493119
1,0,2823,104.67273976669405,36.572547989949364,0,0.41567683837414088,0.0041800941410231459,-2.6356441488721378,0.58366824421690433,0.11831178248027067
1,0,2824,104.70013857622118,36.411224358714207,0,0.42411946509713128,0.0051378946904916583,-2.6688893588528506,0.59439306382925983,0.12201329566869878
1,0,2825,104.72767592761298,36.245863575232903,0,0.43199708857883551,0.0056824928884230018,-2.6676850688311187,0.60331339963111852,0.1244999950145428
1,0,2826,104.75533126025633,36.077325893034001,0,0.43949206591101769,0.0058875448752634995,-2.6415202498733938,0.61094456337785674,0.12610477057888433
1,0,2827,104.78311821937815,35.905463287256666,0,0.44656725181177759,0.0057359194419719581,-2.5923430413261523,0.61732373871617441,0.12689227480761006
1,0,2828,104.81104595372412,35.73027713893017,0,0.45323332439516889,0.0052358162029265409,-2.5242945177336309,0.62262859243194169,0.12699798452429656
1,0,2829,104.8391011687922,35.552255689710222,0,0.45959939281377477,0.0044553966532693851,-2.4445085251883283,0.62724462044907758,0.12665835908314432
1,0,2830,104.86731416839027,35.37092588601579,0,0.46556531454929995,0.00033454486542596325,-2.5766150917981117,0.65151998109066933,0.1260214873830138
1,0,2831,104.89567013848746,35.186534477806298,0,0.47119793559238643,-0.0055453623613885865,-2.7898403084931762,0.68155210005323941,0.12612014545159211
1,0,2832,104.9241783949001,34.999109495338622,0,0.47649248382847587,-0.0048484454113159837,-2.5529937640226716,0.66783430161001112,0.12792819471277772
1,0,2833,104.95283959899969,34.809017968601388,0,0.48153827973275759,-0.0030098003318581737,-2.3003560418502866,0.65281952348086647,0.13064711583086963
1,0,2834,104.98164663283285,34.616484934294093,0,0.48638785089102832,-0.00016420831569050807,-2.0208269329437396,0.63752210135756648,0.13333383482042044
1,0,2835,105.01062369536058,34.421206641460486,0,0.49097723598421666,0.0037197293152731606,-1.6932115117437558,0.62316269206989194,0.13501541186637231
1,0,2836,105.03974653237252,34.223642901435483,0,0.49541294651436141,0.0083511378092265953,-1.3090791400986341,0.61097618270677057,0.13508475584948371
1,0,2837,105.06905346849827,34.023232138932748,0,0.49958399763349259,0.01371200460458734,-0.84469430791756339,0.60335004243936186,0.13228106462798256
1,0,2838,105.09851467692965,33.820453896109804,0,0.50359885026841711,0.019493712185568876,-0.31991809753053374,0.60041418400733892,0.12648198370275712
1,0,2839,105.12816636492313,33.614720233104947,0,0.50733482793459872,0.025571475196308421,0.29262134188708389,0.61843817080697583,0.11641457055044707
1,0,2840,105.1579874033087,33.406326827547886,0,0.51087341172040224,0.031741276301754127,0.99336114895571503,0.66386540301880026,0.10217528130323504
1,0,2841,105.18801104972793,33.196100514120737,0,0.4820874636357218,0.035674481833362366,1.6722272427671823,0.67931366620217182,0.082528018150174187
1,0,2842,105.21821711169316,32.997674668727683,0,0.41970716212985987,0.033208613218164255,2.0682457146976256,0.63031015866784024,0.058672037565423302
1,0,2843,105.24861436397831,32.823833237462217,0,0.36232485407303805,0.028415751850000743,2.4266268139242322,0.57539643805811413,0.032007984370726307
1,0,2844,105.27915625433324,32.669848124428334,0,0.30899745707769288,0.021837857422248391,2.7106863534526333,0.51301758096608907,0.0045583901962512972
1,0,2845,105.30984476431802,32.537738151885613,0,0.26012528099272814,0.013475105281083583,2.8666280269542614,0.44852184408562085,-0.021870781881625279
1,0,2846,105.34063697708214,32.422656202134895,0,0.2147398762679156,0.0039156479504370342,2.8891358474560493,0.44441940269624169,-0.045962952941929452
1,0,2847,105.37153278275001,32.326555034379979,0,0.1732296524020546,-0.0066918545760226295,2.724847354024174,0.45497779694602325,-0.065615798783565632
1,0,2848,105.40250032490093,32.245361928840282,0,0.13491184656491573,-0.017826813463871917,2.3864145570257169,0.4514200381359928,-0.080214025823185375
1,0,2849,105.43353468482708,32.179636530886285,0,0.11292748267666233,-0.029160277124320906,1.8791740234815193,0.432573047758948,-0.08793015489278494
1,0,2850,105.46462267031592,32.119324128912659,0,0.12521715203265796,-0.037290099326069817,1.4450951654602737,0.40604133609343851,-0.08836888043992279
1,0,2851,105.49577781274779,32.052162662630515,0,0.15639959732571476,-0.03355437103945736,1.5958573943545245,0.37527174463773266,-0.081799412416057579
1,0,2852,105.52701117482459,31.972843130689121,0,0.185466584207097,-0.034196689662152731,1.089203715571911,0.32064963828294124,-0.070510997207133747
1,0,2853,105.55832673930028,31.882628989996974,0,0.2126874911989092,-0.033391541778285537,0.48158185199579789,0.31253460530851285,-0.055551715754828021
1,0,2854,105.5897465303369,31.780971313317025,0,0.23794835736816669,-0.031156339785194293,-0.21237357257815376,0.33993429484041959,-0.037469027643774716
1,0,2855,105.6212665848826,31.669816040332591,0,0.26165665646449932,-0.027878228506996373,-0.94655097887819728,0.3822860836147251,-0.017529050717591577
1,0,2856,105.65291339137474,31.548076901092891,0,0.28359539931612443,-0.023671014370697189,-1.6230879400474543,0.42384784830567246,0.0035189765379978425
1,0,2857,105.68468299643099,31.417260552371395,0,0.30407853482059938,-0.018896555683273232,-2.1951837282655475,0.46216618180077029,0.024626689424150812
1,0,2858,105.71659035905317,31.277294195521193,0,0.32310130323791281,-0.013747540337004772,-2.6520714543367809,0.49609064130943886,0.045028175089374081
1,0,2859,105.74864926619072,31.128406122656898,0,0.34070963315876446,-0.0084416904447223474,-2.9912540475391811,0.53345029719852732,0.063932612488018958
1,0,2860,105.7808553006043,30.97177013279687,0,0.35715709694297215,-0.0029289801771988995,-3.2087309249736529,0.5902382180404474,0.080924639281382313
1,0,2861,105.81323595058704,30.806962983401139,0,0.37236230476830173,0.0064607740650616547,-3.0238690533391979,0.62184680182316099,0.094622843926268796
1,0,2862,105.84578689252297,30.635257109235162,0,0.38659309664454017,0.0085943800893789075,-3.263678742524065,0.65537248601831721,0.10464692293599574
1,0,2863,105.87852231048726,30.456651666995125,0,0.39986129555809952,0.0092163150859000779,-3.4256178775259762,0.67432273419480404,0.11155909249402456
1,0,2864,105.91146880113007,30.271053925420684,0,0.41215080135417759,0.0082842278660770693,-3.5241761472226418,0.68096037325438308,0.11592344486248925
1,0,2865,105.94461541180543,30.079490522125283,0,0.42368657084187,0.0060654670829308347,-3.5836076032526401,0.67989657467636,0.11874580133628959
1,0,2866,105.97797993598341,29.881954910078328,0,0.43447914965630768,0.0026519076073294626,-3.6209200630333864,0.67759527419099852,0.12071857373660791
1,0,2867,106.01158294163633,29.678367333543587,0,0.44451634269113671,-0.0017999318092457813,-3.6592231782588027,0.70225373746189745,0.12271189079666432
1,0,2868,106.04541626586004,29.469283459474031,0,0.45393074918957499,-0.0070035126450639622,-3.72070290831173,0.73038756739868504,0.12551077493262555
1,0,2869,106.0794928166155,29.254657338965895,0,0.46272502322243342,-0.0127625325399107,-3.8259056722924467,0.76148834574542279,0.12983389405875306
1,0,2870,106.11384569909933,29.033987192203806,0,0.47080941243352697,-0.018868917946851405,-3.9993982000816248,0.79691721063971233,0.13660693285435258
1,0,2871,106.14844040264815,28.808428695928864,0,0.47843348271142389,-0.0053726281416942023,-3.0190365840452174,0.68524959937820729,0.14429557265034959
1,0,2872,106.18330140687566,28.579190838847826,0,0.48585346110469219,-0.0068931227989405793,-3.200923490268555,0.70856589126500624,0.15086914180999766
1,0,2873,106.21845342428284,28.344597092535924,0,0.49275248275317668,-0.0091332744654027843,-3.3841246796470053,0.73319519596108929,0.15695564927429831
1,0,2874,106.25391679559438,28.104556002247541,0,0.49912348095835563,-0.011993717374254569,-3.5808656967320305,0.75974577441241486,0.16317712902766629
1,0,2875,106.28968902516797,27.859338837940854,0,0.50504498123118768,-0.015319988948613153,-3.8007929353345964,0.7887034544049718,0.17008030328692555
1,0,2876,106.32578392481794,27.608894352988369,0,0.51052392534724444,-0.018987747006640923,-4.051953414275939,0.82054303011911334,0.17815429514415282
1,0,2877,106.36221623988723,27.353136384349263,0,0.51556336934809055,-0.022869560191712542,-4.3398482886099288,0.85564729472149781,0.18784575357596744
1,0,2878,106.39900720743134,27.091861604940156,0,0.52014532483480591,-0.026839888202098188,-4.6672067426587747,0.89429252528392311,0.1995819640807093
1,0,2879,106.43617904543241,26.824835216753737,0,0.52424187271863187,-0.030774183893347105,-5.0325022375457129,0.93651424440494424,0.21373436420144626
1,0,2880,106.47373819332732,26.552052831211611,0,0.52787988665721808,-0.034566038872198487,-5.4287357154693154,0.98285453057069905,0.23048491452279732
1,0,2881,106.51165988211731,26.274880973254486,0,0.53135701052441431,-0.018669111668528564,-4.8426875751607339,0.97127095905537786,0.24811766743351907
1,0,2882,106.54998414566036,25.994713364509082,0,0.53497916697979198,-0.017613045185642457,-5.1511053926774268,1,0.26418084987412088
1,0,2883,106.58873771641622,25.71092834369264,0,0.53865096406841095,-0.017195817360853766,-5.4017207827946194,1,0.27901927446813818
1,0,2884,106.6279371222592,25.423361356041418,0,0.54237035732702055,-0.017385855406700672,-5.6344308063434099,1,0.29300415828053555
1,0,2885,106.66760013636015,25.131617017202853,0,0.54609124700587708,-0.018124797833817305,-5.8498606857586282,1,0.30651533209543624
1,0,2886,106.70774505614216,24.836599502766152,0,0.55002976377137724,-0.019356398984070801,-6.0345339347109963,1,0.31993926448800641
1,0,2887,106.748389090136,24.539083066440721,0,0.55437860721150223,-0.02107182088161497,-6.2147588649561269,1,0.33367978190347941
1,0,2888,106.78955024327746,24.23861300926843,0,0.55908750606202706,-0.023262084368063374,-6.3915643790449828,1,0.34813577270591567
1,0,2889,106.83124820195775,23.934707306720824,0,0.56410384685272974,-0.025901959154294638,-6.5653954304833748,1,0.3636918868343833
1,0,2890,106.87350454684555,23.626862630301932,0,0.56937422472567933,-0.028952425514017773,-6.7369498385595579,1.0000000000000002,0.38071565477792169
1,0,2891,106.91635435039308,23.316270696663086,0,0.52607536165975954,-0.032956315044077651,-7.0348687706858453,1,0.39993820376941935
1,0,2892,106.95975425147967,23.02896538964071,0,0.43491153728211451,-0.029094181166122668,-7.2351490612645275,1,0.4210222594652292
1,0,2893,107.00366297894928,22.77713882443884,0,0.36790801420663993,-0.023297914124798681,-7.3288184860421151,1,0.4417402076616268
1,0,2894,107.04801271452951,22.546284740300042,0,0.35499700587380789,-0.015767101370365629,-7.2068004052072006,1,0.46000061641428547
1,0,2895,107.09278889571695,22.31192759846293,0,0.37608675750008513,-0.0068097372059584974,-6.9275839389613552,1.0000000000000002,0.47421394867528155
1,0,2896,107.13801468795205,22.065469493020572,0,0.39590622121892632,0.0031106306916481837,-6.5905383796498791,1.0000000000000002,0.48320024183036669
1,0,2897,107.18373918001967,21.806767711320049,0,0.41448729597652678,0.013437261686071003,-6.1812057235797262,1,0.48570910590841082
1,0,2898,107.22999183134995,21.53600801202705,0,0.43193306486729705,0.023507535178424379,-5.6867441730748904,1,0.48095115871867061
1,0,2899,107.27680083701037,21.253036222108378,0,0.44828483933877111,0.032662128627589743,-5.0893102750230295,1,0.46844342630643487
1,0,2900,107.32422937919638,20.956319537695052,0,0.46331527210424084,0.044685709161378012,-3.9587446451327062,0.94995828984042141,0.44750918260166023
1,0,2901,107.37224009484073,20.647892030869787,0,0.47751846791419661,0.059741773581523092,-2.3546606493571289,0.77726657507175856,0.41701812806117938
1,0,2902,107.42102269418109,20.329202319994938,0,0.49128072041516491,0.047470520109077007,-1.9616242131897288,0.63141707390376745,0.37769987934289473
1,0,2903,107.47069998390633,19.999597924928548,0,0.50457882669300369,0.028723691847315651,-1.2750187319578281,0.63055561345014266,0.33408271902356945
1,0,2904,107.52124533869566,19.657911484075637,0,0.51729907655551877,0.006468372117579866,-0.76921378727085721,0.64917988534592341,0.291705308480043
1,0,2905,107.57275509350499,19.301064783198921,0,0.52896018780519038,-0.017073312458841684,-0.85987984702208653,0.69453988670841937,0.25563877938169915
1,0,2906,107.62525162137902,18.928206044905547,0,0.53954338571462845,-0.040114014341862292,-1.4804930324504819,0.76406110870698585,0.2290840112629656
1,0,2907,107.67882916724966,18.537917034104918,0,0.54893708441581923,-0.061599733995209245,-2.5763416922722757,0.85855780331428455,0.21402812367167734
1,0,2908,107.73363351925829,18.128234749353044,0,0.55694532551771792,-0.080993270962546826,-3.9758366128977758,0.97491640929002743,0.21133258050175002
1,0,2909,107.78976459744142,17.700869075061217,0,0.56413652994686758,-0.098375090578617541,-5.2184062534423772,1.0000000000000002,0.22012795476003119
1,0,2910,107.84735987111436,17.269908419196415,0,0.50369763519154287,-0.11050172397561285,-6.2688630516377071,1,0.23996368636660781
1,0,2911,107.90636412525487,16.895558856103964,0,0.38174735328025222,-0.099823784191841861,-6.8251637717821536,1.0000000000000002,0.26895156882632043
1,0,2912,107.96655777115241,16.593286820071434,0,0.27494090483815847,-0.085425016959610883,-7.1202794629054464,0.97451525185171706,0.30060478700942977
1,0,2913,108.027706185817,16.364624351148247,0,0.18355189980366055,-0.067077455136554276,-7.1457758479513123,0.95666568614561276,0.32963165472303807
1,0,2914,108.08954619523648,16.203942452290764,0,0.10642413131182196,-0.046926280945858725,-6.9739950684312157,0.93712819641266609,0.35206414575341105
1,0,2915,108.15183161234764,16.102768889262155,0,0.041834898565508316,-0.027006592234117638,-6.5821073171683055,0.90348153547227006,0.36498282583186759
1,0,2916,108.21434450410335,16.053410669441025,0.011780705100259695,0,-0.0090409776814762872,-5.9210501149587484,0.83732751693213892,0.36659761118702383
1,0,2917,108.27690936554548,16.040921436778358,0.057436495853396122,0,0.005749691682264961,-4.9387130307725995,0.72292881184839641,0.35645202047559449
1,0,2918,108.3394107594784,16.055359196824938,0.097143815517838877,0,0.01685162868137078,-3.6338106422209142,0.55689285101458641,0.33558837796801838
1,0,2919,108.40175382789587,16.093336842744026,0.13160156906826567,0,0.024506272339336239,-2.1024981412649497,0.37498597363546088,0.30637974003170082
1,0,2920,108.46386286293671,16.150422688070172,0.161716244835446,0,0.026017754272647981,-0.86903498420264402,0.24288340175185683,0.27222618347975291
1,0,2921,108.52577325338231,16.223227181184818,0.18818468455217288,0,0.0037140783665657717,-1.0843894168561112,0.22135172035372427,0.23722691271139981
1,0,2922,108.58739242322743,16.30867677029531,0.21163941127983266,0,-0.0064179493941008189,-0.75724444465394236,0.24180149263070344,0.20600243198147267
1,0,2923,108.6486547422268,16.404451058451791,0.23256128883601249,0,-0.014962448294933605,-0.87324887299000675,0.26562321462856803,0.18059810224940809
1,0,2924,108.70953141067226,16.509052533803612,0.25126565698615877,0,-0.021821835204596105,-1.2295385463983433,0.29203572991343896,0.16133804341111788
1,0,2925,108.77000158697837,16.621199902535402,0.2680237380270129,0,-0.02718455288691744,-1.6879178508685082,0.32529870368439873,0.14765585737793627
1,0,2926,108.83004975948197,16.739730642004439,0.28308219221694614,0,-0.031351767569684906,-2.1705968954882153,0.36503757168503537,0.13864746649687604
1,0,2927,108.88966450974553,16.863607946133673,0.29666178846968583,0,-0.03463787728203202,-2.6396164527454107,0.40843564978801727,0.13338089185116903
1,0,2928,108.94883785493568,16.991929759928365,0.30895565165358624,0,-0.037323724744876344,-3.0798097008779903,0.45278712113278113,0.13104200729313326
1,0,2929,109.0075647978987,17.12392035943407,0.32013099585477217,0,-0.039639321432837903,-3.4881415311320949,0.49639508518735104,0.13098777870534914
1,0,2930,109.06584273831264,17.258913797838261,0.33033248000458687,0,-0.039744147597502145,-3.7396737023483348,0.5348496081972951,0.13275083136652022
1,0,2931,109.12365262158784,17.39762369023342,0.33942829184042156,0,-0.033564695972839204,-3.693976004234433,0.55941292583999414,0.13553857033495284
1,0,2932,109.18099718538737,17.53907691534604,0.34762344495301678,0,-0.031510977131513199,-3.8372114144726823,0.58046429438184544,0.13808047872915757
1,0,2933,109.23787450385562,17.682680085911116,0.35504651894739714,0,-0.029913541179475832,-3.909861806850246,0.59301487588296597,0.14000370629352926
1,0,2934,109.29428770296349,17.828160710713167,0.36176145843336566,0,-0.02878739807989553,-3.9398080610126303,0.6001020689215506,0.14124286052553064
1,0,2935,109.35024216284592,17.975231705231018,0.36783469974003336,0,-0.028097135718530966,-3.947600852979738,0.60410707370070926,0.14189848053408435
1,0,2936,109.40574157017126,18.123612339937058,0.37333100779416983,0,-0.027784040377758053,-3.9481715936760877,0.60677812464804093,0.1421510553274857
1,0,2937,109.46079070854793,18.273025498358727,0.37831404896188636,0,-0.027778682343956831,-3.9521611666113845,0.60934550086698591,0.14221395006339213
1,0,2938,109.51538151166412,18.423227069250547,0.38284053518076094,0,-0.028016813789085653,-3.9671189252743027,0.61265805173869203,0.14230743376969932
1,0,2939,109.56953072126369,18.57395140368947,0.38697115339497706,0,-0.028427760266866851,-3.9970167695987624,0.61716981759157519,0.1426306371567089
1,0,2940,109.62324987599116,18.72304176776996,0.34343417204671395,0,-0.030529514174977176,-4.1347790384797705,0.59457879504260724,0.14334467802372669
1,0,2941,109.67659607043055,18.84240837351155,0.30362416896167821,0,-0.038443797029310209,-4.5380002859778594,0.6020886975138412,0.14529909005145722
1,0,2942,109.72962023114522,18.95491742514459,0.31535927920660828,0,-0.036363268726684175,-4.4902101611357024,0.58990732787733868,0.14920629242342731
1,0,2943,109.78232488447287,19.071738989881457,0.32594876543157336,0,-0.032915240172406178,-4.4603117655081173,0.61101833291637331,0.15414552876980198
1,0,2944,109.83469081216597,19.19243274876726,0.3354876016324726,0,-0.02854605800881637,-4.4019237058068814,0.62624364197244509,0.15919361694161824
1,0,2945,109.88671874258687,19.316481689192365,0.34408582391219894,0,-0.02369911017812433,-4.2882322562139032,0.63281811616448769,0.16348830686808924
1,0,2946,109.93840657264265,19.443532865824373,0.35182039355435246,0,-0.018702215833032266,-4.106478958979177,0.62983677784881964,0.16638147854756261
1,0,2947,109.98973682938502,19.573412277304026,0.35873223587856706,0,-0.013813309565768836,-3.8490070278938391,0.61725638411111428,0.16731849438165206
1,0,2948,110.0407256859758,19.705713986411141,0.36490842942562401,0,-0.0091957939465278221,-3.5212438099458967,0.59682190946973235,0.16613408888845135
1,0,2949,110.09134916649805,19.840304590596144,0.37038132417430075,0,-0.0049751537442496389,-3.1250433684912347,0.57015671660639,0.16259615652326073
1,0,2950,110.14162890991338,19.976751613104664,0.37524287481729723,0,-0.0012069182320763238,-2.6768866474334341,0.54017067925826268,0.1569111693687362
1,0,2951,110.19154986733882,20.114768386642648,0.37955567477283153,0,-0.0024572105951899989,-2.518842492944072,0.51794865944197166,0.14926126009674778
1,0,2952,110.24114376358362,20.253644718721137,0.3834668331641552,0,-0.0071497917913505744,-2.4793511787879252,0.50280956672612054,0.14085595583598456
1,0,2953,110.29039272879967,20.392623608738401,0.37832027851569733,0,-0.012989849311165005,-2.5012258027414451,0.4876518095673093,0.13307116384410891
1,0,2954,110.33932782604765,20.525723849430268,0.32753844674982513,0,-0.019330736772044711,-2.6334099453519317,0.43548182851500056,0.12702898179514058
1,0,2955,110.38797181988826,20.629711707067916,0.24311376141565941,0,-0.025759420223890956,-2.899198492214393,0.41279584982011697,0.1238074471111717
1,0,2956,110.43642108524172,20.70102428970841,0.16428351942493433,0,-0.031979430036938011,-3.2780817531209072,0.46116607899879147,0.12383601725023921
1,0,2957,110.48474811014843,20.740699520472287,0.090797134504760207,0,-0.037806820828590479,-3.7499654346847811,0.51323358353783288,0.1275548724199734
1,0,2958,110.53302886945129,20.750915403039052,0.022172623531023904,0,-0.043159442767487462,-4.285149306340772,0.56813038182251163,0.13502962986290221
1,0,2959,110.58133379503917,20.732158192794763,0,0.041737412040389103,-0.048024983062695696,-4.8437211548051087,0.62514648126511374,0.1461396141173216
1,0,2960,110.62974872838345,20.677872140023585,0,0.048756165844038989,-0.045124559019865243,-5.029748711899428,0.59304950912658694,0.1609314764594113
1,0,2961,110.67826612162885,20.635403768981366,0,0.0061478088532553928,-0.036259890939581908,-5.0840062028231854,0.54715753148324819,0.17769440145555343
1,0,2962,110.72685872203749,20.616672543500396,0.031432994898290052,0,-0.033978686397140065,-5.4066458642632496,0.59231036617041921,0.19357711933456634
1,0,2963,110.77548988399788,20.611659804871458,0.065996766829337764,0,-0.032262530265228871,-5.645424675939255,0.62724173650026671,0.2081253155677423
1,0,2964,110.82413015183749,20.618586436753294,0.080310054592488841,0,-0.031231624365655592,-5.8208071290120698,0.65032231567605425,0.22121287697650577
1,0,2965,110.87276344433216,20.625166154861638,0.044618825511203566,0,-0.030923049567343174,-5.9525316882932726,0.66281074686641206,0.23292278631549154
1,0,2966,110.92141343126926,20.611883293057765,0,0.020430687926096678,-0.031269751574988354,-6.0550221342699917,0.67669598116885421,0.24351368762056097
1,0,2967,110.97014957936865,20.563381097741171,0,0.07957311690885556,-0.032190371309267614,-6.1391055260841787,0.7039987595337216,0.25325365316142417
1,0,2968,111.01905124342821,20.479335465663841,0,0.13280291677640241,-0.033529270408959519,-6.2249605459134667,0.73651596954124565,0.26252290545128959
1,0,2969,111.06821887277579,20.360666114208708,0,0.1803686465599196,-0.035188278999160452,-6.3179188874626284,0.77438676538773721,0.27160494644975008
1,0,2970,111.1177163950066,20.212045520324839,0,0.2232754556861046,-0.03703727331604429,-6.4203907022364284,0.81691195460673816,0.28075647031416545
1,0,2971,111.16765706454932,20.03714639294391,0,0.2072952149848708,-0.041783439982144392,-6.6575122698039175,0.84312998504812953,0.29065530101521747
1,0,2972,111.21800198848234,19.887991669414305,0,0.14079949287873664,-0.038124181083572482,-6.5849863164651437,0.79804355932197091,0.30122805064258246
1,0,2973,111.26866642042425,19.781259009993917,0,0.083135285440968765,-0.033059850591574222,-6.4757880096262017,0.77689385956435009,0.31102595559678592
1,0,2974,111.31953827966248,19.710245933333564,0,0.032952420393782704,-0.027174896220911095,-6.3090877929260145,0.75565492363673292,0.31888224716506386
1,0,2975,111.37053713148181,19.672739375801601,0.01020094958790182,0,-0.020935599837624337,-6.0596707881313492,0.7286977566231394,0.32362444082921626
1,0,2976,111.42158140905534,19.657834589447706,0.048514594973202839,0,-0.014786313311105812,-5.7192574840115,0.6957298034366719,0.32476385467445151
1,0,2977,111.47262151407364,19.660344309977141,0.083034401275536227,0,-0.0090781523183230944,-5.2833686549353551,0.65173121441682358,0.32170858495929627
1,0,2978,111.52361490085312,19.678183332055479,0.11418547750170575,0,-0.0040292973326013183,-4.7536435164371484,0.59656045337576469,0.31456895171020238
1,0,2979,111.57452163386102,19.710431932865689,0.14215949315081364,0,0.00021325595581786841,-4.1351349021398667,0.53231277343557504,0.30344409216386803
1,0,2980,111.62530997032579,19.755447155804706,0.16729244155140774,0,0.00013147260242698408,-3.6921921074623039,0.47004403405806044,0.28887656526577116
1,0,2981,111.67600334436348,19.810613397830451,0.19011454098238048,0,-0.011256571189465528,-3.785239084494763,0.42920440408381338,0.27253932021536215
1,0,2982,111.72654462758963,19.875279711939939,0.21076279141369766,0,-0.014507509710331962,-3.3948794115981356,0.40034925226827955,0.2570451979688268
1,0,2983,111.77690112074832,19.948317386836543,0.22946947457423675,0,-0.017217219805345154,-3.1556638769406029,0.39235816985815625,0.2432079806166918
1,0,2984,111.82705034794614,20.028741401586363,0.24643787789289426,0,-0.019266660282889612,-3.0439863593167695,0.39838290811505089,0.23149320786293873
1,0,2985,111.87698516751453,20.115394003840656,0.26190559269369368,0,-0.020662412590850426,-3.0228285639361627,0.41252150537052734,0.22193268647040515
1,0,2986,111.92668729470032,20.207671057546605,0.2759992575465427,0,-0.021435453390407942,-3.0617418566494412,0.43113048006683763,0.21446689301805869
1,0,2987,111.97615429097662,20.304754132660335,0.28888815234904985,0,-0.021691522144111203,-3.1323327920030755,0.45150392892832841,0.20878044461749495
1,0,2988,112.02537312031761,20.406175711584535,0.30067116826521634,0,-0.021528179507707995,-3.2146914182180923,0.47183897434963129,0.20458410272154148
1,0,2989,112.07434032503075,20.511389908269546,0.31146267439708503,0,-0.021060330111438933,-3.2947091756367879,0.49088734116695432,0.20152438711827489
1,0,2990,112.12305143060995,20.619960607667544,0.32135489970942449,0,-0.020072388764212513,-3.3418746355777147,0.5072936361016771,0.19928240090982838
1,0,2991,112.17149210831306,20.731755378001036,0.33037915976751053,0,-0.018337066769616401,-3.3498125264863625,0.51993719239441394,0.19744861442383541
1,0,2992,112.21967842519477,20.84604657054129,0.33868564539694879,0,-0.019258949198309533,-3.4878603488984181,0.53342226491114597,0.19579014194219843
1,0,2993,112.26759208327354,20.962557447952506,0.34633420509770185,0,-0.020668431483781495,-3.612677654850128,0.5457575564715289,0.19455322575481249
1,0,2994,112.3152481583551,21.080868458840619,0.35341309772432572,0,-0.022404014588314803,-3.7439365874472039,0.5587704476179769,0.19396943929231711
1,0,2995,112.36264019281289,21.200736149485216,0.35997521727301063,0,-0.024360589498490248,-3.8929996449473308,0.57359876121309838,0.19430598686166045
1,0,2996,112.40976356948362,21.321892469831198,0.36607823839307735,0,-0.026446877165706876,-4.0661765035705475,0.59097644943262395,0.19581545183995261
1,0,2997,112.4566302010134,21.444022202944474,0.37178913681260856,0,-0.028589558915048992,-4.2641291270484878,0.61112872694718201,0.19863618472982203
1,0,2998,112.50323414185496,21.566312530944856,0.35090709297811157,0,-0.030743053423632646,-4.4892734414219699,0.61101427395176433,0.20295852211640766
1,0,2999,112.54959301726707,21.673510446779474,0.28769229531810303,0,-0.032869502355874519,-4.7416853039774454,0.61757397456201779,0.20889710896359856
1,0,3000,112.59576242722459,21.755512785948952,0.25601066138754447,0,-0.034929133185260038,-5.0091216840420998,0.6508871199201911,0.21647150331364962
1,0,3001,112.64175075325907,21.833158791434172,0.27077001558057801,0,-0.026044796762266592,-4.75292923941051,0.60520094251121792,0.22479357829920735
1,0,3002,112.68756763887323,21.916153769961312,0.28426302089429922,0,-0.025619270134696018,-4.9629640387919789,0.63525926200180505,0.23255092498556729
1,0,3003,112.73321899112798,22.00098832307885,0.25252783776726961,0,-0.025784005218781655,-5.1357341738619606,0.62840475287176589,0.23989277174745838
1,0,3004,112.77872130257131,22.066778975504654,0.17898017450925005,0,-0.026486146518474914,-5.2895761919446302,0.61975316585507056,0.24700667324095332
1,0,3005,112.82412329443639,22.104745228217226,0.11000276551536321,0,-0.027644234136636463,-5.4359018682779929,0.63425721052409845,0.25414489607876811
1,0,3006,112.86948346951543,22.117383673573379,0.045247641573199104,0,-0.029137661581464389,-5.5848499748455174,0.64894264321493922,0.26156830671948922
1,0,3007,112.91485232748502,22.106467559223237,0.00097957982486083801,0.016655173223642981,-0.03086309173652373,-5.7394882469069977,0.66338507592847085,0.2695057715463961
1,0,3008,112.96028209913563,22.066445752894278,0,0.07169505926551728,-0.032729931064699076,-5.8999023434883435,0.68810324107931908,0.27816594040257686
1,0,3009,113.00584687876038,21.992615814172641,0,0.12191148675980658,-0.034654578411337414,-6.0763530830325765,0.72755645234793664,0.28778381485136173
1,0,3010,113.05160753853164,21.889292068847926,0,0.16723214301482114,-0.036559795829894437,-6.2662766071827347,0.77399583658467142,0.29844999953823753
1,0,3011,113.09762398468629,21.761418452898464,0,0.15823910006790931,-0.037144207431978195,-6.4260875863395128,0.78404231280020686,0.31031062390346342
1,0,3012,113.14390428108527,21.651525550878329,0,0.10301113058861966,-0.034422668322179772,-6.4789599535889613,0.75728269717201746,0.32289231028848531
1,0,3013,113.19038295999751,21.573139937484576,0,0.054344121605236696,-0.030817088159446299,-6.5006013162013518,0.75613603480603553,0.33512632353405347
1,0,3014,113.23699320884566,21.522292902544113,0,0.011438347886566566,-0.026664068718147849,-6.4788195843714593,0.75362315896711862,0.34612743792665018
1,0,3015,113.28368099373129,21.495689114829982,0.026371013552298778,0,-0.022254737755305749,-6.3973858241653705,0.74910800112708908,0.35507817656536089
1,0,3016,113.33040082991739,21.484797475602104,0.060795724563516063,0,-0.017863897570000023,-6.2563394583285392,0.74046710466931898,0.36139308132881004
1,0,3017,113.37712052002874,21.487091055541232,0.092346509519340092,0,-0.013705111455650919,-6.0542717797291825,0.72501595517423745,0.36475261457919655
1,0,3018,113.42381030839239,21.502179244980731,0.1211066355861533,0,-0.0099605895086794377,-5.7854098843007202,0.70119728745750665,0.36481851979053187
1,0,3019,113.47044271850936,21.529087642226298,0.14727594471756161,0,-0.0067484484687273007,-5.4502196966352212,0.66880988522903562,0.36156371165160345
1,0,3020,113.51699503263895,21.566677061097423,0.17108706119166339,0,-0.0041173112057848208,-5.0546871692868667,0.62901600619518083,0.35518780005033423
1,0,3021,113.56345484893559,21.614193894590585,0.19269532735884948,0,-0.0065383074259074683,-4.8661828966969587,0.59204261692137994,0.34610283105073247
1,0,3022,113.60980753339413,21.670323222444075,0.21236819008684502,0,-0.009295635779042315,-4.6150160034612631,0.55553121761559487,0.33547016721751433
1,0,3023,113.65603714899433,21.733998545920894,0.23032326127847708,0,-0.012871465245163135,-4.4021623440179312,0.52694654164436427,0.32437757153300339
1,0,3024,113.70212585862357,21.804432505340234,0.24672218139158125,0,-0.016956959147749376,-4.2592467505910614,0.51637487151105244,0.31380674204637271
1,0,3025,113.74805852152095,21.880236829487878,0.24858879674583867,0,-0.021259994352606115,-4.2088503335135243,0.53316604148159408,0.30465562510140087
1,0,3026,113.79383873410562,21.952624741162797,0.20539472888942939,0,-0.025540170684384071,-4.2580066975655608,0.5485574159120763,0.29754202347719788
1,0,3027,113.83949245146678,22.004089334160295,0.13376617427012874,0,-0.029622942297224251,-4.4020773879628399,0.56460993960655093,0.29292690332032451
1,0,3028,113.88507062392031,22.028141434465294,0.066778868042877262,0,-0.033361239866841128,-4.6288672665330424,0.58630846672395642,0.29123142363276477
1,0,3029,113.93063256161651,22.027423358979259,0.0084814582071770905,0.0046127128299996581,-0.036695509207481415,-4.9159335361838856,0.61171840320351256,0.29243712649135467
1,0,3030,113.97623010692004,22.002746672524868,0,0.0067343268256333313,-0.039602730362590398,-5.2420705578408073,0.64971006454771607,0.29650147688198281
1,0,3031,114.02187944875163,21.982787015852569,0.029006284058507349,0,-0.037546099659371314,-5.3766680133399154,0.64266804626179075,0.30308018014023014
1,0,3032,114.0675547898791,21.976165818014266,0.061853045516779219,0,-0.035759183139398618,-5.5717149565673694,0.65441736600344813,0.31121053708841656
1,0,3033,114.11323233112644,21.980598285793441,0.092267681672770371,0,-0.033354655370217319,-5.7380336944606833,0.66472458124907352,0.3200559479736147
1,0,3034,114.15889040036197,21.995298586542201,0.12041195948323401,0,-0.030575361290125763,-5.8651953713499836,0.67244182525446194,0.32894148524816896
1,0,3035,114.20450595788587,22.019964422912921,0.14635078168625701,0,-0.027635449384485877,-5.9457802939185296,0.6854572944337185,0.33724893844550147
1,0,3036,114.25006014987812,22.053622810604878,0.17028303866749722,0,-0.02472723161188442,-5.9793901499984869,0.70559059457155981,0.34451543636175097
1,0,3037,114.29553560996459,22.095615761348142,0.19234447883491901,0,-0.021991978696591055,-5.9669982716367427,0.71812413066374936,0.35041121086326005
1,0,3038,114.3409147176597,22.145492005911354,0.21262937057703279,0,-0.019537537023319482,-5.9102603102499431,0.72339083464525633,0.3546952749449559
1,0,3039,114.38617747687859,22.202976338386428,0.23119663958319628,0,-0.017449036200796329,-5.8113678803099909,0.72184485768397844,0.35718733263462832
1,0,3040,114.43131413798753,22.267244623986059,0.24821487310570578,0,-0.015749142952764025,-5.6769830798148329,0.71467474669876441,0.35794739241494139
1,0,3041,114.47633244188972,22.337493172367179,0.26384845078587649,0,-0.019786423797038731,-5.7699784076879128,0.7128722367875131,0.35753992273972557
1,0,3042,114.52120554309718,22.412979022653847,0.2782494928320447,0,-0.020068548422411528,-5.6321597079859069,0.7032900144463099,0.35674483507766436
1,0,3043,114.5659147425396,22.493835422635314,0.29139476907515716,0,-0.020387251555371397,-5.506975580827878,0.69559502915483495,0.35567048486284891
1,0,3044,114.61045765707512,22.578089091530668,0.27641994553248944,0,-0.020703511073672264,-5.3994901892427336,0.67079728187604282,0.3544599994482438
1,0,3045,114.65484042987683,22.652386572862735,0.21945037395525518,0,-0.020978521681826793,-5.312905098434034,0.63268887739386603,0.35322715349313433
1,0,3046,114.69909616308733,22.704457236085918,0.14971522577000185,0,-0.021165093501392798,-5.2453575023946817,0.60782273049284863,0.35206051949320305
1,0,3047,114.74326997375674,22.731639819664483,0.084197678145560007,0,-0.021219637127048965,-5.1948581168352517,0.58572220606762282,0.35101164158871262
1,0,3048,114.78741097691758,22.736019721695705,0.022450663758615735,0,-0.021126932318243179,-5.1579647759618936,0.56588599766243952,0.35007787779021443
1,0,3049,114.83156255283041,22.717917117102274,0,0.035621865933323754,-0.020888460863393701,-5.1255150356052157,0.55214736831943945,0.34922090697590691
1,0,3050,114.87577440144639,22.670376004831105,0,0.088662947112313165,-0.020516557185464232,-5.0975988151218958,0.56751785668132126,0.3483862128181911
1,0,3051,114.92011718929037,22.593271597748096,0,0.13668430389630362,-0.023339115329866204,-5.2459028120382669,0.6054084381411291,0.34780153909954559
1,0,3052,114.96464607717823,22.487972750209771,0,0.17999908560935507,-0.023065426968989149,-5.2283681141831151,0.62469599905375162,0.34776215622203965
1,0,3053,115.0094038948759,22.358163035738396,0,0.21938636842143908,-0.022434670626799456,-5.2163032767741075,0.65642086813310141,0.34799517954545234
1,0,3054,115.05443949550208,22.205654468292622,0,0.25525422596562847,-0.021512900699654999,-5.2011728997055009,0.68864342029657277,0.3482472493511321
1,0,3055,115.09979967328148,22.032041826745573,0,0.28797096800483252,-0.020374608365659339,-5.1757389677544641,0.719355120616604,0.34825952603393606
1,0,3056,115.14555174731419,21.837708289839739,0,0.31766669730309977,-0.019094670912515693,-5.1330845428969605,0.74669160081357977,0.34774459339684127
1,0,3057,115.19172399102487,21.624883504748091,0,0.34484541998230028,-0.017762084127045448,-5.0693585621167117,0.76961650822762318,0.34648953966501478
1,0,3058,115.23835943297101,21.394666782964688,0,0.36979026124136877,-0.016452007907582736,-4.9814235070063244,0.78730874679554996,0.34430306685399237
1,0,3059,115.2855292494045,21.147158953097676,0,0.39259050865250705,-0.015240625852748227,-4.8658781712652406,0.79885252084537151,0.34097330267917514
1,0,3060,115.33326387424349,20.883673648104917,0,0.41358465892680563,-0.014188000258508212,-4.7226579077575517,0.80423119204822979,0.33642681273242037
1,0,3061,115.38172253362977,20.604332709009658,0,0.37532076569042511,-0.039638085538759207,-5.8567302634037732,0.91852671066838576,0.33322229781070817
1,0,3062,115.43081237519525,20.361619633618741,0,0.28958417934087283,-0.035172124054593856,-5.4593433120596275,0.76500813267327283,0.33355923450364944
1,0,3063,115.48036602530765,20.169729668930962,0,0.21437441729408552,-0.027288738420308576,-5.0592024437426968,0.64759545732472468,0.33478593893031938
1,0,3064,115.53029909026901,20.026469431654856,0,0.14924242203884167,-0.016783633402711461,-4.5786169711512521,0.59915606354989936,0.33464793186465958
1,0,3065,115.58048254708241,19.92318323522553,0,0.092447162041918912,-0.0048667405662216594,-3.9640221661123158,0.54549825359790716,0.33138321131833842
1,0,3066,115.63083747941643,19.857653936674211,0,0.043535769768588209,0.0075240884875523951,-3.1582897190285633,0.47360690884550194,0.32324927127290909
1,0,3067,115.6812724629911,19.822796048757862,0.00083810296743241518,0.0019202382731563904,0.01951459347801409,-2.1537680067376122,0.37955969338837403,0.30968882700727757
1,0,3068,115.73172395333195,19.813218643939685,0.036000539343319128,0,0.030443512410549236,-0.99068155714424411,0.26815317527715221,0.29006925253924914
1,0,3069,115.78214996017351,19.818436054443655,0.069817624668617295,0,0.040110661385078607,0.3199367829204986,0.25243158290786238,0.26493799107272364
1,0,3070,115.83252210431047,19.836808279974321,0.10070500464593383,0,0.048570025792106834,1.7417216438769871,0.37545363964519346,0.23464544678977736
1,0,3071,115.88292529784006,19.867988335410956,0.12873962802463976,0,0.01189917192522638,0.2340336435166655,0.18823906239451269,0.20347956602851372
1,0,3072,115.93324058361895,19.911968721500376,0.15393023346216855,0,0.005818064021313009,1.0243489495026945,0.25305758361660508,0.17612815553400213
1,0,3073,115.98342065463115,19.965100533454478,0.1770135456631024,0,0.00220617496673167,1.3870418071489505,0.28422312756810186,0.15306403344391695
1,0,3074,116.03344295121813,20.026969123085667,0.1980791595211909,0,0.00075851062331329475,1.490072819897442,0.295498605163172,0.13445118223275287
1,0,3075,116.08329475742654,20.096700637995127,0.21730824767337137,0,0.0010092081481161675,1.4700800926226265,0.29967692145330954,0.1195840183106107
1,0,3076,116.13295601917551,20.1737701381184,0.23481195150536976,0,0.0025799799205543632,1.4140524408719162,0.30411682043244653,0.10765044148789957
1,0,3077,116.18241905527711,20.257207617101336,0.25079019020528615,0,0.0050365904885880507,1.3812672858425257,0.31188082017912439,0.097590309989006654
1,0,3078,116.23166388722528,20.346508053186241,0.26534966301062618,0,0.0080574681250185215,1.4076275929540092,0.32348100337727548,0.088545663989531578
1,0,3079,116.28069131828474,20.440720924438601,0.27868595775687854,0,0.011338944644054542,1.5050800720066972,0.33823309314556449,0.079724206516622376
1,0,3080,116.32947847024369,20.53951714618854,0.29087017421943967,0,0.0062954171087211165,0.99295095069238881,0.34485151461088664,0.070537158480977524
1,0,3081,116.37804905509378,20.642786170564772,0.30192951433411302,0,-0.0024127061345336894,0.58219597983496907,0.34960798163891216,0.061733522713994488
1,0,3082,116.4263664577136,20.749860730916446,0.31200234279195926,0,-0.00065550974294490728,0.80331531977762816,0.35980222656739497,0.055026461034616406
1,0,3083,116.4744311968263,20.860041662923269,0.32123323169841261,0,0.0026384091847450868,0.94407179406769626,0.36815413311260325,0.049718638946438479
1,0,3084,116.52223887264643,20.972945042622328,0.3297035412965349,0,0.0069371912958398133,1.0961554077363427,0.37774850266264831,0.044903330408963861
1,0,3085,116.56977955794682,21.088217741892894,0.33748831668753509,0,0.011813971674471693,1.312912837264872,0.38986196162664716,0.039670579422466622
1,0,3086,116.61706449274011,21.205357779714653,0.34469222492327511,0,0.016914046708321993,1.6116145385753917,0.40519713876050883,0.033304797414246412
1,0,3087,116.66408384464087,21.324050727465327,0.35138228085219209,0,0.022011114332101043,1.9957852618690253,0.42512796695909105,0.025190775739815593
1,0,3088,116.71084199120135,21.443896795711247,0.35764243625949249,0,0.026957523579644056,2.4530477894610248,0.45110351675865001,0.014950517509632893
1,0,3089,116.75734825883117,21.564515033597903,0.36355274610922445,0,0.031685383286819406,2.9652411244192542,0.4841728519751437,0.0023988070224047701
1,0,3090,116.80359782597174,21.685571836808535,0.36918367272104829,0,0.036413233930041471,3.5294809352883414,0.53119942117627605,-0.012694598674576443
1,0,3091,116.84959809642334,21.806669552925221,0.37461837013941873,0,0.036907780334550701,3.8913363367905993,0.56780595207820395,-0.030396481613717923
1,0,3092,116.89535473538807,21.928732262443589,0.37967553306707352,0,0.031802716854968729,4.0229448957511345,0.6053012507384351,-0.049678557052286965
1,0,3093,116.94086188550682,22.051924473361634,0.38432566279958452,0,0.025023225577989115,4.0800225916330524,0.63662894204596376,-0.068869702657971446
1,0,3094,116.98610671765185,22.176180264468599,0.38858524315467563,0,0.01713952111381431,4.0199459173414924,0.65562294405994881,-0.086329163586905136
1,0,3095,117.03109730083524,22.30143108472318,0.39247118493589878,0,0.0087323120373406851,3.8247178426058266,0.65954179635512178,-0.10081443711400402
1,0,3096,117.07583144424935,22.42769500111163,0.39598298046886815,0,0.00024418931124248796,3.4806998961923075,0.64718314592471704,-0.11133396452024315
1,0,3097,117.12030734098269,22.554983365549198,0.39912137411211301,0,-0.0079498504279243327,2.979251013912704,0.61894687674015336,-0.11716631605597504
1,0,3098,117.16451577620158,22.683274905816532,0.40189354775814495,0,-0.015518713209467504,2.3117228553080724,0.57677718786879539,-0.11770637711250009
1,0,3099,117.20846947295801,22.812364246182941,0.40434342020712893,0,-0.022269441687719063,1.5055148639790872,0.52650454173168892,-0.11307167227795087
1,0,3100,117.25217157396308,22.941971983800212,0.4065296352081561,0,-0.028097661757472966,0.59078071036538493,0.47583474927713471,-0.10343248005820745
1,0,3101,117.29564273589568,23.072054056870254,0.40846369097857332,0,-0.013869892561020588,1.0108313864230953,0.46194840376729346,-0.090639789921342723
1,0,3102,117.33887400039237,23.202733414352778,0.4101236092581898,0,-0.0096997071748355281,0.38509080591747424,0.44206456555282281,-0.077358359366153359
1,0,3103,117.3818578916336,23.333324562245028,0.411649028901522,0,-0.0055586759286361028,-0.05031193323325122,0.43801638402138049,-0.064643836840552985
1,0,3104,117.42459932624055,23.463611384695895,0.41308564436430362,0,-0.0017449074410985921,-0.29861922880091774,0.44742876920136287,-0.053417585376187605
1,0,3105,117.46710419388828,23.59352765723574,0.41444910563621118,0,0.0015613015160855896,-0.39713020720814574,0.452725383342378,-0.044192100723565608
1,0,3106,117.50937570687239,23.72306785659018,0.41574285873389671,0,0.0042626603932057741,-0.37765760057940589,0.4535706001479673,-0.037203055925017305
1,0,3107,117.55141716297788,23.852242939183913,0.41696699233992179,0,0.0063284496340262134,-0.26855691414308508,0.45100279638945812,-0.032468197813779374
1,0,3108,117.59323184244464,23.981056910928732,0.41812292607572366,0,0.0077800232548740468,-0.095487086671735846,0.44656931884004347,-0.029845421194742257
1,0,3109,117.6348229622631,24.109498830001598,0.41921501207331918,0,0.0086774522459669209,0.11832825362903533,0.44630775810616524,-0.029083879487426582
1,0,3110,117.67619366832562,24.237544513633971,0.42025019564745381,0,0.009106820884796937,0.35228361904954303,0.45122123871097547,-0.029868748208167185
1,0,3111,117.71734592237273,24.365202511113207,0.42122882263344597,0,0.0058277896711967942,0.33491227847496308,0.45243067880837151,-0.031546948485262648
1,0,3112,117.75828351494042,24.492461008101884,0.42215526037434803,0,0.0056377471532995868,0.57433405089228973,0.45956181228156356,-0.033489303510125086
1,0,3113,117.79900969579791,24.619239427893394,0.42304757923885156,0,0.0056557025426539741,0.77107305464577314,0.46613698717107582,-0.035608238058178331
1,0,3114,117.83952743629973,24.74552554514219,0.42391013156631335,0,0.0058753613104075503,0.93841912693830531,0.47215782844205734,-0.037858553115199249
1,0,3115,117.87983969057095,24.871312214567382,0.42474620754356995,0,0.0062789849975110829,1.0871596860745198,0.47778050834843866,-0.040250984897609851
1,0,3116,117.91994939319981,24.996593457637022,0.42555881941580165,0,0.0068413977368741302,1.2259531565125235,0.48322736605382322,-0.042832341732841624
1,0,3117,117.95985946207173,25.121362532235047,0.42635108903474123,0,0.0075334452817579127,1.3615853363726163,0.48873613498771595,-0.045669952591574928
1,0,3118,117.99957280438605,25.245611147663887,0.42712640627710269,0,0.0083248445203749511,1.4991760907989817,0.49453361624634207,-0.048839822905708041
1,0,3119,118.03909232170896,25.369329289462154,0.42788846544044046,0,0.0091864001273106229,1.6423734216050265,0.50082380800833604,-0.052417995463481269
1,0,3120,118.07842091520943,25.492505348966166,0.42864124063379472,0,0.0100916032756282,1.7935515329050111,0.50778350458492083,-0.056474652454706564
1,0,3121,118.11755950523585,25.615218091438877,0.42937059340127098,0,0.0073337274011817345,1.6941054832525264,0.50903653258140324,-0.060783749354253479
1,0,3122,118.15651122561249,25.737535379722601,0.43006452918984706,0,0.0066994478716349551,1.7702364339041654,0.51404813126200621,-0.064887556037727473
1,0,3123,118.19527898586313,25.859371856584993,0.43074166203012787,0,0.0061159698952119208,1.8261667783301809,0.51795996484114948,-0.068713388034622444
1,0,3124,118.23386527573214,25.980742131283819,0.43140057832726436,0,0.0056074902963562032,1.8638397696774605,0.52079334712179814,-0.07220635790996012
1,0,3125,118.27227253057706,26.101659954195394,0.43204000299531908,0,0.0051886243727223532,1.885773605893835,0.52264753320554724,-0.075341187816726704
1,0,3126,118.31050313688216,26.222137216052577,0.43265900062800189,0,0.0048657453993877654,1.8948064232919539,0.52367331015219454,-0.078117319971142074
1,0,3127,118.34855943572789,26.342183384999412,0.43325708906632993,0,0.0046384487499465188,1.8938897379827209,0.52404856112927134,-0.080553764674551068
1,0,3128,118.38644372803195,26.46180534690312,0.43383427227694249,0,0.004501042405274689,1.8859224363097051,0.52395783893756875,-0.082684020054336768
1,0,3129,118.42415827903564,26.581007553061834,0.43439101171528888,0,0.0044439867605019423,1.8736203304634447,0.52357685164930912,-0.084551312777542367
1,0,3130,118.46170530985268,26.69979233469358,0.43492809069935762,0,0.0044170474264425587,1.8564656378584208,0.52298888688849088,-0.086203804173457216
1,0,3131,118.49908451336132,26.818167545990896,0.43544545462964279,0,0.0040680286303235395,1.8136338123908036,0.5217291697940506,-0.087649516058886337
1,0,3132,118.53629616508046,26.936122816506735,0.43594622533121968,0,0.0042109643574175151,1.8051607567685355,0.52126353958013316,-0.088888203007176939
1,0,3133,118.57334660008905,27.053654792713253,0.43643238950513086,0,0.0044350585195237404,1.7986923888746083,0.52089083875258302,-0.090008376834160422
1,0,3134,118.61023796354199,27.170762486121912,0.43690536185855239,0,0.0047187032360117738,1.7966046098311088,0.52075197875015466,-0.091086175627879185
1,0,3135,118.64697237978399,27.28744390304853,0.43736673347093835,0,0.0050412878422679049,1.8006751229645028,0.5209493711515566,-0.092190628201706051
1,0,3136,118.68355195250258,27.403696588887158,0.43781816363352216,0,0.0053840921561749437,1.8120966558684564,0.52155137477553337,-0.093381611426355371
1,0,3137,118.71997871595751,27.519517906955905,0.43826132191431338,0,0.0057308837282500913,1.8315227602310646,0.52259792234099056,-0.094708741754002818
1,0,3138,118.75624626919935,27.634879381160257,0.43870303444730779,0,0.0060670256644161863,1.859575827136688,0.52413713437141396,-0.096222719056757389
1,0,3139,118.79236490377853,27.749802725871909,0.43914005022684488,0,0.0063823442299266505,1.8955237015673729,0.52613485548223049,-0.097942725404943171
1,0,3140,118.82833697478817,27.864287988306199,0.43957344158565431,0,0.0088413604264544077,2.0965145275564345,0.53264830492041071,-0.09989053530817732
1,0,3141,118.86416845986457,27.978074860608221,0.44005632818130308,0,0.011772737475554544,2.3068952721273863,0.54022184013067387,-0.1025303744753502
1,0,3142,118.89985694557164,28.091374823226932,0.44054742924448637,0,0.010802981749951821,2.2828815927737507,0.54314294858696777,-0.10634057724380888
1,0,3143,118.93539274374061,28.204310845721423,0.44102323631935125,0,0.0090112262387316618,2.258326536203906,0.54684226802391711,-0.11081606844761309
1,0,3144,118.97078698464404,28.316912146185501,0.44147883717937092,0,0.0065843139388354482,2.2138798999890819,0.54995094886894691,-0.11529999355988949
1,0,3145,119.00604114522153,28.429190810895701,0.44191281712415226,0,0.0036592478728424108,2.1341998862641356,0.55129765645538875,-0.11925097432566105
1,0,3146,119.04115669571131,28.541162674350826,0.44232267732584651,0,0.0003751880765546921,2.0065883781993095,0.54986431776475408,-0.12217348785117528
1,0,3147,119.0761263524481,28.65282611078581,0.44271056833370231,0,-0.0031359153158338304,1.8164799382952608,0.54462808422713171,-0.12350422700384095
1,0,3148,119.11095767018202,28.764207951406544,0.44307116935619112,0,-0.0067215132696639432,1.5579419968853232,0.53534799325770799,-0.12290086713155915
1,0,3149,119.14565509266401,28.875317730374736,0.44340377723214103,0,-0.010262396899621726,1.2274798747379545,0.52224807745238433,-0.12011614237989192
1,0,3150,119.18022060551252,28.986145262511712,0.44371123667630269,0,-0.013575892559481021,0.83593736586658929,0.50625636075122749,-0.11495263780409104
1,0,3151,119.21465171900007,29.096673828403144,0.44399802632899799,0,-0.0077757614917870026,1.080326928111786,0.50417198975115418,-0.10779668953129683
1,0,3152,119.24895704712408,29.206951863282193,0.4442550636094118,0,-0.0069557688424432751,0.79487178442811168,0.49187578751086375,-0.10007402886914014
1,0,3153,119.28313665226494,29.316939420217096,0.44449104819971891,0,-0.0059452382880293714,0.52471683139308345,0.4821932031378966,-0.092021532177431059
1,0,3154,119.31718587093475,29.426581295564674,0.44471851862048706,0,-0.0048228799755196256,0.28022936960084621,0.47517790873083293,-0.08389917540644902
1,0,3155,119.3511053199024,29.535839712596452,0.44494518129297211,0,-0.0036743081573034982,0.069166514828685938,0.47044201026765076,-0.075963302569749494
1,0,3156,119.38490348690954,29.64471736590902,0.4451715223612398,0,-0.0025662092656927394,-0.10522981066796916,0.47164661166067323,-0.068386249369545307
1,0,3157,119.41857886641608,29.753196546922045,0.4454017216792891,0,-0.0015512652969028797,-0.24050918379195568,0.47532527758717846,-0.061311618165006285
1,0,3158,119.45212527931176,29.86124996186453,0.44564246696875925,0,-0.00068025540457296036,-0.33724503173139991,0.4782921711521898,-0.054875897967077467
1,0,3159,119.48555499636896,29.968920009285995,0.44588558785814192,0,3.3525754404179177e-05,-0.40272553200329081,0.48045780632544877,-0.049071226853730839
1,0,3160,119.51886712934404,30.076207971790645,0.44613155323858172,0,0.00057437117124059587,-0.44067823657137567,0.48180321390369574,-0.043917722605967401
1,0,3161,119.55205228569439,30.183062699485522,0.44639185641968093,0,-0.0026612505284138409,-0.73866426592004608,0.48856540282261368,-0.039022641333047767
1,0,3162,119.58512569049167,30.289537208888827,0.44665609285050334,0,-0.0014722279340198578,-0.63975025329724777,0.48682202436239408,-0.033992201918253473
1,0,3163,119.61808498739987,30.395680859373311,0.44691511456913752,0,0.00017073874977213707,-0.52616118378418808,0.48477896643801088,-0.029223366899579099
1,0,3164,119.65092436727195,30.501468153217122,0.44717521559713391,0,0.0021998872184899451,-0.38469585602157652,0.48200565341544771,-0.025160729299156616
1,0,3165,119.68365592625364,30.606926000628402,0.44743088257812547,0,0.0044909538098654427,-0.211606831911448,0.47834044284152527,-0.022077931064098423
1,0,3166,119.71627316416489,30.712019227189042,0.4476909770936871,0,0.0069711403356117743,-4.692856787518446e-05,0.4744865378543302,-0.020356246939800891
1,0,3167,119.74877750384795,30.81672777436491,0.44795919491200392,0,0.0095467728114796372,0.25607207333417936,0.47839622053647607,-0.020294586051732462
1,0,3168,119.78117815707124,30.921057126954921,0.44823499667770511,0,0.012143812312482646,0.55679254014545243,0.4843353941217633,-0.021983428586307027
1,0,3169,119.81346335505216,31.024919838577123,0.44853780020954592,0,0.014699081968460712,0.90871317487543146,0.4923469318081094,-0.025849141506736662
1,0,3170,119.845645734009,31.128313864349547,0.44886736892622486,0,0.015421600548825803,1.1695003256264682,0.49991885829260446,-0.031804904678746394
1,0,3171,119.87772318447266,31.23139488716275,0.44919342055266703,0,0.011733564232979641,1.1823035694865491,0.50374184849201009,-0.039389838152424632
1,0,3172,119.90969007787876,31.334165553926852,0.44951664059205504,0,0.011061810077163071,1.4647962573678723,0.51569698663686503,-0.047508573802043937
1,0,3173,119.94155987741917,31.436527315167314,0.44985621562106409,0,0.010310150927048504,1.7306364389736038,0.52858866404036642,-0.055894750086196744
1,0,3174,119.97332043367015,31.538412830803889,0.45022800726566997,0,0.0095299687693651165,1.973753021544884,0.54188660535765398,-0.064430684428134391
1,0,3175,120.0049833201645,31.639866711659256,0.45062204750545792,0,0.0087742473471933164,2.1945912344935743,0.55498124185693265,-0.072981842550423434
1,0,3176,120.03654607475499,31.740879870618585,0.45104137949618806,0,0.0080814799039075173,2.3921073655871266,0.56746165663731374,-0.08146375362287385
1,0,3177,120.06800682268324,31.841450683890383,0.4514867849180928,0,0.0074876344198048792,2.5664663440355673,0.5789846331996974,-0.089804340502040739
1,0,3178,120.09937555886347,31.941633766329215,0.4519477669548263,0,0.0070040297812474653,2.7211442756720459,0.58948032848374898,-0.097981650484420188
1,0,3179,120.13063876577318,32.041386289597625,0.45243396751440573,0,0.0066647907992126105,2.8554718348244261,0.59873813783934049,-0.10595228405611246
1,0,3180,120.16181353869875,32.140792256928158,0.45292799668408357,0,0.0064252063072540617,2.9729120680286369,0.60691799613247865,-0.11375261990416373
1,0,3181,120.19288676018191,32.23982452466489,0.45343783265745391,0,0.005745625147426151,3.0362297806941529,0.61281541973185083,-0.12134787872437534
1,0,3182,120.2238692762149,32.338576789421488,0.4539428576980698,0,0.0049322734933309421,3.0746258151413941,0.61728907224321228,-0.12864652702820231
1,0,3183,120.25475530261886,32.437056724762762,0.45444438284846805,0,0.0040896312494040207,3.0935350663333674,0.62036450413071731,-0.13549627849537588
1,0,3184,120.2855483276674,32.535295098903298,0.45493505769725306,0,0.0032390993856077398,3.0933982091255348,0.62199919871377107,-0.14179053497129396
1,0,3185,120.31624952792663,32.633314500711172,0.43730532439618014,0,0.0023977203597759992,3.0745179023923344,0.60519304803657015,-0.14744305130459207
1,0,3186,120.34685883439325,32.724682351016845,0.39101167495561007,0,0.001582414219411426,3.0367817367357715,0.56028116132814976,-0.15234802828776181
1,0,3187,120.37739071439715,32.804313680162856,0.33459623614802203,0,0.00080223691925924978,2.981942149301851,0.50526064948257199,-0.1565021853046257
1,0,3188,120.40785170468342,32.869397001698658,0.28085378461774474,0,7.0480931158631608e-05,2.9091351145687989,0.45264146464512778,-0.15979193745273859
1,0,3189,120.43826089775652,32.922144117381308,0.22933234530128666,0,-0.000611114639453951,2.8209262130838924,0.40255503932987924,-0.16228661027431099
1,0,3190,120.46862439996245,32.961542389191742,0.18023586912893472,0,-0.00051389812763782809,2.7692171246864068,0.35699522369876124,-0.16386332735551573
1,0,3191,120.49896050505988,32.989935146541015,0.13308529877353081,0,0.00026259040169776212,2.7422898068423658,0.31606060294513777,-0.16480549005923514
1,0,3192,120.52927504913369,33.005983624677924,0.088149006980863448,0,0.00037649126673157147,2.6517846090331778,0.28133989481593458,-0.16533722158050951
1,0,3193,120.55957998288123,33.012208857446701,0.044913510588410428,0,0.0005098825712827465,2.5597470589554652,0.25452378024171601,-0.16557716334067249
1,0,3194,120.58988409549349,33.007037836579514,0.0085373489097300519,0.0048457370702360836,0.00065053900601972606,2.4676418645906284,0.23952513016809121,-0.16549381633002347
1,0,3195,120.62019614505681,32.991979146880141,0,0.035826000310912973,0.00078562865197616383,2.3764899805890756,0.23340030126524725,-0.16516906346444293
1,0,3196,120.65053103354531,32.961041904494557,0,0.072444318851521292,0.00090177428919253498,2.2879661257381807,0.23329060050880265,-0.16457257761747701
1,0,3197,120.68089676412093,32.917356129142711,0,0.1067984383069118,0.00099430914531939635,2.2021545942916689,0.24653509881878655,-0.16377148005228509
1,0,3198,120.71131322558803,32.859281620684428,0,0.13855926521529888,0.0010516519499441117,2.1198091540922488,0.27206812227062233,-0.16273859598746129
1,0,3199,120.74178391024616,32.789840970575291,0,0.1683468930062231,0.0010754452594413568,2.0403255115953236,0.29865607669339295,-0.1615183633109101
1,0,3200,120.77232934261748,32.707994454704988,0,0.19594699501730323,0.0010867948140332493,1.9660355002249297,0.32504142724547808,-0.16008539025523658
1,0,3201,120.80295157150671,32.61588719090139,0,0.22180933417578064,0.0013380983666098807,1.9147607003614722,0.35237488490959257,-0.15848109312363798
1,0,3202,120.83366944937133,32.51305488573999,0,0.24583191971675208,0.0017114069250743153,1.8755117331819087,0.37860690074216952,-0.1567637101456518
1,0,3203,120.86448663189505,32.400821374651436,0,0.26830097377700601,0.002129520559154332,1.843762191123578,0.40327456299136366,-0.15503045481283628
1,0,3204,120.89541626642216,32.27933393865009,0,0.28924132884181813,0.0025799475812950294,1.820788559476449,0.42636828732805887,-0.15335688447581539
1,0,3205,120.9264681005637,32.149118954522685,0,0.30877307137246962,0.0030468710210788765,1.8074464048339176,0.44803017230605446,-0.15181708313417844
1,0,3206,120.95764563873325,32.010941965273261,0,0.32705566530938152,0.0035165280671972457,1.8038622245531879,0.46845956968423541,-0.15046045826333126
1,0,3207,120.98896977484883,31.864543303504227,0,0.34404094549359399,0.0039745681901009102,1.8111670827081161,0.48765752805177948,-0.14935700389071596
1,0,3208,121.02043057425084,31.711264429628063,0,0.36001057562301514,0.0044119540166697689,1.8279715746882541,0.50593716706284342,-0.14850972949809724
1,0,3209,121.05206192886087,31.550253513362605,0,0.37479763909922154,0.0048140628982993993,1.8555107661795442,0.52317738976804806,-0.14799343350617591
1,0,3210,121.08384804324334,31.382893533979548,0,0.38869407260362088,0.0036559301403744447,1.771784883861274,0.53243685923599238,-0.14775522634369773
1,0,3211,121.11580276362322,31.209123898431944,0,0.40168686909694945,-0.0024089787449313987,1.3599438971709861,0.51976671261063812,-0.14708226935296864
1,0,3212,121.14794136287722,31.029205589282952,0,0.41384653009404582,-0.0014201263025339079,1.490067854867807,0.53930699413617456,-0.14503542158365823
1,0,3213,121.18026232706173,30.84360037573056,0,0.4252731502708656,0.00042778943503222577,1.6140660197767378,0.55941757417602822,-0.14227767577612743
1,0,3214,121.21280246903129,30.651680247979534,0,0.43584912799330944,0.0031434973623049966,1.7479917223368207,0.58096974145482749,-0.13947619765868882
1,0,3215,121.24554366944565,30.454386455036545,0,0.44577580641032,0.0064888772282599193,1.9063019703746678,0.60463942286250594,-0.13730557403113236
1,0,3216,121.27849986247493,30.251672471652881,0,0.45505523049744417,0.010350408460748309,2.1029581810799862,0.63118863651732804,-0.13635229972741386
1,0,3217,121.31169732353479,30.04321369883397,0,0.46363159782230295,0.014595221892522664,2.3545132875213026,0.66162473425504176,-0.13735526320967442
1,0,3218,121.34512345598323,29.829590613294709,0,0.47163592718769864,0.019041093319749049,2.6639259214188771,0.69625694174092667,-0.14063359343758111
1,0,3219,121.37879428608332,29.610669314396933,0,0.47905408002626371,0.023563673048125209,3.0360147767612826,0.73563827661936854,-0.1466530114900009
1,0,3220,121.41273897590678,29.386042039097337,0,0.48581600432217753,0.02802762411201273,3.4729804237959931,0.78035976300777177,-0.15599422923926035
1,0,3221,121.44694994503193,29.158370464956079,0,0.4505308000270225,0.032883353075513246,3.9994885886479188,0.80022008498553809,-0.16898363593024232
1,0,3222,121.48141504029002,28.947800752097219,0,0.3824631438644025,0.030375230632466822,4.1779727816007979,0.73668758880320384,-0.18539940272002542
1,0,3223,121.51612055812012,28.766849801037495,0,0.3204419880788883,0.025801036428781961,4.3340617022870704,0.66864535550173143,-0.20374621134074208
1,0,3224,121.55102237158441,28.612188655650382,0,0.26380164593569122,0.019533618360598685,4.4308643052674066,0.60213927737510042,-0.22224845051838013
1,0,3225,121.58608640179678,28.48144148603615,0,0.21206461086696929,0.011915660969262915,4.4410898785284125,0.59207271862195476,-0.23944320776231728
1,0,3226,121.62128491239602,28.372937642731674,0,0.16489556759301099,0.0032769678629193479,4.3406808237471841,0.59243214600105609,-0.25399427746838021
1,0,3227,121.65659609578751,28.286098851049839,0,0.12217573963543278,-0.0060395647047887212,4.0992790396161523,0.58226049893440779,-0.26439950289825481
1,0,3228,121.6919897967622,28.218473026753589,0,0.083414588186814645,-0.015598040565516089,3.6986848045803216,0.55703649977138636,-0.26965580203947398
1,0,3229,121.7274430956611,28.168183934709649,0,0.048234805690465135,-0.025012049946489874,3.1212344753841936,0.51348323761398951,-0.26902605619322723
1,0,3230,121.76293817606989,28.133813065274499,0,0.016510147446681694,-0.03341506843822558,2.4112757079137253,0.45012505019460997,-0.26190832387365004
1,0,3231,121.79846972006625,28.1140711958409,0,0.022316720488239707,-0.0342879228926848,2.049529052259055,0.37814616126856399,-0.24807498618934284
1,0,3232,121.83404603638731,28.085635534741456,0,0.062233637886174219,-0.031753049887109148,1.6095045549017213,0.29186352811134952,-0.22892942564877342
1,0,3233,121.86968174071005,28.039487327613976,0,0.10364185488313618,-0.026787137321221077,1.1002264689633927,0.20246502847270004,-0.2065171129801851
1,0,3234,121.90539631428877,27.975524176381207,0,0.14195732539398559,-0.019854812846367333,0.58491063459256187,0.19757008941589985,-0.18260551737196568
1,0,3235,121.94120835960467,27.894723423582096,0,0.17739071291250286,-0.011479408231726166,0.13966395909500889,0.24169536726072396,-0.15895905632571522
1,0,3236,121.97714208366655,27.797235354009302,0,0.20998053436906125,-0.0021914928175396343,-0.11680473435196735,0.29006760980313245,-0.13741280137039902
1,0,3237,122.01321414154451,27.684380803148592,0,0.24001117362166677,0.0074421400431713275,-0.15773297019269594,0.33903776352706155,-0.11946163580080249
1,0,3238,122.04944129620654,27.557244144182025,0,0.26771307975917674,0.016985849648091363,0.010270679159763225,0.38654965568391153,-0.10619541001252977
1,0,3239,122.08584348650891,27.416559882320374,0,0.29324936250852329,0.026091799067538581,0.38337541992372287,0.44316179857653487,-0.098486084550260963
1,0,3240,122.12244196824733,27.262974476382411,0,0.31661019141169561,0.035000541568826163,0.99013730756640561,0.51292067035344868,-0.096956059154668206
1,0,3241,122.15926401318872,27.096867721365481,0,0.29402821478260466,0.042306853109473228,1.7363746878562347,0.54721912866731748,-0.10238272224543984
1,0,3242,122.19630918762411,26.94914446750149,0,0.23724054274412246,0.039419573087193925,2.1479766790354735,0.48591932546107042,-0.11429315213052814
1,0,3243,122.23353576421778,26.827388034441988,0,0.18578952388913983,0.033437698449509112,2.5352974564543493,0.41849313782679076,-0.13000094023723777
1,0,3244,122.27090903170145,26.729418147810566,0,0.13923686583313905,0.024944326557141287,2.8106606953867375,0.34053424111002117,-0.14714360202805091
1,0,3245,122.30839524347188,26.653121439579635,0,0.097157715096154826,0.01455840304726933,2.9204854766544925,0.36077109333835805,-0.16349751930937742
1,0,3246,122.34596295791671,26.596516117147431,0,0.05915358886095938,0.0029065981102346533,2.8301848755265149,0.39812875562128519,-0.17706180021503587
1,0,3247,122.38358403773357,26.557771242416344,0,0.024856228824812254,-0.0093935658255599221,2.5166044326914205,0.4095294511608335,-0.18611647077009671
1,0,3248,122.42123431243131,26.535155700538102,0.0060823060075246311,0,-0.021746663605750029,1.9924497032177382,0.39267572446842858,-0.18926379560336415
1,0,3249,122.45889496632215,26.525019315272271,0.034394922641154076,0,-0.03359482845858152,1.276666598281786,0.34840787881233432,-0.18532302041974655
1,0,3250,122.49655552720429,26.523260389533441,0.060902978500498667,0,-0.044499595252359074,0.34511921061731926,0.30691608192563713,-0.17351198476619525
1,0,3251,122.53423374314671,26.529565557058341,0.085671321928092667,0,-0.034932831260014584,0.47814588586431167,0.2022376082481972,-0.15497860743623496
1,0,3252,122.57191078358727,26.544319123631457,0.10862492090970484,0,-0.031960258308818906,-0.27797449779885464,0.14961904597847542,-0.13264056628327353
1,0,3253,122.60956885150983,26.566220737599501,0.13002563139109982,0,-0.027291717352807596,-1.0313068855060765,0.16352196942937344,-0.10810385823050107
1,0,3254,122.64719622178932,26.59449943947881,0.15002938879298972,0,-0.02145686929764436,-1.6480167114677253,0.23148524550344887,-0.082999850298413322
1,0,3255,122.68478215351409,26.628492160893828,0.16877050959953227,0,-0.014939292005936649,-2.0908348057554593,0.30361801742048805,-0.058768643369343891
1,0,3256,122.72231710204487,26.667702626183601,0.1863497482559513,0,-0.0081493936420302913,-2.3613815819246318,0.36121417145854506,-0.036596683810676295
1,0,3257,122.75979251747582,26.711791420214258,0.2028371053697092,0,-0.0014289210237061647,-2.4658426366778259,0.4000913331171983,-0.017429354836680625
1,0,3258,122.79719878423148,26.76064108838062,0.21825716792438613,0,0.004924537424203638,-2.407569112460378,0.41943904182956415,-0.0020967569577580226
1,0,3259,122.83453168412262,26.813895408735444,0.23268289701584499,0,0.010700659147768901,-2.1997760559901676,0.42137505493374827,0.0090581702406266618
1,0,3260,122.87178589384477,26.87136450666096,0.24615378553553344,0,0.015742160358765838,-1.8512466625725794,0.40852038744009567,0.015805242991919991
1,0,3261,122.90895794345855,26.932823109140184,0.25871637248843149,0,0.012519545338067303,-1.9840782992049868,0.39635689318807538,0.018737798238406832
1,0,3262,122.94604327040408,26.998044863212272,0.27041738033202284,0,0.012559868887822602,-1.5987117503765618,0.37334687880088574,0.018979860616341635
1,0,3263,122.98303738268919,27.066817130472483,0.28130073918594334,0,0.011890156755091584,-1.1899825078424564,0.3539352653238072,0.017004492041597988
1,0,3264,123.01993625382832,27.138811961454234,0.29143348230763649,0,0.010662424576401621,-0.7821225401175238,0.34092647198014125,0.01339205698813813
1,0,3265,123.05673165383071,27.213816107788986,0.30085956577383832,0,0.0090297197231655624,-0.40009405330569481,0.33554171190563309,0.0086949284842382461
1,0,3266,123.09342479988591,27.291383487226099,0.30966955515788358,0,0.0071776155737663522,-0.062647225851596142,0.33634482014369804,0.0035124491972433666
1,0,3267,123.13001307525266,27.371250170739199,0.31791753955445895,0,0.0052524738590644382,0.21350546699941753,0.34783220080562172,-0.0017016170269904796
1,0,3268,123.16649425674427,27.453193220499823,0.3256493826799311,0,0.0033775931624962334,0.41994044535330233,0.36145826518699326,-0.0065829948592860043
1,0,3269,123.20286646857359,27.537027641582732,0.33290312507320957,0,0.0016481793689790295,0.56056776430687894,0.37373657904021546,-0.010863668528801055
1,0,3270,123.23912662240365,27.622619416615507,0.33970741913519675,0,0.0001359995058188442,0.64107305849526941,0.38379885325902435,-0.014353271566897221
1,0,3271,123.27526958595372,27.709876153305405,0.34608131792420566,0,-0.0011048030393179761,0.66790072598393047,0.39135976004447087,-0.016921631844735174
1,0,3272,123.31129913465718,27.798602945680869,0.35206518603662323,0,-0.0020652081646215918,0.651934742639799,0.39675329881483046,-0.018584481426756491
1,0,3273,123.34721437084545,27.888688556461858,0.3576824225956029,0,-0.0027443202448043913,0.60167775136646662,0.40041775566233512,-0.019376259257531184
1,0,3274,123.38301456576603,27.98002656917193,0.36295517380634701,0,-0.0031555778262923745,0.52560972119626936,0.40286415530912123,-0.019372445370120523
1,0,3275,123.41869672234958,28.072535367891284,0.3679016672212998,0,-0.003319221474610758,0.43176073944855775,0.40458340587528846,-0.018666750559883302
1,0,3276,123.45425687511971,28.166135165575643,0.37253814751012265,0,-0.0032657909481361293,0.32831623893759987,0.40601468591843343,-0.017381665710885157
1,0,3277,123.48970029955144,28.26067607222609,0.37689592258495319,0,-0.0030458405159369977,0.22294269133140832,0.40746321602962016,-0.015686513022866503
1,0,3278,123.52502685798456,28.356068296694691,0.38099399421822144,0,-0.0026996588830836181,0.12145550856820493,0.40908979304414872,-0.013715663881922488
1,0,3279,123.56023653388792,28.452228070769273,0.38485002939006746,0,-0.0022668487239482903,0.028567974314795519,0.41096874319532561,-0.01159565796159362
1,0,3280,123.5953203266065,28.549123177198901,0.38847180670664533,0,-0.00178399234636139,-0.050903734797189092,0.41493753158017033,-0.0094472080383288526
1,0,3281,123.63028689368902,28.646627788702752,0.3918851461164819,0,0.0013737746782225,0.10213983141186618,0.41937460261748755,-0.0076635261458603242
1,0,3282,123.66513676857438,28.744675710171339,0.39510436395444037,0,0.0014533630497332163,0.0044540332394905338,0.42113831223081749,-0.0065572344298529556
1,0,3283,123.69987006285081,28.843216253149155,0.39814053193076882,0,0.001110509923261037,-0.070776927132764247,0.42506997696226262,-0.0059215147607325179
1,0,3284,123.73447708109664,28.942227329866661,0.40099904455873625,0,0.00036876224548885295,-0.13560975961258034,0.42904737388350284,-0.0055452607204910919
1,0,3285,123.76896849593994,29.041616164777452,0.40369932634364614,0,-0.00067247095405181573,-0.20152079265925751,0.43291131492123758,-0.0051640982789037705
1,0,3286,123.80334493054326,29.141334211990969,0.40625157894957525,0,-0.0019481984222550687,-0.27742726071710233,0.43687028638372688,-0.004561781954723094
1,0,3287,123.83760227939298,29.24134331570146,0.40866557768834738,0,-0.0033982258090079487,-0.37173556069377695,0.44112278985634895,-0.0035073781998095298
1,0,3288,123.87173914616858,29.341592717312189,0.41095107832840233,0,-0.0049538474669094511,-0.49104749147215282,0.44586260680956585,-0.0017750200505428639
1,0,3289,123.90576309587834,29.442021420118362,0.41312155181350463,0,-0.0065522131763731256,-0.63731798744340851,0.45123953975067765,0.00076177007924096421
1,0,3290,123.9396744302972,29.542585501290375,0.41518657473994147,0,-0.0081478780753774585,-0.81206016957820182,0.45745642237434414,0.004233220423848172
1,0,3291,123.97346255529285,29.64331861355868,0.41714036947265509,0,-0.0028078804252262527,-0.48710763603683704,0.45374762745031494,0.0082222846009576481
1,0,3292,124.00713981658939,29.744239820613235,0.41897979869968216,0,-0.0028739396099242485,-0.64493303796818224,0.45984346162155743,0.011829123498504056
1,0,3293,124.04070726455369,29.845219596445123,0.42073127922649306,0,-0.0032289690301443835,-0.78960552356337999,0.4655764701704655,0.01522082026270513
1,0,3294,124.07415415691645,29.946230415939109,0.42240207183951739,0,-0.0038755178793610867,-0.9274851948320525,0.47109276313448623,0.018561798534361462
1,0,3295,124.1074916812519,30.047240276262922,0.4239983672053948,0,-0.0047526058145855102,-1.0660137385426163,0.47663774029199435,0.022040095943335156
1,0,3296,124.14072234782709,30.148223324156934,0.42552607699427131,0,-0.0058208788460856285,-1.2104563867848779,0.4824366082992313,0.025811232313477088
1,0,3297,124.17383493251593,30.249140168376428,0.42699483343659761,0,-0.0070547288329854243,-1.3671223487660003,0.4888261440695757,0.030100482380188816
1,0,3298,124.20684135605616,30.349962959806071,0.42840992149585855,0,-0.0083950816633807067,-1.5389157461018417,0.4960247714974157,0.03502487535552213
1,0,3299,124.23974378592114,30.450662062792876,0.42977827414470565,0,-0.0098054452623131932,-1.7280758052505918,0.50426343792613781,0.040703687217559362
1,0,3300,124.27253024643272,30.551176668013401,0.43111290253893969,0,-0.011253228254432401,-1.9386403018238576,0.51399975511816776,0.047377883473066727
1,0,3301,124.30521664396967,30.651471435821932,0.4324213992902517,0,-0.01388055889849567,-2.2496411706520307,0.52742491718161189,0.05526418898589483
1,0,3302,124.3377982263862,30.751478760292244,0.43371808654138644,0,-0.012608267160566511,-2.3080430397307592,0.53584205025028975,0.064439956906374135
1,0,3303,124.37026891722549,30.851416151725001,0.43496006213549376,0,-0.010472887139364277,-2.354992508496641,0.54496745808556668,0.074201741471278962
1,0,3304,124.40263962486651,30.951288887471058,0.43614619140452116,0,-0.007674317381737566,-2.3751024321936289,0.55353911530323019,0.083856074687181245
1,0,3305,124.43490047635073,31.051092426153613,0.43728032088393598,0,-0.0042859998999538627,-2.3497267614621027,0.56010519124208069,0.092730882077577348
1,0,3306,124.46705665793955,31.150838694819775,0.43835841574936124,0,-0.00048651353185018167,-2.2667509687827287,0.5633587697892608,0.10022844288307821
1,0,3307,124.49911236656882,31.25054162260319,0.43937894268306144,0,0.0035798493138878965,-2.1182451366770101,0.56244116496336716,0.10592157046946138
1,0,3308,124.53105557543579,31.350207992748253,0.44034158333285395,0,0.0077850335481087626,-1.8852210135460004,0.55599017727636169,0.10905378661774183
1,0,3309,124.56290172574455,31.449848864979728,0.44124350335339974,0,0.011981551036539145,-1.5716007680906854,0.54447768265861984,0.10959440344305761
1,0,3310,124.5946411793341,31.549451452552898,0.44209044003666137,0,0.016042823908475251,-1.1701123957497432,0.52786525711825838,0.10696348946372015
1,0,3311,124.62628604891654,31.649017850743121,0.44288012558517798,0,0.011453229131439308,-1.3845866194018497,0.52379683993952564,0.10182422106714778
1,0,3312,124.6578360409931,31.748590186957095,0.44360542069999126,0,0.0110751429617225,-1.0732325792396087,0.50751369584637573,0.095330128707078507
1,0,3313,124.68928210457526,31.848131699187494,0.44427457904255946,0,0.010275901993999593,-0.75207959035877037,0.49329690782006819,0.087697796975344036
1,0,3314,124.72063759629719,31.947601246546881,0.44489573549166728,0,0.0091796701326216767,-0.43365896314171271,0.48163295185784349,0.079371036147107832
1,0,3315,124.75188730356371,32.046926054358984,0.4454851009221556,0,0.0078293922385827917,-0.13202123863294993,0.47334187724397508,0.070592296485213729
1,0,3316,124.78304679301853,32.146080859315163,0.44604640820935487,0,0.0063453478947595081,0.14379558421840008,0.47364333975826928,0.061724134064680608
1,0,3317,124.8141066092285,32.245008681375701,0.44659455564485301,0,0.0047945779181899646,0.37807640052744695,0.48028465525320541,0.05302770531965751
1,0,3318,124.84507320538215,32.343696898979992,0.44712945974216201,0,0.0032566309768074187,0.56853109548166691,0.48692290524471321,0.044731391512520167
1,0,3319,124.87594561811005,32.442130381429592,0.44765707072344052,0,0.0017897951133077799,0.71452771111741376,0.49288987696178521,0.037015788975220357
1,0,3320,124.9067225815285,32.540300964332388,0.44817801556036851,0,0.0025753615182995274,0.99006558491920438,0.50163120607496603,0.030025060129252139
1,0,3321,124.93740931002696,32.638109642718497,0.44871298727376441,0,0.0054293772746744715,1.3481478353500655,0.51205189239995197,0.023252712543576654
1,0,3322,124.96800006131635,32.735617645949169,0.44925061550019346,0,0.0034819642600224065,1.2944633280384035,0.5131061192701134,0.016057928195118122
1,0,3323,124.99850623927559,32.832958824473714,0.44976401459790682,0,0.00095040247123433892,1.2049808830658606,0.51318124585885683,0.0090009997433231504
1,0,3324,125.02891555194171,32.930106255801149,0.45025989063878441,0,-0.0021419958168926866,1.0607520155976728,0.51138249139839798,0.0028064297746092717
1,0,3325,125.05924270482029,33.027084008582229,0.45073302495555673,0,-0.0056118511381453547,0.85934006865245383,0.50740979887990201,-0.0021287214675157085
1,0,3326,125.0894724402422,33.123839485635557,0.45119517620102639,0,-0.0093975911192947237,0.58681512513058831,0.50056537948444679,-0.0049722750743531304
1,0,3327,125.11962237880817,33.220387356510379,0.45164324598862549,0,-0.013336341168484192,0.25501700723239107,0.49139310946994019,-0.005672250323779421
1,0,3328,125.14967609927116,33.316631855770552,0.45209733368084121,0,-0.017338648196427466,-0.1554238638707689,0.4863195666997488,-0.0033095555551407797
1,0,3329,125.17965274331506,33.412576862670932,0.42527901282003228,0,-0.021309045655111419,-0.63375670631695236,0.46666723609634092,0.001847602640944232
1,0,3330,125.20954052166435,33.498830412217963,0.37301042382909622,0,-0.024725356635647289,-1.1669074636836674,0.42185567352005915,0.010739604700278979
1,0,3331,125.23936606144048,33.573160903766869,0.31844349967316654,0,-0.025157993042435923,-1.573910029973002,0.3730273214189278,0.022709928194796385
1,0,3332,125.26912878131813,33.632930652786897,0.26656471193821935,0,-0.02342905376707469,-1.9297131741483133,0.3335018574637712,0.037585960522520147
1,0,3333,125.29884957117709,33.681283087765109,0.21673835908707501,0,-0.020662296811594056,-2.2662189878492232,0.30755070755680963,0.053958666842662893
1,0,3334,125.32853106672179,33.716570498841847,0.16929390967257271,0,-0.016827597735030064,-2.5535731985858541,0.30138851471855138,0.071061148061188018
1,0,3335,125.35818780980514,33.741300481138687,0.12372119692010199,0,-0.012245897087501286,-2.7817713901903396,0.31062218251557083,0.087934506575786553
1,0,3336,125.38782525087478,33.754278151734475,0.080259932788889543,0,-0.0069867538712164515,-2.9249959880321463,0.3314641862145471,0.10360032038354225
1,0,3337,125.41745365301824,33.757472883698391,0.03850687622114634,0,-0.0013020833433965938,-2.9836314197409011,0.35602434264888771,0.11748036434308394
1,0,3338,125.44708074996149,33.75014838714214,0.0051081526487680518,0.0064987296707918144,0.0046700323503126402,-2.9374605655991033,0.37876185383997468,0.12858228458698878
1,0,3339,125.47671473124178,33.732307264804078,0,0.039441330396470554,0.010736599012026945,-2.7912419916248816,0.39534180997328539,0.13659894142293172
1,0,3340,125.50636879310619,33.700112208794188,0,0.074881536666838014,0.014455120729183063,-2.7176847296033944,0.40303588835844734,0.14071358057451749
1,0,3341,125.53605963540134,33.654893872559427,0,0.10797994126974791,0.013292270279710292,-2.8839380149165268,0.40540301553866964,0.14147157840515817
1,0,3342,125.56580006773228,33.596908506675071,0,0.13879858145250742,0.014718923445222968,-2.6865506110526693,0.39307950428593963,0.13983987230895922
1,0,3343,125.59559564058303,33.527593719936405,0,0.16762137055907581,0.015580985459038495,-2.4323800307367027,0.3737970519935338,0.13614495106449417
1,0,3344,125.62545887564461,33.447352699170807,0,0.19454530811339582,0.015879963329966506,-2.1258473868027576,0.34928349315110852,0.13050892675444695
1,0,3345,125.65539746515481,33.357079532484562,0,0.21974248256898096,0.015663124125757523,-1.7754300169382742,0.32434098567330577,0.12319259081961126
1,0,3346,125.68542261917031,33.257167682382835,0,0.24331042613789536,0.014973847668611751,-1.3902632483938966,0.33745518368211802,0.1144364661848382
1,0,3347,125.71554123122519,33.148282393427586,0,0.26537512061995217,0.013883728500487346,-0.98215677883588814,0.35516814064208868,0.10454593620806782
1,0,3348,125.74576443850835,33.030682978980415,0,0.28600676521078283,0.012466080683885453,-0.56493415571978689,0.37082733061396872,0.093824186956244462
1,0,3349,125.77609711907093,32.905002456357245,0,0.30532811969589818,0.010812975101222927,-0.15339152258082822,0.38482435933119163,0.082597984736591037
1,0,3350,125.8065526278382,32.771278488906241,0,0.32336036249324079,0.0088366755568290139,0.21884369059840142,0.40627340941969486,0.071184071136038585
1,0,3351,125.83713166170976,32.630297742517001,0,0.34026554136051218,0.0064459589035633404,0.51916348545043733,0.43113587937342451,0.059916938869558206
1,0,3352,125.86785285852362,32.481809417772965,0,0.35600016935840506,0.0043033141587714447,0.78010266741639156,0.45441196397570294,0.049208300979668981
1,0,3353,125.89870862746542,32.326877940177987,0,0.37078609415730035,0.0022478911622402049,0.98497464135201129,0.47553832281706548,0.039225405868031332
1,0,3354,125.92972746331722,32.164884777961575,0,0.38450389336869356,0.00036729670208456163,1.1271836208980592,0.49400600546448376,0.030283835725842527
1,0,3355,125.96089232087499,31.997153068170402,0,0.39743216572760742,-0.0013159062839877543,1.2184370243320715,0.51025019952908623,0.022353159146265841
1,0,3356,125.99223763320592,31.822946727189887,0,0.40942269755131305,-0.0027238052899023952,1.2535949973092426,0.5238612774058089,0.015705532491414841
1,0,3357,126.02374763515884,31.643366286764312,0,0.42071754767599961,-0.0038661194686278734,1.2442603150554434,0.53537740854745197,0.010211841215851392
1,0,3358,126.05544349674965,31.458186580313825,0,0.43126257173051391,-0.0047077161837711257,1.1916358950623982,0.54475657207261907,0.0059616420259650848
1,0,3359,126.08733037065798,31.267721984149382,0,0.44114533314448418,-0.0052519833313849473,1.1026047261669139,0.55230621946365066,0.0028847776994033402
1,0,3360,126.11940433062574,31.072445631174759,0,0.45046562949653024,-0.0055244111376784215,0.98495138308374763,0.5583852541054124,0.00084258617873757139
1,0,3361,126.15169980046662,30.87186744114436,0,0.45913391436700629,-0.0055107691693591547,0.84282787127973946,0.56305169105495045,-0.00015020734019028604
1,0,3362,126.18419637414333,30.666806347093761,0,0.46733009021706268,-0.0052763779563488288,0.68679794123622373,0.56682542657151758,-0.00035984629126831311
1,0,3363,126.21691514162441,30.457070162821186,0,0.47501460624566449,-0.0048413298607056831,0.52342484539752787,0.56987121067515722,0.00012167595847891012
1,0,3364,126.24986919747911,30.242671649922602,0,0.4822131466835558,-0.0042481959399211181,0.36118936607858593,0.57246422448438561,0.0011297445739326842
1,0,3365,126.28304961650463,30.024031489109209,0,0.48902285857646521,-0.0035508491429097387,0.20694787543375234,0.57488995390050446,0.0024732797842998188
1,0,3366,126.31648105703665,29.80091531041387,0,0.49539502599261392,-0.0027881772900788617,0.067834114981336457,0.57729041827935879,0.0040172026827108888
1,0,3367,126.35017031042214,29.573434554701564,0,0.5013796042894838,-0.0020088166748558271,-0.050177701368746039,0.58252433243311841,0.0056022305432629942
1,0,3368,126.38411324292404,29.341862761159572,0,0.50704294415130591,-0.0012513140624768834,-0.14418819490255072,0.59043413424590552,0.0071077585099654081
1,0,3369,126.4183274999083,29.106103960926976,0,0.51237252086300877,-0.00054903339009090065,-0.21261671519101052,0.59737234084815982,0.0084322729199419778
1,0,3370,126.45283407676355,28.866026473424956,0,0.51736509890647631,6.6752843610006206e-05,-0.25528636583988112,0.60329960168458419,0.0094851116155199155
1,0,3371,126.4876241704919,28.621943621938915,0,0.52209674980070098,0.00026575664471384093,-0.30087183579686544,0.6091077261472726,0.010268764590116148
1,0,3372,126.52270848483568,28.373859636272204,0,0.52658909063715809,0.00071592912265296799,-0.29514893931086877,0.61319253696856024,0.010790935448004576
1,0,3373,126.55810783250165,28.121642277490842,0,0.53082168895029447,0.0010951516937056252,-0.27300281039732621,0.61655794720467716,0.011006208677298113
1,0,3374,126.59383690117856,27.86524575836393,0,0.53481584368643187,0.0013967922591019901,-0.23680827996580725,0.61929398756351584,0.010898273906916315
1,0,3375,126.62989417156069,27.60482685025012,0,0.53861875267395742,0.0016230156447401116,-0.18980748287329754,0.62154100390573797,0.010485476322884718
1,0,3376,126.66629214482221,27.340351882714732,0,0.54224455948550121,0.0017766329184621019,-0.13477697741892242,0.6233948615810776,0.0097865645549861362
1,0,3377,126.70304387264567,27.071777232799832,0,0.54570860986362268,0.0018638340413679822,-0.074630535140086288,0.62495542775438861,0.0088319758143572211
1,0,3378,126.74016299315026,26.799045670968734,0,0.54901745124286094,0.0018936884390871448,-0.012223341347458828,0.62632083801849736,0.00766128387383641
1,0,3379,126.77767679431768,26.521940400935708,0,0.55215690153063957,0.0018763787877176862,0.049667486507878646,0.63031822595078413,0.0063163953154040456
1,0,3380,126.81558629937896,26.240547779036795,0,0.55517022273692662,0.0018264584358643815,0.10849342187280495,0.63483157553950031,0.0048534213943451643
1,0,3381,126.85390608691812,25.954794996908259,0,0.55807038990857816,0.0011784651434056305,0.11805701101895545,0.63774057040940935,0.0033655943668999375
1,0,3382,126.89265233394474,25.664589239663776,0,0.56086875186179119,0.00090597577897299651,0.154757376974102,0.64141242776278928,0.00197009706472663
1,0,3383,126.93184203024221,25.369823182212961,0,0.56357577393569969,0.00066092815869245346,0.17988653111147138,0.64467040095000094,0.00070806824555842219
1,0,3384,126.97149302830817,25.070380098206321,0,0.56620225583602957,0.00045491699734113902,0.19425090351772351,0.64754208539306735,-0.0003909937918881511
1,0,3385,127.01162409605786,24.76613110887244,0,0.56875900264593271,0.00029510750538893645,0.19921679987973279,0.65007339417231935,-0.001312034000999108
1,0,3386,127.0522549828721,24.456934472629889,0,0.57125693325351079,0.00018441594237783823,0.1965402211942075,0.65232348155326825,-0.0020532659092845386
1,0,3387,127.09340649167123,24.142634951099087,0,0.57370723819604796,0.00012195503116510657,0.18819075112261552,0.65435929054752195,-0.0026242180619759567
1,0,3388,127.13510055745014,23.823063275157011,0,0.57612159751476599,0.00010368935602181856,0.17617998745629521,0.6562502322451591,-0.0030432267814523039
1,0,3389,127.17736033266235,23.498035715472422,0,0.57851246660288114,0.00012323198246190332,0.16240577702337497,0.65806346549145833,-0.0033346278367163452
1,0,3390,127.22021168741435,23.167340061749204,0,0.58089095192268725,0.0001424287724704836,0.14603531266033551,0.65984844269248943,-0.0035255017414231285
1,0,3391,127.2637011918825,22.830553522234311,0,0.58322962268494094,-0.0025662263723490626,-0.061192130424382235,0.65976040072328201,-0.0034188124565661835
1,0,3392,127.3078394292925,22.487594330353353,0,0.58557592924298763,-0.0020013543308186658,-0.027054104452684715,0.66065238539426052,-0.0028096988537951971
1,0,3393,127.3526559797296,22.138205653216421,0,0.5879471293774724,-0.0010288950774749218,-0.0044653752984469414,0.66209472138306735,-0.0019664035769426332
1,0,3394,127.39818219230122,21.782111057719188,0,0.59036342774686834,0.00022129880318413149,0.025287911291919166,0.66499623004788078,-0.0011520226970249006
1,0,3395,127.44448412765944,21.418697253023478,0,0.59278519735729918,0.0016292238498937532,0.07532651541630804,0.66890221249804971,-0.0006230367191887269
1,0,3396,127.49158518047578,21.047713155398327,0,0.59525389138926388,0.0030803648071097132,0.15140031111938207,0.67375912554792938,-0.00057076578126348293
1,0,3397,127.5395108701881,20.66892312163943,0,0.59782400373605282,0.0044913530003945863,0.25340083993713247,0.67962272590332218,-0.0011069674976809086
1,0,3398,127.58836758349227,20.281314317291226,0,0.60040612528772941,0.0057965864053043008,0.37813700637651437,0.68634203542321415,-0.0023258946829220811
1,0,3399,127.6381481424316,19.884896041554995,0,0.60312873080253415,0.0069692709755943055,0.51670327237909042,0.69375269704706544,-0.0041663690309823708
1,0,3400,127.68897039096468,19.478556607722766,0,0.60591190954322593,0.0079895480891917121,0.66107303413160434,0.70153003753307352,-0.0065852861128232127
1,0,3401,127.74084376611297,19.05869061694121,0,0.6081957326786076,-0.059063115315198512,-3.0717776209147436,0.98040008118501509,-0.0036156594644562406
1,0,3402,127.79394075122636,18.624008244683186,0,0.60990575218652088,-0.04704081454708979,-2.1929171753712531,0.82306150219676022,0.0097183909927889955
1,0,3403,127.84829522729923,18.182718680808918,0,0.61289429583912869,-0.025214384244888179,-1.3483520406206433,0.73187144871732968,0.026289756015617394
1,0,3404,127.90398089505746,17.731103138080126,0,0.61666097406305276,0.0027229081462204902,-0.38657490576814357,0.71664004392745995,0.040926423482340282
1,0,3405,127.96110173720629,17.264586204297796,0,0.62057463142935776,0.033380057798129491,0.69781402913946677,0.78010717570841936,0.04926042038785329
1,0,3406,128.01980150081869,16.778853750710187,0,0.62410708607895704,0.064397774642815264,2.1544096851067076,0.90066436628233326,0.047895618418626204
1,0,3407,128.08026458275197,16.269807691433485,0,0.62683776960019055,0.09462700596623623,3.901974202918721,1,0.035050117584211823
1,0,3408,128.14272167302204,15.74721931818223,0,0.63120324124241112,0.12422507060784303,5.3748711248443426,1.0000000000000002,0.010282667808697162
1,0,3409,128.20738513892809,15.222339268084214,0,0.64004578956301605,0.1543577862653103,6.4138067152829459,1,-0.027259367212599642
1,0,3410,128.27450659895578,14.692543279002875,0,0.55121985109670402,0.18568052788066577,7.434271089091947,1,-0.079565112073786859
1,0,3411,128.3439116058203,14.235376814100093,0,0.40183760201527957,0.052331797938446507,5.0583321144124325,0.99972190269723993,-0.13787866959604603
1,0,3412,128.4152716126282,13.883189988787317,0,0.27479387816058393,0.052385770406507728,6.1815832873060339,0.93918235616447532,-0.17991103473166395
1,0,3413,128.48828401026387,13.624547506092323,0,0.202551128408197,0.061035346815724166,6.5001725099559442,0.86003768385471446,-0.20491419923778931
1,0,3414,128.56267212460989,13.399476340143345,0,0.22485802639301236,0.07674556375087116,6.5926289396310018,0.85299390855016322,-0.21660950980331908
1,0,3415,128.63858666141678,13.11860924544523,0,0.28558472815107316,0.098358606290148323,6.7928327325596065,0.96430040364349223,-0.22007464064868221
1,0,3416,128.71651126987393,12.766852399258957,0,0.33831080747811237,0.12499872840156133,7.1018443119610062,1,-0.22032597475297883
1,0,3417,128.79697517588292,12.353092022292936,0,0.38591405756152691,0.15672368259650332,7.4389029270499529,1,-0.22172527797943306
1,0,3418,128.88059485006283,11.878993102709577,0,0.43020124800291376,0.19420088137585459,7.8266926347117636,1.0000000000000002,-0.2287740889810693
1,0,3419,128.96824830660773,11.331267768539139,0,0.47056854218228861,0.23762868372913379,8.197000061102095,1,-0.24616421520403201
1,0,3420,129.06103930960256,10.717102321567006,0,0.37117478041746327,0.28574261181433946,8.8779684744128833,1,-0.27786379154523178
1,0,3421,129.15907308495167,10.226005417177632,0,0.19664915228087262,0.23011250634019959,9.0732658558566044,1,-0.318302463523219
1,0,3422,129.26068139366413,9.9386664087913328,0,0.06490929186945181,0.18820716578641974,8.6177924488460853,1,-0.34302776310824623
1,0,3423,129.36406145401151,9.8320034775925649,0.027927432742887132,0,0.14656975192521104,7.6178336309952828,0.99145538405900413,-0.34141274027517321
1,0,3424,129.46768059221662,9.8317380557030791,0.097005250489066969,0,0.11548792403128423,6.5496557584046347,0.90587694973004207,-0.31419110586976723
1,0,3425,129.57066217112185,9.8976792235237934,0.15060392023140817,0,0.097585536916182478,5.2737680381015171,0.7053236583031377,-0.26801366355769496
1,0,3426,129.67241089988707,10.010021621611264,0.19288920106679797,0,0.089496089244572322,4.2579794328086562,0.54404961780473615,-0.21343017429866323
1,0,3427,129.77255914496203,10.154095675402433,0.22697024843158753,0,0.087106631093631662,3.7936023350348251,0.48469757008954467,-0.15954393129157315
1,0,3428,129.87092706712744,10.316606841044777,0.23044237933193784,0,0.08813168667090153,3.7258502860780167,0.46442816026589839,-0.11080002023708872
1,0,3429,129.96760099473292,10.456036938970044,0.1383190440401782,0,0.091801533012923847,3.8840511557684514,0.41291015237622331,-0.068364394922920069
1,0,3430,130.06324103221988,10.495674511531618,0.0044387225369415095,0.0035009338639898037,0.09815430800985836,4.1654588270755513,0.4358158744989083,-0.031821072042990659
1,0,3431,130.15893965734151,10.419724799318827,0,0.0026283377604323656,0.14919229026531031,5.7852801964460969,0.76699824001273642,-0.0027612135477137374
1,0,3432,130.25502963181154,10.401520734529791,0.067240241418657545,0,0.13368040351579183,5.1205882862577257,0.57322759180065641,0.021861900831991306
1,0,3433,130.35088344131233,10.443490526418165,0.12309010760075854,0,0.11535692900710814,4.7568082953504982,0.58938162537465055,0.044051477104853257
1,0,3434,130.44607551939382,10.528186383700771,0.1685792374327687,0,0.09913532452749238,4.3990431964376189,0.56712168970226795,0.065256623671712394
1,0,3435,130.54030185750514,10.645625855691096,0.20584996281271067,0,0.086154818871816002,4.0085642935620065,0.53231309869777643,0.086002610865988136
1,0,3436,130.63332452010948,10.788854863779973,0.2364203898694261,0,0.076179848527161184,3.6461222981136769,0.50283997861359186,0.10578906300036268
1,0,3437,130.72501478271229,10.948816424014163,0.24197274962472773,0,0.068527994677804294,3.3493603476023881,0.46920106532688138,0.12384665655723241
1,0,3438,130.81538027364397,11.092937643036594,0.15539962637867533,0,0.062592176883293396,3.1166870294767817,0.38144844152369217,0.13958815481716375
1,0,3439,130.90489082992832,11.149499101215371,0.022974961392447597,0,0.057842681024460309,2.9176781171164703,0.30889589859508099,0.15285273831613561
1,0,3440,130.99434107032263,11.101898861118844,0,0.095530746539630063,0.053964916143787192,2.6978221316681958,0.30797154613647709,0.16386834356830379
1,0,3441,131.08432458414603,10.919485808629258,0,0.077270783227224762,0.15318487305178324,5.9790859680495752,0.91284679822356163,0.16781295092645732
1,0,3442,131.17562866921409,10.825142882370917,0.008219113458780394,0.0011658445798658058,0.13133470321409793,5.0828617225089374,0.54965461693516915,0.16692813343378979
1,0,3443,131.26743604776993,10.824253788328905,0.070769310853636386,0,0.099368781556032099,4.1651330944022886,0.55895276952979134,0.16591693117495776
1,0,3444,131.35916290980998,10.874250148726389,0.12255035075469657,0,0.067102426486107675,3.2562664412754936,0.50081995747936747,0.16691717407337051
1,0,3445,131.4504251380686,10.962347614067465,0.16509165895198219,0,0.038196019769605134,2.1695228554425032,0.40331289573030898,0.17084209784321086
1,0,3446,131.54096141688811,11.079320308417909,0.20035954016656393,0,0.012855651199232859,1.0039361484044174,0.31595226159134387,0.17661846975443382
1,0,3447,131.6305644257979,11.218847472670522,0.22972488113461648,0,-0.0098966740753658328,-0.14313782346365789,0.27261832145400805,0.18233272371783052
1,0,3448,131.7191286088227,11.374881582009218,0.25449181506146784,0,-0.031445127106613215,-1.2541237043220754,0.29432412300104643,0.18639434616325987
1,0,3449,131.80655641239861,11.543017473344866,0.27562573651619943,0,-0.052981401988532635,-2.3299639929694531,0.40588452510364953,0.18796143036991989
1,0,3450,131.89282620655325,11.71894999348874,0.29406326723046994,0,-0.075415139585329083,-3.4090152947726438,0.5486223019375922,0.1871788623116955
1,0,3451,131.97746624525428,11.905106167864837,0.30938704874950013,0,0.018463459312424022,0.75216046611194665,0.41913122578225431,0.18208436452172461
1,0,3452,132.06069733341323,12.10090829418143,0.32177413796710441,0,0.02155206580136897,0.35835991869063816,0.3541003418466338,0.17440983202793442
1,0,3453,132.1425896076542,12.302238883003922,0.3321038643622708,0,0.018314434486216884,0.53251302687800872,0.3667822549882771,0.16374744421048151
1,0,3454,132.22316321056297,12.506877394109736,0.34087119233321744,0,0.013369537359826397,0.59392336448131,0.38051425171622733,0.15229174539477555
1,0,3455,132.30244065252916,12.713468200047396,0.34839372808047925,0,0.0082891568444818497,0.508149864359286,0.38674006228790653,0.1415900304745617
1,0,3456,132.38045249900415,12.921138325199012,0.35488868153772413,0,0.0035552033842707305,0.33180229139320994,0.38831271304697274,0.13220719488722013
1,0,3457,132.45722306767479,13.129224759541696,0.36052783944422162,0,-0.0007414497070127239,0.11060878476192028,0.388121420403164,0.12416949228658843
1,0,3458,132.53279607293786,13.337186995503234,0.36545543257629143,0,-0.0046579669182524128,-0.13059676537286113,0.39209414420039673,0.11726747529116553
1,0,3459,132.60721467317026,13.544598163299037,0.36979023225702512,0,-0.0082893223931648045,-0.38025469021726804,0.40052959691136847,0.11126051848786486
1,0,3460,132.68052090108864,13.751119217013018,0.37363099393960802,0,-0.010885391209071041,-0.56927863026745384,0.41104791268028934,0.10594950090140438
1,0,3461,132.75266196408074,13.955145596210587,0.3773273696235393,0,0.019512602485510171,0.94220484722837439,0.4188644237069401,0.10017109097859739
1,0,3462,132.82377359897836,14.158944254216616,0.38045271638158701,0,0.014062695022838153,0.52745841687335404,0.41544576730069832,0.093404591806349593
1,0,3463,132.89388245173163,14.362027221946651,0.38312957175818418,0,0.0058461439941360199,0.28873262570806546,0.41623850374774718,0.08613636402077092
1,0,3464,132.96303014116967,14.563707805930727,0.38551858007360229,0,-0.0030803190174728918,-0.022183402353337763,0.41306976116819688,0.079572919728473746
1,0,3465,133.03123480057042,14.763618181581892,0.38771512055921176,0,-0.01184911710386707,-0.45903944822945481,0.42085441872307422,0.074607624573339068
1,0,3466,133.09854880885473,14.9612393274121,0.38547232571835033,0,-0.02018085778769959,-0.99504258567382864,0.42830679900097035,0.07156827402510671
1,0,3467,133.16499496137936,15.147332706041654,0.3145238710947918,0,-0.028054989980231149,-1.5872219382967698,0.37047948225867811,0.070523115287155477
1,0,3468,133.23075074024911,15.278861651605597,0.20339665785260044,0,-0.035553263272398675,-2.2040054910189633,0.31939891033537826,0.071317878073133542
1,0,3469,133.29608443575137,15.352035140305173,0.10167165956151798,0,-0.042741671768674244,-2.8265442398105645,0.37550823719221249,0.073782221041229126
1,0,3470,133.36123502787945,15.371645949269377,0.009260312571952407,0.0010625757465370933,-0.043770555867033427,-3.0730580758849753,0.4537987139163272,0.077741100953822126
1,0,3471,133.42630195268083,15.33209788861973,0,0.076127372438240623,0.04263918382338712,1.1312464251557977,0.51242109260208279,0.077453322134733479
1,0,3472,133.4916864978897,15.229998051739997,0,0.15088197923095639,0.026493806484613178,-0.11960463583089957,0.22429350693809,0.069846276466489554
1,0,3473,133.55767240279081,15.070022562419949,0,0.21730206469630614,0.00054294138177893249,-0.86649786964643627,0.35649295199030306,0.05897464802953549
1,0,3474,133.62452823987977,14.851954959873256,0,0.27570023289480183,-0.029189554094606357,-1.6721429615362728,0.52854589919066708,0.049463801038702022
1,0,3475,133.69252274741126,14.577481731405253,0,0.32684012409208768,-0.059703938770007306,-2.8696322560079461,0.69410200007670475,0.045092569846631354
1,0,3476,133.76195519861923,14.2476688444294,0,0.37145297705660846,-0.090093696744507817,-4.2964858719214858,0.86281519828078268,0.047664776592417281
1,0,3477,133.83322584389035,13.86053260780443,0,0.40978210896245604,-0.12040941081003101,-5.6723474230929734,0.99938180259162501,0.057824539006131076
1,0,3478,133.90673024660333,13.423693806528874,0,0.44415832459560439,-0.15115452014039218,-6.7091525682919908,1,0.075700634267140687
1,0,3479,133.98292701498468,12.946200332343752,0,0.47743251920219243,-0.18323801627721034,-7.380680666305941,1,0.10269878657424703
1,0,3480,134.06237593843818,12.436455425235337,0,0.39251589342612681,-0.20991558971786883,-8.156277999258732,1.0000000000000002,0.14152685001930601
1,0,3481,134.14495373126374,12.027934474657895,0,0.24499688514807444,-0.15073479168063803,-8.0308461621021578,1,0.18621875076995215
1,0,3482,134.22991922160352,11.751078798158886,0,0.12575902526900687,-0.12401770655984147,-7.8497077444424406,1,0.21976558532922391
1,0,3483,134.3164193537574,11.59865466966747,0,0.033192057299312253,-0.097720512095066978,-7.3971128799833243,0.97095810649223202,0.23646476189536714
1,0,3484,134.40361713916707,11.546516793038824,0.037674904915557625,0,-0.076431233024416373,-6.6658305737632357,0.89533678412092899,0.23452064402532055
1,0,3485,134.49089015070516,11.555105293523917,0.094877805736695936,0,-0.062081328822901218,-5.6492949208698038,0.74905789725275995,0.21604310038063906
1,0,3486,134.57783542892142,11.608487547104032,0.14171228134915775,0,-0.053912374470831761,-4.5478520061078811,0.58000092080290955,0.18645084098478454
1,0,3487,134.66413828296277,11.69671667057851,0.18026434264061986,0,-0.049870685980896848,-3.6755479072029078,0.46467422129923414,0.15210033043936719
1,0,3488,134.74958518687296,11.811064798284546,0.21236563136217695,0,-0.047907085713211763,-3.1382625020954986,0.41462331976486355,0.11813844161738653
1,0,3489,134.83404171921526,11.945349910014642,0.23932960508743908,0,-0.046766438890887212,-2.8563836032631515,0.40375073940304362,0.087330806059519747
1,0,3490,134.91742051705583,12.095203831652768,0.26209920666931791,0,-0.045857606323921878,-2.725162105780222,0.41012504373034153,0.060690613690760072
1,0,3491,134.99968958254783,12.254783623836561,0.28190563498111881,0,-0.060398732459621796,-3.3717422272283502,0.44712317341003427,0.03877830360474005
1,0,3492,135.08081393014655,12.423492927726954,0.29892494846188816,0,-0.064230954183130545,-3.5513691611932194,0.48464912393315251,0.021264164114771677
1,0,3493,135.16078326183822,12.599322898825948,0.3136106100173377,0,-0.067673346586875183,-3.8382648870751916,0.52479327425976363,0.0077814050126802786
1,0,3494,135.23960044407391,12.780175471821162,0.32642945158464814,0,-0.071260506806841248,-4.1580658620852002,0.56457477353083041,-0.0022959340691123056
1,0,3495,135.31727556617483,12.962894962443674,0.32410558749314633,0,-0.07531004949134161,-4.5011804470795358,0.59312471190452898,-0.0094505076206956255
1,0,3496,135.39388023122635,13.129855507921816,0.26068652791421487,0,-0.080019295845109556,-4.8750550378312161,0.61453265279858593,-0.013977572055356534
1,0,3497,135.46965776837899,13.2409265442682,0.16453759172906338,0,-0.085466773158854925,-5.2756304941389001,0.65443901006152538,-0.016053786473877684
1,0,3498,135.54497203145132,13.291455972983339,0.072651323181052524,0,-0.091687247731156926,-5.6959264662263953,0.69516269272198272,-0.015862594121231453
1,0,3499,135.62016420206226,13.284377920843927,0,0.014281635526196896,-0.098756550297778925,-6.1226986872196782,0.73529651308715005,-0.013589937820393033
1,0,3500,135.69558340823198,13.219524136120011,0,0.017246797287281408,-0.10681762252430463,-6.5659021809193359,0.7958782405773871,-0.0093387676460128712
1,0,3501,135.77133690384898,13.183095212721913,0.036491595196840559,0,-0.09460773825824402,-6.2696624392384255,0.71664781202711347,-0.0042253123115403891
1,0,3502,135.84719730522738,13.184628406794351,0.088059800582539566,0,-0.086754491886978452,-6.1906764903781539,0.72946094156987784,-0.00014779890048095381
1,0,3503,135.92296585620554,13.217190871009258,0.13245256951009163,0,-0.079947125531600702,-6.0620582362607456,0.72713353727354901,0.0018099573508541511
1,0,3504,135.99847155908361,13.276464581293126,0.17058593988232176,0,-0.074845326804162463,-5.8900350815281346,0.71365674540816204,0.0012733747571241503
1,0,3505,136.07356854594425,13.358051940192697,0.19916263096124059,0,-0.071622245193168677,-5.7061795915128686,0.69389391338659623,-0.0014488358654884167
1,0,3506,136.1481602887566,13.452346046629877,0.19686033190329669,0,-0.070123582722391054,-5.5494202749203279,0.66233299519449307,-0.0055793747471309116
1,0,3507,136.22224486906578,13.53325040629249,0.12266710885849148,0,-0.070063181842728417,-5.4500631871985847,0.60844821757923595,-0.010234919411880055
1,0,3508,136.29602049447053,13.556146029178706,0.017297686446720442,0,-0.071094036491789317,-5.4162841605538521,0.58587029258794643,-0.01466133562537035
1,0,3509,136.36984337635303,13.509668449767837,0,0.078071334196465961,-0.072931724255135194,-5.4024173434817975,0.60399146792476288,-0.018427382748817604
1,0,3510,136.44414376259911,13.378248891827434,0,0.16081137448276847,-0.082025339870522795,-5.7065672802298568,0.70911024349915286,-0.021319643745832326
1,0,3511,136.51938964788215,13.174707911949703,0,0.13370952614692175,-0.10446064659357975,-6.3812310025400594,0.81747372326638479,-0.021105851830379361
1,0,3512,136.59567296450157,13.039382358464929,0,0.051278196854831523,-0.094295892650155921,-6.0327540781987334,0.69332332578455036,-0.018294258271178403
1,0,3513,136.67251890126684,12.983045622021368,0.014180978824232275,0,-0.080767426383971649,-5.671794546344767,0.67970921429158204,-0.01591480603835067
1,0,3514,136.7495386238183,12.97796976196252,0.068285323093166109,0,-0.06672975547411937,-5.2187849799099419,0.64809243631495272,-0.016022135028617494
1,0,3515,136.82648402194229,13.007678095117495,0.11439488562011117,0,-0.053888208125011605,-4.6705012149410292,0.59466970844462608,-0.019561009722310993
1,0,3516,136.90316209940562,13.066880813391315,0.15362624633293465,0,-0.042921189711748742,-4.0356725652625398,0.52829594272948766,-0.026472028269950855
1,0,3517,136.97941446774809,13.150832784680295,0.18698173005203583,0,-0.033805953909605196,-3.3655673358342169,0.46339896104276279,-0.035914352942566327
1,0,3518,137.05511026020272,13.255352252118712,0.21534631919463179,0,-0.026147001953206583,-2.715286354737434,0.41154826932713218,-0.046668739333341577
1,0,3519,137.13017085019413,13.368425531243705,0.16985006980855286,0,-0.019396630025903156,-2.1120503040805314,0.32085484962342115,-0.057543194357811522
1,0,3520,137.20470735239209,13.435415213381912,0.066458526477167504,0,-0.030059081357459837,-2.4413758416391911,0.38309950202346854,-0.067617311423212451
1,0,3521,137.27896510188734,13.431994101902156,0.054908859129548536,0,-0.08643570527446634,-4.5798112303465821,0.75753990383931447,-0.07155240602040773
1,0,3522,137.35323003056277,13.448990876271107,0.10211707237447419,0,-0.077527815334793304,-4.1426226981092134,0.50499556222657127,-0.069054414941692496
1,0,3523,137.42734407856827,13.498198155431316,0.14198175635096943,0,-0.061363822763936697,-3.7877212379734382,0.45966516688641457,-0.063542408703547243
1,0,3524,137.50115208635265,13.572617118353438,0.17594920784305085,0,-0.042618765406846955,-3.3144949105247457,0.47788298346293095,-0.058159105376015943
1,0,3525,137.57451987852551,13.667636235856538,0.20498439343166194,0,-0.024037666233884633,-2.6251522178026425,0.4479585974299336,-0.055258286334586591
1,0,3526,137.64735623971885,13.779261098493546,0.22992542058768728,0,-0.006880179966130268,-1.7266606490648779,0.39174544120702148,-0.055798901770769141
1,0,3527,137.71959351562515,13.904321527175625,0.25144249085229392,0,0.008568256156773273,-0.70310287366480906,0.33454076413846984,-0.059590540155063647
1,0,3528,137.79116454604613,14.040187504999272,0.27009503763617521,0,0.022570233840317307,0.38426378416949319,0.30927663670230465,-0.065859422055063094
1,0,3529,137.86205998534305,14.183947804808405,0.2864962820006316,0,0.035767235894596835,1.4784575637667381,0.33337171286588746,-0.073572628780416399
1,0,3530,137.9322439010607,14.333502891404924,0.30109489737204942,0,0.022540394722628788,0.52054182726204534,0.37220220372274893,-0.082048309601389202
1,0,3531,138.00162650482679,14.491781048291889,0.31333199873061374,0,-0.0021286805948452572,0.14177686336472592,0.3617249231779644,-0.089276497689796105
1,0,3532,138.07022148885648,14.654710091217972,0.32404698836907847,0,-0.0081483530660161861,0.14760943480698821,0.360402014758128,-0.092359351172177515
1,0,3533,138.13805941732656,14.821232580742279,0.33347467954840398,0,-0.011195608383473481,-0.14609801876022005,0.36161507831584372,-0.091232906599357191
1,0,3534,138.20512406058799,14.990714269162121,0.34176375412495824,0,-0.012495316259574847,-0.46567475933044994,0.37407842959114596,-0.087081805910184509
1,0,3535,138.27143235801364,15.162388316362195,0.34908804986943726,0,-0.012886666189299919,-0.71582409808448288,0.38811504665056684,-0.081304165735401376
1,0,3536,138.33699752117374,15.335661319238932,0.35558547076219527,0,-0.01285030592495553,-0.89367073356448068,0.40078789750448102,-0.074875107255714488
1,0,3537,138.40182208434871,15.510077373261597,0.36136527842493987,0,-0.01265675761979188,-1.0156837910876848,0.41129291463962142,-0.068391757609445658
1,0,3538,138.46591511567914,15.685252806654848,0.36652123818148563,0,-0.012456435555013162,-1.0996063514503014,0.41979862563519688,-0.062184265055191361
1,0,3539,138.52929919043905,15.860862023275859,0.37113453388775824,0,-0.012320882315973582,-1.1602459677596466,0.42678931741645215,-0.056387399539676322
1,0,3540,138.59198746498402,16.036640350118407,0.37527327350382417,0,-0.013048099035952818,-1.2696739253920828,0.43397897214511916,-0.051026484300998133
1,0,3541,138.65399341536002,16.2122880957203,0.3790117451481857,0,-0.012831896368816199,-1.2671653834457899,0.43864297881002579,-0.046020145022550217
1,0,3542,138.71533333570056,16.387778381203677,0.38236891214636609,0,-0.011721486948005275,-1.2396950139902632,0.44227732375917483,-0.041345134837155108
1,0,3543,138.77602178712598,16.562931060529067,0.38539368449952244,0,-0.010510512021682126,-1.210574781266694,0.44493837419237248,-0.037071751194536894
1,0,3544,138.83607350507236,16.737598529546162,0.38812780749981551,0,-0.0093158989379161193,-1.1684539703514205,0.44640969952025011,-0.033268659446385213
1,0,3545,138.89550341259783,16.911666300848982,0.39060579265096429,0,-0.0081949225288727532,-1.11265394499044,0.4468737663875828,-0.029962744343628337
1,0,3546,138.954326502577,17.085040465528444,0.39285746716400555,0,-0.0071680988146268559,-1.0461210445187685,0.44662224197696476,-0.027139301605372066
1,0,3547,139.01255775415373,17.257641607605986,0.39490922929888761,0,-0.0062346183026712031,-0.97240371784886703,0.44592444785687291,-0.024755597071599487
1,0,3548,139.07021206466419,17.429403980538396,0.39678424804920337,0,-0.0053826044615555386,-0.89448470730017626,0.44498206351279873,-0.022755521464095575
1,0,3549,139.12730418837702,17.600273471795539,0.39850290229961594,0,-0.0045957069728642707,-0.81445306414939134,0.44392645044303869,-0.021081031928276962
1,0,3550,139.18384862851158,17.770206371404832,0.40008305656824328,0,-0.0045735920970233108,-0.7924592678791379,0.44402456497226978,-0.019673558397757914
1,0,3551,139.23985829072393,17.939032329799282,0.40156749652395546,0,-0.0078243898629485557,-0.95408423341043147,0.44825240819853351,-0.018158588205942558
1,0,3552,139.29533456576843,18.106798844912696,0.40295505651777963,0,-0.0080810372197657864,-0.93123979290381009,0.44954064751575495,-0.016284138945698492
1,0,3553,139.35030456542094,18.273544600908981,0.40424597485356734,0,-0.0080221883664901711,-0.9422638416068112,0.45176494161817476,-0.014086731263679189
1,0,3554,139.40478186652419,18.439248349087872,0.40545213886936826,0,-0.0077511273967385622,-0.96252076879469906,0.45414950738687804,-0.011667946784492388
1,0,3555,139.45877567852307,18.603896375575179,0.40658361106881469,0,-0.0073485730983639721,-0.97950437419817549,0.45627372448983594,-0.0091540557496539599
1,0,3556,139.51228579062908,18.767462485801303,0.40765265044507992,0,-0.0068764378206725082,-0.98739806066992764,0.45792996920791007,-0.0066657240984076879
1,0,3557,139.56534055528226,18.929986668314694,0.40865799661671859,0,-0.0063811218844649267,-0.9850494780297413,0.45907471063423022,-0.0042916836583967548
1,0,3558,139.61794554229292,19.091464865007051,0.40960693147513011,0,-0.0058909541657892013,-0.97287496698696185,0.45973869851222043,-0.0020919516138674051
1,0,3559,139.67010078957009,19.251882190147136,0.41050864996805131,0,-0.0054243333459836106,-0.95217610622463045,0.45999664600310841,-0.00010566563369799895
1,0,3560,139.72183512957685,19.411288776866449,0.41135910438332274,0,-0.0039911576652601529,-0.84115399428146898,0.4582768401357431,0.0016494015261742554
1,0,3561,139.77313768914769,19.569694328382202,0.41216210676016102,0,0.0051708123262266554,-0.24906861553423632,0.44571308174480806,0.0020507597189282998
1,0,3562,139.82403444450347,19.727161706796903,0.41291062293585812,0,0.0019771996388621453,-0.48347962171468384,0.4484526585635516,0.0011591308973348874
1,0,3563,139.87452468343324,19.883606667375918,0.41362683671612227,0,-0.0028031593479637637,-0.65092106673559702,0.45102864360814759,-6.962402206259853e-05
1,0,3564,139.92462229281634,20.03894499460926,0.41433273297025347,0,-0.0084225330431096628,-0.86098607841519847,0.45570319271439835,-0.00064735600141926149
1,0,3565,139.97433313659218,20.193057185420855,0.41505717063473974,0,-0.014377030524762299,-1.1622920926296316,0.46338851016315674,0.00029546059425316783
1,0,3566,140.02367077367398,20.345843675677724,0.41582484644597711,0,-0.020324930130577037,-1.5623246879726231,0.47523098248589662,0.0033911112344402524
1,0,3567,140.07263909186912,20.497155487575991,0.41667017393359629,0,-0.026067127387896731,-2.0501674941052994,0.49304570182200863,0.0090990712677593844
1,0,3568,140.12126086339032,20.646900556081526,0.41761602608099485,0,-0.031519634479831596,-2.6024565894441589,0.51832639675078918,0.017563114248859861
1,0,3569,140.16952965563567,20.794826762205943,0.41871713613596134,0,-0.036648925488043903,-3.1990923033925074,0.55263877276640949,0.029041497463639612
1,0,3570,140.21747791968087,20.940866712419371,0.41999114874634902,0,-0.041504041411928955,-3.8169055015063211,0.59560214848626458,0.043399919974281588
1,0,3571,140.26508745213113,21.086412412691462,0.42116369175477847,0,-0.025944493124333185,-3.3663885116194976,0.60812766855107259,0.058763189528720609
1,0,3572,140.31237366979028,21.231860453862396,0.42215934534195571,0,-0.022885162390999341,-3.6848537534363799,0.63823970964228383,0.073183005163345444
1,0,3573,140.35934956927255,21.376112041088795,0.42320164199647542,0,-0.020295416658064204,-3.888181678070171,0.65807573117996832,0.086325853446404699
1,0,3574,140.40600341529884,21.519327035851756,0.42426226363872416,0,-0.018286926774946893,-4.0009206406249316,0.66877089277067125,0.097856190778362523
1,0,3575,140.45235619872588,21.661734519445361,0.42529893413825076,0,-0.016851687263185412,-4.0516007095424671,0.67278961428534167,0.10781112981638237
1,0,3576,140.49841423293904,21.803463158035481,0.4262893512274557,0,-0.015963339068652316,-4.0597428106174833,0.67211269629598058,0.11630118986615919
1,0,3577,140.54417010826378,21.944566138044653,0.42722620408000445,0,-0.015587743600847184,-4.0411819320994544,0.66848112394545478,0.12347607213771207
1,0,3578,140.58963606302049,22.085091854372042,0.42810304007010436,0,-0.015636201963580149,-4.0112330671497602,0.66359958545495568,0.12963496723688125
1,0,3579,140.63482058675234,22.225045992120343,0.42892185259459115,0,-0.016020776825898045,-3.9815518876590641,0.65874171206668608,0.13507125060357195
1,0,3580,140.67972865034372,22.362443556267195,0.38242912849725691,0,-0.016659035011886991,-3.9631863820863447,0.61221135524596804,0.14005924759698299
1,0,3581,140.72439309474947,22.477455149233691,0.3556506255686131,0,-0.025604546776479643,-4.3862633290533024,0.60044371876644886,0.14603717570125932
1,0,3582,140.7688364396449,22.588437551458039,0.36222824222432787,0,-0.023932914521837732,-4.2631897262822047,0.60662595233730354,0.15348988807513675
1,0,3583,140.81305774492563,22.701427466337719,0.36823567780065447,0,-0.02092722104915274,-4.1558790279234215,0.61503015162359864,0.161497626625899
1,0,3584,140.85705433195761,22.8161856962599,0.37372370405413852,0,-0.016876201231039459,-4.0295332316506158,0.62156506807004941,0.1692097056331201
1,0,3585,140.90082180881308,22.932550452371306,0.37872729793681426,0,-0.01207474174122793,-3.8558404668204691,0.62302780492574494,0.17579121850588739
1,0,3586,140.94435346537551,23.050417614254251,0.38327073832735736,0,-0.00681462902582591,-3.6119074444711821,0.61706827481839854,0.18044388102706277
1,0,3587,140.98765496550124,23.169635033162717,0.38738645787251813,0,-0.0013803945638015079,-3.2849757763898828,0.60280163510495932,0.18261069297413127
1,0,3588,141.03072564585617,23.290099638969949,0.39109791527511684,0,0.0039986233640420124,-2.86584672171485,0.5802207459081391,0.18184729210244394
1,0,3589,141.07356558364521,23.411687718163989,0.39443239721451223,0,0.0091330407715395096,-2.3500440553996191,0.55042877122926959,0.17787156266213286
1,0,3590,141.11617587336306,23.534236216945182,0.39742498951126487,0,0.0087478694168261883,-2.1656682644015044,0.52608905871782252,0.1705669081204419
1,0,3591,141.15857703121347,23.657444058333837,0.40013831629145968,0,0.0059667983873703707,-1.9415150586058614,0.50203684815244221,0.16079409946648107
1,0,3592,141.20075921495928,23.781216240811442,0.40259343077017778,0,0.0029194608101387495,-1.6755495409374692,0.48262255732392506,0.1502424383949188
1,0,3593,141.24272051329831,23.905336541703097,0.40483655130530705,0,-0.00070991364924082663,-1.4774957055216877,0.47080162252041563,0.13992766873963658
1,0,3594,141.28446552809675,24.029590679373481,0.40691243853335479,0,-0.0045928237822956608,-1.3720086253813004,0.46559878925101583,0.13067347098187279
1,0,3595,141.3259960247947,24.153810197762454,0.40885668641177203,0,-0.0084733964600217457,-1.3701043441243781,0.46557667694476323,0.12311774888475924
1,0,3596,141.36731436060757,24.277864584727087,0.41069769452258198,0,-0.012160811029795257,-1.4704249294919065,0.46967962231828098,0.11771075994816632
1,0,3597,141.40842337958813,24.401649207864832,0.41245844795646497,0,-0.015528517603296071,-1.6624752790799082,0.47755356484740524,0.11472404103256563
1,0,3598,141.44932630074169,24.525071660701066,0.4141594353001164,0,-0.018507547587601817,-1.9303225641103048,0.48938909143403858,0.1142745674256546
1,0,3599,141.49002661952275,24.648042446618081,0.41582051362384026,0,-0.021076372342363713,-2.2559096061208264,0.50556700688214862,0.11635713907700444
1,0,3600,141.53052730023467,24.770469237583303,0.41746205843129619,0,-0.020604934222626457,-2.4408120781112288,0.52156562155113573,0.12086710067029072
1,0,3601,141.57082498604649,24.892743652061419,0.41900760969855627,0,-0.018209844316340196,-2.5941525042114382,0.53901933008165759,0.12701643128925058
1,0,3602,141.6109261156804,25.014640943845112,0.42050393565950817,0,-0.01742841758402559,-2.8643318933744273,0.56009165766606528,0.13386485012569763
1,0,3603,141.65083471531116,25.136034504524918,0.42197813379708704,0,-0.016561097857516766,-3.1009130000774294,0.57992929479211697,0.14108393649429474
1,0,3604,141.6905534821976,25.256934748293386,0.42342985530479649,0,-0.015695585278810237,-3.3036354596447417,0.59782845044625477,0.14842946285522063
1,0,3605,141.73008502507938,25.377363529733422,0.42485642289166659,0,-0.014899182441606601,-3.4743089267786651,0.6134210560442499,0.1557209035550878
1,0,3606,141.76943186424478,25.497348797639066,0.42625390132416624,0,-0.014220248116583255,-3.6160679343411393,0.6266177446310901,0.16283655139259348
1,0,3607,141.80859643742573,25.616919776535067,0.42761806237453287,0,-0.013690211114637202,-3.7328368557221112,0.63753884817512618,0.169706689018572
1,0,3608,141.84758110885502,25.73610314255415,0.42894515084648865,0,-0.013325886939711772,-3.8289472239204851,0.64644891720069475,0.17630576486618205
1,0,3609,141.88638818399727,25.854920375667845,0.43023241528163325,0,-0.013131921760893252,-3.9088598035608175,0.65370085505284248,0.1826442335364728
1,0,3610,141.92501972109659,25.97338561848488,0.43147853730618907,0,-0.012844513710666777,-3.9607954434682733,0.65913780526612031,0.18875636214218722
1,0,3611,141.96347590594468,26.091586418033582,0.4326669111392189,0,-0.011813291482254389,-3.9553795337113864,0.66183268599627554,0.19457261084962549
1,0,3612,142.00175957758043,26.209540909230984,0.43379634503162223,0,-0.011423951485771609,-3.976354231965618,0.66450864429650225,0.19997981124138237
1,0,3613,142.03987274608428,26.32721630659282,0.43487527630959577,0,-0.011138370744201955,-3.9873581807105096,0.66608004480121941,0.20499356575285915
1,0,3614,142.07781317604787,26.444610672519833,0.43590386187369262,0,-0.010953845142486348,-3.9908183540716213,0.66680047092898387,0.20963530166654451
1,0,3615,142.1155869470729,26.561730899706571,0.43688280539872548,0,-0.010858726417866798,-3.989420473616029,0.66695550047954633,0.2139562126307509
1,0,3616,142.15319600519331,26.678572852950118,0.43781425866009038,0,-0.010841300841101234,-3.9854169502302144,0.66678607797139144,0.2180049085459268
1,0,3617,142.19064229171093,26.79512904010333,0.43870101705871872,0,-0.010888349708239967,-3.9808084127422441,0.66650545202401301,0.22183349348614981
1,0,3618,142.22792774814712,26.911389460845189,0.43954635067485603,0,-0.010986086966084349,-3.9773010847179502,0.66629420157293484,0.22549462216691063
1,0,3619,142.26505431595598,27.027342439866796,0.44035372686614049,0,-0.01112093886434975,-3.976282639737605,0.66629800002115125,0.22903911852760198
1,0,3620,142.30202389767169,27.142975209780698,0.44112638575383689,0,-0.011246397070047751,-3.9767305979720802,0.66655543766529146,0.23251309056696567
1,0,3621,142.33883502580002,27.258286791327848,0.44186798144778322,0,-0.011124338126102598,-3.9670134418032226,0.66668978593941852,0.23591595902258758
1,0,3622,142.37548826898703,27.373254321200644,0.44258176866286009,0,-0.011346693157500868,-3.9819746420151545,0.66785809721497658,0.23926109514773883
1,0,3623,142.41199068056889,27.486961442564986,0.42299223049995149,0,-0.011607512433352641,-4.0029500500311421,0.65090128450255458,0.24261624550891983
1,0,3624,142.44834972922411,27.592173700599428,0.36920267921421729,0,-0.011892632326488912,-4.0317769989671906,0.60401036760177773,0.24603793481046235
1,0,3625,142.48458353675252,27.680117108313194,0.30385976440206713,0,-0.012183876732775475,-4.0681577648312421,0.54979946266435276,0.24957659771547847
1,0,3626,142.52071664726844,27.749119790685892,0.24191441628123037,0,-0.012462284170058768,-4.1115660966493968,0.50363843356633675,0.25327179608499412
1,0,3627,142.55677046984889,27.799425164599555,0.18330633765169274,0,-0.012710172247378774,-4.161991228155169,0.47014234343302674,0.25715878554352112
1,0,3628,142.59277188811473,27.832762699459224,0.1276758894168788,0,-0.01291657569265321,-4.2184325668302654,0.46589358166314965,0.26124153861202715
1,0,3629,142.62874247226219,27.850208728006002,0.07479902723249518,0,-0.013074571819919729,-4.2798603473521943,0.46460320238438529,0.26551505421789656
1,0,3630,142.66470320353017,27.852556749778305,0.024502832000842436,0,-0.014328792308928221,-4.4139647093830376,0.48211151295848959,0.26999316954788788
1,0,3631,142.70068288129303,27.840031216255436,0,0.023262642744703622,-0.017771891260784971,-4.6621860821153378,0.52802313896629749,0.27523948354276867
1,0,3632,142.73669085970297,27.807193530390332,0,0.06742423994514328,-0.016546106636810162,-4.656997932568637,0.51387840927783812,0.2815880216105151
1,0,3633,142.77275038411074,27.754303620494824,0,0.10805048115852468,-0.014558632209634841,-4.6443081327719691,0.51337676172557678,0.2883346610424824
1,0,3634,142.80888514608122,27.683064472666725,0,0.14549322596733302,-0.011920384127441905,-4.6121369331439972,0.53990745060297551,0.29488028814705824
1,0,3635,142.84511764479254,27.594806923847845,0,0.18003456069906701,-0.0087509142234810829,-4.5494560883845319,0.56791974542749768,0.30065522206608991
1,0,3636,142.88146924812418,27.490737021021108,0,0.21192956938042065,-0.0051827019272536641,-4.4463413298568284,0.59111814456173761,0.30512136500672898
1,0,3637,142.91796542670508,27.371523032568469,0,0.24131959322357141,-0.0013542369311421954,-4.2921584675415305,0.60701903794964829,0.30771489997538642
1,0,3638,142.95462583604302,27.238404954040455,0,0.2684804715151059,0.0025740715963414626,-4.0789880417471567,0.61380760089379405,0.30799581182677954
1,0,3639,142.99146642343629,27.09258791411095,0,0.29366604470258034,0.0064521034838068512,-3.800858267522941,0.61029993311392428,0.30565853316393826
1,0,3640,143.02850446083369,26.934860004600004,0,0.31705208870277984,0.011611319158054316,-3.3374460375701811,0.59179290414299279,0.30042270622095224
1,0,3641,143.06575560756551,26.766031773606031,0,0.33881986563182614,0.014134211103110871,-3.0043040634008777,0.5679604243282752,0.29180030530153922
1,0,3642,143.10325787016242,26.586338200818521,0,0.35904179082265386,0.01178057700531545,-2.8708102669488422,0.54475106769883841,0.28016517689724013
1,0,3643,143.14103230669167,26.39621323860613,0,0.3778140861144465,0.0077237958399453315,-2.7057987735305891,0.55681521731067363,0.26675686519165481
1,0,3644,143.17909993150951,26.195942678108718,0,0.3952212448463403,0.0022838370314576229,-2.5518024633908181,0.58091978923840293,0.25286199396181885
1,0,3645,143.21747795496975,25.985828094119437,0,0.41135327222536466,-0.0041488961884786216,-2.4557292753395172,0.60682172935120871,0.2397765747261201
1,0,3646,143.25618040169132,25.766172423826564,0,0.42629260283471582,-0.011175339636287656,-2.4581081998457517,0.63637082579088844,0.22865078718634579
1,0,3647,143.29522683315167,25.537077397319184,0,0.44008666580491057,-0.018435586726946621,-2.5877527381140446,0.67112420840666365,0.22047820548438984
1,0,3648,143.33463851711741,25.298605787377721,0,0.45277685198884465,-0.025614215798978528,-2.8564314563040107,0.71218738766418288,0.21605502303988205
1,0,3649,143.3744386158813,25.050780986040635,0,0.46439859242515769,-0.032457055905880855,-3.2578278712866298,0.7600956903571543,0.21595353090210953
1,0,3650,143.41465037082284,24.793589619194801,0,0.47498206446540625,-0.029242178477102396,-3.1789061260974814,0.73664759984862371,0.22051367557573301
1,0,3651,143.45526063647648,24.529387602402497,0,0.48503360930742678,-0.026221267733680512,-3.3763752467928025,0.74224650321610475,0.22814907306973703
1,0,3652,143.49631741542223,24.256859506750878,0,0.49432783837428107,-0.025497619595817832,-3.7435324793467712,0.77202267744007547,0.23672558859000595
1,0,3653,143.5378499187463,23.975814799226619,0,0.50286714583503422,-0.024539645213952927,-4.0731247354173998,0.80015208694464557,0.24576832617358049
1,0,3654,143.5798836234257,23.686361197711811,0,0.51071668055858088,-0.023464617310019167,-4.3602876773777837,0.84960282750200677,0.25492173232185339
1,0,3655,143.6224598430652,23.388379545349476,0,0.51790175078317835,-0.022372642335088247,-4.6028877656708254,0.90118753049584044,0.26386559768938983
1,0,3656,143.66559591866474,23.082141983621206,0,0.52452142325117712,-0.021346533843601547,-4.8033164457231967,0.945719172774099,0.2723401856907311
1,0,3657,143.70931993273186,22.767720061168042,0,0.53065145910532796,-0.020449861889205546,-4.9643719733785039,0.98316186826611884,0.28013993006010551
1,0,3658,143.75366174851285,22.445350974138627,0,0.53639722810270196,-0.019731369281809887,-5.0746833557333177,1,0.28710814687009995
1,0,3659,143.79865120930745,22.116034178871946,0,0.54202407271812258,-0.0192249041886602,-5.1446813574726011,1,0.29315503432280587
1,0,3660,143.84433919660665,21.779423218836246,0,0.54753430279101223,-0.012156140044762467,-4.7337734557685609,0.98212039428762943,0.29811988017057239
1,0,3661,143.89063734789522,21.436326362943117,0,0.55316816424126791,0.012428917365246251,-3.5316560135932571,0.93950741148953154,0.29849815444748512
1,0,3662,143.93769717159017,21.084446348534517,0,0.55855278270547903,0.0083144293717294839,-3.9173769352567547,0.93764214479529584,0.29259455739928453
1,0,3663,143.98562150412045,20.723081500261742,0,0.56364357227991668,-0.00022396616141384521,-4.0687937375170788,0.90891787636995647,0.28251991888601385
1,0,3664,144.03443168837003,20.352185797937242,0,0.5685376702885323,-0.011978486007140438,-4.1429590206330804,0.87981263651147523,0.27085476320012403
1,0,3665,144.08418521968201,19.970796032664733,0,0.57316108620985418,-0.0258896137181731,-4.2746501316882677,0.91686281843225936,0.26011805110663877
1,0,3666,144.13495161163593,19.577527170826304,0,0.57736986802421497,-0.040953290709326309,-4.5625197728708731,0.97003104031015153,0.25265916901122432
1,0,3667,144.18680301664236,19.171164821528944,0,0.58107117084890803,-0.056280878279050046,-4.9924418283276752,1,0.25039006631696542
1,0,3668,144.23980194753844,18.755736583232579,0,0.58524072584624942,-0.071322665871663513,-5.4957647733361501,1,0.2545689920609458
1,0,3669,144.29408797290776,18.337493956751604,0,0.59132324266652203,-0.085931576117994249,-6.0143714798072994,1.0000000000000002,0.26668373178658633
1,0,3670,144.34967219668385,17.922737320824734,0,0.51599577723354251,-0.072576229887555146,-5.7661582678552517,0.9916305392923882,0.28731766580235135
1,0,3671,144.40628529268739,17.556668042062721,0,0.39748969373620874,-0.042893456969981841,-5.5682266100272741,0.94684728807473639,0.30961475349193063
1,0,3672,144.46398895283403,17.262044183833286,0,0.2939222403137649,-0.042269220270621848,-6.1109402908118495,0.8946774451110906,0.32606525269249748
1,0,3673,144.52263376595118,17.028857073045256,0,0.25378033997657035,-0.044672962891771251,-6.4244671451348285,0.88067976966873485,0.33691988439516291
1,0,3674,144.58212633508603,16.802097597754404,0,0.27890863971534241,-0.049838562574792959,-6.626060267153691,0.90946897840029517,0.34329998705265308
1,0,3675,144.64254947597669,16.542512514071209,0,0.31925708374496264,-0.057342245680757908,-6.8155947115786146,0.95800954993859189,0.34683342525695482
1,0,3676,144.70407193730927,16.245370626700897,0,0.35503698596262873,-0.066696007744402583,-7.0009847885855487,1.0000000000000002,0.3492188297229446
1,0,3677,144.76687361713121,15.91614392120745,0,0.38764400895044665,-0.077485827578995581,-7.1269542975221283,1,0.35210281797587983
1,0,3678,144.83112835881627,15.559821721301264,0,0.41843255385544886,-0.08958199109093927,-7.316842753408153,1,0.35725553594755749
1,0,3679,144.89702576452805,15.175457376342571,0,0.44764045139340475,-0.10291255862812029,-7.5488155860367128,1,0.36628033746468786
1,0,3680,144.96481547207202,14.772484715337058,0,0.37572939955768203,-0.11416407030650588,-7.9942617960665379,1.0000000000000002,0.38060346240776977
1,0,3681,145.03433209714413,14.436656944833242,0,0.25482864364662317,-0.099656412696908919,-8.1176116894597836,0.99999999999999989,0.39819465362428208
1,0,3682,145.10521851467851,14.18696709108154,0,0.15223101546705056,-0.08623666983138871,-8.1021819140472395,0.99991200711995498,0.41271552939054013
1,0,3683,145.17708312461693,14.024005548141249,0,0.067992462623043814,-0.070783907077255737,-7.8112026121600513,0.974027669603312,0.41978488865042618
1,0,3684,145.24951218515491,13.939172943400804,0.0039894681002281222,0.0043262104990530277,-0.055812252172339288,-7.3625179427905705,0.93402816726473425,0.41689213636501166
1,0,3685,145.32214192833231,13.911264318132842,0.055028464072375494,0,-0.043187250373470321,-6.7161274592573692,0.86795095710151948,0.40350785668837003
1,0,3686,145.3947313429037,13.921483953195102,0.10190919629986868,0,-0.033950753181205134,-5.8903020323236834,0.76219113761125412,0.38037125556461682
1,0,3687,145.46710454284087,13.954769598182045,0.063065546467589134,0,-0.028083179148064911,-4.9401453725051718,0.61466584747214481,0.34996490807338848
1,0,3688,145.53929440856888,13.951278243631197,0,0.03043790537614972,-0.024804390166093943,-4.0146470908052159,0.48002967311077327,0.31549926610155954
1,0,3689,145.61159558915202,13.874120696141629,0,0.1184349046756609,-0.023118752695611741,-3.2312295714268555,0.3926851384884904,0.28006502201803402
1,0,3690,145.684433250197,13.720657432558053,0,0.19537079660151688,-0.037794283851852115,-3.3684694433343294,0.49551796616313354,0.24603676008330225
1,0,3691,145.75857799450623,13.495634169349142,0,0.15886861626833484,-0.093923516566233073,-5.1689331086564474,0.82080399548729421,0.2201673341675722
1,0,3692,145.83367940524269,13.34399626615966,0,0.074007898844866762,-0.082817486351945885,-4.5799028506685469,0.5338480059616536,0.20263768604544757
1,0,3693,145.90925755840371,13.27486471449148,0.00078695109379868641,0.0075585991165824365,-0.06373895933301725,-4.0428073371587585,0.482528834577934,0.18907439276002874
1,0,3694,145.98493733038305,13.264488860694192,0.047656961613224934,0,-0.04199599970237515,-3.3679662397472221,0.46507582040100581,0.17592809699911827
1,0,3695,146.06048041436904,13.28847060574871,0.094217892004147125,0,-0.02079641207180102,-2.4896364770134127,0.40101329604807007,0.1608966473886386
1,0,3696,146.13572036694785,13.340783047100638,0.13417132966498854,0,-0.0015625754831487808,-1.4142774837106908,0.31321749560082052,0.14316459123749037
1,0,3697,146.210532836651,13.416091593531636,0.16863414894071957,0,0.015609460793841021,-0.23298888546560867,0.23928112099430529,0.12332064105930077
1,0,3698,146.28482437037917,13.509901658401114,0.19855095391816749,0,0.031335024231889198,0.97717972189268798,0.26116985409116378,0.10252944896535318
1,0,3699,146.35852535714415,13.618336690309276,0.22473896642110322,0,0.04646231201278244,2.1379074563126137,0.37696440939488685,0.081898681558917108
1,0,3700,146.43158666023228,13.738053280246886,0.24790542750487826,0,0.024348344843290695,0.55594901465544089,0.51382196616163378,0.062021925827882247
1,0,3701,146.50405638720295,13.873230526476375,0.2672500883575406,0,-0.010781628756105076,-0.08272337969786335,0.32906572978321075,0.045321145433181644
1,0,3702,146.57578704916065,14.018172132049417,0.28394510540223494,0,-0.013390776648021999,0.086756305500658742,0.31828055426443641,0.03437909718944946
1,0,3703,146.64674861885069,14.170946013531522,0.29840739180532749,0,-0.011346561421884876,-0.10008186531785707,0.32413973968827237,0.028717537809011089
1,0,3704,146.71693360450621,14.329923888549876,0.31099093832420499,0,-0.0072920828771357131,-0.21317834091200197,0.33970517958588758,0.026039947563545034
1,0,3705,146.78632329655971,14.493811328230727,0.32198101157882902,0,-0.00256770478359591,-0.17035867032696164,0.35118660888859671,0.024455234197767618
1,0,3706,146.85492501426401,14.661491599013381,0.33162556922277436,0,0.0021858496731608449,-0.0049503374177500559,0.35781948447016587,0.022842752863704512
1,0,3707,146.92273918541639,14.832120209884527,0.34011651243366425,0,0.0067114185053507398,0.24357979982393216,0.36879819492933963,0.020696938554619647
1,0,3708,146.98976409817553,15.00497718770362,0.34761937421647987,0,0.010941010628962047,0.54248847060886018,0.38121474281468121,0.017865730960299159
1,0,3709,147.05602456390119,15.179395579404709,0.35428774630116033,0,0.014906932467682175,0.86548767949904093,0.39518591342754644,0.014395735468811392
1,0,3710,147.12152557347505,15.354849908107491,0.36024570136572404,0,0.01776368282604553,1.125950159797148,0.40952641807432799,0.010373701551090367
1,0,3711,147.18627435947352,15.531561756500889,0.36546677772156877,0,0.0056503951090325823,0.53829733408750324,0.40641668483458276,0.0068232505876653655
1,0,3712,147.25029317306689,15.708861549200558,0.3701017136574426,0,0.0034981380710356015,0.59272826730477046,0.41101020337502303,0.004219740812212794
1,0,3713,147.31359550895073,15.88632501311414,0.37425123694653001,0,0.0021535707478173498,0.52529381410041975,0.41192965538344711,0.0027437957474415933
1,0,3714,147.37619579397449,16.063755079922821,0.37796975781767622,0,0.0013311739579433895,0.42501743048279478,0.41214197057682839,0.0022125602571851553
1,0,3715,147.43810902395703,16.240952396199035,0.38131133325164629,0,0.00082937883634897605,0.32712458666999839,0.4125955194716357,0.0023205944333512356
1,0,3716,147.4993506510356,16.417738738994462,0.38432504386757282,0,0.00050767103193910046,0.2433058090260361,0.41343339463812118,0.0027891493105504091
1,0,3717,147.55993643559481,16.59396755494895,0.38705294050968558,0,0.00027207017141369662,0.17501787225051149,0.41455384027460385,0.0034117924806537246
1,0,3718,147.61988229588667,16.769519407509584,0.38953100424117137,0,6.3505782616510371e-05,0.11968523421800781,0.41581975827611733,0.004056569180785877
1,0,3719,147.67920418217872,16.944297990441122,0.3917899886531111,0,-0.0001519614314940287,0.073603548212502534,0.41711915231751279,0.0046522012260916549
1,0,3720,147.73791797449212,17.118226184253022,0.39385624963846888,0,-0.00039111351923529626,0.033232189551073821,0.41837403567654652,0.0051708075118780377
1,0,3721,147.7960391001024,17.291217588030651,0.39575747654974947,0,0.0030695185216285145,0.2398914677663862,0.42405852275073658,0.0052653265452103507
1,0,3722,147.85358349231441,17.463249548281315,0.39750812078296205,0,0.0029101830209451421,0.20153437443294711,0.4251630942431201,0.0049441840251784816
1,0,3723,147.9105663986287,17.634295613993025,0.39912293627014339,0,0.0023718794529696248,0.19331217848917065,0.42675213525439515,0.0043448809084325911
1,0,3724,147.96700274302233,17.804323115007936,0.40061749274353087,0,0.0016305319169119001,0.18309416935510595,0.42816112637376696,0.0036403886789589238
1,0,3725,148.02290712844908,17.973310114717869,0.40200481182050801,0,0.00080356651086150547,0.15880950438951832,0.42911258770833111,0.0029960720977665447
1,0,3726,148.07828810366894,18.141230743502295,0.40329832484792777,0,-3.446450730791888e-05,0.11773128403722528,0.4295612682291855,0.0025353063585753831
1,0,3727,148.1331540406284,18.308063671859401,0.40451020091298651,0,-0.00083924932188851598,0.061580633775784828,0.42959206923302223,0.0023334668201848742
1,0,3728,148.18752841806432,18.473822189228851,0.40564535199694235,0,-0.001591213605852921,-0.0061759032169573028,0.42965490354209535,0.0024135128661306568
1,0,3729,148.24142454710596,18.638506486066699,0.40671099591631066,0,-0.0022852193062096195,-0.082343945459558268,0.4319688678505752,0.0027738233088597242
1,0,3730,148.29483858310678,18.802079915157666,0.40772142199492367,0,-0.00153890668021877,-0.044464776829570937,0.43227386335964102,0.0034040371713145463
1,0,3731,148.34779391149871,18.96458751320494,0.4086743033843217,0,-0.00069039317954682606,-0.055547012266889122,0.43348863902249812,0.0041058304264426325
1,0,3732,148.40030752137608,19.126038677033591,0.40957417727789008,0,-0.00031371684516217778,-0.075633799137516208,0.43479315672556612,0.0046462150548314714
1,0,3733,148.45236697830575,19.286386087011266,0.41043667459942607,0,-4.3126176303327711e-05,-0.075657013653306293,0.43564190809220399,0.0049594129129697023
1,0,3734,148.50400622111547,19.445694239378916,0.41125482691879101,0,0.00013763304768283605,-0.065404767159500679,0.43623363390932296,0.0050617232288063772
1,0,3735,148.55522244280161,19.603944269209759,0.41203811433307269,0,0.00024133573658773877,-0.05030370328306371,0.43669713828920204,0.0049799053947077419
1,0,3736,148.60602800507729,19.76115370056197,0.41278852707467817,0,0.00028600341144708328,-0.034188432130676079,0.43711640354136144,0.004760678119653616
1,0,3737,148.65643518151703,19.917341917376316,0.41350748220330047,0,0.00028844749342921974,-0.019270563911709341,0.43753670583728915,0.0044501348271368353
1,0,3738,148.70644567999668,20.072503175506768,0.41420123136489273,0,0.00026295348175502754,-0.0067959840044526688,0.43798608832567287,0.0040885572220837251
1,0,3739,148.75607639392729,20.226671003423601,0.41486799016537601,0,0.00022202382155683608,0.0028248690863216211,0.43857467455163579,0.003709829668255271
1,0,3740,148.8053284514659,20.379840447958301,0.41551349793499504,0,0.00017477907718417505,0.009542562913607654,0.43934745216922444,0.0033387862247768658
1,0,3741,148.8542137317063,20.532034697632131,0.41613770142123402,0,0.00012786887471720245,0.013682761667394202,0.44005132105311368,0.0029920398000417747
1,0,3742,148.90274205661299,20.683272953812736,0.4167411884024495,0,8.5495949588618492e-05,0.015699926739714931,0.44069442955345689,0.0026791757153547691
1,0,3743,148.95091143355893,20.833544400425559,0.41733040111554209,0,5.0215736366890003e-05,0.016041462987634265,0.44129115410315273,0.0024054684041841389
1,0,3744,148.99874517201548,20.982904297567941,0.41789842446220909,0,2.2609264444537662e-05,0.015245204164049704,0.44184509139358608,0.0021693604823892626
1,0,3745,149.04623046894889,21.131314375881082,0.41845691365500026,0,3.0138122117859426e-06,0.013680815288250875,0.44237472732422395,0.0019704125510617847
1,0,3746,149.09338881691249,21.278827327168155,0.41899920223432824,0,-9.6843184955979634e-06,0.011731283486542572,0.44288112001342655,0.0018028303953630672
1,0,3747,149.14022869247617,21.425462437326416,0.41952508230410057,0,-1.6627342022589566e-05,0.0096596098593035896,0.44336922506985854,0.0016616260960785445
1,0,3748,149.18673778286276,21.571182417538189,0.42004593858044498,0,-1.8835593166027054e-05,0.0076662281304048386,0.44385396606177158,0.0015429716783061074
1,0,3749,149.23294065185237,21.716050286424217,0.42055238745841689,0,-1.7846508083359875e-05,0.0058757010485391723,0.44432867333020987,0.001440828193122035
1,0,3750,149.27884236124757,21.860077192160148,0.42104570711213002,0,-1.4752610783245711e-05,0.004357452282260383,0.44479591410086755,0.0013512370536205795
1,0,3751,149.32443518031729,22.003239097951898,0.42153401017328102,0,-1.0476081423655701e-05,0.0031530864915507266,0.44526432124562249,0.0012711708995835113
1,0,3752,149.36973432227344,22.145575439338465,0.42201261558904257,0,-5.7964344297038094e-06,0.002250805192645687,0.44572913254935242,0.0011975900306801278
1,0,3753,149.41474783670077,22.287105049705946,0.42248086763963433,0,-1.2861891257391763e-06,0.0016197364220910694,0.44618911799188793,0.0011285010383235573
1,0,3754,149.4594803591317,22.427839635555245,0.42293944478776557,0,2.6887710791881669e-06,0.0012220806637778213,0.44664420925633391,0.0010625901957505841
1,0,3755,149.50392545368203,22.567758864870356,0.42339534570436588,0,5.8789347118863031e-06,0.001019586538450202,0.44710043768400892,0.00099910963247296222
1,0,3756,149.54809796611463,22.70690282915735,0.42384340036940837,0,8.2237645627827126e-06,0.00095813144383591841,0.44755177344175451,0.00093754179801514026
1,0,3757,149.592003686601,22.845284561738659,0.42428376974288684,0,9.7382989955358418e-06,0.00099441603345259803,0.4479975442671566,0.00087775442243440507
1,0,3758,149.63564686357637,22.982915013308229,0.42471695381570695,0,1.0497187515654374e-05,0.0010911167168052599,0.44843751862228448,0.0008198147414619606
1,0,3759,149.67903165915749,23.119804849673475,0.42514343506562302,0,1.0614979487673914e-05,0.0012171644812160023,0.44887156627691138,0.00076390152399801597
1,0,3760,149.72215628613139,23.255947394257483,0.42556645605379428,0,9.5766832420749261e-06,0.0012920049493883507,0.44930125882955058,0.00071031636480176563
1,0,3761,149.7650287254699,23.3913641582105,0.42598609991558306,0,3.7632395986980031e-06,0.0010433989726815166,0.44972139203545575,0.00065997576685000682
1,0,3762,149.80765551217638,23.526072162556808,0.42639946092469289,0,4.0174428252137239e-06,0.0012452610804724379,0.45014417576148752,0.00061319918464380874
1,0,3763,149.8500404655243,23.660080453209652,0.42680771154494185,0,4.9882719529998682e-06,0.0013907559686827031,0.45056091407584276,0.00056957093727138988
1,0,3764,149.89218732990471,23.793398870027843,0.42721116716892632,0,6.5081137766946276e-06,0.0015189836694079356,0.45097267172140604,0.0005286534020182888
1,0,3765,149.93409977552705,23.926037047081287,0.42761012506058249,0,8.4170221390691162e-06,0.0016572617720858975,0.45138026876318493,0.00048997493201025674
1,0,3766,149.97578140023992,24.058004427325674,0.42800486355328027,0,1.057127711986469e-05,0.0018233990364354749,0.45178432314720152,0.00045307923811268566
1,0,3767,150.01723573128208,24.189310275316526,0.42839564154232934,0,1.2848741174462771e-05,0.0020276943462238053,0.45218528851894502,0.00041755622396566895
1,0,3768,150.05846622697007,24.319963688218547,0.42878269822623555,0,1.5151425419052117e-05,0.0022746970603328069,0.45258348781229202,0.00038305850600203176
1,0,3769,150.09947627832693,24.449973605330239,0.42916625305764305,0,1.7405786470705489e-05,0.0025647406484697048,0.45297914273711437,0.00034930727185387316
1,0,3770,150.14026851665463,24.579346766725042,0.42954672473939259,0,1.9410476801206755e-05,0.0028822492433264535,0.45337235580123586,0.00031609622685788223
1,0,3771,150.18084610866049,24.708091526624557,0.42992439400369642,0,8.523198290680687e-06,0.0022459512656196013,0.45374418968240721,0.00028468927608493348
1,0,3772,150.22121359306607,24.836220360109731,0.43029894862012985,0,7.4484366833519463e-06,0.0024609474258144256,0.45412965776577446,0.00025598984821125978
1,0,3773,150.26137409122947,24.963741612320806,0.4306704702543136,0,7.062712679734442e-06,0.0025949971348317963,0.45451060185802089,0.00022971818583609034
1,0,3774,150.30133066504641,25.090663499878087,0.43103906518828061,0,7.2848720864561231e-06,0.0026808312297695674,0.45488776498476424,0.00020561721499571557
1,0,3775,150.34108631828636,25.216994114490401,0.43140486122988625,0,8.0137434297385694e-06,0.0027452769313833863,0.45526179700825598,0.00018334975531614803
1,0,3776,150.38064399789468,25.342741426671331,0.43176800483886391,0,9.1394972120940664e-06,0.0028094072895910338,0.45563325403718757,0.00016254452238611679
1,0,3777,150.42000659526039,25.467913289004159,0.43212865856043076,0,1.0552797249880076e-05,0.0028889051702434771,0.45600260259494751,0.00014283097141012531
1,0,3778,150.45917489867279,25.592511340397916,0.43248746375547498,0,1.2152675793762743e-05,0.0029949544750165779,0.45637068261189895,0.00012386873838045553
1,0,3779,150.49815327394492,25.7165479230685,0.43284396163740935,0,1.3846660045487727e-05,0.0031339775101500724,0.45673718063512397,0.00010534462912025956
1,0,3780,150.53694448252574,25.840030649408654,0.43319817949532463,0,2.0549474206270716e-05,0.0037442109838807208,0.45711076611165852,8.7005404596913953e-05
1,0,3781,150.57555121820704,25.962966974944365,0.43355013638611761,0,2.036776416347661e-05,0.0037278772126210055,0.45746981931556246,6.8159916455570418e-05
1,0,3782,150.61397612475528,26.085364251869716,0.43389983870713572,0,1.7540608204816156e-05,0.0036558344562657003,0.45782559257155747,4.8809786563036031e-05
1,0,3783,150.65222179698557,26.207229727302312,0.43424728156570469,0,1.345714289516448e-05,0.0035751344532274853,0.45817900500934522,2.9896871228099145e-05
1,0,3784,150.69029078184261,26.328570545789006,0.43459244925881862,0,8.4769378939689466e-06,0.0034386953799772943,0.45852910718126338,1.2369406673961055e-05
1,0,3785,150.72818557944601,26.449393750654426,0.43493531594617346,0,2.9362406591470641e-06,0.0032134921043374329,0.45887521588191688,-2.9142893311802462e-06
1,0,3786,150.76590864411017,26.569706285160215,0.43527575040916094,0,-2.8672390325304747e-06,0.0028790821350293608,0.45921679504741647,-1.5230121231375777e-05
1,0,3787,150.80346238536603,26.689514941682187,0.43561277021323147,0,-8.6835414524788573e-06,0.0024257852749686969,0.45955270309840512,-2.4012134534720329e-05
1,0,3788,150.84084916936285,26.808825426533584,0.43594934547918784,0,-1.4314598044141758e-05,0.0018527019706818014,0.45988577893772364,-2.8859944616177711e-05
1,0,3789,150.87806674225868,26.927630650395464,0.43628637229205597,0,-1.9601963022025959e-05,0.0011628620837224669,0.46021694271794061,-2.9412857940810353e-05
1,0,3790,150.9151196140941,27.045943997550587,0.43662183245918768,0,-1.6873490991967016e-05,0.0010305294063297156,0.46055764122871956,-2.5641760896625669e-05
1,0,3791,150.95201205987544,27.163778086861335,0.43695502784185075,0,-1.3515026309532667e-05,0.00068897341691626058,0.46089199348468674,-1.9026868539759082e-05
1,0,3792,150.98874628953263,27.281139341342456,0.43728586755106935,0,-1.1323491650874045e-05,0.00022243179169143071,0.46122158401929475,-1.1428560389875938e-05
1,0,3793,151.02532447336088,27.39803409000131,0.43761345229530835,0,-8.8631691242003296e-06,-0.00017512856055217123,0.46155636947564627,-3.5582042640081869e-06
1,0,3794,151.06174874307993,27.514468084916796,0.43793910904360328,0,-6.328866837208667e-06,-0.00049299628940400878,0.46189656403918661,4.0439255707647655e-06
1,0,3795,151.09801660828384,27.630432650134367,0.43826652274857814,0,-3.886823407311286e-06,-0.0007248170541369408,0.4622367359296462,1.0923307620559654e-05
1,0,3796,151.13413037163608,27.745934836557666,0.43859295235125689,0,-1.6681606645959904e-06,-0.00087298861294581921,0.46257429027206326,1.6757278495641437e-05
1,0,3797,151.1700961320862,27.860993028419525,0.43891687969514648,0,2.4858164638069002e-07,-0.00094642656410077715,0.46290794070452956,2.1391238824632361e-05
1,0,3798,151.20591588328114,27.975613178219366,0.4392375230185927,0,1.8147491892583963e-06,-0.00095451338272028801,0.46323712013201668,2.4749123096817634e-05
1,0,3799,151.24159158388883,28.089800793735858,0.43955573495962169,0,3.0096617219125786e-06,-0.00090828121068173902,0.46356286732728053,2.6836527903720275e-05
1,0,3800,151.27711862583308,28.203540525192871,0.43987676184836222,0,3.7973803299589116e-06,-0.00082015289111763247,0.46389047334973138,2.7675286520427181e-05
1,0,3801,151.31250157095042,28.316846517949422,0.44019631623869193,0,4.2399036507929704e-06,-0.0007011030333517632,0.46421603378961029,2.7430889610807823e-05
1,0,3802,151.34774591761837,28.429735507823107,0.4405130683461797,0,4.3813229751164881e-06,-0.00056417108223518408,0.46453853130938799,2.6300161591556039e-05
1,0,3803,151.382853499379,28.54221308864366,0.44082541096987776,0,4.2653075838018579e-06,-0.00041952381786146712,0.46485662516207299,2.4460897797021849e-05
1,0,3804,151.41782125119784,28.654268357666524,0.44114082361087253,0,3.937022404085237e-06,-0.00027597162913357246,0.4651776815654729,2.2082922080593367e-05
1,0,3805,151.45264919413933,28.765901568374051,0.44145582941945832,0,3.4531997978457813e-06,-0.00014135523547803881,0.46549851522223218,1.9361794172220763e-05
1,0,3806,151.48734549194327,28.877137757952774,0.44176778309117098,0,2.8730329766185713e-06,-2.0567935261655991e-05,0.46581697874718275,1.6482447822474371e-05
1,0,3807,151.52191186232162,28.987982261491755,0.44207530709080911,0,2.2414394415019823e-06,8.2946155202006196e-05,0.46613426483418285,1.3584929191526757e-05
1,0,3808,151.55634194069708,29.098413855432703,0.44238713911682936,0,1.599750858939672e-06,0.00016579901595369467,0.46645639272626183,1.0801188622924387e-05
1,0,3809,151.59064102904779,29.208449308672517,0.44269717338983705,0,9.8543861255899834e-07,0.00022774444826307525,0.46677636795799604,8.2333367978417153e-06
1,0,3810,151.62481500146004,29.318106751836403,0.44300237451058755,0,4.241320434259271e-07,0.0002700014696711085,0.46709129878226446,5.9412216071370661e-06
1,0,3811,151.65886299107305,29.427382727718225,0.44330865113483464,0,-6.5567346445549328e-08,0.0002933404162634283,0.46740687693837196,3.9734488844157803e-06
1,0,3812,151.6927783431826,29.536256349335169,0.44361661394875446,0,-4.7062671307493284e-07,0.00029841192673643894,0.46772370039180527,2.3770674632026771e-06
1,0,3813,151.72657317846543,29.644765138716352,0.4439202494738661,0,-7.8807790751464687e-07,0.00028957304627062671,0.46803608073422082,1.1247158040758312e-06
1,0,3814,151.76024903344154,29.752913635217062,0.44422155729321888,0,-1.0176077711898365e-06,0.0002693097505921786,0.46834598925405446,2.0335209757039751e-07
1,0,3815,151.79379408916441,29.860664333485708,0.44452710929396849,0,-1.1538363959335528e-06,0.00023954541039288553,0.46865977489191507,-3.8008970952427212e-07
1,0,3816,151.82722248770528,29.968061266765126,0.44482858070681464,0,-1.2138148468146318e-06,0.00020404860620383065,0.4689695194407274,-6.963596807066281e-07
1,0,3817,151.86053623374005,30.075110645538551,0.44512657374739611,0,-1.2071451981466565e-06,0.00016513958321563797,0.46927584913888554,-7.8514449988406593e-07
1,0,3818,151.89372342329344,30.181774416868368,0.445429402044213,0,-1.1393301309847957e-06,0.00012502224127858066,0.46958678984873736,-6.7127537469249566e-07
1,0,3819,151.92679755371901,30.288094829913064,0.44572767786987905,0,-1.0292185974531887e-06,8.583447764296063e-05,0.46989337217616312,-4.216481572696089e-07
1,0,3820,151.95976066649663,30.394078059118701,0.44602377238372853,0,-8.8822899027204501e-07,4.8974061140338088e-05,0.4701979019707197,-7.6184438842539017e-08
1,0,3821,151.99260007822321,30.499683909552537,0.44632396059446861,0,-7.1492781177960786e-07,1.7086016954381938e-05,0.47050645530816954,3.2958776989094666e-07
1,0,3822,152.02533160410601,30.604961785143818,0.44661833609845769,0,-5.3766906207056309e-07,-1.0766523113832357e-05,0.47080994229785095,7.513006203823379e-07
1,0,3823,152.05795229615137,30.709902049306809,0.44691411952677113,0,-3.6063136118110844e-07,-3.3469285298421688e-05,0.47111536473724003,1.1612835388295457e-06
1,0,3824,152.09045643276264,30.814486615976172,0.44721098235765155,0,-1.9303128817737287e-07,-5.0463677800138736e-05,0.47142170214458989,1.5309862695105985e-06
1,0,3825,152.12285653760483,30.918754665230971,0.44750170118702176,0,-4.0017388536029241e-08,-6.2382247917097035e-05,0.47172203644943517,1.8470065808445052e-06
1,0,3826,152.15514382557134,31.022677915952237,0.44779732853387577,0,9.224916271202696e-08,-6.9044499600793744e-05,0.47202696920390597,2.0916473086842905e-06
1,0,3827,152.18732357726313,31.126273093204773,0.44808968387025255,0,2.0132691498340567e-07,-7.1150809487738133e-05,0.47232866493693926,2.2603308185423581e-06
1,0,3828,152.21940175568946,31.229558703005392,0.4483794460619086,0,2.8698766993944384e-07,-6.9448451393223177e-05,0.47262779124885013,2.3549654553544689e-06
1,0,3829,152.25136556119972,31.332494037849237,0.44867320372267011,0,3.4585967308974148e-07,-6.4192432734768372e-05,0.47293067283631174,2.3680064036509589e-06
1,0,3830,152.28323137580429,31.435130565650514,0.44896030750243848,0,3.7808542050333602e-07,-5.6945313797092597e-05,0.47322712679134443,2.3161729503636934e-06
1,0,3831,152.3149901651112,31.537439325893487,0.44925220798004117,0,3.6814255902471153e-07,-4.9332028135268185e-05,0.47352816949184351,2.2044871847989828e-06
1,0,3832,152.34664662068619,31.639435207739446,0.44954022915986697,0,3.6339389005812854e-07,-3.8566658081253827e-05,0.47382542236678432,2.0481092861740394e-06
1,0,3833,152.37820488482217,31.741130930607589,0.4498277751519103,0,3.4582630782423253e-07,-2.7368102072024169e-05,0.47412220657684218,1.8565657400338243e-06
1,0,3834,152.40965611459873,31.84249837207733,0.45011736067689334,0,3.175049189771635e-07,-1.6238941830832473e-05,0.4744209429104761,1.6369111333286683e-06
1,0,3835,152.4410149897958,31.943583766514099,0.45040077344957186,0,2.8252951562963979e-07,-5.5360809640494517e-06,0.47471376634219864,1.4011328868174386e-06
1,0,3836,152.47226707738702,32.044341015328698,0.4506900532091333,0,2.4287534103981018e-07,4.3278725551905004e-06,0.47501240216876722,1.1558031903785921e-06
1,0,3837,152.50342689873361,32.144816029997905,0.45097254950898669,0,2.0169235655538502e-07,1.3236254233284369e-05,0.47530473884710078,9.0957351169715649e-07
1,0,3838,152.53448656243697,32.244983422439645,0.45125987907923559,0,1.6106430800931736e-07,2.0956995966945117e-05,0.47560168095551636,6.6860665416808049e-07
1,0,3839,152.5654512100902,32.344859542836176,0.45154231863747912,0,1.2295703808181654e-07,2.7466853621826586e-05,0.47589390676471616,4.3799537856487404e-07
1,0,3840,152.59632146075734,32.444445921957147,0.45182704577552901,0,1.056274070673162e-07,3.4227685162798624e-05,0.47618832700260449,2.2129997660375417e-07
1,0,3841,152.62709472149655,32.543734343082939,0.45210981812054907,0,6.6378310952361812e-08,3.7264403512339652e-05,0.476480793181359,1.9881758105563868e-08
1,0,3842,152.65777850534374,32.642748308067148,0.45239174382179864,0,2.1354757594383987e-08,3.8603067541659795e-05,0.47677240982836605,-1.6479842229035505e-07
1,0,3843,152.68836407535463,32.741459953573546,0.45267487796028172,0,-2.2957610120025999e-08,3.8606953824707174e-05,0.4770651529502275,-3.2472881397779382e-07
1,0,3844,152.7188642757672,32.839909884500472,0.45295414296292325,0,-6.5548288491356055e-08,3.7453091032151634e-05,0.47735416153133464,-4.5880678718854933e-07
1,0,3845,152.74926576329972,32.938055422485768,0.45323719795445849,0,-1.0502756871436861e-07,3.500050104836359e-05,0.47764677073464246,-5.5893341166016099e-07
1,0,3846,152.77958520257431,33.035949430687083,0.45351439431333529,0,-1.4122436585364549e-07,3.1524614438488145e-05,0.47793374257107352,-6.2855214379190226e-07
1,0,3847,152.80980613054936,33.133539288909574,0.45379675652063162,0,-1.7287459655361765e-07,2.6918248030315394e-05,0.47822563613760577,-6.5985905523559654e-07
1,0,3848,152.83994757157836,33.23088531456726,0.45407265554673049,0,-2.0056335261889603e-07,2.1492987302653465e-05,0.47851131821351978,-6.596950265385937e-07
1,0,3849,152.86999138001079,33.327929695941023,0.45435413264829927,0,-2.2325924955161015e-07,1.5194375638038858e-05,0.4788023215255679,-6.2111909145090643e-07
1,0,3850,152.89995752779461,33.424735690741898,0.45462897600362445,0,-2.4203439232693767e-07,8.3127014880526358e-06,0.47908695574209786,-5.5274622643242958e-07
1,0,3851,152.92982757598045,33.521244565694353,0.45490939195649327,0,-2.0818981605532063e-07,4.9052344916253601e-06,0.47937699499638925,-4.53943526904747e-07
1,0,3852,152.95962107905231,33.617518321789412,0.45518339179661688,0,-1.8609530100076985e-07,-3.6725568326013899e-07,0.47966086572007272,-3.3946734936244865e-07
1,0,3853,152.98932064784481,33.713501438300014,0.45546257702346954,0,-1.5686458264541911e-07,-5.2765893665768017e-06,0.47994988881659401,-2.1331135530934079e-07
1,0,3854,153.01894409975202,33.809250590861531,0.45573598131204296,0,-1.2334181840018762e-07,-9.7008152931156715e-06,0.48023336604848443,-8.3916058087635902e-08
1,0,3855,153.0484763937549,33.904717492130409,0.45601303433392865,0,-8.6471617903417676e-08,-1.3354377869182194e-05,0.48052031755902241,4.2400514730838325e-08
1,0,3856,153.077932334553,33.999949292248523,0.45628673983601881,0,-4.8230457861495816e-08,-1.6237562032581822e-05,0.48080404550035127,1.6088545992013538e-07
1,0,3857,153.10730048444222,34.094909317598358,0.45656146629729621,0,-9.9556232151991383e-09,-1.813312570763933e-05,0.48108872707527855,2.6503932085988992e-07
1,0,3858,153.13659140215023,34.189631064306532,0.45683567553944854,0,2.7162941370067643e-08,-1.9106762957556328e-05,0.48137289178363302,3.5271683130763034e-07
1,0,3859,153.16579846654849,34.284093356423909,0.45710807190383418,0,6.1900638461296079e-08,-1.905964669109004e-05,0.48165529675856467,4.1908091249604408e-07
1,0,3860,153.19492679836233,34.378312238069988,0.45738275384489491,0,7.3052989902536104e-08,-1.9857753514852348e-05,0.48193990425644373,4.6315098283626798e-07
1,0,3861,153.22397576579749,34.472285743834192,0.45765306071158129,0,8.2825961747039431e-08,-1.9328260065929778e-05,0.48222029379174491,4.8715499486326398e-07
1,0,3862,153.25294389936218,34.566008842500416,0.45792791601616933,0,9.2847324528044636e-08,-1.7709288867339174e-05,0.48250501089922132,4.9485618363592322e-07
1,0,3863,153.2818376901657,34.65950231619302,0.45819665560029538,0,9.8950834137414344e-08,-1.5634554125563573e-05,0.48278386319723227,4.8868767041098307e-07
1,0,3864,153.31064796480851,34.752736613295568,0.4584710810832836,0,1.009769405124722e-07,-1.3169761040328169e-05,0.48306814523535369,4.682953542862323e-07
1,0,3865,153.33938829768928,34.845755079015994,0.45873922367080905,0,9.9949440361888221e-08,-1.0479595460819647e-05,0.48334640836432075,4.373901780414101e-07
1,0,3866,153.3680441408809,34.938511000715124,0.45901101168423813,0,9.5767739864171872e-08,-7.6355568826434184e-06,0.48362815303675305,3.9574521383153519e-07
1,0,3867,153.39662985432739,35.031050087432462,0.45928092387022712,0,8.9456379687072577e-08,-4.7549896918375625e-06,0.48390809990523131,3.4691221556215005e-07
1,0,3868,153.42513746366953,35.123346741800667,0.45954911042466312,0,8.1331417860554458e-08,-1.9218369651160644e-06,0.48418639402234714,2.9198206040413287e-07
1,0,3869,153.45357078617226,35.215412933394184,0.45982057364459356,0,7.2015338678000133e-08,7.9363785286903854e-07,0.48446786197125269,2.3302720510927595e-07
1,0,3870,153.48193286200987,35.307258459499238,0.46008654764622525,0,6.2357872051542015e-08,3.365373866606528e-06,0.48474414125756643,1.717943097628759e-07
1,0,3871,153.51021597777307,35.398858419660392,0.46035806657405626,0,5.3514734010503574e-08,5.7762780097208651e-06,0.48502572439955599,1.0916853459397855e-07
1,0,3872,153.5384323012251,35.490251847123204,0.46062388377105906,0,3.8654453890106702e-08,7.4277026111243566e-06,0.48530183642580627,4.6833025140091525e-08
1,0,3873,153.56657020978901,35.581401093547932,0.46089144302556395,0,2.2970076533636005e-08,8.7068393992696518e-06,0.48557960395295235,-1.2403990941775946e-08
1,0,3874,153.59463935513463,35.672336948229741,0.46116015892521467,0,7.0708741210787636e-09,9.6233178486584421e-06,0.48585846773967789,-6.6815221511758209e-08
1,0,3875,153.62263816243586,35.763054402450415,0.46142449553008852,0,-8.5848281701540929e-09,1.0144920583548599e-05,0.48613313334957786,-1.1448561891376898e-07
1,0,3876,153.65056221207129,35.853539085934337,0.46169407467295565,0,-2.3534205074814135e-08,1.0233580827784427e-05,0.48641279999772991,-1.5335279888960241e-07
1,0,3877,153.6784215742077,35.94382341653511,0.46195803171559424,0,-3.7543354665956237e-08,9.946483201376041e-06,0.48668708152706103,-1.8347513341470905e-07
1,0,3878,153.70620541307423,36.033872230062656,0.46222355294478984,0,-5.0143550058565801e-08,9.2318147037267754e-06,0.48696284691084363,-2.0241444488888625e-07
1,0,3879,153.73392256964175,36.123713742229995,0.46249081016061477,0,-6.1290333790754826e-08,8.1584702301814384e-06,0.48724026212611193,-2.1090181047269067e-07
1,0,3880,153.76157340477897,36.213349158016086,0.46275319369499668,0,-7.0164852759039392e-08,6.8143455304169587e-06,0.48751301072191366,-2.0874288915247032e-07
1,0,3881,153.78915034211565,36.302754046835297,0.46302019518406018,0,-6.7313590367891421e-08,5.974072559650668e-06,0.48779018140593478,-1.9574977949035776e-07
1,0,3882,153.81666460478942,36.391964410544794,0.46328399685599841,0,-6.5646581502398899e-08,4.6097660169412889e-06,0.48806428081983738,-1.7551371266343607e-07
1,0,3883,153.84410920745165,36.480957507318372,0.46354633480288243,0,-6.1380378932945996e-08,3.1591503516914734e-06,0.48833697718255775,-1.4884287241593221e-07
1,0,3884,153.87148601040067,36.56973918808017,0.46381286991967924,0,-5.493261102742394e-08,1.6934569300499813e-06,0.48861368200170224,-1.1765385673744192e-07
1,0,3885,153.89880127350628,36.658329734041722,0.46407393334811459,0,-4.684496658202647e-08,2.7129727977035548e-07,0.4888851571547787,-8.390315455660361e-08
1,0,3886,153.926044631515,36.746695545601135,0.46433683265899406,0,-3.7288555221388251e-08,-1.0358044145479746e-06,0.48915843023168243,-4.9020040584951283e-08
1,0,3887,153.95322512165171,36.834865461930612,0.46460163349426298,0,-2.6847844656617876e-08,-2.1926835509195928e-06,0.48943352642645183,-1.4707069084092224e-08
1,0,3888,153.98034457224759,36.922845395689954,0.46486140781883828,0,-1.5896424216733197e-08,-3.1667879299143755e-06,0.48970381457290985,1.7770099637256279e-08
1,0,3889,154.00739213459858,37.010600500095357,0.46512447066582052,0,-4.7761794618283297e-09,-3.8875560135667314e-06,0.48997723677949978,4.6575352830134996e-08
1,0,3890,154.03438003463899,37.098169755774634,0.46538752768832431,0,-1.298789514999048e-08,-6.0449849305630286e-06,0.49025068190870302,7.1292650345834529e-08
1,0,3891,154.06130629776982,37.185546787783892,0.46549676429553305,0,-1.181171466662094e-08,-6.9178291683723557e-06,0.49037711377964299,9.4264356456210354e-08
1,0,3892,154.08816387787041,37.272558214155076,0.46121473329872781,0,-2.1196401992086694e-09,-6.8886093387654673e-06,0.48630374286679767,1.1735182287064058e-07
1,0,3893,154.11496328491393,37.358335587474095,0.44833288250518177,0,8.9796987230416188e-09,-6.6343301462461978e-06,0.47396206762178017,1.3859849689269369e-07
1,0,3894,154.14170326431812,37.440943481930233,0.43181130361395387,0,2.1292854644544256e-08,-6.1208047438538455e-06,0.4580410969894439,1.5585089594752933e-07
1,0,3895,154.16838129396518,37.519517941222468,0.41609641175550666,0,3.459500394946853e-08,-5.2981876012709885e-06,0.44278999601708913,1.6649715499485443e-07
1,0,3896,154.19500812571769,37.594758911308524,0.40104821773829474,0,4.8455410919384673e-08,-4.1875348649151899e-06,0.42809972171709776,1.6966074580061051e-07
1,0,3897,154.22158374882721,37.666665614619646,0.38666687707607061,0,6.2610095893971745e-08,-2.7603506638559905e-06,0.41397685990397315,1.6350265381321086e-07
1,0,3898,154.24810594392517,37.735093460359828,0.37298130792803424,0,7.6754796619581429e-08,-9.7390345475801417e-07,0.40045314018850298,1.4559788657319158e-07
1,0,3899,154.27458395453624,37.800644255231738,0.35987114895365263,0,9.0623638387163939e-08,1.1298128841269725e-06,0.38743066186246039,1.1639206791122767e-07
1,0,3900,154.301018418387,37.863359467273092,0.34732810654538182,0,1.0460414336986965e-07,3.6141185887117333e-06,0.37490715396314728,7.4659247040706845e-08
1,0,3901,154.32740610743554,37.923028834549726,0.33539423309005562,0,1.2351117467940208e-07,6.9328395711649753e-06,0.36292531387991744,1.5832916897124299e-08
1,0,3902,154.35375557500552,37.980209274457934,0.32395814510841359,0,1.1411170064295925e-07,8.1953750785795543e-06,0.35139060166367425,-5.6831913486074315e-08
1,0,3903,154.38006835877297,38.035000877086141,0.31299982458277242,0,9.8022104248170816e-08,9.4301134951237889e-06,0.34028875615117071,-1.3805769386450504e-07
1,0,3904,154.40633966733122,38.087091576110076,0.30258168477798447,0,7.4845983384768037e-08,1.0473121013726427e-05,0.32968099537104134,-2.2264396806383964e-07
1,0,3905,154.43257784522376,38.137024736277276,0.29259505274454495,0,4.6600560186826484e-08,1.1219664786113035e-05,0.31947154859550725,-3.044596071563785e-07
1,0,3906,154.45878427234567,38.184890188062084,0.28302196238758381,0,1.4139584219784054e-08,1.1556471310370699e-05,0.30964672286542999,-3.7887881831245469e-07
1,0,3907,154.48495580230258,38.230482991205982,0.2739034017588044,0,-2.1991307366497749e-08,1.1283252459760689e-05,0.3002481310945363,-4.3905949932938782e-07
1,0,3908,154.51109743083506,38.274128458244498,0.26517430835110051,0,-6.0320161300326651e-08,1.0351833779583734e-05,0.29121767829764311,-4.8168970294639362e-07
1,0,3909,154.53721147637793,38.315977552825274,0.25680448943494494,0,-9.9810447603644275e-08,8.7055960579671648e-06,0.28252919443520724,-5.036603435312998e-07
1,0,3910,154.56329648135898,38.355935322543509,0.24881293549129804,0,-2.1072916917919036e-08,1.6532674719577888e-05,0.27420342173150813,-5.0544235153855367e-07
1,0,3911,154.58935419942725,38.394115952755939,0.24117680944881309,0,5.3259851475830455e-07,6.2790139445509271e-05,0.26622119504032077,-5.7550859122231107e-07
1,0,3912,154.61538791962363,38.43073363192984,0.23385327361403177,0,4.3602831892224138e-07,5.1105809235371272e-05,0.25854193194359743,-7.7193789565337115e-07
1,0,3913,154.64139766101678,38.465789583684909,0.22684208326301841,0,2.6091911376329209e-07,3.8144998055211596e-05,0.25116790255104277,-1.0302692980924032e-06
1,0,3914,154.66738234012058,38.499213221177826,0.22015735576443521,0,6.4884724571216495e-09,2.2479377766884732e-05,0.24411486562250972,-1.2807150490531493e-06
1,0,3915,154.6933461135209,38.531275248206271,0.21374495035874663,0,-3.0936134434182064e-07,3.2044889781527353e-06,0.23733119033636241,-1.4602169475207298e-06
1,0,3916,154.71928982720402,38.562030751861613,0.20759384962767724,0,-6.7820343678768399e-07,-2.0812314556877097e-05,0.23080760987948692,-1.5143313479429418e-06
1,0,3917,154.74521127037784,38.591335723871097,0.20173285522578133,0,-1.0961854145122561e-06,-5.1810291202987288e-05,0.22457415967975164,-1.3541969125848954e-06
1,0,3918,154.77111405540862,38.619425433691099,0.19611491326178096,0,-1.5456054459949184e-06,-9.012732036016083e-05,0.21858499266123727,-9.5028578332484722e-07
1,0,3919,154.79699934061856,38.646375316277911,0.1907249367444184,0,-2.0153056750205765e-06,-0.00013651300783866044,0.21282598792604773,-2.6387873605195613e-07
1,0,3920,154.82286637642287,38.672136537683279,0.18557269246334379,0,-2.2471852038881031e-06,-0.00017092520355096362,0.20730791581949656,7.6245696691666866e-07
1,0,3921,154.84871592400722,38.696758666908892,0.18064826661822217,0,-1.1077820321643149e-06,-0.00010073420323107051,0.20202092647865469,1.9529376181416132e-06
1,0,3922,154.87455019056955,38.720385461101372,0.17592290777972597,0,-1.2069970476267629e-06,-0.00015209216286918935,0.19693872771771781,3.1003418461287941e-06
1,0,3923,154.90036962232065,38.743045977184885,0.17139080456302336,0,-1.3641127343725581e-06,-0.00020637810453622699,0.19205499147948044,4.2694590485779222e-06
1,0,3924,154.92617265255836,38.764638158084466,0.16707236838310646,0,-1.5853310644304889e-06,-0.0002645911417106114,0.1873915866252136,5.5310313132584294e-06
1,0,3925,154.95196232827135,38.785360466870664,0.16292790662586804,0,-1.8567023180532683e-06,-0.00032678573149831966,0.18290829731274924,6.9265364065703901e-06
1,0,3926,154.97773917958691,38.805247429017655,0.15895051419646905,0,-2.1728420683018223e-06,-0.00039360625728981528,0.17859854942158218,8.5015061489653157e-06
1,0,3927,155.00350240433363,38.824246787187541,0.15515064256249267,0,-2.5307999558957796e-06,-0.00046640329562732899,0.1744738496437957,1.0328372056847348e-05
1,0,3928,155.02925307492541,38.842428390529868,0.15151432189402667,0,-2.9203435012920188e-06,-0.00054577592530541538,0.17052022613270459,1.2445795740014969e-05
1,0,3929,155.05499252764471,38.859879277602353,0.14802414447952933,0,-3.3311175604607825e-06,-0.00063195015494531411,0.16671995249743674,1.4872497549246169e-05
1,0,3930,155.08072096959029,38.876612934518633,0.14467741309627422,0,-3.7668912471649008e-06,-0.00072664939524799449,0.1630706403007916,1.7650089748961567e-05
1,0,3931,155.10643749651638,38.892570455037792,0.14148590899244226,0,-4.3250840726327465e-06,-0.00084005692761027673,0.15958525471987892,2.0926999760603971e-05
1,0,3932,155.13214420493057,38.907888400622447,0.13842231987551046,0,-3.9519388462124324e-06,-0.00088207062766414515,0.1562347093099089,2.4597637588020658e-05
1,0,3933,155.15784148104612,38.922591926171911,0.13548161476561846,0,-3.361636840428156e-06,-0.00092003486640907959,0.1530145102299241,2.847460277554635e-05
1,0,3934,155.18352871890136,38.936641556022899,0.13267168879542057,0,-2.5536151525237576e-06,-0.00094927254886493465,0.14993336539191873,3.2367335529762371e-05
1,0,3935,155.2092067407429,38.950090848627354,0.12998183027452939,0,-1.565446294348534e-06,-0.0009658166519577625,0.14698018393340204,3.6072029105373408e-05
1,0,3936,155.23487650131301,38.963001994104339,0.12739960117913299,0,-4.38111299755813e-07,-0.0009667029774307538,0.14414194923307053,3.9428764077289181e-05
1,0,3937,155.26053819404825,38.975387590939377,0.12492248181212436,0,8.0005355561065353e-07,-0.00094820502976484698,0.141416188169285,4.2275053583863493e-05
1,0,3938,155.28619107099422,38.98719891393192,0.122560217213616,0,2.1241287918104755e-06,-0.00090356258064541956,0.13881358428416077,4.4353098365896497e-05
1,0,3939,155.31183670912043,38.99853868726386,0.1202922625472285,0,3.4870146522795243e-06,-0.00083356818058997768,0.13631231171336741,4.5629089713600535e-05
1,0,3940,155.33747539121623,39.009425330735901,0.1181149338528206,0,3.5186336957516278e-06,-0.00085319317906731233,0.13390930814166332,4.5994973140393843e-05
1,0,3941,155.36310675242731,39.019835075166327,0.11603298496673464,0,3.7907897939072705e-06,-0.00080829087750961242,0.1316089259760011,4.549794171891572e-05
1,0,3942,155.3887312334717,39.029796628311964,0.11404067433760699,0,4.0302604272303454e-06,-0.00073681558434117499,0.12940539389406813,4.4435118614063081e-05
1,0,3943,155.41434961633141,39.039360929099139,0.11212781418017259,0,4.1443811189432847e-06,-0.00065310152574122042,0.12728792991952195,4.2910424098733712e-05
1,0,3944,155.43996213861223,39.048543454674302,0.11029130906513944,0,4.1395651125124903e-06,-0.00055962469042572646,0.12525332418036597,4.0972657954218391e-05
1,0,3945,155.46556806309007,39.057296178685597,0.10854076426288158,0,4.0071688522707088e-06,-0.00045816657221891166,0.12331218012261394,3.86220566653759e-05
1,0,3946,155.49116863292505,39.065700083366131,0.10685998332677381,0,3.7797351711367389e-06,-0.00035295013484502099,0.12144702984240174,3.5988043957310084e-05
1,0,3947,155.51676406274208,39.073769149219146,0.10524617015617102,0,3.4707233189539833e-06,-0.00024654221000009114,0.11965494146007569,3.3131554812261229e-05
1,0,3948,155.54235419509394,39.081493118634839,0.10370137627303223,0,3.0906626704531878e-06,-0.00014165638147172025,0.1179382745012422,3.0106166769313948e-05
1,0,3949,155.5679391286088,39.088878415686473,0.10222431686270524,0,2.6563803528009636e-06,-4.10899513020959e-05,0.11629576537468723,2.6981527017126426e-05
1,0,3950,155.59351955285598,39.095969960828626,0.1008060078342756,0,2.2025316784048229e-06,5.4539537985551162e-05,0.11471819248278589,2.3829378582213957e-05
1,0,3951,155.61909564275399,39.102779148332381,0.099444170333523707,0,1.7123208873238486e-06,0.00014070732796978862,0.11320295684904978,2.0700717557602304e-05
1,0,3952,155.64466696696107,39.109277878032429,0.098144424393513965,0,1.2038008954999182e-06,0.00021506775648442311,0.11175582212346218,1.7663203193310766e-05
1,0,3953,155.67023421421939,39.115511016967332,0.096897796606533623,0,7.0240980001818317e-07,0.00027839841512542125,0.11036701527830327,1.4762134227443329e-05
1,0,3954,155.69579765780557,39.121496367102395,0.095700726579520695,0,2.2033040802304357e-07,0.00033025173260970841,0.10903267956991239,1.2035329027898822e-05
1,0,3955,155.7213572924253,39.1272335830473,0.094553283390540491,0,-2.3012999925345413e-07,0.00036967933687134699,0.1077529437785438,9.5268713973023261e-06
1,0,3956,155.74691296577356,39.13271274240747,0.093457451518506304,0,-6.3494917120402622e-07,0.00039548414732907199,0.10653005011428734,7.2892283656976442e-06
1,0,3957,155.77246530049854,39.137974407104508,0.09240511857909818,0,-9.9182155234995528e-07,0.0004095332099152086,0.10535511287442663,5.3108893002858753e-06
1,0,3958,155.79801442567333,39.143026985256995,0.091394602948601522,0,-1.2957565383089255e-06,0.00041231914363873168,0.10422631952937503,3.6030382047610084e-06
1,0,3959,155.82356012653696,39.147856485850866,0.090428702829827734,0,-1.5368254809124783e-06,0.00040344956371282209,0.10314680631592774,2.2020781252813901e-06
1,0,3960,155.84910270106954,39.152482320517421,0.089503535896516467,0,-1.7122607698532097e-06,0.00038491997799534877,0.10211233148891159,1.0916230274510193e-06
1,0,3961,155.87464245779378,39.15692458779403,0.088615082441194537,0,-1.8115115537467472e-06,0.00035972635328648437,0.10111849424180566,2.4455071331424038e-07
1,0,3962,155.90017949057412,39.161189402269848,0.087762119546030512,0,-1.841643224731689e-06,0.00032846666318719952,0.1001639723480032,-3.5584157740676919e-07
1,0,3963,155.92571348843308,39.165256504846617,0.08694869903067666,0,-1.8034191374851553e-06,0.00029132835810965991,0.099253294360148028,-7.004106008786598e-07
1,0,3964,155.95124501206152,39.169162421850586,0.086167515629883187,0,-1.7131089310718894e-06,0.0002507961084335806,0.098378394902722738,-8.5719849563616967e-07
1,0,3965,155.976774156869,39.172913368621849,0.085417326275630603,0,-1.5771396203438241e-06,0.00020826497154610455,0.097537922504079902,-8.5472447989494369e-07
1,0,3966,156.00230085229327,39.176504748116272,0.084699050376746493,0,-1.4003268003805422e-06,0.00016513175650736505,0.096732928616535693,-7.1524003239057409e-07
1,0,3967,156.02782513960435,39.179939248708742,0.084012150258251941,0,-1.1909056675911337e-06,0.0001229270639048301,0.095962845990861287,-4.7181779830315109e-07
1,0,3968,156.05334733777519,39.18323765004272,0.083352469991456471,0,-9.6040778132439107e-07,8.2795495767080298e-05,0.095223074541147548,-1.6610186062169075e-07
1,0,3969,156.07886752730809,39.186405196383426,0.082718960723314791,0,-7.1644996378352158e-07,4.5713350745622624e-05,0.094512465451795258,1.7429930576293876e-07
1,0,3970,156.10438552361197,39.189429862177271,0.082114027564546679,0,-4.7319906868154292e-07,1.2574642922864927e-05,0.093833734738569846,5.2161091110661391e-07
1,0,3971,156.12990161504382,39.192330432658217,0.081533913468357394,0,-2.6183558789774365e-07,-1.8174622234105789e-05,0.093182819806622338,8.5172540441711796e-07
1,0,3972,156.15541594217211,39.195116065222891,0.080976786955422334,0,-5.740607270773171e-08,-4.3483303926416976e-05,0.092557648363199796,1.1516382944733611e-06
1,0,3973,156.18092852437135,39.197788021950323,0.080442395609935893,0,1.2747554131556474e-07,-6.3751827110751261e-05,0.091957827437860351,1.4081463146166315e-06
1,0,3974,156.20643924690341,39.200338827948386,0.079932234410322933,0,2.8591989007051833e-07,-7.8379340995270408e-05,0.09138503669009701,1.6051792182804929e-06
1,0,3975,156.23194841961603,39.202788668608036,0.079442266278393583,0,4.1842126869663219e-07,-8.8242980250630002e-05,0.090834783329441351,1.7442326255577903e-06
1,0,3976,156.25745610212707,39.205141427745794,0.078971714450841682,0,5.2338935863847563e-07,-9.3608591797666158e-05,0.090306209779337621,1.8228087192900337e-06
1,0,3977,156.28296222057236,39.207392293282432,0.078521541343513815,0,5.973809041853241e-07,-9.449324928150858e-05,0.089800401585715145,1.8353303784691382e-06
1,0,3978,156.30846686100963,39.209546871512352,0.078090625697529753,0,6.4101251891943867e-07,-9.1513970997965494e-05,0.089316116997080919,1.7858307034186026e-06
1,0,3979,156.3339701922576,39.211616160350211,0.077676767929958243,0,6.57645093301092e-07,-8.5532929329020009e-05,0.08885090690329954,1.6842021416614408e-06
1,0,3980,156.35947226466041,39.213603439500631,0.077279312099874112,0,6.4892293807925024e-07,-7.7117707782905351e-05,0.0884040461147408,1.5369870649390185e-06
1,0,3981,156.38497294008192,39.21549970977734,0.07690005804453208,0,6.6672260295101656e-07,-6.2102991856417158e-05,0.087977539741190366,1.3407888515712382e-06
1,0,3982,156.4104724448041,39.217319712674232,0.076536057465154475,0,6.290964299831107e-07,-4.9244350984382452e-05,0.087568128945176016,1.1047433898955334e-06
1,0,3983,156.43597084348258,39.219067660260322,0.076186467947935585,0,5.7427987232739135e-07,-3.5555381401300625e-05,0.087174863543209233,8.3906490772284067e-07
1,0,3984,156.46146813041167,39.220743180779429,0.075851363844114492,0,5.0458838813797025e-07,-2.1566011968805409e-05,0.086797832242992132,5.5255686197310651e-07
1,0,3985,156.48696426989449,39.222343948652487,0.075531210269503019,0,4.2266987302754358e-07,-7.8646980477894555e-06,0.08643756449038216,2.5555973677768577e-07
1,0,3986,156.51245943754225,39.22388140438283,0.075223719123434812,0,3.3332298665447314e-07,5.1017071677899701e-06,0.086091545602875033,-4.0469010778798521e-08
1,0,3987,156.53795367068241,39.225357979706224,0.074928404058755477,0,2.3952336006613758e-07,1.6962788116971682e-05,0.085759238514041575,-3.2686387126581441e-07
1,0,3988,156.5634469093356,39.226769767115684,0.0746460465768638,0,1.4425706826522304e-07,2.7219318593209761e-05,0.08544146727850635,-5.9280738245956371e-07
1,0,3989,156.58893923518892,39.228122088258601,0.074375582348280594,0,5.0728772405642904e-08,3.5651336052395609e-05,0.08513703713936295,-8.3072517882843095e-07
1,0,3990,156.6144307398676,39.229420912224192,0.07411581755516243,0,-5.7007073733053159e-08,4.0593425475111858e-05,0.084844604477106983,-1.0359943454137902e-06
1,0,3991,156.63992145490897,39.2306682935602,0.073866341287960061,0,-1.4035844761149135e-07,4.5283139254070325e-05,0.084563723475131414,-1.2010947629564132e-06
1,0,3992,156.66541128314779,39.231857902199671,0.07362841956006555,0,-2.0014473671708263e-07,4.8571802005613531e-05,0.084295814202513503,-1.3138977826558261e-06
1,0,3993,156.69090038786479,39.233000375402995,0.073399924919400714,0,-2.4562216311226846e-07,5.0078108304303606e-05,0.084038488163905176,-1.3839648046625378e-06
1,0,3994,156.7163887986635,39.234097641744597,0.073180471651080756,0,-2.764020206408839e-07,4.9961914225938543e-05,0.083791314648638815,-1.4145643208868919e-06
1,0,3995,156.74187650347477,39.235148914933767,0.072970217013246519,0,-2.9162764929534421e-07,4.8353593530932806e-05,0.083554472898816484,-1.4079110595709522e-06
1,0,3996,156.76736349713045,39.236153858261588,0.072769228347682097,0,-2.9105894691210382e-07,4.5478079274446986e-05,0.083328041559241187,-1.3682438543231172e-06
1,0,3997,156.79284988096938,39.237119073669461,0.07257618526610736,0,-2.772774168505159e-07,4.1764145908150269e-05,0.083110539813031556,-1.3052261331374991e-06
1,0,3998,156.81833567839209,39.238046085620631,0.072390782875873499,0,-2.5143789278891961e-07,3.7493063183580419e-05,0.08290162736922084,-1.2249492456887826e-06
1,0,3999,156.84382084514507,39.238932011105327,0.072213597778934976,0,-2.1381015906280072e-07,3.2951497815208642e-05,0.08270195549478436,-1.1332802822271231e-06
1,0,4000,156.86930544591195,39.239781064078166,0.072043787184366534,0,-1.6818984726959068e-07,2.8382845940007436e-05,0.082510579142661467,-1.0386791647251262e-06
1,0,4001,156.89478953130941,39.240596542077867,0.071880691584427253,0,-1.3197440383183373e-07,2.2749375592587185e-05,0.082326751969767673,-9.4741689446363249e-07
1,0,4002,156.92027311693525,39.241379461249117,0.071724107750177152,0,-1.0556463326733314e-07,1.6524216185592133e-05,0.082150249127622296,-8.6132625229822575e-07
1,0,4003,156.94575614915496,39.242126327433631,0.071574734513274341,0,-8.2890300434374258e-08,1.0635060595252524e-05,0.081981861689109814,-7.8034963451932344e-07
1,0,4004,156.97123872843821,39.242843685965198,0.071431262806961174,0,-6.4274229057181719e-08,5.0993997634625087e-06,0.081820117551824681,-7.0272930930593536e-07
1,0,4005,156.99672087215345,39.243532668346731,0.071293466330653602,0,-5.0261108600656034e-08,-5.9402289690932803e-08,0.081664767422466922,-6.2734505560841717e-07
1,0,4006,157.0222025684682,39.244192503713855,0.07116149925722913,0,-4.1581861269504232e-08,-4.8203643387673827e-06,0.081516009056936858,-5.528069943047076e-07
1,0,4007,157.04768382277507,39.244823543374956,0.071035291325008687,0,-3.8606948390250313e-08,-9.2084456544019591e-06,0.081373737243640595,-4.7717586844867016e-07
1,0,4008,157.07316469426473,39.245429643446123,0.070914071310775359,0,-4.0766706289162565e-08,-1.3315661184145901e-05,0.081237080597192493,-3.9859073441359262e-07
1,0,4009,157.09864519761834,39.246011760369306,0.070797647926139351,0,-4.788108544599841e-08,-1.7208804761306153e-05,0.08110582453171071,-3.1510048153427906e-07
1,0,4010,157.12412530167487,39.246567864072013,0.070686427185597894,0,-5.7246941942161663e-08,-2.0700101026031479e-05,0.080980426168480474,-2.2346385098965295e-07
1,0,4011,157.149605053898,39.247101046692208,0.070579790661559269,0,-5.0124536501823966e-08,-2.238675187843191e-05,0.080860184224843437,-1.233560574900529e-07
1,0,4012,157.1750844825583,39.247613149981838,0.070477370003632134,0,-3.4078488544624304e-08,-2.3159976457836957e-05,0.080744687677356666,-1.8695247616797222e-08
1,0,4013,157.20056359464823,39.248104629478725,0.070379074104255757,0,-1.4386385919272534e-08,-2.3482527362863231e-05,0.080633836073145962,8.562980549415709e-08
1,0,4014,157.22604236217546,39.248573661553756,0.070285267689249711,0,8.9296612814299615e-09,-2.323777889799238e-05,0.080528040315546265,1.8370066543077908e-07
1,0,4015,157.25152084531524,39.249024166470669,0.070195166705866077,0,3.4830122181337373e-08,-2.2453696774950807e-05,0.080426417546267823,2.7166731263893076e-07
1,0,4016,157.27699905496814,39.249456854373086,0.070108629125382377,0,6.2782153457426973e-08,-2.108742042751519e-05,0.080328808798082574,3.4573467790288231e-07
1,0,4017,157.30247698145558,39.249871094722373,0.070025781055525593,0,9.2292162585441018e-08,-1.9046764122523801e-05,0.080235354429916708,4.0077380670776887e-07
1,0,4018,157.32795463272603,39.250267405338931,0.069946518932214249,0,1.2267444537125666e-07,-1.6280670917301482e-05,0.080145938492412874,4.3271515409389172e-07
1,0,4019,157.3534320436155,39.250648055702925,0.069870388859415766,0,1.5323221370975949e-07,-1.2826400946530517e-05,0.080060050016471859,4.407092493811092e-07
1,0,4020,157.37890922333943,39.251013646178322,0.069797270764336436,0,1.8342476160015765e-07,-8.6688510403084517e-06,0.07997755383351543,4.2253096157252429e-07
1,0,4021,157.40438615051372,39.251362783641227,0.069727443271754522,0,1.8609805497268313e-07,-5.9847571042128409e-06,0.079898772457419706,3.7375544267855567e-07
1,0,4022,157.42986285862801,39.25169764986218,0.069660470027564647,0,1.771901158421109e-07,-3.3117306602389677e-06,0.079823208707879456,3.021666390387291e-07
1,0,4023,157.45533936355471,39.252019278882898,0.069596144223420156,0,1.5999421795519489e-07,-5.5292583309982552e-07,0.079750629257092934,2.1466498462842025e-07
1,0,4024,157.48081566815836,39.25232785732635,0.069534428534730644,0,1.3505341346764499e-07,2.1369172518559546e-06,0.07968100883419571,1.1710365408304228e-07
1,0,4025,157.50629175795692,39.252622441718358,0.069475511656328787,0,1.0259947845203711e-07,4.5493265085246596e-06,0.079614547119528534,1.5957371289485756e-08
1,0,4026,157.53176766916019,39.252905391040755,0.069418921791849567,0,6.4774126279149093e-08,6.5501924570124078e-06,0.079550707656139322,-8.1832742315251415e-08
1,0,4027,157.55724340861198,39.253177151150673,0.069364569769866199,0,2.268384335479177e-08,7.9977254244508591e-06,0.079489389488392098,-1.7082437670890899e-07
1,0,4028,157.58271896898896,39.253437244946703,0.069312551010660139,0,-2.2692059032267728e-08,8.6915748912127311e-06,0.079430699592065293,-2.4422675194150764e-07
1,0,4029,157.60819435780826,39.253686162157898,0.069262767568420924,0,-6.9951930197409261e-08,8.4954900211694603e-06,0.079374527135207276,-2.9632804206834973e-07
1,0,4030,157.63366959566065,39.253925244217498,0.069214951156500448,0,-1.1179018112239905e-07,7.9034448573687668e-06,0.079320571523028502,-3.2439533518753641e-07
1,0,4031,157.65914468833242,39.254154868094176,0.069169026381164414,0,-1.3408113497563529e-07,7.9406568068488671e-06,0.079268751650391128,-3.2657825910699941e-07
1,0,4032,157.68461962137314,39.254374092370185,0.069125181525963406,0,-1.4360012379038046e-07,7.6328936048733938e-06,0.079219276563583574,-3.027344135202437e-07
1,0,4033,157.71009441788522,39.254584422121233,0.069083115575753973,0,-1.4448535484389032e-07,6.8529632270222227e-06,0.079171806682925769,-2.6038675856116082e-07
1,0,4034,157.73556908678347,39.25478643811897,0.069042712376206086,0,-1.3727252166539144e-07,5.7369794663553152e-06,0.079126210177557374,-2.0448285796459122e-07
1,0,4035,157.76104362899991,39.254980201085921,0.069003959782816537,0,-1.2223433274811069e-07,4.418663130508476e-06,0.079082474761543023,-1.3939230548804911e-07
1,0,4036,157.78651803719754,39.255165233031413,0.068966953393717806,0,-9.9447120498040499e-08,3.0640869266891348e-06,0.079040708959621217,-7.0118473571616454e-08
1,0,4037,157.81199233322337,39.255342957234909,0.068931408553018977,0,-7.083725742928091e-08,1.8436821882698306e-06,0.079000592367469327,-2.3872304376453126e-09
1,0,4038,157.83746652137515,39.255513653688134,0.06889726926237405,0,-3.7360431606629625e-08,9.0083422985544916e-07,0.078962062395571811,5.9287244309494886e-08
1,0,4039,157.86294059633715,39.255676976083599,0.068864604783280062,0,2.2407509618583215e-10,4.2276209645658484e-07,0.078925197923243609,1.0915428329240969e-07
1,0,4040,157.88841456428301,39.255833326618394,0.068833334676320967,0,2.6095472097893015e-08,-7.1334588100256355e-07,0.078889911073380253,1.4269381551527668e-07
1,0,4041,157.91388843740674,39.25598349970506,0.068803300058988701,0,3.3701128383970371e-08,-2.7554111618998375e-06,0.078856021214896779,1.6144907050247622e-07
1,0,4042,157.93936221934234,39.256127732088416,0.068774453582317208,0,4.7796570318621663e-08,-3.4781282061048718e-06,0.078823468612775158,1.6906274278344896e-07
1,0,4043,157.96483590042001,39.256265393803353,0.068746921239328976,0,5.8089158649763026e-08,-3.7909577882420062e-06,0.078792397147470952,1.6518989188194599e-07
1,0,4044,157.99030949635392,39.256397508590901,0.068720498281819448,0,6.4866122289071737e-08,-3.7736974193792256e-06,0.07876257614407535,1.5233311633505038e-07
1,0,4045,158.01578301213158,39.256524401378471,0.068695119724305767,0,6.817949514273834e-08,-3.4745483520879076e-06,0.078733932487835723,1.3189345352357984e-07
1,0,4046,158.04125644782994,39.256646077179319,0.068670784564135903,0,6.7979491753473589e-08,-2.9367918584730204e-06,0.078706465234999107,1.0503329008752446e-07
1,0,4047,158.06672979987175,39.256762302941972,0.068647539411605937,0,6.4172442914214322e-08,-2.2127324907687259e-06,0.078680227200187053,7.3077937763843576e-08
1,0,4048,158.0922030814553,39.256873938507134,0.068625212298573976,0,5.7481796738273201e-08,-1.3944938207596149e-06,0.078655024708205928,3.8418207975905328e-08
1,0,4049,158.11767629527995,39.256981159730913,0.068603768053817321,0,4.8231144040063901e-08,-5.4581843091211586e-07,0.078630819259790596,2.6905301484013302e-09
1,0,4050,158.14314943758296,39.257083721481479,0.068583255703704826,0,4.3125832550114108e-08,8.290511227260764e-07,0.078607668725608967,-3.2552167002763885e-08
1,0,4051,158.16862251310164,39.257181932372902,0.068563613525419745,0,6.6533551202404483e-08,4.6325022480772373e-06,0.078585513051693326,-7.0385565038436095e-08
1,0,4052,158.19409552905867,39.257276262959039,0.068544747408192774,0,5.6482165407574823e-08,5.4123589740885883e-06,0.078564221916100616,-1.139902552144067e-07
1,0,4053,158.21956848773661,39.257366861939182,0.068526627612164007,0,4.2885659071963778e-08,6.0778063355627859e-06,0.078543772561010056,-1.6003590009656723e-07
1,0,4054,158.2450413827074,39.257453310543823,0.068509337891234895,0,2.5720046114551968e-08,6.523605618585395e-06,0.078524259126928647,-2.0488887477362743e-07
1,0,4055,158.27051422455969,39.257536298594047,0.068492740281190637,0,5.9999527062672098e-09,6.7028193218747882e-06,0.078505525761415396,-2.4532821634336924e-07
1,0,4056,158.29598701606179,39.257616006439711,0.068476798712057335,0,-1.5707613990138594e-08,6.5567759503729739e-06,0.078487531552507123,-2.7862944675502781e-07
1,0,4057,158.32145975695681,39.257692417347862,0.068461516530428604,0,-3.8898223367154025e-08,6.008903531928706e-06,0.07847028000425306,-3.0166015537027425e-07
1,0,4058,158.34693244561663,39.257765425244656,0.068446914951068583,0,-6.2990808190965354e-08,4.9666066360894492e-06,0.07845379472741941,-3.1067563260042281e-07
1,0,4059,158.37240509001748,39.257835549768267,0.068432890046347214,0,-8.7287570937135332e-08,3.4439930321509223e-06,0.078437958495162288,-3.050233522067492e-07
1,0,4060,158.39787769185489,39.25790290137973,0.068419419724054034,0,-1.1128808518725461e-07,1.4135240329298931e-06,0.078422746280916292,-2.8298090513367563e-07
1,0,4061,158.42335024850951,39.257967309423798,0.068406538115240778,0,-1.3411532925566126e-07,-1.1722231480751599e-06,0.078408205110849699,-2.3965211095900428e-07
1,0,4062,158.44882276347582,39.25802900156949,0.068394199686101914,0,-1.3120647601845264e-07,-2.2336053563381212e-06,0.078394281800282004,-1.7709127282823817e-07
1,0,4063,158.47429524102753,39.258088256237031,0.068382348752594635,0,-1.2074979528032067e-07,-3.4288345073128627e-06,0.078380909185062478,-1.019613243338886e-07
1,0,4064,158.49976768259839,39.258145166831532,0.068370966633693492,0,-1.0322586771966458e-07,-4.6419175051480409e-06,0.078368065757802682,-1.9295229576779305e-08
1,0,4065,158.52524008393556,39.258199456289489,0.068360108742102951,0,-7.8324671955270119e-08,-5.7079052564711498e-06,0.078355813729075616,6.5450234028280917e-08
1,0,4066,158.55071245212636,39.258251586335163,0.068349682732967654,0,-4.7997541025315406e-08,-6.4989414808099256e-06,0.078344048610701031,1.4629108826197061e-07
1,0,4067,158.57618478868852,39.258301655844548,0.068339668831091285,0,-1.3203189814576736e-08,-6.8905774866862928e-06,0.078332746357468452,2.1846366902558882e-07
1,0,4068,158.60165709327461,39.258349642181592,0.068330071563682426,0,2.5216344404057952e-08,-6.7305548863721655e-06,0.078321912315946859,2.7649613336970216e-07
1,0,4069,158.62712936523928,39.258395503299731,0.06832089934005349,0,6.6232465421466137e-08,-5.8489229270822518e-06,0.078311555354322895,3.1417494655305365e-07
1,0,4070,158.65260160940139,39.258439553145649,0.068312089370871104,0,1.0553468469926928e-07,-4.4799744398570487e-06,0.078301605471609817,3.2956018753081261e-07
1,0,4071,158.67807382682602,39.258481861107526,0.068303627778494455,0,1.2496918313349617e-07,-4.0284886085622137e-06,0.078292052194808448,3.2055542573693469e-07
1,0,4072,158.703546015711,39.258522309771863,0.068295538045627657,0,1.3017262330392791e-07,-3.6363334328429777e-06,0.078282918862730935,2.8765736611943223e-07
1,0,4073,158.72901817856942,39.258561062861617,0.068287787427676425,0,1.2676753147890637e-07,-2.9204898017083855e-06,0.078274167104934858,2.3744401029567067e-07
1,0,4074,158.75449031792459,39.258598284769072,0.068280343046185563,0,1.1561019763116406e-07,-2.0192886338043472e-06,0.078265760324454842,1.7600349199476264e-07
1,0,4075,158.77996243467726,39.258634034169276,0.068273193166144788,0,9.7236531729008705e-08,-1.0594614201925115e-06,0.078257685746052894,1.0820386611432184e-07
1,0,4076,158.80543452602359,39.258668128405681,0.068266374318863857,0,7.134594885838923e-08,-2.1297532760209138e-07,0.078249985627474788,3.9528476458793134e-08
1,0,4077,158.83090659668377,39.258700874983965,0.0682598250032075,0,4.0038440822741179e-08,3.7991646422822145e-07,0.078242592716744067,-2.4359782186968948e-08
1,0,4078,158.85637864747528,39.258732327160168,0.06825353456796647,0,4.2778086755742637e-09,5.8720306193434738e-07,0.078235492556596495,-7.8821565552577097e-08
1,0,4079,158.88185067806512,39.258762463240842,0.068247507351831341,0,-3.5064033300597748e-08,2.4740566477789215e-07,0.078228687754513179,-1.183482682355583e-07
1,0,4080,158.90732268828521,39.258791271967389,0.068241745606522575,0,0.00017632858081459942,0.015349012616132102,0.078278973800424256,-4.7797038213268052e-06
1,0,4081,158.93279468127682,39.258818700882678,0.068236259823464762,0,0.00046655994095859583,0.038812663315129177,0.078359633785717642,-6.8916262925328931e-05
1,0,4082,158.95826665820752,39.258844867626735,0.068231026474652665,0,0.00040194395234648448,0.032379170418441496,0.078330936995364975,-0.00023250731238852498
1,0,4083,158.98373861767183,39.258870020523126,0.068225995895374647,0,0.00027395219448882857,0.024936044197285397,0.078302737432028133,-0.00045605991417281485
1,0,4084,159.00921056050458,39.258894265195536,0.068221146960892959,0,9.0528719412800936e-05,0.015667424074577892,0.078273430434647545,-0.00068303194921460455
1,0,4085,159.03468248735388,39.258917638044132,0.068216472391173844,0,-0.00014007500635278543,0.0038224806256341505,0.078238111687388534,-0.00086730226849993997
1,0,4086,159.06015439826206,39.25894006510196,0.06821198697960773,0,-0.00041192526900489545,-0.011428672909186947,0.078273006807083267,-0.00096638915105872164
1,0,4087,159.08562629181142,39.258961201743226,0.067371738446743282,0,-0.00072255198269982591,-0.031750660111594692,0.077398383816517521,-0.00091295720757785827
1,0,4088,159.11109824057823,39.258715413789417,0.059589382196685657,0,-0.0010577310302936165,-0.057284818891549773,0.068645958485993211,-0.00068721860542624664
1,0,4089,159.13657081565549,39.256767421365033,0.03232468553740632,0,-0.001409802275631869,-0.088718184735438604,0.03749238667256901,-0.00025575788334291591
1,0,4090,159.16204656216195,39.248779154760335,0.00086830553911940232,0.0025492952390174053,-0.0016703987706858589,-0.11838851017420284,0.024416444178111923,0.00042358977347822378
1,0,4091,159.187530568602,39.232534474903645,0,0.034195263438318101,-0.001055116535707725,-0.082285705733203554,0.049540745210068772,0.0012738116617694477
1,0,4092,159.21302784498184,39.206269414607512,0,0.064855352484733647,-0.0011035376593377349,-0.11366726595104756,0.091188696164447219,0.0021553740715419055
1,0,4093,159.23854429076312,39.170445878818789,0,0.093781518011675169,-0.0011598642492246034,-0.14714353151577125,0.12993951336213025,0.0030888023338042779
1,0,4094,159.2640895254558,39.124447245062242,0,0.12085121584327252,-0.0012255810003960347,-0.18276857040821115,0.16549981092068389,0.0040969708602207975
1,0,4095,159.28966769734745,39.06959195399368,0,0.14630741138647899,-0.0012999156211733174,-0.22024014686502774,0.19838374721632832,0.0051878802767542503
1,0,4096,159.31528261860953,39.006739883482688,0,0.17033470173148063,-0.0013820321829790911,-0.25939420261491847,0.22898068244586819,0.0063685855876018894
1,0,4097,159.34094049434049,38.93608122775683,0,0.19298773427975274,-0.0014713857129441579,-0.3002313633348912,0.25745697638207843,0.0076514585791269624
1,0,4098,159.3666523990569,38.857185686630018,0,0.21417734231527297,-0.0015675355575127125,-0.34291661386548755,0.28377274454682749,0.009058920968229708
1,0,4099,159.39241621897065,38.771534397413468,0,0.23417688177035989,-0.0016682460161725661,-0.38719105815776655,0.30839914425096021,0.01058222456186747
1,0,4100,159.41823614290215,38.679456389512666,0,0.2530879221313565,-0.00177219296070099,-0.43304191978389051,0.33152266513249706,0.01222679920864834
1,0,4101,159.44412456789465,38.580492760098473,0,0.27081967349277053,-0.0021522101053742114,-0.50295897392448874,0.35396309886598354,0.014070590718809299
1,0,4102,159.47008163881981,38.475427261267548,0,0.28750449820520718,-0.0019205663833030805,-0.52351077432554582,0.373017677322588,0.016100739218374613
1,0,4103,159.49610766458133,38.364872230360625,0,0.30328360126732523,-0.0015816253166799077,-0.54086484092329046,0.39074820583093833,0.018204737767951836
1,0,4104,159.52221146511246,38.248727696580595,0,0.31815478815772397,-0.0011392103050172446,-0.55297243146987329,0.40714356978317284,0.020283762449323318
1,0,4105,159.54840136744338,38.127001320305645,0,0.33210314402793079,-0.00060346412193343043,-0.55745495160137049,0.42217366889835978,0.022225525418941055
1,0,4106,159.57467182251591,38.000539814639566,0,0.34529346136064731,1.1456891020409013e-07,-0.55330466492138242,0.43605391460265996,0.023952795420398573
1,0,4107,159.60102884160551,37.869406128630906,0,0.35776953718679538,0.00065758671288577357,-0.53859858301942531,0.44881555301743031,0.025377112819533077
1,0,4108,159.62748785606354,37.733238388028049,0,0.36945113120700984,0.0013549248855857241,-0.51011186178808277,0.4603212320671452,0.026366473161142465
1,0,4109,159.6540381214522,37.592946377265655,0,0.38049967675424645,0.0020683770811347969,-0.4684112279603786,0.4707991408593088,0.026911519200085842
1,0,4110,159.68068468924278,37.448614333752424,0,0.39097113213699031,0.0027438207460133307,-0.41543782116120093,0.48038776841545,0.026950443301867025
1,0,4111,159.70744696540197,37.299800584192141,0,0.40077188333282543,0.0022020336577864563,-0.44268628012865913,0.49135579322548623,0.026484020379130491
1,0,4112,159.73431064148565,37.14735303311911,0,0.41004669267843391,0.0022855786593853076,-0.39571852019696863,0.49971113495131531,0.025740213246889108
1,0,4113,159.76128260142019,36.991277776153041,0,0.41884078304110955,0.0022992734527593835,-0.34276848606030613,0.5073550855656781,0.024729213392640653
1,0,4114,159.78838040487653,36.831266479418971,0,0.42707811423427444,0.002239808115637757,-0.28488057866198535,0.51423892719781772,0.023459302167860116
1,0,4115,159.81558915418674,36.668019984950789,0,0.43488670521811429,0.0021241783959470356,-0.22440501111906658,0.52057097658689988,0.022006849030555654
1,0,4116,159.84292139856552,36.501383832722013,0,0.44227805649658852,0.0019558169786967759,-0.16284757967120214,0.52640433363272954,0.020398721528002074
1,0,4117,159.87038579182453,36.331333982478043,0,0.44921214881845878,0.0017426032023381778,-0.10202668863560685,0.53175175103092664,0.018675530450777966
1,0,4118,159.89797040457208,36.158364826259465,0,0.45581231154927604,0.0014990336188632192,-0.043405999352381965,0.53678444134961678,0.01689093504112477
1,0,4119,159.92569805949583,35.982104070902651,0,0.46202500281200193,0.0012317641917648872,0.010972152477515184,0.54205198900502471,0.015081322337437607
1,0,4120,159.95355950934672,35.802933409391102,0,0.467883295123174,0.0009533854457233951,0.05999774758931993,0.54899725123166621,0.013288598404836654
1,0,4121,159.98155599487498,35.62097799784668,0,0.4734678498813254,0.000673451677447654,0.10269062116854796,0.55552104651750656,0.011546582688356387
1,0,4122,160.00970900476872,35.435944978585532,0,0.47869572723981635,0.00040195190238486133,0.13752523692642166,0.56149942718707213,0.0098969168774470876
1,0,4123,160.03799779874083,35.248381687418892,0,0.48368332129014086,0.00014523174544953926,0.16536542863095044,0.56706190695803338,0.0083503435348521379
1,0,4124,160.06644963167525,35.057908512672732,0,0.4883870341951172,-8.6736295390270015e-05,0.18490854016285097,0.5721277922393001,0.0069472679284446528
1,0,4125,160.09505132211649,34.864882582377994,0,0.49283345498228398,-0.00029110840777267076,0.19714232656033512,0.5767461929269343,0.0056880399895036975
1,0,4126,160.12381290687131,34.66925023191348,0,0.49707519093846464,-0.00046262948051317102,0.20213118616739673,0.58096632154821826,0.0045885160926935785
1,0,4127,160.15274262944985,34.470979688629626,0,0.50105560221650591,-0.00059774027404992016,0.20025123696977307,0.58474308059149971,0.0036574594213582869
1,0,4128,160.18183124690833,34.270323756926835,0,0.50488151868651088,-0.00069811481188281315,0.19273037394370032,0.58821099305833557,0.0028811274943696149
1,0,4129,160.21110445078611,34.066983264006758,0,0.50845953986540493,-0.00075934079131656745,0.17973589499331299,0.59128549449307177,0.0022742960410963684
1,0,4130,160.24053810215088,33.861406587465559,0,0.51191480498373199,-0.00078868587027115442,0.16297711195359324,0.59413299111891071,0.0018024880527879954
1,0,4131,160.27017062546952,33.653130367728487,0,0.51514657381775664,-0.0007823685165967159,0.14280192497488245,0.5966678004421605,0.0014792916552427246
1,0,4132,160.29996823938725,33.442700164803405,0,0.51827150370685338,-0.00075036589509197245,0.12079395713416101,0.5990450912710753,0.0012622528981611543
1,0,4133,160.32997625312291,33.229587047349462,0,0.52119971456377101,-0.00069129290161706089,0.097656100373140001,0.60119980747125212,0.0011571097051143709
1,0,4134,160.36015722719108,33.014346765151451,0,0.52403811694206348,-0.00061485837466486839,0.074489056273724763,0.60326401187668233,0.0011246105769096915
1,0,4135,160.39055785137495,32.796456515410831,0,0.52669702143504826,-0.00052261097744823711,0.052260822655764275,0.60518077224689926,0.0011606773271494121
1,0,4136,160.42114294809778,32.576414952546735,0,0.52929007431817032,-0.00042224351399218138,0.031514309692144325,0.60707196755739867,0.0012353070455717115
1,0,4137,160.45195352311995,32.353781898098148,0,0.53171778649467194,-0.00031754903150957531,0.013194282310976075,0.60887172361484743,0.0013370343603500325
1,0,4138,160.48296442790374,32.128916768384101,0,0.53409307006209794,-0.00021370751919394735,-0.0025598742457290675,0.61082944961610353,0.0014464369286945147
1,0,4139,160.5142031398596,31.901546103866782,0,0.53632392679912921,-0.00011498045109371482,-0.015154778313363945,0.61328891837654687,0.0015504571872383128
1,0,4140,160.54566270225425,31.671808948609812,0,0.53850392927820623,-0.000144382491164603,-0.034569086353732119,0.61589775580135142,0.0016398137990652417
1,0,4141,160.57734853721655,31.439680386236873,0,0.54057600600352629,-0.00035547203694666558,-0.062284736112486853,0.61864401194505536,0.001751489006839401
1,0,4142,160.60928088543122,31.20499479409953,0,0.54257029051297301,-0.00022110804483249226,-0.059505636485367247,0.62045179937973105,0.0019166379031989526
1,0,4143,160.64144054533804,30.967996210485108,0,0.54452524283671011,-4.756355429573076e-05,-0.054462446763070188,0.62216001049905167,0.0020880047346004665
1,0,4144,160.67386434018252,30.728329795505775,0,0.5463694748656448,0.00016166998424631189,-0.045891905145427403,0.62367027078625803,0.0022200945639193458
1,0,4145,160.70653664490951,30.486204270264061,0,0.54819168715381561,0.00039423864309818705,-0.033273598399855907,0.62505052213699286,0.0022755251721065881
1,0,4146,160.7394609625091,30.24160709103754,0,0.54994877731025149,0.00064160292787882533,-0.016093639855355502,0.62624876261973117,0.0022243898731806153
1,0,4147,160.77267394397376,29.994207098616751,0,0.5516319102110353,0.00089500321370156318,0.0066649930489933503,0.62766116347974465,0.002021588923659807
1,0,4148,160.80615221007562,29.74427089993857,0,0.55330848359901519,0.0011452556962480397,0.034596385058968976,0.63001105391837642,0.0016607966554438938
1,0,4149,160.8399049047616,29.49172490407155,0,0.55493130385113798,0.0013856779756142073,0.067692775798542493,0.63253052512276764,0.0011266005378684969
1,0,4150,160.87397072564812,29.236223274037528,0,0.55649251399352317,0.0016701610958314822,0.11121214357053338,0.63532984095605638,0.00039014060208670008
1,0,4151,160.90832825136141,28.978000957844586,0,0.55804534273240503,0.0016521248984129335,0.13553061279134115,0.63750142927177589,-0.00052908553843714718
1,0,4152,160.94298725337197,28.7169871121433,0,0.55958820310117208,0.0014593337213261938,0.15445998776288811,0.63948583289608341,-0.0015829409495438042
1,0,4153,160.97796876312063,28.452990754798066,0,0.56107373180225839,0.0011727601244689019,0.17126869334496064,0.64135685211524096,-0.0026924163185695019
1,0,4154,161.01328722615409,28.185905705720803,0,0.56253758687391875,0.0008146702135314772,0.1827839312395993,0.64305660746332549,-0.0037684911769026099
1,0,4155,161.04893807610813,27.915794575310255,0,0.56399633164261198,0.00041083539052631644,0.18688775461915319,0.64454003163017504,-0.0047367008189278118
1,0,4156,161.08493289128791,27.64256771099404,0,0.56546909413127988,-1.7418923051843041e-05,0.18188832636705851,0.64577696862246547,-0.0055324156494337921
1,0,4157,161.12128380524518,27.366111547246174,0,0.56691231686647658,-0.00044967899365810351,0.16670319301917255,0.64669904241190979,-0.0061007534392176063
1,0,4158,161.15801476432614,27.08622409220585,0,0.56833292833926929,-0.00086656981631776933,0.14060871854230292,0.6472950017005128,-0.0063902413230057017
1,0,4159,161.19513333331795,26.802851992698397,0,0.5697531921400204,-0.0012522422532813245,0.10415772088366392,0.64760443089779074,-0.0063768454459802761
1,0,4160,161.23264628082944,26.515944111838309,0,0.57117956142476445,0.0042191652020231096,0.52289469474157269,0.66729755245481104,-0.0060592330213630431
1,0,4161,161.27056876526515,26.225220247343525,0,0.5725829340944274,0.0071337297802192886,0.63473922624954571,0.67166006542608658,-0.006363053442126957
1,0,4162,161.30891568426233,25.930742354668734,0,0.57400437944914939,0.0055033548453637497,0.48875866011695701,0.66525137948544844,-0.007983510686185382
1,0,4163,161.34770282375834,25.632407233346477,0,0.57545582817464824,0.0027466781373078116,0.35255590115081586,0.66068977571303877,-0.010202848021050231
1,0,4164,161.38694679254277,25.330035881353073,0,0.57693477071491306,-0.00088716931933923891,0.19188167051359423,0.6572051360748532,-0.012215601819268071
1,0,4165,161.42666517290013,25.023421949356806,0,0.57842863491666108,-0.00512547867103767,-0.014502914718675724,0.65616872783300684,-0.013270295902177195
1,0,4166,161.46687679357927,24.71233870247903,0,0.57992976241871741,-0.0096990212428449633,-0.2861036126364887,0.66823698296054368,-0.012712007869391136
1,0,4167,161.50760196398443,24.396534112113834,0,0.58142868403873527,-0.014365909619310493,-0.63613338948551201,0.68596982317077315,-0.010016119158022549
1,0,4168,161.54886266384443,24.075724879108645,0,0.58291993239628626,-0.018927386285190279,-1.0677019314911897,0.70879786137424416,-0.0048161311296242796
1,0,4169,161.59068269165579,23.749587089779304,0,0.58438031344942376,-0.023236889619765652,-1.5653821357486468,0.73653063536592756,0.0030839397055405279
1,0,4170,161.63308766631772,23.417766605602694,0,0.5857895445705753,-0.013491477404545241,-1.0693659369769253,0.70604221152557589,0.01372135214283607
1,0,4171,161.67609721541899,23.081576827104431,0,0.58746510564477716,-0.0059952806893002163,-1.1275700070775925,0.69677407899817778,0.025004478390929577
1,0,4172,161.71973781113456,22.739665368902205,0,0.58919609315709043,-0.0064846844189916115,-1.5777424921864995,0.71742482178091005,0.034316813388080347
1,0,4173,161.76406830822529,22.391233002976698,0,0.59090107713882056,-0.0085195840810110002,-1.9069770537228985,0.73722673837111008,0.041958634973071354
1,0,4174,161.80909935056781,22.036203512935934,0,0.59259545322406459,-0.011750716780516823,-2.1806793094982981,0.75729967183042135,0.048660498995871132
1,0,4175,161.85486278268453,21.674233292106031,0,0.59432883933364156,-0.015869332635298536,-2.4434160156841669,0.77883593418184982,0.055114773478702514
1,0,4176,161.9014051533602,21.30480089576627,0,0.59607936094346126,-0.02058225447307872,-2.7263999771332563,0.80284241990564253,0.06197826764917979
1,0,4177,161.94880091176373,20.927090287155146,0,0.59774857645613644,-0.025614288478807878,-3.0489754321107689,0.83003454034676405,0.069863249554314
1,0,4178,161.9970548144511,20.540929714298549,0,0.59943761453162414,-0.03071047388679941,-3.4135416194028099,0.8605481863847253,0.079134982382503938
1,0,4179,162.04626373208473,20.145235465753903,0,0.60103718498226666,-0.035675163870545278,-3.8155528770984048,0.89416670448839297,0.090119678550384941
1,0,4180,162.09646208967249,19.73957539164239,0,0.60259255361248898,-0.040365101997206311,-4.2405869122307278,0.93218568927751144,0.10285893349420323
1,0,4181,162.14763571217696,19.326600244385247,0,0.60478229453341581,0.022789024086950105,-0.71218745483861778,0.74599145302372716,0.11044573670343992
1,0,4182,162.19990815398307,18.905900950829139,0,0.60769288131622823,0.015069405746072542,-1.8771664185376342,0.76315992367419072,0.10970512712505127
1,0,4183,162.25344597612747,18.473763512814948,0,0.6107736036823731,-0.00064662195642053479,-2.480934578804364,0.78981539124223088,0.10407500567288226
1,0,4184,162.30828261761448,18.028736930111624,0,0.61395515306056869,-0.021168605247801526,-2.8908690683708276,0.85438348251325569,0.09743218567891386
1,0,4185,162.36453256614141,17.568074782090452,0,0.61694437899004573,-0.044331088913099705,-3.4726250544770298,0.93429345849365586,0.093491805094591193
1,0,4186,162.42233727084235,17.088762353536545,0,0.61943813494192912,-0.068504416321388206,-4.2909173588859755,1,0.095400530324772234
1,0,4187,162.48186462733702,16.595252854203601,0,0.62268172385765908,-0.092780956227482919,-5.1825356235770208,1.0000000000000002,0.1053656170971624
1,0,4188,162.54328054752759,16.097881633976318,0,0.62916693748303487,-0.11720643295294739,-5.9836725126240236,1.0000000000000002,0.12512932088536574
1,0,4189,162.6067624670884,15.593570308646523,0,0.63879396763680785,-0.14207323568802233,-6.7004911232281232,1.0000000000000002,0.15647792459811841
1,0,4190,162.67254360176645,15.085859365147961,0,0.5319816491189655,-0.16732863848882112,-7.5808764327512277,1,0.20114334727483313
1,0,4191,162.74053494553993,14.646623165961591,0,0.38841922498294162,-0.14108248557889674,-7.9320776511312223,1,0.25618324505086021
1,0,4192,162.81046948755181,14.297817647167555,0,0.26413916404505033,-0.12182850621159134,-8.2508191623816813,1,0.31143699964854882
1,0,4193,162.88189213865999,14.035451007386213,0,0.15826918452077018,-0.096889604885265573,-8.2762369453980433,1,0.35922330142683184
1,0,4194,162.95438644332523,13.863172695891798,0,0.071472570892813836,-0.068899748675923328,-7.920861888225752,0.99818809808137654,0.39332133688050869
1,0,4195,163.02747280693922,13.77187120344766,0.003238435953611785,0.0051051924101811336,-0.041677373615343336,-7.3205764236553081,0.97565223758596153,0.41033534942806721
1,0,4196,163.1007651150305,13.74148195989661,0.054615911572797882,0,-0.018421257007871047,-6.4253463984347814,0.91364931707739405,0.40902892737872665
1,0,4197,163.17400190440679,13.752580050583036,0.10191031339491728,0,-0.0011926249608380005,-5.1263076854152834,0.75979481129205462,0.39002956770827346
1,0,4198,163.24698833628352,13.798289765419009,0.1414372260649249,0,0.010014686461560691,-3.4342947484889121,0.53044445580975697,0.35737146322912883
1,0,4199,163.31956733717615,13.871451821826177,0.17467037196584068,0,0.01675666303333289,-1.6826213278177671,0.33008845722042723,0.31681067815486746
1,0,4200,163.3916057521441,13.965407654324654,0.20297998293765734,0,0.021254245037242582,-0.24121205364599888,0.24233103857129606,0.27434720997079032
1,0,4201,163.46325883628251,14.073152313016116,0.22780258373077342,0,-0.024239574444821058,-1.9445979182111941,0.42174473419770864,0.23693845788143411
1,0,4202,163.53429830773482,14.193138437087018,0.24948051130532606,0,-0.032045196474685782,-1.7337597160782832,0.31351239426115463,0.20677069059361666
1,0,4203,163.60466654244877,14.323779425371578,0.26836155346396734,0,-0.03556518286543791,-1.9775544455037242,0.34058880262118146,0.18378309814334895
1,0,4204,163.67433886259815,14.463073945705816,0.28487428490990019,0,-0.036624824602919326,-2.2890010592623873,0.38396085081954823,0.16657120336702302
1,0,4205,163.74330522616262,14.609342358441165,0.29938099094086018,0,-0.036385070656316333,-2.5464265034904479,0.42155267068072749,0.15336624706685675
1,0,4206,163.81154837248482,14.761376730124001,0.31214784793808281,0,-0.035523523686780377,-2.7292925025871484,0.45076687660249237,0.14281455708231258
1,0,4207,163.87907774885369,14.918054717632188,0.3234223082122904,0,-0.034447818833354522,-2.8499225050023438,0.47249840542717203,0.13392832040539149
1,0,4208,163.94587023938615,15.078652259709369,0.33337070483847225,0,-0.033378535363010997,-2.9243350680646625,0.48831904565008,0.12616209730558939
1,0,4209,164.01194325059996,15.242346269224983,0.34217784034620924,0,-0.032429001615151123,-2.9698139504242866,0.50010294513493525,0.11916587060511029
1,0,4210,164.07730237232758,15.408509725457339,0.34998808153916267,0,-0.031644718212729746,-2.9990780562067401,0.50926179823794659,0.11278623923931362
1,0,4211,164.14198579089381,15.574011231955639,0.35744554913750581,0,-0.048078364123586688,-3.8450502608808974,0.5465118455405088,0.10846418667058115
1,0,4212,164.20596849436467,15.741153587113558,0.36410649435041437,0,-0.044407849272115947,-3.7034456637659559,0.56533779408162355,0.10643703701863688
1,0,4213,164.26926041940598,15.910505209507312,0.36987309527636825,0,-0.038778925128022265,-3.6214468000944477,0.58219530953807741,0.10560911714087004
1,0,4214,164.33186917426394,16.081311085896203,0.37491134067203075,0,-0.032274340921350141,-3.4955985256573849,0.58881563403909165,0.10489561834216725
1,0,4215,164.39380364614539,16.25315546797448,0.37931855683509658,0,-0.025604536861576356,-3.2870956069082307,0.583348399301586,0.10339435943601129
1,0,4216,164.4550737252566,16.425776895272726,0.3831604629514121,0,-0.019193356585391522,-2.9903422390738403,0.56740604197947919,0.10052889880999694
1,0,4217,164.51569027855533,16.598950075870896,0.38649484929315403,0,-0.013255691296026667,-2.615465772223323,0.54420180320395972,0.096048799705593033
1,0,4218,164.57566529063169,16.7724315615657,0.38938249156291321,0,-0.0078593863770339521,-2.1790714126801816,0.51739518986956412,0.089966560611794699
1,0,4219,164.63501191686254,16.945950620983258,0.39188902122861557,0,-0.0029744299064555718,-1.698850657097956,0.49032151047832179,0.082472468452687561
1,0,4220,164.69374444570755,17.119223738239992,0.39408206680316366,0,0.0014876900773936081,-1.1901552915357936,0.46551358301786117,0.073850242342332034
1,0,4221,164.75191161876694,17.290436654321539,0.39633488304955433,0,-0.025710443842067991,-2.5873581988665899,0.4910315966562917,0.06709180431726873
1,0,4222,164.80950540102782,17.460298652875409,0.39851552813762425,0,-0.026808977619945693,-2.3176946081385066,0.49011606627575588,0.063534409948998699
1,0,4223,164.86653750512315,17.629851328130094,0.40042514153000208,0,-0.025281166042114014,-2.2707217683129,0.49967056537706928,0.062537104748552827
1,0,4224,164.923022763142,17.798779869388948,0.4021355433093633,0,-0.022064457248887576,-2.274653728003905,0.51091173057915362,0.063239171402395017
1,0,4225,164.9789718482958,17.96693068042055,0.403686600306011,0,-0.017886996540726147,-2.2413932683316644,0.51823734002076249,0.064614582061834125
1,0,4226,165.03438975624343,18.134240754035602,0.40509864887056352,0,-0.013287794711763291,-2.1323603913741502,0.51884338852486878,0.065734927175907135
1,0,4227,165.08929972503347,18.300732240701635,0.40637533058386072,0,-0.0086409804511794145,-1.939804224673082,0.51259097515517005,0.06593834946462708
1,0,4228,165.14371444045844,18.466417356290851,0.40752161522419195,0,-0.0041705425678632106,-1.6681226725155427,0.50071122364052945,0.064826380128744962
1,0,4229,165.19763864518586,18.631274073999233,0.40854961926100763,0,-5.9092051335734413e-06,-1.3270295530588423,0.48515748114629287,0.062190744222919654
1,0,4230,165.25107911218629,18.795244372226339,0.40947744447973239,0,0.0014065871049459193,-1.1332815250072854,0.47256732848460437,0.058003881973655302
1,0,4231,165.30406639637806,18.958193216286741,0.41033867504713228,0,-0.0022915024209609965,-1.1712879346231504,0.46700317850096179,0.052851561315927879
1,0,4232,165.35660099729608,19.120051208403819,0.41115436275416761,0,-0.005773369362578505,-1.1493198627748902,0.46365912172152307,0.047883972901802185
1,0,4233,165.40869071728994,19.280737632998434,0.41194605597106948,0,-0.0095127241494431108,-1.2110902537465882,0.46465967128630237,0.043922421918883466
1,0,4234,165.46036073203649,19.440229621659473,0.41272413318004497,0,-0.013204307681063749,-1.3586565705482314,0.4693161005392274,0.041454194035448248
1,0,4235,165.5115967852401,19.59840152306187,0.41352055760272022,0,-0.016656856341379103,-1.5850033673336057,0.47767367794971494,0.04088850363027649
1,0,4236,165.56243549130519,19.755290379237497,0.41433084361500622,0,-0.019802520997200038,-1.8677732838667829,0.48957114313788169,0.042219828665477174
1,0,4237,165.61286818434428,19.910792559880441,0.41518570874030447,0,-0.022609783971987939,-2.1913808774299581,0.50526110954352876,0.045514009165915893
1,0,4238,165.66292060274233,20.064918397010612,0.4160823406440492,0,-0.025115736944152801,-2.5388565514110315,0.52446466530755587,0.050592272240611386
1,0,4239,165.71258986174126,20.217581855483679,0.41704887480091751,0,-0.027358211537124425,-2.8989432973648595,0.54698578777526796,0.057372992922271271
1,0,4240,165.76190052048844,20.368803487422309,0.41807989294307518,0,-0.029524611646531616,-3.2702307051586481,0.57246125006655602,0.065649381017935535
1,0,4241,165.81084627383117,20.518414390076899,0.41921974029773135,0,-0.029851250571963306,-3.5306568839901558,0.59706310916477023,0.075452371297278442
1,0,4242,165.85945114374752,20.667138942685778,0.42032350773784599,0,-0.026418473669655107,-3.6090146247759121,0.61631910326180805,0.08606670760345847
1,0,4243,165.90769607903391,20.815134369585113,0.42136551416077062,0,-0.022062332805296188,-3.6376098055634833,0.63082259263979368,0.096473720188963871
1,0,4244,165.95560698336658,20.962494261185419,0.42233117673358761,0,-0.017238247284702701,-3.5950174649166673,0.63793338853167181,0.10580947884535641
1,0,4245,166.00317957926507,21.109291626715599,0.42320804042201038,0,-0.012258784893722107,-3.4678158305191658,0.63611759247508315,0.11334513520439593
1,0,4246,166.0504147742509,21.255626392353037,0.42398554917307163,0,-0.0073825350748936711,-3.2513628495947704,0.62520059127374494,0.11853706446987015
1,0,4247,166.09732915525089,21.401596279870464,0.42464234662389677,0,-0.0027861697227728795,-2.9506810141388193,0.60641325778718946,0.12116239728553188
1,0,4248,166.14391490485448,21.547230891245842,0.42517612368110552,0,0.0013965465830843352,-2.5686175874460675,0.58124450246649673,0.12098959911440223
1,0,4249,166.19018072552603,21.692525318749468,0.42559698847563443,0,0.0051044871033783489,-2.1157161053664253,0.55219691233975043,0.11808305222977522
1,0,4250,166.23613883918813,21.837424240368442,0.42591380208581403,0,0.0083335862589832711,-1.605374493923841,0.52201679818498092,0.11266506243450856
1,0,4251,166.28179072417569,21.981810783902105,0.42615345730258924,0,0.0072729974355574623,-1.361295867451161,0.5005034575897479,0.10500830368050713
1,0,4252,166.3271421831559,22.125527237470013,0.42635566940667352,0,0.0029651478285104686,-1.248082756092189,0.48674276806718325,0.096240088870139018
1,0,4253,166.37220789697625,22.268463151884809,0.42654067006219826,0,-0.0024092917373467818,-1.1933811490725337,0.47959394829636981,0.087740158916587208
1,0,4254,166.41699167172987,22.410467660955543,0.42674330720490244,0,-0.0083290343284474384,-1.2485621442189729,0.47868659251267848,0.080648093139646965
1,0,4255,166.46149395261128,22.551389503113857,0.42699526292505841,0,-0.014383914798191353,-1.437083879986832,0.48306349877493193,0.075928103013711182
1,0,4256,166.50571699689954,22.691093827974779,0.42732946068792205,0,-0.020270656533172286,-1.7580083454172859,0.49270730881244407,0.074307312973846573
1,0,4257,166.54967567449111,22.829504664942334,0.42776355180241021,0,-0.02581485988956525,-2.1892113041769012,0.50856648302826124,0.076108581492246641
1,0,4258,166.59337716679121,22.966498363071281,0.42832226223832326,0,-0.030933417802954589,-2.705520137963521,0.53224527418820022,0.081535725430836328
1,0,4259,166.63682990475115,23.100586402083533,0.40726108755654594,0,-0.035612011240090467,-3.2825373122669723,0.54287062711581924,0.0906528701356865
1,0,4260,166.68005245009985,23.222063831003325,0.34238911926863941,0,-0.039873019961270517,-3.8993384800663402,0.59211056510805493,0.10343730746757242
1,0,4261,166.72307420470705,23.320108354587294,0.32620592889634425,0,-0.037151658275200054,-4.1904706482973983,0.57564632508634073,0.11955361824199064
1,0,4262,166.76592360767339,23.416351457909119,0.33493466411576112,0,-0.033372354837987304,-4.4748813548919157,0.60207987838002686,0.13747870702482878
1,0,4263,166.80859814321369,23.514644373297273,0.34309923926866448,0,-0.028423390278216006,-4.6901140544039484,0.64890064399970304,0.15584990951159425
1,0,4264,166.85109326887357,23.614858074031304,0.35072541184106509,0,-0.022696163279600987,-4.8171476696838171,0.68533171429531292,0.17343801800822112
1,0,4265,166.89340463478786,23.716942214116234,0.35782741923074274,0,-0.016537540908437769,-4.8453595086254513,0.70917614972957221,0.18918330661247362
1,0,4266,166.93552827658041,23.820905827482431,0.36440587061517715,0,-0.010247947361759338,-4.7685913784780629,0.71943894508263817,0.20221225695270273
1,0,4267,166.9774607410217,23.926788013211898,0.37045529800642146,0,-0.0040825086557307331,-4.5828746022489719,0.71590285143509658,0.21184540918426731
1,0,4268,167.01919915739822,24.034626368601639,0.37597047199721245,0,0.0017473899253514309,-4.2856259330395305,0.69893705187173005,0.21760056159835786
1,0,4269,167.06073957601291,24.144442381606876,0.3809484377935361,0,0.0070682938871824575,-3.8750181853316792,0.66947009282980319,0.21915601936310225
1,0,4270,167.10208229793867,24.256179922095811,0.38540322909644426,0,0.010018969143613788,-3.4747527978805381,0.63330092100522395,0.21645744409597481
1,0,4271,167.14326712032056,24.368900188095214,0.38952559832860856,0,-0.0035333836972414414,-3.9808299439000407,0.62249898575768248,0.21149976021819461
1,0,4272,167.18426071595385,24.482672633561339,0.39330351609927178,0,-0.0038440321608215022,-3.5151749751132666,0.58765311231351947,0.20647421499553764
1,0,4273,167.22505510220333,24.59784067474137,0.39667012310111571,0,-0.0035275697025572458,-3.0905088116007389,0.560646092555662,0.20128177376544357
1,0,4274,167.26565039421152,24.714080387007193,0.39969201666806764,0,-0.0026026894020769291,-2.6991760586896416,0.53941645881201772,0.19584576149647931
1,0,4275,167.30604723449488,24.831139960993728,0.4024213666796953,0,-0.0011269479687471145,-2.3288036227477154,0.52197460349157776,0.19002011034745367
1,0,4276,167.34624667994703,24.948821406855181,0.40489957410026411,0,0.00081466677330058711,-1.9650657804578604,0.50667865296163195,0.18361232427094398
1,0,4277,167.38625013748739,25.066963834700996,0.40716061396663089,0,0.0031209115292786692,-1.5937963737958143,0.49234409055648193,0.17640869979468088
1,0,4278,167.42605932763075,25.185429533396636,0.40923381849874624,0,0.0056842802264530611,-1.2023818243082063,0.47827772325867457,0.16819817681073171
1,0,4279,167.46567627296722,25.304092838909263,0.41114610214463865,0,0.0083993486464994157,-0.78111081991028697,0.46429162731493223,0.15879256157753163
1,0,4280,167.50510495014692,25.422836645297739,0.41292266203385419,0,0.0078355632447154912,-0.60844500488611586,0.4564904108054027,0.1480779693571459
1,0,4281,167.54436464913749,25.541547754055788,0.41458789237946597,0,-0.0019116596822017198,-1.033764513586771,0.46259179180608434,0.13733034667540789
1,0,4282,167.58344283460684,25.66021252444995,0.41614625458426829,0,-0.0030143167342559286,-0.77755835808176543,0.45716871223119709,0.1281192398475107
1,0,4283,167.62233721052854,25.778794343403064,0.41760680522413185,0,-0.0033434607431408092,-0.59956835957416299,0.45448107665917259,0.12029983620162901
1,0,4284,167.66105025937088,25.897243253665248,0.41898125269331116,0,-0.0029652867250595893,-0.47244944933047872,0.4532010950420301,0.11363223682454072
1,0,4285,167.69958339929155,26.015525077595942,0.42027757941797139,0,-0.0019752308102011858,-0.37035815626065982,0.45253525735348665,0.10779774323491663
1,0,4286,167.73793704308301,26.133609520586084,0.421501973602736,0,-0.00048784040012734669,-0.27044860191908099,0.45189419527573971,0.1024299525409727
1,0,4287,167.77611602400069,26.251472652526385,0.42266185187576327,0,0.0013640583426062761,-0.15509255382433179,0.45081554196303464,0.097149744307516175
1,0,4288,167.81412263839943,26.369087766711885,0.42376397220185602,0,0.0034596507810846274,-0.01402892419816102,0.4492888411039917,0.091614145323826515
1,0,4289,167.85195920937116,26.486427010666734,0.42481529121593942,0,0.0056900675457834246,0.16132269498977542,0.4526551226760071,0.085520616470058597
1,0,4290,167.88962874042858,26.603462224213438,0.42582279751972624,0,0.0039437814145535256,0.035843794063124199,0.45591087215161302,0.07863289034118677
1,0,4291,167.92713881945997,26.720271737354082,0.42677011726162845,0,-5.5726426795135801e-05,-0.14065123541989419,0.45375463099350727,0.071671914005699569
1,0,4292,167.96448648903868,26.836818154503678,0.42766923003957358,0,-7.8641694641747045e-05,0.00052744623433477597,0.45241208186468257,0.065561617607431621
1,0,4293,168.00167226061953,26.953060173420951,0.42853056548880419,0,0.00033720950570088112,0.11647783518563908,0.45519702112286275,0.060156581749255297
1,0,4294,168.03869530585987,27.068981165768925,0.42935716172931659,0,0.0011400236220591193,0.22046437749839909,0.45814090193058943,0.055230611073767068
1,0,4295,168.07555659602554,27.184567368201197,0.4301507492185957,0,0.0022588263821168375,0.32530192478558401,0.46110175135146692,0.050520535989162278
1,0,4296,168.11226218397229,27.299814402501895,0.43091511671283628,0,0.0036118926508808291,0.44142993170797135,0.46434600561799927,0.045767135415634187
1,0,4297,168.14881420435856,27.414708064696434,0.43165344115951559,0,0.0051293251013803933,0.57635494928643094,0.46810742658283233,0.040739185443256352
1,0,4298,168.18521480261646,27.5292315874289,0.43236979514366397,0,0.0067471876728900284,0.73508122348629124,0.47261422872665437,0.035230593155079475
1,0,4299,168.22146614836657,27.643364810072015,0.43307411239855748,0,0.0084098512609651274,0.92033474070726218,0.47811211960998112,0.029065575327762678
1,0,4300,168.25756494754262,27.757069208814332,0.43377181584787244,0,0.010069722267647255,1.1338697837859166,0.48492227079670525,0.022065532486154175
1,0,4301,168.29351517722787,27.870275314863129,0.43447622711542933,0,0.012483087362449071,1.4258509963859201,0.49457410115879585,0.013834775655421015
1,0,4302,168.32932324034613,27.983061757647722,0.43517367328505629,0,0.01070361526464338,1.4496495606241564,0.49932813692513223,0.0045874820877179166
1,0,4303,168.36499041577952,28.095570844783182,0.43583535987926247,0,0.008015221164782857,1.4599421160424082,0.50456128211197948,-0.0049113628275449092
1,0,4304,168.40051771027794,28.207794422644518,0.43647070243683744,0,0.0046118771608157881,1.4320289440851932,0.50889611325745143,-0.013957070870188373
1,0,4305,168.43589694094405,28.319707871995522,0.43707897621863573,0,0.00067134256025606508,1.3412249083699377,0.51063341570264387,-0.021773684601593367
1,0,4306,168.47113705787359,28.43132454605848,0.43765969844303787,0,-0.0035695243764514452,1.1750201791026689,0.50863353094388963,-0.027798295948381468
1,0,4307,168.50624069617268,28.542642624181024,0.43821196041896449,0,-0.0079298673205907555,0.92643157440275292,0.50234907258245365,-0.031568978825026142
1,0,4308,168.54120958400549,28.653648801338253,0.43874659226350826,0,-0.012251803396228299,0.59863315887660207,0.49200628109539224,-0.032712344435572478
1,0,4309,168.57603697998653,28.764292037859875,0.43927006736525398,0,-0.016384729678373341,0.18458154305412525,0.47824814088802925,-0.030738931202690584
1,0,4310,168.61073130641066,28.874534934376751,0.43978977508333872,0,-0.017670575440542194,-0.11211901449627312,0.47143210356416415,-0.025585721419901373
1,0,4311,168.64529855430723,28.984532497609521,0.44027385912965494,0,-0.015882003603056038,-0.32090061979836171,0.47199720034511206,-0.017859717264582409
1,0,4312,168.6797391687017,29.094267963258481,0.44073564267983201,0,-0.014478908573025466,-0.65423624741780795,0.47873933003876878,-0.0086401347850057191
1,0,4313,168.71404298705298,29.203628266514663,0.44118951283616403,0,-0.012403395274339653,-0.95924231404026061,0.48912376920863804,0.0014222726698233852
1,0,4314,168.74822285479556,29.312606051693137,0.4416388487404827,0,-0.009896384884553697,-1.2165749356724116,0.50113953010784507,0.011630613224773382
1,0,4315,168.78228006196593,29.421181669546517,0.4420922329246097,0,-0.0071101755640127044,-1.4163802831448573,0.51307297463492918,0.021488541141448599
1,0,4316,168.81620771603895,29.529325511448636,0.44255677797275833,0,-0.0041825272758348646,-1.54803930725668,0.52313060638426589,0.030481339757894719
1,0,4317,168.8500102156552,29.637068438862443,0.44302232036540157,0,-0.0012557215758623814,-1.6100104506114918,0.52997381285114675,0.038216319310552159
1,0,4318,168.88369391005756,29.744457675042685,0.44348095704281132,0,0.0015687055784013313,-1.6047927583885215,0.53302388256532718,0.044465322577073078
1,0,4319,168.91725432223544,29.851512237767192,0.44393659497406851,0,0.0041985598755952024,-1.5304610214066292,0.53183738889051535,0.048939799442555228
1,0,4320,168.95069083459779,29.958268797678802,0.44437476618226923,0,0.0046662436200798421,-1.5466294925630917,0.53037787568111638,0.051463857914331425
1,0,4321,168.98401434618577,30.064721243756267,0.44479735092094369,0,0.0041338411295515718,-1.5347694288130096,0.52663656432182115,0.052517543504461119
1,0,4322,169.01721941233825,30.170914111389479,0.44520484436650737,0,0.0046514787701232253,-1.3721622963078826,0.51869744693054276,0.052557039296997531
1,0,4323,169.05030408465203,30.276868038594849,0.44558477047673029,0,0.004979247466057924,-1.1883593318051711,0.51027504948300462,0.051665011408126037
1,0,4324,169.08327822589646,30.382593949393463,0.44593717203162725,0,0.0051562567662550365,-0.99073435694988932,0.50189448411981019,0.049988195305104184
1,0,4325,169.11613498610708,30.488060472768076,0.4462756256580499,0,0.0052010208549362804,-0.78403356232868193,0.49398685644911783,0.047565249618566521
1,0,4326,169.14887673106247,30.593253745469948,0.44659437730243773,0,0.0051479494212714029,-0.57392224106718581,0.486849958520299,0.044512905927512829
1,0,4327,169.18151170827511,30.698175123316574,0.4469003508477789,0,0.0050307038865606271,-0.36464512149520578,0.4805856531926887,0.040962391550305052
1,0,4328,169.21402875191833,30.802773725358239,0.44720345113392762,0,0.0048728260432684229,-0.16037792030209852,0.47536577029703281,0.03695946764113936
1,0,4329,169.24643835880059,30.907061179589075,0.44508543687698876,0,0.0047047715212743015,0.035686527224066643,0.47026123466872849,0.032629971613878143
1,0,4330,169.27874276055167,31.009899226730269,0.40901642272962829,0,0.0045476747077926498,0.22145930919811305,0.43882889217723819,0.028043331863312228
1,0,4331,169.31093977328263,31.100118508558982,0.35105079262146227,0,0.0025295078706753646,0.23830524455652419,0.38205689013017125,0.023438694504125758
1,0,4332,169.34305621266446,31.175907907973738,0.29313190059832323,0,0.001620565702703083,0.34127930517208349,0.32583863575701011,0.019106522567070204
1,0,4333,169.37510000231319,31.23617255767552,0.2380574742723737,0,0.00077161231188089207,0.41584904235710723,0.27089317096047649,0.015161089845282378
1,0,4334,169.40708972247336,31.282283421205115,0.18550272068660259,0,1.0944515982514814e-05,0.46422926789307262,0.21736049539467789,0.011667320286041684
1,0,4335,169.43904035037565,31.315477601360772,0.1352638154481173,0,-0.00064667997214961942,0.48919884864462482,0.16560599153791203,0.0086467236029090649
1,0,4336,169.47096221364828,31.334878702230814,0.087470770207689147,0,-0.0011732457229720974,0.49057006694442135,0.11711175796364319,0.0061815854705193135
1,0,4337,169.50287116315988,31.342861091834692,0.041645338126672829,0,-0.001579863537725153,0.47413572165325518,0.075114369447440779,0.0041970219627291234
1,0,4338,169.53477788131667,31.338723468240961,0.0046688482224865142,0.006714362981806804,-0.0018534294141846395,0.44120593480363318,0.054309487786326639,0.0027235974683548639
1,0,4339,169.56669545646477,31.321557852274875,0,0.043476131527597009,-0.0020056298113857976,0.39641259574206728,0.066447889987888975,0.0016990268563147454
1,0,4340,169.59863715860348,31.288622984575859,0,0.08204853984535071,-0.002049201823851249,0.34279251286732054,0.11584898959781956,0.0010657113008908051
1,0,4341,169.63062409779292,31.239013539393365,0,0.11763644119874098,-0.0029166726279413742,0.20707975570327292,0.16135173837976258,0.00092828381355035416
1,0,4342,169.6626654272456,31.175767547263664,0,0.15084464268163222,-0.0026394549454379339,0.16160792965354626,0.2033441022926431,0.0012402120962740296
1,0,4343,169.69478194029958,31.098333607938905,0,0.18154149168391856,-0.0021578958920116919,0.11491552023264102,0.24081854459122568,0.0018771659574329427
1,0,4344,169.72698468280748,31.008315486280146,0,0.21010583952128206,-0.0015207322135467737,0.073009330790147084,0.27471330408566635,0.0026573803250864799
1,0,4345,169.75928236970142,30.906848161570874,0,0.23671295532304118,-0.00076875458785763829,0.040307352616419143,0.30558965731249432,0.0034409566090374843
1,0,4346,169.79170132255575,30.793307056129603,0,0.26129453731936031,6.662117065466424e-05,0.023174066719248095,0.33364703416472635,0.0040684912111649697
1,0,4347,169.82423877145482,30.669801124849368,0,0.28428256782709299,0.00093740572516799877,0.022905802183852488,0.35971082517122316,0.0044374711924663286
1,0,4348,169.85691368202927,30.536221806586536,0,0.30561343287810894,0.0018121783132763812,0.042466316017534554,0.38391426272248796,0.0044314051634129501
1,0,4349,169.88974157871041,30.392958364323079,0,0.32543295586567589,0.0026568005917891914,0.083309176289208073,0.40662214178747241,0.0039508540799734421
1,0,4350,169.92272179730597,30.241178161623601,0,0.34396139347212057,0.0028585082443834571,0.094421585441416961,0.42806538136072492,0.0029897979659558416
1,0,4351,169.95587835196937,30.08061877559587,0,0.3611350198955251,-0.000391157198936107,-0.12820661074261538,0.44516644910785191,0.0019562226453892669
1,0,4352,169.98921832056124,29.911960330338172,0,0.37714587529962806,0.00010464492764617722,-0.024640270277605628,0.45946782009577641,0.0013145628935560922
1,0,4353,170.02274349077493,29.735897312565307,0,0.39211734423784828,0.00092679897027455498,0.077280506900901574,0.47600416859766898,0.00078976210116692949
1,0,4354,170.05647762308763,29.552241054146766,0,0.40600717376516243,0.0020472070414310102,0.1840638458866079,0.49322543278195852,0.00013828848750475515
1,0,4355,170.090429277803,29.361431883388221,0,0.41895249575359239,0.0033981030395305832,0.30323727110384285,0.51028291601257614,-0.00089260491644337103
1,0,4356,170.12459936591267,29.1640328330671,0,0.43108112390768044,0.0049096781454937549,0.44005106650149789,0.52749266253764615,-0.0024924441302188473
1,0,4357,170.15900310853971,28.960101547019836,0,0.44236222933655989,0.006525676197973799,0.59928975363390402,0.545044600735901,-0.0048557159766428951
1,0,4358,170.1936667996591,28.749484155792501,0,0.45283812479216545,0.0081858503676816661,0.78536324929710744,0.56324141386499749,-0.0082044939328568024
1,0,4359,170.22858366439047,28.532833799837952,0,0.46264664384686599,0.0098330413109982851,0.99712794405705796,0.5822362862460968,-0.012591038443053504
1,0,4360,170.26376542389431,28.31026044922011,0,0.47181064152776647,0.0077819868252260067,0.94280444272875508,0.59499472812166621,-0.018028860097980038
1,0,4361,170.29922441150273,28.081990369260396,0,0.48036883535367164,-0.0070966833925232139,0.045697929022377883,0.56938963128308695,-0.022570027842345609
1,0,4362,170.33498868810182,27.847983330674865,0,0.4883779333853201,-0.0051052288736651522,0.4304505282779052,0.58155031945635138,-0.024151437782720473
1,0,4363,170.37105546193541,27.608536652933221,0,0.49589687566282975,-0.0011171036189458776,0.77563348954498978,0.59946500368385092,-0.024341717863132464
1,0,4364,170.40743799137044,27.363653796685828,0,0.50296265995683842,0.0045489196050612114,1.1090633223951227,0.62410134861515498,-0.024418387825443116
1,0,4365,170.44415016283946,27.113247054614764,0,0.50955124942955432,0.011529750623369476,1.4761604191267741,0.65669455862161008,-0.025653564039936322
1,0,4366,170.48120709032449,26.857155864385575,0,0.51564748318998943,0.019449902343712563,1.9169639251564978,0.69850166195083629,-0.029262165855500011
1,0,4367,170.51863312296592,26.595024851914065,0,0.52122297489750014,0.027951553721301835,2.4595044091380132,0.75075741522215167,-0.036433601425797775
1,0,4368,170.55644533956865,26.326576802091303,0,0.52625473664669387,0.036691808482993728,3.1104840358795491,0.81388945899302712,-0.048112820157074944
1,0,4369,170.59465945345076,26.051519406293004,0,0.5307015180694078,0.04539597085579411,3.856626605857179,0.88735800833079526,-0.064971579280455619
1,0,4370,170.63329789027111,25.775312184913002,0,0.4701400492918294,0.045100370996199214,4.2235781113954012,0.84787783032712838,-0.087571919140303642
1,0,4371,170.67233248865429,25.531463766971637,0,0.39158172333122715,0.04035193340036311,4.5502526452846679,0.77994423143871638,-0.11449866758562685
1,0,4372,170.71171930291035,25.323874634900886,0,0.3204622942032454,0.037033920323201984,5.0039325796591285,0.74110120696279747,-0.14276422195784255
1,0,4373,170.75141093770318,25.149316306457827,0,0.25613258577100423,0.032665418327033076,5.388977360789081,0.70869029910978321,-0.17108777493670496
1,0,4374,170.79135968013441,25.005063571044076,0,0.19804418280365751,0.027567014158052031,5.6946955181800707,0.7228019725689111,-0.19842874354167198
1,0,4375,170.83152011660675,24.888562755270577,0,0.14568307957453974,0.022048705693933156,5.9172074452515124,0.74248401602552627,-0.22387414651631252
1,0,4376,170.87185122381268,24.793202824159209,0,0.14448770243087702,0.016399478308729488,6.0396745927566267,0.77565291596380215,-0.24665527982837801
1,0,4377,170.91234005327536,24.692019326744067,0,0.1765721191743071,0.010858234913292754,6.0732706602534439,0.81286697619915471,-0.2661857222414048
1,0,4378,170.95300846494558,24.572467828477297,0,0.21183212181265584,0.0056049528084863142,6.033961694260328,0.84181247698467654,-0.28205695195178659
1,0,4379,170.99388842689794,24.434413190674547,0,0.24414563731494759,0.0007890012705962133,5.9264637719016244,0.85965133630760615,-0.29398636693983748
1,0,4380,171.03501130608839,24.279366693494946,0,0.27384451749193855,-0.0034560614715695879,5.7507153846542982,0.86596752641897601,-0.30179555499208055
1,0,4381,171.07638412914079,24.109121572384325,0,0.30131899344560092,-0.012613619095523384,5.178530990730783,0.84481224003630295,-0.30457897351191032
1,0,4382,171.11807032692568,23.924489113625359,0,0.32676508688459788,-0.012000805439670241,5.090907156350907,0.82992105149176232,-0.3022139357597865
1,0,4383,171.16010496244905,23.725734297063735,0,0.35027292602534399,-0.0091739008382155686,4.9283327562556432,0.79989735644268845,-0.29597821386179229
1,0,4384,171.20252638794327,23.513383799548041,0,0.37200067069823883,-0.0044184165746397729,4.7179543232992067,0.76002524874887456,-0.28714054546846501
1,0,4385,171.24535504751938,23.288269695657924,0,0.39212717724989227,0.0018195651200638777,4.5004152960743262,0.72439386463099931,-0.27714917774102876
1,0,4386,171.28861968723839,23.050666117864289,0,0.41074626028213468,0.0090963017947720583,4.3228310741968148,0.74234514966255849,-0.26735579003693111
1,0,4387,171.33235054317754,22.800671915960731,0,0.42796512470943565,0.016955391753338551,4.2313524062567076,0.76991977940226952,-0.25901820782453566
1,0,4388,171.37658009340552,22.5382711565017,0,0.44381456859359358,0.024966047906527181,4.2599842607935265,0.80234392778149766,-0.25321745555113107
1,0,4389,171.42135122756221,22.263255882793775,0,0.45832201959508495,0.032749383125475512,4.4244514596009878,0.84076563366341817,-0.25084563390776032
1,0,4390,171.4667205328339,21.97522902561365,0,0.47074283267120887,0.042377685234574997,4.839258395096933,0.90525684241774929,-0.25259353474457158
1,0,4391,171.5127187828941,21.681977955001337,0,0.40604071616665105,0.048163827674617528,5.185072191587083,0.88419894127806353,-0.25917182599973687
1,0,4392,171.55928212594262,21.431625207540137,0,0.32050935805230246,0.043849766201645442,5.2292202217175356,0.7803043811046998,-0.26993011559435748
1,0,4393,171.60633544504387,21.230988316422675,0,0.24523723571275738,0.036360215900730283,5.2415109832171431,0.68362566408783632,-0.28248780687331171
1,0,4394,171.6537588985891,21.073049197581078,0,0.17880722469372781,0.026679977613347082,5.1593987100653846,0.67041692107260431,-0.2943797597754082
1,0,4395,171.70146582876265,20.953775664038712,0,0.12041279531257425,0.015630753660280414,4.9394624644839782,0.65567380872442393,-0.30356368260199995
1,0,4396,171.74938050272254,20.87056654056698,0,0.069516997205642472,0.004023308924449848,4.5413466162490908,0.62315474146272276,-0.3081229727049839
1,0,4397,171.79741758464533,20.817757198407268,0,0.024987106438968634,-0.0073672190830204902,3.9484519716711226,0.56756497901847824,-0.30706590407463613
1,0,4398,171.8455157796927,20.792959375346697,0.013661618615733572,0,-0.017882054079293969,3.1320218076132558,0.48554540348944397,-0.29937084356098548
1,0,4399,171.8936218820831,20.787171138579556,0.048243137694401042,0,-0.027080034492299603,2.1095977006287945,0.38166889677324756,-0.28502656229456541
1,0,4400,171.94170425387478,20.795350488236075,0.079762887238118113,0,-0.034351295656025994,0.95887850697705856,0.26553173687085113,-0.26444124295896682
1,0,4401,171.98975906268981,20.816672343618709,0.108401596428543,0,-0.02840974956060055,0.49940991351707675,0.17291808698247094,-0.23870425218435493
1,0,4402,172.03777770547504,20.849515326088447,0.13448217630961912,0,-0.019256357046142585,0.024518961186527084,0.1515419393154763,-0.21098625768382434
1,0,4403,172.0857230080797,20.892815492537327,0.15822352945356155,0,-0.0081835176341838681,-0.22715342886556258,0.19623246203724906,-0.18423613091391738
1,0,4404,172.13356856922911,20.9448316189475,0.17998533659921995,0,0.0035229615003597343,-0.18676340338633227,0.23398413017451736,-0.16086555355182414
1,0,4405,172.18129327327242,21.004420794145698,0.19999364941070211,0,0.015014320530780329,0.13127651336240104,0.25162879866383087,-0.14251969610519735
1,0,4406,172.22887415239776,21.070975983000235,0.21838244557551459,0,0.025708368207706354,0.71175485689932783,0.27795738498866129,-0.13052222084149476
1,0,4407,172.27630892015983,21.140276835245494,0.19300643498503628,0,0.035376046556256577,1.5062551698593838,0.36226689144527013,-0.12499625601376545
1,0,4408,172.32361205799666,21.193362166177756,0.12828152947057617,0,0.043935506879513551,2.4555385485613983,0.45125036468251839,-0.12615310783487679
1,0,4409,172.37084128245417,21.218459878135427,0.058677303858792107,0,0.051484730451051085,3.4523726831040116,0.54409466614120905,-0.13367586145085225
1,0,4410,172.41806413177355,21.221036052889385,0.064605213079686308,0,0.058203076186376698,4.4271923300614295,0.65096202463516462,-0.14695522270251998
1,0,4411,172.46528502427105,21.229721703137557,0.095235640165778859,0,0.050163431421385837,4.7020137871440326,0.59238189296278754,-0.1649636803717319
1,0,4412,172.51247545845595,21.249533197679561,0.12340683680873993,0,0.043192522369804677,5.066898374255878,0.58049266209959338,-0.18489611657211477
1,0,4413,172.55961175228154,21.278962703828498,0.14941730174948689,0,0.034785706909288353,5.294756369483987,0.61812218468288005,-0.20468313986967415
1,0,4414,172.606663967797,21.317905607693412,0.17329455114736217,0,0.025580876778171262,5.366865044737577,0.66673101448559347,-0.22240397989545638
1,0,4415,172.6536133223687,21.365361883850451,0.19524716109320167,0,0.016198107241118233,5.2886129023451769,0.69073952925990034,-0.23671859548535212
1,0,4416,172.70043939181539,21.420989429607385,0.21534384862850936,0,0.0070913713241113913,5.0571788667603919,0.69130999955399641,-0.24658143839558744
1,0,4417,172.74711535598735,21.484891690659428,0.23357110453824109,0,-0.0013214475211186954,4.6602917578852487,0.66827752717438205,-0.25098154129941769
1,0,4418,172.79363291812697,21.556242987934638,0.25009851877556971,0,-0.0087927285469260111,4.1049650168878431,0.62458846239120025,-0.24986431319998609
1,0,4419,172.83997832869574,21.634592723901498,0.26501896002850217,0,-0.015144923061387117,3.3945947339940328,0.56367774406725135,-0.24322799058633518
1,0,4420,172.88613035471045,21.719690699753738,0.27838518849560795,0,-0.017105827234144687,2.7870566918262938,0.49771416458218359,-0.23112044676625532
1,0,4421,172.9321196876451,21.810169682433319,0.29048096573218934,0,-0.0089135306888713309,2.6499394092781472,0.44678910020070284,-0.21550532116098015
1,0,4422,172.97792313913627,21.905413475790617,0.30142702246026837,0,-0.0046729715023310272,2.1084873964355495,0.40436123092775517,-0.19878642977628497
1,0,4423,173.0235181047031,22.004795288261001,0.31135137510599142,0,3.3265982825247877e-05,1.7019411278773102,0.38354847989324259,-0.18243330996784818
1,0,4424,173.06890060015269,22.107493567735357,0.32043145895094172,0,0.0047480611626854793,1.4567110393957052,0.37824455766378523,-0.16763359909878264
1,0,4425,173.11407020309895,22.212889960644297,0.32878490857385767,0,0.0091511114246815503,1.3705599673145683,0.38193424693780476,-0.15515080582357441
1,0,4426,173.1590240480709,22.320571671645268,0.33650083945309062,0,0.013039622505062123,1.4255772414374641,0.39092804902204453,-0.14543753529281547
1,0,4427,173.20375218582157,22.430274759302414,0.34363209178630066,0,0.0162850922977552,1.5966710336004672,0.40404643930213785,-0.1387792553755858
1,0,4428,173.24826034075545,22.541646800487218,0.35026201281557617,0,0.018885569471178941,1.8477976795811462,0.42108346256864509,-0.13503152764833468
1,0,4429,173.29255059521657,22.654415413456981,0.3564384841940984,0,0.020886570616140892,2.1491779569744924,0.44202542756956675,-0.13395936775827119
1,0,4430,173.33662335812636,22.768343741024704,0.36221510128106754,0,0.022362630032496701,2.4769753422856202,0.46652890338081593,-0.13527281927430249
1,0,4431,173.38046674236713,22.883574017833716,0.36756563871409725,0,0.01616127849127965,2.3535879011002776,0.48183399898511653,-0.13792886782261282
1,0,4432,173.42408388924056,23.000028473666891,0.37250724347621189,0,0.015957194692903631,2.6585094434648653,0.50517272464796814,-0.14096239345291547
1,0,4433,173.46748488381141,23.117146910121377,0.3771610693031805,0,0.016108332519366223,2.9090885571271108,0.5252200361717313,-0.14429935457895202
1,0,4434,173.51067071666509,23.234843678386888,0.38154210641053121,0,0.016592245258459731,3.1243036259522627,0.54284101950651142,-0.14792276659195122
1,0,4435,173.55364258583211,23.353029270854407,0.38566975206411136,0,0.017372669396957564,3.3189004102179021,0.55897257949471491,-0.15189093365205864
1,0,4436,173.59640191761403,23.471609366729353,0.38956686325761697,0,0.018405374590748671,3.5042272077681957,0.57449191663863841,-0.15630898215486982
1,0,4437,173.63895038620981,23.590484677991782,0.39325575523276801,0,0.019643067770156161,3.6887812223660625,0.59015652633962346,-0.16130730571566934
1,0,4438,173.68128693635919,23.709552869602444,0.39675761801537496,0,0.021041010363654827,3.878744327724819,0.60660497667217317,-0.16703815289400401
1,0,4439,173.72341483357181,23.828703563610695,0.40009867457252285,0,0.0225547599292545,4.0780879919596495,0.62432642732197274,-0.17364054919604369
1,0,4440,173.76533831094514,23.947826793113435,0.40330447293623528,0,0.022900313551839881,4.2161095203915213,0.64115554003236019,-0.18122456944405924
1,0,4441,173.80705006511886,24.067313982557049,0.40629850091573039,0,0.019560407010662886,4.1822453875057208,0.65222224920966099,-0.18937401115010724
1,0,4442,173.84855582215249,24.187055342091334,0.40910450010250837,0,0.018856539937101926,4.3031610786810441,0.66693564915623937,-0.19737520498707409
1,0,4443,173.88985956939169,24.3068075966846,0.41177184683935791,0,0.018249096983219262,4.4043859710223634,0.67933322548586172,-0.20513210993470701
1,0,4444,173.93096358145135,24.425543012248564,0.39643730064373967,0,0.017768024090834469,4.4894237007591702,0.67404339653946932,-0.2125979555392474
1,0,4445,173.97187726243146,24.535107698328744,0.33572729106803101,0,0.017425807514249745,4.5632226395651312,0.6294931653075867,-0.21976334825386237
1,0,4446,174.01262914368374,24.62217483136833,0.26463086250334639,0,0.017212937737947808,4.6277052172419628,0.58003897665872384,-0.22664877882006396
1,0,4447,174.05325915942475,24.685886202772711,0.19764433166649814,0,0.017107360795529016,4.6852046752135728,0.54075230345651548,-0.23328835475650558
1,0,4448,174.0938050986301,24.727749231124847,0.13444823263452824,0,0.017086182451304405,4.7381654873703258,0.52651481983410564,-0.23971766979491616
1,0,4449,174.13430197474315,24.749096361509494,0.074757112853558697,0,0.017127564442203518,4.7884602989689382,0.52301870476334256,-0.24596972036193834
1,0,4450,174.1747824936262,24.751108990063248,0.018314671569403189,0,0.017211501501616419,4.8374412100151885,0.51989330133806988,-0.25207235551402113
1,0,4451,174.21525749636234,24.734141443432822,0,0.034971120600375542,0.010325279969485072,4.4776124126021006,0.50443615674578157,-0.25719254502940292
1,0,4452,174.2557838210929,24.692466241713873,0,0.083977167679414849,0.010892656658657528,4.5770088510625042,0.52097731200947028,-0.26078601393803624
1,0,4453,174.29640735405181,24.625502254933455,0,0.12861098311276478,0.012309022601239367,4.6589936966542824,0.53755795321853395,-0.26345522294429985
1,0,4454,174.33716871360721,24.535290187977463,0,0.16930590165170156,0.01442973927465591,4.7392412313111683,0.55636900785877774,-0.26574208262568139
1,0,4455,174.3781062392508,24.423563551125444,0,0.20643540135284053,0.01709887639418519,4.8313870789985227,0.60249964165457948,-0.26817221557423965
1,0,4456,174.41925666097083,24.291796191576445,0,0.2403227526114726,0.020158384914253182,4.94645457048951,0.65298141845978186,-0.27123323898839607
1,0,4457,174.46065782155961,24.141107782835498,0,0.27122791772851906,0.023456659901123701,5.0925020248059205,0.7030579699082824,-0.27536786217326459
1,0,4458,174.50234683932121,23.972521143419744,0,0.29938751316898787,0.026850414746305788,5.2737943063820332,0.7529274540489459,-0.28095193117084349
1,0,4459,174.54435674145626,23.78710969581353,0,0.32504023936127269,0.030213257211781853,5.4902259977853074,0.80278051654814586,-0.28826003266538286
1,0,4460,174.58672372330628,23.58564497080663,0,0.3466733005170311,0.034400332448826412,5.7852093354075977,0.86068668561224015,-0.2975018315974165
1,0,4461,174.62948285096076,23.375844271336106,0,0.29924114292576043,0.036038266803010928,6.0064295508137882,0.84410785484815098,-0.30901492417168902
1,0,4462,174.67259703820653,23.197221260853823,0,0.23163909899339241,0.032772135068802215,6.0674351815878094,0.77693561844660686,-0.32225168736753818
1,0,4463,174.71600074367601,23.053926763022755,0,0.17133165667567629,0.027978756975166937,6.0960413447395583,0.75414732634275794,-0.33578280141432904
1,0,4464,174.75963234072853,22.942705972522951,0,0.11766299350557524,0.022045859297796164,6.0686199333936237,0.74640205119796876,-0.34826522740782601
1,0,4465,174.80343839883534,22.861492678728361,0,0.070219532902198442,0.015362273689533213,5.9624825405990975,0.73558778108344691,-0.35838293020494016
1,0,4466,174.84735855632042,22.806512448117672,0,0.02823101772543006,0.0083616450555719975,5.7628056092425082,0.71666746646297685,-0.36515913633388325
1,0,4467,174.89134410905507,22.775126719731542,0.0089030479690360171,7.4784504189245158e-05,0.0014172756540018446,5.4541465934956417,0.68668150654491888,-0.36781597319007947
1,0,4468,174.93535458482074,22.761282097281228,0.042170882295478933,0,-0.00514281386318518,5.0246557265653555,0.64527833873841423,-0.36580934631863515
1,0,4469,174.97936220271689,22.760325317917967,0.07273381281897924,0,-0.011051862994715257,4.4688484042466152,0.58893254959498265,-0.35885956278959397
1,0,4470,175.0233468711844,22.771827737032801,0.10060284259114192,0,-0.012494074968268817,4.0205493044982497,0.52879118781776946,-0.34681957593037643
1,0,4471,175.06736883977129,22.793041750512604,0.12634096688716803,0,0.0046950114390288036,4.5125275450620972,0.50285634985580174,-0.3323275565804259
1,0,4472,175.111338764603,22.823798489002996,0.14998011787042631,0,0.0055213795902442761,3.8801770903547461,0.42411130646752704,-0.31824696622272852
1,0,4473,175.15521992154856,22.863862160411809,0.17156879818237336,0,0.0053151888258016738,3.3191511330267129,0.38288326459679695,-0.30456056055127978
1,0,4474,175.19899758828672,22.912142375468427,0.1913306134274467,0,0.0041467938950725371,2.8194858537234571,0.35996765888870402,-0.29118969417496632
1,0,4475,175.24265548299067,22.967909942246202,0.20941147959312789,0,0.0021233848160416512,2.361292667469165,0.34617895868883436,-0.27793794869971944
1,0,4476,175.28618436949347,23.030224098211384,0.22600944151055713,0,-0.00056952674295791675,1.9187317555935011,0.33686235469912645,-0.26451936856234087
1,0,4477,175.32957614669704,23.098337457230446,0.24127705776503758,0,-0.0037455077030943075,1.4686802798661915,0.32917547086518945,-0.2506299182382658
1,0,4478,175.37282283368745,23.171645111403837,0.25533189035552373,0,-0.0072296283100362554,0.99227645334938852,0.32183274258005851,-0.23597820792927304
1,0,4479,175.41591774005281,23.249586341998256,0.26829233732709828,0,-0.010862626801233557,0.48331372109401177,0.31496760572084714,-0.22031611179712982
1,0,4480,175.45885542317629,23.331633922365704,0.28026674723580258,0,-0.01451654466797136,-0.057731544841653888,0.31169133861380671,-0.20345308581962704
1,0,4481,175.50166939581885,23.417495102013152,0.29131419973355049,0,0.0025249567720882766,0.87909502823737939,0.32975518895890216,-0.18708124216618605
1,0,4482,175.54432054412666,23.506818963341512,0.30151069963608534,0,0.0043914906579852319,0.57700342928237169,0.33509565179782119,-0.17309814885643049
1,0,4483,175.58680086908902,23.599175597765441,0.31094649371522182,0,0.0051387941961589028,0.41190948926852317,0.34231359196715133,-0.16125875479510085
1,0,4484,175.62910755074441,23.694265430409985,0.3196835431931121,0,0.0049024906765507631,0.3301444246474623,0.35003506784164973,-0.15129518647177448
1,0,4485,175.67123818163913,23.791825291045196,0.32777259027556088,0,0.0038573301935448953,0.28604277877373746,0.35781898732194706,-0.14278847517272408
1,0,4486,175.71319069158199,23.891609429767691,0.33526763519574354,0,0.0021930087537893718,0.24430266200272613,0.36519890809486294,-0.13525300711651073
1,0,4487,175.75496334610071,23.993388717066161,0.34221705886533682,0,9.6125433889886414e-05,0.18001627434466483,0.37158601529946372,-0.12820053596198788
1,0,4488,175.79655476915053,24.096949801191723,0.34866585527598609,0,-0.0022623057613294995,0.079120259008078869,0.3765105563353599,-0.1211843626636159
1,0,4489,175.83796396607087,24.20209435183606,0.3546559533837112,0,-0.0047361433699928991,-0.067001157860691357,0.38201471650404983,-0.11382506718821329
1,0,4490,175.87919033688951,24.308636626616011,0.36022670601248102,0,-0.0072099698845047178,-0.26213048728663912,0.39037257335939468,-0.10582239920352352
1,0,4491,175.92024184567293,24.416484317761512,0.36539834961709466,0,-0.00061809034145463742,0.17606264000549773,0.39367637155629231,-0.09774760873103365
1,0,4492,175.96111017627967,24.525517971816456,0.37019644123572198,0,-7.5037958563466158e-05,0.059676480413311542,0.39645184343163281,-0.090408482547344016
1,0,4493,176.00179562241328,24.635543592167529,0.37466304951322249,0,0.00020664020383200012,-0.016427604477355976,0.40020366735425877,-0.083746335133272981
1,0,4494,176.04229837669072,24.746440632749028,0.37882414459756553,0,0.00024686593848260925,-0.065735783115095398,0.40522723332579635,-0.077722699759624161
1,0,4495,176.0826188382828,24.85810056574519,0.38270328115148461,0,7.7062190007109617e-05,-0.099566278939143812,0.40966781341331737,-0.072252774777667519
1,0,4496,176.12275758321567,24.970424095053907,0.38632215531827968,0,-0.00026489375857347914,-0.12697213795094031,0.41372694320978359,-0.067225506928453249
1,0,4497,176.16271534407721,25.083319803582064,0.38970087483216553,0,-0.00073892394777737226,-0.15517183556674252,0.41757351966826389,-0.062519343382617568
1,0,4498,176.20249299477661,25.196703439335494,0.39285810131367965,0,-0.0013059677768081875,-0.18944301881957057,0.42133526914418773,-0.058014199908689244
1,0,4499,176.24209153802349,25.31049739910511,0.39581115300825764,0,-0.0019303094224139387,-0.23329941686333003,0.42510699554768894,-0.053599877262456894
1,0,4500,176.28151211993625,25.424630290525087,0.39857609187103926,0,-0.0024511610380592071,-0.27762902783048421,0.42875178211102183,-0.049183566595149365
1,0,4501,176.32075679405747,25.539050593092494,0.40116498948124285,0,-0.0010240432209405418,-0.18540529104155601,0.4296850579970336,-0.044866001280969112
1,0,4502,176.35982583998529,25.653702823842607,0.40359043036919029,0,-0.00075460954164939303,-0.20355295717945524,0.43252198262701252,-0.040856535232790932
1,0,4503,176.39871867034293,25.768526587870287,0.40586487398240106,0,-0.00050642747057809889,-0.21266332966140739,0.43500458604376646,-0.037171209794162795
1,0,4504,176.43743842383637,25.883472101529396,0.40800090220435703,0,-0.00028969215075488072,-0.2137995167500556,0.43715906689499689,-0.03381773462745797
1,0,4505,176.4759865673432,25.99849610131583,0.41000870043726156,0,-0.0001104130923244477,-0.20820985457050342,0.43902180988242329,-0.030794081303707057
1,0,4506,176.51436462254398,26.113559171270527,0.41189765055323657,0,2.9036734725782555e-05,-0.19728525096325703,0.44063676437846616,-0.028087928185206033
1,0,4507,176.55257415750498,26.228625353202844,0.41367640989760068,0,0.00012923338283602945,-0.18244658676642159,0.44205003771269957,-0.025679140919413961
1,0,4508,176.59061677926857,26.343661835428108,0.4153529745481766,0,0.00019299597990026402,-0.16505601665260289,0.44330569425432176,-0.023542186467972789
1,0,4509,176.62849412730742,26.458638702052159,0.41693236414468982,0,0.00022470945112499328,-0.14635124179594905,0.44444064500817326,-0.021648347574631074
1,0,4510,176.66620786825388,26.573527837083976,0.41842495987588862,0,0.00022969465882017697,-0.12740246014497963,0.4454912637800329,-0.019967648896425928
1,0,4511,176.70375969071992,26.688304431508701,0.4198375943916734,0,0.0002136833694869068,-0.10908614232894463,0.44648419353531876,-0.018470440328178166
1,0,4512,176.74115130008127,26.802946087226463,0.42117634889983291,0,0.00018248281924780407,-0.09206941922333535,0.44743921744039916,-0.017128631512436147
1,0,4513,176.77838071373449,26.917428451468897,0.42244499942626101,0,0.00014136743015418667,-0.076877287334977562,0.44836983929931451,-0.015919070384587838
1,0,4514,176.81545038090806,27.031732920759538,0.42364759465731838,0,9.5465551935016945e-05,-0.063798713464812432,0.44928414258184485,-0.014817369115405906
1,0,4515,176.85236468390943,27.145845824840158,0.42478958621273155,0,4.8943149004062211e-05,-0.052911563860858699,0.45018720112910093,-0.013802399968668404
1,0,4516,176.88912536599614,27.259752580115123,0.42587307210884268,0,4.9749614177530876e-06,-0.044191090515553623,0.45107910718604177,-0.012858613888281726
1,0,4517,176.92573417019426,27.373439447050281,0.42690423970173924,0,-3.4090634001445744e-05,-0.037509321601263357,0.45196220179510133,-0.011973714288593363
1,0,4518,176.96219283704647,27.486894127340669,0.42788964885723085,0,-6.6682988792019017e-05,-0.032663441518429967,0.45283806304479329,-0.011138363338666163
1,0,4519,176.99849971322004,27.600100484008692,0.42883161212655757,0,-9.1752079782083716e-05,-0.02943136334392572,0.45370409809298373,-0.0103466838418817
1,0,4520,177.03465465010561,27.71304533962391,0.4297302993697017,0,-0.00010892973388586641,-0.027525255853193358,0.45455457939107652,-0.0095943923752641914
1,0,4521,177.07066435241754,27.825728949045345,0.43058872591464398,0,-0.00011878305099868668,-0.026608548969490022,0.45538572382104708,-0.0088775157576564644
1,0,4522,177.10653053750741,27.938144187627937,0.43140716515075211,0,-0.00012196319806849926,-0.026409118293084056,0.45619243358062539,-0.0081947639198263495
1,0,4523,177.14225491125228,28.050283441417474,0.43219537243969186,0,-0.00011935577952059266,-0.026678486188591866,0.4569792356261177,-0.0075457208711091706
1,0,4524,177.17783433479627,28.162131474520361,0.43295422407822587,0,-0.00011187499205110528,-0.02720085460949211,0.45774270179801263,-0.0069317274179025766
1,0,4525,177.21327001161094,28.273682174490006,0.43368221358387321,0,-0.00010074300809161438,-0.027776544229213673,0.4584773873399115,-0.0063534427992085968
1,0,4526,177.24856867050678,28.384942041455705,0.43437873682556033,0,-8.7222829085973445e-05,-0.028259457377674109,0.45917976101436719,-0.0058101136960658261
1,0,4527,177.28373196723291,28.49590691729993,0.43505055217785027,0,-7.2328918511461174e-05,-0.028548424843360301,0.45985427593742811,-0.0053020564348724188
1,0,4528,177.3187588012762,28.606567189325986,0.43570239497118524,0,-5.6974798207484837e-05,-0.028569027415249852,0.46050395748266332,-0.0048300687239305976
1,0,4529,177.35364503112584,28.716907360172421,0.43633087714566698,0,-4.2029405182145492e-05,-0.028268168396328605,0.46112442302076123,-0.0043954122771504124
1,0,4530,177.38840055062968,28.826944619592698,0.43693391048344327,0,-2.810129772677474e-05,-0.027655802371302666,0.46171385643558666,-0.0039951932256488626
1,0,4531,177.42302695299765,28.936676795123812,0.43751877392822425,0,-1.5632961068485254e-05,-0.026746043480062473,0.46227956033623002,-0.0036283790035577853
1,0,4532,177.45752040182373,29.046089179995509,0.43808933687905638,0,-5.0302059035889975e-06,-0.025559173490632414,0.4628256767951896,-0.0032949362927129776
1,0,4533,177.49188102819033,29.155177813705084,0.43864127284706123,0,3.5118418377298854e-06,-0.024138897101497046,0.4633489461922729,-0.0029933478781646833
1,0,4534,177.52611701728821,29.26395890733572,0.43917136619540992,0,1.006240527939473e-05,-0.022547691334164285,0.46384757902973472,-0.0027200460348650699
1,0,4535,177.56022989283198,29.372430848453572,0.43969194364114955,0,1.4683677219821672e-05,-0.020835912169059816,0.46433449706834934,-0.0024730128238127434
1,0,4536,177.5942086716891,29.480562360362942,0.44019952265800205,0,1.7346739454743703e-05,-0.019052961654540675,0.46480736818726981,-0.0022523729939045523
1,0,4537,177.62806665923171,29.588384449636344,0.44068837736823652,0,1.844576483143775e-05,-0.017258288237487412,0.46526192042468617,-0.0020534042435111557
1,0,4538,177.66180582486416,29.695898292120642,0.44116715984349414,0,1.8219023842506003e-05,-0.015493639855702689,0.46570734529487617,-0.001873910762451947
1,0,4539,177.69541782586933,29.803078565697454,0.44163792769735821,0,1.6847881688635523e-05,-0.013803810364716616,0.46614653793756944,-0.0017131370264820986
1,0,4540,177.72890985527664,29.909942140707052,0.44209253758104128,0,1.4669566191010073e-05,-0.012219929080956714,0.46657230546504747,-0.0015680112433512712
1,0,4541,177.76228721202807,30.016500043722385,0.4425375772054802,0,1.1968031601070093e-05,-0.010758803955402515,0.46699133102481716,-0.0014362256429982369
1,0,4542,177.79554184953281,30.122727412399509,0.4429775046422631,0,8.9700195245099492e-06,-0.0094466418616256688,0.46740843011111738,-0.0013170313821775058
1,0,4543,177.82867958300812,30.228638562817554,0.44340284044436468,0,5.9023023581511502e-06,-0.0082882117613650528,0.4678145874972186,-0.0012083047011931982
1,0,4544,177.86170664893291,30.334247829682134,0.4438209398715256,0,2.9303697574769281e-06,-0.0072782927753705512,0.46821677105133536,-0.0011083528823690732
1,0,4545,177.894613082451,30.439525163669781,0.44423515416613635,0,2.169524786488904e-07,-0.0064278784589855567,0.46861842097781736,-0.0010168158006383411
1,0,4546,177.92740779563388,30.544494286012227,0.44463522709324627,0,-2.1447478529712575e-06,-0.0057177269512683985,0.46900929680272863,-0.00093213041747597131
1,0,4547,177.96009570233542,30.649166162789228,0.4450321669119745,0,-4.1063783520312026e-06,-0.0051322632548042955,0.4693996637956489,-0.00085334821242622296
1,0,4548,177.99266283050986,30.753499973734758,0.44542441152699236,0,-5.5684521737510592e-06,-0.0046725267687702954,0.46978804082616971,-0.00078055925232751859
1,0,4549,178.02512541220941,30.857540729799123,0.44580314194992737,0,-6.5865038740223225e-06,-0.0043065195793123767,0.47016531700523473,-0.00071249333519128979
1,0,4550,178.05747969171469,30.961274650518703,0.44618301268705995,0,-7.1559871907713295e-06,-0.0040230569540582045,0.47054534168592194,-0.00064899238617713339
1,0,4551,178.08972136412294,31.064689145800102,0.44655365240234263,0,-7.3501652353623426e-06,-0.0038125492971187117,0.47091796284493076,-0.00058993149298654495
1,0,4552,178.12186232018567,31.167816832140435,0.44691814301334343,0,-7.1674474410115754e-06,-0.0036459286688446555,0.47128555546606088,-0.00053465006076085469
1,0,4553,178.1538912443776,31.270623080853362,0.4472826967056478,0,-6.6617244003288746e-06,-0.0035173579287061203,0.47165396417852273,-0.00048341385820086641
1,0,4554,178.18581792854084,31.373136213204479,0.44763501550930224,0,-5.9248017161559619e-06,-0.0034106542765150738,0.47201105857565984,-0.00043575143703934423
1,0,4555,178.21764258210982,31.475354310788092,0.44798935120805078,0,-5.0154166906223639e-06,-0.0033159918650601168,0.4723703194697817,-0.00039157170493664086
1,0,4556,178.2493591676521,31.577259669326953,0.44833580666529693,0,-3.9928140812145482e-06,-0.0032243008458279622,0.47272206295085989,-0.00035099075531791853
1,0,4557,178.28098075926138,31.678889308684152,0.44867842455415186,0,-2.923695356088654e-06,-0.0031290250824273429,0.47307003817342291,-0.00031350184574624744
1,0,4558,178.31249332029915,31.780200609042144,0.44902142051102817,0,-1.8586935602366996e-06,-0.0030242257512418241,0.47341816648855362,-0.00027946998001019682
1,0,4559,178.34391107199318,31.881235699180216,0.44935310903178644,0,-8.4208256207682929e-07,-0.0029080013566192904,0.4737552005408408,-0.00024835083125476158
1,0,4560,178.37522751652767,31.981972759374869,0.4496892629548892,0,1.2857760639407541e-07,-0.0027744633696692657,0.47409615067895677,-0.00022024079079674533
1,0,4561,178.40644536738745,32.082420579109709,0.45001518922393641,0,9.511835493066789e-07,-0.0026306853832436493,0.47442706749421226,-0.0001949364229554869
1,0,4562,178.43756873731141,32.182589459257983,0.45034384488481277,0,1.6246696371507329e-06,-0.0024759664984374701,0.47476036572814828,-0.00017220154857210929
1,0,4563,178.46859053884623,32.282458406111928,0.4506655288182691,0,2.1396221080609148e-06,-0.0023102806051511493,0.47508673973169274,-0.00015206018703353504
1,0,4564,178.49952381608765,32.382065247287791,0.45098657372941658,0,2.5135429206438636e-06,-0.0021373739386503074,0.47541234182988162,-0.00013403424160359482
1,0,4565,178.53035333337047,32.481363813779595,0.4513049549798791,0,2.7262304810016942e-06,-0.0019594594657385373,0.47573527380308578,-0.00011829437421556621
1,0,4566,178.56109726830275,32.580408313914582,0.45161881338939086,0,2.814222191291244e-06,-0.0017803915382364525,0.47605383556991787,-0.00010427956612104549
1,0,4567,178.59174035438173,32.679151569842759,0.45193425936101567,0,2.7696945228459811e-06,-0.0016034309934561395,0.47637395015622513,-9.2109899777280673e-05
1,0,4568,178.62229763288491,32.777639378445777,0.45224183855340183,0,2.6282431869301712e-06,-0.0014312264819794519,0.47668661182077493,-8.1344103091309834e-05
1,0,4569,178.6527580645681,32.875836538025382,0.45255407564008332,0,2.3963691365063558e-06,-0.0012672514241877093,0.47700389604550286,-7.1991439839252756e-05
1,0,4570,178.68313223698937,32.973776119733266,0.45285638582739651,0,2.1061241615069415e-06,-0.0011127400291911201,0.47731185179215496,-6.373999675469512e-05
1,0,4571,178.71341278878452,33.071433613950418,0.45316463714035032,0,1.8008795600196486e-06,-0.00096806105036497368,0.47762569347911099,-5.6536251632338578e-05
1,0,4572,178.74360732561513,33.16883332822286,0.45346315896797496,0,1.4840886770406894e-06,-0.00083550003895491382,0.47793045303775672,-5.0165671648389607e-05
1,0,4573,178.77371071707597,33.265957618031607,0.45376771293727514,0,1.1662872764516924e-06,-0.00071695976187535011,0.47824127229729568,-4.4564224169429244e-05
1,0,4574,178.80372901067278,33.362826069890758,0.45406278039848219,0,8.6090538721599811e-07,-0.00061185490165073736,0.47854327206574443,-3.9578662385614301e-05
1,0,4575,178.83365790723934,33.459423624227988,0.45436397191091882,0,5.794649636650588e-07,-0.00052079607905087654,0.47885142046260037,-3.5152660010263014e-05
1,0,4576,178.86350327347779,33.55576937585036,0.45465584913328716,0,3.2902662711108204e-07,-0.00044244405815202904,0.4791509020310416,-3.1174117883204991e-05
1,0,4577,178.89326028757625,33.651846665171526,0.45495399049154994,0,1.1758270480549309e-07,-0.00037681109413496638,0.47945663925799931,-2.7606049156513525e-05
1,0,4578,178.92293596763437,33.747678221297974,0.45524294138004701,0,-5.4073116686037164e-08,-0.00032194874698786801,0.47975379089881226,-2.4365061113249072e-05
1,0,4579,178.95252365976916,33.843241711597955,0.45553783299125328,0,-1.8087947460402323e-07,-0.00027758502798139206,0.48005684267660176,-2.1436225100903903e-05
1,0,4580,178.98203282192944,33.938567397018893,0.45521714464232538,0,-2.7356920625147398e-07,-0.00024190944452672118,0.47976994514835403,-1.8755082799506183e-05
1,0,4581,179.01145386385986,34.0330728429998,0.44273351972358505,0,-3.837389603526581e-07,-0.00021911061151207606,0.46779672161010011,-1.6320910093913174e-05
1,0,4582,179.04080138327592,34.124077679396329,0.39707238229431174,0,-4.3304263505149145e-07,-0.00019924152621128788,0.42345178456551302,-1.4069963496314654e-05
1,0,4583,179.07006894900223,34.201983682862192,0.34260808317080998,0,-4.4924446170128653e-07,-0.00018529806597276927,0.36941034939003148,-1.2017885068394222e-05
1,0,4584,179.0992810599129,34.268236221522884,0.2902809284402097,0,-4.416603427688315e-07,-0.00017516119064389172,0.3164525567969807,-1.0116041580186864e-05
1,0,4585,179.1284375401365,34.320944660678386,0.24042216562456961,0,-4.0971444750939102e-07,-0.00016848995548115168,0.26479955611759998,-8.3865042634867314e-06
1,0,4586,179.15755712260602,34.362881492207819,0.19252835603854118,0,-3.615784171885126e-07,-0.00016382202153738517,0.21423533356317789,-6.7939623312463006e-06
1,0,4587,179.18664453361401,34.392968145876701,0.14675096238671775,0,-2.9964525858049928e-07,-0.00016057376626381028,0.16487552445318832,-5.3536004381391395e-06
1,0,4588,179.21571160959687,34.412788300473402,0.10283406463027052,0,-2.2947708051551734e-07,-0.00015793146863205806,0.11663569088488397,-4.0470160710884708e-06
1,0,4589,179.24476628055123,34.422231772937202,0.060729790032429669,0,-1.5497794569567423e-07,-0.00015532748117618031,0.06950220040016275,-2.8779769692715168e-06
1,0,4590,179.27381701055845,34.421836298838038,0.020391318597294778,0,-6.5330931266307588e-08,-0.000151026907919487,0.023516759595363243,-1.8411875893109471e-06
1,0,4591,179.30287196003212,34.412133085125561,0,0.018352100770894351,1.9288875077869457e-08,-0.00014634147765725441,0.025950004614257529,-9.306049276205103e-07
1,0,4592,179.33194087981144,34.389682099300792,0,0.054769678303320392,9.2223704568980516e-08,-0.00014103557386621902,0.076206023053503935,-1.5509230269800778e-07
1,0,4593,179.36103236592865,34.354704590502202,0,0.088934761250645894,1.5679990035877048e-07,-0.0001346349444436879,0.12195167941468751,5.0609090588949307e-07
1,0,4594,179.39016261381653,34.305901298173005,0,0.12059418656461665,2.0953637484247687e-07,-0.00012691545681361654,0.16298119627085597,1.0398541223888652e-06
1,0,4595,179.41933434828906,34.246423278307105,0,0.15035389756234444,2.5142153888153935e-07,-0.00011816512568298434,0.20060974390794101,1.4753973314216088e-06
1,0,4596,179.44856774744341,34.174707327334076,0,0.17795749815080908,2.7945663649561757e-07,-0.00010831799202048804,0.23456096925512548,1.8005229615609128e-06
1,0,4597,179.47786112109605,34.093432675572764,0,0.20387999371800919,2.9596990315791303e-07,-9.7745446633208641e-05,0.26577783010520395,2.0424245691897991e-06
1,0,4598,179.50723398565327,34.001678673909204,0,0.22801488493147645,2.9962239236584684e-07,-8.6593981179585851e-05,0.29419194073672156,2.1981147236711456e-06
1,0,4599,179.53668557961208,33.901135300068823,0,0.25062849236999191,2.9270895318236709e-07,-7.5183132379394327e-05,0.32032420659052929,2.2869227678903597e-06
1,0,4600,179.56623230398219,33.791505627001726,0,0.27174684719133246,2.825703629549602e-07,-6.3191865033358216e-05,0.34427585941777911,2.3135462654764484e-06
1,0,4601,179.59587559899887,33.67382384453181,0,0.29150093039552155,2.75399826520799e-07,-5.0665536823532306e-05,0.36631876156399545,2.289724021204279e-06
1,0,4602,179.62562851540821,33.548149751474035,0,0.30999103395737126,2.4723759702599682e-07,-3.9862478898054315e-05,0.38663032715378248,2.2206672521201541e-06
1,0,4603,179.65549456476739,33.415130209569725,0,0.32726960713766928,2.1278134601219507e-07,-2.9730258524667953e-05,0.40534541970300664,2.1179673795652685e-06
1,0,4604,179.68548450368888,33.274967116897784,0,0.34346688844692114,1.7374665371278438e-07,-2.0517662592760773e-05,0.42265788289384121,1.9913008052429512e-06
1,0,4605,179.71560247470825,33.128134451513844,0,0.35859965955593598,1.3195533572182723e-07,-1.2379381063859888e-05,0.4386381648335948,1.8501305561714106e-06
1,0,4606,179.74585921568035,32.974804933940085,0,0.3727949434094554,8.9163135922149128e-08,-5.4904182449181648e-06,0.45345880591358645,1.7029855888763812e-06
1,0,4607,179.77625683364982,32.815450681665219,0,0.38606656459152888,4.6911414593338588e-08,1.0171588999679239e-07,0.46717373184733729,1.5570367902898489e-06
1,0,4608,179.80680947793374,32.650078389711155,0,0.39851211439127115,6.7442980326967652e-09,4.2873580553285876e-06,0.47990887072659516,1.4190523972853232e-06
1,0,4609,179.83751339696036,32.479295725619501,0,0.41017023649686851,-3.0372000236396336e-08,7.1601738505770821e-06,0.49173624204628191,1.2931948645698268e-06
1,0,4610,179.8683906843535,32.30283253210775,0,0.42108394537714289,-7.1175184613562708e-08,7.9681127843821319e-06,0.50271306528900028,1.1849480566182154e-06
1,0,4611,179.89942680306413,32.121544711531655,0,0.4313465601055716,-1.0452576940670386e-07,8.0220424296670445e-06,0.51296215980018589,1.09638914190794e-06
1,0,4612,179.93065738893856,31.934792717541516,0,0.44091448759137336,-1.130249313432745e-07,8.2502559989570933e-06,0.52244482935665015,1.0328464094437301e-06
1,0,4613,179.96205907424925,31.743581221199545,0,0.44995112208337634,-1.1239889183585317e-07,7.7370004514240296e-06,0.53134756839924502,9.8722118477061811e-07
1,0,4614,179.99366382869241,31.547406207392477,0,0.45836342873430436,-1.0228136468484365e-07,6.653917721029903e-06,0.53958335439981975,9.5760452800832831e-07
1,0,4615,180.02546239055968,31.346827857086573,0,0.46632414100513314,-8.4703050244176593e-08,5.3279619239640316e-06,0.54733549298660233,9.3770787386388277e-07
1,0,4616,180.05746440047648,31.141873704822828,0,0.47376212847494747,-6.0872638411897632e-08,3.9951188660744234e-06,0.55454279884488678,9.230006903385658e-07
1,0,4617,180.08968953819831,30.932427374621209,0,0.48075512617802235,-3.2159013466759429e-08,2.9144317084591764e-06,0.5612863500947437,9.0819213228866839e-07
1,0,4618,180.1221232332143,30.719010875317824,0,0.48735565537925762,-5.1371595259758816e-10,2.2451936179680885e-06,0.56762597723127906,8.888572710387762e-07
1,0,4619,180.15479624218608,30.501267760806037,0,0.49351256125002119,3.2764197782288338e-08,2.1941702838725578e-06,0.57351602162741877,8.6000579218613895e-07
1,0,4620,180.18770321659687,30.279533799528107,0,0.49935541447171811,5.6345186561575795e-08,2.0288278503084157e-06,0.57908592677647142,8.1837439294853771e-07
1,0,4621,180.22084328850187,30.053990041203946,0,0.50485088833802227,5.8989796526775e-08,1.1468502396548285e-06,0.58430883407129852,7.644687791459716e-07
1,0,4622,180.25425181333941,29.824263427804766,0,0.50999060545983832,6.4336571719779437e-08,1.5222528469610936e-06,0.58917903589570941,7.0125251056597128e-07
1,0,4623,180.28791482639903,29.590762126815257,0,0.51489004844714248,6.5097144951583822e-08,2.2051047027611681e-06,0.59380936032099507,6.3172049432807041e-07
1,0,4624,180.32183765914903,29.353540750742241,0,0.51950727980360878,6.1710018077167296e-08,3.0761837483287544e-06,0.59816334082777622,5.580052456098244e-07
1,0,4625,180.35604913932113,29.11234472070527,0,0.52383768649907669,5.4493953765634312e-08,4.0124282851765012e-06,0.60223847861560975,4.8242266774769905e-07
1,0,4626,180.39054831630108,28.867347111716526,0,0.52796089662645784,4.4357287384892453e-08,4.8811562263049321e-06,0.60611118684202103,4.0777780351339253e-07
1,0,4627,180.42533663040385,28.618652050156815,0,0.53189254497084093,3.2126509631863834e-08,5.5823384079615382e-06,0.60979772925324038,3.3642989458480509e-07
1,0,4628,180.46042472300789,28.366226037351669,0,0.53559771914541154,1.8541609419761219e-08,6.0330250772204224e-06,0.61326756215223843,2.7057365837709849e-07
1,0,4629,180.49584524660051,28.109795621347789,0,0.53910051810514814,4.3525801225608676e-09,6.1459092659957354e-06,0.61654384593341816,2.1282497668804782e-07
1,0,4630,180.53158947584723,27.849583391059952,0,0.54244920172783506,2.721578090999783e-09,6.934534672777538e-06,0.61967250424270082,1.6437604523816917e-07
1,0,4631,180.56766718705811,27.585572272984681,0,0.54567992919353614,4.1167255556020798e-09,7.3207897531842625e-06,0.622687354239161,1.2402496255721702e-07
1,0,4632,180.60409085099482,27.317694584296166,0,0.54875063959215942,-1.5475840248014316e-09,6.8400301980594289e-06,0.62555094541103962,8.9373528515264196e-08
1,0,4633,180.64087350981444,27.04589283766267,0,0.55167728347789358,-6.9931756238579617e-09,6.2069869541884089e-06,0.62827866797173049,6.0648776839634099e-08
1,0,4634,180.67803973661375,26.769986250319565,0,0.55447765733107957,-1.2039983162340963e-08,5.4321410163161209e-06,0.63088727933776378,3.8305449828768037e-08
1,0,4635,180.71559595747203,26.48998670158613,0,0.5571773918043349,-1.6569813576644051e-08,4.5394873296378908e-06,0.63340068219766554,2.2255437092792804e-08
1,0,4636,180.75355217523662,26.205858381339372,0,0.55978742480663779,-2.0513851333561922e-08,3.5551071302921276e-06,0.63582927915520904,1.2266614641260538e-08
1,0,4637,180.79192387665333,25.917504271498167,0,0.56231675926013258,-2.3841051413634889e-08,2.5064141801518625e-06,0.63818159200874569,8.0145303085014994e-09
1,0,4638,180.83072731131591,25.624816798703865,0,0.56477758915079679,-2.656078460598578e-08,1.4223510124397436e-06,0.64046893878535438,9.0280239739767135e-09
1,0,4639,180.86997954594685,25.327675729194016,0,0.56717831818891995,-2.8717843471603814e-08,3.3171763090023248e-07,0.64269916168369234,1.4720366266235208e-08
1,0,4640,180.909698523575,25.025948992079268,0,0.56951858734766536,-2.0038352582756441e-08,1.1956515903495821e-07,0.64487225256306691,2.4408706904698619e-08
1,0,4641,180.94990312320917,24.719497117066993,0,0.57180765193040972,-7.0358274118570845e-09,5.3369708228809009e-09,0.64699668143918121,3.5367114269017728e-08
1,0,4642,180.99061322408301,24.408168134656311,0,0.57405337057736372,-5.4423840272109533e-09,-7.8211347070619291e-07,0.64907972111861933,4.4459582475760104e-08
1,0,4643,181.03184977883473,24.091797009204221,0,0.5762814674939799,-5.7018463999708818e-09,-1.3568738008633601e-06,0.65114442260042427,5.1715451231158215e-08
1,0,4644,181.07363490123356,23.770196820578423,0,0.57849133937516239,-7.5984515518297786e-09,-1.791646884766015e-06,0.65319032868402771,5.7606171064855802e-08
1,0,4645,181.11599195600101,23.443171734466777,0,0.58069376293564534,-1.0838608507702785e-08,-2.1530366255563517e-06,0.65522708820082187,6.2767731925495409e-08
1,0,4646,181.15894564940288,23.110511263942008,0,0.58290076685352454,-1.5087452522656485e-08,-2.4966055747058576e-06,0.65726540430770419,6.7897632389864336e-08
1,0,4647,181.20253940912076,22.771827467670324,0,0.58512066757356429,-2.0011758341640571e-08,-2.8651608093922137e-06,0.65931257278266342,7.3695153798741003e-08
1,0,4648,181.24679611781639,22.42692058644894,0,0.58732707033709497,-2.526840084098273e-08,-3.285106195046925e-06,0.66134527024997625,8.0738002936066657e-08
1,0,4649,181.29173852637589,22.0755923176051,0,0.58953946241455546,-3.0573747260208245e-08,-3.766137631666792e-06,0.66338076919167921,8.9411530923750213e-08
1,0,4650,181.33739835898797,21.717544966092767,0,0.59184023828810672,-3.5710729559590805e-08,-4.3052658261970161e-06,0.66549162239179926,9.9919770538190795e-08
1,0,4651,181.38384097863394,21.349345862869676,0,0.59363246788472435,0.042402291443476584,2.5601486319306779,0.86650374621926063,-0.0044938857603257464
1,0,4652,181.43111210918153,20.972853906121326,0,0.59527409140519061,0.033726257424853544,1.996917490493906,0.77813501283398989,-0.015918280255392891
1,0,4653,181.47922475665496,20.590877457067329,0,0.5975377234210929,0.018820491786109665,1.4528582766963285,0.72159090177755159,-0.029743474053473426
1,0,4654,181.52827271000945,20.201486244854614,0,0.60012470113856542,-0.00057705221478238208,0.75611377730331564,0.70170256766379502,-0.042001365700698241
1,0,4655,181.57824369448079,19.8032845903642,0,0.60286241524152451,-0.022205479419544757,-0.069533244580830336,0.71237634631022084,-0.049480423317689724
1,0,4656,181.62925652989568,19.393619480210873,0,0.60538882070898981,-0.044481004333875973,-1.159374804347044,0.79427729424517191,-0.049118350030675745
1,0,4657,181.68133957723111,18.971080604537214,0,0.60760011996398,-0.066265386100260837,-2.5716439210403883,0.9048076637228929,-0.039485308969177339
1,0,4658,181.73465815998281,18.53256967940996,0,0.60900226871009577,-0.0869621930498298,-4.133509800709013,1,-0.019266032569648744
1,0,4659,181.78930226883205,18.086346908459468,0,0.61152598499645072,-0.10665946385156397,-5.424822745274251,1.0000000000000002,0.011406984063310619
1,0,4660,181.84536962008914,17.654876601921849,0,0.51016482857271817,-0.1048604644356337,-5.8107307047065726,0.96386728262440091,0.053041901390851742
1,0,4661,181.90271963292605,17.290554991034313,0,0.39130440382400689,-0.046691928817143673,-4.9437773522174897,0.89025466753270088,0.098825117997381265
1,0,4662,181.96116652226149,16.999608522079317,0,0.28796011001131544,-0.043227128509018845,-5.8105673884499556,0.87657616767935032,0.13623600315396481
1,0,4663,182.02053948315032,16.772185628880049,0,0.22152320594271779,-0.044019536042350968,-6.2952445308902476,0.85812257284247628,0.16497596140041393
1,0,4664,182.08070563006839,16.570548467570003,0,0.24788223816401739,-0.048605136708460131,-6.5599480522882727,0.88594517000809092,0.18628914735397145
1,0,4665,182.14172657312727,16.332071144511666,0,0.29293028817983158,-0.056381947409531133,-6.7750196449412385,0.93150323539321567,0.20222606487212252
1,0,4666,182.20378911861388,16.052639165910136,0,0.33276887890061502,-0.066661438601141182,-7.0047271889192526,0.99015479603006784,0.21504729054594798
1,0,4667,182.26709101395926,15.735644594228125,0,0.36836965429978891,-0.0788025605255393,-7.147538728820015,1,0.22687796548291128
1,0,4668,182.33182424591607,15.388838233187068,0,0.40169383656312191,-0.092446484519638494,-7.3345355148887323,1,0.23991086964798281
1,0,4669,182.39818796866496,15.012163296903021,0,0.43314927274724757,-0.10737496935751593,-7.5718079980382029,1,0.25623574768465551
1,0,4670,182.46644075731106,14.62593151227115,0,0.33794060218193733,-0.11077417217306067,-7.8964022517883938,1,0.27766246794714994
1,0,4671,182.53621677383558,14.317625832347915,0,0.22271818389327533,-0.079619140631218152,-7.610368182992393,0.99999999999999989,0.3000436723264619
1,0,4672,182.60725877832462,14.101318785165983,0,0.12696075324057804,-0.070189925493219243,-7.5692639725219726,0.97205258534155392,0.31441485990732376
1,0,4673,182.67918791467281,13.966814485977805,0,0.048567977161780435,-0.062934277105343508,-7.3891963767133424,0.92687273994878971,0.3192873357962116
1,0,4674,182.75163403255453,13.903511921645226,0.014635864804146458,0,-0.05899084738103047,-7.0854309636850292,0.8673793048790247,0.31453633295546451
1,0,4675,182.8242715063283,13.886860603534316,0.06761145208591951,0,-0.058577816485387575,-6.696192373091689,0.79779890691324107,0.30188625730532226
1,0,4676,182.89690046977498,13.900019254221212,0.093873830917609521,0,-0.061406635361948611,-6.3284003577154149,0.72593371654906946,0.28376413999636346
1,0,4677,182.96941257850713,13.917934457798612,0.052734396836992513,0,-0.066766502525383298,-6.0825394868812577,0.70468527508573831,0.26309515634317276
1,0,4678,183.04188088730334,13.905637867692928,0,0.0074062512868959991,-0.073808280550008237,-6.0095585470385089,0.70693949350195828,0.2424829007101679
1,0,4679,183.11450570288471,13.846646187541644,0,0.067154847463776354,-0.08194432948735686,-6.0901275733389468,0.73033142272549068,0.22381442688025177
1,0,4680,183.18754051143668,13.756667283265879,0,0.02546385322347041,-0.079288755168995612,-5.7232592576545303,0.71166868329387023,0.20818871125253499
1,0,4681,183.26075307871909,13.726047327923121,0.031546685878820299,0,-0.060913578866044288,-5.2379953596463329,0.61929898623505575,0.19451759794777862
1,0,4682,183.33399255402676,13.73037938443044,0.080653369807032652,0,-0.064103243003644714,-5.4371711781453929,0.60366166242170538,0.18012482619263562
1,0,4683,183.40713645348316,13.756874730266491,0.10129709756065204,0,-0.070443689707086407,-5.5644550604702658,0.6522370990238987,0.16552200087260474
1,0,4684,183.48012863090653,13.776639898634532,0.02406192644254292,1.5727960843013569e-05,-0.078971055772053808,-5.7767431100004201,0.69724035565420939,0.15205875046632089
1,0,4685,183.55316699549232,13.732112212111286,0,0.069708622720020014,-0.089017981234220639,-6.0732592084183112,0.74423173405037746,0.14107777255064641
1,0,4686,183.62667187191809,13.602540082144714,0,0.1505577113416785,-0.10016731218420748,-6.4563565175540099,0.82607374164064562,0.13340050769585518
1,0,4687,183.70110860230031,13.393834972295245,0,0.21954021769809906,-0.11229952780499911,-6.8890655937424219,0.92060472033315055,0.12945070826973262
1,0,4688,183.77696918061085,13.112094241544101,0,0.27464813635598379,-0.12538689279200377,-7.3158180020899657,0.99885436526155003,0.12934655232288569
1,0,4689,183.85471626276322,12.770816930216574,0,0.31644899903826007,-0.13949193621530567,-7.5948476781032817,1.0000000000000002,0.1330104743826232
1,0,4690,183.93474453814468,12.412677156014681,0,0.23976674835303441,-0.15495376405669659,-8.1479735950709298,1,0.14078511570130428
1,0,4691,184.01683853496178,12.143882838117877,0,0.12988849681434261,-0.12535261497143058,-7.7594353401469718,0.98085422892597907,0.14915254959441063
1,0,4692,184.10032379355829,11.991207395716573,0,0.039233572208749741,-0.10731426782798252,-7.4429032511913036,0.94282479435422362,0.1513410243786027
1,0,4693,184.18449032908708,11.932935722269603,0.031045986880690022,0,-0.092529222364831284,-6.9980336922048467,0.88887476211847904,0.14450250629169384
1,0,4694,184.26879338319395,11.93112174876781,0.088644805941794871,0,-0.08281834599198111,-6.44198276364523,0.80950650372252386,0.12873278281018871
1,0,4695,184.35288983627299,11.970860548802932,0.13663849047433838,0,-0.078333831506938359,-5.866690287386704,0.71652125836903791,0.10624929357183473
1,0,4696,184.43650987822704,12.043991851616363,0.17674318519173429,0,-0.078193783167136099,-5.4105261721802824,0.64246066641807531,0.080377589832268115
1,0,4697,184.51946387327737,12.134119053051416,0.1627376536838766,0,-0.081276024748403453,-5.1811969374959821,0.58205987430192818,0.054407560327308167
1,0,4698,184.60179243153985,12.193849379357745,0.062304223108390719,0,-0.086710180479580526,-5.1929193798976563,0.58877709044026239,0.030733303575138825
1,0,4699,184.68389948457207,12.175060453571714,0,0.048555314752700571,-0.094016116216759177,-5.3577275100081181,0.60919496225888969,0.010497347535645523
1,0,4700,184.76641304232891,12.052100425288774,0,0.14438081485115101,-0.11063003748969548,-5.9228392707168167,0.75457878013911017,-0.0060321039834895377
1,0,4701,184.8500241788025,11.864182293967243,0,0.085422853986807989,-0.12391590895335029,-6.247131381578221,0.75110587383134331,-0.01825264138825259
1,0,4702,184.93462115925396,11.768504533322487,0,0.0058732061582887629,-0.11357682894175342,-5.9710145992995036,0.68540922611892674,-0.02756136096322629
1,0,4703,185.01958300681892,11.748586478427217,0.057007761088826304,0,-0.10128904974555196,-5.678714492009413,0.67870727798385777,-0.036514531599997201
1,0,4704,185.10449945758052,11.773183568147823,0.10957781201565435,0,-0.089821412979183682,-5.3546300991797828,0.65329125630265839,-0.046640077874937659
1,0,4705,185.18908453998671,11.833537410277998,0.15368504343414194,0,-0.080331166632041928,-4.9843733515555249,0.61543890159005155,-0.058364301493919066
1,0,4706,185.27312313495017,11.916056266705969,0.15415721627862677,0,-0.072986304697164495,-4.6063500540716946,0.55976620186177251,-0.071242180453681553
1,0,4707,185.35659822510925,11.97734181498816,0.055100632070129475,0,-0.067454426462183192,-4.2601083898383614,0.48027228950563883,-0.084405155419835634
1,0,4708,185.43988108432512,11.96018231262633,0,0.058568565341308255,-0.063236302719218124,-3.9308077368011181,0.44851397522179709,-0.097097578787651073
1,0,4709,185.52364036717276,11.835014521769182,0,0.15684263447461738,-0.060029560607399599,-3.632756526899632,0.44934049333710102,-0.10886354716138393
1,0,4710,185.60863256589812,11.607318141853607,0,0.24192562096810319,-0.099773515510288097,-4.8139876769447163,0.69518656275191548,-0.11948115259118001
1,0,4711,185.69538320740338,11.301690560855814,0,0.15712031160326212,-0.14965728466904898,-6.205319225030939,0.92005401872233139,-0.12217325437827389
1,0,4712,185.78413244136931,11.126212098003242,0,0.056470402343931789,-0.12444671239599153,-5.215626010780694,0.60267313928763544,-0.12052367566508691
1,0,4713,185.87388844085245,11.071121243310916,0.018176621953803644,0,-0.090600094202262282,-4.1899960189060339,0.57965571946928329,-0.11973568098361936
1,0,4714,185.96388100014207,11.084225057124531,0.077419737612630282,0,-0.057182449893897279,-3.1210707695837305,0.49135216575072604,-0.12216243796826549
1,0,4715,186.05367791546834,11.140009184962322,0.12650108897764559,0,-0.027622640526995687,-1.8964782193597156,0.3688341232040323,-0.12825919746137449
1,0,4716,186.14297947560456,11.229065564816462,0.16742414690963506,0,-0.0019182209961281986,-0.61317635532550407,0.26751784326841077,-0.1365004303071555
1,0,4717,186.2315602650138,11.344205253533255,0.2017340490388812,0,0.021253566401960355,0.63238792272501543,0.24062416280665638,-0.14460539830935087
1,0,4718,186.31927901988891,11.478909778820935,0.2308296395886455,0,0.043480650021526138,1.8131223322343797,0.3482125189929709,-0.1508201530813657
1,0,4719,186.40601870000987,11.628188768279044,0.25579380116081513,0,0.066055585704912434,2.9338143335651634,0.48323033907952578,-0.15437068130922846
1,0,4720,186.49171794191514,11.787045810496496,0.27770179140133527,0,0.043651796439662556,0.94035364610748617,0.60499648528253158,-0.15560938077560668
1,0,4721,186.57593669721447,11.966248242796974,0.29446852247111649,0,-0.0010224826928289111,0.31410913477513785,0.3710681629625176,-0.15457109430410479
1,0,4722,186.65885093752721,12.153121785888121,0.30869065686339414,0,-0.0067865031718255574,0.30811248776210182,0.34826731909659897,-0.1501773461970797
1,0,4723,186.74047769503736,12.345917044692106,0.32077361354888007,0,-0.0082995045267040927,-0.037185150937607117,0.34610617693878065,-0.1421168915202991
1,0,4724,186.82082364343913,12.543053389040901,0.33108535503913472,0,-0.0083694035491167235,-0.2746484201897002,0.35997194443768199,-0.13260217793692133
1,0,4725,186.89990862124546,12.743181264772907,0.33994347696211014,0,-0.0080507794309580671,-0.39599955797417269,0.3718307575370155,-0.1231099136144346
1,0,4726,186.9777491051654,12.945305129631274,0.34758778038000032,0,-0.0077199874201228881,-0.45464639929214612,0.38109538754074135,-0.11427033876016723
1,0,4727,187.0543789534924,13.148626952541482,0.35421809415182193,0,-0.0074958520201455717,-0.48529207207492558,0.3885581573000006,-0.10625158617361299
1,0,4728,187.12983283323223,13.352520305896793,0.3599959732165865,0,-0.0073983876588116244,-0.50582791553715767,0.39485433909138684,-0.099023006041665945
1,0,4729,187.20414802992997,13.556488781813941,0.36505418192022449,0,-0.0074130631639850141,-0.524811651915571,0.40037059779184614,-0.092483951715938165
1,0,4730,187.27735249370178,13.76013534512418,0.36950330818950067,0,-0.01082747190629264,-0.81814855826272703,0.41038634336689572,-0.086525953686667073
1,0,4731,187.34946991841869,13.962946201253118,0.3734748319595072,0,-0.010201121676921063,-0.67301266560848361,0.41244479182439364,-0.081034633018161717
1,0,4732,187.42056732415023,14.165046596234516,0.37696956120593184,0,-0.0082642441041271691,-0.60104249604686777,0.41530963384737724,-0.075838810895993383
1,0,4733,187.49064604429901,14.36611903635011,0.38007909395447853,0,-0.0061045770286591314,-0.53187656151050977,0.41709029956615101,-0.071042812449222004
1,0,4734,187.55977493939022,14.566016730024547,0.38285309964453845,0,-0.0039767562200367871,-0.43913654507869754,0.41750661019931312,-0.066774038428650928
1,0,4735,187.62794909930761,14.764563488171611,0.38534972425765551,0,-0.0019751794778232945,-0.32399724337287933,0.4169826861562011,-0.063104568821181081
1,0,4736,187.69522941843411,14.961703036023046,0.38760074019132223,0,-0.00011400256493726416,-0.19425065457813323,0.41599768402611764,-0.059987602090115826
1,0,4737,187.76163641961608,15.157343904952775,0.38964111611108065,0,0.0016194735045741409,-0.056000909864362673,0.41487060509001183,-0.057361929086356657
1,0,4738,187.82718704224737,15.351407656540035,0.39151243721695234,0,0.0032505980629459938,0.087343332672954438,0.416937329521745,-0.055157641732062931
1,0,4739,187.89192490543121,15.543880124001204,0.39322682835391448,0,0.0048101164928141009,0.2338779737845082,0.42128069308101512,-0.053301674638061645
1,0,4740,187.95587423838614,15.734724528193688,0.39481033638681517,0,0.0020404740790132595,0.015285061657900469,0.42115127657853302,-0.051746897352335473
1,0,4741,188.01905238887312,15.924000778589154,0.39626618442625205,0,-0.00011911269086073802,0.04992981963788877,0.42130104591631667,-0.05018114710432818
1,0,4742,188.08148169675221,16.111644221513743,0.39761906498619354,0,-0.00076064228972027128,0.061602575880155851,0.42267996385296541,-0.048198751592995172
1,0,4743,188.14318980956165,16.297674011941908,0.39888269897973183,0,-0.0010109224142300849,0.033078481477536371,0.42324485957101499,-0.045793080881181551
1,0,4744,188.20420189315001,16.482109844885283,0.40006603819316439,0,-0.001021454466256941,-0.00060263356721103984,0.42379333309537121,-0.043121388852984326
1,0,4745,188.26453884796058,16.664965251899762,0.40117734455942555,0,-0.00089487464327018466,-0.026632357606352915,0.42532239215224604,-0.040353768144762721
1,0,4746,188.32422089780451,16.846257344781204,0.40222451264919024,0,-0.00069994991497930928,-0.041757417620847281,0.42665430468292814,-0.037625615218551657
1,0,4747,188.38326760439415,17.026006714783392,0.40321496161222803,0,-0.00048046495654988032,-0.046768072525290756,0.42774211541451579,-0.035027583146446696
1,0,4748,188.44169787866088,17.204236667498893,0.40415568255762796,0,-0.00026235419857882939,-0.043740065429458477,0.4286227807397352,-0.032611098712610115
1,0,4749,188.49952833562432,17.380968356650044,0.40505299064229128,0,-5.9351677101203517e-05,-0.034886462050727311,0.42934454816412687,-0.030398808988076047
1,0,4750,188.55677034057959,17.556212647136107,0.40590946861007909,0,-0.000141305895589176,-0.045134242966973666,0.43037873418020245,-0.028395121985494032
1,0,4751,188.61344689666095,17.730011715568835,0.40672883315744207,0,-0.000197715420809655,-0.039038865665132982,0.43107490629873541,-0.026563746140719036
1,0,4752,188.66957470455083,17.902395451946511,0.40751383680731673,0,-0.00020533764677279997,-0.033506241048428052,0.43175122935921056,-0.024858089208233344
1,0,4753,188.7251697478311,18.073393398170307,0.40826248225110645,0,-0.00020589635271731156,-0.030625808696002756,0.43244282284903496,-0.023257795661468281
1,0,4754,188.78024744259892,18.243032803605004,0.40899007587350461,0,-0.00020117210512667644,-0.029075540967921691,0.43313919144862068,-0.021751782885362943
1,0,4755,188.83480529280484,18.411297107586702,0.4096958960493895,0,-0.00019263807755165953,-0.028143076705342183,0.43382601960727196,-0.020336413063219424
1,0,4756,188.88887287660566,18.578256514141756,0.41037604347867324,0,-0.00018176732387943217,-0.027423492538766213,0.43449180105855933,-0.019004483831161694
1,0,4757,188.94246496026844,18.743943649441526,0.4110275989981832,0,-0.00016962105849221241,-0.026730136527399175,0.43513014625177315,-0.017752156684117538
1,0,4758,188.99558054421098,18.908345200806842,0.41167187431125857,0,-0.00015701802041160018,-0.025974762129868059,0.43576006362400566,-0.016578260873970921
1,0,4759,189.04823781948554,19.071505571778804,0.41229302856920336,0,-0.00014458515437596023,-0.025130241076534762,0.43636566801023463,-0.015478256660037742
1,0,4760,189.10045752705835,19.233475998454733,0.41289466266254943,0,-0.00013270667901359848,-0.024202575761431283,0.43695059276625342,-0.01444710302445221
1,0,4761,189.15222698661978,19.394213793187781,0.41348957249451884,0,-0.00012161667227526949,-0.023204006719404285,0.43752749655742784,-0.013484692595542438
1,0,4762,189.2035804107924,19.55380986818847,0.41405915502861368,0,-0.0001114964477807908,-0.022170296495024205,0.43807904288403493,-0.012583626410064094
1,0,4763,189.25451337987161,19.71224585690543,0.41462809247327015,0,-0.00010234936239086569,-0.021119754413238594,0.43862953513365943,-0.011742264338417503
1,0,4764,189.30504200831245,19.869563181959197,0.41517380330895354,0,-9.412106254733194e-05,-0.020074587874603447,0.43915751801051589,-0.010955956472831303
1,0,4765,189.3551733806944,20.025777005832779,0.41571865410709968,0,-8.6741359907698711e-05,-0.019051739747270171,0.43968501248299929,-0.010221446584901197
1,0,4766,189.40491630955231,20.180908575523869,0.41624273389849942,0,-8.0116312621773049e-05,-0.018063726414802687,0.44019296935456037,-0.009535313783316797
1,0,4767,189.45427911069939,20.334977461939832,0.41676768772304673,0,-7.4148824028412246e-05,-0.017118585923631514,0.44070252670341348,-0.0088943821502101839
1,0,4768,189.50327319702811,20.488013032666139,0.41727196467705652,0,-6.8740119996123155e-05,-0.016220381073947007,0.44119289028239422,-0.0082952710972972899
1,0,4769,189.55189869709741,20.640011970731486,0.41777991858879104,0,-6.3816954704625387e-05,-0.015371718768965667,0.44168770480233105,-0.0077360342421267268
1,0,4770,189.60017870174252,20.79103802165293,0.41826872852240993,0,-5.9289221596086818e-05,-0.014570028982921843,0.4421648273869147,-0.0072124594135920643
1,0,4771,189.6480965214341,20.941039856882036,0.41875527352321334,0,-5.5118860247640439e-05,-0.013816095999869887,0.44264061777606478,-0.0067245327420247811
1,0,4772,189.69568244074182,21.090102399258431,0.41923552510241718,0,-5.1203699048049492e-05,-0.013102168002380453,0.44311103435654325,-0.006267763336081077
1,0,4773,189.74293345688906,21.238213834509814,0.41970171153012464,0,-4.7546105404241042e-05,-0.012428454947038913,0.44356856101260705,-0.0058410346664853089
1,0,4774,189.78985216850728,21.385379604117436,0.42017209344409173,0,-4.4124348707915909e-05,-0.011791695076724363,0.44403080888653174,-0.0054427562295048543
1,0,4775,189.83645677560526,21.53165120398933,0.42062958473082601,0,-4.0912052566886171e-05,-0.011187321517964748,0.44448116244511532,-0.0050701618303564348
1,0,4776,189.88274459199906,21.677017022205533,0.42107758911726317,0,-3.7901284073444064e-05,-0.01061335142688846,0.4449228795486892,-0.0047223177524326979
1,0,4777,189.92871951217734,21.821487181351909,0.42152785539231791,0,-3.5082301947495368e-05,-0.010067441045314139,0.44536728110663543,-0.0043978021692518913
1,0,4778,189.97439687608176,21.965105133261073,0.42197167298968824,0,-3.2440400359005776e-05,-0.0095466714498593404,0.44580588989793574,-0.0040944657749470061
1,0,4779,190.0197833224353,22.104096640329178,0.37021362854155698,0,-2.9967835983302419e-05,-0.0090502681964058588,0.39524329012656445,-0.0038110334901072128
1,0,4780,190.06489877937744,22.219065997198825,0.29265557985104235,0,-2.7669929303625374e-05,-0.0085802513884501354,0.31740745515965396,-0.0035471484709716401
1,0,4781,190.10981288193105,22.305423942161308,0.21590902352906233,0,-2.556612966705611e-05,-0.0081324381344870453,0.23792609287125721,-0.003300720043023083
1,0,4782,190.15458265297812,22.364597474545839,0.14382509371739585,0,-2.3575336266560729e-05,-0.0076957660358683228,0.16093053071197636,-0.0030706624440829393
1,0,4783,190.19926024864429,22.398390121736057,0.076012371045573221,0,-2.1711409766657803e-05,-0.0072691059465034612,0.086322839252009564,-0.0028560049855860742
1,0,4784,190.2438940122062,22.407508475482516,0.014196733681744508,0.0019180621478111963,-1.9976126704129502e-05,-0.0068506590780937964,0.019088376034494633,-0.0026563752884735748
1,0,4785,190.2885339335314,22.391739663502641,0,0.047309078609964458,-1.8364916935460207e-05,-0.006434691460420988,0.066512982926923675,-0.0024704066804387627
1,0,4786,190.33323610453439,22.344272145443913,0,0.10144528048249432,-1.6880362989461349e-05,-0.0060285290245376058,0.13924227924318569,-0.0022971660871256867
1,0,4787,190.37806218521874,22.266627392895572,0,0.1505074316230241,-1.5525609501276257e-05,-0.0056313944776889072,0.20215879617502128,-0.002135867955357727
1,0,4788,190.42307713567621,22.160566399637943,0,0.1948981198408607,-1.430324154086744e-05,-0.0052424409137743367,0.25673372736997968,-0.001986092391151681
1,0,4789,190.46833669402633,22.02866837990349,0,0.23512181528052703,-1.3206730966553579e-05,-0.0048622552619436571,0.30439964030907102,-0.0018469822838213434
1,0,4790,190.5138886175578,21.87332879543424,0,0.27171842214447145,-0.00059405381376030782,-0.053818855859640004,0.34743103082415877,-0.0017165507189914665
1,0,4791,190.55978233388404,21.696136147396572,0,0.30510381283803362,-0.00078878498546248587,-0.055551431553039016,0.38470377354730689,-0.0015155642060989323
1,0,4792,190.60609096935633,21.497354445522259,0,0.33540289784988847,-0.00057475282524128968,-0.042352182977165517,0.41733517153539107,-0.0012147455393135482
1,0,4793,190.65284363978105,21.279306474581411,0,0.36303507013839809,-0.00025475184451328168,-0.031318057665613012,0.44645034344212031,-0.0008895053341418822
1,0,4794,190.7000869966844,21.043013415785918,0,0.38838608372827843,0.000130734886031392,-0.017093209106291453,0.47252586058313795,-0.00060956531185103009
1,0,4795,190.74790795115561,20.788159820378187,0,0.41145791799214398,0.00054723042272162648,0.0037825049639605562,0.49578779321854233,-0.00044516895892537218
1,0,4796,190.79632143105971,20.516639152896925,0,0.43263371740876511,0.00096402962425462166,0.031914262548604515,0.51774771403970465,-0.00043447931542692382
1,0,4797,190.8454080337695,20.228273221960034,0,0.4520975527091749,0.0013602460601755146,0.067053949275474159,0.53792865173017201,-0.00060950030330291232
1,0,4798,190.89521580199204,19.923714742476168,0,0.46992956942235864,0.0017231917439609879,0.10744981181314388,0.55644642305992131,-0.00097264974392629558
1,0,4799,190.94581408536365,19.603083672487934,0,0.48643935665088955,0.0020465498193289809,0.1508555138811955,0.57360651928548212,-0.0015123041266821326
1,0,4800,190.99726011684004,19.266665214214616,0,0.50164469846321391,-0.051737401197535247,-3.1480805543748018,0.92962167087214331,-0.0021962578050759101
1,0,4801,191.04966351838397,18.905093836771243,0,0.51394699415416645,-0.055133343918258561,-2.8931353525303822,0.83538546030111882,0.0025864124877035973
1,0,4802,191.10308516139369,18.532413225552741,0,0.52632105031380638,-0.039443277885965314,-2.2392277006669117,0.71501859169242676,0.014647347194917431
1,0,4803,191.15761967434196,18.147181662415253,0,0.53854248696027429,-0.016085638142890279,-1.4389447273735465,0.66191789009138291,0.028640956041420255
1,0,4804,191.21334826519717,17.746272525039252,0,0.55033037424123288,0.011442575640353003,-0.49401700465919385,0.67044471203158973,0.03947292178827698
1,0,4805,191.27035366180002,17.326641272624478,0,0.56128678596919412,0.040276402694274391,0.68226254959306865,0.73895211036207964,0.043320372265045169
1,0,4806,191.32877558766475,16.885211844115847,0,0.57109237924855527,0.068670492818656059,2.2528967462530742,0.86759647265381001,0.037482792303020984
1,0,4807,191.38879513314822,16.418666626226987,0,0.57943329940722521,0.095894437256835802,4.0811345166811659,0.99998980929149395,0.020821983374165968
1,0,4808,191.45062782825417,15.933007545368135,0,0.58792819127822815,0.12218205312563779,5.536096219233368,1,-0.0065881293697985137
1,0,4809,191.5144827122682,15.440597860488928,0,0.59955703658814674,0.14856343522782794,6.5393374800270436,0.99999999999999989,-0.045276266963608557
1,0,4810,191.58057490250613,14.955910109866535,0,0.48019781816888912,0.17269207362583402,7.5478957913202809,1,-0.096911915053236083
1,0,4811,191.64863596561875,14.555555370626587,0,0.34497017692947429,0.07294789257480358,6.1976608793821244,1,-0.14910132988654656
1,0,4812,191.71835750769344,14.250495410736562,0,0.22996561237279503,0.063857381266663127,6.7904850055323207,0.97837171638428366,-0.18859036892837228
1,0,4813,191.78942507224806,14.036320319323167,0,0.13422869463738671,0.060024898175799299,6.9732725633369723,0.92130580554054919,-0.21410831656962484
1,0,4814,191.86142142123768,13.901471378283963,0,0.055409421202370579,0.06134317489023855,6.9435075985300081,0.85500918848267293,-0.22690384191286356
1,0,4815,191.9340015904333,13.834992324193671,0.0062326488299827678,0.0017514221753058509,0.067547155206803156,6.8169994643701131,0.78438702652073233,-0.22917673058103266
1,0,4816,192.00688804496983,13.788536043159622,0,0.059150055797512438,0.077711536341146831,6.7114500881369912,0.79440048195611457,-0.22472723878989562
1,0,4817,192.0802496924137,13.666928391531854,0,0.14069312944625759,0.090673966499386222,6.7701377213284708,0.85347232493523206,-0.21740779850273839
1,0,4818,192.15454681365051,13.465661609607414,0,0.21081191084648254,0.10541043903687972,6.9971374606276893,0.9335676200456603,-0.21031866278271799
1,0,4819,192.23021834312468,13.191255792907945,0,0.27145513206655231,0.12108367837959723,7.3066600139213218,0.99999999999999989,-0.20544437137415364
1,0,4820,192.30767387655132,12.889313578249778,0,0.18717847928658871,0.12387831937416352,7.337123394969904,0.95863841691779395,-0.20382075537028063
1,0,4821,192.38651145580107,12.696442630093511,0,0.090738382960595373,0.094610178895530875,6.7042865960506512,0.86680742330460225,-0.20173226347241902
1,0,4822,192.46619563715171,12.597201372406424,0,0.014361019388563455,0.084646591544212821,6.5473338459135828,0.81858791214700977,-0.19453927960396519
1,0,4823,192.54623277826994,12.567383740726694,0.046883430634942977,0,0.078280740627770157,6.2256803222142683,0.75605104738931783,-0.18140044296865546
1,0,4824,192.62627546525113,12.578951944435454,0.098681752259467695,0,0.07560564640434618,5.8733940959485187,0.69281258574271931,-0.16337890998417731
1,0,4825,192.70608442245992,12.623829360435298,0.14272045201775266,0,0.076126351739763357,5.5907014202311505,0.6443692860350575,-0.14255505941661237
1,0,4826,192.78547828925107,12.689073351171965,0.14372646217059901,0,0.079145479264208313,5.4505406224512205,0.61977979737118105,-0.12117270640504683
1,0,4827,192.86443037940495,12.744018419267796,0.10327574076468718,0,0.084025098373473689,5.4763722596777038,0.63834657639199288,-0.10107707378943666
1,0,4828,192.94308703558403,12.767317379863719,0.048855684099958573,0,0.090341644837464874,5.6476292022186421,0.66536643558424668,-0.083435912681074531
1,0,4829,193.02167424815431,12.752395375392664,0,0.011614467037325526,0.097945490135641647,5.9243600372991239,0.6992148605791777,-0.068796623780059143
1,0,4830,193.10043734050549,12.710511844830595,0.027166950536416636,0,0.10599421828605214,6.2356200586743977,0.76192013228443789,-0.057313874093912871
1,0,4831,193.17923401729578,12.717525964462517,0.07969347076952156,0,0.064315389708774456,4.7926622004919466,0.60296775342748576,-0.045502246441180845
1,0,4832,193.257859466177,12.755121612112633,0.12501559139183882,0,0.069440367059907679,5.1614790364280649,0.58115444246499881,-0.032907472203715836
1,0,4833,193.33617959493571,12.799768415378495,0.072567630386298654,0,0.079500369356332728,5.3689164007809165,0.63627544673862013,-0.020055886447323486
1,0,4834,193.41433915066972,12.792786695287671,0,0.02692154066008055,0.092748784156265127,5.6986497417909661,0.69863054535563063,-0.0088099786567630324
1,0,4835,193.49277664738779,12.69483304538953,0,0.12049492143055164,0.10842177913433497,6.1531048268986464,0.78900391165879324,-0.00070432824837737482
1,0,4836,193.57211015474803,12.499544283118194,0,0.2001708408803036,0.12647252222771804,6.713659290882017,0.90459603419708434,0.0033195926986174362
1,0,4837,193.6529816268735,12.213792535998396,0,0.26823869715984644,0.14719959798443558,7.2791161541948455,1,0.0028305996021651646
1,0,4838,193.7360643745892,11.847017084935926,0,0.32778372030413833,0.17122364759492076,7.659668186367476,1.0000000000000002,-0.0026126156402930746
1,0,4839,193.82207622197862,11.409840528420583,0,0.37534492949047382,0.19964540349922683,8.0231543973897708,1,-0.014542602828661081
1,0,4840,193.91182761429079,10.928495031685463,0,0.31609228708213821,0.22132275740145535,8.5276634396708975,1,-0.034832501256824598
1,0,4841,194.00548759455083,10.526349341330125,0,0.17910370602193842,0.19009576876842618,8.5413847343380915,1,-0.058407388378527582
1,0,4842,194.10209910884586,10.28878853685335,0,0.060214774573608305,0.15620426260858711,7.9576057904772766,0.99828652559748321,-0.071227744290073086
1,0,4843,194.20018354034409,10.201820128096822,0.026089638330161841,0,0.12568569761695284,7.1449484297641845,0.95173383594040639,-0.066535836100588344
1,0,4844,194.29855165215309,10.203959425584861,0.092346159283445944,0,0.10450163135385362,6.1464060986420712,0.82435182273418484,-0.044670050282738488
1,0,4845,194.39648928679409,10.263687622674668,0.14506117483301711,0,0.092936290046236353,5.0863626927968131,0.65015279976747242,-0.011132090813217874
1,0,4846,194.49350216599322,10.365475290323216,0.18751453584331496,0,0.088191314901115966,4.3428591556576563,0.53619327266251993,0.026454690514880041
1,0,4847,194.58926839846163,10.497603390283238,0.22220033952867888,0,0.087582899511790074,4.0254800527166745,0.49835640391755259,0.062251055400161334
1,0,4848,194.68363160974425,10.636964719159849,0.18800395049950153,0,0.089692372886274421,4.0157060546785841,0.45979139449526901,0.093504014184563694
1,0,4849,194.77683009633904,10.722596559290047,0.06624932374123714,0,0.094072117567713692,4.189239376802516,0.44042134162685881,0.11956805521240478
1,0,4850,194.86959750583537,10.703560877898108,0,0.060520719766848349,0.12539674401894255,5.4041064547993471,0.70501126568065575,0.14091821836401566
1,0,4851,194.96277408002237,10.589246687494377,0.00069503817556870458,0.010090245076908652,0.14663653576853708,5.7875100468342291,0.70602421262779547,0.15611032124216737
1,0,4852,195.05657354701785,10.56685415335523,0.060478698417155398,0,0.12991213878359348,5.2297781690746108,0.60415127431312354,0.16808347519277947
1,0,4853,195.15033209143556,10.602576765114765,0.11681784498158305,0,0.11145790985436091,4.8521777707916716,0.60589482761733204,0.17873823367029718
1,0,4854,195.2436240627579,10.680491842014618,0.1629653111324057,0,0.09520358576734507,4.4448483816468478,0.57403117388487912,0.18958277299606963
1,0,4855,195.33612376417119,10.791669172470161,0.20084489863873264,0,0.082072067398442042,4.0016537894624298,0.53210960079158143,0.20094680959744682
1,0,4856,195.42759195192841,10.928934369203075,0.23201208848916294,0,0.071749905986845941,3.5865800379217401,0.49707554310995483,0.21217005030975755
1,0,4857,195.51787042659433,11.086355942899592,0.25775947732391491,0,0.063581922765310162,3.2369530816271661,0.47406347500914248,0.22235468128306979
1,0,4858,195.60686521580737,11.244066518006683,0.20943670083171334,0,0.056968989345792288,2.953085837883628,0.40598712631483669,0.230790832423416
1,0,4859,195.69484600723061,11.345424460634026,0.088126494573438505,0,0.051364599635536641,2.707426048545841,0.30644218687874558,0.2372024217396701
1,0,4860,195.78240427108224,11.354757984038161,0,0.035527720398312153,0.1326022092964286,6.0812940904292105,0.98903720201202294,0.24166079402042595
1,0,4861,195.86979144551069,11.26797345277639,0.0082010262525474137,0,0.12950064598690489,5.3581095679552719,0.74931772091131466,0.24205574975094496
1,0,4862,195.95770724278805,11.258365727400365,0.071202710755324347,0,0.11038234592267629,4.6833723044746369,0.52250424558917707,0.23864098503008224
1,0,4863,196.04565029535175,11.300675815376728,0.12225468285857005,0,0.085620800778068218,4.0897184660937995,0.54280977573464984,0.2342482378073566
1,0,4864,196.13326650737051,11.380578643912335,0.16433663350901104,0,0.061138522149844818,3.3801250127307947,0.50155592109734182,0.23129885291135777
1,0,4865,196.22029665468156,11.489577887777806,0.19924850192579699,0,0.039023730095815175,2.5016862266857309,0.43072746852765792,0.23074095632107161
1,0,4866,196.30653327532286,11.621854859947948,0.22824602928468427,0,0.019509675200293279,1.5297541640894394,0.36267088896847599,0.23202302008507952
1,0,4867,196.39185231049629,11.771820016377722,0.25252563728843391,0,0.00193371836313156,0.56149237959792175,0.3170682282545782,0.23378535865905767
1,0,4868,196.47616430484345,11.935194677075343,0.27301595784832272,0,-0.014563794581981504,-0.38403492454061744,0.30767194394707703,0.23479536260414394
1,0,4869,196.55941546090816,12.108425226647558,0.29049287141175573,0,-0.030849521832152012,-1.3215481917486123,0.33481348280135359,0.23430145461952073
1,0,4870,196.64156106129218,12.288510807904048,0.30561298150805588,0,0.0082492959676141071,1.7333583176847223,0.54421209819797545,0.23209924956320185
1,0,4871,196.72217369371623,12.475549641971137,0.3184149928416215,0,0.019945238912801859,0.77508439905275828,0.3590095054370146,0.22860328233133187
1,0,4872,196.8015737844332,12.667799313882186,0.32929483146027694,0,0.024461155494278065,0.92409097637167281,0.36941178131074842,0.22179995258931179
1,0,4873,196.8797727421404,12.863685407216719,0.33861411032170657,0,0.025972329190349978,1.2287175054399473,0.39139681889053546,0.21207995957928044
1,0,4874,196.95678094176657,13.061921124620198,0.34666590139365577,0,0.026305931996337236,1.4637435899377849,0.41157663124378635,0.20102560040237205
1,0,4875,197.03263114506586,13.261586858654058,0.3536747763901531,0,0.02624568527082749,1.6240914443080192,0.42725250945605675,0.18973993483864138
1,0,4876,197.10735428688304,13.462031594018102,0.35980587286982679,0,0.026118213517547215,1.7361899084371413,0.43931295092807582,0.17877415571457803
1,0,4877,197.18098415595668,13.662751432182111,0.36519003418180862,0,0.0260551082070139,1.8224623855015456,0.44904144670561119,0.16834205643496011
1,0,4878,197.25353053664921,13.863327381298378,0.36994783175576834,0,0.026102599378307497,1.8974112701348753,0.45741868003012076,0.15849084631344196
1,0,4879,197.32504801817024,14.06342642302884,0.3741638019413131,0,0.026262441246821991,1.9698778858417643,0.46509025994185915,0.14915732597149933
1,0,4880,197.39555570284907,14.262763620928771,0.37793260677135221,0,0.039255635899459483,2.8947094014954353,0.50486296547553455,0.14024005357534461
1,0,4881,197.46505786176053,14.458334917811149,0.38186606024400743,0,0.040160058521653282,2.7143706971606649,0.50271829834234072,0.13075140155753076
1,0,4882,197.53364898295771,14.654667676532188,0.3850958359979379,0,0.033996728184617853,2.5164975870073927,0.51326652436437226,0.12076990925278251
1,0,4883,197.60135839961987,14.850855247870481,0.3878100678045408,0,0.026400277063521733,2.3294251124533059,0.5163997497435483,0.11113173431925387
1,0,4884,197.66818813102074,15.046349760749901,0.39015126532433136,0,0.018495831453578113,2.0550958194187552,0.5080971882426023,0.10278721650302876
1,0,4885,197.73418176401634,15.24092640514473,0.39217386172067975,0,0.010869562018744887,1.68097275638821,0.49098098032684145,0.096272143773849808
1,0,4886,197.79935974917052,15.434411359055813,0.39393331505210016,0,0.003763266789582565,1.2220840838915856,0.46936840350361309,0.091762725209611401
1,0,4887,197.86372945535302,15.626597583482537,0.39548214910905422,0,-0.0027600293106431958,0.70353295570959895,0.44761005886116817,0.089181169321999001
1,0,4888,197.92732811321605,15.817300429309496,0.396887514847997,0,-0.0087716323617101719,0.15508068152546028,0.42902368038770583,0.088215804619392657
1,0,4889,197.99018121546877,16.006321739738528,0.39819309850110274,0,-0.014401744558972664,-0.41024795232516237,0.43026902071599799,0.088554799205353113
1,0,4890,198.05230757998439,16.193458075080084,0.39945338202791808,0,-0.0044451244406562822,0.25372926219905417,0.44153691193044126,0.089870114480347624
1,0,4891,198.11369038797872,16.378978546699599,0.40062971724128016,0,0.0081993219437853614,0.44960469164110439,0.43435756487491156,0.089922037635514748
1,0,4892,198.1743849954608,16.562995044358345,0.40171231557850279,0,0.0095978889347031349,0.32534733577642466,0.43176438877034573,0.087723782450485205
1,0,4893,198.23441543689972,16.745490229829279,0.40271659826976325,0,0.0090109986894811155,0.37958630641057084,0.43369003610717916,0.083491702206131113
1,0,4894,198.29380150369789,16.926454094086502,0.40365592896943309,0,0.0072775977721878148,0.444025004255445,0.43703044272450009,0.07804099834200405
1,0,4895,198.35256200025961,17.105876113710558,0.40454322269265069,0,0.0049635160743663701,0.45735748121891467,0.43931365939291778,0.072219698293762541
1,0,4896,198.41071504196793,17.283767320655663,0.40538656863191197,0,0.0024316901321183504,0.40583766170040703,0.43950411489980007,0.066679270400919644
1,0,4897,198.46827821412197,17.460152284250192,0.40618845487939698,0,-9.8415726364378908e-05,0.29470929823633507,0.43768176084305171,0.061837941106660195
1,0,4898,198.5252686399723,17.635055813874583,0.4069543504076702,0,-0.0025070281941910232,0.13649930846432648,0.43450041319608568,0.057913874040455976
1,0,4899,198.58170300725629,17.808496544751048,0.40769703998696638,0,-0.0047432209667437617,-0.056543488645308497,0.43283480807606067,0.054979425966461756
1,0,4900,198.63758996556089,17.980468201748401,0.40842134421102455,0,-0.014166422713094788,-0.85506990978142605,0.4488519639962234,0.053035342207614952
1,0,4901,198.69295124517393,18.150606923328425,0.40920326228906678,0,-0.012550042571618318,-0.68117767223355774,0.44669505200340737,0.052550671629587771
1,0,4902,198.74779718438677,18.319695074477522,0.40989364381557492,0,-0.0074796543032175609,-0.51531786446987071,0.44628935293400462,0.053017741994217354
1,0,4903,198.80214161056492,18.487587954472495,0.41053719976167236,0,-0.0011788132439179175,-0.31870926044737502,0.44479551017655705,0.053347780015360217
1,0,4904,198.85598526679672,18.654119848745577,0.41117469899167219,0,0.0055735424966990256,-0.032726943537730202,0.43941375788951692,0.052501976040970552
1,0,4905,198.90934758541962,18.81921695822691,0.41181708065656025,0,0.012264464288417428,0.36579080971903349,0.44428735414125148,0.04974023026644999
1,0,4906,198.9622507237892,18.982824592574065,0.41248735820668475,0,0.018640057023522158,0.86893849116294009,0.45337311456013307,0.044681976364142527
1,0,4907,199.01469289900351,19.144774843773337,0.41323331820199366,0,0.024589043825113181,1.4523567106005753,0.46845871297581643,0.037074832404941464
1,0,4908,199.06669888677712,19.304960003196001,0.4140650505302545,0,0.030128647848085808,2.0779064323569525,0.49138607417382602,0.026976557128967564
1,0,4909,199.11828682447495,19.46323401227259,0.41504012829631021,0,0.035320289078279034,2.7241430644255127,0.52300224565095899,0.014475567482694339
1,0,4910,199.16945709467711,19.619345623405135,0.41619396899694799,0,0.034969975864037148,3.0394001122735173,0.55370669913397019,-0.00039590235614534282
1,0,4911,199.22024226596358,19.775174790927757,0.41716889211067532,0,0.026505675301357858,3.0179912391485924,0.57624397348210132,-0.0159933934883611
1,0,4912,199.27061922931918,19.930135801555416,0.4180813135187223,0,0.021678013430035257,3.1755381966583123,0.59775309710543401,-0.030560902076281135
1,0,4913,199.32062352995121,20.084088256417143,0.41896453044074894,0,0.01688554915101971,3.2157846755310762,0.60834828848106881,-0.043348380665734577
1,0,4914,199.37023456634392,20.237136050483365,0.4198051667783641,0,0.012415445216228801,3.1436212033956412,0.607733598644006,-0.053659569427192001
1,0,4915,199.41948591541373,20.389499111726288,0.42056443161293522,0,0.0084086352144804432,2.9818609470233839,0.59829331362131477,-0.061403877213211007
1,0,4916,199.46835687606196,20.541240448052569,0.42122635818933907,0,0.0049846093969277789,2.7412132581608959,0.58179578915048091,-0.066346941713772242
1,0,4917,199.51687726924467,20.692454472523785,0.42179251684752156,0,0.0021223204243406685,2.4437022265977206,0.56120888451445694,-0.068794324575047458
1,0,4918,199.56503818550806,20.843115764327067,0.42225114396219432,0,-0.00018941806938444167,2.1044468552183062,0.53886391115732846,-0.068899679099735253
1,0,4919,199.61285149696073,20.993187421586335,0.42263817521385544,0,-0.0020286306856717065,1.7407071741754148,0.51695635723878652,-0.067034610168227898
1,0,4920,199.6603310515402,21.142609983530104,0.4229491302552893,0,0.0076432483242236844,2.2253044357511276,0.51753256177170115,-0.063597598582038173
1,0,4921,199.70747448963431,21.290605037431067,0.42334636210827442,0,0.0088892667708821739,1.8788204216582103,0.50305737602418066,-0.060144363783674534
1,0,4922,199.75429659935298,21.437921874386237,0.42369934007839577,0,0.0090750377212782344,1.6594988267377413,0.49599501410202779,-0.057862912562518298
1,0,4923,199.8008005546447,21.584449379474673,0.42401508415672912,0,0.0083430636686011878,1.5148421677357404,0.49268724158092808,-0.056600435303538851
1,0,4924,199.84697843017796,21.730106912237449,0.42431796642802366,0,0.0068502922358234623,1.4011386044921859,0.49080813797915152,-0.056038591247173739
1,0,4925,199.89285227279501,21.874928423171468,0.42461839908844673,0,0.0048282166102881548,1.2843503968805274,0.48870074014432147,-0.05572342403370853
1,0,4926,199.93842711776128,22.018918104574311,0.424901602231255,0,0.0024505327854857169,1.1436414456285657,0.48536308712405768,-0.055253976665899145
1,0,4927,199.98369724767784,22.162053303647266,0.42517594254223268,0,-0.00013128265364805206,0.96442214202020915,0.48022125541516764,-0.054240921629277211
1,0,4928,200.02867460622295,22.304361421562199,0.42545086167991519,0,-0.0027780220499005583,0.74065826703985993,0.47328983011974796,-0.052391701129682791
1,0,4929,200.07336855558745,22.445856237806773,0.42572505135151978,0,-0.0053884509087485325,0.47267850296198327,0.46500420671611847,-0.049509328488385324
1,0,4930,200.11778409783005,22.586527882881548,0.42599363611785912,0,-0.0052137173716721025,0.39514631961919261,0.46067426002644973,-0.045468077097975262
1,0,4931,200.16192322126503,22.726399484391653,0.42625644523561917,0,-0.0033990747896572257,0.33361104914612161,0.45758296726852626,-0.040673641650411575
1,0,4932,200.20578928054337,22.865460245430864,0.42652242050896905,0,-0.0012130180494842118,0.27883637610398326,0.45585109059100359,-0.035918830393015751
1,0,4933,200.24939250054186,23.003714061298492,0.42679790029834958,0,0.0012379447940188738,0.2717376870123025,0.45578750945843294,-0.031717555160774714
1,0,4934,200.29273703767015,23.141152354139003,0.42708482008127252,0,0.003761184742785056,0.32366824456588328,0.45713042574206592,-0.028472248227674971
1,0,4935,200.33582711641307,23.277771528590691,0.42737929711125333,0,0.0062140042830392747,0.43613055300177017,0.45971936907997307,-0.026472102961907308
1,0,4936,200.37866702281551,23.413568583735096,0.42768893888428472,0,0.0085006138703591517,0.60408874025207948,0.46362820075687972,-0.025894273966661278
1,0,4937,200.42125770775198,23.548527777922597,0.42801691874542919,0,0.010562692461878409,0.81911625852015568,0.46911940899108723,-0.026837981101422798
1,0,4938,200.46360405051658,23.682640265447482,0.42836911816686679,0,0.012379008513663976,1.0702874746037621,0.4764898412923097,-0.029297486369788368
1,0,4939,200.50571399078115,23.815903006473107,0.42875088887926632,0,0.01395749660814322,1.346644978982706,0.48593528566849703,-0.033189078164636385
1,0,4940,200.54759175470062,23.948296905299468,0.42916771839809975,0,0.01459393491482649,1.5844775668614037,0.49624968228905408,-0.038405774570758798
1,0,4941,200.58924039921669,24.079936025425933,0.42959848993304667,0,0.012918771894092308,1.6952152638482021,0.50502015767233721,-0.0445514357843943
1,0,4942,200.63066335986926,24.210873211635406,0.43003435272358925,0,0.011347404565551346,1.8315299916193937,0.51481939579681557,-0.051045467430447272
1,0,4943,200.67186399718238,24.341101690078755,0.43047839697298967,0,0.0094948821811004867,1.9301862298293666,0.5231989784809411,-0.057432053917317753
1,0,4944,200.71284549415233,24.470654074714858,0.43092549631611821,0,0.0075067400389502263,1.9841466352603525,0.52919125838321768,-0.063321616178088305
1,0,4945,200.75361093631361,24.599571826777318,0.43136826512621868,0,0.0055026202956147035,1.990783078578406,0.53222677491418346,-0.068406408944414965
1,0,4946,200.79416332928596,24.727899647741914,0.43180110992624809,0,0.003575895188395383,1.9506184070971901,0.53213584713815643,-0.072462527782883548
1,0,4947,200.83450561128714,24.855680234741168,0.43221734477987794,0,0.0017946970724593515,1.8664138733743008,0.52908879265082664,-0.075346383341101386
1,0,4948,200.87464066411079,24.982948995966648,0.43261169720259174,0,0.00020386854624283629,1.7425120146680189,0.52351648219990399,-0.076987438885571927
1,0,4949,200.91457132497135,25.109730842878577,0.4329809511905246,0,-0.0011724761201289005,1.5843424325618427,0.51602081368800257,-0.077378501092305596
1,0,4950,200.95430026778612,25.236038476964882,0.43332429127721001,0,-0.002949171200934055,1.3463865934921857,0.50609011786732427,-0.076560789750209787
1,0,4951,200.99383040372192,25.361887024962677,0.43364037683893342,0,-0.0027484951646412378,1.2388884641672129,0.49899780018911749,-0.074563091288988304
1,0,4952,201.03316609644284,25.487223355689526,0.43394148002215321,0,-0.0014321737253782164,1.1635086440135907,0.49309759139719223,-0.071756029801907123
1,0,4953,201.07231010545209,25.612031061619501,0.43423114763771065,0,0.00040391553271642368,1.1030608854025519,0.48859577508207014,-0.068662299299221047
1,0,4954,201.11126503639437,25.736286860559883,0.43451664971530451,0,0.0025886123256792445,1.0764411551258912,0.48605797845268228,-0.065773958762741877
1,0,4955,201.15003355458228,25.859963159223465,0.43480550655271188,0,0.0049669343003602724,1.0963855603220021,0.4856355653481304,-0.063523947264291961
1,0,4956,201.18861842243771,25.983033205554715,0.43510476743721055,0,0.0074069240944180251,1.1696730489553724,0.48731897254528816,-0.062268876945087488
1,0,4957,201.22702251015437,26.105472176854654,0.435421080542923,0,0.0098033794078708665,1.2978116518301757,0.49112476041360897,-0.062281775725372447
1,0,4958,201.2652487924741,26.227255848308797,0.43576095783006136,0,0.012078743174060989,1.4780921466031536,0.49717893946973118,-0.063753114844553607
1,0,4959,201.30330033382813,26.348358517847871,0.43613118870866935,0,0.014181716552116631,1.704812278004723,0.50570811402955163,-0.066798015484966486
1,0,4960,201.34118005982234,26.468750813314053,0.43653927706857376,0,0.015630683822393722,1.9366023996247164,0.51613921433568455,-0.071447679603677788
1,0,4961,201.37888172105627,26.588683306342102,0.43693452765571628,0,0.0090918056241817841,1.6778162140684503,0.51589124038449796,-0.07658303403184151
1,0,4962,201.41641301012601,26.708215272357798,0.43730505746408399,0,0.0089974667778066446,1.9212402307120613,0.5276006138760565,-0.081539028710936892
1,0,4963,201.45377945291764,26.827081775310877,0.43770711899504683,0,0.0092348929765689262,2.1346488346953221,0.53815495270482661,-0.086471253605439932
1,0,4964,201.49098372991236,26.945300024768699,0.43813490122244181,0,0.0097813982152301759,2.3286081236771805,0.54790154878340369,-0.091484214892365356
1,0,4965,201.52802848428183,27.062880961032175,0.43859254623095972,0,0.010603089057309174,2.512346095823994,0.55730307671183277,-0.096712746796161805
1,0,4966,201.56491634056604,27.179829332832856,0.43908128195543966,0,0.011659283864774708,2.6936662509903178,0.56684987521270658,-0.10230840883955146
1,0,4967,201.60164992219416,27.296142467209812,0.4396031559508265,0,0.0129062526189948,2.8788980827826092,0.57701870359511875,-0.10842850492917949
1,0,4968,201.63822787467799,27.411792697916834,0.44016167930862449,0,0.014302992086304192,3.0732266334216791,0.58828741827224518,-0.11525023176521938
1,0,4969,201.67465292490195,27.526760871050787,0.4407597021128119,0,0.015805018639021211,3.2802376956772545,0.60107212471257121,-0.12293233948906926
1,0,4970,201.71093126696567,27.641038901785389,0.44139872378697814,0,0.016530535120771083,3.4488514710423726,0.61397876082452152,-0.13158050244276459
1,0,4971,201.74706284527315,27.754762922893896,0.44205809332610019,0,0.015641971239054437,3.542116627490012,0.62558870966331104,-0.14103688951433865
1,0,4972,201.78304914993126,27.868015476589662,0.44272464024505703,0,0.014521898142272342,3.6412965060251876,0.6377579834084115,-0.15088084587114892
1,0,4973,201.81888956062969,27.980796052981933,0.44339782185151105,0,0.013058791522010192,3.7241809803414743,0.6491126251321766,-0.16074529520832309
1,0,4974,201.8545810153465,28.093125086687568,0.44406826189753146,0,0.011332505930705608,3.782767444721888,0.65869073281702117,-0.17025428321721478
1,0,4975,201.89013191920549,28.205066379143066,0.44472371878119249,0,0.0094376931199756497,3.812938102869222,0.6658513584739596,-0.17910850661392549
1,0,4976,201.92554373276445,28.316665510069573,0.44536419624394319,0,0.0074471376221987625,3.8111565463993906,0.67009083192959173,-0.18704887669393061
1,0,4977,201.96081786913669,28.427972167952099,0.44598251462629662,0,0.0054266780390904556,3.775030775685781,0.67106597114307498,-0.1938570261151184
1,0,4978,201.99594662316645,28.539024367454029,0.44656368076623304,0,0.0034402782855338689,3.7006928385980284,0.66835939899506935,-0.19925697571153947
1,0,4979,202.03093829310799,28.649886175806667,0.44709364571159299,0,0.0015399336542057638,3.5894644048306348,0.66214343733103198,-0.20317257706704281
1,0,4980,202.0657978650456,28.760605163024536,0.4475225591345286,0,0.0015304620036090801,3.5614793247801653,0.65652852441806198,-0.20559418086962791
1,0,4981,202.10053602460451,28.870869157446741,0.44677639207896408,0,0.0050684004978720758,3.6994660203802678,0.65397197526624817,-0.20728796854612483
1,0,4982,202.13513494303254,28.977439555432962,0.39260762215328965,0,0.0047223862493304073,3.5563368691493684,0.59347181622950795,-0.20882800227620218
1,0,4983,202.16961616273309,29.06780956333996,0.32909742987609703,0,0.0041657992078569534,3.4109553102153058,0.5258151098996906,-0.21004953373641808
1,0,4984,202.20400063278208,29.14115119784508,0.26867630792357566,0,0.0034061081791787596,3.2610850331066055,0.46309161131154059,-0.21082889507382993
1,0,4985,202.23830548962292,29.197953337824696,0.21123685622039393,0,0.0024537648536902628,3.1038042799380352,0.40598764388601993,-0.21101832177645805
1,0,4986,202.27254851955701,29.238557358615935,0.15665232925983355,0,0.0013304922623823348,2.9351800715494387,0.35552241240836474,-0.21044315136835692
1,0,4987,202.30675139105395,29.264846635253996,0.10456221125241903,0,8.1337366560108788e-05,2.7526021610242291,0.31225639603292321,-0.2090259331680499
1,0,4988,202.34092938696386,29.277505660232869,0.05486425645091874,0,-0.0012585880956232584,2.5531328028465832,0.27733575176550623,-0.20666013352638482
1,0,4989,202.37509775790346,29.276108670530341,0.0075843355216905894,0,-0.0026525651629824495,2.3321674992336932,0.25291936867853532,-0.20315312905974545
1,0,4990,202.40927369500017,29.261071171817793,0,0.037389822787360139,-0.0034728793750852189,2.1358429861275341,0.23789498662705047,-0.19850320640854061
1,0,4991,202.44347754151727,29.227989382578134,0,0.079123347794169394,-0.0026703204080804708,2.033489318777792,0.22784164516801519,-0.19287389987209413
1,0,4992,202.47773271816897,29.176687275765968,0,0.11760369920818282,-0.0014727957089831429,1.9262910005519085,0.2320127385599873,-0.18664743747612811
1,0,4993,202.5120622367474,29.108202396020136,0,0.1531048109563897,0.00011711536371101357,1.8340667074795611,0.27162958348640154,-0.18025804703777043
1,0,4994,202.54648057478445,29.024598473474164,0,0.18601318119923255,0.0019819709519783737,1.7659980155760995,0.31154010470132149,-0.17408970190230319
1,0,4995,202.58100460882045,28.92676231798325,0,0.21647775743863676,0.0040315190585712068,1.7303778538953669,0.34952670044175327,-0.16846425269192519
1,0,4996,202.61566131656031,28.814593850111024,0,0.24454440023797216,0.0061766448556985791,1.7371929108982094,0.3856989807519694,-0.16375490601683199
1,0,4997,202.6504612342496,28.689719231984544,0,0.27057107822337251,0.0083212499315342588,1.7885248215157232,0.42063781094669794,-0.1601760234413751
1,0,4998,202.68541786333952,28.552996822671755,0,0.294688990481702,0.010394643818053448,1.8848600858080569,0.45470679666571467,-0.15789348178284934
1,0,4999,202.72054678741748,28.405005839052635,0,0.31701212202553963,0.012338731034918908,2.0249708490053191,0.4882213861255052,-0.15703939007588763
1,0,5000,202.75587693060575,28.245607023498572,0,0.33758411846949199,0.012296019591847342,2.0769583437912389,0.5077221216244463,-0.15779268984311479
1,0,5001,202.79140912453573,28.07621269051706,0,0.3567076874409863,0.011936277309122405,2.17839591705525,0.52917281965939145,-0.15969190909255956
1,0,5002,202.82715889995725,27.897258118088825,0,0.37445201255936983,0.011538259801862613,2.3100159870518167,0.55188989460179483,-0.16228775486336613
1,0,5003,202.86314169140442,27.709126801913481,0,0.39089070653683744,0.010867408577848636,2.4373666457859651,0.57302784922832284,-0.16533528506075046
1,0,5004,202.89937523850887,27.512117321460053,0,0.4061114329125543,0.009984020081927919,2.5522304848528479,0.59235620035123782,-0.16859643283503165
1,0,5005,202.93588471670964,27.306326310540626,0,0.42019519310950282,0.0089511601805777642,2.647263957213752,0.60964540895493258,-0.17182520821980979
1,0,5006,202.97267335573838,27.092493537733322,0,0.43329467485611256,0.0078400026478487681,2.7186771380651669,0.6248797010339141,-0.17480505974345562
1,0,5007,203.00975669628124,26.870900455652983,0,0.44548536215797863,0.0067079701580280669,2.7634978922769622,0.63799969046194271,-0.17735328290136654
1,0,5008,203.04715059519049,26.641799965745758,0,0.4568154287012941,0.0056074500259479043,2.7800361450908819,0.64898334674921543,-0.17931524736031998
1,0,5009,203.08487126555067,26.405427772551533,0,0.467358753815377,0.0045843208904480497,2.7677549010732529,0.65789868553988451,-0.18056840595037674
1,0,5010,203.12293307040173,26.16200565361039,0,0.47718794262260633,0.0016791559391306542,2.5693854868011337,0.65631677804248911,-0.18094774461089638
1,0,5011,203.16132916795604,25.912231154102745,0,0.4864718775535446,-0.010009594017529801,1.7718404646290697,0.61873449360393795,-0.17847023627483202
1,0,5012,203.20011205970158,25.655816751421863,0,0.49518466067197059,-0.0076133995172554354,1.9449662122323508,0.63679443630198052,-0.17282223146151121
1,0,5013,203.23930515325009,25.392531030218095,0,0.5033232098302638,-0.0030560196808293427,2.046635948636617,0.65651810985227188,-0.1655292550230667
1,0,5014,203.27892111722053,25.122503155396625,0,0.51093377608187796,0.0031907055529510802,2.1420866155113378,0.67945865217193657,-0.15802662582508917
1,0,5015,203.31897808417975,24.845639577924711,0,0.51803015283729881,0.010657938593707818,2.2898032333088572,0.70748032925298376,-0.15168493650340156
1,0,5016,203.35949653140935,24.561734458914646,0,0.52460761060486116,0.018884985594107447,2.5360686563787205,0.74238626491845672,-0.14776500227178074
1,0,5017,203.40050236044982,24.270465457245258,0,0.53064825793274295,0.027449432177361906,2.9085849836771556,0.78562973817578097,-0.14737094997062988
1,0,5018,203.44202486548781,23.97144622640101,0,0.5361216516243994,0.035986504438663275,3.4118762852969615,0.8379799460790337,-0.1513856077874926
1,0,5019,203.48409071488621,23.664319739481474,0,0.54098833041402994,0.044212510016527054,4.0272509030145578,0.89918044083883319,-0.16037787220019695
1,0,5020,203.52672259375396,23.34870157496832,0,0.54521138646172795,0.039707058432974195,3.9605796222581851,0.88489398262543895,-0.17447204708183892
1,0,5021,203.5698810779102,23.029769621652559,0,0.54986607571738932,0.017113770962439101,3.2757354089922863,0.80934228160057897,-0.18883939012946233
1,0,5022,203.61365148123414,22.704499153628888,0,0.55440489531363035,0.017964197242241808,3.9518077949611707,0.88696834145049908,-0.20056274800583834
1,0,5023,203.65807607209578,22.370654427675923,0,0.55850602548240069,0.020924195390978145,4.4798500922385269,0.94889125457646883,-0.21059470501919897
1,0,5024,203.70321347123871,22.027884517949012,0,0.56217419457609574,0.025691367765863421,4.9216568585682241,0.99960417960879944,-0.21985095522797921
1,0,5025,203.74909815757306,21.677319546805979,0,0.56562161415998624,0.031860589510453334,5.2844291071381964,0.99999999999999989,-0.22938711325974348
1,0,5026,203.79575280059115,21.321001112205455,0,0.56933418960732873,0.039032074463991623,5.6100645425189724,1.0000000000000002,-0.24024707268375153
1,0,5027,203.84323530202821,20.962057562081583,0,0.57417395267254367,0.046977641829543802,5.9329906479239316,1.0000000000000002,-0.25354860347558722
1,0,5028,203.89159355858516,20.600204553423506,0,0.5799963702453218,0.055580219686916128,6.2687563880690718,1,-0.2704058710832275
1,0,5029,203.94084126657694,20.234060335857162,0,0.58565438165340145,0.064709762739098342,6.613770156308683,1,-0.2916582357545387
1,0,5030,203.99106099246885,19.87394567976613,0,0.49428892278415987,0.053452451268916644,6.6107321778765407,1,-0.31833613502520736
1,0,5031,204.04200835174512,19.551974344367522,0,0.38990489492283265,0.035879366654057922,6.6257738403625419,1,-0.34467888533759117
1,0,5032,204.09376631754694,19.284869054932017,0,0.29692984705836389,0.033989491086510643,6.9877091315170787,0.99865952048374573,-0.36589303813015739
1,0,5033,204.14620915585053,19.065990328007196,0,0.24358908049389444,0.033601346007099214,7.1831153759880708,0.97621128217094999,-0.38225023708826911
1,0,5034,204.1992567579758,18.865777057025465,0,0.26605815408253597,0.034873578257379717,7.2849413778083303,0.99886372017380276,-0.39432667768643931
1,0,5035,204.25296502224452,18.640017962715547,0,0.30168027998154423,0.037777534413369784,7.3283785744409808,1,-0.40302523578807425
1,0,5036,204.30740445499131,18.388032362507705,0,0.33406000840484779,0.041994846091491692,7.3698212064672113,1.0000000000000002,-0.40969426469172932
1,0,5037,204.36267369134339,18.112777217615967,0,0.36382768551078909,0.047309341914057473,7.4084154697135354,1,-0.41550748460416242
1,0,5038,204.41887957234556,17.816221235508745,0,0.39156548098815502,0.053642850519383001,7.4811762442144119,1.0000000000000002,-0.42166674709471208
1,0,5039,204.47613418023408,17.498584221838762,0,0.41759313125902014,0.060911221148837007,7.5829031734100782,1.0000000000000002,-0.42932394451932859
1,0,5040,204.53449783632647,17.178942658402029,0,0.33046786994337984,0.047259499050506512,7.3899096465813718,1.0000000000000002,-0.43932857257281616
1,0,5041,204.59367653779677,16.918020987869653,0,0.23352092535534272,0.036531344226575321,7.3777983231137831,1,-0.44716615736476678
1,0,5042,204.65367114490434,16.721603737598759,0,0.15406856421102907,0.034742889105630392,7.3867975831185593,0.95854230521193773,-0.44880125918826602
1,0,5043,204.71431760199587,16.55984650559801,0,0.1896654741965427,0.035267062841283926,7.2282187497247694,0.95336274696472745,-0.44443051922349391
1,0,5044,204.77564785213559,16.360767837597805,0,0.24086375715447816,0.037996053770858844,7.0397934443762846,0.95613810056876458,-0.43520348363632788
1,0,5045,204.83782765454768,16.121151709700779,0,0.28677453775428757,0.042569378294669245,6.8580296249029402,0.9596125437417381,-0.42256972281206601
1,0,5046,204.90103635412703,15.842799416194365,0,0.32806204098256353,0.04858753265247065,6.7052355592876891,0.96755900654789118,-0.40791563121859065
1,0,5047,204.96547354167794,15.526515277642643,0,0.36520830934279536,0.055634048567947604,6.6030958528128645,0.98465808252670606,-0.39250144612616011
1,0,5048,205.03132712004182,15.173274591376581,0,0.39867967471082355,0.063293264002522998,6.5464597348068461,1,-0.37735391898247228
1,0,5049,205.0988132089762,14.784534942854785,0,0.42941023420400154,0.07120781054229619,6.5168127230709088,1,-0.36320608871604187
1,0,5050,205.16825576933695,14.361704074598583,0,0.45787802007228107,0.091567126801523485,6.8120907693471926,1.0000000000000002,-0.35073434530211178
1,0,5051,205.23995811737188,13.941783595638,0,0.34425311483393711,0.10394600603479719,7.2678423660005445,1,-0.34374963960318744
1,0,5052,205.31349892228829,13.618060675623012,0,0.22287958142011052,0.088008684020724259,6.8274552945194618,0.9160159773309362,-0.33925619559471698
1,0,5053,205.38833320857771,13.403900415007966,0,0.12467320612487219,0.066838505436793802,6.0819258745253588,0.82994743888399147,-0.33128250424261374
1,0,5054,205.46394083525425,13.283446915652332,0,0.046393830032101978,0.044606823911309129,5.1476609787514818,0.72421167034941702,-0.31687827621671738
1,0,5055,205.53986392512235,13.238863905521992,0.015630288714802019,0,0.02429135704272602,3.9821248181898534,0.5777033504362139,-0.29508838327978898
1,0,5056,205.6157518126808,13.242863576658939,0.066888709518620582,0,0.0071814701964301548,2.6324300223460728,0.41224463722865612,-0.26695603846199056
1,0,5057,205.69139939833164,13.279063429491268,0.11072747975941584,0,-0.0070096243658291221,1.2575092757660016,0.26967869168564845,-0.23518963637662102
1,0,5058,205.76666116895925,13.341249137468768,0.14843769859454298,0,-0.019297656616709409,-0.0058694716885784731,0.19384615208730546,-0.20268810720276212
1,0,5059,205.84142989337141,13.424254034600873,0.18111131158570976,0,-0.030860694585191834,-1.1255670312825736,0.23128255821767918,-0.17168745496539703
1,0,5060,205.91564173552851,13.524130703449186,0.20958292593584071,0,0.0076156521563922556,1.3816656622096086,0.59193927616923869,-0.14355369619324246
1,0,5061,205.98942742940434,13.63791593709392,0.23447531601673527,0,0.030391109659044589,1.2610334456918124,0.37208671748508648,-0.12172233680856652
1,0,5062,206.06253187493573,13.765859698658764,0.25577411337993611,0,0.031115843169356928,1.1815313566726271,0.29677837921228006,-0.10639042255383117
1,0,5063,206.13489368020279,13.905320498545635,0.27406428264334287,0,0.027024547629212827,1.3224363599931184,0.33345102278460775,-0.096366514788349247
1,0,5064,206.20649136746169,14.053638048099522,0.28988167391505881,0,0.021070685310127572,1.3568081201972175,0.36122231159251528,-0.089132055038708038
1,0,5065,206.27730817912757,14.208990978396804,0.30364710393282951,0,0.014653401242673817,1.2388248576832472,0.37435780127549001,-0.082846705482243113
1,0,5066,206.34732067240392,14.370094150376255,0.31562083801044705,0,0.0084166353323507723,0.99460866620038746,0.37681845787147472,-0.076475986376303207
1,0,5067,206.41653724219833,14.535731594695134,0.32609370120060149,0,0.0025931486675882828,0.66602555738438873,0.3741160273482303,-0.069618621995478996
1,0,5068,206.48494705786661,14.704970594097285,0.33525242707071218,0,-0.0027803341212309391,0.28932858559781766,0.37021525453119397,-0.062238654035503264
1,0,5069,206.5525597984622,14.876922499350485,0.34332826193429666,0,-0.0077799169975186905,-0.11288500974038122,0.37103730656016726,-0.054481997911959054
1,0,5070,206.6193956030796,15.050821716376518,0.3504696114933798,0,0.011374017646190955,1.3646460440293304,0.39938176405953268,-0.046545632861355497
1,0,5071,206.68546847159774,15.22565562821773,0.35689889071923891,0,0.014527543605683599,0.83698464013609286,0.39589852689418981,-0.039960817561708543
1,0,5072,206.75078225535117,15.402000153153448,0.36254522889369784,0,0.013618004710917578,0.72431151893333767,0.40116968619129084,-0.035608979648689539
1,0,5073,206.81535086999625,15.579232906662007,0.36752497517910099,0,0.010917228763444345,0.7163822534974279,0.40889742091765646,-0.03304291485198519
1,0,5074,206.87918780682878,15.756905309331172,0.3719529414123674,0,0.0074092696611461929,0.67121212377462258,0.41429270680847335,-0.031340070693383924
1,0,5075,206.94229919393479,15.934697418189677,0.37590253390959993,0,0.003661328577608989,0.55174841865062085,0.41581470780563246,-0.029715900478408341
1,0,5076,207.00470791463172,16.112361830097125,0.37944779331398765,0,-2.0407345683749068e-05,0.36339664468927696,0.41421976934042437,-0.027679188877807678
1,0,5077,207.06643248348644,16.289694535391483,0.38264290191989847,0,-0.0034996787843385268,0.12376879562950759,0.41097023973971625,-0.0250081959468661
1,0,5078,207.12748904152994,16.466511916041377,0.38553544160431491,0,-0.0067398887039954473,-0.15162050094173232,0.41277479761258645,-0.021653703296437978
1,0,5079,207.18789413772529,16.642646989945039,0.38817007759184308,0,-0.009762028814338998,-0.44940431246673307,0.42042690631870988,-0.017662986883869539
1,0,5080,207.24766507987664,16.817951640088427,0.39058798708053949,0,-0.0054672792382175536,-0.1718914147598293,0.42882598588767934,-0.013206248238210695
1,0,5081,207.30682126086367,16.992449091007384,0.39279624591838908,0,0.0066408041887574733,0.2858997664120364,0.4233700870311991,-0.010207160516470991
1,0,5082,207.36537399322941,17.16620349727711,0.39479381960032445,0,0.0057749340546052715,0.087470807251943658,0.42058989675349501,-0.0088147164138866422
1,0,5083,207.42333882642822,17.339107878771511,0.39661391616417102,0,0.0032486609271122676,0.018121351568352585,0.42079672531445456,-0.0085961645957497966
1,0,5084,207.48073118011851,17.511059360295306,0.39828886886117165,0,-0.00013519158567904134,-0.059071554618617447,0.42340748897563268,-0.0088204057654210771
1,0,5085,207.53755792541617,17.681955400914998,0.3998414262857643,0,-0.003853463867652731,-0.19684317319446479,0.42750534812242574,-0.0087725861687324401
1,0,5086,207.59383825847468,17.851737657820745,0.40129312152064889,0,-0.0075864191190449844,-0.40517737582657759,0.43272006966243287,-0.0079389662152513276
1,0,5087,207.64958983318269,18.020357268098881,0.40265976237611351,0,-0.011170797668909148,-0.67428323604118368,0.43959811943253935,-0.006036811825066009
1,0,5088,207.70482773086331,18.187759679879477,0.40396580862331655,0,-0.01453993775978157,-0.987508884251458,0.44870001668472964,-0.0029508677405259386
1,0,5089,207.75956551376677,18.353883733926182,0.4052431546995014,0,-0.017683613518375264,-1.330363906298782,0.46045996211885587,0.0013307410424871144
1,0,5090,207.8138020592778,18.518627181628862,0.4064985189806255,0,-0.016021553917006701,-1.3365916079279103,0.46726820834527977,0.0067744074423015119
1,0,5091,207.86756573704079,18.682688945708389,0.40759986328158482,0,-0.012069654109665134,-1.3520606937858357,0.47417051058520249,0.01244162421190057
1,0,5092,207.92086834216002,18.845719695752372,0.40864567971755072,0,-0.0095989566437297124,-1.4137058156351452,0.47971061768664569,0.017521054273273294
1,0,5093,207.97370172009167,19.007656526103606,0.40963820222168273,0,-0.0073289943946692245,-1.395804800658043,0.48084269517210326,0.021581073818745265
1,0,5094,208.02609397138937,19.168590869352474,0.41055759098564165,0,-0.0053399085313754107,-1.3208499526579551,0.47871213757876524,0.024488504064869267
1,0,5095,208.07805316493554,19.328548541093511,0.41143341927783333,0,-0.0036591876110336303,-1.2053333181322994,0.47447070190142743,0.026230503588264616
1,0,5096,208.12957604478021,19.487519018115179,0.41224167503127718,0,-0.0022833769086690017,-1.0633374042768142,0.46913382689421579,0.026869782872191359
1,0,5097,208.18069310890979,19.645553950573383,0.41300177601981064,0,-0.001161876277663774,-0.90764187201477342,0.46355146609939768,0.026608232484510563
1,0,5098,208.23138804772654,19.80258821435222,0.41371832533757164,0,-0.00025949663393264472,-0.74673912144621735,0.45826158134077422,0.025572245715283465
1,0,5099,208.28169517472114,19.958676962934536,0.41438826978891763,0,0.00048861094939739664,-0.58710434672145961,0.45351431310707574,0.023979719530702128
1,0,5100,208.3316012793845,20.113756871743618,0.41503478963089679,0,-0.0033355194605434956,-0.79895327940897609,0.45694951456190264,0.021996937791478315
1,0,5101,208.38113814450713,20.267674767606831,0.41568649089756277,0,-0.0068957556250470748,-0.85527656857722612,0.45808229622151997,0.020640479827139277
1,0,5102,208.43028913486987,20.420610623769242,0.41631372283204376,0,-0.0064427691612392018,-0.7427000313296227,0.45677017263984476,0.020251670044402433
1,0,5103,208.479086144657,20.572651742653566,0.41691198295359105,0,-0.0052279137760431089,-0.67809073297291589,0.45677394016923373,0.020494806729062395
1,0,5104,208.52751247595319,20.723727063350704,0.41747953660558584,0,-0.0034644863245991814,-0.61672125695791069,0.45674437786246097,0.021017844440406296
1,0,5105,208.5755952276775,20.87389026392658,0.41803950611481494,0,-0.0013961733981958727,-0.53201645884736748,0.4558159982223981,0.021421285181029735
1,0,5106,208.623332937431,21.023126490899987,0.41856779426928015,0,0.00081389590509451596,-0.41043673261595776,0.45353145455444499,0.021371026341096451
1,0,5107,208.67072924846218,21.171431950461375,0.41909235892914004,0,0.003035570530875571,-0.24848764803793238,0.4499531578885958,0.020606051780413519
1,0,5108,208.71780293069941,21.318844996561378,0.4196035119609583,0,0.0051827102208011951,-0.049659145665579454,0.44547886063520298,0.01899241173349497
1,0,5109,208.76454624465239,21.465321577154345,0.42009891053026965,0,0.0072006766928401729,0.18361731691848995,0.44765577848483173,0.016404875219208172
1,0,5110,208.81097302427801,21.610872169583274,0.42060321328525407,0,0.0035459039509037758,-0.022614243807314423,0.45143352692600458,0.012900156599518786
1,0,5111,208.85709597019564,21.755629056025864,0.4210835998657243,0,-0.0013412459667523054,-0.12694016685957224,0.44752723930708532,0.009752730738655015
1,0,5112,208.90291003866534,21.899539632900513,0.42154279456456328,0,-0.0013405732182674205,0.04520674487914296,0.44652311609659096,0.0075499247837761694
1,0,5113,208.94842121078977,22.042592128897834,0.4220003967732735,0,-0.00054894432863227623,0.15116597013242694,0.44893240040838328,0.0060799930088574518
1,0,5114,208.99364281132887,22.184819467198572,0.42245859486839782,0,0.00081354051189796615,0.23514864072437155,0.45091848010640351,0.0050181860758721931
1,0,5115,209.03857965102236,22.326225303160463,0.42290267364437645,0,0.0025679645938961938,0.32576040248724147,0.45311633977432642,0.0040202233984815853
1,0,5116,209.08322740276543,22.466778829508364,0.42334337902464153,0,0.0045635165779328779,0.44243229184889743,0.45596495972836526,0.0027346361556454908
1,0,5117,209.12759674897666,22.606491563090152,0.42379136821965741,0,0.0066650130080999279,0.59383139395920836,0.45974986533439444,0.00086859435839925633
1,0,5118,209.17169637430558,22.74536687056354,0.42425112440564072,0,0.0087766176857368011,0.78168697374513862,0.46472941376511812,-0.0017914057050772551
1,0,5119,209.21553098766054,22.883392134812034,0.4247207150395943,0,0.010833244833264472,1.0040303537930497,0.47118700722916612,-0.0053993198561465162
1,0,5120,209.25910529696205,23.020548676952465,0.4252037946244539,0,0.0096629935300204511,1.0101646759234038,0.47400106939397357,-0.010048350644483133
1,0,5121,209.3024163887134,23.157045274054962,0.42566007194138733,0,0.008493781440207562,1.1126300248519185,0.47958246326339737,-0.015281675548336236
1,0,5122,209.34547317908223,23.292792316869743,0.42611642714335257,0,0.0071643825739871421,1.197192564137324,0.48473751257534131,-0.020450047904762497
1,0,5123,209.38828193825418,23.427810614121245,0.42657251503728699,0,0.0057195985388548594,1.2475360920673186,0.48857869944973509,-0.02524802550497119
1,0,5124,209.43084640605798,23.562123464001846,0.42702527001284729,0,0.0042639506149134195,1.260908131958709,0.49069890971123531,-0.029442479670345738
1,0,5125,209.47317024512324,23.695757185296092,0.42747106608587276,0,0.0028757657265870832,1.2379987077925909,0.49098330210228497,-0.032870588188441338
1,0,5126,209.5152570453287,23.828737412560681,0.42790261063339541,0,0.0016090872071266231,1.1817952893708639,0.48955669241380489,-0.035436359217786997
1,0,5127,209.55711032905396,23.96108529205015,0.42831953539994161,0,0.00049643091778949476,1.096737855084825,0.48672029187154409,-0.037103125338795971
1,0,5128,209.59873355651172,24.092817154245544,0.42872190001083277,0,-0.00044796121096473096,0.98807971619385604,0.48286720628260527,-0.037883684250797689
1,0,5129,209.64012979084461,24.223942633200895,0.42910958545348538,0,-0.0012243862628001385,0.86136825568309638,0.47841111596710589,-0.037828178211843123
1,0,5130,209.68130013779472,24.354456424655314,0.42948393606244273,0,0.0027234105966375938,1.0963757464814223,0.48182219696705042,-0.037017892942788309
1,0,5131,209.72225343351602,24.484259609836204,0.42986955949055133,0,0.0028775411511281095,0.94284632046789829,0.47751885984091541,-0.036124193969856909
1,0,5132,209.76299039715079,24.613486219432559,0.43024137915115218,0,0.0026157876941750265,0.82482719043064501,0.47470528835230741,-0.035574182354295929
1,0,5133,209.8035142352754,24.74212557073626,0.43060326353238715,0,0.001994888710231236,0.72577123198070226,0.47263614272833293,-0.035225117118443047
1,0,5134,209.84382809640394,24.870175022987894,0.43095747754972674,0,0.0010829845017610482,0.63165651026189584,0.47077631154829064,-0.034899170730900972
1,0,5135,209.88393507350827,24.997635825193854,0.4313055100793019,0,-4.767337992058369e-05,0.53135511037181815,0.46874194247762441,-0.034407961396087337
1,0,5136,209.92383821436215,25.124510715217305,0.43164855150924841,0,-0.0013264158620006176,0.41661699465138824,0.46628311221887037,-0.033571291097259308
1,0,5137,209.96354053397383,25.250802278956165,0.43198781951875381,0,-0.0026883044258580379,0.28204026925703418,0.46328675157316207,-0.032230368949194246
1,0,5138,210.00304502619562,25.3765116418733,0.43232481860154215,0,-0.004077083547406467,0.12589674242597651,0.45979686749197335,-0.030255940613758896
1,0,5139,210.04235467301254,25.501637535654549,0.43266152474815883,0,-0.0054479813541911514,-0.05281332290983657,0.45803118048999997,-0.027551057967180666
1,0,5140,210.08147247509984,25.626176882515132,0.43300026677260034,0,-0.0054249109950191146,-0.14183072770406416,0.45970534123946949,-0.02405480188472197
1,0,5141,210.12040192994428,25.750164750715086,0.43333573231005551,0,-0.0046181127447099618,-0.21650798994303325,0.46153028229204124,-0.019986834215619007
1,0,5142,210.15914333770789,25.873595896173455,0.43366879485076149,0,-0.0034649967124456135,-0.27989578392126863,0.46356177268367743,-0.015799359257977607
1,0,5143,210.19769994400039,25.996474441919297,0.43400045551395178,0,-0.0020867444111056055,-0.31905159559939344,0.46530954043396527,-0.011809048908244043
1,0,5144,210.23607528696684,26.118807635892267,0.43433154221605635,0,-0.00058983035982748862,-0.32640144050296477,0.46634520850910677,-0.0082843511390428021
1,0,5145,210.27427189538506,26.240602338189301,0.43466178546243828,0,0.00093703873070529527,-0.29807305492061892,0.46638194721742482,-0.0054412908837276281
1,0,5146,210.31229228792841,26.361866786828273,0.43498822584564362,0,0.0024224645812181561,-0.23361477920464407,0.46532382948386497,-0.0034402457121128186
1,0,5147,210.35013897389445,26.482608181855905,0.43531485483783666,0,0.0038128122484525711,-0.13440725637757409,0.46325476523073916,-0.0023869481481730188
1,0,5148,210.38781445099056,26.602832545024302,0.43564209773131179,0,0.0050719543742206016,-0.0032380339529358153,0.46109022848582099,-0.0023369828060329344
1,0,5149,210.42532120252551,26.72254273259335,0.43597099350119772,0,0.0061799397051335823,0.15589751048310538,0.46325591662059595,-0.003302107543440042
1,0,5150,210.46266169281083,26.841737940466615,0.43630329321790684,0,0.0070302871162569317,0.32985802134653636,0.46687666959612001,-0.0052555946431301149
1,0,5151,210.49983790874808,26.960424972977403,0.43663888701012804,0,0.0064534664125488169,0.42194824981121193,0.46935969489345497,-0.0080589865242261111
1,0,5152,210.53684581416255,27.078608025428238,0.43697202631471505,0,0.0055710633022932931,0.52025223924994846,0.47257318671601672,-0.011396206694716858
1,0,5153,210.57369392134126,27.196306469407681,0.43730254234548183,0,0.0043998843396352936,0.60144536237180402,0.47582836199005524,-0.014908992631438415
1,0,5154,210.61038435817426,27.313524227374188,0.43763031558325993,0,0.0030359330962109032,0.65668294025156482,0.47863852259727135,-0.018300748097574079
1,0,5155,210.64691921901706,27.430267818484651,0.43796043164436382,0,0.0015662437121543712,0.68022000253001835,0.48057637282125082,-0.021314636979360407
1,0,5156,210.68330057441159,27.546547629061436,0.43829230312331019,0,6.6489579737638748e-05,0.66887859969614327,0.48133160853620521,-0.023739298159511542
1,0,5157,210.71952938769144,27.662372572064367,0.43862470297844985,0,-0.0013996385867338752,0.62130114085806365,0.48074103762945053,-0.025404580436676587
1,0,5158,210.75560083031488,27.777735230203582,0.43895263774795401,0,-0.0027752888783057635,0.53654753425501411,0.47876253831329418,-0.026147494246138141
1,0,5159,210.79152461596374,27.892668438948363,0.43927066648515839,0,-0.0040273065718203615,0.41882509704273108,0.47565084284687498,-0.025942942912366002
1,0,5160,210.82730286248884,28.00717764905912,0.43958627791192084,0,-0.0042196143328679311,0.35113687954516737,0.47335024037954809,-0.024790903262366541
1,0,5161,210.86293798797314,28.121272132868746,0.43990054458916167,0,-0.0028807503477088778,0.3520852356066641,0.47252642576392301,-0.023040592035271958
1,0,5162,210.89842791288893,28.234947801200828,0.44021248578446065,0,-0.0026400928102314918,0.23409782172966681,0.46961273104797885,-0.021003886920249199
1,0,5163,210.93377106525219,28.348192345359355,0.44051742291798696,0,-0.0023422713493668852,0.12507771739483969,0.46725267722157737,-0.018780024935229896
1,0,5164,210.96897599993582,28.461024058233704,0.44081646338650321,0,-0.0020215860130830409,0.02711614545436393,0.4654236174357681,-0.016475269253450851
1,0,5165,211.00404454511448,28.573442551656559,0.44111889993883691,0,-0.001703693195413653,-0.058303425152386831,0.4663306873580178,-0.014165614507846615
1,0,5166,211.03897621683885,28.685443407292482,0.44142496706953432,0,-0.0014102829862331755,-0.13024994725643363,0.46821166346421295,-0.011912025041877364
1,0,5167,211.07376578620867,28.797009430468183,0.44172747341753166,0,-0.0011609240694585351,-0.18878670783986426,0.46987523999471886,-0.009765445112444494
1,0,5168,211.10842409878697,28.908173109315189,0.44202587252647335,0,-0.00096378986182692888,-0.23612949458965446,0.47131396992205821,-0.0077443682234681682
1,0,5169,211.14295287894697,29.018938613397651,0.44232948176683318,0,-0.0008244363809817428,-0.27384225497395315,0.4725428200726009,-0.0058578824675125452
1,0,5170,211.17734799115161,29.129294191157225,0.44263643082740584,0,-2.3856319200088958e-05,-0.2409338497259137,0.47228628280234336,-0.0041116346130696093
1,0,5171,211.21161023543067,29.239249663114887,0.44293490557862691,0,0.00030884455031989557,-0.24611428090634727,0.47274428167133492,-0.0026244131463158725
1,0,5172,211.24574774690248,29.348825145456207,0.44323391830425035,0,0.00044233707524077027,-0.25038420169913334,0.47311541291009429,-0.0014380614853242216
1,0,5173,211.279761618251,29.458024068911616,0.44353799350518103,0,0.00047209148565892573,-0.24728629982420955,0.47329019845010273,-0.00051398981284830555
1,0,5174,211.31364120229139,29.56681575572642,0.44383779618751207,0,0.00039985584844479572,-0.23954514550629866,0.47333968353530798,0.00018345739142671021
1,0,5175,211.34740065559637,29.675243405127983,0.44413248595066468,0,0.00024935932768985197,-0.23049632109005722,0.47335623274177308,0.00073622399850180201
1,0,5176,211.38104151189694,29.783310197030755,0.44443276268944126,0,3.4673461987865876e-05,-0.22240372438401845,0.47341003176643037,0.0011986400332087369
1,0,5177,211.41455358891128,29.890985525233972,0.44473220495836413,0,-0.00023273966103363764,-0.21772641921170552,0.47355535818567857,0.0016262621091115554
1,0,5178,211.44794767648261,29.998302125401544,0.44502372740804941,0,-0.00053237657806851297,-0.21798480326663397,0.47381743580204588,0.0020783765389250004
1,0,5179,211.48122748893675,30.105268970012514,0.44532174975604832,0,-0.00085016421696910884,-0.22417899020431237,0.47422997992899646,0.0025976900893083651
1,0,5180,211.51438253518936,30.211854057643997,0.44561945996684954,0,-0.0013108476583609293,-0.24953230829503961,0.47506244202524051,0.0032374903734908606
1,0,5181,211.54742342798971,30.318088510034322,0.44591032792186691,0,-0.001419468690932892,-0.25154288907018357,0.47542852389973622,0.004039170554702533
1,0,5182,211.58035417770023,30.423986018066813,0.44620815129581903,0,-0.0013216938702361397,-0.24875105535665334,0.47572515827557676,0.0049734838620156445
1,0,5183,211.61316176583176,30.529508453431411,0.44650224433650049,0,-0.0011100787637880508,-0.24756301654739238,0.47607086298436979,0.0059779495528474837
1,0,5184,211.6458610656037,30.634701198095563,0.44679242929499274,0,-0.00081455677024917122,-0.24489998781863326,0.47638955144266182,0.0069710637904782449
1,0,5185,211.67845091305568,30.739559465645385,0.44708921616048181,0,-0.0004502332199769386,-0.23845169662445936,0.47663168106713344,0.0078888598293391562
1,0,5186,211.71092342354578,30.844060573964011,0.44737796929492762,0,-3.2940110112517811e-05,-0.22550656087645107,0.47670994144431372,0.008650284989240661
1,0,5187,211.74329221924444,30.948245322074246,0.44766854599232886,0,0.00041382072877660766,-0.20518223514478362,0.4766057216360402,0.0092153527021934245
1,0,5188,211.7755493534853,31.0520892780089,0.44796339049302103,0,0.00087533885862851597,-0.17565923697321284,0.47627363465416162,0.0095162804864726645
1,0,5189,211.80769835437781,31.155604533409448,0.44824721684216939,0,0.00133464564788456,-0.13639539751029411,0.4756895310240663,0.0095141832105303907
1,0,5190,211.83974680331141,31.258811916703092,0.44853922068836655,0,0.0011151224339376006,-0.14574770697487949,0.47608426570651863,0.0092001296869057281
1,0,5191,211.87168049796873,31.361669759251861,0.44882516639843012,0,0.0011063861531734748,-0.1162946182531594,0.47566790290260469,0.0086287945370805922
1,0,5192,211.90351652006191,31.464229848749472,0.44911106460844308,0,0.0010571078672023538,-0.084740092311777149,0.47522599793423831,0.0079446108475906222
1,0,5193,211.93524635875508,31.566465215433002,0.44940130252406651,0,0.000966531046344327,-0.053049157508177638,0.47481213690098473,0.0071703971955805841
1,0,5194,211.96687359145656,31.668387637861656,0.44968165152248485,0,0.00084601284478974135,-0.022707352640237211,0.47444437756146113,0.0063442384510586248
1,0,5195,211.9984033402522,31.77001036038784,0.44997054842666717,0,0.00070550441526040476,0.0053063527026751892,0.47440818278050212,0.0054970157118620052
1,0,5196,212.02982590087845,31.871304702053244,0.45025124774102732,0,0.00055306806463571311,0.029715447154835189,0.47517024058087859,0.0046587347226533645
1,0,5197,212.06115640214284,31.972315822127328,0.45053658890387221,0,0.00039784944990128396,0.050426869083949541,0.47590773835668215,0.0038508931762785185
1,0,5198,212.09238064612973,32.073000172152028,0.45081978702458969,0,0.00024710716967763364,0.066491820295199594,0.47655400859578428,0.003100462599463324
1,0,5199,212.1235126286544,32.173401014962522,0.45110135700443527,0,0.00010611578361331933,0.078396413940148887,0.4771125481813096,0.0024158352913515799
1,0,5200,212.15454486309346,32.273494430653322,0.45138696034943732,0,-1.9805666882945521e-05,0.085865591828079943,0.47757873302752102,0.0018137058547683823
1,0,5201,212.18548219744898,32.373296674226133,0.45166514896564092,0,-0.00012777011944055844,0.089354271695543969,0.47794852080101669,0.0012977110438903122
1,0,5202,212.21632542764848,32.472808563175846,0.45195149991152306,0,-0.00021584108164240422,0.089228218188840955,0.47824380979886716,0.00087022816554247861
1,0,5203,212.24707189147145,32.572023741117818,0.45222749813080027,0,-0.00028229216823666441,0.085868452446816082,0.47845518810471571,0.0005334594409000758
1,0,5204,212.27772905797542,32.670963338579824,0.45251231104423245,0,-0.00032870930218827446,0.079992948794841048,0.47861795789681411,0.00027736345245924106
1,0,5205,212.30828833800737,32.769602524496051,0.45278805465916078,0,-0.00035402713147944211,0.07196371516765096,0.4787242124257875,0.00010323929486541738
1,0,5206,212.3387623180337,32.867978636160132,0.45307112795160892,0,-0.00036228239040942344,0.062558117002856808,0.47880809004720792,-6.4170804889659109e-06
1,0,5207,212.36913801247778,32.966052738830257,0.45334657161713909,0,-0.0003531367547274956,0.052169959456515827,0.47886520398824489,-5.1956659805671012e-05
1,0,5208,212.39943162144627,33.063873684242218,0.45362800521847735,0,-0.00033159595189110198,0.041415461751292473,0.47892239223193939,-5.2778998184769428e-05
1,0,5209,212.42962724271402,33.16139311542495,0.4539029771974098,0,-0.00029820011658377344,0.030735322923403991,0.47897798063018326,-1.1628911459773205e-05
1,0,5210,212.45974323631353,33.258666847770471,0.45418306105270978,0,-0.00025755098880424286,0.020475187456762359,0.47904982565180343,5.4659076079105648e-05
1,0,5211,212.48976221389196,33.355641678275958,0.45445731471165834,0,-0.00021113680263346279,0.01108547759911997,0.47913705103624932,0.00014093157838705221
1,0,5212,212.51970329000164,33.452375942611638,0.45473641864633285,0,-0.00016233687442512512,0.0026303628722308186,0.47925016721463992,0.00023542331205385553
1,0,5213,212.54954897303699,33.548816039990839,0.45500967919594659,0,-0.00011317600531674997,-0.0044737777842158329,0.47957200904692548,0.00033146144562144926
1,0,5214,212.57931777338305,33.645018484502771,0.45528816039980496,0,-6.555273935902966e-05,-0.010381483035821674,0.47998370778440685,0.00042285695902147285
1,0,5215,212.60899343296936,33.740933578147924,0.45556017848721941,0,-2.1652657026093964e-05,-0.014788510682883296,0.48035867769948887,0.00050287613031481328
1,0,5216,212.63859254455502,33.836611791869096,0.4558383111768784,0,1.7956079336786776e-05,-0.017968813147119799,0.4807140588949193,0.00056990795407526045
1,0,5217,212.6681013758234,33.932011470679925,0.45610892299442379,0,5.1430032238968209e-05,-0.01976601631364645,0.48103315947649772,0.00061867984227764836
1,0,5218,212.69753333223801,34.027172967124187,0.456386845679016,0,7.9074591382066102e-05,-0.02047386614289734,0.48133616831714515,0.00065043923260476536
1,0,5219,212.72687845636133,34.122066644796753,0.45665603320877302,0,9.9788570198850281e-05,-0.020088292047310601,0.48160752664765516,0.00066245492301894755
1,0,5220,212.75614573906259,34.216718828043312,0.45693370563197816,0,0.0001142525495239947,-0.018862091430871766,0.48186910505364305,0.00065714187947435985
1,0,5221,212.78533020523784,34.31111571010107,0.4572016507756877,0,0.00012231083815766717,-0.016909255291078236,0.4821059356478733,0.00063462210679062576
1,0,5222,212.81443524484615,34.405265851297884,0.45747672987826071,0,0.00012462328591585352,-0.014423421719667583,0.48233835723720025,0.0005973220512134269
1,0,5223,212.84346203244613,34.499174458683264,0.45774603652830242,0,0.00012186013338872452,-0.011578774437051345,0.48255777907731146,0.00054768532377006155
1,0,5224,212.87240721042377,34.592829715615416,0.45801824238782718,0,0.00011452526027776869,-0.0085212117591087402,0.48277565427904878,0.00048775021193968039
1,0,5225,212.90127923090006,34.68625874109302,0.45828939366463345,0,0.00010382905628402299,-0.0054104558972934876,0.48299157741107923,0.00042109229344338111
1,0,5226,212.93006688047979,34.779426149698359,0.45855853489327225,0,9.0154670449707258e-05,-0.0023798911223895883,0.4832074634936242,0.00034962074043178959
1,0,5227,212.95878472534855,34.872377129646587,0.45883157524123447,0,7.4770095463044863e-05,0.00048208452336744528,0.48345426478198655,0.00027655215455170802
1,0,5228,212.98741938649133,34.96507058855051,0.45909784384693564,0,5.8219466172842766e-05,0.0030438219239655234,0.48378079788200612,0.00020423733647306351
1,0,5229,213.015982933884,35.057542953755387,0.45937144534622415,0,4.1373661532826231e-05,0.0052822341470860545,0.48411123025383274,0.00013462898255257999
1,0,5230,213.0444697497274,35.149778121190622,0.45963642502023044,0,2.4880218795278298e-05,0.0071225039868464818,0.48442523672604781,6.9833689781639678e-05
1,0,5231,213.07288122193097,35.24177863397685,0.45990643015813865,0,9.290234532475481e-06,0.0085413794126735776,0.48473530843834428,1.1299475864726082e-05
1,0,5232,213.10122288437768,35.333562892417646,0.46017467245248539,0,-5.004633428862859e-06,0.0095607442026720228,0.4850353401336433,-4.0324487491320093e-05
1,0,5233,213.12948445995997,35.425098270641094,0.46044095068136104,0,-1.7403047763977387e-05,0.010128589449697757,0.48532399665289433,-8.3122456534011083e-05
1,0,5234,213.15767937228736,35.516426459972614,0.46071197575091122,0,-2.797291181610681e-05,0.010338651927826429,0.48560963818038283,-0.00011812785110867716
1,0,5235,213.18579741503424,35.607516419109075,0.46097526006141248,0,-3.6262882639750411e-05,0.010169867819358922,0.48587985174648562,-0.00014400411959486861
1,0,5236,213.21384545126816,35.698388125141925,0.46124425503882982,0,-4.2406289043295328e-05,0.009695656225550707,0.48614905088960797,-0.00016170643352363722
1,0,5237,213.24182475343795,35.789046736118372,0.46150973876563151,0,-4.6454958870375793e-05,0.0089659128883395837,0.48640947018119934,-0.00017175801604442945
1,0,5238,213.26972799036764,35.879468470717228,0.46177465614268892,0,-4.8281672839718823e-05,0.0080087559002265246,0.48666452602556831,-0.0001740041574361837
1,0,5239,213.29756666348146,35.96968932203761,0.4620438366376689,0,-4.8360107644362104e-05,0.0069074517898645143,0.48692060734644749,-0.00017033797109005747
1,0,5240,213.32533151758253,36.059681100343234,0.46230545553841906,0,-4.6637852200165024e-05,0.0056979265961680679,0.48716717320400099,-0.00016085943898922636
1,0,5241,213.35302827375847,36.149460261251917,0.46257202906820816,0,-4.346349366866795e-05,0.0044405001116973857,0.48741747129761709,-0.00014698714453547585
1,0,5242,213.38066046626761,36.239038880892856,0.46283707567047677,0,-3.9203989653357457e-05,0.003175146037439363,0.48766615106480848,-0.00012986222302021496
1,0,5243,213.4082172865875,36.328382694036499,0.46309932001886239,0,-3.3957208288311573e-05,0.0019512044150248196,0.48791303494099647,-0.00011007712121643272
1,0,5244,213.43571155067326,36.417531390136588,0.46336684741792189,0,-2.8150008057002297e-05,0.00079642813296511999,0.48816643156358669,-8.9003306496855051e-05
1,0,5245,213.46313800526156,36.506469547468043,0.46362769421333599,0,-2.1991178315183359e-05,-0.00025416581001706605,0.48842633125670581,-6.7406029905913844e-05
1,0,5246,213.49049508547733,36.595190863689723,0.46389078203951917,0,-1.5731840667184796e-05,-0.0011731833030794558,0.48871912904138887,-4.6128173606578423e-05
1,0,5247,213.5177907414803,36.683720776662611,0.46415691587779956,0,-9.5894653963895247e-06,-0.0019597808357789711,0.48901208224668719,-2.5788182570299781e-05
1,0,5248,213.545016431346,36.772033043927756,0.46441618336093987,0,-3.7887847587964787e-06,-0.0025842299875197721,0.48929508210573702,-7.1508301854472308e-06
1,0,5249,213.57217758306322,36.860143383087781,0.46467955676985795,0,1.5316400152249786e-06,-0.0030543500947787117,0.48957876290361002,9.4383025328269847e-06
1,0,5250,213.59927841413921,36.948065837846528,0.46494335297658795,0,6.2313183252300807e-06,-0.0033855972581448221,0.48985992053474725,2.3798516521455894e-05
1,0,5251,213.62630816809991,37.035766675742565,0.46520227181317414,0,1.0210187920194268e-05,-0.0035486867492151106,0.4901328638101245,3.5276793828417421e-05
1,0,5252,213.65327710427107,37.123277208743716,0.46546545932305189,0,1.3470677885899251e-05,-0.0035816278986380086,0.4904071277311382,4.4173256485399961e-05
1,0,5253,213.68018647031062,37.210602184098832,0.46568294360812734,0,1.5997122941331506e-05,-0.0034983806806962977,0.49063522818340904,5.0520523277963953e-05
1,0,5254,213.70702537527632,37.297438207908719,0.45801180987247214,0,1.7649841828593064e-05,-0.0032955267532586729,0.48330980136047191,5.3930099438998689e-05
1,0,5255,213.733806542976,37.382318364556504,0.44353632708870017,0,1.8598963471939373e-05,-0.0030103348589825096,0.4694103165260059,5.5047855578833174e-05
1,0,5256,213.76053097645266,37.463914101890744,0.42721717962185107,0,1.8875035104635529e-05,-0.0026577300478654517,0.4536477100795675,5.403567692190968e-05
1,0,5257,213.78719248907626,37.541413147703885,0.41171737045922296,0,1.8442096944066978e-05,-0.002248091980967897,0.43856739904338499,5.0859377993876605e-05
1,0,5258,213.81380357014541,37.615628575963491,0.39687428480730164,0,1.7487941026209156e-05,-0.0018081130524450438,0.42404151654980415,4.6158727594972073e-05
1,0,5259,213.84036589435797,37.686669356342854,0.3826661287314298,0,1.6083636437371606e-05,-0.0013524528948191091,0.41005783820432107,4.020178696545619e-05
1,0,5260,213.86687385600422,37.75417040471973,0.36916591905605456,0,1.4255235883347373e-05,-0.00089752180085290458,0.39668634519048723,3.3161576732716763e-05
1,0,5261,213.89333828295833,37.818836694522787,0.35623266109544333,0,1.214238695851696e-05,-0.00045912380589587177,0.38381107048733815,2.5535912740759189e-05
1,0,5262,213.91976103127757,37.880789030376711,0.34384219392465837,0,9.8377360566883432e-06,-4.668926275926814e-05,0.37141556054748553,1.7600910193174107e-05
1,0,5263,213.94613670974707,37.939676291308238,0.33206474173835215,0,7.4213909446156566e-06,0.00032337944947028938,0.35957808449783629,9.6532179577590008e-06
1,0,5264,213.97247443181564,37.99609187221143,0.32078162555771472,0,4.9966380798036542e-06,0.00064933740889874109,0.34818646655164037,1.9651646994729796e-06
1,0,5265,213.99877607087561,38.050157726158048,0.30996845476839013,0,2.6310318980395613e-06,0.00092636540035492777,0.33722080968454715,-5.262166069577977e-06
1,0,5266,214.02503801462944,38.101638572440471,0.29967228551190539,0,4.1068886672965043e-07,0.0011426363255636928,0.32672808471830062,-1.1736790832174943e-05
1,0,5267,214.05126601329476,38.150908832953469,0.28981823340930685,0,-1.6209328095495132e-06,0.0013026436541260229,0.31664342798958667,-1.737844721512022e-05
1,0,5268,214.07746271285203,38.19814078861328,0.28037184227734491,0,-3.4298722597906517e-06,0.0014086485823520951,0.30693801408083543,-2.2116655568425435e-05
1,0,5269,214.10362619344841,38.24320937789269,0.2713581244214619,0,-4.9555277913702999e-06,0.0014567012542408447,0.29763838072198562,-2.577460806269739e-05
1,0,5270,214.1297589826905,38.286279178747705,0.26274416425045932,0,-6.1577068619668633e-06,0.0014545086886672569,0.28871670509055902,-2.8352259747577528e-05
1,0,5271,214.15586457680905,38.327577859671784,0.2544844280656437,0,-7.0479716487503142e-06,0.0014100385594712336,0.28013241780074855,-2.993892047441814e-05
1,0,5272,214.18194258851705,38.367080174101901,0.24658396517961972,0,-7.6424915008392455e-06,0.0013235003019784841,0.27189269464181703,-3.0520610093793823e-05
1,0,5273,214.20799261762616,38.40476003397503,0.23904799320499459,0,-7.9200938948519143e-06,0.0012008514065754805,0.2640050856427138,-3.0111133603261135e-05
1,0,5274,214.23401898291738,38.440898693500145,0.23182026129997138,0,-7.9350194503576176e-06,0.0010529601591943286,0.25641729908884131,-2.8913298061896808e-05
1,0,5275,214.26002263326325,38.475557935389851,0.22488841292202952,0,-7.7092567447326672e-06,0.00088601606015251968,0.24911901424788183,-2.7022242739336867e-05
1,0,5276,214.28600061401022,38.508545303452351,0.21829093930952956,0,-7.2350198613499027e-06,0.00070491981522297802,0.24215002975095951,-2.4455429132612846e-05
1,0,5277,214.31195797749851,38.540189843306706,0.21196203133865893,0,-6.5864886452598872e-06,0.00051873481094573523,0.2354471962241643,-2.1449963857190412e-05
1,0,5278,214.33789555722186,38.570545828922754,0.20589083421544982,0,-5.7961686398919155e-06,0.00033297305297624657,0.22900107774076151,-1.8121351069557805e-05
1,0,5279,214.3638119745234,38.599523451461067,0.20009530970778663,0,-4.8886808061545059e-06,0.00015390570400060802,0.22283107707113539,-1.4572986129787958e-05
1,0,5280,214.38970916618419,38.627248845767809,0.1945502308464381,0,-3.9314835975100892e-06,-1.5424668051963107e-05,0.21691402757164815,-1.0946680060877029e-05
1,0,5281,214.41558909697119,38.653849973162757,0.18923000536744902,0,-2.9501467025141106e-06,-0.00017048079179781642,0.21122622851703868,-7.3497898883867367e-06
1,0,5282,214.4414517346917,38.679324727104763,0.18413505457904708,0,-1.9480883356976097e-06,-0.00030526536646645748,0.20576735848031216,-3.8792301878417928e-06
1,0,5283,214.46729639608188,38.703628593149887,0.17927428137002274,0,-9.7766868966649571e-07,-0.00041715874079120859,0.2005470499350793,-6.4989853025547411e-07
1,0,5284,214.49312598374789,38.726950624128122,0.17460987517437643,0,-6.1656820750102986e-08,-0.00050739909042613756,0.19552764753431803,2.2920613116853576e-06
1,0,5285,214.51894109882682,38.749329968612209,0.17013400627755826,0,7.7998807130361047e-07,-0.00057533025683264032,0.19070185361532505,4.8933992156501256e-06
1,0,5286,214.54474031837159,38.770673933389723,0.16586521332205556,0,1.5152611409654261e-06,-0.00061763358202263747,0.18608956659645118,7.0521099405388526e-06
1,0,5287,214.57052590172592,38.791129677514704,0.16177406449705914,0,2.1409976850363122e-06,-0.00063766835626565726,0.18166116332128424,8.7838900350453512e-06
1,0,5288,214.59629883329237,38.810761316595801,0.15784773668083973,0,2.6526961334616794e-06,-0.00063738668203670813,0.17740396168079026,1.0090912054661806e-05
1,0,5289,214.62205885539603,38.829552060893768,0.15408958782124682,0,3.0384767850172415e-06,-0.00061732044673766659,0.17332205151249766,1.0946731848772315e-05
1,0,5290,214.64780594377302,38.847500324335776,0.15049993513284463,0,3.297175140929503e-06,-0.00057857501158957068,0.16941637923891173,1.1344917084692134e-05
1,0,5291,214.67354196455037,38.864727658767585,0.14705446824648324,0,3.4351977338725128e-06,-0.00052660042307517863,0.16566202980643863,1.1356834158065168e-05
1,0,5292,214.69926735460825,38.881262518273616,0.14374749634527709,0,3.4448936671500081e-06,-0.00046488604983525449,0.16205346010901392,1.1014957791970044e-05
1,0,5293,214.72498097991632,38.897031028714714,0.14059379425705759,0,3.3337469373602273e-06,-0.00039375118145438642,0.15860672278227428,1.0319241675681799e-05
1,0,5294,214.75068468146964,38.912153107809466,0.1375693784381071,0,3.1290100311276831e-06,-0.00031736406944349972,0.15529691340071006,9.3661286656166689e-06
1,0,5295,214.77637907633073,38.926668947940193,0.13466621041196114,0,2.8459844399252314e-06,-0.00023846018639231713,0.15211585732524119,8.2128554438836798e-06
1,0,5296,214.80206396728994,38.940565699859782,0.13188686002804359,0,2.4952845197093375e-06,-0.00015961133241991116,0.149066631356957,6.9045248113930987e-06
1,0,5297,214.82773935316271,38.953843283366567,0.12923134332668629,0,2.0918836167317841e-06,-8.358778541754384e-05,0.14614959966450414,5.4978927382193731e-06
1,0,5298,214.85340658740176,38.966589860925986,0.12668202781480389,0,1.6572238344810085e-06,-1.2247708484283278e-05,0.14334627382767789,4.0573227142359107e-06
1,0,5299,214.87906598931755,38.978826230712727,0.12423475385745444,0,1.2053330556835078e-06,5.2758907564860448e-05,0.14065297980331892,2.6285836189024041e-06
1,0,5300,214.90471677711218,38.990501462955642,0.1218997074088715,0,7.5886434062952534e-07,0.00010943952692721465,0.13808039836918096,1.2672491685103108e-06
1,0,5301,214.93036019902706,39.001696868085034,0.11966062638299381,0,3.541654299691915e-07,0.00015938346225632475,0.13561108137226935,4.4656579413863642e-09
1,0,5302,214.95599675681416,39.012445129530207,0.11751097409395878,0,-3.4029690924276755e-08,0.00019904392538950909,0.13323815195539415,-1.1377510761930728e-06
1,0,5303,214.98162639012961,39.022742314770653,0.11545153704586902,0,-3.8443868848583478e-07,0.00022872300939957746,0.13096264160697979,-2.1307563162764639e-06
1,0,5304,215.0072489261876,39.032577166441285,0.11348456671174267,0,-6.8597580268702067e-07,0.00024775638742001557,0.12878717055279287,-2.9458242183121738e-06
1,0,5305,215.03286544443486,39.042020001121074,0.11159599977578567,0,-9.389184955530171e-07,0.00025770580430592666,0.1266966779355177,-3.5940281849212838e-06
1,0,5306,215.05847617923547,39.051086084820746,0.1097827830358514,0,-1.1403480090969576e-06,0.00025912222064833188,0.1246879829651157,-4.0728063680235488e-06
1,0,5307,215.08408065854198,39.059744665668447,0.10805106686631102,0,-1.2820041647413434e-06,0.00025183424892499963,0.1227679131875567,-4.3633140529395611e-06
1,0,5308,215.10967959113347,39.068041914683839,0.10639161706323258,0,-1.3687133666931509e-06,0.00023754390877105735,0.12092655863046252,-4.4879010428406082e-06
1,0,5309,215.13527345122233,39.076008722761323,0.10479825544773627,0,-1.4049954240650225e-06,0.00021764490271345227,0.11915729796230472,-4.4662632677966774e-06
1,0,5310,215.1608623069765,39.083649529759164,0.10327009404816713,0,-1.3939727159904533e-06,0.00019302223444663181,0.11745926306138792,-4.3097632621826861e-06
1,0,5311,215.18644580245095,39.090941147139354,0.10181177057212983,0,-1.3643853201682471e-06,0.00016209464798711831,0.11583762233268931,-4.0205920448063182e-06
1,0,5312,215.21202484778868,39.09794286442515,0.10041142711497048,0,-1.282645810847939e-06,0.0001306437217518939,0.11427951771333326,-3.6335326244129034e-06
1,0,5313,215.23759961554356,39.104665921870378,0.099066815625924454,0,-1.1706914397609376e-06,9.802099987280616e-05,0.112782550492179,-3.1673673568852393e-06
1,0,5314,215.26316987036938,39.111094987342007,0.097781002531598563,0,-1.0321773051305612e-06,6.5280638469876834e-05,0.11135016758705228,-2.637049970383003e-06
1,0,5315,215.28873590603206,39.117249197408249,0.09655016051835108,0,-8.7465699827707786e-07,3.3495698699849175e-05,0.10997824239412557,-2.0670022846532467e-06
1,0,5316,215.31429818777178,39.12315885941225,0.095368228117550399,0,-7.0564439461391335e-07,3.4334866750858589e-06,0.10866019349213688,-1.4797574897427823e-06
1,0,5317,215.33985686092626,39.128833440893423,0.094233311821315127,0,-5.3066915875604233e-07,-2.424597469654761e-05,0.10739416566418854,-8.9247612488447639e-07
1,0,5318,215.36541148531566,39.134244265889912,0.093151146822017819,0,-3.5567965267927979e-07,-4.8414721876500437e-05,0.10618636255775209,-3.261122303580396e-07
1,0,5319,215.39096279884112,39.139439404480584,0.092112119103883575,0,-1.8610671937315391e-07,-6.9124973482316931e-05,0.10502617125854401,2.0667072035204802e-07
1,0,5320,215.41651094470092,39.14442818499051,0.091114363001898444,0,-2.4350829264877879e-08,-8.5982399455421992e-05,0.10391156921024089,6.9457668900149842e-07
1,0,5321,215.44205585252294,39.149206022668615,0.090158795466276809,0,1.2398030489636268e-07,-9.868835795526836e-05,0.10284360930661814,1.1238204255342286e-06
1,0,5322,215.46759752931402,39.153773373619622,0.089245325276075788,0,2.543663178661427e-07,-0.00010706614947324179,0.10182223138366074,1.4827211268063921e-06
1,0,5323,215.49313642503685,39.158159550539125,0.088368089892175122,0,3.663087147962143e-07,-0.00011164420496384171,0.10084098176464863,1.7731321211846991e-06
1,0,5324,215.51867264705675,39.162371547552766,0.087525690489446542,0,4.5834964518355628e-07,-0.00011260972737420921,0.099898339618837581,1.9926402836464021e-06
1,0,5325,215.54420596457487,39.16639432885956,0.086721134228088803,0,5.2681285261297256e-07,-0.00010981847164342082,0.098997671311018318,2.131366392377114e-06
1,0,5326,215.56973673110903,39.170250924370848,0.085949815125830359,0,5.7348963563319226e-07,-0.00010397740357664843,0.09813389721611708,2.1980378120003857e-06
1,0,5327,215.59526514978506,39.173954566677715,0.085209086664457229,0,5.9978123715801704e-07,-9.5620065984522529e-05,0.097304103697096217,2.199356544164271e-06
1,0,5328,215.6207912561479,39.177507571207627,0.084498485758475156,0,6.0621907154513723e-07,-8.5130210490906897e-05,0.09650779907640282,2.1389695412384602e-06
1,0,5329,215.64631487764771,39.180898696836991,0.083820260632602686,0,5.9224869680102811e-07,-7.2826590764496631e-05,0.095747509705138303,2.0174539692518834e-06
1,0,5330,215.67183643718505,39.184155493688486,0.083168901262302808,0,5.4968106080049528e-07,-6.0588212334387001e-05,0.09501712997147399,1.8513113994982776e-06
1,0,5331,215.69735601418955,39.187283136150192,0.082543372769961834,0,4.9757138106273746e-07,-4.726236404666345e-05,0.094315519212293628,1.6512647931812732e-06
1,0,5332,215.72287351588315,39.190275579945364,0.08194488401092806,0,4.4422493932950615e-07,-3.2917046438199237e-05,0.093644041146059967,1.4252499212747032e-06
1,0,5333,215.74838904557848,39.193139555359991,0.081372088928002295,0,3.842329939173046e-07,-1.8830346626637858e-05,0.093001217007731327,1.1814910059992548e-06
1,0,5334,215.7739028338913,39.195890086049516,0.080821982790096641,0,3.2059117087219925e-07,-5.3219447024685401e-06,0.0923837102708462,9.2814548672372697e-07
1,0,5335,215.79941494786499,39.198531539555113,0.080293692088977409,0,2.5547424762059309e-07,7.345005139946855e-06,0.091790622363051549,6.7107166749264394e-07
1,0,5336,215.82492520641358,39.201052118653109,0.079789576269377757,0,1.9129593776996905e-07,1.8762166130493474e-05,0.091224570968741286,4.1665751690417921e-07
1,0,5337,215.85043390511387,39.203471079039701,0.079305784192060122,0,1.300260640627384e-07,2.8903518305481648e-05,0.090681221439557119,1.6991261778211106e-07
1,0,5338,215.87594113294981,39.205794217632345,0.078841156473531501,0,7.3185462838087298e-08,3.76933467692628e-05,0.090159286335955977,-6.5437790314882314e-08
1,0,5339,215.90144688335951,39.208021106881759,0.078395778623649007,0,2.2388203763455234e-08,4.5016458003200623e-05,0.089658869430000426,-2.8559794722258187e-07
1,0,5340,215.92695110676493,39.210148516859022,0.077970296628195393,0,-1.60935428040111e-08,5.1149558804797798e-05,0.089180703478392423,-4.8695999196193168e-07
1,0,5341,215.9524540379667,39.212191743988214,0.077561651202357515,0,-5.1092584682962572e-08,5.5517338447008799e-05,0.088721371369229279,-6.7204735608478686e-07
1,0,5342,215.97795572664134,39.214154024481203,0.07716919510376001,0,-9.8306522021681921e-08,5.6932527597389127e-05,0.088280150007517169,-8.3882237150678613e-07
1,0,5343,216.00345609280751,39.216030147747631,0.076793970450474411,0,-1.4218926707167155e-07,5.6721278352513376e-05,0.087858218513058209,-9.7945905489594171e-07
1,0,5344,216.02895524552994,39.217827218962533,0.076434556207493856,0,-1.8222407815836726e-07,5.5010956889057063e-05,0.087453992309817624,-1.0905476659487929e-06
1,0,5345,216.0544533065453,39.219553168833933,0.076089366233214342,0,-2.1820386123828383e-07,5.1966966043643711e-05,0.087065701158232381,-1.170855644021731e-06
1,0,5346,216.0799503178124,39.22121073081928,0.075757853836144071,0,-2.4983540433139663e-07,4.7672302146811619e-05,0.086692735782854427,-1.2182961589694621e-06
1,0,5347,216.10544614916626,39.222791425017405,0.075441714996519249,0,-2.7613381140556634e-07,4.2037384793251506e-05,0.086337002541945443,-1.2253084605983393e-06
1,0,5348,216.1309410196738,39.2243095229462,0.075138095410759595,0,-2.9784452077295903e-07,3.5383922209972629e-05,0.085995306888859382,-1.197166686118152e-06
1,0,5349,216.15643496777662,39.225767528929559,0.074846494214088816,0,-3.1505264670690476e-07,2.7828542842558954e-05,0.085667090921506428,-1.1339345594717306e-06
1,0,5350,216.1819279760789,39.227164308445637,0.074567138310872971,0,-7.1017990514051857e-05,-0.0061229481201086197,0.08537733274750034,5.369302685385122e-06
1,0,5351,216.20742004111645,39.228499269534225,0.07430014609315494,0,-0.00071416840334479869,-0.060442156507561698,0.085295141312674919,0.00013491582219543591
1,0,5352,216.23291129744894,39.229780775441419,0.074043844911717102,0,-0.00060966466102708051,-0.048981784304110917,0.084961365979042289,0.00041894456488615362
1,0,5353,216.25840177547101,39.231011866329489,0.073797626734101937,0,-0.00041708063952581453,-0.036386550636178218,0.084640781820522801,0.00077770804847528336
1,0,5354,216.28389141245373,39.23218863913543,0.07356227217291389,0,-0.00013251946307410841,-0.021040230200495311,0.08433289047598487,0.0011356558113054132
1,0,5355,216.30938029540201,39.233316725474175,0.07333665490516468,0,0.00022857694157783873,-0.0016306673802228004,0.084054756091772126,0.0014144471842389159
1,0,5356,216.33486848924025,39.234400105870577,0.073119978825884946,0,0.00065228928728402991,0.022946756913929892,0.083888297965544339,0.0015510555357893751
1,0,5357,216.36035601401173,39.235439579504373,0.07291208409912607,0,0.0011282405096017488,0.054059258763393056,0.083780021238405888,0.0014820998741243336
1,0,5358,216.38584280652245,39.23642981231356,0.072714037537288195,0,0.0016489547402736143,0.094302296536812324,0.083689092472634785,0.0011015268223466125
1,0,5359,216.41132900699651,39.237378625258117,0.072524274948377362,0,0.0021945175503511813,0.14359172335048145,0.083632791609542817,0.00039535119067067343
1,0,5360,216.43681464985477,39.238286392462683,0.072342721507463195,0,0.0023513757782877491,0.16854802480881959,0.083525910241912193,-0.00068044104391873069
1,0,5361,216.46229972480177,39.239154466622573,0.072169106675485095,0,0.0023916387628501535,0.19796774295003369,0.083581979812084595,-0.0021044543403807344
1,0,5362,216.48778424262997,39.239983151115432,0.072003369776913892,0,0.0023569509762706156,0.23338012208610567,0.083923961885083623,-0.0037764369943634212
1,0,5363,216.51326827579965,39.240777260821901,0.071844547835619721,0,0.002238205962779443,0.27070576394649842,0.08459074790551982,-0.0056105214325456454
1,0,5364,216.5387518406784,39.241537859042495,0.071692428191501775,0,0.0020417918551948666,0.30847542225496893,0.085611750509127699,-0.0075518416341179718
1,0,5365,216.56423489184903,39.242261646930963,0.071547670613807582,0,0.0017675049175156251,0.3448194570585163,0.087008644750362338,-0.0095448732399445735
1,0,5366,216.58971748856965,39.242952943577805,0.071409411284439311,0,0.0014331654491388107,0.37810777724272415,0.088664613763409381,-0.011521627251011234
1,0,5367,216.61519966147819,39.24361414756946,0.071277170486108321,0,0.0010520060479466623,0.40699290317488573,0.090451038283662216,-0.013428475081877764
1,0,5368,216.64068141392994,39.244245876314913,0.071150824737017837,0,0.00063447959808354132,0.43003243952175935,0.092226023132886401,-0.015212307373496985
1,0,5369,216.66616270704438,39.244846126967808,0.071030774606439154,0,0.00019049804449226617,0.44498559090810064,0.093796142096970042,-0.01679721349912847
1,0,5370,216.69164364168384,39.245420905737888,0.070915818852423429,0,0.00020660494670387208,0.49206043720689385,0.095218357537948647,-0.018172272112558223
1,0,5371,216.71712429043785,39.245966533460397,0.070806693307921206,0,0.0002205719301845665,0.52630691832102783,0.096268630872284849,-0.019411725638448042
1,0,5372,216.74260458782959,39.246485376892466,0.070702924621506666,0,-5.5759616420947095e-05,0.52754074857466515,0.096898518138498563,-0.020560537070502226
1,0,5373,216.76808451879052,39.246981793088715,0.070603641382256999,0,-0.00035047744524018502,0.52135688324123408,0.097186779093109618,-0.021572965499524199
1,0,5374,216.7935641238077,39.247459470986342,0.07050810580273148,0,-0.00065620489520112272,0.50807561926398115,0.097117010486690442,-0.022418967150564708
1,0,5375,216.81904341135885,39.247919973797572,0.070416005240485871,0,-0.00096751745495573735,0.48746073922434896,0.096659895121098613,-0.023064651382048676
1,0,5376,216.84452234629131,39.248362663495541,0.070327467300892288,0,-0.0012783112324497882,0.45822050610046733,0.095742310280437254,-0.023442737203756548
1,0,5377,216.87000097464974,39.248790823862564,0.070241835227487948,0,-0.0015826684487620826,0.42111469540881125,0.094419062335839785,-0.023551252500613046
1,0,5378,216.89547931557291,39.249205983708102,0.070158803258379879,0,-0.0018759069391547048,0.37637459123935091,0.09273364115792905,-0.02337769075348832
1,0,5379,216.92095737116799,39.249608598387248,0.070078280322551284,0,-0.0021531661944446177,0.32385373401425882,0.09073330190181729,-0.022896904694578241
1,0,5380,216.94643514012597,39.249997914822728,0.070000417035454982,0,-0.0022270780137222303,0.27863962451242424,0.088555962484521591,-0.022068231318187925
1,0,5381,216.9719127242185,39.250375661397747,0.06992486772045034,0,-0.0019411692774932907,0.25379455227899023,0.086432806343511498,-0.021003012752330373
1,0,5382,216.99739009668065,39.250742070775125,0.069851585844975222,0,-0.0018453447883353868,0.20322054975134837,0.084363409442638024,-0.019782271914385717
1,0,5383,217.02286722977544,39.251096391593499,0.069780721681300395,0,-0.0017053906130913676,0.15170018170287167,0.082610835021060425,-0.018425950415740296
1,0,5384,217.04834413260642,39.251438415648998,0.069712316870200561,0,-0.0015294219332931934,0.10060761619442715,0.081261016634607247,-0.016971971197819881
1,0,5385,217.07382082951821,39.251768765723554,0.069646246855289307,0,-0.0013276309672505151,0.051061452239908413,0.080316340785064652,-0.015460288976135097
1,0,5386,217.09929732654766,39.252087148220888,0.069582570355823034,0,-0.0011070407282985602,0.0040433642740106013,0.079767070071657967,-0.013919742448148678
1,0,5387,217.12477360101136,39.252391441590383,0.069521711681923878,0,-0.00087391842751827274,-0.038851674028917482,0.079906024701294168,-0.012381417940259622
1,0,5388,217.15024968572914,39.252683158835787,0.069463368232843589,0,-0.00063752225693774231,-0.077164891671631361,0.08030775034522504,-0.010873913566935385
1,0,5389,217.17572559164321,39.252962660964506,0.069407467807098486,0,-0.00040431510484689926,-0.11049891124485704,0.080846113338261305,-0.0094190289940941571
1,0,5390,217.2012013190209,39.253229729203348,0.069354054159330963,0,-0.0001805082426749622,-0.1383105712097083,0.081433427836503439,-0.0080392930452129283
1,0,5391,217.22667685940763,39.253483671194111,0.069303265761178401,0,2.6685662662655007e-05,-0.1598541638773335,0.08197830921056945,-0.0067620016749449412
1,0,5392,217.25215224291273,39.253726648786689,0.06925467024266245,0,0.00021470192608071494,-0.1758631588585686,0.082421242779163642,-0.0055883857159190605
1,0,5393,217.27762747596645,39.253959252424522,0.069208149515095727,0,0.00038036534006104651,-0.18644338383761816,0.082724098802731322,-0.0045271649682380967
1,0,5394,217.30310255095898,39.254181205920176,0.069163758815965634,0,0.00051861946678408372,-0.19132095748079295,0.082849694947402644,-0.003596201747986008
1,0,5395,217.32857747842036,39.254393511473211,0.069121297705357743,0,0.00062828220657086065,-0.19101586585717945,0.082799938034258155,-0.0027954867200637762
1,0,5396,217.35405227483585,39.254597513241215,0.069080497351756948,0,0.00071072264362079945,-0.1863449664322652,0.082601462574444381,-0.0021150559051308854
1,0,5397,217.37952694541971,39.254793768901841,0.069041246219631924,0,0.00076608232855302763,-0.17779229068952981,0.082278141795037188,-0.0015517105237686979
1,0,5398,217.40500147628717,39.254981668051535,0.069003666389693352,0,0.00079112888700645482,-0.16544198170139726,0.081850797150999355,-0.0011170477782068732
1,0,5399,217.43047589030493,39.255162729196869,0.068967454160626815,0,0.00079142212414174708,-0.15043578609724262,0.08137202744367493,-0.00078616413939938299
1,0,5400,217.45595019355409,39.25533738008388,0.068932523983224775,0,0.00076943298477168565,-0.13341109054608444,0.080876643323925593,-0.00054826826568643442
1,0,5401,217.48142438533912,39.255505598199044,0.068898880360191136,0,0.00072683099015917441,-0.11492080462665988,0.080396633173683577,-0.00039647382321379861
1,0,5402,217.50689846149064,39.255667100569966,0.068866579886006613,0,0.00066547501073163662,-0.095580111309784929,0.079963632718050973,-0.00032376218197099546
1,0,5403,217.5323724394643,39.255822821206401,0.068835435758720073,0,0.00059087838226133357,-0.076094138099763606,0.079590401790420498,-0.00030827718588097498
1,0,5404,217.55784632276431,39.255972870518164,0.068805425896367678,0,0.00050613343807119399,-0.056961100923178867,0.079285345619136652,-0.0003386331110927521
1,0,5405,217.58332010538308,39.256116759088592,0.068776648182282046,0,0.00041392794920026529,-0.038761218104167515,0.079057253089648019,-0.00040620534112475055
1,0,5406,217.60879379473394,39.25625481408462,0.06874903718307622,0,0.00031813521658451485,-0.021921694882358182,0.078897620576727168,-0.00049705805106892501
1,0,5407,217.63426740033788,39.256387530074534,0.068722493985093586,0,0.00022201997393731204,-0.0066883059138032911,0.078792096145363533,-0.0005993016340226381
1,0,5408,217.65974092534066,39.256515030080678,0.068696993983864169,0,0.00012818010524467486,0.0066873333129836504,0.078779073420753395,-0.00070422683651688816
1,0,5409,217.68521436025517,39.256636625641853,0.068672674871630091,0,4.0061798684099429e-05,0.017669480824916199,0.078830497054777154,-0.00080223185409312829
1,0,5410,217.71068772085269,39.256753311629275,0.068649337674144773,0,-4.0899815545226155e-05,0.026488315052793903,0.078881715993514484,-0.00088708451468205382
1,0,5411,217.73616101063971,39.256865306320712,0.068626938735857762,0,-0.00011319835919494078,0.03314609401165252,0.07892291260552356,-0.00095397385189123116
1,0,5412,217.76163422894106,39.256972567651957,0.06860548646960947,0,-0.00017503771227896464,0.037577476201134406,0.078946374459320998,-0.00099794500791618277
1,0,5413,217.78710737427434,39.257075015449871,0.068584996910025509,0,-0.00022469695192510209,0.039753386619486644,0.078946710830829339,-0.0010145172941537879
1,0,5414,217.81258045750539,39.257173390063222,0.06856532198735632,0,-0.00026304908956553517,0.040081235541072305,0.078926054715374935,-0.0010055142446525494
1,0,5415,217.83805348103809,39.257267872597076,0.068546425480584441,0,-0.00029002423495117906,0.038740363338356357,0.07888641099327641,-0.00097097719067977106
1,0,5416,217.86352644089388,39.257358230370542,0.068528353925891267,0,-0.00030463454958850754,0.035796565287258886,0.07883013891069203,-0.00090926002152633427
1,0,5417,217.88899934260129,39.257444842044748,0.068511031591051139,0,-0.00030809344530775021,0.031595980998762582,0.078763545058666701,-0.00082386627229242204
1,0,5418,217.91447219180893,39.257528083256958,0.068494383348608967,0,-0.00030189875858622795,0.026467566298298582,0.078692444696899788,-0.00071895384098097815
1,0,5419,217.93994499049805,39.257608085874303,0.068478382825139281,0,-0.00028703071115264314,0.02065386375063271,0.078621405912521411,-0.00059763383816511845
1,0,5420,217.96541773238016,39.257684444636695,0.068463111072661217,0,-0.00026350078621572865,0.014357059434252081,0.078555503472040503,-0.00046175408526997265
1,0,5421,217.99089042791999,39.257757823207527,0.068448435358494458,0,-0.00023400235011073359,0.007911289524265442,0.078497051860450487,-0.00031774735274371131
1,0,5422,218.01636307894304,39.257828329005612,0.068434334198877733,0,-0.00019985997354502323,0.0015265803396170177,0.078447508728088117,-0.00016943591509475443
1,0,5423,218.04183568469455,39.257895900608034,0.068420819878393158,0,-0.0001622806456962749,-0.0045805233672399758,0.078441762142734905,-2.076302251567289e-05
1,0,5424,218.06730824472427,39.257960494884216,0.0684079010231569,0,-0.00012269877260170415,-0.010185413138311689,0.0784533760156403,0.00012382438166112501
1,0,5425,218.09278076556959,39.258022527017673,0.068395494596466488,0,-8.2681819798561436e-05,-0.015191294608549769,0.07846796380778967,0.00026115314569092994
1,0,5426,218.11825324873135,39.258082088214074,0.068383582357185835,0,-4.3356431694464324e-05,-0.019494685772861637,0.078483159760135202,0.00038835624748921469
1,0,5427,218.14372569147469,39.258138994345799,0.06837220113084029,0,-6.0583959515419788e-06,-0.022919665602231503,0.078496246872212377,0.00050119638830547607
1,0,5428,218.16919809776454,39.258193505001969,0.068361298999605691,0,2.8299656340917184e-05,-0.025464749189038623,0.078505099921585525,0.00059819701110656843
1,0,5429,218.19467047096148,39.258245843206311,0.06835083135873829,0,5.9126498568026385e-05,-0.027161271459451984,0.078508495033281028,0.00067871571582997427
1,0,5430,218.22014281220694,39.258296088068654,0.068340782386268825,0,8.5848818600018089e-05,-0.028015757864018501,0.078505600521389579,0.00074176300693788331
1,0,5431,218.24561511781948,39.25834400575706,0.068331198848588834,0,0.00010722151661435216,-0.02793737517464874,0.078495133683734938,0.00078391372607435311
1,0,5432,218.27108739437776,39.258390032835869,0.06832199343282705,0,0.00012383110753465021,-0.027121308512116627,0.078478619215684942,0.00080837396836177914
1,0,5433,218.29655964299914,39.258434247806932,0.068313150438614273,0,0.00013559564072431707,-0.025641451418762888,0.078456890472398177,0.000815715914231304
1,0,5434,218.32203186306521,39.258476616141721,0.068304676771655484,0,0.00014228027738370715,-0.023550278553497971,0.078430874780213586,0.00080589942761436699
1,0,5435,218.34750405463487,39.258517146139546,0.068296570772091669,0,0.00014391979223380398,-0.020939241959965802,0.078401987379529789,0.00077981259926790186
1,0,5436,218.37297622163686,39.258556093518649,0.068288781296270848,0,0.00014136367266213705,-0.017970476430979286,0.078371949655897222,0.00074082207454623889
1,0,5437,218.39844836500362,39.258593518861908,0.068281296227618721,0,0.00013501400335639221,-0.014745797686575921,0.078341961056079476,0.0006907093272416271
1,0,5438,218.42392048286459,39.258629300630993,0.068274139873801556,0,0.00012498433758093396,-0.011359407416330536,0.078313301865207102,0.00063048332445195005
1,0,5439,218.44939257796784,39.258663613616285,0.068267277276743005,0,0.00011214491406058283,-0.0079367345602452035,0.078286783944706492,0.00056320077191757037
1,0,5440,218.47486465177954,39.258696580891026,0.06826068382179476,0,0.0006624157868866488,0.044532369681603172,0.07842333744243217,0.00048733479351862686
1,0,5441,218.50033670447144,39.258727221448865,0.068254555710226775,0,0.00081154572423797981,0.057744007314235762,0.078450607886875773,0.00030278398623110312
1,0,5442,218.5258087382139,39.258756435774252,0.06824871284515005,0,0.00066604830806635935,0.051136560861374795,0.078427443167626051,-5.0205195337097901e-05
1,0,5443,218.55128075566606,39.258784818703298,0.068243036259340667,0,0.00043289174746008441,0.042406846453597311,0.078415985044958322,-0.00047250288347244643
1,0,5444,218.57675275512165,39.25881240212648,0.068237519574703559,0,0.0001185804760086328,0.030335474625332693,0.078413398304604864,-0.00089222354859908439
1,0,5445,218.60222473339354,39.258839024530005,0.068232195093998804,0,-0.00027291487275949458,0.01321918700411384,0.078405388288303124,-0.0012289385758691383
1,0,5446,218.62769668920814,39.258864360737597,0.068227127852480585,0,-0.00073131437206870825,-0.010638410392909723,0.078434330179887865,-0.0013970717324497304
1,0,5447,218.65316862652199,39.25888808817929,0.068222382364142103,0,-0.0012378075136020316,-0.04197986087553051,0.078553832831333867,-0.00134356229971147
1,0,5448,218.67864054997096,39.258909613816648,0.068218077236671143,0,-0.0017804383615913097,-0.081972084096693598,0.078655205247190316,-0.0010103073941550424
1,0,5449,218.70411246846234,39.258927590341017,0.068214481931796939,0,-0.0023486094702916556,-0.13305900750487507,0.078757168728702392,-0.00029330209719587315
1,0,5450,218.72958439593344,39.258940961519571,0.068211807696085994,0,-0.0025339650181668105,-0.16191755605631034,0.078804187738937381,0.00082256842622172434
1,0,5451,218.75505633587926,39.258953130778593,0.068209373844281343,0,-0.0023696156796959413,-0.17617361624208031,0.078932755768305995,0.0022506752679871717
1,0,5452,218.78052828681629,39.25896480993331,0.068207038013338037,0,-0.0023651652799069715,-0.21712648862565559,0.079413651716268435,0.0038855151300727403
1,0,5453,218.80600025137755,39.258973567033635,0.068205286593273171,0,-0.0022841444756413511,-0.26098037621414266,0.080295993974703064,0.0057005202320590731
1,0,5454,218.83147222764896,39.258979396712576,0.068204120657485073,0,-0.0021434011302895128,-0.30586727515670786,0.081562864640722821,0.0076256673189836789
1,0,5455,218.85694421502714,39.258981930823175,0.06820361383536587,0,-0.0019497601354548728,-0.35049111942930267,0.083200697746559943,0.0096207394714257471
1,0,5456,218.88241621330792,39.258980551048211,0.06820388979035745,0,-0.0017080791004558504,-0.39337495326117355,0.085170896989798073,0.011644836928618335
1,0,5457,218.9078882213789,39.258974952054544,0.068205009589091967,0,-0.001427770403777606,-0.43304122581874521,0.08736191927589515,0.013650628004235679
1,0,5458,218.93336023718112,39.258965505199413,0.068206898960117238,0,-0.0011218033633624335,-0.46862925023013152,0.089623670157597604,0.015599464787715874
1,0,5459,218.95883225971284,39.258952413989022,0.068209517202195952,0,-0.00079887767821626324,-0.49922824905657004,0.09182867864204497,0.017457125221380931
1,0,5460,218.98430430675344,39.258935727060006,0.068212854587999597,0,-0.00064187859958896986,-0.53795949771273011,0.093880212401210958,0.01918199787169779
1,0,5461,219.00977645811392,39.258912471443672,0.068217505711266363,0,-0.00096556938336087386,-0.60836240851903878,0.09584056223332553,0.020864077919660551
1,0,5462,219.03524862727585,39.258881426096252,0.068223714780750219,0,-0.00065649934540900354,-0.61727298471376768,0.097377530929157352,0.022549950623933949
1,0,5463,219.06072078759598,39.25885033254508,0.06822993349098376,0,-0.00029339854760102409,-0.61940398376800243,0.098695909368697377,0.024161677253754024
1,0,5464,219.08619292703224,39.258820453196321,0.068235909360735356,0,0.00012026116182087286,-0.61282741717985445,0.099634989419908698,0.025606017223033697
1,0,5465,219.11166503955477,39.25879277992825,0.068241444014350741,0,0.00056778946603864265,-0.59780078211337129,0.10013408519396243,0.026838227815726645
1,0,5466,219.13713711861564,39.258768333454093,0.068246333309182131,0,0.0010398615544563868,-0.57358658082559955,0.10010709600799092,0.027804571788669494
1,0,5467,219.16260915572187,39.258748513019874,0.068250297396025825,0,0.0015273451204155437,-0.53864651836528765,0.099432158520838837,0.028426032499895282
1,0,5468,219.18808114734253,39.258734352638356,0.06825312947232888,0,0.0020187329932805464,-0.49224365026887307,0.098059332274958833,0.028648364273727793
1,0,5469,219.21355309727898,39.258725991859507,0.068254801628098424,0,0.0025037733119759971,-0.43491668149078527,0.096049355042505391,0.028466690500028733
1,0,5470,219.23902501257527,39.258723656756153,0.068255268648769254,0,0.0023707649876811765,-0.4186771659147277,0.093683702671658459,0.027852222507711348
1,0,5471,219.2644970653009,39.25872649843393,0.06825470031321379,0,0.0023896431116391332,-0.37022359897858903,0.09081083892066702,0.026836807768981622
1,0,5472,219.28996912660287,39.258735189208153,0.068252962158369249,0,0.0023589934024068194,-0.31527117831846768,0.087865182769692587,0.025583656921458028
1,0,5473,219.31544118751691,39.25874912629785,0.068250174740430505,0,0.0022692788104991236,-0.25701268040555286,0.085055287392730314,0.024136455004207042
1,0,5474,219.34091324440229,39.258767636535993,0.068246472692802485,0,0.0021254931090708635,-0.19680353943430998,0.082568489201946996,0.022526099892927153
1,0,5475,219.36638529249728,39.258789933121591,0.068242013375682573,0,0.00193100204386765,-0.13620214032127009,0.080616269006438354,0.020780107962535266
1,0,5476,219.39185732960962,39.258814263928777,0.068237147214245578,0,0.0017013905075152198,-0.076754369535035658,0.079219113703052221,0.018956030175811871
1,0,5477,219.41732935335179,39.258839509128677,0.068232098174264261,0,0.0014450731810849264,-0.019702554058315894,0.078392310501486456,0.017088511015784204
1,0,5478,219.44280136044659,39.25886454307615,0.06822709138477033,0,0.0011697369514675484,0.033357904873962958,0.078381827185998343,0.015212820775564326
1,0,5479,219.468273349691,39.258888345770337,0.068222330845932891,0,0.00088562730111998902,0.081083947053749189,0.078933452597822237,0.013366391533676223
1,0,5480,219.49374532211294,39.258910365770269,0.068217926845946505,0,0.00060194695948472682,0.12310898549888988,0.079732023720426509,0.011576723716302861
1,0,5481,219.51921727792555,39.258930255301372,0.068213948939725697,0,0.00032585821402345054,0.15896094375939576,0.080648075977693023,0.0098678218553012193
1,0,5482,219.54468921548732,39.258947560629316,0.068210487874137499,0,6.6756728244012846e-05,0.18733265416281433,0.081547686931267085,0.0082781847498653999
1,0,5483,219.57016113794617,39.258962699164719,0.068207460167056866,0,-0.0001709736171506337,0.20892091100728785,0.082324281202745514,0.006813430733623619
1,0,5484,219.59563304685491,39.258976013483405,0.068204797303319811,0,-0.00038341362930197683,0.22395483180440348,0.08291415005781845,0.0054827075218541604
1,0,5485,219.62110494299461,39.258987852312828,0.068202429537435397,0,-0.00056609412516963242,0.23241865629218084,0.083270058881728823,0.0042994437039210473
1,0,5486,219.64657682648379,39.258998628814098,0.068200274237180364,0,-0.00071307026787251324,0.23407781880614864,0.083353502284543746,0.0032840104995333166
1,0,5487,219.67204869994364,39.259008962661611,0.068198207467677574,0,-0.0008273913896399591,0.23028085131796683,0.083210908987545351,0.0024161899839155545
1,0,5488,219.69752056410812,39.259019241359496,0.068196151728101603,0,-0.00090882736371786081,0.22157142889819786,0.082871317880981579,0.0016931302854363713
1,0,5489,219.7229924187026,39.259029831762753,0.068194033647449942,0,-0.00095497973651237095,0.20821174108486085,0.082364760799972972,0.001121968116400907
1,0,5490,219.7484642648171,39.259040988037505,0.068191802392498807,0,-0.0012361354862335133,0.16775185897286776,0.081661581581331633,0.00069959676883235241
1,0,5491,219.77393610368188,39.259052949033965,0.068189410193207303,0,-0.0015630541911635836,0.12070464052418833,0.080872024705515036,0.00048451308202007075
1,0,5492,219.79940793379302,39.259065644431026,0.068186871113795719,0,-0.0014317850072468965,0.10759355143106178,0.080163472421137472,0.00050435296135774136
1,0,5493,219.82487975414227,39.259079072676734,0.068184185464654073,0,-0.0011893440073078884,0.094479143428145701,0.079501155971845219,0.00070338154726344267
1,0,5494,219.85035156507345,39.25909307042712,0.068181385914575968,0,-0.00085884070272089291,0.083228210798159855,0.078972442340384127,0.00097639506259854876
1,0,5495,219.87582336523917,39.259107371739049,0.068178525652190208,0,-0.00045263821369337446,0.075528090628214056,0.078618678071660036,0.0012497189201893522
1,0,5496,219.90129515289112,39.259121565452624,0.068175686909475827,0,1.9449140859662872e-05,0.073355812859578637,0.078450393972181398,0.0014488377816989288
1,0,5497,219.92676692702815,39.259135003873588,0.06817299922528311,0,0.00054671618360736145,0.079256599645330092,0.078442575944997636,0.0014836616190993194
1,0,5498,219.95223869173611,39.259147127596918,0.068170574480617183,0,0.0011075707907454168,0.093895762485357318,0.078517981854272667,0.0013059790432538901
1,0,5499,219.97771045198232,39.259157279516657,0.068168544096668865,0,0.0016886442201048087,0.11848110693936438,0.078627250573572019,0.00086096093986413815
1,0,5500,220.00318221655849,39.259164328048271,0.068167134390345357,0,0.0020512240392959171,0.13588189470291512,0.078674498914646326,7.6485439949559189e-05
1,0,5501,220.02865398732237,39.25917055113365,0.068165889773269775,0,0.0013026755337168384,0.074966655439345817,0.07841980576656131,-0.00089758855115708335
1,0,5502,220.05412575789461,39.259180106584289,0.068163978683142598,0,0.0014722695059201953,0.10920798537711468,0.078569226718081642,-0.0019122916356230934
1,0,5503,220.07959753193495,39.259188049875796,0.068162390024840452,0,0.0016527292811731431,0.14884678206421775,0.078828950477287968,-0.0030122204397521821
1,0,5504,220.10506931742967,39.259193425034042,0.068161314993191738,0,0.0018438473124787341,0.19455680680615009,0.079270320382768281,-0.004249421531262937
1,0,5505,220.13054112074178,39.259195793364739,0.068160841327052343,0,0.0020421359301073393,0.24540198239051197,0.079923889712290974,-0.0056355577732758342
1,0,5506,220.15601294997205,39.259194360759402,0.068161127848119771,0,0.0022454314923156145,0.30119783106487152,0.080840372271624994,-0.0071913286302022093
1,0,5507,220.18148481712092,39.259187871530905,0.068162425693819084,0,0.0024515972576481132,0.36205247794988227,0.082095010821935585,-0.0089462255802918514
1,0,5508,220.20695673989209,39.259174478442439,0.068165104311512459,0,0.0026580566851806342,0.42819258756263495,0.083789027569004748,-0.01093658504669956
1,0,5509,220.2324287270722,39.259153502767525,0.068169299446495968,0,0.0028623772714319023,0.498850882667984,0.085936748831049153,-0.013150677758203924
1,0,5510,220.25790079456297,39.259123466554186,0.068175306689162996,0,0.0030885013766580754,0.57602857483222591,0.088600390817905425,-0.01559931102670486
1,0,5511,220.28337294937157,39.259081610367467,0.068183677926506453,0,0.0029458593400676736,0.62770573649192019,0.091744044079431,-0.018302379901414742
1,0,5512,220.30884515920116,39.259033070147368,0.068193385970526779,0,0.0026670049420872864,0.67505802940217319,0.095386598164469996,-0.021174334902129499
1,0,5513,220.33431740946935,39.258978811178885,0.068204237764223352,0,0.0022942998706798018,0.7188782874995433,0.09935742113861018,-0.024114147725556079
1,0,5514,220.35978968933932,39.258919236852662,0.068216152629467522,0,0.0018389904241825092,0.75748220334703953,0.10346658063055324,-0.027038820284432556
1,0,5515,220.38526198818562,39.258854435771092,0.068229112845781564,0,0.001304204984777194,0.78778635970122257,0.10744217564227131,-0.029839184136990885
1,0,5516,220.41073428996793,39.258786440113319,0.068242711977336196,0,0.00071702410712218647,0.80918205496494455,0.11103838602207679,-0.032446150834500087
1,0,5517,220.43620658381838,39.258716812588091,0.068256637482382518,0,9.2318296434304694e-05,0.82034347834355237,0.11403716850115407,-0.034791248024418422
1,0,5518,220.46167885883096,39.258647548112378,0.068270490377524432,0,-0.00055581852253919152,0.81938487003829052,0.11618929837360396,-0.03679002918675562
1,0,5519,220.48715110418919,39.25858137838874,0.068283724322251979,0,-0.0012109699318847513,0.8042783287272256,0.11723934781028933,-0.038349328408899729
1,0,5520,220.5126233913098,39.258520487301361,0.068295902539728184,0,-0.0010692492121149462,0.84229408391128424,0.11756054142808471,-0.039473710823197831
1,0,5521,220.53809592929861,39.258454713505721,0.068309057298856612,0,-0.0009848531548483756,0.85374522895485638,0.11684459179272808,-0.040293495857981448
1,0,5522,220.56356852556192,39.258393607842592,0.068321278431482349,0,-0.0012577767328384919,0.82114789153191747,0.11523035000753343,-0.040900961117011352
1,0,5523,220.58904109047535,39.258343131600661,0.068331373679868024,0,-0.0015336177331142177,0.77919689536089576,0.11302336116574038,-0.041273445823903847
1,0,5524,220.61451361749877,39.258303701000258,0.068339259799948454,0,-0.0018094524600035771,0.72868354309231331,0.11029725474565805,-0.041388419132233172
1,0,5525,220.63998609987016,39.258275910898355,0.068344817820328835,0,-0.0020825672457817036,0.66983755204465789,0.10710087430463183,-0.041216871576458071
1,0,5526,220.66545852273094,39.258262039566617,0.068347592086676678,0,-0.0023487839875360756,0.60151204820677728,0.10343971798905933,-0.040675981193023618
1,0,5527,220.69093089128972,39.258259679215797,0.068348064156841123,0,-0.0026060811976370696,0.52542263454871674,0.099482306231024442,-0.039799278469871191
1,0,5528,220.71640320461265,39.258268077284889,0.068346384543022345,0,-0.0028519796259830607,0.44186099112220512,0.095340049121998408,-0.038572857632507514
1,0,5529,220.7418754609316,39.258286547768755,0.068342690446248786,0,-0.0030832625258079183,0.3507375385637127,0.091158697318917931,-0.036964571887498132
1,0,5530,220.76734769764803,39.25831354884788,0.06833729023042355,0,-0.0030165439313232637,0.27651941630429705,0.087251969999166151,-0.03495712261867439
1,0,5531,220.79282002795406,39.258346375146104,0.068330724970780063,0,-0.0025260671529907766,0.228700353650026,0.083894119129619762,-0.032689488630207507
1,0,5532,220.81829238149371,39.258383806337164,0.068323238732566793,0,-0.0022821855091669772,0.15186394140602116,0.081131034038777389,-0.030281729203256814
1,0,5533,220.84376471411269,39.258424242390326,0.068315151521934528,0,-0.0019948209302712281,0.077495155948416494,0.079324840776311023,-0.027773957966822107
1,0,5534,220.86923702270172,39.258465436048787,0.068306912790242272,0,-0.0016782750641008662,0.0071187068422854816,0.078492934248978893,-0.025223620075482765
1,0,5535,220.89470930580413,39.258505746786618,0.068298850642676795,0,-0.0013445654831611995,-0.057999456420437467,0.078699208772089899,-0.022676044750265575
1,0,5536,220.92018156174817,39.258543948994728,0.068291210201054747,0,-0.0010033660522494371,-0.11657153467803651,0.079584217204835758,-0.020169267334671111
1,0,5537,220.94565378546827,39.258578604983285,0.068284279003343301,0,-0.00066554054461863909,-0.16655132039601112,0.080847539886680669,-0.017754771959003157
1,0,5538,220.9711259821718,39.258609761707127,0.068278047658574911,0,-0.00033991428757526051,-0.20868994265851021,0.082214465686743149,-0.015451961625444297
1,0,5539,220.99659815297863,39.258637378304556,0.068272524339088661,0,-3.3580308076993455e-05,-0.24276167939676346,0.083521712694525865,-0.013284566249213843
1,0,5540,221.0220702979106,39.258661500864427,0.068267699827114878,0,0.00024532073535912135,-0.26818474802534564,0.084622180012866297,-0.011283234024030546
1,0,5541,221.04754241813043,39.258682581060889,0.068263483787822099,0,0.00048965176336550331,-0.28479312412984714,0.085403308558788318,-0.0094720896201792425
1,0,5542,221.07301451807197,39.258701599570706,0.068259680085859059,0,0.00069890604573519613,-0.29380030157781273,0.085849282356606077,-0.0078422673868990753
1,0,5543,221.09848659941687,39.258719228672305,0.068256154265539284,0,0.00087072760988219484,-0.29565747666565961,0.085952190660412028,-0.0063982033719287333
1,0,5544,221.12395866161228,39.258736112220014,0.06825277755599822,0,0.00099884595675542916,-0.29017238965286068,0.085694658396739842,-0.0051638333151289989
1,0,5545,221.14943070736496,39.258752979438704,0.068249404112258952,0,0.001086270986810467,-0.27865846139387002,0.08515360296955618,-0.0041199375176403374
1,0,5546,221.17490273832118,39.258770302277547,0.068245939544491221,0,0.0011359453689559781,-0.26218724844928004,0.084404367582531531,-0.0032499529839026234
1,0,5547,221.20037475486896,39.258788402089984,0.068242319582003733,0,0.0011493382382702104,-0.2415232326538507,0.083513345668018615,-0.00254557699119144
1,0,5548,221.22584675523774,39.258807601393407,0.068238479721319301,0,0.0011245466754204946,-0.21714589171431498,0.082550619349263193,-0.002015010896057557
1,0,5549,221.25131874184635,39.25882775691354,0.068234448617292276,0,0.0010707850753450977,-0.19054249832886411,0.081599302084168573,-0.0016171353603777064
1,0,5550,221.27679071469365,39.258848758639829,0.068230248272034194,0,0.0009919011389438136,-0.16253981858303523,0.080713153517036382,-0.0013361616494307091
1,0,5551,221.3022626727259,39.258870444736814,0.068225911052637242,0,0.00089088999098624734,-0.13394645223736257,0.079943385920490315,-0.0011616299851957836
1,0,5552,221.32773461549013,39.25889252624421,0.068221494751158809,0,0.00077254359542011208,-0.10566222702954632,0.079323645218103242,-0.0010757996782005709
1,0,5553,221.35320654446207,39.258914670083627,0.068217065983275094,0,0.00064335204093865094,-0.078388899990738212,0.078849113145510394,-0.0010522408478903797
1,0,5554,221.37867845976817,39.258936615403542,0.068212676919292517,0,0.000507655628355692,-0.052707167818112341,0.078514315425462514,-0.0010751677767169994
1,0,5555,221.40415035986848,39.258958045288118,0.068208390942377101,0,0.00036983782464076076,-0.029447683689825418,0.078317347558413963,-0.0011320818353409135
1,0,5556,221.42962224637975,39.258978789316082,0.068204242136784055,0,0.00023456655823499527,-0.0088703650230591326,0.078219825188152167,-0.001204507347925339
1,0,5557,221.4550941202952,39.258998746470581,0.068200250705884299,0,0.00010529293534289387,0.0088293358447429065,0.078257639774642868,-0.0012795720284916913
1,0,5558,221.48056598188117,39.25901783033887,0.068196433932226477,0,-1.481909470782148e-05,0.023424162841006669,0.078377388960816113,-0.0013469547762310667
1,0,5559,221.50603783011931,39.259035896732797,0.068192820653441427,0,-0.0001213272071890993,0.034416982101107559,0.078493096716543795,-0.0013949371488338311
1,0,5560,221.53150966743277,39.259053111372879,0.06818937772542466,0,-0.00021399161376175249,0.042343242519786647,0.078585314109890253,-0.0014192037378129006
1,0,5561,221.55698149433138,39.259069526662529,0.068186094667493841,0,-0.00029153596935655975,0.047319607029336547,0.078644380901840033,-0.0014155356818773071
1,0,5562,221.58245331054698,39.25908515813002,0.068182968373995886,0,-0.00035186328135874175,0.049326510266903281,0.07866327882919158,-0.0013788182246946602
1,0,5563,221.60792511643677,39.259100082130402,0.068179983573919453,0,-0.00039437020217257865,0.048610526523628177,0.0786430982678097,-0.0013074743334910404
1,0,5564,221.63339691334224,39.259114436209138,0.068177112758173189,0,-0.00042089153464020896,0.045725183064392133,0.078593202618695679,-0.0012053258900153131
1,0,5565,221.65886870160395,39.259128278011559,0.068174344397688033,0,-0.00043207608192547578,0.040986881610409601,0.078521435593768257,-0.0010743328410306302
1,0,5566,221.6843404803935,39.2591415909842,0.068171681803159911,0,-0.00042708023200975818,0.034567833899688497,0.078436102434183225,-0.00091436056192743364
1,0,5567,221.70981225088474,39.259154455549542,0.068169108890092492,0,-0.00040893522417549216,0.027026321675242569,0.078348551226562452,-0.00073264358133133295
1,0,5568,221.73528401362216,39.259166901374982,0.068166619725004346,0,-0.00037973466117618813,0.018757951750047474,0.078266508688584105,-0.00053467564428643375
1,0,5569,221.76075576865816,39.259178921028884,0.068164215794222896,0,-0.0003410309330451363,0.010092806925780368,0.078195909360693455,-0.00032525067632657197
1,0,5570,221.7862275153262,39.259190455290664,0.068161908941867189,0,-0.00029403654826942982,0.0013877474381239288,0.078149939303318192,-0.00010965304173346487
1,0,5571,221.81169925499128,39.259201559669108,0.068159688066178808,0,-0.0002419609126474276,-0.0070318629014324294,0.078156977990086571,0.00010550876174450171
1,0,5572,221.83717098788691,39.259212227212913,0.068157554557418065,0,-0.00018668467109381363,-0.014918724282993793,0.07819297071075873,0.00031532944548532158
1,0,5573,221.8626427137184,39.259222416842817,0.068155516631437055,0,-0.00013001672929889203,-0.021982680182598555,0.078236690662944225,0.00051400069751553386
1,0,5574,221.88811443275026,39.259232129081575,0.068153574183685561,0,-7.3975805833260684e-05,-0.028021413318441879,0.078282839411966482,0.00069648735856535273
1,0,5575,221.91358614582512,39.259241413935719,0.068151717212855817,0,-2.0126850266443509e-05,-0.032992939112266639,0.078326516219568654,0.00086038690872724253
1,0,5576,221.93905785319322,39.259250286856783,0.068149942628643323,0,3.0235315116377488e-05,-0.036821727098540716,0.078363911565830585,0.0010029034089133271
1,0,5577,221.96452955433691,39.259258714507574,0.068148257098485182,0,7.5203682065603004e-05,-0.039295956328079008,0.078390340723845195,0.0011182138485317111
1,0,5578,221.99000125016164,39.259266770651621,0.068146645869675962,0,0.0001143339235371032,-0.040557589576753435,0.07840482048328673,0.0012075042005368929
1,0,5579,222.01547294105475,39.259274493510127,0.068145101297974686,0,0.00014716913282557481,-0.040682848003593085,0.078407070082925676,0.0012709164354132595
1,0,5580,222.04094462708738,39.259281900852294,0.068143619829542243,0,0.00017310360803075755,-0.039709733625547222,0.078397178216343885,0.00130772460472534
1,0,5581,222.0664163079631,39.259288988990306,0.068142202201939617,0,0.00019111101823734888,-0.037640251153608327,0.078375546006128782,0.0013158701294972912
1,0,5582,222.09188798453727,39.259295822661429,0.068140835467715155,0,0.00020232924724706067,-0.034737183714769707,0.078345920998323035,0.0013004810171136914
1,0,5583,222.11735965696892,39.259302419148156,0.068139516170368564,0,0.00020696402684174871,-0.03113315356845953,0.078310700208156184,0.0012633558101954902
1,0,5584,222.14283132505244,39.259308772363035,0.068138245527392727,0,0.0002048866831360851,-0.026929001043991364,0.078272307965107479,0.0012051215929114074
1,0,5585,222.16830298897693,39.259314894750688,0.068137021049862981,0,0.00019679059840090854,-0.02230321631038841,0.078233579579480336,0.0011289748358987222
1,0,5586,222.19377464920601,39.259320810481995,0.068135837903601837,0,0.0001838502660893634,-0.017444247022830001,0.078196664124976653,0.001039298869921075
1,0,5587,222.21924630585971,39.259326522501517,0.068134695499696432,0,0.00016679112116069295,-0.0124909459926262,0.078163063423638171,0.00093896308636226241
1,0,5588,222.24471795854495,39.259332001400516,0.06813359971989659,0,0.00014600098034130084,-0.0075993341392363864,0.078134545285207496,0.0008301409013010937
1,0,5589,222.27018960783602,39.259337273729479,0.06813254525410388,0,0.00012282756161612976,-0.002900601673913746,0.078111057186983815,0.00071710387202379179
1,0,5590,222.29566125421997,39.259342345119343,0.068131530976131532,0,-0.00029014740822093133,-0.032285341966591816,0.07821725754997573,0.00060411869263986859
1,0,5591,222.32113289902264,39.259346879962408,0.068130624007518237,0,-0.00040344924541337859,-0.033057807779099731,0.078219958793700042,0.00056039301772202173
1,0,5592,222.34660454030271,39.259351235826415,0.068129752834716617,0,-0.00034614881966668631,-0.02350053413129247,0.078183495819464169,0.00062883698339721091
1,0,5593,222.37207617832559,39.2593555398552,0.0681288920289609,0,-0.00023106168283315858,-0.013268121715862041,0.078143934365878048,0.00075145802674940129
1,0,5594,222.39754781278404,39.259359790761032,0.068128041847794016,0,-6.1492776024146134e-05,-0.0016380729711654696,0.078100369612318588,0.00088393402698069032
1,0,5595,222.42301944289707,39.259363920306583,0.068127215938683913,0,0.00016214464522665411,0.012472357294756785,0.078141520557051578,0.00097508561363084079
1,0,5596,222.44849106876237,39.259367787082816,0.068126442583436586,0,0.00043168709424677389,0.030024628405231592,0.078207464783481895,0.00097469662118368678
1,0,5597,222.47396269157312,39.259371200628827,0.068125759874234179,0,0.00073635230533109126,0.051676335118966341,0.078286109343723098,0.00084649268758684197
1,0,5598,222.49943431327696,39.259373881934465,0.068125223613107175,0,0.0010687121279307941,0.078229955504407853,0.078380814546365765,0.00055315965833674201
1,0,5599,222.52490593829077,39.259375208109198,0.068124958378161266,0,0.0014229988270017438,0.11141070908504624,0.078509352095334731,2.3482061731054977e-05
1,0,5600,222.55037757011732,39.259374749571499,0.068125050085700301,0,0.0010887050022522534,0.090802032520224812,0.07847251437600529,-0.00073520997312784893
1,0,5601,222.5758492021339,39.259376019073841,0.068124796185232303,0,0.00062572880576300762,0.072102147795736704,0.078500885384923363,-0.0015713482689903512
1,0,5602,222.6013208333201,39.259378353785678,0.068124329242865087,0,0.00074291738150927052,0.10780992283437878,0.07878814247935402,-0.0023605547815004541
1,0,5603,222.62679247041206,39.259379369341012,0.068124126131797275,0,0.00092481506864386376,0.14693025952490713,0.079147093836511848,-0.003154689841136483
1,0,5604,222.65226411842065,39.25937868262735,0.068124263474530947,0,0.001160291043748449,0.18960063696790999,0.079582943363156272,-0.0040119218552412137
1,0,5605,222.67773578352941,39.259375662087891,0.06812486758242188,0,0.0014446954841478041,0.23641736002264147,0.080120628088438117,-0.0049823857504316003
1,0,5606,222.70320747721837,39.259369069410667,0.068126186117866278,0,0.0017759926989038986,0.2886015291390841,0.080818184600688625,-0.006135519128224542
1,0,5607,222.72867921139417,39.259357730265585,0.06812845394688341,0,0.002144698458797363,0.34680181816243194,0.081738439610682181,-0.0075200098166373318
1,0,5608,222.75415099789777,39.259340547036196,0.068131890592761341,0,0.0025403385604566148,0.41127605526546479,0.082945837773351461,-0.0091640341920531491
1,0,5609,222.77962285379391,39.259315900315549,0.06813681993689015,0,0.0029552459132762051,0.48257388100863441,0.084533417226859864,-0.011104727316254379
1,0,5610,222.80509482536496,39.259279936886742,0.068144012622651268,0,0.0034404011022863088,0.56722224944676758,0.086733321961168758,-0.013440132445506974
1,0,5611,222.83056693274227,39.259229451333866,0.068154109733227539,0,0.0037841452214142086,0.6471286843173325,0.089552379098377474,-0.016184245862756866
1,0,5612,222.8560391156557,39.259167661193111,0.06816646776137758,0,0.0034978911717078627,0.68535760422407843,0.092937435497224205,-0.019285853406898347
1,0,5613,222.88151134227593,39.259102584889327,0.06682995222070047,0,0.0030186416077100007,0.72058812639817615,0.095818904920465117,-0.022595601433399927
1,0,5614,222.90698383493734,39.258030640527018,0.041790897278578612,0,0.0023508833531798033,0.74907775770095641,0.080306995156326999,-0.025943000145078037
1,0,5615,222.9324585161778,39.251844902348623,0.0097568207009985537,0.00043629644039956287,0.0015370193921224679,0.76838384859642983,0.072024414747867999,-0.029165122760109366
1,0,5616,222.95793885438783,39.239195796676988,0,0.02383447804525755,0.00059878227475855506,0.77558151846206258,0.079319350839262837,-0.032126059708379937
1,0,5617,222.98343129813139,39.216052653772742,0,0.055090045700929124,-0.0004483597142957217,0.76658176991036764,0.095583909531833766,-0.034639793232416574
1,0,5618,223.0089423571128,39.182554519813813,0,0.084436904663162921,-0.0015699400436213218,0.7391904719134692,0.12501676331416953,-0.036581730923071536
1,0,5619,223.03447694483154,39.139910178085358,0,0.11210272302230555,-0.0027340443567580208,0.69217242093838605,0.15898407007239471,-0.037872871051364082
1,0,5620,223.06004050949369,39.088599812999711,0,0.13819696291660896,-0.0039116098132559399,0.62388464911439456,0.19132599419287796,-0.038416898730154407
1,0,5621,223.08564563236956,39.027699177482305,0,0.16258865629506997,-0.0030432023221549473,0.69858340257146823,0.22486436722545036,-0.038234922304570824
1,0,5622,223.11129137501851,38.959125361340078,0,0.18560007981604681,-0.0032632769244680723,0.64605222657948125,0.25258079523228433,-0.037641342385313546
1,0,5623,223.13698235408836,38.88327751162749,0,0.20731225676165396,-0.003385606011188575,0.58358299715634487,0.27802761868979292,-0.036647345637264073
1,0,5624,223.16272770217967,38.799954925109816,0,0.2277371883878935,-0.0034055486119556333,0.51207960480447157,0.30124302819473364,-0.035262383064341929
1,0,5625,223.18853317928429,38.709491949891635,0,0.24692513284387413,-0.0033289722097067354,0.43353504461804748,0.32238290324216129,-0.033534822518191759
1,0,5626,223.21439796894131,38.612853587583722,0,0.26503975356258613,-0.0031725702992084609,0.35055627312854243,0.34179157761512496,-0.03154474438708943
1,0,5627,223.24032667088193,38.510275484860195,0,0.28214669223765459,-0.0029448977713090333,0.26504347108585113,0.35963227759839844,-0.02933875552635417
1,0,5628,223.26633494474507,38.401136497354571,0,0.29817787779329047,-0.002648360907569489,0.17919227399068455,0.37587710598440605,-0.026948259739422744
1,0,5629,223.29241506249775,38.286699781670428,0,0.31331754498836212,-0.0023063644983392934,0.095231079470068355,0.39088894683820608,-0.024457917213254295
1,0,5630,223.31857053832732,38.167201839676864,0,0.32761592390225813,-0.0019307917446481136,0.014965340500438466,0.40480415830553262,-0.021916071519219895
1,0,5631,223.34481694857749,38.042177870569944,0,0.34106303449180686,-0.0015322420639564602,-0.058729383953632044,0.42007618112619566,-0.019374834735875351
1,0,5632,223.37115010058224,37.912352022696325,0,0.3537349465744154,-0.0011265910860514354,-0.1244291670433848,0.4349009016842541,-0.016884634040052846
1,0,5633,223.39756970552077,37.778129684984741,0,0.36570268119010624,-0.00072545726923904674,-0.18150630908582058,0.44875298130516172,-0.014482903822059624
1,0,5634,223.42409037285597,37.639193346894359,0,0.3769832782717063,-0.00034155020153445577,-0.22818055358482206,0.46160113630743765,-0.012221216708014208
1,0,5635,223.45071149035357,37.495936145574646,0,0.38760545510615291,1.557588043598368e-05,-0.26453115261188626,0.47347506299810554,-0.01012627617745928
1,0,5636,223.4774293903117,37.348824044659246,0,0.39763787713697457,0.00034017130173345989,-0.29121031780883772,0.48446216024824024,-0.0082092498318328579
1,0,5637,223.50425999142772,37.197556450085592,0,0.4071067706402518,0.00062117691842371,-0.30723331437835805,0.49455766331897894,-0.006511366564094432
1,0,5638,223.53120201094075,37.042463639250123,0,0.41602581168980274,0.00085552399487576691,-0.31353946209609679,0.50380049356076106,-0.0050344978487776573
1,0,5639,223.55825059070455,36.883956259115934,0,0.42444909859747076,0.0010437943895305652,-0.31144049797714185,0.51228337308508887,-0.0037669170326269479
1,0,5640,223.58542621771986,36.721654511769046,0,0.43241055673680484,0.0011773952162047482,-0.30058999604016412,0.52002670634787085,-0.0027393397974828657
1,0,5641,223.6127206983322,36.556018339234321,0,0.43991315817258592,0.0012617242173026304,-0.28282862017820598,0.52708883612342727,-0.0019223167509948092
1,0,5642,223.64013158867655,36.387311398305961,0,0.44701234268445666,0.0013007285183951126,-0.25949335777647536,0.53356557552290063,-0.0012952807918597989
1,0,5643,223.66768677083869,36.215030306635093,0,0.45370865253678772,0.0012889701587012045,-0.23090706243414419,0.53946260218039976,-0.0008775404920669202
1,0,5644,223.69536441770535,36.039884504610697,0,0.46003031971809832,0.0012396029672865833,-0.19923540891411246,0.54487714316346259,-0.0006131692757062161
1,0,5645,223.72317858323504,35.86172196976694,0,0.4660221036431505,0.0011546495134555181,-0.16547566275902839,0.54988073621375178,-0.00049337601177886316
1,0,5646,223.75113812675522,35.680507015614964,0,0.4716766040785273,0.0010392449246808362,-0.13089067455424136,0.55450291374260896,-0.00049786649867378696
1,0,5647,223.77922924731382,35.496667542001603,0,0.47701851232454501,0.0009029655906385276,-0.096673934681158452,0.5588071707502793,-0.00058913159747511811
1,0,5648,223.80748258719851,35.309758293868853,0,0.48209298435998305,0.00074935396594452621,-0.064138992852881521,0.56287050019758422,-0.00075613822373467917
1,0,5649,223.8358768177967,35.120296291415592,0,0.48687237333088024,0.00058756374700251793,-0.033941651964474566,0.56669205663197797,-0.0009640597597079867
1,0,5650,223.86442880014576,34.928114835481757,0,0.49142125030963291,0.00042341898340848421,-0.0070951850813486244,0.5704314672926204,-0.0011938099020117586
1,0,5651,223.89314110999817,34.733275209394378,0,0.49571604546143266,0.0002629952024689687,0.015781211877289158,0.57470170322658165,-0.0014246329735081496
1,0,5652,223.92200858307288,34.535975250601759,0,0.49979029517428769,0.00011131260709010362,0.03452997002142711,0.57909079031429922,-0.0016394380984220927
1,0,5653,223.95105420917147,34.335957743301179,0,0.50366088048783442,-2.5775031110516235e-05,0.048483245097716919,0.58315733101762424,-0.0018208459163382624
1,0,5654,223.98025470081913,34.133663555514538,0,0.50731682607430995,-0.00014717241321939568,0.058379287912735146,0.58691026527867007,-0.0019636922328179437
1,0,5655,224.00964922151061,33.928626525598787,0,0.51081584972464067,-0.00024645893817248953,0.06352377169480751,0.59038316312627459,-0.0020508373017350421
1,0,5656,224.03920433180639,33.721387219568491,0,0.51410528801408817,-0.00032637596281642696,0.065119273331466124,0.5935597722868583,-0.0020889884218753606
1,0,5657,224.06896041545895,33.511494548676836,0,0.5172786524048848,-0.00038193769704776234,0.062867542623403327,0.5965177412224868,-0.0020661829127427392
1,0,5658,224.09888734385504,33.299400570618047,0,0.52025127355919576,-0.00041748711391494261,0.057902300248311452,0.59921018775409562,-0.0019943372717370479
1,0,5659,224.12902337271785,33.084708412686844,0,0.52313632317298309,-0.00043033497705435218,0.050352655259318181,0.60174473509074911,-0.0018687349200675978
1,0,5660,224.15933881120529,32.867831138229121,0,0.52583612964551674,-0.00042575042242900429,0.041202894208534027,0.60405920332489482,-0.0017038030471079513
1,0,5661,224.18987514930842,32.648351533232059,0,0.52846577135663286,-0.00040283941661581075,0.030844161622454493,0.60626998748442018,-0.0015005851710273837
1,0,5662,224.22059906134513,32.426701485406461,0,0.53093345146273296,-0.00036734722793666202,0.020037710212915838,0.60831483917122364,-0.0012738692036200732
1,0,5663,224.2515544472385,32.202447481759762,0,0.53333426187879129,-0.00032003639744153958,0.0093218348134900715,0.61029561658154619,-0.0010294116858655176
1,0,5664,224.28271180302031,31.975963382094843,0,0.53560841972711104,-0.000265779489961781,-0.00082670845270153706,0.61221727921682778,-0.00077925511629162755
1,0,5665,224.31410179701587,31.746963358967829,0,0.53779978440342702,-0.00020690705181031812,-0.0099084227625040235,0.61454287586745215,-0.00053201193542868914
1,0,5666,224.34571587292885,31.515589664265327,0,0.53991553489899657,-0.00014686007066782203,-0.017642631050541542,0.61676113327677506,-0.00029634989774046758
1,0,5667,224.37755975131714,31.281812992790282,0,0.54191122350428977,-8.8185828157598159e-05,-0.02382209652784148,0.61882569259394871,-7.9102542736961062e-05
1,0,5668,224.40965513744368,31.045466656670808,0,0.54390080151804732,-3.3632033131796473e-05,-0.028209802954143999,0.62083356636496267,0.00011185800547711945
1,0,5669,224.44198257904725,30.80676569633582,0,0.54576955133367011,1.5407141516377247e-05,-0.030962522678980239,0.62268458689139461,0.00027505164595319909
1,0,5670,224.47457582560307,30.565417532381058,0,0.54759834978745192,5.6766594404552961e-05,-0.031952744486269967,0.62444853121479493,0.00040427999415474514
1,0,5671,224.5074252945214,30.321551780199034,0,0.54938506383460506,8.9913173247335279e-05,-0.031436377252911797,0.6261305092442232,0.0005004132868092156
1,0,5672,224.54052939011817,30.075202177984497,0,0.55107267055374132,0.00011466891715929047,-0.02963616198914994,0.62768507824497577,0.00056474378824523247
1,0,5673,224.5739268963124,29.826036401369059,0,0.55276281591848631,0.0001300082556271955,-0.026668383216337313,0.62920740697474986,0.00059531213516961418
1,0,5674,224.60759794700462,29.5742648568962,0,0.55440787566724448,0.00013725408411545514,-0.022923874288240855,0.63066544880055642,0.0005982994828730361
1,0,5675,224.64154881559512,29.319845314690763,0,0.55597493543843535,0.00013712857169211808,-0.018660064549918181,0.63203682300365382,0.00057724056815313914
1,0,5676,224.67581054452998,29.06251864337138,0,0.55753290744393824,0.00013015628404277566,-0.014133641057507021,0.6333909616201383,0.00053498808782498678
1,0,5677,224.71037817143375,28.802352654745576,0,0.55909159991588575,0.00011796877315337981,-0.009631476662498261,0.63474485829650384,0.00047765859721642188
1,0,5678,224.74525383734536,28.539335247405621,0,0.56059239991565024,0.00010196708998094969,-0.0053687804907337671,0.63605192775949515,0.00041028739679527205
1,0,5679,224.78044804356205,28.273390411134919,0,0.56204305238627206,8.3433650967470872e-05,-0.001524847098092809,0.63732484749189122,0.00033735638045624813
1,0,5680,224.81599354541171,28.004243660871055,0,0.5635159442555554,-0.0096333400498721695,-0.7590341466518753,0.67541709078041212,0.00027080866657661952
1,0,5681,224.85188157945436,27.731666946981523,0,0.5649320720155282,-0.011382992105946281,-0.78824335852308758,0.6743393653405263,0.0016789605118526429
1,0,5682,224.8881220519381,27.455985869617276,0,0.56633364642927952,-0.0089762977238011937,-0.64454487346497347,0.66514619025488275,0.0051398942979819472
1,0,5683,224.92472710782545,27.177149036143501,0,0.56773789823668364,-0.004992228348000248,-0.49810666419513266,0.65819104064905476,0.0095454986656637111
1,0,5684,224.96170914364643,26.895013123558737,0,0.56914507850398444,0.00027121964082415216,-0.30600204899885186,0.65314527487819529,0.013709979925253786
1,0,5685,224.99908652877218,26.609342313370533,0,0.57055518541105998,0.0064782127570092033,-0.045445049363639023,0.65014045980006852,0.016477088000420498
1,0,5686,225.03687605509205,26.319878069597475,0,0.5719808157508548,0.013259488941084467,0.30885583077412732,0.66667473874203387,0.016782791385762153
1,0,5687,225.0750838997412,26.026430683592658,0,0.57337828356820686,0.020269058755892338,0.77594237293807478,0.69411707465967332,0.013832060450608728
1,0,5688,225.11372779537683,25.728680144912257,0,0.57469471972921182,0.027229205953980741,1.3678781249231184,0.73093000383866757,0.0069764448556143797
1,0,5689,225.15282760622776,25.426254035335539,0,0.57589043317240607,0.033924918938928267,2.072764609785668,0.77749065310904253,-0.0042239046103998597
1,0,5690,225.1924045340526,25.118719319462041,0,0.57691495732700659,0.019732684912760687,1.3694546336679752,0.72543066528828026,-0.019930752523278507
1,0,5691,225.23246717168939,24.808890354923758,0,0.57836867406669601,0.0077858869022206243,1.3607578226154224,0.69591549147628318,-0.03612604882558336
1,0,5692,225.27303607766873,24.494623856093639,0,0.57986132167080351,0.0092590706368719886,2.0956071218890417,0.73129202116975256,-0.049571481574612074
1,0,5693,225.31413684748773,24.174986811625114,0,0.58124559288186306,0.012954557289400622,2.6903541832926505,0.77139722343114725,-0.06118532423156639
1,0,5694,225.35579516114788,23.849679889592302,0,0.58250138840118215,0.018500945462829349,3.2170026894556636,0.81657571155711395,-0.072147376428123147
1,0,5695,225.39803830125933,23.518310568237489,0,0.58359836076260552,0.025497484879435255,3.7295616488381786,0.86753203156237557,-0.08366665244717493
1,0,5696,225.44090232983547,23.180305344882552,0,0.58454886726785005,0.033547810550383153,4.2654455159661024,0.92505332323481715,-0.096926742643456604
1,0,5697,225.48443325921679,22.834885690327781,0,0.58523746007263522,0.042265855529946515,4.8407868779221142,0.98638947219518947,-0.11305867474620014
1,0,5698,225.52865465731651,22.483538572639404,0,0.58595195006997047,0.051300627786786311,5.3515299691508371,1.0000000000000002,-0.13292876940788789
1,0,5699,225.57359734680571,22.133692331314663,0,0.58166303543397224,0.06051757679763424,5.8481119180451815,1.0000000000000002,-0.15743608427313091
1,0,5700,225.61928071312488,21.796985644441076,0,0.49031228524722403,0.069901273760289317,6.5588611547160625,1,-0.1874660060952803
1,0,5701,225.66561296640944,21.502829589582685,0,0.39548773500235579,0.042153043611983722,6.1888527319152677,0.97221588842555218,-0.21949243629814821
1,0,5702,225.7125404869347,21.253885134151091,0,0.31000872124972723,0.037927739879101072,6.5342123485911658,0.94051328672759915,-0.24910681742255728
1,0,5703,225.75997448306731,21.050368931684925,0,0.23391713987803531,0.03380158748540614,6.803416756468514,0.91886546750265907,-0.27585493756541885
1,0,5704,225.80785272287557,20.890872240734257,0,0.16698606083371015,0.030132804538729088,6.9977596368866077,0.90312892266214384,-0.29909827021452251
1,0,5705,225.85606093181113,20.768516837411873,0,0.1077462179495412,0.027166462843499543,7.1285558585039999,0.88947640830822661,-0.31885000647056688
1,0,5706,225.90453100128576,20.680909179526481,0,0.055779411384660707,0.025142266989318082,7.2000885731399906,0.87537760925936303,-0.33496540407360698
1,0,5707,225.95318628680423,20.6242506551106,0,0.012764032165631262,0.024198149714549456,7.2194661242029436,0.85946317620388035,-0.34764683373972133
1,0,5708,226.00196165192651,20.587282720790853,0,0.0117350512831065,0.024369226651789252,7.189837008182641,0.84805945724718723,-0.35732524238430929
1,0,5709,226.05084890133816,20.539839169023349,0,0.066120397732713387,0.025620001431662921,7.1275274527231316,0.84922203915244188,-0.36447415590686505
1,0,5710,226.09989809756706,20.458742027574569,0,0.11969269857753242,0.027685104563536362,7.0666726533097126,0.85623064446519348,-0.36992649574652209
1,0,5711,226.14918987779569,20.36257721159204,0,0.070831048619464168,0.027643623250724846,6.9385026055458159,0.81955102441012695,-0.37424279594130372
1,0,5712,226.19865953121132,20.298013916504075,0,0.02306135307924749,0.025895055470944901,6.7387013694224578,0.78304825432469283,-0.37732526543632922
1,0,5713,226.24823910834874,20.264264282120294,0.018201973339725376,0,0.023833103787201878,6.5102112945629127,0.74994342781928636,-0.37864365210489903
1,0,5714,226.29786163274866,20.250174280763719,0.055287184471227616,0,0.021663027341732408,6.2544819419572839,0.72008894619935826,-0.37803639493325336
1,0,5715,226.34748509729636,20.252241343500785,0.088814742194818816,0,0.019532052105944452,5.9740795342798068,0.69029227066038268,-0.37529208339934278
1,0,5716,226.39707276495258,20.268442553203716,0.11927877110000253,0,0.017547654829222388,5.6705770233231672,0.65963260667856172,-0.37050785066421582
1,0,5717,226.44658865525162,20.297985657573303,0.14676849301979872,0,0.01578909798931321,5.3465925074961627,0.62807792710180121,-0.36372340112192503
1,0,5718,226.49600487114893,20.339247931266243,0.17168113077419048,0,0.014284086062591569,5.0085789258002809,0.59640291743305596,-0.35519685565115466
1,0,5719,226.54529203081682,20.391277505894365,0.19415989613859411,0,0.013038845829065532,4.6640752741468461,0.56576387653774018,-0.34516539998788481
1,0,5720,226.59442916757891,20.452842806075402,0.21449578723000939,0,0.015122916960342913,4.514364753550737,0.5427417287787929,-0.33395652084940886
1,0,5721,226.64342142815744,20.522152398349956,0.2330311388616266,0,0.018320815666914247,4.3814976938901777,0.52574815066114489,-0.32244186434447708
1,0,5722,226.69223515667261,20.598703202909448,0.24987489991091411,0,0.020838339745098841,4.2548962448731915,0.51735045228857079,-0.31170219596956017
1,0,5723,226.74086113106168,20.68137496991168,0.26527563016570715,0,0.023339855953278192,4.1988424608328287,0.51835105136860815,-0.30222515893743107
1,0,5724,226.7892762410161,20.769666676289319,0.27929569189144859,0,0.025692656595051187,4.2142382314760773,0.52785745123553562,-0.29445996573540928
1,0,5725,226.83748483446993,20.862511641412567,0.29206532968856208,0,0.027831163728729125,4.2881822360001225,0.54370535255002284,-0.2885079941468971
1,0,5726,226.88547376270435,20.952959145760403,0.24343867546115078,0,0.029709913208384984,4.4171730871220429,0.55267013640607421,-0.2845490166604962
1,0,5727,226.93328176416574,21.02091560571224,0.17000313456287708,0,0.031316493868571396,4.5852760304256721,0.56037524269940631,-0.28252363640732653
1,0,5728,226.98097198961042,21.060133674577838,0.097712837839426081,0,0.032646402653635796,4.7784345022333037,0.56960480447020578,-0.28231769469750967
1,0,5729,227.02860819838364,21.070534084366962,0.030098582851304522,0,0.033695654514661541,4.9864896401449945,0.5802556231348639,-0.2838586508658798
1,0,5730,227.07625376507772,21.054461056019544,0,0.03312129854512591,0.026507605084385863,4.7212371432882954,0.53292293754455311,-0.28684800726795057
1,0,5731,227.12393719426822,21.005149159587383,0,0.090864957406958463,0.024396072916674491,4.8702883457101489,0.56169065605041535,-0.29002331393251674
1,0,5732,227.17178396018818,20.920399676111145,0,0.14263482225844676,0.025054731998209213,5.0714881114313721,0.60208681073596459,-0.29236294255036316
1,0,5733,227.21986744731427,20.804356294024696,0,0.18922563646730275,0.02659229489904321,5.2371049555415512,0.64107604380012173,-0.29421631481275734
1,0,5734,227.26828254604635,20.65763327319041,0,0.23112468605473527,0.028878873478958195,5.3876120698844367,0.68286450483256189,-0.29598348427982829
1,0,5735,227.31707709968811,20.48440228209601,0,0.26884628209748418,0.031683053195206277,5.5395730473722118,0.73717517596073101,-0.29807164418375476
1,0,5736,227.36634111265818,20.28518253821397,0,0.30295356200010581,0.0348511339448812,5.703286539987741,0.79063370662270205,-0.30087103227994499
1,0,5737,227.41613088877517,20.062095141831268,0,0.33360716792849504,0.03821132718836423,5.8838415671510997,0.84166933845646474,-0.30466474369980129
1,0,5738,227.46653171196195,19.815804582352772,0,0.36134706584180393,0.04162054064189169,6.0824597506412781,0.8907949597167214,-0.30970599977466562
1,0,5739,227.51760252270964,19.547680730568857,0,0.38619753953227381,0.044954450266414765,6.2963380982144379,0.94728590925080203,-0.31610321445407535
1,0,5740,227.56945012302143,19.25778610052425,0,0.39976459374893375,0.051287603625846043,6.6270682139907882,1,-0.32397282227854668
1,0,5741,227.62211695406378,18.971853793970922,0,0.31666142778473577,0.052092880398871395,6.8329658211158399,0.95034797699270424,-0.33388213713511622
1,0,5742,227.67550240812855,18.74310236795155,0,0.23088366136814217,0.045373363202799465,6.7658100409589839,0.89573190314925655,-0.34474114584109794
1,0,5743,227.72943412880923,18.570183620031901,0,0.15674162176290671,0.036722256382809355,6.6275628290568047,0.85836738101413412,-0.35415845264548584
1,0,5744,227.78376241501465,18.446496742664497,0,0.09285336577212791,0.027078221394496293,6.3850630697602577,0.82223323739885434,-0.36026212097274762
1,0,5745,227.83835733889131,18.367002913386631,0,0.038215785986609907,0.017294829337346836,6.0081795055310039,0.77562596927826188,-0.36154043304518574
1,0,5746,227.8930953968115,18.326791481044914,0.0088776272471671695,0.00076097018917305388,0.0081354922230014084,5.4694142839079776,0.71035812302324597,-0.35696757518142946
1,0,5747,227.94787189482915,18.314427173497499,0.048499125951410732,0,0.00011867035520716643,4.7629910447202448,0.62662299935937471,-0.34638777428663242
1,0,5748,228.00262049557776,18.321972775030698,0.084535144124525785,0,-0.0064781150472454346,3.9054730126127044,0.5250459949610029,-0.33011678911927095
1,0,5749,228.05728534142574,18.347550063991115,0.11659152779547541,0,-0.011595485520750405,2.9275178816245324,0.4158275918419469,-0.3089062320303867
1,0,5750,228.11181978174744,18.388797760226197,0.14512026511964463,0,-0.011908785096402578,2.1816605953674197,0.32105005624928312,-0.28403426846513363
1,0,5751,228.16622616744385,18.443058799458196,0.17071548458372246,0,-0.0036667110521521433,1.8777009430552671,0.2640777739805098,-0.25766530733658843
1,0,5752,228.22046662268073,18.508396745089009,0.19377434339054173,0,0.004912611360860783,1.6193971464910919,0.2495360259015113,-0.2324450574136418
1,0,5753,228.27449765478781,18.583389888702328,0.21454001535006337,0,0.013762327697532589,1.6147367998045525,0.26432828648746926,-0.21051488158335788
1,0,5754,228.32830088078524,18.666267872191113,0.23340774493401792,0,0.02216843657247693,1.8473364960461462,0.31095256410203453,-0.19304108070924386
1,0,5755,228.38186004245935,18.755857554563054,0.25064244016460141,0,0.029794966673318612,2.2634878380557995,0.36760728245024776,-0.18054695310770685
1,0,5756,228.43515412667549,18.851317443314947,0.26635229152408563,0,0.036509268523462216,2.8031876184477524,0.43275334679968191,-0.17325890133409319
1,0,5757,228.48817999026704,18.951452220884821,0.27256931787539579,0,0.04238669091747177,3.4079556606121217,0.50405099272767517,-0.17081787362592232
1,0,5758,228.54094804638515,19.042317700821549,0.19714234961495108,0,0.04757090150481548,4.0460049556477724,0.56558618328554611,-0.17277798717259207
1,0,5759,228.59352606818109,19.095650709270828,0.12165731155475219,0,0.052168500793558462,4.6809883840140172,0.62606594546975736,-0.17889918732720511
1,0,5760,228.64601352990073,19.127219748159174,0.14042285417312478,0,0.051547103319386521,5.0264025085066661,0.64098583340279736,-0.18856309593906165
1,0,5761,228.6983761890134,19.169962797683674,0.16704075145496486,0,0.038960641361007423,4.9059978358084599,0.56890659716993408,-0.19951255753998534
1,0,5762,228.75060796194904,19.223415360471456,0.19116807387640444,0,0.036104738762421762,5.2066425576541686,0.61959786118370586,-0.20958453460689425
1,0,5763,228.80269532980137,19.285416946851868,0.21331922328523639,0,0.034038462882977738,5.4001206751147475,0.65358860111159467,-0.21842368587635974
1,0,5764,228.85461037152228,19.35567665295898,0.23351658686829929,0,0.032842819893870522,5.5176972186428612,0.67548227343367429,-0.22586016990247007
1,0,5765,228.90633631979205,19.433374861626863,0.25193723563186393,0,0.032479979218432271,5.5888847074617027,0.6897607434248787,-0.23204628445256287
1,0,5766,228.95785732554256,19.517806897669708,0.26876082574767185,0,0.032877093196583898,5.6358863813241999,0.69981023433075296,-0.23726947626555392
1,0,5767,229.00915662479821,19.601303510614621,0.22531750375260037,0,0.033949043235955809,5.6829250886933789,0.68825914764610463,-0.24190426116462715
1,0,5768,229.06027692587114,19.663757584747604,0.15722293505429383,0,0.035515239258766235,5.7439406490864142,0.69198681099976933,-0.24639705039894702
1,0,5769,229.11127880835915,19.696299094745985,0.097114277850757991,0,0.03742765867623403,5.8275472121537222,0.69848554614670977,-0.25116224497245832
1,0,5770,229.16223360386394,19.71368814155435,0.11730517653710075,0,0.0391985008433864,5.9145213640339023,0.719822445335907,-0.25650182676355571
1,0,5771,229.21312731425178,19.742002088399371,0.1459721967168254,0,0.036825861442254734,5.8461628295259054,0.69596423409235864,-0.26229346347732829
1,0,5772,229.26393485917652,19.781622560211435,0.1719350199728627,0,0.035815411775258731,5.863662637012351,0.6977681577781335,-0.26809180601621657
1,0,5773,229.31462800954506,19.831173444004694,0.18883015474984624,0,0.034720069115003499,5.8747215006685849,0.69843525469539147,-0.27366848619359491
1,0,5774,229.36519385964249,19.878239833753582,0.128444575269514,0,0.033649228912926439,5.8803196540349045,0.68144559324608456,-0.27884636906560872
1,0,5775,229.41567393052691,19.898361515363554,0.056688078313663612,0,0.032634743710496572,5.8764072704482304,0.66117669603338314,-0.28351624150358345
1,0,5776,229.46614119166807,19.889427168908284,0,0.011549672123669188,0.031677858284317795,5.8600823519294902,0.65107606122655692,-0.28759113295142696
1,0,5777,229.51667201201204,19.846329090265833,0,0.074100298243365809,0.030782627957459723,5.8242822206038358,0.66976446588224414,-0.2910160203062635
1,0,5778,229.56736778500652,19.763294876880629,0,0.13013378101642856,0.029960026767318688,5.7832070622758049,0.69253441325719489,-0.29373968510522125
1,0,5779,229.61831810022497,19.645140780512552,0,0.18035971224593519,0.029222109632980886,5.734714876235512,0.71722077400994666,-0.29574186519005968
1,0,5780,229.66961908210195,19.493538562627165,0,0.22561592925302154,0.017794255108986967,4.9771995593933251,0.71602134589187072,-0.29686991079498903
1,0,5781,229.72125818321518,19.31642856768368,0,0.26714141614596115,0.0071655420558984434,4.5846916987754431,0.71189864504652167,-0.29478771147584687
1,0,5782,229.77344967466396,19.110023920167638,0,0.30465282543727817,0.012339136959313001,4.8000928594934766,0.71382891706840634,-0.28865299806341638
1,0,5783,229.82627388913374,18.87650920353239,0,0.33850552425074182,0.020604533452686719,4.9024939589325944,0.7185536348316871,-0.28045659633059039
1,0,5784,229.87981439959978,18.617104180487598,0,0.36895092851588374,0.031018548150235501,5.0128295666044815,0.78979012635304724,-0.27209785482598597
1,0,5785,229.93419954122552,18.331342360625104,0,0.39644232808774499,0.04276696222478573,5.2182821628226286,0.86036641826186089,-0.26554639908521582
1,0,5786,229.98950255454591,18.020268727396484,0,0.42107630608385438,0.055083588760730808,5.5510304741714549,0.93316719827287098,-0.26232490395620167
1,0,5787,230.04584320037591,17.683516625835914,0,0.44293175075813945,0.067445781591783313,5.9896684966069227,1.0000000000000002,-0.26357758268316628
1,0,5788,230.10335531467967,17.323649444905481,0,0.46278249828864232,0.079533714235038869,6.4031854968507345,1,-0.27009491595664603
1,0,5789,230.16217093125002,16.94820223541922,0,0.47831828171732849,0.091420424046725984,6.7819628446088007,1,-0.2826207476498992
1,0,5790,230.22239053672848,16.584865763849464,0,0.36743390430157608,0.10088595240841909,7.4402957754325438,1.0000000000000002,-0.30184844878161615
1,0,5791,230.28378903313182,16.288910935255586,0,0.26116153841717493,0.081515059414566632,7.4994439155915469,0.99784150384570902,-0.32462668312803455
1,0,5792,230.34617610659126,16.063834616364279,0,0.16979384589206137,0.071625055551346947,7.5680259857524081,0.96665686178221155,-0.34560177178175017
1,0,5793,230.40930037282109,15.907097880409584,0,0.092782998765121277,0.060601355362764266,7.5431809826793668,0.94592224169199757,-0.36209695601690872
1,0,5794,230.47291343345864,15.80995959758798,0,0.028345576466069156,0.049805881594777696,7.4088642571114258,0.92402022893016045,-0.37225345701708934
1,0,5795,230.53679210657754,15.763403700463899,0.025351657011907263,0,0.040317277016741017,7.1383993427967054,0.8921560197319387,-0.37497904230543583
1,0,5796,230.60076252445805,15.750165627503126,0.071751176102248376,0,0.032860578616428118,6.7317094915773099,0.84474224036350942,-0.37000865544279532
1,0,5797,230.66470124189294,15.763877520552789,0.11215325088961293,0,0.027780006423425221,6.2014941617598636,0.77552079239504823,-0.35787792972311583
1,0,5798,230.72850281538203,15.801202743114219,0.14728397387367734,0,0.024967036258078504,5.5833813759133983,0.69067906106449994,-0.34002492050319699
1,0,5799,230.79207659552631,15.85897976569073,0.17779408792929757,0,0.024042756473069381,4.9474021277582443,0.60562809463360445,-0.31826059080061864
1,0,5800,230.85534448717209,15.933977401653724,0.20434653068771497,0,0.017610020105132618,3.9046568151339827,0.52389686044775974,-0.29456635499006723
1,0,5801,230.9182128729027,16.024440194032934,0.22730390448969054,0,0.021277427120828672,3.7608790778589518,0.47884625257302671,-0.2703019862934502
1,0,5802,230.98071395896665,16.117172610723028,0.19745952123311064,0,0.0299065086605927,3.7638324195615227,0.45248788858735994,-0.24707279364942089
1,0,5803,231.04289724812531,16.182731565536166,0.10469691983623049,0,0.039690685912013232,3.9174834213338006,0.50269234889937542,-0.22684052872508734
1,0,5804,231.10492125371456,16.200725876720988,0.017265136811408763,0.0010890700886533363,0.049685348841701366,4.250438434216961,0.55231739722755913,-0.21096441750958209
1,0,5805,231.16697318860807,16.16850757469933,0,0.064565461273228389,0.059405845559729817,4.7060799472152182,0.61122744062831402,-0.20012657672995637
1,0,5806,231.22928193037839,16.073355120295066,0,0.13517205311408745,0.068688947809735917,5.2460247963652069,0.69655739800324912,-0.19450662183460257
1,0,5807,231.29209751953843,15.91978627345557,0,0.19675320909180113,0.077545994620556336,5.8201068194951775,0.79262051373495812,-0.19394181737022601
1,0,5808,231.35566140943243,15.712531982654891,0,0.25047428488175089,0.086045653965963975,6.3867912867562664,0.88940536520474045,-0.19806820581404028
1,0,5809,231.42021513983667,15.455054913927963,0,0.29696650500178501,0.09424567870904664,6.9181791886335295,0.98114707664880441,-0.20645168639227501
1,0,5810,231.48598362845752,15.191058394506772,0,0.20019165914978965,0.097943162273877962,7.3431126875055748,0.9555479367279639,-0.21866371351776534
1,0,5811,231.55270860913325,15.005773329999741,0,0.11421903187680112,0.082464884513618414,7.1982552920775582,0.89238655900562691,-0.23197310336672644
1,0,5812,231.62008958285918,14.889821647981172,0,0.042898042752216252,0.072664943802036447,7.2022138487918728,0.88425395621414005,-0.2428404936084379
1,0,5813,231.6878575573509,14.833517954376461,0.013806997112833428,0,0.063384424397571748,7.0793960126623476,0.86638580720386271,-0.24915089561223655
1,0,5814,231.75577849179643,14.810139855414109,0.033302702967939996,0,0.055557041471008421,6.8312568542283412,0.83833983174371351,-0.25005602546962152
1,0,5815,231.82378584057119,14.777329995136304,0,0.049006059568017388,0.049656683970740904,6.4624976993407266,0.80866030085794782,-0.24544390870630073
1,0,5816,231.89206972233774,14.678470446240134,0,0.12727316872256153,0.045667747269931537,6.0374427118551592,0.78128877139789621,-0.23602110846811658
1,0,5817,231.96093261391906,14.516039934532708,0,0.19619031712343662,0.043378472596607529,5.5913419150473134,0.75156935200871433,-0.22284436568987362
1,0,5818,232.03070157802574,14.293881726220222,0,0.25744274773875275,0.042590914170071069,5.1404056725982707,0.72202448855044599,-0.20684393328385497
1,0,5819,232.10165075717691,14.017429579315451,0,0.31196718451041061,0.042971134588864028,4.7079230448405118,0.69703182390499285,-0.1890943397703414
1,0,5820,232.17415215323854,13.687259007420877,0,0.35523907885432077,0.086673375219089036,5.977403028577462,0.90762880284794534,-0.17049290616645041
1,0,5821,232.24867977506207,13.345587688666839,0,0.24019231556651174,0.1016224931766941,6.0418335300771826,0.89475859378387457,-0.15634095185859068
1,0,5822,232.32472455858661,13.115185511210274,0,0.13712266232678352,0.086970725922773703,5.3150974039643781,0.62438853252145643,-0.1469503841334073
1,0,5823,232.40171470005868,12.985148445276185,0,0.055392792127057867,0.06559457001104016,4.5785060264896105,0.59303606120783481,-0.13837529608130308
1,0,5824,232.47914860270265,12.934966341716864,0.0093959863463899118,0.00023280891977287438,0.042502908802436991,3.7136625447527032,0.52278243334708829,-0.12765033686413571
1,0,5825,232.55663509880381,12.936875522940264,0.0621501499595652,0,0.020718311439000173,2.6484345953265263,0.41789200307300906,-0.11330851119465572
1,0,5826,232.63394253068378,12.971922530991487,0.10744189223627612,0,0.0013510057561197451,1.440723977988259,0.30203814693360703,-0.095607434973509486
1,0,5827,232.71090663565244,13.034112612740536,0.14632087822563231,0,-0.015777471951249043,0.19090211039764235,0.21544265989493255,-0.075927054515731868
1,0,5828,232.78740232016881,13.118153797911567,0.17990251986914552,0,-0.031509928170852949,-1.0285399570358678,0.25616745556589621,-0.055943331308520042
1,0,5829,232.8633385847844,13.219492630123286,0.20915173369534346,0,-0.046810153626068871,-2.1592042782294136,0.36948517060420605,-0.036946574687892024
1,0,5830,232.93865002015949,13.334267669964142,0.23487866501881444,0,-0.0025439061517944423,1.0579395812427499,0.54018636345269511,-0.01943790602102663
1,0,5831,233.01328897876047,13.466936666602765,0.25616824526271503,0,0.012312444858843568,0.13443024320116681,0.31132061100574171,-0.0046195114205967247
1,0,5832,233.08715950859172,13.610262201857601,0.27458432853344983,0,0.014619742066228002,0.075642584240328853,0.30407545330646141,0.0043514195333896402
1,0,5833,233.16023362771438,13.762557015619667,0.29052090588688534,0,0.012699988803864826,0.28729948595811278,0.31874891427529423,0.0082477360422536453
1,0,5834,233.23246948416195,13.922138990849351,0.30424056241970776,0,0.0090105890582184711,0.38820647462221536,0.33688527158649101,0.0093433857658874672
1,0,5835,233.30387757792101,14.087278610960395,0.3162179101349501,0,0.0047923714516382703,0.34494552875377099,0.34943692764184842,0.0094799075482156457
1,0,5836,233.37443868537662,14.256881199057542,0.32666238032403794,0,0.00056793596676865405,0.19442762358160878,0.35665026962907026,0.0096065401992896666
1,0,5837,233.44416012642796,14.429925954578023,0.33580169078495514,0,-0.0034530927801096263,-0.023672976120103297,0.36158515307176625,0.010143012668900055
1,0,5838,233.51304142577538,14.605598984391362,0.34383016842302522,0,-0.0072247498380159595,-0.28182454984085287,0.37290747238126604,0.011197871787832213
1,0,5839,233.58110398951666,14.783160782865583,0.35093798349895361,0,-0.010780702184907214,-0.56078870115781565,0.38507561085594477,0.012725620013262932
1,0,5840,233.64833890053839,14.962045238129788,0.35719712586444646,0,-0.0093403059984952415,-0.44335027316757636,0.39210894610495034,0.014636299923079299
1,0,5841,233.71477806609516,15.142151893457065,0.36272726737050753,0,-0.0010127527130873353,-0.17464619726739539,0.39261247398867438,0.016112323054980844
1,0,5842,233.78043420128432,15.322843215240749,0.36763977471996218,0,0.00040057442822930646,-0.21182135907076921,0.39711523566961282,0.016730813109742042
1,0,5843,233.84530761181668,15.503771629862907,0.37198305709676893,0,0.00099468309032955862,-0.15067480209882217,0.39940634453936946,0.016387315556978376
1,0,5844,233.90943259864861,15.684671646638344,0.37588127004695243,0,0.0011425884051848344,-0.078297337421952939,0.40153177250764482,0.015387091177433391
1,0,5845,233.97282531715152,15.865321435100046,0.37938709293266765,0,0.0010587555566137568,-0.021142767407989531,0.40384354961780161,0.014050338256389744
1,0,5846,234.03550242396253,16.045534600210964,0.38254717884413081,0,0.00087466214944172018,0.016028011898509647,0.40685456408082932,0.012622553970611343
1,0,5847,234.09748090175023,16.225157874963035,0.38540238624322631,0,0.00066664419872508151,0.036116601353459711,0.41004315136460712,0.011258287051741051
1,0,5848,234.15877790155758,16.404065947791835,0.38798521042631329,0,0.00047495095972008067,0.043999466302070481,0.41274390327004307,0.010037355018314013
1,0,5849,234.21941061249362,16.582156180676144,0.39033052872755375,0,0.00031724660102657945,0.044139067047550232,0.4150622615695731,0.0089880033671740703
1,0,5850,234.27939615349027,16.759345970812277,0.39247104406805156,0,0.00019788839975802867,0.03996239969582744,0.41709438707924468,0.0081071824446202149
1,0,5851,234.33875148586981,16.93556983726122,0.3944313273790892,0,0.00011400775190806937,0.033855251474352276,0.41891138525712968,0.0073755015813440914
1,0,5852,234.39749334637136,17.110776221643526,0.39622819695068673,0,5.9637309917750234e-05,0.02735368098294208,0.42056021319860248,0.006767188833977332
1,0,5853,234.45563819720897,17.284924687346145,0.3978808027991973,0,2.781309144516988e-05,0.021338173322852448,0.42207685002220313,0.0062561193371107457
1,0,5854,234.51320218599696,17.457984844249115,0.39940973197972718,0,1.2014632468664073e-05,0.016240658196440372,0.42348966660256365,0.0058190194310720972
1,0,5855,234.57020111345099,17.629935421905707,0.40083108311608651,0,6.7516552600400553e-06,0.012199210783668313,0.42481692336453836,0.005436803486706181
1,0,5856,234.62665041012099,17.800762481981053,0.40215934368274808,0,7.7521802464242024e-06,0.0091761932598346356,0.42607200170072429,0.0050947758663357195
1,0,5857,234.68256512015409,17.97045827105212,0.40340758188861203,0,1.1911839924843208e-05,0.0070414177320538701,0.42726521557224267,0.0047822183698440802
1,0,5858,234.73795302701197,18.139005416639137,0.40457664339782767,0,1.712220683635814e-05,0.0056344970528829641,0.428394462413068,0.0044919358244911931
1,0,5859,234.79282508710691,18.306397322518205,0.40565226901637491,0,2.203704077875507e-05,0.0047802241752270885,0.42944272246842907,0.0042190430875780876
1,0,5860,234.84720392749915,18.472654496654886,0.40667827801283662,0,2.5976163337433978e-05,0.0043124355793054984,0.4304496189182524,0.0039602926157228284
1,0,5861,234.90110307332424,18.637785837889822,0.40766372541048834,0,2.8676728499879146e-05,0.0041021315736377347,0.43142161400843076,0.0037140448547315842
1,0,5862,234.95451776595996,18.801760930670703,0.40857682064924877,0,3.0042107430186632e-05,0.0040484053840703473,0.43232599952322498,0.0034798972628423894
1,0,5863,235.00747382857838,18.964620242598119,0.40944664341721848,0,3.0278088634961472e-05,0.0040701981047539647,0.43318957536753416,0.0032571617050472382
1,0,5864,235.05998726156295,19.126385607122639,0.41029780211460781,0,2.9613899356790588e-05,0.0041157118013233924,0.43403529277805675,0.0030456082231879083
1,0,5865,235.11204479569071,19.287012469412819,0.41107862455343136,0,2.8260489052004602e-05,0.0041502380283950117,0.43481237060920641,0.0028458209743019844
1,0,5866,235.16368246084406,19.446573399614877,0.41184591965023498,0,2.6487628485435683e-05,0.0041555449548425997,0.43557563210107791,0.0026570674021809235
1,0,5867,235.21489549935026,19.605046403876958,0.41257835245420715,0,2.4478257400420387e-05,0.0041226384713044387,0.43630421689842291,0.0024795817992375267
1,0,5868,235.2656984233758,19.762458052818292,0.413278285081013,0,2.2395348759615332e-05,0.0040512274432243393,0.43700043461727417,0.0023129823642584241
1,0,5869,235.31610151625151,19.918823749547681,0.41396343362870752,0,2.0352841233085213e-05,0.003945312003230104,0.43768154986735386,0.0021568945137438525
1,0,5870,235.366108615542,20.074147002630347,0.41461116583836577,0,1.8438445919521484e-05,0.0038117281987078682,0.43832576809804336,0.0020110169287576095
1,0,5871,235.41573459669658,20.228456317526383,0.41525085569219811,0,1.6695330088339056e-05,0.0036577854632862646,0.43896170869706713,0.0018746974177136352
1,0,5872,235.46498272397699,20.381755762568172,0.41586025960512446,0,1.5113915258986977e-05,0.0034888811877028594,0.43956793254104637,0.0017475279573377317
1,0,5873,235.5138628157037,20.534062838693018,0.41645681058504846,0,1.3715110267476199e-05,0.0033132279356386132,0.44016149446343605,0.0016289183223334111
1,0,5874,235.56238685340244,20.68540521663877,0.41704056972034781,0,1.2487863356840693e-05,0.0031361005344740876,0.44074256361940356,0.0015182266667326414
1,0,5875,235.61055073426644,20.835766379630318,0.41660202313700889,0,1.1420608361310258e-05,0.0029617317010797932,0.44033362421724764,0.0014151651355670894
1,0,5876,235.65837973246582,20.983958148532267,0.40703237013923094,0,1.048558283891132e-05,0.0027930530406173582,0.43106341686897764,0.0013188659113927115
1,0,5877,235.70587446765143,21.118460909472702,0.32153271910600911,0,9.6671610928176073e-06,0.0026329206762391467,0.34644499500034659,0.0012292082489851334
1,0,5878,235.75310739414664,21.22006779283485,0.2391833645373104,0,8.9373221465550451e-06,0.0024816619786148229,0.26214237421751546,0.0011454945512938642
1,0,5879,235.80015233369161,21.291259683503096,0.16211602161770969,0,8.2757910382844611e-06,0.0023374926660130048,0.18063025225676654,0.0010672641136325427
1,0,5880,235.847068488384,21.332543030314238,0.089973749523319352,0,0.010102454632166096,0.74682130225931109,0.23456244069023746,0.00087266733485802047
1,0,5881,235.89392680560363,21.345924556626958,0.022556496799178025,0,0.026833195182443328,1.7194742442905959,0.33452725595953497,-0.0026474965174718506
1,0,5882,235.94078601081549,21.333456418506188,0,0.040636703365318466,0.02020160862209874,1.3220664461835085,0.18737784548837283,-0.009935347328733574
1,0,5883,235.9877128918728,21.286036482207287,0,0.098020495107521866,0.0095447636482491067,0.92687440376064623,0.14877711813705385,-0.018370819722376586
1,0,5884,236.03477556657941,21.205905164926385,0,0.14984160545148981,-0.0035225930700091886,0.43549780316862213,0.22605127595310481,-0.025451572937578427
1,0,5885,236.08204500423102,21.094831823417923,0,0.19661503870756503,-0.017826119757698457,-0.18779974206320282,0.32611895813068981,-0.029049185774543549
1,0,5886,236.12959978464175,20.95395394469066,0,0.23873835656484016,-0.032412759568550262,-1.0198386820867362,0.44312591841980159,-0.027253485402288297
1,0,5887,236.17749687628219,20.786181987110325,0,0.2765936279832692,-0.046649924325193021,-2.0755694641156812,0.56777571922321768,-0.019109676609924416
1,0,5888,236.22583087414867,20.591346596418902,0,0.31053981655419677,-0.060187801835842686,-3.2986185651245203,0.70167064554043101,-0.0036244933142352245
1,0,5889,236.27467107020723,20.370806416231559,0,0.33351622378108664,-0.072943290732494559,-4.5503901774397617,0.83546726471261412,0.019237227258194541
