schema_version,time_s,step,position_x_m,position_y_m,yaw_rad,yaw_rate_rad_s,vx_m_s,vy_m_s,speed_m_s,steering_angle_rad,throttle,brake,longitudinal_accel_m_s2,lateral_accel_m_s2,track_s_m,unwrapped_track_s_m,track_progress_fraction,lateral_error_m,heading_error_rad,reference_curvature_1_m,target_speed_m_s,speed_error_m_s,lap_number,lap_elapsed_time_s,sector_index,on_track,friction_utilization_fl,friction_utilization_fr,friction_utilization_rl,friction_utilization_rr
4,0,0,0,0,0,0,20,0,20,0,0,-0,1.7029069015174025,0,0,0,0,0,0,0,20,0,0,0,0,1,0,0,0,0
4,0.0050000000000000001,1,0.098501738250211732,0,0,0,20.008514534507587,0,20.008514534507587,0,0,-0,1.7029069015174025,0,0.098501738250211732,0.098501738250211732,0.00032833912750070577,0,0,0,20,-0.0085145345075865464,0,0.0050000000000000001,0,1,0,0,0,0
4,0.01,2,0.19704540239840526,0,0,0,20.017029069015173,0,20.017029069015173,0,0,-0,1.7029069015174025,0,0.19704540239840526,0.19704540239840526,0.00065681800799468422,0,0,0,20,-0.017029069015173093,0,0.01,0,1,0,0,0,0
4,0.014999999999999999,3,0.29563099244458058,0,0,0,20.02554360352276,0,20.02554360352276,0,0,-0,1.7029069015174025,0,0.29563099244458058,0.29563099244458058,0.00098543664148193519,0,0,0,20,-0.025543603522759639,0,0.014999999999999999,0,1,0,0,0,0
4,0.02,4,0.39425850838873772,0,0,0,20.034058138030346,0,20.034058138030346,0,0,-0,1.7029069015174025,0,0.39425850838873772,0.39425850838873772,0.0013141950279624592,0,0,0,20,-0.034058138030346186,0,0.02,0,1,0,0,0,0
4,0.025000000000000001,5,0.49292795023087665,0,0,0,20.042572672537933,0,20.042572672537933,0,0,-0,1.7029069015174025,0,0.49292795023087665,0.49292795023087665,0.0016430931674362556,0,0,0,20,-0.042572672537932732,0,0.025000000000000001,0,1,0,0,0,0
4,0.029999999999999999,6,0.59163931797099734,0,0,0,20.051087207045519,0,20.051087207045519,0,0,-0,1.7029069015174025,0,0.59163931797099734,0.59163931797099734,0.0019721310599033243,0,0,0,20,-0.051087207045519278,0,0.029999999999999999,0,1,0,0,0,0
4,0.035000000000000003,7,0.69039261160909993,0,0,0,20.059601741553106,0,20.059601741553106,0,0,-0,1.7029069015174025,0,0.69039261160909993,0.69039261160909993,0.0023013087053636665,0,0,0,20,-0.059601741553105825,0,0.035000000000000003,0,1,0,0,0,0
4,0.040000000000000001,8,0.78918783114518432,0,0,0,20.068116276060692,0,20.068116276060692,0,0,-0,1.7029069015174025,0,0.78918783114518432,0.78918783114518432,0.0026306261038172812,0,0,0,20,-0.068116276060692371,0,0.040000000000000001,0,1,0,0,0,0
4,0.044999999999999998,9,0.8880249765792505,0,0,0,20.076630810568279,0,20.076630810568279,0,0,-0,1.7029069015174025,0,0.8880249765792505,0.8880249765792505,0.0029600832552641684,0,0,0,20,-0.076630810568278918,0,0.044999999999999998,0,1,0,0,0,0
4,0.050000000000000003,10,0.98690404791129849,0,0,0,20.085145345075865,0,20.085145345075865,0,0,-0,1.7029069015174025,0,0.98690404791129849,0.98690404791129849,0.0032896801597043284,0,0,0,20,-0.085145345075865464,0,0.050000000000000003,0,1,0,0,0,0
4,0.055,11,1.0858250451413283,0,0,0,20.093659879583452,0,20.093659879583452,0,0,-0,1.7029069015174025,0,1.0858250451413283,1.0858250451413283,0.003619416817137761,0,0,0,20,-0.09365987958345201,0,0.055,0,1,0,0,0,0
4,0.059999999999999998,12,1.1847879682693399,0,0,0,20.102174414091039,0,20.102174414091039,0,0,-0,1.7029069015174025,0,1.1847879682693399,1.1847879682693399,0.003949293227564466,0,0,0,20,-0.10217441409103856,0,0.059999999999999998,0,1,0,0,0,0
4,0.065000000000000002,13,1.2837928172953332,0,0,0,20.110688948598625,0,20.110688948598625,0,0,-0,1.7029069015174025,0,1.2837928172953332,1.2837928172953332,0.0042793093909844438,0,0,0,20,-0.1106889485986251,0,0.065000000000000002,0,1,0,0,0,0
4,0.070000000000000007,14,1.3828395922193084,0,0,0,20.119203483106212,0,20.119203483106212,0,0,-0,1.7029069015174025,0,1.3828395922193084,1.3828395922193084,0.0046094653073976951,0,0,0,20,-0.11920348310621165,0,0.070000000000000007,0,1,0,0,0,0
4,0.074999999999999997,15,1.4819282930412654,0,0,0,20.127718017613798,0,20.127718017613798,0,0,-0,1.7029069015174025,0,1.4819282930412654,1.4819282930412654,0.0049397609768042179,0,0,0,20,-0.1277180176137982,0,0.074999999999999997,0,1,0,0,0,0
4,0.080000000000000002,16,1.5810589197612042,0,0,0,20.136232552121385,0,20.136232552121385,0,0,-0,1.7029069015174025,0,1.5810589197612042,1.5810589197612042,0.005270196399204014,0,0,0,20,-0.13623255212138474,0,0.080000000000000002,0,1,0,0,0,0
4,0.085000000000000006,17,1.6802314723791247,0,0,0,20.144747086628971,0,20.144747086628971,0,0,-0,1.7029069015174025,0,1.6802314723791247,1.6802314723791247,0.0056007715745970826,0,0,0,20,-0.14474708662897129,0,0.085000000000000006,0,1,0,0,0,0
4,0.089999999999999997,18,1.7794459508950271,0,0,0,20.153261621136558,0,20.153261621136558,0,0,-0,1.7029069015174025,0,1.7794459508950271,1.7794459508950271,0.0059314865029834237,0,0,0,20,-0.15326162113655784,0,0.089999999999999997,0,1,0,0,0,0
4,0.095000000000000001,19,1.8787023553089113,0,0,0,20.161776155644144,0,20.161776155644144,0,0,-0,1.7029069015174025,0,1.8787023553089113,1.8787023553089113,0.0062623411843630373,0,0,0,20,-0.16177615564414438,0,0.095000000000000001,0,1,0,0,0,0
4,0.10000000000000001,20,1.9780006856207772,0,0,0,20.170290690151731,0,20.170290690151731,0,0,-0,1.7029069015174025,0,1.9780006856207772,1.9780006856207772,0.0065933356187359241,0,0,0,20,-0.17029069015173093,0,0.10000000000000001,0,1,0,0,0,0
4,0.105,21,2.077340941830625,0,0,0,20.178805224659317,0,20.178805224659317,0,0,-0,1.7029069015174025,0,2.077340941830625,2.077340941830625,0.0069244698061020835,0,0,0,20,-0.17880522465931747,0,0.105,0,1,0,0,0,0
4,0.11,22,2.1767231239384546,0,0,0,20.187319759166904,0,20.187319759166904,0,0,-0,1.7029069015174025,0,2.1767231239384546,2.1767231239384546,0.0072557437464615153,0,0,0,20,-0.18731975916690402,0,0.11,0,1,0,0,0,0
4,0.115,23,2.2761472319442659,0,0,0,20.195834293674491,0,20.195834293674491,0,0,-0,1.7029069015174025,0,2.2761472319442659,2.2761472319442659,0.0075871574398142195,0,0,0,20,-0.19583429367449057,0,0.115,0,1,0,0,0,0
4,0.12,24,2.3756132658480591,0,0,0,20.204348828182077,0,20.204348828182077,0,0,-0,1.7029069015174025,0,2.3756132658480591,2.3756132658480591,0.0079187108861601962,0,0,0,20,-0.20434882818207711,0,0.12,0,1,0,0,0,0
4,0.125,25,2.4751212256498341,0,0,0,20.212863362689664,0,20.212863362689664,0,0,-0,1.7029069015174025,0,2.4751212256498341,2.4751212256498341,0.0082504040854994472,0,0,0,20,-0.21286336268966366,0,0.125,0,1,0,0,0,0
4,0.13,26,2.5746711113495908,0,0,0,20.22137789719725,0,20.22137789719725,0,0,-0,1.7029069015174025,0,2.5746711113495908,2.5746711113495908,0.0085822370378319697,0,0,0,20,-0.22137789719725021,0,0.13,0,1,0,0,0,0
4,0.13500000000000001,27,2.6742629229473294,0,0,0,20.229892431704837,0,20.229892431704837,0,0,-0,1.7029069015174025,0,2.6742629229473294,2.6742629229473294,0.0089142097431577638,0,0,0,20,-0.22989243170483675,0,0.13500000000000001,0,1,0,0,0,0
4,0.14000000000000001,28,2.7738966604430497,0,0,0,20.238406966212423,0,20.238406966212423,0,0,-0,1.7029069015174025,0,2.7738966604430497,2.7738966604430497,0.009246322201476833,0,0,0,20,-0.2384069662124233,0,0.14000000000000001,0,1,0,0,0,0
4,0.14499999999999999,29,2.8735723238367519,0,0,0,20.24692150072001,0,20.24692150072001,0,0,-0,1.7029069015174025,0,2.8735723238367519,2.8735723238367519,0.0095785744127891721,0,0,0,20,-0.24692150072000985,0,0.14499999999999999,0,1,0,0,0,0
4,0.14999999999999999,30,2.9732899131284358,0,0,0,20.255436035227596,0,20.255436035227596,0,0,-0,1.7029069015174025,0,2.9732899131284358,2.9732899131284358,0.0099109663770947862,0,0,0,20,-0.25543603522759639,0,0.14999999999999999,0,1,0,0,0,0
4,0.155,31,3.0730494283181016,0,0,0,20.263950569735183,0,20.263950569735183,0,0,-0,1.7029069015174025,0,3.0730494283181016,3.0730494283181016,0.010243498094393672,0,0,0,20,-0.26395056973518294,0,0.155,0,1,0,0,0,0
4,0.16,32,3.1728508694057491,0,0,0,20.272465104242769,0,20.272465104242769,0,0,-0,1.7029069015174025,0,3.1728508694057491,3.1728508694057491,0.010576169564685831,0,0,0,20,-0.27246510424276948,0,0.16,0,1,0,0,0,0
4,0.16500000000000001,33,3.2726942363913785,0,0,0,20.280979638750356,0,20.280979638750356,0,0,-0,1.7029069015174025,0,3.2726942363913785,3.2726942363913785,0.010908980787971262,0,0,0,20,-0.28097963875035603,0,0.16500000000000001,0,1,0,0,0,0
4,0.17000000000000001,34,3.3725795292749896,0,0,0,20.289494173257943,0,20.289494173257943,0,0,-0,1.7029069015174025,0,3.3725795292749896,3.3725795292749896,0.011241931764249966,0,0,0,20,-0.28949417325794258,0,0.17000000000000001,0,1,0,0,0,0
4,0.17500000000000002,35,3.4725067480565825,0,0,0,20.298008707765529,0,20.298008707765529,0,0,-0,1.7029069015174025,0,3.4725067480565825,3.4725067480565825,0.011575022493521941,0,0,0,20,-0.29800870776552912,0,0.17500000000000002,0,1,0,0,0,0
4,0.17999999999999999,36,3.5724758927361573,0,0,0,20.306523242273116,0,20.306523242273116,0,0,-0,1.7029069015174025,0,3.5724758927361573,3.5724758927361573,0.011908252975787192,0,0,0,20,-0.30652324227311567,0,0.17999999999999999,0,1,0,0,0,0
4,0.185,37,3.6724869633137143,0,0,0,20.315037776780702,0,20.315037776780702,0,0,-0,1.7029069015174025,0,3.6724869633137143,3.6724869633137143,0.012241623211045714,0,0,0,20,-0.31503777678070222,0,0.185,0,1,0,0,0,0
4,0.19,38,3.7725399597892526,0,0,0,20.323552311288289,0,20.323552311288289,0,0,-0,1.7029069015174025,0,3.7725399597892526,3.7725399597892526,0.01257513319929751,0,0,0,20,-0.32355231128828876,0,0.19,0,1,0,0,0,0
4,0.19500000000000001,39,3.8726348821627727,0,0,0,20.332066845795875,0,20.332066845795875,0,0,-0,1.7029069015174025,0,3.8726348821627727,3.8726348821627727,0.012908782940542575,0,0,0,20,-0.33206684579587531,0,0.19500000000000001,0,1,0,0,0,0
4,0.20000000000000001,40,3.9727717304342747,0,0,0,20.340581380303462,0,20.340581380303462,0,0,-0,1.7029069015174025,0,3.9727717304342747,3.9727717304342747,0.013242572434780915,0,0,0,20,-0.34058138030346186,0,0.20000000000000001,0,1,0,0,0,0
4,0.20500000000000002,41,4.0729505046037584,0,0,0,20.349095914811048,0,20.349095914811048,0,0,-0,1.7029069015174025,0,4.0729505046037584,4.0729505046037584,0.013576501682012528,0,0,0,20,-0.3490959148110484,0,0.20500000000000002,0,1,0,0,0,0
4,0.20999999999999999,42,4.1731712046712239,0,0,0,20.357610449318635,0,20.357610449318635,0,0,-0,1.7029069015174025,0,4.1731712046712239,4.1731712046712239,0.013910570682237413,0,0,0,20,-0.35761044931863495,0,0.20999999999999999,0,1,0,0,0,0
4,0.215,43,4.2734338306366713,0,0,0,20.366124983826221,0,20.366124983826221,0,0,-0,1.7029069015174025,0,4.2734338306366713,4.2734338306366713,0.014244779435455572,0,0,0,20,-0.3661249838262215,0,0.215,0,1,0,0,0,0
4,0.22,44,4.3737383825001004,0,0,0,20.374639518333808,0,20.374639518333808,0,0,-0,1.7029069015174025,0,4.3737383825001004,4.3737383825001004,0.014579127941667002,0,0,0,20,-0.37463951833380804,0,0.22,0,1,0,0,0,0
4,0.22500000000000001,45,4.4740848602615113,0,0,0,20.383154052841395,0,20.383154052841395,0,0,-0,1.7029069015174025,0,4.4740848602615113,4.4740848602615113,0.014913616200871704,0,0,0,20,-0.38315405284139459,0,0.22500000000000001,0,1,0,0,0,0
4,0.23000000000000001,46,4.574473263920904,0,0,0,20.391668587348981,0,20.391668587348981,0,0,-0,1.7029069015174025,0,4.574473263920904,4.574473263920904,0.015248244213069679,0,0,0,20,-0.39166858734898113,0,0.23000000000000001,0,1,0,0,0,0
4,0.23500000000000001,47,4.6749035934782786,0,0,0,20.400183121856568,0,20.400183121856568,0,0,-0,1.7029069015174025,0,4.6749035934782786,4.6749035934782786,0.015583011978260928,0,0,0,20,-0.40018312185656768,0,0.23500000000000001,0,1,0,0,0,0
4,0.23999999999999999,48,4.7753758489336349,0,0,0,20.408697656364154,0,20.408697656364154,0,0,-0,1.7029069015174025,0,4.7753758489336349,4.7753758489336349,0.01591791949644545,0,0,0,20,-0.40869765636415423,0,0.23999999999999999,0,1,0,0,0,0
4,0.245,49,4.875890030286973,0,0,0,20.417212190871741,0,20.417212190871741,0,0,-0,1.7029069015174025,0,4.875890030286973,4.875890030286973,0.016252966767623243,0,0,0,20,-0.41721219087174077,0,0.245,0,1,0,0,0,0
4,0.25,50,4.9764461375382929,0,0,0,20.425726725379327,0,20.425726725379327,0,0,-0,1.7029069015174025,0,4.9764461375382929,4.9764461375382929,0.016588153791794309,0,0,0,20,-0.42572672537932732,0,0.25,0,1,0,0,0,0
4,0.255,51,5.0770441706875946,0,0,0,20.434241259886914,0,20.434241259886914,0,0,-0,1.7029069015174025,0,5.0770441706875946,5.0770441706875946,0.016923480568958649,0,0,0,20,-0.43424125988691387,0,0.255,0,1,0,0,0,0
4,0.26000000000000001,52,5.1776841297348781,0,0,0,20.4427557943945,0,20.4427557943945,0,0,-0,1.7029069015174025,0,5.1776841297348781,5.1776841297348781,0.017258947099116261,0,0,0,20,-0.44275579439450041,0,0.26000000000000001,0,1,0,0,0,0
4,0.26500000000000001,53,5.2783660146801434,0,0,0,20.451270328902087,0,20.451270328902087,0,0,-0,1.7029069015174025,0,5.2783660146801434,5.2783660146801434,0.017594553382267144,0,0,0,20,-0.45127032890208696,0,0.26500000000000001,0,1,0,0,0,0
4,0.27000000000000002,54,5.3790898255233905,0,0,0,20.459784863409674,0,20.459784863409674,0,0,-0,1.7029069015174025,0,5.3790898255233905,5.3790898255233905,0.017930299418411302,0,0,0,20,-0.45978486340967351,0,0.27000000000000002,0,1,0,0,0,0
4,0.27500000000000002,55,5.4798555622646195,0,0,0,20.46829939791726,0,20.46829939791726,0,0,-0,1.7029069015174025,0,5.4798555622646195,5.4798555622646195,0.018266185207548732,0,0,0,20,-0.46829939791726005,0,0.27500000000000002,0,1,0,0,0,0
4,0.28000000000000003,56,5.5806632249038302,0,0,0,20.476813932424847,0,20.476813932424847,0,0,-0,1.7029069015174025,0,5.5806632249038302,5.5806632249038302,0.018602210749679434,0,0,0,20,-0.4768139324248466,0,0.28000000000000003,0,1,0,0,0,0
4,0.28500000000000003,57,5.6815128134410227,0,0,0,20.485328466932433,0,20.485328466932433,0,0,-0,1.7029069015174025,0,5.6815128134410227,5.6815128134410227,0.018938376044803407,0,0,0,20,-0.48532846693243314,0,0.28500000000000003,0,1,0,0,0,0
4,0.28999999999999998,58,5.782404327876197,0,0,0,20.49384300144002,0,20.49384300144002,0,0,-0,1.7029069015174025,0,5.782404327876197,5.782404327876197,0.019274681092920656,0,0,0,20,-0.49384300144001969,0,0.28999999999999998,0,1,0,0,0,0
4,0.29499999999999998,59,5.8833377682093531,0,0,0,20.502357535947606,0,20.502357535947606,0,0,-0,1.7029069015174025,0,5.8833377682093531,5.8833377682093531,0.019611125894031176,0,0,0,20,-0.50235753594760624,0,0.29499999999999998,0,1,0,0,0,0
4,0.29999999999999999,60,5.984313134440491,0,0,0,20.510872070455193,0,20.510872070455193,0,0,-0,1.7029069015174025,0,5.984313134440491,5.984313134440491,0.019947710448134971,0,0,0,20,-0.51087207045519278,0,0.29999999999999999,0,1,0,0,0,0
4,0.30499999999999999,61,6.0853304265696107,0,0,0,20.519386604962779,0,20.519386604962779,0,0,-0,1.7029069015174025,0,6.0853304265696107,6.0853304265696107,0.020284434755232037,0,0,0,20,-0.51938660496277933,0,0.30499999999999999,0,1,0,0,0,0
4,0.31,62,6.1863896445967121,0,0,0,20.527901139470366,0,20.527901139470366,0,0,-0,1.7029069015174025,0,6.1863896445967121,6.1863896445967121,0.020621298815322375,0,0,0,20,-0.52790113947036588,0,0.31,0,1,0,0,0,0
4,0.315,63,6.2874907885217954,0,0,0,20.536415673977952,0,20.536415673977952,0,0,-0,1.7029069015174025,0,6.2874907885217954,6.2874907885217954,0.020958302628405985,0,0,0,20,-0.53641567397795242,0,0.315,0,1,0,0,0,0
4,0.32000000000000001,64,6.3886338583448605,0,0,0,20.544930208485539,0,20.544930208485539,0,0,-0,1.7029069015174025,0,6.3886338583448605,6.3886338583448605,0.02129544619448287,0,0,0,20,-0.54493020848553897,0,0.32000000000000001,0,1,0,0,0,0
4,0.32500000000000001,65,6.4898188540659074,0,0,0,20.553444742993126,0,20.553444742993126,0,0,-0,1.7029069015174025,0,6.4898188540659074,6.4898188540659074,0.021632729513553026,0,0,0,20,-0.55344474299312552,0,0.32500000000000001,0,1,0,0,0,0
4,0.33000000000000002,66,6.5910457756849361,0,0,0,20.561959277500712,0,20.561959277500712,0,0,-0,1.7029069015174025,0,6.5910457756849361,6.5910457756849361,0.021970152585616454,0,0,0,20,-0.56195927750071206,0,0.33000000000000002,0,1,0,0,0,0
4,0.33500000000000002,67,6.6923146232019466,0,0,0,20.570473812008299,0,20.570473812008299,0,0,-0,1.7029069015174025,0,6.6923146232019466,6.6923146232019466,0.022307715410673154,0,0,0,20,-0.57047381200829861,0,0.33500000000000002,0,1,0,0,0,0
4,0.34000000000000002,68,6.7936253966169389,0,0,0,20.578988346515885,0,20.578988346515885,0,0,-0,1.7029069015174025,0,6.7936253966169389,6.7936253966169389,0.022645417988723129,0,0,0,20,-0.57898834651588515,0,0.34000000000000002,0,1,0,0,0,0
4,0.34500000000000003,69,6.894978095929913,0,0,0,20.587502881023472,0,20.587502881023472,0,0,-0,1.7029069015174025,0,6.894978095929913,6.894978095929913,0.022983260319766375,0,0,0,20,-0.5875028810234717,0,0.34500000000000003,0,1,0,0,0,0
4,0.35000000000000003,70,6.9963727211408688,0,0,0,20.596017415531058,0,20.596017415531058,0,0,-0,1.7029069015174025,0,6.9963727211408688,6.9963727211408688,0.023321242403802896,0,0,0,20,-0.59601741553105825,0,0.35000000000000003,0,1,0,0,0,0
4,0.35499999999999998,71,7.0978092722498074,0,0,0,20.604531950038645,0,20.604531950038645,0,0,-0,1.7029069015174025,0,7.0978092722498074,7.0978092722498074,0.023659364240832693,0,0,0,20,-0.60453195003864479,0,0.35499999999999998,0,1,0,0,0,0
4,0.35999999999999999,72,7.1992877492567278,0,0,0,20.613046484546231,0,20.613046484546231,0,0,-0,1.7029069015174025,0,7.1992877492567278,7.1992877492567278,0.023997625830855761,0,0,0,20,-0.61304648454623134,0,0.35999999999999999,0,1,0,0,0,0
4,0.36499999999999999,73,7.3008081521616299,0,0,0,20.621561019053818,0,20.621561019053818,0,0,-0,1.7029069015174025,0,7.3008081521616299,7.3008081521616299,0.0243360271738721,0,0,0,20,-0.62156101905381789,0,0.36499999999999999,0,1,0,0,0,0
4,0.37,74,7.4023704809645139,0,0,0,20.630075553561404,0,20.630075553561404,0,0,-0,1.7029069015174025,0,7.4023704809645139,7.4023704809645139,0.024674568269881712,0,0,0,20,-0.63007555356140443,0,0.37,0,1,0,0,0,0
4,0.375,75,7.5039747356653796,0,0,0,20.638590088068991,0,20.638590088068991,0,0,-0,1.7029069015174025,0,7.5039747356653796,7.5039747356653796,0.025013249118884598,0,0,0,20,-0.63859008806899098,0,0.375,0,1,0,0,0,0
4,0.38,76,7.6056209162642272,0,0,0,20.647104622576578,0,20.647104622576578,0,0,-0,1.7029069015174025,0,7.6056209162642272,7.6056209162642272,0.025352069720880756,0,0,0,20,-0.64710462257657753,0,0.38,0,1,0,0,0,0
4,0.38500000000000001,77,7.7073090227610566,0,0,0,20.655619157084164,0,20.655619157084164,0,0,-0,1.7029069015174025,0,7.7073090227610566,7.7073090227610566,0.025691030075870189,0,0,0,20,-0.65561915708416407,0,0.38500000000000001,0,1,0,0,0,0
4,0.39000000000000001,78,7.8090390551558677,0,0,0,20.664133691591751,0,20.664133691591751,0,0,-0,1.7029069015174025,0,7.8090390551558677,7.8090390551558677,0.026030130183852893,0,0,0,20,-0.66413369159175062,0,0.39000000000000001,0,1,0,0,0,0
4,0.39500000000000002,79,7.9108110134486607,0,0,0,20.672648226099337,0,20.672648226099337,0,0,-0,1.7029069015174025,0,7.9108110134486607,7.9108110134486607,0.026369370044828869,0,0,0,20,-0.67264822609933717,0,0.39500000000000002,0,1,0,0,0,0
4,0.40000000000000002,80,8.0126248976394354,0,0,0,20.681162760606924,0,20.681162760606924,0,0,-0,1.7029069015174025,0,8.0126248976394354,8.0126248976394354,0.026708749658798117,0,0,0,20,-0.68116276060692371,0,0.40000000000000002,0,1,0,0,0,0
4,0.40500000000000003,81,8.1144807077281911,0,0,0,20.68967729511451,0,20.68967729511451,0,0,-0,1.7029069015174025,0,8.1144807077281911,8.1144807077281911,0.027048269025760636,0,0,0,20,-0.68967729511451026,0,0.40500000000000003,0,1,0,0,0,0
4,0.41000000000000003,82,8.2163784437149285,0,0,0,20.698191829622097,0,20.698191829622097,0,0,-0,1.7029069015174025,0,8.2163784437149285,8.2163784437149285,0.027387928145716427,0,0,0,20,-0.6981918296220968,0,0.41000000000000003,0,1,0,0,0,0
4,0.41500000000000004,83,8.3183181055996478,0,0,0,20.706706364129683,0,20.706706364129683,0,0,-0,1.7029069015174025,0,8.3183181055996478,8.3183181055996478,0.027727727018665493,0,0,0,20,-0.70670636412968335,0,0.41500000000000004,0,1,0,0,0,0
4,0.41999999999999998,84,8.4202996933823488,0,0,0,20.71522089863727,0,20.71522089863727,0,0,-0,1.7029069015174025,0,8.4202996933823488,8.4202996933823488,0.028067665644607831,0,0,0,20,-0.7152208986372699,0,0.41999999999999998,0,1,0,0,0,0
4,0.42499999999999999,85,8.5223232070630317,0,0,0,20.723735433144856,0,20.723735433144856,0,0,-0,1.7029069015174025,0,8.5223232070630317,8.5223232070630317,0.02840774402354344,0,0,0,20,-0.72373543314485644,0,0.42499999999999999,0,1,0,0,0,0
4,0.42999999999999999,86,8.6243886466416964,0,0,0,20.732249967652443,0,20.732249967652443,0,0,-0,1.7029069015174025,0,8.6243886466416964,8.6243886466416964,0.028747962155472321,0,0,0,20,-0.73224996765244299,0,0.42999999999999999,0,1,0,0,0,0
4,0.435,87,8.7264960121183428,0,0,0,20.74076450216003,0,20.74076450216003,0,0,-0,1.7029069015174025,0,8.7264960121183428,8.7264960121183428,0.029088320040394477,0,0,0,20,-0.74076450216002954,0,0.435,0,1,0,0,0,0
4,0.44,88,8.8286453034929711,0,0,0,20.749279036667616,0,20.749279036667616,0,0,-0,1.7029069015174025,0,8.8286453034929711,8.8286453034929711,0.029428817678309904,0,0,0,20,-0.74927903666761608,0,0.44,0,1,0,0,0,0
4,0.44500000000000001,89,8.9308365207655811,0,0,0,20.757793571175203,0,20.757793571175203,0,0,-0,1.7029069015174025,0,8.9308365207655811,8.9308365207655811,0.029769455069218603,0,0,0,20,-0.75779357117520263,0,0.44500000000000001,0,1,0,0,0,0
4,0.45000000000000001,90,9.0330696639361729,0,0,0,20.766308105682789,0,20.766308105682789,0,0,-0,1.7029069015174025,0,9.0330696639361729,9.0330696639361729,0.030110232213120577,0,0,0,20,-0.76630810568278918,0,0.45000000000000001,0,1,0,0,0,0
4,0.45500000000000002,91,9.1353447330047466,0,0,0,20.774822640190376,0,20.774822640190376,0,0,-0,1.7029069015174025,0,9.1353447330047466,9.1353447330047466,0.030451149110015823,0,0,0,20,-0.77482264019037572,0,0.45500000000000002,0,1,0,0,0,0
4,0.46000000000000002,92,9.237661727971302,0,0,0,20.783337174697962,0,20.783337174697962,0,0,-0,1.7029069015174025,0,9.237661727971302,9.237661727971302,0.03079220575990434,0,0,0,20,-0.78333717469796227,0,0.46000000000000002,0,1,0,0,0,0
4,0.46500000000000002,93,9.3400206488358393,0,0,0,20.791851709205549,0,20.791851709205549,0,0,-0,1.7029069015174025,0,9.3400206488358393,9.3400206488358393,0.031133402162786129,0,0,0,20,-0.79185170920554881,0,0.46500000000000002,0,1,0,0,0,0
4,0.47000000000000003,94,9.4424214955983583,0,0,0,20.800366243713135,0,20.800366243713135,0,0,-0,1.7029069015174025,0,9.4424214955983583,9.4424214955983583,0.031474738318661197,0,0,0,20,-0.80036624371313536,0,0.47000000000000003,0,1,0,0,0,0
4,0.47500000000000003,95,9.5448642682588591,0,0,0,20.808880778220722,0,20.808880778220722,0,0,-0,1.7029069015174025,0,9.5448642682588591,9.5448642682588591,0.031816214227529532,0,0,0,20,-0.80888077822072191,0,0.47500000000000003,0,1,0,0,0,0
4,0.47999999999999998,96,9.6473489668173418,0,0,0,20.817395312728308,0,20.817395312728308,0,0,-0,1.7029069015174025,0,9.6473489668173418,9.6473489668173418,0.032157829889391136,0,0,0,20,-0.81739531272830845,0,0.47999999999999998,0,1,0,0,0,0
4,0.48499999999999999,97,9.7498755912738062,0,0,0,20.825909847235895,0,20.825909847235895,0,0,-0,1.7029069015174025,0,9.7498755912738062,9.7498755912738062,0.032499585304246022,0,0,0,20,-0.825909847235895,0,0.48499999999999999,0,1,0,0,0,0
4,0.48999999999999999,98,9.8524441416282524,0,0,0,20.834424381743482,0,20.834424381743482,0,0,-0,1.7029069015174025,0,9.8524441416282524,9.8524441416282524,0.032841480472094176,0,0,0,20,-0.83442438174348155,0,0.48999999999999999,0,1,0,0,0,0
4,0.495,99,9.9550546178806805,0,0,0,20.842938916251068,0,20.842938916251068,0,0,-0,1.7029069015174025,0,9.9550546178806805,9.9550546178806805,0.033183515392935604,0,0,0,20,-0.84293891625106809,0,0.495,0,1,0,0,0,0
4,0.5,100,10.05770702003109,0,0,0,20.851453450758655,0,20.851453450758655,0,0,-0,1.7029069015174025,0,10.05770702003109,10.05770702003109,0.033525690066770301,0,0,0,20,-0.85145345075865464,0,0.5,0,1,0,0,0,0
4,0.505,101,10.160401348079482,0,0,0,20.859967985266241,0,20.859967985266241,0,0,-0,1.7029069015174025,0,10.160401348079482,10.160401348079482,0.033868004493598274,0,0,0,20,-0.85996798526624119,0,0.505,0,1,0,0,0,0
4,0.51000000000000001,102,10.263137602025855,0,0,0,20.868482519773828,0,20.868482519773828,0,0,-0,1.7029069015174025,0,10.263137602025855,10.263137602025855,0.034210458673419521,0,0,0,20,-0.86848251977382773,0,0.51000000000000001,0,1,0,0,0,0
4,0.51500000000000001,103,10.365915781870211,0,0,0,20.876997054281414,0,20.876997054281414,0,0,-0,1.7029069015174025,0,10.365915781870211,10.365915781870211,0.034553052606234036,0,0,0,20,-0.87699705428141428,0,0.51500000000000001,0,1,0,0,0,0
4,0.52000000000000002,104,10.468735887612548,0,0,0,20.885511588789001,0,20.885511588789001,0,0,-0,1.7029069015174025,0,10.468735887612548,10.468735887612548,0.034895786292041826,0,0,0,20,-0.88551158878900083,0,0.52000000000000002,0,1,0,0,0,0
4,0.52500000000000002,105,10.571597919252866,0,0,0,20.894026123296587,0,20.894026123296587,0,0,-0,1.7029069015174025,0,10.571597919252866,10.571597919252866,0.035238659730842885,0,0,0,20,-0.89402612329658737,0,0.52500000000000002,0,1,0,0,0,0
4,0.53000000000000003,106,10.674501876791167,0,0,0,20.902540657804174,0,20.902540657804174,0,0,-0,1.7029069015174025,0,10.674501876791167,10.674501876791167,0.035581672922637225,0,0,0,20,-0.90254065780417392,0,0.53000000000000003,0,1,0,0,0,0
4,0.53500000000000003,107,10.777447760227449,0,0,0,20.91105519231176,0,20.91105519231176,0,0,-0,1.7029069015174025,0,10.777447760227449,10.777447760227449,0.035924825867424834,0,0,0,20,-0.91105519231176046,0,0.53500000000000003,0,1,0,0,0,0
4,0.54000000000000004,108,10.880435569561714,0,0,0,20.919569726819347,0,20.919569726819347,0,0,-0,1.7029069015174025,0,10.880435569561714,10.880435569561714,0.036268118565205711,0,0,0,20,-0.91956972681934701,0,0.54000000000000004,0,1,0,0,0,0
4,0.54500000000000004,109,10.98346530479396,0,0,0,20.928084261326934,0,20.928084261326934,0,0,-0,1.7029069015174025,0,10.98346530479396,10.98346530479396,0.036611551015979862,0,0,0,20,-0.92808426132693356,0,0.54500000000000004,0,1,0,0,0,0
4,0.55000000000000004,110,11.086536965924187,0,0,0,20.93659879583452,0,20.93659879583452,0,0,-0,1.7029069015174025,0,11.086536965924187,11.086536965924187,0.036955123219747289,0,0,0,20,-0.9365987958345201,0,0.55000000000000004,0,1,0,0,0,0
4,0.55500000000000005,111,11.189650552952397,0,0,0,20.945113330342107,0,20.945113330342107,0,0,-0,1.7029069015174025,0,11.189650552952397,11.189650552952397,0.037298835176507991,0,0,0,20,-0.94511333034210665,0,0.55500000000000005,0,1,0,0,0,0
4,0.56000000000000005,112,11.292806065878588,0,0,0,20.953627864849693,0,20.953627864849693,0,0,-0,1.7029069015174025,0,11.292806065878588,11.292806065878588,0.037642686886261961,0,0,0,20,-0.9536278648496932,0,0.56000000000000005,0,1,0,0,0,0
4,0.56500000000000006,113,11.396003504702762,0,0,0,20.96214239935728,0,20.96214239935728,0,0,-0,1.7029069015174025,0,11.396003504702762,11.396003504702762,0.037986678349009206,0,0,0,20,-0.96214239935727974,0,0.56500000000000006,0,1,0,0,0,0
4,0.57000000000000006,114,11.499242869424917,0,0,0,20.970656933864866,0,20.970656933864866,0,0,-0,1.7029069015174025,0,11.499242869424917,11.499242869424917,0.03833080956474972,0,0,0,20,-0.97065693386486629,0,0.57000000000000006,0,1,0,0,0,0
4,0.57500000000000007,115,11.602524160045053,0,0,0,20.979171468372453,0,20.979171468372453,0,0,-0,1.7029069015174025,0,11.602524160045053,11.602524160045053,0.038675080533483515,0,0,0,20,-0.97917146837245284,0,0.57500000000000007,0,1,0,0,0,0
4,0.57999999999999996,116,11.705847376563172,0,0,0,20.987686002880039,0,20.987686002880039,0,0,-0,1.7029069015174025,0,11.705847376563172,11.705847376563172,0.039019491255210571,0,0,0,20,-0.98768600288003938,0,0.57999999999999996,0,1,0,0,0,0
4,0.58499999999999996,117,11.809212518979272,0,0,0,20.996200537387626,0,20.996200537387626,0,0,-0,1.7029069015174025,0,11.809212518979272,11.809212518979272,0.03936404172993091,0,0,0,20,-0.99620053738762593,0,0.58499999999999996,0,1,0,0,0,0
4,0.58999999999999997,118,11.912619587293355,0,0,0,21.004715071895212,0,21.004715071895212,0,0,-0,1.7029069015174025,0,11.912619587293355,11.912619587293355,0.039708731957644516,0,0,0,20,-1.0047150718952125,0,0.58999999999999997,0,1,0,0,0,0
4,0.59499999999999997,119,12.016068581505419,0,0,0,21.013229606402799,0,21.013229606402799,0,0,-0,1.7029069015174025,0,12.016068581505419,12.016068581505419,0.040053561938351398,0,0,0,20,-1.013229606402799,0,0.59499999999999997,0,1,0,0,0,0
4,0.59999999999999998,120,12.119559501615464,0,0,0,21.021744140910386,0,21.021744140910386,0,0,-0,1.7029069015174025,0,12.119559501615464,12.119559501615464,0.040398531672051548,0,0,0,20,-1.0217441409103856,0,0.59999999999999998,0,1,0,0,0,0
4,0.60499999999999998,121,12.223092347623492,0,0,0,21.030258675417972,0,21.030258675417972,0,0,-0,1.7029069015174025,0,12.223092347623492,12.223092347623492,0.040743641158744973,0,0,0,20,-1.0302586754179721,0,0.60499999999999998,0,1,0,0,0,0
4,0.60999999999999999,122,12.326667119529501,0,0,0,21.038773209925559,0,21.038773209925559,0,0,-0,1.7029069015174025,0,12.326667119529501,12.326667119529501,0.041088890398431673,0,0,0,20,-1.0387732099255587,0,0.60999999999999999,0,1,0,0,0,0
4,0.61499999999999999,123,12.430283817333493,0,0,0,21.047287744433145,0,21.047287744433145,0,0,-0,1.7029069015174025,0,12.430283817333493,12.430283817333493,0.041434279391111641,0,0,0,20,-1.0472877444331452,0,0.61499999999999999,0,1,0,0,0,0
4,0.62,124,12.533942441035466,0,0,0,21.055802278940732,0,21.055802278940732,0,0,-0,1.7029069015174025,0,12.533942441035466,12.533942441035466,0.041779808136784884,0,0,0,20,-1.0558022789407318,0,0.62,0,1,0,0,0,0
4,0.625,125,12.63764299063542,0,0,0,21.064316813448318,0,21.064316813448318,0,0,-0,1.7029069015174025,0,12.63764299063542,12.63764299063542,0.042125476635451402,0,0,0,20,-1.0643168134483183,0,0.625,0,1,0,0,0,0
4,0.63,126,12.741385466133359,0,0,0,21.072831347955905,0,21.072831347955905,0,0,-0,1.7029069015174025,0,12.741385466133359,12.741385466133359,0.042471284887111195,0,0,0,20,-1.0728313479559048,0,0.63,0,1,0,0,0,0
4,0.63500000000000001,127,12.845169867529279,0,0,0,21.081345882463491,0,21.081345882463491,0,0,-0,1.7029069015174025,0,12.845169867529279,12.845169867529279,0.042817232891764263,0,0,0,20,-1.0813458824634914,0,0.63500000000000001,0,1,0,0,0,0
4,0.64000000000000001,128,12.948996194823181,0,0,0,21.089860416971078,0,21.089860416971078,0,0,-0,1.7029069015174025,0,12.948996194823181,12.948996194823181,0.0431633206494106,0,0,0,20,-1.0898604169710779,0,0.64000000000000001,0,1,0,0,0,0
4,0.64500000000000002,129,13.052864448015065,0,0,0,21.098374951478664,0,21.098374951478664,0,0,-0,1.7029069015174025,0,13.052864448015065,13.052864448015065,0.043509548160050218,0,0,0,20,-1.0983749514786645,0,0.64500000000000002,0,1,0,0,0,0
4,0.65000000000000002,130,13.15677462710493,0,0,0,21.106889485986251,0,21.106889485986251,0,0,-0,1.7029069015174025,0,13.15677462710493,13.15677462710493,0.043855915423683098,0,0,0,20,-1.106889485986251,0,0.65000000000000002,0,1,0,0,0,0
4,0.65500000000000003,131,13.260726732092778,0,0,0,21.115404020493838,0,21.115404020493838,0,0,-0,1.7029069015174025,0,13.260726732092778,13.260726732092778,0.044202422440309259,0,0,0,20,-1.1154040204938376,0,0.65500000000000003,0,1,0,0,0,0
4,0.66000000000000003,132,13.364720762978607,0,0,0,21.123918555001424,0,21.123918555001424,0,0,-0,1.7029069015174025,0,13.364720762978607,13.364720762978607,0.044549069209928689,0,0,0,20,-1.1239185550014241,0,0.66000000000000003,0,1,0,0,0,0
4,0.66500000000000004,133,13.468756719762418,0,0,0,21.132433089509011,0,21.132433089509011,0,0,-0,1.7029069015174025,0,13.468756719762418,13.468756719762418,0.044895855732541394,0,0,0,20,-1.1324330895090107,0,0.66500000000000004,0,1,0,0,0,0
4,0.67000000000000004,134,13.57283460244421,0,0,0,21.140947624016597,0,21.140947624016597,0,0,-0,1.7029069015174025,0,13.57283460244421,13.57283460244421,0.045242782008147367,0,0,0,20,-1.1409476240165972,0,0.67000000000000004,0,1,0,0,0,0
4,0.67500000000000004,135,13.676954411023985,0,0,0,21.149462158524184,0,21.149462158524184,0,0,-0,1.7029069015174025,0,13.676954411023985,13.676954411023985,0.045589848036746615,0,0,0,20,-1.1494621585241838,0,0.67500000000000004,0,1,0,0,0,0
4,0.68000000000000005,136,13.781116145501741,0,0,0,21.15797669303177,0,21.15797669303177,0,0,-0,1.7029069015174025,0,13.781116145501741,13.781116145501741,0.045937053818339138,0,0,0,20,-1.1579766930317703,0,0.68000000000000005,0,1,0,0,0,0
4,0.68500000000000005,137,13.885319805877479,0,0,0,21.166491227539357,0,21.166491227539357,0,0,-0,1.7029069015174025,0,13.885319805877479,13.885319805877479,0.046284399352924929,0,0,0,20,-1.1664912275393569,0,0.68500000000000005,0,1,0,0,0,0
4,0.69000000000000006,138,13.989565392151199,0,0,0,21.175005762046943,0,21.175005762046943,0,0,-0,1.7029069015174025,0,13.989565392151199,13.989565392151199,0.046631884640503996,0,0,0,20,-1.1750057620469434,0,0.69000000000000006,0,1,0,0,0,0
4,0.69500000000000006,139,14.093852904322901,0,0,0,21.18352029655453,0,21.18352029655453,0,0,-0,1.7029069015174025,0,14.093852904322901,14.093852904322901,0.046979509681076337,0,0,0,20,-1.1835202965545299,0,0.69500000000000006,0,1,0,0,0,0
4,0.70000000000000007,140,14.198182342392585,0,0,0,21.192034831062116,0,21.192034831062116,0,0,-0,1.7029069015174025,0,14.198182342392585,14.198182342392585,0.047327274474641946,0,0,0,20,-1.1920348310621165,0,0.70000000000000007,0,1,0,0,0,0
4,0.70499999999999996,141,14.30255370636025,0,0,0,21.200549365569703,0,21.200549365569703,0,0,-0,1.7029069015174025,0,14.30255370636025,14.30255370636025,0.047675179021200831,0,0,0,20,-1.200549365569703,0,0.70499999999999996,0,1,0,0,0,0
4,0.70999999999999996,142,14.406966996225897,0,0,0,21.20906390007729,0,21.20906390007729,0,0,-0,1.7029069015174025,0,14.406966996225897,14.406966996225897,0.04802322332075299,0,0,0,20,-1.2090639000772896,0,0.70999999999999996,0,1,0,0,0,0
4,0.71499999999999997,143,14.511422211989526,0,0,0,21.217578434584876,0,21.217578434584876,0,0,-0,1.7029069015174025,0,14.511422211989526,14.511422211989526,0.048371407373298418,0,0,0,20,-1.2175784345848761,0,0.71499999999999997,0,1,0,0,0,0
4,0.71999999999999997,144,14.615919353651137,0,0,0,21.226092969092463,0,21.226092969092463,0,0,-0,1.7029069015174025,0,14.615919353651137,14.615919353651137,0.048719731178837121,0,0,0,20,-1.2260929690924627,0,0.71999999999999997,0,1,0,0,0,0
4,0.72499999999999998,145,14.720458421210729,0,0,0,21.234607503600049,0,21.234607503600049,0,0,-0,1.7029069015174025,0,14.720458421210729,14.720458421210729,0.049068194737369099,0,0,0,20,-1.2346075036000492,0,0.72499999999999998,0,1,0,0,0,0
4,0.72999999999999998,146,14.825039414668304,0,0,0,21.243122038107636,0,21.243122038107636,0,0,-0,1.7029069015174025,0,14.825039414668304,14.825039414668304,0.049416798048894345,0,0,0,20,-1.2431220381076358,0,0.72999999999999998,0,1,0,0,0,0
4,0.73499999999999999,147,14.92966233402386,0,0,0,21.251636572615222,0,21.251636572615222,0,0,-0,1.7029069015174025,0,14.92966233402386,14.92966233402386,0.049765541113412866,0,0,0,20,-1.2516365726152223,0,0.73499999999999999,0,1,0,0,0,0
4,0.73999999999999999,148,15.034327179277398,0,0,0,21.260151107122809,0,21.260151107122809,0,0,-0,1.7029069015174025,0,15.034327179277398,15.034327179277398,0.050114423930924662,0,0,0,20,-1.2601511071228089,0,0.73999999999999999,0,1,0,0,0,0
4,0.745,149,15.139033950428917,0,0,0,21.268665641630395,0,21.268665641630395,0,0,-0,1.7029069015174025,0,15.139033950428917,15.139033950428917,0.050463446501429726,0,0,0,20,-1.2686656416303954,0,0.745,0,1,0,0,0,0
4,0.75,150,15.243782647478419,0,0,0,21.277180176137982,0,21.277180176137982,0,0,-0,1.7029069015174025,0,15.243782647478419,15.243782647478419,0.050812608824928066,0,0,0,20,-1.277180176137982,0,0.75,0,1,0,0,0,0
4,0.755,151,15.348573270425902,0,0,0,21.285694710645569,0,21.285694710645569,0,0,-0,1.7029069015174025,0,15.348573270425902,15.348573270425902,0.051161910901419673,0,0,0,20,-1.2856947106455685,0,0.755,0,1,0,0,0,0
4,0.76000000000000001,152,15.453405819271367,0,0,0,21.294209245153155,0,21.294209245153155,0,0,-0,1.7029069015174025,0,15.453405819271367,15.453405819271367,0.051511352730904555,0,0,0,20,-1.2942092451531551,0,0.76000000000000001,0,1,0,0,0,0
4,0.76500000000000001,153,15.558280294014814,0,0,0,21.302723779660742,0,21.302723779660742,0,0,-0,1.7029069015174025,0,15.558280294014814,15.558280294014814,0.051860934313382713,0,0,0,20,-1.3027237796607416,0,0.76500000000000001,0,1,0,0,0,0
4,0.77000000000000002,154,15.663196694656243,0,0,0,21.311238314168328,0,21.311238314168328,0,0,-0,1.7029069015174025,0,15.663196694656243,15.663196694656243,0.052210655648854146,0,0,0,20,-1.3112383141683281,0,0.77000000000000002,0,1,0,0,0,0
4,0.77500000000000002,155,15.768155021195653,0,0,0,21.319752848675915,0,21.319752848675915,0,0,-0,1.7029069015174025,0,15.768155021195653,15.768155021195653,0.052560516737318846,0,0,0,20,-1.3197528486759147,0,0.77500000000000002,0,1,0,0,0,0
4,0.78000000000000003,156,15.873155273633046,0,0,0,21.328267383183501,0,21.328267383183501,0,0,-0,1.7029069015174025,0,15.873155273633046,15.873155273633046,0.052910517578776822,0,0,0,20,-1.3282673831835012,0,0.78000000000000003,0,1,0,0,0,0
4,0.78500000000000003,157,15.97819745196842,0,0,0,21.336781917691088,0,21.336781917691088,0,0,-0,1.7029069015174025,0,15.97819745196842,15.97819745196842,0.053260658173228066,0,0,0,20,-1.3367819176910878,0,0.78500000000000003,0,1,0,0,0,0
4,0.79000000000000004,158,16.083281556201776,0,0,0,21.345296452198674,0,21.345296452198674,0,0,-0,1.7029069015174025,0,16.083281556201776,16.083281556201776,0.053610938520672585,0,0,0,20,-1.3452964521986743,0,0.79000000000000004,0,1,0,0,0,0
4,0.79500000000000004,159,16.188407586333113,0,0,0,21.353810986706261,0,21.353810986706261,0,0,-0,1.7029069015174025,0,16.188407586333113,16.188407586333113,0.053961358621110379,0,0,0,20,-1.3538109867062609,0,0.79500000000000004,0,1,0,0,0,0
4,0.80000000000000004,160,16.293575542362433,0,0,0,21.362325521213847,0,21.362325521213847,0,0,-0,1.7029069015174025,0,16.293575542362433,16.293575542362433,0.054311918474541442,0,0,0,20,-1.3623255212138474,0,0.80000000000000004,0,1,0,0,0,0
4,0.80500000000000005,161,16.398785424289734,0,0,0,21.370840055721434,0,21.370840055721434,0,0,-0,1.7029069015174025,0,16.398785424289734,16.398785424289734,0.054662618080965779,0,0,0,20,-1.370840055721434,0,0.80500000000000005,0,1,0,0,0,0
4,0.81000000000000005,162,16.504037232115017,0,0,0,21.379354590229021,0,21.379354590229021,0,0,-0,1.7029069015174025,0,16.504037232115017,16.504037232115017,0.055013457440383391,0,0,0,20,-1.3793545902290205,0,0.81000000000000005,0,1,0,0,0,0
4,0.81500000000000006,163,16.609330965838282,0,0,0,21.387869124736607,0,21.387869124736607,0,0,-0,1.7029069015174025,0,16.609330965838282,16.609330965838282,0.055364436552794272,0,0,0,20,-1.3878691247366071,0,0.81500000000000006,0,1,0,0,0,0
4,0.82000000000000006,164,16.714666625459529,0,0,0,21.396383659244194,0,21.396383659244194,0,0,-0,1.7029069015174025,0,16.714666625459529,16.714666625459529,0.055715555418198427,0,0,0,20,-1.3963836592441936,0,0.82000000000000006,0,1,0,0,0,0
4,0.82500000000000007,165,16.820044210978757,0,0,0,21.40489819375178,0,21.40489819375178,0,0,-0,1.7029069015174025,0,16.820044210978757,16.820044210978757,0.056066814036595858,0,0,0,20,-1.4048981937517802,0,0.82500000000000007,0,1,0,0,0,0
4,0.83000000000000007,166,16.925463722395968,0,0,0,21.413412728259367,0,21.413412728259367,0,0,-0,1.7029069015174025,0,16.925463722395968,16.925463722395968,0.056418212407986557,0,0,0,20,-1.4134127282593667,0,0.83000000000000007,0,1,0,0,0,0
4,0.83499999999999996,167,17.03092515971116,0,0,0,21.421927262766953,0,21.421927262766953,0,0,-0,1.7029069015174025,0,17.03092515971116,17.03092515971116,0.05676975053237053,0,0,0,20,-1.4219272627669532,0,0.83499999999999996,0,1,0,0,0,0
4,0.83999999999999997,168,17.136428522924334,0,0,0,21.43044179727454,0,21.43044179727454,0,0,-0,1.7029069015174025,0,17.136428522924334,17.136428522924334,0.057121428409747779,0,0,0,20,-1.4304417972745398,0,0.83999999999999997,0,1,0,0,0,0
4,0.84499999999999997,169,17.241973812035489,0,0,0,21.438956331782126,0,21.438956331782126,0,0,-0,1.7029069015174025,0,17.241973812035489,17.241973812035489,0.057473246040118296,0,0,0,20,-1.4389563317821263,0,0.84499999999999997,0,1,0,0,0,0
4,0.84999999999999998,170,17.347561027044627,0,0,0,21.447470866289713,0,21.447470866289713,0,0,-0,1.7029069015174025,0,17.347561027044627,17.347561027044627,0.057825203423482088,0,0,0,20,-1.4474708662897129,0,0.84999999999999998,0,1,0,0,0,0
4,0.85499999999999998,171,17.453190167951746,0,0,0,21.455985400797299,0,21.455985400797299,0,0,-0,1.7029069015174025,0,17.453190167951746,17.453190167951746,0.058177300559839155,0,0,0,20,-1.4559854007972994,0,0.85499999999999998,0,1,0,0,0,0
4,0.85999999999999999,172,17.558861234756847,0,0,0,21.464499935304886,0,21.464499935304886,0,0,-0,1.7029069015174025,0,17.558861234756847,17.558861234756847,0.058529537449189491,0,0,0,20,-1.464499935304886,0,0.85999999999999999,0,1,0,0,0,0
4,0.86499999999999999,173,17.66457422745993,0,0,0,21.473014469812473,0,21.473014469812473,0,0,-0,1.7029069015174025,0,17.66457422745993,17.66457422745993,0.058881914091533101,0,0,0,20,-1.4730144698124725,0,0.86499999999999999,0,1,0,0,0,0
4,0.87,174,17.770329146060995,0,0,0,21.481529004320059,0,21.481529004320059,0,0,-0,1.7029069015174025,0,17.770329146060995,17.770329146060995,0.059234430486869979,0,0,0,20,-1.4815290043200591,0,0.87,0,1,0,0,0,0
4,0.875,175,17.876125990560041,0,0,0,21.490043538827646,0,21.490043538827646,0,0,-0,1.7029069015174025,0,17.876125990560041,17.876125990560041,0.05958708663520014,0,0,0,20,-1.4900435388276456,0,0.875,0,1,0,0,0,0
4,0.88,176,17.981964760957069,0,0,0,21.498558073335232,0,21.498558073335232,0,0,-0,1.7029069015174025,0,17.981964760957069,17.981964760957069,0.059939882536523562,0,0,0,20,-1.4985580733352322,0,0.88,0,1,0,0,0,0
4,0.88500000000000001,177,18.087845457252079,0,0,0,21.507072607842819,0,21.507072607842819,0,0,-0,1.7029069015174025,0,18.087845457252079,18.087845457252079,0.060292818190840265,0,0,0,20,-1.5070726078428187,0,0.88500000000000001,0,1,0,0,0,0
4,0.89000000000000001,178,18.193768079445071,0,0,0,21.515587142350405,0,21.515587142350405,0,0,-0,1.7029069015174025,0,18.193768079445071,18.193768079445071,0.060645893598150237,0,0,0,20,-1.5155871423504053,0,0.89000000000000001,0,1,0,0,0,0
4,0.89500000000000002,179,18.299732627536045,0,0,0,21.524101676857992,0,21.524101676857992,0,0,-0,1.7029069015174025,0,18.299732627536045,18.299732627536045,0.060999108758453484,0,0,0,20,-1.5241016768579918,0,0.89500000000000002,0,1,0,0,0,0
4,0.90000000000000002,180,18.405739101525,0,0,0,21.532616211365578,0,21.532616211365578,0,0,-0,1.7029069015174025,0,18.405739101525,18.405739101525,0.061352463671749999,0,0,0,20,-1.5326162113655784,0,0.90000000000000002,0,1,0,0,0,0
4,0.90500000000000003,181,18.511787501411938,0,0,0,21.541130745873165,0,21.541130745873165,0,0,-0,1.7029069015174025,0,18.511787501411938,18.511787501411938,0.061705958338039796,0,0,0,20,-1.5411307458731649,0,0.90500000000000003,0,1,0,0,0,0
4,0.91000000000000003,182,18.617877827196857,0,0,0,21.549645280380751,0,21.549645280380751,0,0,-0,1.7029069015174025,0,18.617877827196857,18.617877827196857,0.062059592757322854,0,0,0,20,-1.5496452803807514,0,0.91000000000000003,0,1,0,0,0,0
4,0.91500000000000004,183,18.724010078879758,0,0,0,21.558159814888338,0,21.558159814888338,0,0,-0,1.7029069015174025,0,18.724010078879758,18.724010078879758,0.062413366929599194,0,0,0,20,-1.558159814888338,0,0.91500000000000004,0,1,0,0,0,0
4,0.92000000000000004,184,18.83018425646064,0,0,0,21.566674349395925,0,21.566674349395925,0,0,-0,1.7029069015174025,0,18.83018425646064,18.83018425646064,0.062767280854868795,0,0,0,20,-1.5666743493959245,0,0.92000000000000004,0,1,0,0,0,0
4,0.92500000000000004,185,18.936400359939505,0,0,0,21.575188883903511,0,21.575188883903511,0,0,-0,1.7029069015174025,0,18.936400359939505,18.936400359939505,0.063121334533131679,0,0,0,20,-1.5751888839035111,0,0.92500000000000004,0,1,0,0,0,0
4,0.93000000000000005,186,19.042658389316351,0,0,0,21.583703418411098,0,21.583703418411098,0,0,-0,1.7029069015174025,0,19.042658389316351,19.042658389316351,0.063475527964387837,0,0,0,20,-1.5837034184110976,0,0.93000000000000005,0,1,0,0,0,0
4,0.93500000000000005,187,19.148958344591179,0,0,0,21.592217952918684,0,21.592217952918684,0,0,-0,1.7029069015174025,0,19.148958344591179,19.148958344591179,0.063829861148637257,0,0,0,20,-1.5922179529186842,0,0.93500000000000005,0,1,0,0,0,0
4,0.94000000000000006,188,19.255300225763989,0,0,0,21.600732487426271,0,21.600732487426271,0,0,-0,1.7029069015174025,0,19.255300225763989,19.255300225763989,0.064184334085879965,0,0,0,20,-1.6007324874262707,0,0.94000000000000006,0,1,0,0,0,0
4,0.94500000000000006,189,19.361684032834781,0,0,0,21.609247021933857,0,21.609247021933857,0,0,-0,1.7029069015174025,0,19.361684032834781,19.361684032834781,0.064538946776115935,0,0,0,20,-1.6092470219338573,0,0.94500000000000006,0,1,0,0,0,0
4,0.95000000000000007,190,19.468109765803554,0,0,0,21.617761556441444,0,21.617761556441444,0,0,-0,1.7029069015174025,0,19.468109765803554,19.468109765803554,0.06489369921934518,0,0,0,20,-1.6177615564414438,0,0.95000000000000007,0,1,0,0,0,0
4,0.95500000000000007,191,19.574577424670309,0,0,0,21.62627609094903,0,21.62627609094903,0,0,-0,1.7029069015174025,0,19.574577424670309,19.574577424670309,0.0652485914155677,0,0,0,20,-1.6262760909490304,0,0.95500000000000007,0,1,0,0,0,0
4,0.95999999999999996,192,19.681087009435046,0,0,0,21.634790625456617,0,21.634790625456617,0,0,-0,1.7029069015174025,0,19.681087009435046,19.681087009435046,0.065603623364783481,0,0,0,20,-1.6347906254566169,0,0.95999999999999996,0,1,0,0,0,0
4,0.96499999999999997,193,19.787638520097765,0,0,0,21.643305159964203,0,21.643305159964203,0,0,-0,1.7029069015174025,0,19.787638520097765,19.787638520097765,0.065958795066992551,0,0,0,20,-1.6433051599642035,0,0.96499999999999997,0,1,0,0,0,0
4,0.96999999999999997,194,19.894231956658466,0,0,0,21.65181969447179,0,21.65181969447179,0,0,-0,1.7029069015174025,0,19.894231956658466,19.894231956658466,0.066314106522194882,0,0,0,20,-1.65181969447179,0,0.96999999999999997,0,1,0,0,0,0
4,0.97499999999999998,195,20.000867319117148,0,0,0,21.660334228979377,0,21.660334228979377,0,0,-0,1.7029069015174025,0,20.000867319117148,20.000867319117148,0.066669557730390488,0,0,0,20,-1.6603342289793765,0,0.97499999999999998,0,1,0,0,0,0
4,0.97999999999999998,196,20.107544607473812,0,0,0,21.668848763486963,0,21.668848763486963,0,0,-0,1.7029069015174025,0,20.107544607473812,20.107544607473812,0.06702514869157937,0,0,0,20,-1.6688487634869631,0,0.97999999999999998,0,1,0,0,0,0
4,0.98499999999999999,197,20.214263821728458,0,0,0,21.67736329799455,0,21.67736329799455,0,0,-0,1.7029069015174025,0,20.214263821728458,20.214263821728458,0.067380879405761526,0,0,0,20,-1.6773632979945496,0,0.98499999999999999,0,1,0,0,0,0
4,0.98999999999999999,198,20.321024961881086,0,0,0,21.685877832502136,0,21.685877832502136,0,0,-0,1.7029069015174025,0,20.321024961881086,20.321024961881086,0.067736749872936958,0,0,0,20,-1.6858778325021362,0,0.98999999999999999,0,1,0,0,0,0
4,0.995,199,20.427828027931696,0,0,0,21.694392367009723,0,21.694392367009723,0,0,-0,1.7029069015174025,0,20.427828027931696,20.427828027931696,0.06809276009310565,0,0,0,20,-1.6943923670097227,0,0.995,0,1,0,0,0,0
4,1,200,20.534673019880287,0,0,0,21.702906901517309,0,21.702906901517309,0,0,-0,1.7029069015174025,0,20.534673019880287,20.534673019880287,0.068448910066267618,0,0,0,20,-1.7029069015173093,0,1,0,1,0,0,0,0
4,1.0050000000000001,201,20.641559937726861,0,0,0,21.711421436024896,0,21.711421436024896,0,0,-0,1.7029069015174025,0,20.641559937726861,20.641559937726861,0.068805199792422875,0,0,0,20,-1.7114214360248958,0,1.0050000000000001,0,1,0,0,0,0
4,1.01,202,20.748488781471416,0,0,0,21.719935970532482,0,21.719935970532482,0,0,-0,1.7029069015174025,0,20.748488781471416,20.748488781471416,0.069161629271571379,0,0,0,20,-1.7199359705324824,0,1.01,0,1,0,0,0,0
4,1.0150000000000001,203,20.855459551113952,0,0,0,21.728450505040069,0,21.728450505040069,0,0,-0,1.7029069015174025,0,20.855459551113952,20.855459551113952,0.069518198503713172,0,0,0,20,-1.7284505050400689,0,1.0150000000000001,0,1,0,0,0,0
4,1.02,204,20.962472246654471,0,0,0,21.736965039547655,0,21.736965039547655,0,0,-0,1.7029069015174025,0,20.962472246654471,20.962472246654471,0.06987490748884824,0,0,0,20,-1.7369650395476555,0,1.02,0,1,0,0,0,0
4,1.0249999999999999,205,21.069526868092971,0,0,0,21.745479574055242,0,21.745479574055242,0,0,-0,1.7029069015174025,0,21.069526868092971,21.069526868092971,0.070231756226976569,0,0,0,20,-1.745479574055242,0,1.0249999999999999,0,1,0,0,0,0
4,1.03,206,21.176623415429454,0,0,0,21.753994108562829,0,21.753994108562829,0,0,-0,1.7029069015174025,0,21.176623415429454,21.176623415429454,0.070588744718098173,0,0,0,20,-1.7539941085628286,0,1.03,0,1,0,0,0,0
4,1.0349999999999999,207,21.283761888663918,0,0,0,21.762508643070415,0,21.762508643070415,0,0,-0,1.7029069015174025,0,21.283761888663918,21.283761888663918,0.070945872962213052,0,0,0,20,-1.7625086430704151,0,1.0349999999999999,0,1,0,0,0,0
4,1.04,208,21.390942287796364,0,0,0,21.771023177578002,0,21.771023177578002,0,0,-0,1.7029069015174025,0,21.390942287796364,21.390942287796364,0.071303140959321207,0,0,0,20,-1.7710231775780017,0,1.04,0,1,0,0,0,0
4,1.0449999999999999,209,21.498164612826791,0,0,0,21.779537712085588,0,21.779537712085588,0,0,-0,1.7029069015174025,0,21.498164612826791,21.498164612826791,0.071660548709422636,0,0,0,20,-1.7795377120855882,0,1.0449999999999999,0,1,0,0,0,0
4,1.05,210,21.605428863755201,0,0,0,21.788052246593175,0,21.788052246593175,0,0,-0,1.7029069015174025,0,21.605428863755201,21.605428863755201,0.072018096212517341,0,0,0,20,-1.7880522465931747,0,1.05,0,1,0,0,0,0
4,1.0549999999999999,211,21.712735040581592,0,0,0,21.796566781100761,0,21.796566781100761,0,0,-0,1.7029069015174025,0,21.712735040581592,21.712735040581592,0.072375783468605306,0,0,0,20,-1.7965667811007613,0,1.0549999999999999,0,1,0,0,0,0
4,1.0600000000000001,212,21.820083143305965,0,0,0,21.805081315608348,0,21.805081315608348,0,0,-0,1.7029069015174025,0,21.820083143305965,21.820083143305965,0.072733610477686547,0,0,0,20,-1.8050813156083478,0,1.0600000000000001,0,1,0,0,0,0
4,1.0649999999999999,213,21.92747317192832,0,0,0,21.813595850115934,0,21.813595850115934,0,0,-0,1.7029069015174025,0,21.92747317192832,21.92747317192832,0.073091577239761063,0,0,0,20,-1.8135958501159344,0,1.0649999999999999,0,1,0,0,0,0
4,1.0700000000000001,214,22.034905126448656,0,0,0,21.822110384623521,0,21.822110384623521,0,0,-0,1.7029069015174025,0,22.034905126448656,22.034905126448656,0.073449683754828854,0,0,0,20,-1.8221103846235209,0,1.0700000000000001,0,1,0,0,0,0
4,1.075,215,22.142379006866975,0,0,0,21.830624919131107,0,21.830624919131107,0,0,-0,1.7029069015174025,0,22.142379006866975,22.142379006866975,0.07380793002288992,0,0,0,20,-1.8306249191311075,0,1.075,0,1,0,0,0,0
4,1.0800000000000001,216,22.249894813183275,0,0,0,21.839139453638694,0,21.839139453638694,0,0,-0,1.7029069015174025,0,22.249894813183275,22.249894813183275,0.074166316043944247,0,0,0,20,-1.839139453638694,0,1.0800000000000001,0,1,0,0,0,0
4,1.085,217,22.357452545397557,0,0,0,21.847653988146281,0,21.847653988146281,0,0,-0,1.7029069015174025,0,22.357452545397557,22.357452545397557,0.074524841817991849,0,0,0,20,-1.8476539881462806,0,1.085,0,1,0,0,0,0
4,1.0900000000000001,218,22.465052203509821,0,0,0,21.856168522653867,0,21.856168522653867,0,0,-0,1.7029069015174025,0,22.465052203509821,22.465052203509821,0.07488350734503274,0,0,0,20,-1.8561685226538671,0,1.0900000000000001,0,1,0,0,0,0
4,1.095,219,22.572693787520066,0,0,0,21.864683057161454,0,21.864683057161454,0,0,-0,1.7029069015174025,0,22.572693787520066,22.572693787520066,0.075242312625066893,0,0,0,20,-1.8646830571614537,0,1.095,0,1,0,0,0,0
4,1.1000000000000001,220,22.680377297428294,0,0,0,21.87319759166904,0,21.87319759166904,0,0,-0,1.7029069015174025,0,22.680377297428294,22.680377297428294,0.075601257658094306,0,0,0,20,-1.8731975916690402,0,1.1000000000000001,0,1,0,0,0,0
4,1.105,221,22.788102733234503,0,0,0,21.881712126176627,0,21.881712126176627,0,0,-0,1.7029069015174025,0,22.788102733234503,22.788102733234503,0.075960342444115009,0,0,0,20,-1.8817121261766268,0,1.105,0,1,0,0,0,0
4,1.1100000000000001,222,22.895870094938694,0,0,0,21.890226660684213,0,21.890226660684213,0,0,-0,1.7029069015174025,0,22.895870094938694,22.895870094938694,0.076319566983128972,0,0,0,20,-1.8902266606842133,0,1.1100000000000001,0,1,0,0,0,0
4,1.115,223,23.003679382540867,0,0,0,21.8987411951918,0,21.8987411951918,0,0,-0,1.7029069015174025,0,23.003679382540867,23.003679382540867,0.076678931275136225,0,0,0,20,-1.8987411951917998,0,1.115,0,1,0,0,0,0
4,1.1200000000000001,224,23.111530596041021,0,0,0,21.907255729699386,0,21.907255729699386,0,0,-0,1.7029069015174025,0,23.111530596041021,23.111530596041021,0.077038435320136739,0,0,0,20,-1.9072557296993864,0,1.1200000000000001,0,1,0,0,0,0
4,1.125,225,23.219423735439157,0,0,0,21.915770264206973,0,21.915770264206973,0,0,-0,1.7029069015174025,0,23.219423735439157,23.219423735439157,0.077398079118130528,0,0,0,20,-1.9157702642069729,0,1.125,0,1,0,0,0,0
4,1.1300000000000001,226,23.327358800735276,0,0,0,21.924284798714559,0,21.924284798714559,0,0,-0,1.7029069015174025,0,23.327358800735276,23.327358800735276,0.077757862669117592,0,0,0,20,-1.9242847987145595,0,1.1300000000000001,0,1,0,0,0,0
4,1.135,227,23.435335791929376,0,0,0,21.932799333222146,0,21.932799333222146,0,0,-0,1.7029069015174025,0,23.435335791929376,23.435335791929376,0.078117785973097917,0,0,0,20,-1.932799333222146,0,1.135,0,1,0,0,0,0
4,1.1400000000000001,228,23.543354709021457,0,0,0,21.941313867729733,0,21.941313867729733,0,0,-0,1.7029069015174025,0,23.543354709021457,23.543354709021457,0.078477849030071531,0,0,0,20,-1.9413138677297326,0,1.1400000000000001,0,1,0,0,0,0
4,1.145,229,23.651415552011521,0,0,0,21.949828402237319,0,21.949828402237319,0,0,-0,1.7029069015174025,0,23.651415552011521,23.651415552011521,0.078838051840038406,0,0,0,20,-1.9498284022373191,0,1.145,0,1,0,0,0,0
4,1.1500000000000001,230,23.759518320899566,0,0,0,21.958342936744906,0,21.958342936744906,0,0,-0,1.7029069015174025,0,23.759518320899566,23.759518320899566,0.079198394402998556,0,0,0,20,-1.9583429367449057,0,1.1500000000000001,0,1,0,0,0,0
4,1.155,231,23.867663015685594,0,0,0,21.966857471252492,0,21.966857471252492,0,0,-0,1.7029069015174025,0,23.867663015685594,23.867663015685594,0.079558876718951982,0,0,0,20,-1.9668574712524922,0,1.155,0,1,0,0,0,0
4,1.1599999999999999,232,23.975849636369603,0,0,0,21.975372005760079,0,21.975372005760079,0,0,-0,1.7029069015174025,0,23.975849636369603,23.975849636369603,0.079919498787898668,0,0,0,20,-1.9753720057600788,0,1.1599999999999999,0,1,0,0,0,0
4,1.165,233,24.084078182951593,0,0,0,21.983886540267665,0,21.983886540267665,0,0,-0,1.7029069015174025,0,24.084078182951593,24.084078182951593,0.080280260609838644,0,0,0,20,-1.9838865402676653,0,1.165,0,1,0,0,0,0
4,1.1699999999999999,234,24.192348655431566,0,0,0,21.992401074775252,0,21.992401074775252,0,0,-0,1.7029069015174025,0,24.192348655431566,24.192348655431566,0.080641162184771881,0,0,0,20,-1.9924010747752519,0,1.1699999999999999,0,1,0,0,0,0
4,1.175,235,24.30066105380952,0,0,0,22.000915609282838,0,22.000915609282838,0,0,-0,1.7029069015174025,0,24.30066105380952,24.30066105380952,0.081002203512698406,0,0,0,20,-2.0009156092828384,0,1.175,0,1,0,0,0,0
4,1.1799999999999999,236,24.409015378085456,0,0,0,22.009430143790425,0,22.009430143790425,0,0,-0,1.7029069015174025,0,24.409015378085456,24.409015378085456,0.081363384593618193,0,0,0,20,-2.0094301437904249,0,1.1799999999999999,0,1,0,0,0,0
4,1.1850000000000001,237,24.517411628259374,0,0,0,22.017944678298011,0,22.017944678298011,0,0,-0,1.7029069015174025,0,24.517411628259374,24.517411628259374,0.081724705427531241,0,0,0,20,-2.0179446782980115,0,1.1850000000000001,0,1,0,0,0,0
4,1.1899999999999999,238,24.625849804331274,0,0,0,22.026459212805598,0,22.026459212805598,0,0,-0,1.7029069015174025,0,24.625849804331274,24.625849804331274,0.082086166014437578,0,0,0,20,-2.026459212805598,0,1.1899999999999999,0,1,0,0,0,0
4,1.1950000000000001,239,24.734329906301156,0,0,0,22.034973747313185,0,22.034973747313185,0,0,-0,1.7029069015174025,0,24.734329906301156,24.734329906301156,0.08244776635433719,0,0,0,20,-2.0349737473131846,0,1.1950000000000001,0,1,0,0,0,0
4,1.2,240,24.842851934169019,0,0,0,22.043488281820771,0,22.043488281820771,0,0,-0,1.7029069015174025,0,24.842851934169019,24.842851934169019,0.082809506447230063,0,0,0,20,-2.0434882818207711,0,1.2,0,1,0,0,0,0
4,1.2050000000000001,241,24.951415887934864,0,0,0,22.052002816328358,0,22.052002816328358,0,0,-0,1.7029069015174025,0,24.951415887934864,24.951415887934864,0.083171386293116212,0,0,0,20,-2.0520028163283577,0,1.2050000000000001,0,1,0,0,0,0
4,1.21,242,25.060021767598691,0,0,0,22.060517350835944,0,22.060517350835944,0,0,-0,1.7029069015174025,0,25.060021767598691,25.060021767598691,0.083533405891995635,0,0,0,20,-2.0605173508359442,0,1.21,0,1,0,0,0,0
4,1.2150000000000001,243,25.1686695731605,0,0,0,22.069031885343531,0,22.069031885343531,0,0,-0,1.7029069015174025,0,25.1686695731605,25.1686695731605,0.083895565243868334,0,0,0,20,-2.0690318853435308,0,1.2150000000000001,0,1,0,0,0,0
4,1.22,244,25.27735930462029,0,0,0,22.077546419851117,0,22.077546419851117,0,0,-0,1.7029069015174025,0,25.27735930462029,25.27735930462029,0.084257864348734307,0,0,0,20,-2.0775464198511173,0,1.22,0,1,0,0,0,0
4,1.2250000000000001,245,25.386090961978063,0,0,0,22.086060954358704,0,22.086060954358704,0,0,-0,1.7029069015174025,0,25.386090961978063,25.386090961978063,0.084620303206593542,0,0,0,20,-2.0860609543587039,0,1.2250000000000001,0,1,0,0,0,0
4,1.23,246,25.494864545233817,0,0,0,22.09457548886629,0,22.09457548886629,0,0,-0,1.7029069015174025,0,25.494864545233817,25.494864545233817,0.084982881817446052,0,0,0,20,-2.0945754888662904,0,1.23,0,1,0,0,0,0
4,1.2350000000000001,247,25.603680054387553,0,0,0,22.103090023373877,0,22.103090023373877,0,0,-0,1.7029069015174025,0,25.603680054387553,25.603680054387553,0.085345600181291836,0,0,0,20,-2.103090023373877,0,1.2350000000000001,0,1,0,0,0,0
4,1.24,248,25.712537489439271,0,0,0,22.111604557881464,0,22.111604557881464,0,0,-0,1.7029069015174025,0,25.712537489439271,25.712537489439271,0.085708458298130896,0,0,0,20,-2.1116045578814635,0,1.24,0,1,0,0,0,0
4,1.2450000000000001,249,25.82143685038897,0,0,0,22.12011909238905,0,22.12011909238905,0,0,-0,1.7029069015174025,0,25.82143685038897,25.82143685038897,0.086071456167963231,0,0,0,20,-2.1201190923890501,0,1.2450000000000001,0,1,0,0,0,0
4,1.25,250,25.930378137236652,0,0,0,22.128633626896637,0,22.128633626896637,0,0,-0,1.7029069015174025,0,25.930378137236652,25.930378137236652,0.086434593790788841,0,0,0,20,-2.1286336268966366,0,1.25,0,1,0,0,0,0
4,1.2550000000000001,251,26.039361349982315,0,0,0,22.137148161404223,0,22.137148161404223,0,0,-0,1.7029069015174025,0,26.039361349982315,26.039361349982315,0.086797871166607712,0,0,0,20,-2.1371481614042231,0,1.2550000000000001,0,1,0,0,0,0
4,1.26,252,26.14838648862596,0,0,0,22.14566269591181,0,22.14566269591181,0,0,-0,1.7029069015174025,0,26.14838648862596,26.14838648862596,0.087161288295419859,0,0,0,20,-2.1456626959118097,0,1.26,0,1,0,0,0,0
4,1.2650000000000001,253,26.257453553167586,0,0,0,22.154177230419396,0,22.154177230419396,0,0,-0,1.7029069015174025,0,26.257453553167586,26.257453553167586,0.087524845177225294,0,0,0,20,-2.1541772304193962,0,1.2650000000000001,0,1,0,0,0,0
4,1.27,254,26.366562543607195,0,0,0,22.162691764926983,0,22.162691764926983,0,0,-0,1.7029069015174025,0,26.366562543607195,26.366562543607195,0.087888541812023976,0,0,0,20,-2.1626917649269828,0,1.27,0,1,0,0,0,0
4,1.2750000000000001,255,26.475713459944785,0,0,0,22.171206299434569,0,22.171206299434569,0,0,-0,1.7029069015174025,0,26.475713459944785,26.475713459944785,0.088252378199815948,0,0,0,20,-2.1712062994345693,0,1.2750000000000001,0,1,0,0,0,0
4,1.28,256,26.584906302180357,0,0,0,22.179720833942156,0,22.179720833942156,0,0,-0,1.7029069015174025,0,26.584906302180357,26.584906302180357,0.088616354340601194,0,0,0,20,-2.1797208339421559,0,1.28,0,1,0,0,0,0
4,1.2849999999999999,257,26.694141070313911,0,0,0,22.188235368449742,0,22.188235368449742,0,0,-0,1.7029069015174025,0,26.694141070313911,26.694141070313911,0.088980470234379702,0,0,0,20,-2.1882353684497424,0,1.2849999999999999,0,1,0,0,0,0
4,1.29,258,26.803417764345447,0,0,0,22.196749902957329,0,22.196749902957329,0,0,-0,1.7029069015174025,0,26.803417764345447,26.803417764345447,0.089344725881151485,0,0,0,20,-2.196749902957329,0,1.29,0,1,0,0,0,0
4,1.2949999999999999,259,26.912736384274965,0,0,0,22.205264437464916,0,22.205264437464916,0,0,-0,1.7029069015174025,0,26.912736384274965,26.912736384274965,0.089709121280916543,0,0,0,20,-2.2052644374649155,0,1.2949999999999999,0,1,0,0,0,0
4,1.3,260,27.022096930102464,0,0,0,22.213778971972502,0,22.213778971972502,0,0,-0,1.7029069015174025,0,27.022096930102464,27.022096930102464,0.090073656433674876,0,0,0,20,-2.2137789719725021,0,1.3,0,1,0,0,0,0
4,1.3049999999999999,261,27.131499401827945,0,0,0,22.222293506480089,0,22.222293506480089,0,0,-0,1.7029069015174025,0,27.131499401827945,27.131499401827945,0.090438331339426484,0,0,0,20,-2.2222935064800886,0,1.3049999999999999,0,1,0,0,0,0
4,1.3100000000000001,262,27.240943799451408,0,0,0,22.230808040987675,0,22.230808040987675,0,0,-0,1.7029069015174025,0,27.240943799451408,27.240943799451408,0.090803145998171353,0,0,0,20,-2.2308080409876752,0,1.3100000000000001,0,1,0,0,0,0
4,1.3149999999999999,263,27.350430122972853,0,0,0,22.239322575495262,0,22.239322575495262,0,0,-0,1.7029069015174025,0,27.350430122972853,27.350430122972853,0.091168100409909511,0,0,0,20,-2.2393225754952617,0,1.3149999999999999,0,1,0,0,0,0
4,1.3200000000000001,264,27.459958372392279,0,0,0,22.247837110002848,0,22.247837110002848,0,0,-0,1.7029069015174025,0,27.459958372392279,27.459958372392279,0.09153319457464093,0,0,0,20,-2.2478371100028482,0,1.3200000000000001,0,1,0,0,0,0
4,1.325,265,27.569528547709687,0,0,0,22.256351644510435,0,22.256351644510435,0,0,-0,1.7029069015174025,0,27.569528547709687,27.569528547709687,0.091898428492365625,0,0,0,20,-2.2563516445104348,0,1.325,0,1,0,0,0,0
4,1.3300000000000001,266,27.679140648925078,0,0,0,22.264866179018021,0,22.264866179018021,0,0,-0,1.7029069015174025,0,27.679140648925078,27.679140648925078,0.092263802163083594,0,0,0,20,-2.2648661790180213,0,1.3300000000000001,0,1,0,0,0,0
4,1.335,267,27.788794676038449,0,0,0,22.273380713525608,0,22.273380713525608,0,0,-0,1.7029069015174025,0,27.788794676038449,27.788794676038449,0.092629315586794825,0,0,0,20,-2.2733807135256079,0,1.335,0,1,0,0,0,0
4,1.3400000000000001,268,27.898490629049803,0,0,0,22.281895248033194,0,22.281895248033194,0,0,-0,1.7029069015174025,0,27.898490629049803,27.898490629049803,0.092994968763499344,0,0,0,20,-2.2818952480331944,0,1.3400000000000001,0,1,0,0,0,0
4,1.345,269,28.008228507959139,0,0,0,22.290409782540781,0,22.290409782540781,0,0,-0,1.7029069015174025,0,28.008228507959139,28.008228507959139,0.093360761693197125,0,0,0,20,-2.290409782540781,0,1.345,0,1,0,0,0,0
4,1.3500000000000001,270,28.118008312766456,0,0,0,22.298924317048368,0,22.298924317048368,0,0,-0,1.7029069015174025,0,28.118008312766456,28.118008312766456,0.093726694375888181,0,0,0,20,-2.2989243170483675,0,1.3500000000000001,0,1,0,0,0,0
4,1.355,271,28.227830043471755,0,0,0,22.307438851555954,0,22.307438851555954,0,0,-0,1.7029069015174025,0,28.227830043471755,28.227830043471755,0.094092766811572512,0,0,0,20,-2.3074388515559541,0,1.355,0,1,0,0,0,0
4,1.3600000000000001,272,28.337693700075036,0,0,0,22.315953386063541,0,22.315953386063541,0,0,-0,1.7029069015174025,0,28.337693700075036,28.337693700075036,0.094458979000250118,0,0,0,20,-2.3159533860635406,0,1.3600000000000001,0,1,0,0,0,0
4,1.365,273,28.447599282576299,0,0,0,22.324467920571127,0,22.324467920571127,0,0,-0,1.7029069015174025,0,28.447599282576299,28.447599282576299,0.094825330941920999,0,0,0,20,-2.3244679205711272,0,1.365,0,1,0,0,0,0
4,1.3700000000000001,274,28.557546790975543,0,0,0,22.332982455078714,0,22.332982455078714,0,0,-0,1.7029069015174025,0,28.557546790975543,28.557546790975543,0.095191822636585141,0,0,0,20,-2.3329824550787137,0,1.3700000000000001,0,1,0,0,0,0
4,1.375,275,28.667536225272769,0,0,0,22.3414969895863,0,22.3414969895863,0,0,-0,1.7029069015174025,0,28.667536225272769,28.667536225272769,0.095558454084242558,0,0,0,20,-2.3414969895863003,0,1.375,0,1,0,0,0,0
4,1.3800000000000001,276,28.777567585467978,0,0,0,22.350011524093887,0,22.350011524093887,0,0,-0,1.7029069015174025,0,28.777567585467978,28.777567585467978,0.095925225284893265,0,0,0,20,-2.3500115240938868,0,1.3800000000000001,0,1,0,0,0,0
4,1.385,277,28.887640871561167,0,0,0,22.358526058601473,0,22.358526058601473,0,0,-0,1.7029069015174025,0,28.887640871561167,28.887640871561167,0.096292136238537218,0,0,0,20,-2.3585260586014734,0,1.385,0,1,0,0,0,0
4,1.3900000000000001,278,28.997756083552339,0,0,0,22.36704059310906,0,22.36704059310906,0,0,-0,1.7029069015174025,0,28.997756083552339,28.997756083552339,0.096659186945174461,0,0,0,20,-2.3670405931090599,0,1.3900000000000001,0,1,0,0,0,0
4,1.395,279,29.107913221441493,0,0,0,22.375555127616646,0,22.375555127616646,0,0,-0,1.7029069015174025,0,29.107913221441493,29.107913221441493,0.097026377404804978,0,0,0,20,-2.3755551276166464,0,1.395,0,1,0,0,0,0
4,1.4000000000000001,280,29.218112285228628,0,0,0,22.384069662124233,0,22.384069662124233,0,0,-0,1.7029069015174025,0,29.218112285228628,29.218112285228628,0.097393707617428757,0,0,0,20,-2.384069662124233,0,1.4000000000000001,0,1,0,0,0,0
4,1.405,281,29.328353274913745,0,0,0,22.39258419663182,0,22.39258419663182,0,0,-0,1.7029069015174025,0,29.328353274913745,29.328353274913745,0.097761177583045811,0,0,0,20,-2.3925841966318195,0,1.405,0,1,0,0,0,0
4,1.4099999999999999,282,29.438636190496844,0,0,0,22.401098731139406,0,22.401098731139406,0,0,-0,1.7029069015174025,0,29.438636190496844,29.438636190496844,0.09812878730165614,0,0,0,20,-2.4010987311394061,0,1.4099999999999999,0,1,0,0,0,0
4,1.415,283,29.548961031977925,0,0,0,22.409613265646993,0,22.409613265646993,0,0,-0,1.7029069015174025,0,29.548961031977925,29.548961031977925,0.098496536773259744,0,0,0,20,-2.4096132656469926,0,1.415,0,1,0,0,0,0
4,1.4199999999999999,284,29.659327799356987,0,0,0,22.418127800154579,0,22.418127800154579,0,0,-0,1.7029069015174025,0,29.659327799356987,29.659327799356987,0.098864425997856623,0,0,0,20,-2.4181278001545792,0,1.4199999999999999,0,1,0,0,0,0
4,1.425,285,29.769736492634031,0,0,0,22.426642334662166,0,22.426642334662166,0,0,-0,1.7029069015174025,0,29.769736492634031,29.769736492634031,0.099232454975446777,0,0,0,20,-2.4266423346621657,0,1.425,0,1,0,0,0,0
4,1.4299999999999999,286,29.880187111809057,0,0,0,22.435156869169752,0,22.435156869169752,0,0,-0,1.7029069015174025,0,29.880187111809057,29.880187111809057,0.099600623706030192,0,0,0,20,-2.4351568691697523,0,1.4299999999999999,0,1,0,0,0,0
4,1.4350000000000001,287,29.990679656882065,0,0,0,22.443671403677339,0,22.443671403677339,0,0,-0,1.7029069015174025,0,29.990679656882065,29.990679656882065,0.099968932189606882,0,0,0,20,-2.4436714036773388,0,1.4350000000000001,0,1,0,0,0,0
4,1.4399999999999999,288,30.101214127853055,0,0,0,22.452185938184925,0,22.452185938184925,0,0,-0,1.7029069015174025,0,30.101214127853055,30.101214127853055,0.10033738042617685,0,0,0,20,-2.4521859381849254,0,1.4399999999999999,0,1,0,0,0,0
4,1.4450000000000001,289,30.211790524722026,0,0,0,22.460700472692512,0,22.460700472692512,0,0,-0,1.7029069015174025,0,30.211790524722026,30.211790524722026,0.10070596841574009,0,0,0,20,-2.4607004726925119,0,1.4450000000000001,0,1,0,0,0,0
4,1.45,290,30.32240884748898,0,0,0,22.469215007200098,0,22.469215007200098,0,0,-0,1.7029069015174025,0,30.32240884748898,30.32240884748898,0.1010746961582966,0,0,0,20,-2.4692150072000985,0,1.45,0,1,0,0,0,0
4,1.4550000000000001,291,30.433069096153915,0,0,0,22.477729541707685,0,22.477729541707685,0,0,-0,1.7029069015174025,0,30.433069096153915,30.433069096153915,0.10144356365384638,0,0,0,20,-2.477729541707685,0,1.4550000000000001,0,1,0,0,0,0
4,1.46,292,30.543771270716832,0,0,0,22.486244076215272,0,22.486244076215272,0,0,-0,1.7029069015174025,0,30.543771270716832,30.543771270716832,0.10181257090238943,0,0,0,20,-2.4862440762152715,0,1.46,0,1,0,0,0,0
4,1.4650000000000001,293,30.65451537117773,0,0,0,22.494758610722858,0,22.494758610722858,0,0,-0,1.7029069015174025,0,30.65451537117773,30.65451537117773,0.10218171790392577,0,0,0,20,-2.4947586107228581,0,1.4650000000000001,0,1,0,0,0,0
4,1.47,294,30.765301397536611,0,0,0,22.503273145230445,0,22.503273145230445,0,0,-0,1.7029069015174025,0,30.765301397536611,30.765301397536611,0.10255100465845537,0,0,0,20,-2.5032731452304446,0,1.47,0,1,0,0,0,0
4,1.4750000000000001,295,30.876129349793473,0,0,0,22.511787679738031,0,22.511787679738031,0,0,-0,1.7029069015174025,0,30.876129349793473,30.876129349793473,0.10292043116597824,0,0,0,20,-2.5117876797380312,0,1.4750000000000001,0,1,0,0,0,0
4,1.48,296,30.986999227948317,0,0,0,22.520302214245618,0,22.520302214245618,0,0,-0,1.7029069015174025,0,30.986999227948317,30.986999227948317,0.10328999742649439,0,0,0,20,-2.5203022142456177,0,1.48,0,1,0,0,0,0
4,1.4850000000000001,297,31.097911032001143,0,0,0,22.528816748753204,0,22.528816748753204,0,0,-0,1.7029069015174025,0,31.097911032001143,31.097911032001143,0.1036597034400038,0,0,0,20,-2.5288167487532043,0,1.4850000000000001,0,1,0,0,0,0
4,1.49,298,31.208864761951951,0,0,0,22.537331283260791,0,22.537331283260791,0,0,-0,1.7029069015174025,0,31.208864761951951,31.208864761951951,0.10402954920650651,0,0,0,20,-2.5373312832607908,0,1.49,0,1,0,0,0,0
4,1.4950000000000001,299,31.31986041780074,0,0,0,22.545845817768377,0,22.545845817768377,0,0,-0,1.7029069015174025,0,31.31986041780074,31.31986041780074,0.10439953472600247,0,0,0,20,-2.5458458177683774,0,1.4950000000000001,0,1,0,0,0,0
4,1.5,300,31.430897999547511,0,0,0,22.554360352275964,0,22.554360352275964,0,0,-0,1.7029069015174025,0,31.430897999547511,31.430897999547511,0.10476965999849171,0,0,0,20,-2.5543603522759639,0,1.5,0,1,0,0,0,0
4,1.5050000000000001,301,31.541977507192264,0,0,0,22.56287488678355,0,22.56287488678355,0,0,-0,1.7029069015174025,0,31.541977507192264,31.541977507192264,0.10513992502397422,0,0,0,20,-2.5628748867835505,0,1.5050000000000001,0,1,0,0,0,0
4,1.51,302,31.653098940734999,0,0,0,22.571389421291137,0,22.571389421291137,0,0,-0,1.7029069015174025,0,31.653098940734999,31.653098940734999,0.10551032980245,0,0,0,20,-2.571389421291137,0,1.51,0,1,0,0,0,0
4,1.5150000000000001,303,31.764262300175716,0,0,0,22.579903955798724,0,22.579903955798724,0,0,-0,1.7029069015174025,0,31.764262300175716,31.764262300175716,0.10588087433391906,0,0,0,20,-2.5799039557987236,0,1.5150000000000001,0,1,0,0,0,0
4,1.52,304,31.875467585514414,0,0,0,22.58841849030631,0,22.58841849030631,0,0,-0,1.7029069015174025,0,31.875467585514414,31.875467585514414,0.10625155861838138,0,0,0,20,-2.5884184903063101,0,1.52,0,1,0,0,0,0
4,1.5250000000000001,305,31.986714796751095,0,0,0,22.596933024813897,0,22.596933024813897,0,0,-0,1.7029069015174025,0,31.986714796751095,31.986714796751095,0.10662238265583698,0,0,0,20,-2.5969330248138967,0,1.5250000000000001,0,1,0,0,0,0
4,1.53,306,32.098003933885757,0,0,0,22.605447559321483,0,22.605447559321483,0,0,-0,1.7029069015174025,0,32.098003933885757,32.098003933885757,0.10699334644628586,0,0,0,20,-2.6054475593214832,0,1.53,0,1,0,0,0,0
4,1.5350000000000001,307,32.2093349969184,0,0,0,22.61396209382907,0,22.61396209382907,0,0,-0,1.7029069015174025,0,32.2093349969184,32.2093349969184,0.10736444998972799,0,0,0,20,-2.6139620938290697,0,1.5350000000000001,0,1,0,0,0,0
4,1.54,308,32.320707985849026,0,0,0,22.622476628336656,0,22.622476628336656,0,0,-0,1.7029069015174025,0,32.320707985849026,32.320707985849026,0.10773569328616342,0,0,0,20,-2.6224766283366563,0,1.54,0,1,0,0,0,0
4,1.5449999999999999,309,32.432122900677633,0,0,0,22.630991162844243,0,22.630991162844243,0,0,-0,1.7029069015174025,0,32.432122900677633,32.432122900677633,0.10810707633559211,0,0,0,20,-2.6309911628442428,0,1.5449999999999999,0,1,0,0,0,0
4,1.55,310,32.543579741404223,0,0,0,22.639505697351829,0,22.639505697351829,0,0,-0,1.7029069015174025,0,32.543579741404223,32.543579741404223,0.10847859913801408,0,0,0,20,-2.6395056973518294,0,1.55,0,1,0,0,0,0
4,1.5549999999999999,311,32.655078508028794,0,0,0,22.648020231859416,0,22.648020231859416,0,0,-0,1.7029069015174025,0,32.655078508028794,32.655078508028794,0.10885026169342932,0,0,0,20,-2.6480202318594159,0,1.5549999999999999,0,1,0,0,0,0
4,1.5600000000000001,312,32.766619200551347,0,0,0,22.656534766367002,0,22.656534766367002,0,0,-0,1.7029069015174025,0,32.766619200551347,32.766619200551347,0.10922206400183782,0,0,0,20,-2.6565347663670025,0,1.5600000000000001,0,1,0,0,0,0
4,1.5649999999999999,313,32.878201818971881,0,0,0,22.665049300874589,0,22.665049300874589,0,0,-0,1.7029069015174025,0,32.878201818971881,32.878201818971881,0.1095940060632396,0,0,0,20,-2.665049300874589,0,1.5649999999999999,0,1,0,0,0,0
4,1.5700000000000001,314,32.989826363290398,0,0,0,22.673563835382176,0,22.673563835382176,0,0,-0,1.7029069015174025,0,32.989826363290398,32.989826363290398,0.10996608787763466,0,0,0,20,-2.6735638353821756,0,1.5700000000000001,0,1,0,0,0,0
4,1.575,315,33.101492833506896,0,0,0,22.682078369889762,0,22.682078369889762,0,0,-0,1.7029069015174025,0,33.101492833506896,33.101492833506896,0.11033830944502299,0,0,0,20,-2.6820783698897621,0,1.575,0,1,0,0,0,0
4,1.5800000000000001,316,33.213201229621376,0,0,0,22.690592904397349,0,22.690592904397349,0,0,-0,1.7029069015174025,0,33.213201229621376,33.213201229621376,0.11071067076540458,0,0,0,20,-2.6905929043973487,0,1.5800000000000001,0,1,0,0,0,0
4,1.585,317,33.324951551633838,0,0,0,22.699107438904935,0,22.699107438904935,0,0,-0,1.7029069015174025,0,33.324951551633838,33.324951551633838,0.11108317183877946,0,0,0,20,-2.6991074389049352,0,1.585,0,1,0,0,0,0
4,1.5900000000000001,318,33.436743799544281,0,0,0,22.707621973412522,0,22.707621973412522,0,0,-0,1.7029069015174025,0,33.436743799544281,33.436743799544281,0.1114558126651476,0,0,0,20,-2.7076219734125218,0,1.5900000000000001,0,1,0,0,0,0
4,1.595,319,33.548577973352707,0,0,0,22.716136507920108,0,22.716136507920108,0,0,-0,1.7029069015174025,0,33.548577973352707,33.548577973352707,0.11182859324450903,0,0,0,20,-2.7161365079201083,0,1.595,0,1,0,0,0,0
4,1.6000000000000001,320,33.660454073059114,0,0,0,22.724651042427695,0,22.724651042427695,0,0,-0,1.7029069015174025,0,33.660454073059114,33.660454073059114,0.11220151357686371,0,0,0,20,-2.7246510424276948,0,1.6000000000000001,0,1,0,0,0,0
4,1.605,321,33.772372098663503,0,0,0,22.733165576935281,0,22.733165576935281,0,0,-0,1.7029069015174025,0,33.772372098663503,33.772372098663503,0.11257457366221167,0,0,0,20,-2.7331655769352814,0,1.605,0,1,0,0,0,0
4,1.6100000000000001,322,33.884332050165874,0,0,0,22.741680111442868,0,22.741680111442868,0,0,-0,1.7029069015174025,0,33.884332050165874,33.884332050165874,0.11294777350055291,0,0,0,20,-2.7416801114428679,0,1.6100000000000001,0,1,0,0,0,0
4,1.615,323,33.996333927566226,0,0,0,22.750194645950454,0,22.750194645950454,0,0,-0,1.7029069015174025,0,33.996333927566226,33.996333927566226,0.11332111309188742,0,0,0,20,-2.7501946459504545,0,1.615,0,1,0,0,0,0
4,1.6200000000000001,324,34.108377730864561,0,0,0,22.758709180458041,0,22.758709180458041,0,0,-0,1.7029069015174025,0,34.108377730864561,34.108377730864561,0.1136945924362152,0,0,0,20,-2.758709180458041,0,1.6200000000000001,0,1,0,0,0,0
4,1.625,325,34.220463460060877,0,0,0,22.767223714965628,0,22.767223714965628,0,0,-0,1.7029069015174025,0,34.220463460060877,34.220463460060877,0.11406821153353626,0,0,0,20,-2.7672237149656276,0,1.625,0,1,0,0,0,0
4,1.6300000000000001,326,34.332591115155175,0,0,0,22.775738249473214,0,22.775738249473214,0,0,-0,1.7029069015174025,0,34.332591115155175,34.332591115155175,0.11444197038385058,0,0,0,20,-2.7757382494732141,0,1.6300000000000001,0,1,0,0,0,0
4,1.635,327,34.444760696147455,0,0,0,22.784252783980801,0,22.784252783980801,0,0,-0,1.7029069015174025,0,34.444760696147455,34.444760696147455,0.11481586898715818,0,0,0,20,-2.7842527839808007,0,1.635,0,1,0,0,0,0
4,1.6400000000000001,328,34.556972203037716,0,0,0,22.792767318488387,0,22.792767318488387,0,0,-0,1.7029069015174025,0,34.556972203037716,34.556972203037716,0.11518990734345906,0,0,0,20,-2.7927673184883872,0,1.6400000000000001,0,1,0,0,0,0
4,1.645,329,34.66922563582596,0,0,0,22.801281852995974,0,22.801281852995974,0,0,-0,1.7029069015174025,0,34.66922563582596,34.66922563582596,0.11556408545275319,0,0,0,20,-2.8012818529959738,0,1.645,0,1,0,0,0,0
4,1.6500000000000001,330,34.781520994512185,0,0,0,22.80979638750356,0,22.80979638750356,0,0,-0,1.7029069015174025,0,34.781520994512185,34.781520994512185,0.11593840331504061,0,0,0,20,-2.8097963875035603,0,1.6500000000000001,0,1,0,0,0,0
4,1.655,331,34.893858279096392,0,0,0,22.818310922011147,0,22.818310922011147,0,0,-0,1.7029069015174025,0,34.893858279096392,34.893858279096392,0.11631286093032131,0,0,0,20,-2.8183109220111469,0,1.655,0,1,0,0,0,0
4,1.6600000000000001,332,35.006237489578581,0,0,0,22.826825456518733,0,22.826825456518733,0,0,-0,1.7029069015174025,0,35.006237489578581,35.006237489578581,0.11668745829859527,0,0,0,20,-2.8268254565187334,0,1.6600000000000001,0,1,0,0,0,0
4,1.665,333,35.118658625958751,0,0,0,22.83533999102632,0,22.83533999102632,0,0,-0,1.7029069015174025,0,35.118658625958751,35.118658625958751,0.1170621954198625,0,0,0,20,-2.83533999102632,0,1.665,0,1,0,0,0,0
4,1.6699999999999999,334,35.231121688236904,0,0,0,22.843854525533906,0,22.843854525533906,0,0,-0,1.7029069015174025,0,35.231121688236904,35.231121688236904,0.11743707229412301,0,0,0,20,-2.8438545255339065,0,1.6699999999999999,0,1,0,0,0,0
4,1.675,335,35.343626676413038,0,0,0,22.852369060041493,0,22.852369060041493,0,0,-0,1.7029069015174025,0,35.343626676413038,35.343626676413038,0.11781208892137679,0,0,0,20,-2.852369060041493,0,1.675,0,1,0,0,0,0
4,1.6799999999999999,336,35.456173590487154,0,0,0,22.86088359454908,0,22.86088359454908,0,0,-0,1.7029069015174025,0,35.456173590487154,35.456173590487154,0.11818724530162385,0,0,0,20,-2.8608835945490796,0,1.6799999999999999,0,1,0,0,0,0
4,1.6850000000000001,337,35.568762430459252,0,0,0,22.869398129056666,0,22.869398129056666,0,0,-0,1.7029069015174025,0,35.568762430459252,35.568762430459252,0.11856254143486417,0,0,0,20,-2.8693981290566661,0,1.6850000000000001,0,1,0,0,0,0
4,1.6899999999999999,338,35.681393196329331,0,0,0,22.877912663564253,0,22.877912663564253,0,0,-0,1.7029069015174025,0,35.681393196329331,35.681393196329331,0.11893797732109777,0,0,0,20,-2.8779126635642527,0,1.6899999999999999,0,1,0,0,0,0
4,1.6950000000000001,339,35.794065888097393,0,0,0,22.886427198071839,0,22.886427198071839,0,0,-0,1.7029069015174025,0,35.794065888097393,35.794065888097393,0.11931355296032464,0,0,0,20,-2.8864271980718392,0,1.6950000000000001,0,1,0,0,0,0
4,1.7,340,35.906780505763436,0,0,0,22.894941732579426,0,22.894941732579426,0,0,-0,1.7029069015174025,0,35.906780505763436,35.906780505763436,0.11968926835254479,0,0,0,20,-2.8949417325794258,0,1.7,0,1,0,0,0,0
4,1.7050000000000001,341,36.019537049327461,0,0,0,22.903456267087012,0,22.903456267087012,0,0,-0,1.7029069015174025,0,36.019537049327461,36.019537049327461,0.12006512349775821,0,0,0,20,-2.9034562670870123,0,1.7050000000000001,0,1,0,0,0,0
4,1.71,342,36.132335518789468,0,0,0,22.911970801594599,0,22.911970801594599,0,0,-0,1.7029069015174025,0,36.132335518789468,36.132335518789468,0.12044111839596489,0,0,0,20,-2.9119708015945989,0,1.71,0,1,0,0,0,0
4,1.7150000000000001,343,36.245175914149456,0,0,0,22.920485336102185,0,22.920485336102185,0,0,-0,1.7029069015174025,0,36.245175914149456,36.245175914149456,0.12081725304716485,0,0,0,20,-2.9204853361021854,0,1.7150000000000001,0,1,0,0,0,0
4,1.72,344,36.358058235407427,0,0,0,22.928999870609772,0,22.928999870609772,0,0,-0,1.7029069015174025,0,36.358058235407427,36.358058235407427,0.12119352745135809,0,0,0,20,-2.928999870609772,0,1.72,0,1,0,0,0,0
4,1.7250000000000001,345,36.470982482563379,0,0,0,22.937514405117359,0,22.937514405117359,0,0,-0,1.7029069015174025,0,36.470982482563379,36.470982482563379,0.12156994160854459,0,0,0,20,-2.9375144051173585,0,1.7250000000000001,0,1,0,0,0,0
4,1.73,346,36.583948655617313,0,0,0,22.946028939624945,0,22.946028939624945,0,0,-0,1.7029069015174025,0,36.583948655617313,36.583948655617313,0.12194649551872437,0,0,0,20,-2.9460289396249451,0,1.73,0,1,0,0,0,0
4,1.7350000000000001,347,36.696956754569229,0,0,0,22.954543474132532,0,22.954543474132532,0,0,-0,1.7029069015174025,0,36.696956754569229,36.696956754569229,0.12232318918189743,0,0,0,20,-2.9545434741325316,0,1.7350000000000001,0,1,0,0,0,0
4,1.74,348,36.810006779419126,0,0,0,22.963058008640118,0,22.963058008640118,0,0,-0,1.7029069015174025,0,36.810006779419126,36.810006779419126,0.12270002259806376,0,0,0,20,-2.9630580086401181,0,1.74,0,1,0,0,0,0
4,1.7450000000000001,349,36.923098730167005,0,0,0,22.971572543147705,0,22.971572543147705,0,0,-0,1.7029069015174025,0,36.923098730167005,36.923098730167005,0.12307699576722335,0,0,0,20,-2.9715725431477047,0,1.7450000000000001,0,1,0,0,0,0
4,1.75,350,37.036232606812867,0,0,0,22.980087077655291,0,22.980087077655291,0,0,-0,1.7029069015174025,0,37.036232606812867,37.036232606812867,0.12345410868937622,0,0,0,20,-2.9800870776552912,0,1.75,0,1,0,0,0,0
4,1.7550000000000001,351,37.14940840935671,0,0,0,22.988601612162878,0,22.988601612162878,0,0,-0,1.7029069015174025,0,37.14940840935671,37.14940840935671,0.12383136136452237,0,0,0,20,-2.9886016121628778,0,1.7550000000000001,0,1,0,0,0,0
4,1.76,352,37.262626137798534,0,0,0,22.997116146670464,0,22.997116146670464,0,0,-0,1.7029069015174025,0,37.262626137798534,37.262626137798534,0.12420875379266177,0,0,0,20,-2.9971161466704643,0,1.76,0,1,0,0,0,0
4,1.7650000000000001,353,37.375885792138341,0,0,0,23.005630681178051,0,23.005630681178051,0,0,-0,1.7029069015174025,0,37.375885792138341,37.375885792138341,0.12458628597379447,0,0,0,20,-3.0056306811780509,0,1.7650000000000001,0,1,0,0,0,0
4,1.77,354,37.489187372376129,0,0,0,23.014145215685637,0,23.014145215685637,0,0,-0,1.7029069015174025,0,37.489187372376129,37.489187372376129,0.12496395790792043,0,0,0,20,-3.0141452156856374,0,1.77,0,1,0,0,0,0
4,1.7750000000000001,355,37.602530878511899,0,0,0,23.022659750193224,0,23.022659750193224,0,0,-0,1.7029069015174025,0,37.602530878511899,37.602530878511899,0.12534176959503968,0,0,0,20,-3.022659750193224,0,1.7750000000000001,0,1,0,0,0,0
4,1.78,356,37.715916310545651,0,0,0,23.031174284700811,0,23.031174284700811,0,0,-0,1.7029069015174025,0,37.715916310545651,37.715916310545651,0.12571972103515217,0,0,0,20,-3.0311742847008105,0,1.78,0,1,0,0,0,0
4,1.7850000000000001,357,37.829343668477385,0,0,0,23.039688819208397,0,23.039688819208397,0,0,-0,1.7029069015174025,0,37.829343668477385,37.829343668477385,0.12609781222825794,0,0,0,20,-3.0396888192083971,0,1.7850000000000001,0,1,0,0,0,0
4,1.79,358,37.942812952307101,0,0,0,23.048203353715984,0,23.048203353715984,0,0,-0,1.7029069015174025,0,37.942812952307101,37.942812952307101,0.12647604317435701,0,0,0,20,-3.0482033537159836,0,1.79,0,1,0,0,0,0
4,1.7949999999999999,359,38.056324162034798,0,0,0,23.05671788822357,0,23.05671788822357,0,0,-0,1.7029069015174025,0,38.056324162034798,38.056324162034798,0.12685441387344934,0,0,0,20,-3.0567178882235702,0,1.7949999999999999,0,1,0,0,0,0
4,1.8,360,38.169877297660477,0,0,0,23.065232422731157,0,23.065232422731157,0,0,-0,1.7029069015174025,0,38.169877297660477,38.169877297660477,0.12723292432553493,0,0,0,20,-3.0652324227311567,0,1.8,0,1,0,0,0,0
4,1.8049999999999999,361,38.283472359184138,0,0,0,23.073746957238743,0,23.073746957238743,0,0,-0,1.7029069015174025,0,38.283472359184138,38.283472359184138,0.12761157453061378,0,0,0,20,-3.0737469572387432,0,1.8049999999999999,0,1,0,0,0,0
4,1.8100000000000001,362,38.397109346605781,0,0,0,23.08226149174633,0,23.08226149174633,0,0,-0,1.7029069015174025,0,38.397109346605781,38.397109346605781,0.12799036448868595,0,0,0,20,-3.0822614917463298,0,1.8100000000000001,0,1,0,0,0,0
4,1.8149999999999999,363,38.510788259925405,0,0,0,23.090776026253916,0,23.090776026253916,0,0,-0,1.7029069015174025,0,38.510788259925405,38.510788259925405,0.12836929419975135,0,0,0,20,-3.0907760262539163,0,1.8149999999999999,0,1,0,0,0,0
4,1.8200000000000001,364,38.624509099143012,0,0,0,23.099290560761503,0,23.099290560761503,0,0,-0,1.7029069015174025,0,38.624509099143012,38.624509099143012,0.12874836366381004,0,0,0,20,-3.0992905607615029,0,1.8200000000000001,0,1,0,0,0,0
4,1.825,365,38.7382718642586,0,0,0,23.107805095269089,0,23.107805095269089,0,0,-0,1.7029069015174025,0,38.7382718642586,38.7382718642586,0.12912757288086199,0,0,0,20,-3.1078050952690894,0,1.825,0,1,0,0,0,0
4,1.8300000000000001,366,38.85207655527217,0,0,0,23.116319629776676,0,23.116319629776676,0,0,-0,1.7029069015174025,0,38.85207655527217,38.85207655527217,0.12950692185090723,0,0,0,20,-3.116319629776676,0,1.8300000000000001,0,1,0,0,0,0
4,1.835,367,38.965923172183722,0,0,0,23.124834164284263,0,23.124834164284263,0,0,-0,1.7029069015174025,0,38.965923172183722,38.965923172183722,0.12988641057394573,0,0,0,20,-3.1248341642842625,0,1.835,0,1,0,0,0,0
4,1.8400000000000001,368,39.079811714993255,0,0,0,23.133348698791849,0,23.133348698791849,0,0,-0,1.7029069015174025,0,39.079811714993255,39.079811714993255,0.13026603904997752,0,0,0,20,-3.1333486987918491,0,1.8400000000000001,0,1,0,0,0,0
4,1.845,369,39.19374218370077,0,0,0,23.141863233299436,0,23.141863233299436,0,0,-0,1.7029069015174025,0,39.19374218370077,39.19374218370077,0.13064580727900257,0,0,0,20,-3.1418632332994356,0,1.845,0,1,0,0,0,0
4,1.8500000000000001,370,39.307714578306268,0,0,0,23.150377767807022,0,23.150377767807022,0,0,-0,1.7029069015174025,0,39.307714578306268,39.307714578306268,0.13102571526102089,0,0,0,20,-3.1503777678070222,0,1.8500000000000001,0,1,0,0,0,0
4,1.855,371,39.421728898809747,0,0,0,23.158892302314609,0,23.158892302314609,0,0,-0,1.7029069015174025,0,39.421728898809747,39.421728898809747,0.13140576299603249,0,0,0,20,-3.1588923023146087,0,1.855,0,1,0,0,0,0
4,1.8600000000000001,372,39.535785145211207,0,0,0,23.167406836822195,0,23.167406836822195,0,0,-0,1.7029069015174025,0,39.535785145211207,39.535785145211207,0.13178595048403735,0,0,0,20,-3.1674068368221953,0,1.8600000000000001,0,1,0,0,0,0
4,1.865,373,39.64988331751065,0,0,0,23.175921371329782,0,23.175921371329782,0,0,-0,1.7029069015174025,0,39.64988331751065,39.64988331751065,0.1321662777250355,0,0,0,20,-3.1759213713297818,0,1.865,0,1,0,0,0,0
4,1.8700000000000001,374,39.764023415708074,0,0,0,23.184435905837368,0,23.184435905837368,0,0,-0,1.7029069015174025,0,39.764023415708074,39.764023415708074,0.13254674471902692,0,0,0,20,-3.1844359058373684,0,1.8700000000000001,0,1,0,0,0,0
4,1.875,375,39.87820543980348,0,0,0,23.192950440344955,0,23.192950440344955,0,0,-0,1.7029069015174025,0,39.87820543980348,39.87820543980348,0.13292735146601159,0,0,0,20,-3.1929504403449549,0,1.875,0,1,0,0,0,0
4,1.8800000000000001,376,39.992429389796868,0,0,0,23.201464974852541,0,23.201464974852541,0,0,-0,1.7029069015174025,0,39.992429389796868,39.992429389796868,0.13330809796598955,0,0,0,20,-3.2014649748525414,0,1.8800000000000001,0,1,0,0,0,0
4,1.885,377,40.106695265688238,0,0,0,23.209979509360128,0,23.209979509360128,0,0,-0,1.7029069015174025,0,40.106695265688238,40.106695265688238,0.1336889842189608,0,0,0,20,-3.209979509360128,0,1.885,0,1,0,0,0,0
4,1.8900000000000001,378,40.221003067477589,0,0,0,23.218494043867715,0,23.218494043867715,0,0,-0,1.7029069015174025,0,40.221003067477589,40.221003067477589,0.13407001022492529,0,0,0,20,-3.2184940438677145,0,1.8900000000000001,0,1,0,0,0,0
4,1.895,379,40.335352795164923,0,0,0,23.227008578375301,0,23.227008578375301,0,0,-0,1.7029069015174025,0,40.335352795164923,40.335352795164923,0.13445117598388306,0,0,0,20,-3.2270085783753011,0,1.895,0,1,0,0,0,0
4,1.9000000000000001,380,40.449744448750238,0,0,0,23.235523112882888,0,23.235523112882888,0,0,-0,1.7029069015174025,0,40.449744448750238,40.449744448750238,0.13483248149583413,0,0,0,20,-3.2355231128828876,0,1.9000000000000001,0,1,0,0,0,0
4,1.905,381,40.564178028233535,0,0,0,23.244037647390474,0,23.244037647390474,0,0,-0,1.7029069015174025,0,40.564178028233535,40.564178028233535,0.13521392676077845,0,0,0,20,-3.2440376473904742,0,1.905,0,1,0,0,0,0
4,1.9100000000000001,382,40.678653533614813,0,0,0,23.252552181898061,0,23.252552181898061,0,0,-0,1.7029069015174025,0,40.678653533614813,40.678653533614813,0.13559551177871604,0,0,0,20,-3.2525521818980607,0,1.9100000000000001,0,1,0,0,0,0
4,1.915,383,40.793170964894074,0,0,0,23.261066716405647,0,23.261066716405647,0,0,-0,1.7029069015174025,0,40.793170964894074,40.793170964894074,0.13597723654964691,0,0,0,20,-3.2610667164056473,0,1.915,0,1,0,0,0,0
4,1.9199999999999999,384,40.907730322071316,0,0,0,23.269581250913234,0,23.269581250913234,0,0,-0,1.7029069015174025,0,40.907730322071316,40.907730322071316,0.13635910107357105,0,0,0,20,-3.2695812509132338,0,1.9199999999999999,0,1,0,0,0,0
4,1.925,385,41.02233160514654,0,0,0,23.27809578542082,0,23.27809578542082,0,0,-0,1.7029069015174025,0,41.02233160514654,41.02233160514654,0.13674110535048847,0,0,0,20,-3.2780957854208204,0,1.925,0,1,0,0,0,0
4,1.9299999999999999,386,41.136974814119746,0,0,0,23.286610319928407,0,23.286610319928407,0,0,-0,1.7029069015174025,0,41.136974814119746,41.136974814119746,0.13712324938039916,0,0,0,20,-3.2866103199284069,0,1.9299999999999999,0,1,0,0,0,0
4,1.9350000000000001,387,41.251659948990934,0,0,0,23.295124854435993,0,23.295124854435993,0,0,-0,1.7029069015174025,0,41.251659948990934,41.251659948990934,0.13750553316330311,0,0,0,20,-3.2951248544359935,0,1.9350000000000001,0,1,0,0,0,0
4,1.9399999999999999,388,41.366387009760103,0,0,0,23.30363938894358,0,23.30363938894358,0,0,-0,1.7029069015174025,0,41.366387009760103,41.366387009760103,0.13788795669920034,0,0,0,20,-3.30363938894358,0,1.9399999999999999,0,1,0,0,0,0
4,1.9450000000000001,389,41.481155996427255,0,0,0,23.312153923451167,0,23.312153923451167,0,0,-0,1.7029069015174025,0,41.481155996427255,41.481155996427255,0.13827051998809084,0,0,0,20,-3.3121539234511665,0,1.9450000000000001,0,1,0,0,0,0
4,1.95,390,41.595966908992388,0,0,0,23.320668457958753,0,23.320668457958753,0,0,-0,1.7029069015174025,0,41.595966908992388,41.595966908992388,0.13865322302997463,0,0,0,20,-3.3206684579587531,0,1.95,0,1,0,0,0,0
4,1.9550000000000001,391,41.710819747455503,0,0,0,23.32918299246634,0,23.32918299246634,0,0,-0,1.7029069015174025,0,41.710819747455503,41.710819747455503,0.13903606582485167,0,0,0,20,-3.3291829924663396,0,1.9550000000000001,0,1,0,0,0,0
4,1.96,392,41.825714511816599,0,0,0,23.337697526973926,0,23.337697526973926,0,0,-0,1.7029069015174025,0,41.825714511816599,41.825714511816599,0.13941904837272201,0,0,0,20,-3.3376975269739262,0,1.96,0,1,0,0,0,0
4,1.9650000000000001,393,41.940651202075678,0,0,0,23.346212061481513,0,23.346212061481513,0,0,-0,1.7029069015174025,0,41.940651202075678,41.940651202075678,0.13980217067358558,0,0,0,20,-3.3462120614815127,0,1.9650000000000001,0,1,0,0,0,0
4,1.97,394,42.055629818232738,0,0,0,23.354726595989099,0,23.354726595989099,0,0,-0,1.7029069015174025,0,42.055629818232738,42.055629818232738,0.14018543272744247,0,0,0,20,-3.3547265959890993,0,1.97,0,1,0,0,0,0
4,1.9750000000000001,395,42.17065036028778,0,0,0,23.363241130496686,0,23.363241130496686,0,0,-0,1.7029069015174025,0,42.17065036028778,42.17065036028778,0.14056883453429261,0,0,0,20,-3.3632411304966858,0,1.9750000000000001,0,1,0,0,0,0
4,1.98,396,42.285712828240804,0,0,0,23.371755665004272,0,23.371755665004272,0,0,-0,1.7029069015174025,0,42.285712828240804,42.285712828240804,0.14095237609413602,0,0,0,20,-3.3717556650042724,0,1.98,0,1,0,0,0,0
4,1.9850000000000001,397,42.40081722209181,0,0,0,23.380270199511859,0,23.380270199511859,0,0,-0,1.7029069015174025,0,42.40081722209181,42.40081722209181,0.14133605740697269,0,0,0,20,-3.3802701995118589,0,1.9850000000000001,0,1,0,0,0,0
4,1.99,398,42.515963541840797,0,0,0,23.388784734019445,0,23.388784734019445,0,0,-0,1.7029069015174025,0,42.515963541840797,42.515963541840797,0.14171987847280265,0,0,0,20,-3.3887847340194455,0,1.99,0,1,0,0,0,0
4,1.9950000000000001,399,42.631151787487767,0,0,0,23.397299268527032,0,23.397299268527032,0,0,-0,1.7029069015174025,0,42.631151787487767,42.631151787487767,0.1421038392916259,0,0,0,20,-3.397299268527032,0,1.9950000000000001,0,1,0,0,0,0
4,2,400,42.746381959032718,0,0,0,23.405813803034619,0,23.405813803034619,0,0,-0,1.7029069015174025,0,42.746381959032718,42.746381959032718,0.14248793986344238,0,0,0,20,-3.4058138030346186,0,2,0,1,0,0,0,0
4,2.0049999999999999,401,42.861654056475651,0,0,0,23.414328337542205,0,23.414328337542205,0,0,-0,1.7029069015174025,0,42.861654056475651,42.861654056475651,0.14287218018825218,0,0,0,20,-3.4143283375422051,0,2.0049999999999999,0,1,0,0,0,0
4,2.0100000000000002,402,42.976968079816565,0,0,0,23.422842872049792,0,23.422842872049792,0,0,-0,1.7029069015174025,0,42.976968079816565,42.976968079816565,0.14325656026605521,0,0,0,20,-3.4228428720497917,0,2.0100000000000002,0,1,0,0,0,0
4,2.0150000000000001,403,43.092324029055462,0,0,0,23.431357406557378,0,23.431357406557378,0,0,-0,1.7029069015174025,0,43.092324029055462,43.092324029055462,0.14364108009685153,0,0,0,20,-3.4313574065573782,0,2.0150000000000001,0,1,0,0,0,0
4,2.02,404,43.20772190419234,0,0,0,23.439871941064965,0,23.439871941064965,0,0,-0,1.7029069015174025,0,43.20772190419234,43.20772190419234,0.14402573968064114,0,0,0,20,-3.4398719410649647,0,2.02,0,1,0,0,0,0
4,2.0249999999999999,405,43.3231617052272,0,0,0,23.448386475572551,0,23.448386475572551,0,0,-0,1.7029069015174025,0,43.3231617052272,43.3231617052272,0.14441053901742401,0,0,0,20,-3.4483864755725513,0,2.0249999999999999,0,1,0,0,0,0
4,2.0300000000000002,406,43.438643432160042,0,0,0,23.456901010080138,0,23.456901010080138,0,0,-0,1.7029069015174025,0,43.438643432160042,43.438643432160042,0.14479547810720014,0,0,0,20,-3.4569010100801378,0,2.0300000000000002,0,1,0,0,0,0
4,2.0350000000000001,407,43.554167084990866,0,0,0,23.465415544587724,0,23.465415544587724,0,0,-0,1.7029069015174025,0,43.554167084990866,43.554167084990866,0.14518055694996956,0,0,0,20,-3.4654155445877244,0,2.0350000000000001,0,1,0,0,0,0
4,2.04,408,43.669732663719671,0,0,0,23.473930079095311,0,23.473930079095311,0,0,-0,1.7029069015174025,0,43.669732663719671,43.669732663719671,0.14556577554573225,0,0,0,20,-3.4739300790953109,0,2.04,0,1,0,0,0,0
4,2.0449999999999999,409,43.785340168346458,0,0,0,23.482444613602897,0,23.482444613602897,0,0,-0,1.7029069015174025,0,43.785340168346458,43.785340168346458,0.14595113389448819,0,0,0,20,-3.4824446136028975,0,2.0449999999999999,0,1,0,0,0,0
4,2.0499999999999998,410,43.900989598871227,0,0,0,23.490959148110484,0,23.490959148110484,0,0,-0,1.7029069015174025,0,43.900989598871227,43.900989598871227,0.14633663199623742,0,0,0,20,-3.490959148110484,0,2.0499999999999998,0,1,0,0,0,0
4,2.0550000000000002,411,44.016680955293978,0,0,0,23.499473682618071,0,23.499473682618071,0,0,-0,1.7029069015174025,0,44.016680955293978,44.016680955293978,0.14672226985097991,0,0,0,20,-3.4994736826180706,0,2.0550000000000002,0,1,0,0,0,0
4,2.0600000000000001,412,44.132414237614711,0,0,0,23.507988217125657,0,23.507988217125657,0,0,-0,1.7029069015174025,0,44.132414237614711,44.132414237614711,0.1471080474587157,0,0,0,20,-3.5079882171256571,0,2.0600000000000001,0,1,0,0,0,0
4,2.0649999999999999,413,44.248189445833425,0,0,0,23.516502751633244,0,23.516502751633244,0,0,-0,1.7029069015174025,0,44.248189445833425,44.248189445833425,0.14749396481944474,0,0,0,20,-3.5165027516332437,0,2.0649999999999999,0,1,0,0,0,0
4,2.0699999999999998,414,44.364006579950122,0,0,0,23.52501728614083,0,23.52501728614083,0,0,-0,1.7029069015174025,0,44.364006579950122,44.364006579950122,0.14788002193316707,0,0,0,20,-3.5250172861408302,0,2.0699999999999998,0,1,0,0,0,0
4,2.0750000000000002,415,44.4798656399648,0,0,0,23.533531820648417,0,23.533531820648417,0,0,-0,1.7029069015174025,0,44.4798656399648,44.4798656399648,0.14826621879988267,0,0,0,20,-3.5335318206484168,0,2.0750000000000002,0,1,0,0,0,0
4,2.0800000000000001,416,44.595766625877459,0,0,0,23.542046355156003,0,23.542046355156003,0,0,-0,1.7029069015174025,0,44.595766625877459,44.595766625877459,0.14865255541959152,0,0,0,20,-3.5420463551560033,0,2.0800000000000001,0,1,0,0,0,0
4,2.085,417,44.711709537688101,0,0,0,23.55056088966359,0,23.55056088966359,0,0,-0,1.7029069015174025,0,44.711709537688101,44.711709537688101,0.14903903179229366,0,0,0,20,-3.5505608896635898,0,2.085,0,1,0,0,0,0
4,2.0899999999999999,418,44.827694375396725,0,0,0,23.559075424171176,0,23.559075424171176,0,0,-0,1.7029069015174025,0,44.827694375396725,44.827694375396725,0.14942564791798907,0,0,0,20,-3.5590754241711764,0,2.0899999999999999,0,1,0,0,0,0
4,2.0950000000000002,419,44.94372113900333,0,0,0,23.567589958678763,0,23.567589958678763,0,0,-0,1.7029069015174025,0,44.94372113900333,44.94372113900333,0.14981240379667776,0,0,0,20,-3.5675899586787629,0,2.0950000000000002,0,1,0,0,0,0
4,2.1000000000000001,420,45.059789828507917,0,0,0,23.576104493186349,0,23.576104493186349,0,0,-0,1.7029069015174025,0,45.059789828507917,45.059789828507917,0.15019929942835972,0,0,0,20,-3.5761044931863495,0,2.1000000000000001,0,1,0,0,0,0
4,2.105,421,45.175900443910486,0,0,0,23.584619027693936,0,23.584619027693936,0,0,-0,1.7029069015174025,0,45.175900443910486,45.175900443910486,0.15058633481303496,0,0,0,20,-3.584619027693936,0,2.105,0,1,0,0,0,0
4,2.1099999999999999,422,45.292052985211036,0,0,0,23.593133562201523,0,23.593133562201523,0,0,-0,1.7029069015174025,0,45.292052985211036,45.292052985211036,0.15097350995070347,0,0,0,20,-3.5931335622015226,0,2.1099999999999999,0,1,0,0,0,0
4,2.1150000000000002,423,45.408247452409569,0,0,0,23.601648096709109,0,23.601648096709109,0,0,-0,1.7029069015174025,0,45.408247452409569,45.408247452409569,0.15136082484136523,0,0,0,20,-3.6016480967091091,0,2.1150000000000002,0,1,0,0,0,0
4,2.1200000000000001,424,45.524483845506083,0,0,0,23.610162631216696,0,23.610162631216696,0,0,-0,1.7029069015174025,0,45.524483845506083,45.524483845506083,0.15174827948502029,0,0,0,20,-3.6101626312166957,0,2.1200000000000001,0,1,0,0,0,0
4,2.125,425,45.640762164500579,0,0,0,23.618677165724282,0,23.618677165724282,0,0,-0,1.7029069015174025,0,45.640762164500579,45.640762164500579,0.1521358738816686,0,0,0,20,-3.6186771657242822,0,2.125,0,1,0,0,0,0
4,2.1299999999999999,426,45.757082409393057,0,0,0,23.627191700231869,0,23.627191700231869,0,0,-0,1.7029069015174025,0,45.757082409393057,45.757082409393057,0.15252360803131018,0,0,0,20,-3.6271917002318688,0,2.1299999999999999,0,1,0,0,0,0
4,2.1350000000000002,427,45.873444580183516,0,0,0,23.635706234739455,0,23.635706234739455,0,0,-0,1.7029069015174025,0,45.873444580183516,45.873444580183516,0.15291148193394505,0,0,0,20,-3.6357062347394553,0,2.1350000000000002,0,1,0,0,0,0
4,2.1400000000000001,428,45.989848676871958,0,0,0,23.644220769247042,0,23.644220769247042,0,0,-0,1.7029069015174025,0,45.989848676871958,45.989848676871958,0.1532994955895732,0,0,0,20,-3.6442207692470419,0,2.1400000000000001,0,1,0,0,0,0
4,2.145,429,46.106294699458381,0,0,0,23.652735303754628,0,23.652735303754628,0,0,-0,1.7029069015174025,0,46.106294699458381,46.106294699458381,0.15368764899819459,0,0,0,20,-3.6527353037546284,0,2.145,0,1,0,0,0,0
4,2.1499999999999999,430,46.222782647942786,0,0,0,23.661249838262215,0,23.661249838262215,0,0,-0,1.7029069015174025,0,46.222782647942786,46.222782647942786,0.1540759421598093,0,0,0,20,-3.661249838262215,0,2.1499999999999999,0,1,0,0,0,0
4,2.1550000000000002,431,46.339312522325173,0,0,0,23.669764372769801,0,23.669764372769801,0,0,-0,1.7029069015174025,0,46.339312522325173,46.339312522325173,0.15446437507441724,0,0,0,20,-3.6697643727698015,0,2.1550000000000002,0,1,0,0,0,0
4,2.1600000000000001,432,46.455884322605542,0,0,0,23.678278907277388,0,23.678278907277388,0,0,-0,1.7029069015174025,0,46.455884322605542,46.455884322605542,0.15485294774201847,0,0,0,20,-3.678278907277388,0,2.1600000000000001,0,1,0,0,0,0
4,2.165,433,46.572498048783892,0,0,0,23.686793441784975,0,23.686793441784975,0,0,-0,1.7029069015174025,0,46.572498048783892,46.572498048783892,0.15524166016261298,0,0,0,20,-3.6867934417849746,0,2.165,0,1,0,0,0,0
4,2.1699999999999999,434,46.689153700860224,0,0,0,23.695307976292561,0,23.695307976292561,0,0,-0,1.7029069015174025,0,46.689153700860224,46.689153700860224,0.15563051233620076,0,0,0,20,-3.6953079762925611,0,2.1699999999999999,0,1,0,0,0,0
4,2.1750000000000003,435,46.805851278834538,0,0,0,23.703822510800148,0,23.703822510800148,0,0,-0,1.7029069015174025,0,46.805851278834538,46.805851278834538,0.1560195042627818,0,0,0,20,-3.7038225108001477,0,2.1750000000000003,0,1,0,0,0,0
4,2.1800000000000002,436,46.922590782706834,0,0,0,23.712337045307734,0,23.712337045307734,0,0,-0,1.7029069015174025,0,46.922590782706834,46.922590782706834,0.1564086359423561,0,0,0,20,-3.7123370453077342,0,2.1800000000000002,0,1,0,0,0,0
4,2.1850000000000001,437,47.039372212477112,0,0,0,23.720851579815321,0,23.720851579815321,0,0,-0,1.7029069015174025,0,47.039372212477112,47.039372212477112,0.15679790737492372,0,0,0,20,-3.7208515798153208,0,2.1850000000000001,0,1,0,0,0,0
4,2.1899999999999999,438,47.156195568145371,0,0,0,23.729366114322907,0,23.729366114322907,0,0,-0,1.7029069015174025,0,47.156195568145371,47.156195568145371,0.15718731856048457,0,0,0,20,-3.7293661143229073,0,2.1899999999999999,0,1,0,0,0,0
4,2.1949999999999998,439,47.273060849711612,0,0,0,23.737880648830494,0,23.737880648830494,0,0,-0,1.7029069015174025,0,47.273060849711612,47.273060849711612,0.15757686949903871,0,0,0,20,-3.7378806488304939,0,2.1949999999999998,0,1,0,0,0,0
4,2.2000000000000002,440,47.389968057175835,0,0,0,23.74639518333808,0,23.74639518333808,0,0,-0,1.7029069015174025,0,47.389968057175835,47.389968057175835,0.15796656019058611,0,0,0,20,-3.7463951833380804,0,2.2000000000000002,0,1,0,0,0,0
4,2.2050000000000001,441,47.50691719053804,0,0,0,23.754909717845667,0,23.754909717845667,0,0,-0,1.7029069015174025,0,47.50691719053804,47.50691719053804,0.1583563906351268,0,0,0,20,-3.754909717845667,0,2.2050000000000001,0,1,0,0,0,0
4,2.21,442,47.623908249798227,0,0,0,23.763424252353254,0,23.763424252353254,0,0,-0,1.7029069015174025,0,47.623908249798227,47.623908249798227,0.15874636083266075,0,0,0,20,-3.7634242523532535,0,2.21,0,1,0,0,0,0
4,2.2149999999999999,443,47.740941234956395,0,0,0,23.77193878686084,0,23.77193878686084,0,0,-0,1.7029069015174025,0,47.740941234956395,47.740941234956395,0.15913647078318799,0,0,0,20,-3.7719387868608401,0,2.2149999999999999,0,1,0,0,0,0
4,2.2200000000000002,444,47.858016146012545,0,0,0,23.780453321368427,0,23.780453321368427,0,0,-0,1.7029069015174025,0,47.858016146012545,47.858016146012545,0.15952672048670849,0,0,0,20,-3.7804533213684266,0,2.2200000000000002,0,1,0,0,0,0
4,2.2250000000000001,445,47.975132982966677,0,0,0,23.788967855876013,0,23.788967855876013,0,0,-0,1.7029069015174025,0,47.975132982966677,47.975132982966677,0.15991710994322225,0,0,0,20,-3.7889678558760131,0,2.2250000000000001,0,1,0,0,0,0
4,2.23,446,48.092291745818791,0,0,0,23.7974823903836,0,23.7974823903836,0,0,-0,1.7029069015174025,0,48.092291745818791,48.092291745818791,0.1603076391527293,0,0,0,20,-3.7974823903835997,0,2.23,0,1,0,0,0,0
4,2.2349999999999999,447,48.209492434568887,0,0,0,23.805996924891186,0,23.805996924891186,0,0,-0,1.7029069015174025,0,48.209492434568887,48.209492434568887,0.16069830811522962,0,0,0,20,-3.8059969248911862,0,2.2349999999999999,0,1,0,0,0,0
4,2.2400000000000002,448,48.326735049216964,0,0,0,23.814511459398773,0,23.814511459398773,0,0,-0,1.7029069015174025,0,48.326735049216964,48.326735049216964,0.16108911683072322,0,0,0,20,-3.8145114593987728,0,2.2400000000000002,0,1,0,0,0,0
4,2.2450000000000001,449,48.444019589763023,0,0,0,23.823025993906359,0,23.823025993906359,0,0,-0,1.7029069015174025,0,48.444019589763023,48.444019589763023,0.16148006529921008,0,0,0,20,-3.8230259939063593,0,2.2450000000000001,0,1,0,0,0,0
4,2.25,450,48.561346056207064,0,0,0,23.831540528413946,0,23.831540528413946,0,0,-0,1.7029069015174025,0,48.561346056207064,48.561346056207064,0.1618711535206902,0,0,0,20,-3.8315405284139459,0,2.25,0,1,0,0,0,0
4,2.2549999999999999,451,48.678714448549087,0,0,0,23.840055062921532,0,23.840055062921532,0,0,-0,1.7029069015174025,0,48.678714448549087,48.678714448549087,0.16226238149516362,0,0,0,20,-3.8400550629215324,0,2.2549999999999999,0,1,0,0,0,0
4,2.2600000000000002,452,48.796124766789092,0,0,0,23.848569597429119,0,23.848569597429119,0,0,-0,1.7029069015174025,0,48.796124766789092,48.796124766789092,0.16265374922263032,0,0,0,20,-3.848569597429119,0,2.2600000000000002,0,1,0,0,0,0
4,2.2650000000000001,453,48.913577010927078,0,0,0,23.857084131936706,0,23.857084131936706,0,0,-0,1.7029069015174025,0,48.913577010927078,48.913577010927078,0.16304525670309025,0,0,0,20,-3.8570841319367055,0,2.2650000000000001,0,1,0,0,0,0
4,2.27,454,49.031071180963046,0,0,0,23.865598666444292,0,23.865598666444292,0,0,-0,1.7029069015174025,0,49.031071180963046,49.031071180963046,0.16343690393654348,0,0,0,20,-3.8655986664442921,0,2.27,0,1,0,0,0,0
4,2.2749999999999999,455,49.148607276896996,0,0,0,23.874113200951879,0,23.874113200951879,0,0,-0,1.7029069015174025,0,49.148607276896996,49.148607276896996,0.16382869092298999,0,0,0,20,-3.8741132009518786,0,2.2749999999999999,0,1,0,0,0,0
4,2.2800000000000002,456,49.266185298728928,0,0,0,23.882627735459465,0,23.882627735459465,0,0,-0,1.7029069015174025,0,49.266185298728928,49.266185298728928,0.16422061766242976,0,0,0,20,-3.8826277354594652,0,2.2800000000000002,0,1,0,0,0,0
4,2.2850000000000001,457,49.383805246458842,0,0,0,23.891142269967052,0,23.891142269967052,0,0,-0,1.7029069015174025,0,49.383805246458842,49.383805246458842,0.1646126841548628,0,0,0,20,-3.8911422699670517,0,2.2850000000000001,0,1,0,0,0,0
4,2.29,458,49.501467120086737,0,0,0,23.899656804474638,0,23.899656804474638,0,0,-0,1.7029069015174025,0,49.501467120086737,49.501467120086737,0.16500489040028912,0,0,0,20,-3.8996568044746382,0,2.29,0,1,0,0,0,0
4,2.2949999999999999,459,49.619170919612614,0,0,0,23.908171338982225,0,23.908171338982225,0,0,-0,1.7029069015174025,0,49.619170919612614,49.619170919612614,0.16539723639870871,0,0,0,20,-3.9081713389822248,0,2.2949999999999999,0,1,0,0,0,0
4,2.3000000000000003,460,49.736916645036473,0,0,0,23.916685873489811,0,23.916685873489811,0,0,-0,1.7029069015174025,0,49.736916645036473,49.736916645036473,0.16578972215012158,0,0,0,20,-3.9166858734898113,0,2.3000000000000003,0,1,0,0,0,0
4,2.3050000000000002,461,49.854704296358314,0,0,0,23.925200407997398,0,23.925200407997398,0,0,-0,1.7029069015174025,0,49.854704296358314,49.854704296358314,0.16618234765452772,0,0,0,20,-3.9252004079973979,0,2.3050000000000002,0,1,0,0,0,0
4,2.3100000000000001,462,49.972533873578136,0,0,0,23.933714942504984,0,23.933714942504984,0,0,-0,1.7029069015174025,0,49.972533873578136,49.972533873578136,0.16657511291192711,0,0,0,20,-3.9337149425049844,0,2.3100000000000001,0,1,0,0,0,0
4,2.3149999999999999,463,50.090405376695941,0,0,0,23.942229477012571,0,23.942229477012571,0,0,-0,1.7029069015174025,0,50.090405376695941,50.090405376695941,0.1669680179223198,0,0,0,20,-3.942229477012571,0,2.3149999999999999,0,1,0,0,0,0
4,2.3199999999999998,464,50.208318805711727,0,0,0,23.950744011520158,0,23.950744011520158,0,0,-0,1.7029069015174025,0,50.208318805711727,50.208318805711727,0.16736106268570575,0,0,0,20,-3.9507440115201575,0,2.3199999999999998,0,1,0,0,0,0
4,2.3250000000000002,465,50.326274160625495,0,0,0,23.959258546027744,0,23.959258546027744,0,0,-0,1.7029069015174025,0,50.326274160625495,50.326274160625495,0.16775424720208498,0,0,0,20,-3.9592585460277441,0,2.3250000000000002,0,1,0,0,0,0
4,2.3300000000000001,466,50.444271441437245,0,0,0,23.967773080535331,0,23.967773080535331,0,0,-0,1.7029069015174025,0,50.444271441437245,50.444271441437245,0.16814757147145748,0,0,0,20,-3.9677730805353306,0,2.3300000000000001,0,1,0,0,0,0
4,2.335,467,50.562310648146976,0,0,0,23.976287615042917,0,23.976287615042917,0,0,-0,1.7029069015174025,0,50.562310648146976,50.562310648146976,0.16854103549382327,0,0,0,20,-3.9762876150429172,0,2.335,0,1,0,0,0,0
4,2.3399999999999999,468,50.68039178075469,0,0,0,23.984802149550504,0,23.984802149550504,0,0,-0,1.7029069015174025,0,50.68039178075469,50.68039178075469,0.16893463926918229,0,0,0,20,-3.9848021495505037,0,2.3399999999999999,0,1,0,0,0,0
4,2.3450000000000002,469,50.798514839260385,0,0,0,23.99331668405809,0,23.99331668405809,0,0,-0,1.7029069015174025,0,50.798514839260385,50.798514839260385,0.16932838279753462,0,0,0,20,-3.9933166840580903,0,2.3450000000000002,0,1,0,0,0,0
4,2.3500000000000001,470,50.916679823664062,0,0,0,24.001831218565677,0,24.001831218565677,0,0,-0,1.7029069015174025,0,50.916679823664062,50.916679823664062,0.16972226607888022,0,0,0,20,-4.0018312185656768,0,2.3500000000000001,0,1,0,0,0,0
4,2.355,471,51.03488673396572,0,0,0,24.010345753073263,0,24.010345753073263,0,0,-0,1.7029069015174025,0,51.03488673396572,51.03488673396572,0.17011628911321908,0,0,0,20,-4.0103457530732634,0,2.355,0,1,0,0,0,0
4,2.3599999999999999,472,51.153135570165361,0,0,0,24.01886028758085,0,24.01886028758085,0,0,-0,1.7029069015174025,0,51.153135570165361,51.153135570165361,0.1705104519005512,0,0,0,20,-4.0188602875808499,0,2.3599999999999999,0,1,0,0,0,0
4,2.3650000000000002,473,51.271426332262983,0,0,0,24.027374822088436,0,24.027374822088436,0,0,-0,1.7029069015174025,0,51.271426332262983,51.271426332262983,0.17090475444087661,0,0,0,20,-4.0273748220884364,0,2.3650000000000002,0,1,0,0,0,0
4,2.3700000000000001,474,51.389759020258587,0,0,0,24.035889356596023,0,24.035889356596023,0,0,-0,1.7029069015174025,0,51.389759020258587,51.389759020258587,0.1712991967341953,0,0,0,20,-4.035889356596023,0,2.3700000000000001,0,1,0,0,0,0
4,2.375,475,51.508133634152173,0,0,0,24.04440389110361,0,24.04440389110361,0,0,-0,1.7029069015174025,0,51.508133634152173,51.508133634152173,0.17169377878050723,0,0,0,20,-4.0444038911036095,0,2.375,0,1,0,0,0,0
4,2.3799999999999999,476,51.626550173943741,0,0,0,24.052918425611196,0,24.052918425611196,0,0,-0,1.7029069015174025,0,51.626550173943741,51.626550173943741,0.17208850057981248,0,0,0,20,-4.0529184256111961,0,2.3799999999999999,0,1,0,0,0,0
4,2.3850000000000002,477,51.745008639633291,0,0,0,24.061432960118783,0,24.061432960118783,0,0,-0,1.7029069015174025,0,51.745008639633291,51.745008639633291,0.17248336213211096,0,0,0,20,-4.0614329601187826,0,2.3850000000000002,0,1,0,0,0,0
4,2.3900000000000001,478,51.863509031220822,0,0,0,24.069947494626369,0,24.069947494626369,0,0,-0,1.7029069015174025,0,51.863509031220822,51.863509031220822,0.17287836343740273,0,0,0,20,-4.0699474946263692,0,2.3900000000000001,0,1,0,0,0,0
4,2.395,479,51.982051348706335,0,0,0,24.078462029133956,0,24.078462029133956,0,0,-0,1.7029069015174025,0,51.982051348706335,51.982051348706335,0.17327350449568779,0,0,0,20,-4.0784620291339557,0,2.395,0,1,0,0,0,0
4,2.3999999999999999,480,52.10063559208983,0,0,0,24.086976563641542,0,24.086976563641542,0,0,-0,1.7029069015174025,0,52.10063559208983,52.10063559208983,0.17366878530696611,0,0,0,20,-4.0869765636415423,0,2.3999999999999999,0,1,0,0,0,0
4,2.4050000000000002,481,52.219261761371307,0,0,0,24.095491098149129,0,24.095491098149129,0,0,-0,1.7029069015174025,0,52.219261761371307,52.219261761371307,0.17406420587123769,0,0,0,20,-4.0954910981491288,0,2.4050000000000002,0,1,0,0,0,0
4,2.4100000000000001,482,52.337929856550765,0,0,0,24.104005632656715,0,24.104005632656715,0,0,-0,1.7029069015174025,0,52.337929856550765,52.337929856550765,0.17445976618850256,0,0,0,20,-4.1040056326567154,0,2.4100000000000001,0,1,0,0,0,0
4,2.415,483,52.456639877628206,0,0,0,24.112520167164302,0,24.112520167164302,0,0,-0,1.7029069015174025,0,52.456639877628206,52.456639877628206,0.17485546625876069,0,0,0,20,-4.1125201671643019,0,2.415,0,1,0,0,0,0
4,2.4199999999999999,484,52.575391824603628,0,0,0,24.121034701671888,0,24.121034701671888,0,0,-0,1.7029069015174025,0,52.575391824603628,52.575391824603628,0.17525130608201209,0,0,0,20,-4.1210347016718885,0,2.4199999999999999,0,1,0,0,0,0
4,2.4250000000000003,485,52.694185697477032,0,0,0,24.129549236179475,0,24.129549236179475,0,0,-0,1.7029069015174025,0,52.694185697477032,52.694185697477032,0.17564728565825677,0,0,0,20,-4.129549236179475,0,2.4250000000000003,0,1,0,0,0,0
4,2.4300000000000002,486,52.813021496248417,0,0,0,24.138063770687062,0,24.138063770687062,0,0,-0,1.7029069015174025,0,52.813021496248417,52.813021496248417,0.17604340498749471,0,0,0,20,-4.1380637706870615,0,2.4300000000000002,0,1,0,0,0,0
4,2.4350000000000001,487,52.931899220917785,0,0,0,24.146578305194648,0,24.146578305194648,0,0,-0,1.7029069015174025,0,52.931899220917785,52.931899220917785,0.17643966406972594,0,0,0,20,-4.1465783051946481,0,2.4350000000000001,0,1,0,0,0,0
4,2.4399999999999999,488,53.050818871485134,0,0,0,24.155092839702235,0,24.155092839702235,0,0,-0,1.7029069015174025,0,53.050818871485134,53.050818871485134,0.17683606290495044,0,0,0,20,-4.1550928397022346,0,2.4399999999999999,0,1,0,0,0,0
4,2.4449999999999998,489,53.169780447950465,0,0,0,24.163607374209821,0,24.163607374209821,0,0,-0,1.7029069015174025,0,53.169780447950465,53.169780447950465,0.17723260149316822,0,0,0,20,-4.1636073742098212,0,2.4449999999999998,0,1,0,0,0,0
4,2.4500000000000002,490,53.288783950313778,0,0,0,24.172121908717408,0,24.172121908717408,0,0,-0,1.7029069015174025,0,53.288783950313778,53.288783950313778,0.17762927983437926,0,0,0,20,-4.1721219087174077,0,2.4500000000000002,0,1,0,0,0,0
4,2.4550000000000001,491,53.407829378575073,0,0,0,24.180636443224994,0,24.180636443224994,0,0,-0,1.7029069015174025,0,53.407829378575073,53.407829378575073,0.17802609792858357,0,0,0,20,-4.1806364432249943,0,2.4550000000000001,0,1,0,0,0,0
4,2.46,492,53.52691673273435,0,0,0,24.189150977732581,0,24.189150977732581,0,0,-0,1.7029069015174025,0,53.52691673273435,53.52691673273435,0.17842305577578116,0,0,0,20,-4.1891509777325808,0,2.46,0,1,0,0,0,0
4,2.4649999999999999,493,53.646046012791608,0,0,0,24.197665512240167,0,24.197665512240167,0,0,-0,1.7029069015174025,0,53.646046012791608,53.646046012791608,0.17882015337597201,0,0,0,20,-4.1976655122401674,0,2.4649999999999999,0,1,0,0,0,0
4,2.4700000000000002,494,53.765217218746848,0,0,0,24.206180046747754,0,24.206180046747754,0,0,-0,1.7029069015174025,0,53.765217218746848,53.765217218746848,0.17921739072915616,0,0,0,20,-4.2061800467477539,0,2.4700000000000002,0,1,0,0,0,0
4,2.4750000000000001,495,53.88443035060007,0,0,0,24.21469458125534,0,24.21469458125534,0,0,-0,1.7029069015174025,0,53.88443035060007,53.88443035060007,0.17961476783533356,0,0,0,20,-4.2146945812553405,0,2.4750000000000001,0,1,0,0,0,0
4,2.48,496,54.003685408351274,0,0,0,24.223209115762927,0,24.223209115762927,0,0,-0,1.7029069015174025,0,54.003685408351274,54.003685408351274,0.18001228469450425,0,0,0,20,-4.223209115762927,0,2.48,0,1,0,0,0,0
4,2.4849999999999999,497,54.122982392000459,0,0,0,24.231723650270514,0,24.231723650270514,0,0,-0,1.7029069015174025,0,54.122982392000459,54.122982392000459,0.18040994130666821,0,0,0,20,-4.2317236502705136,0,2.4849999999999999,0,1,0,0,0,0
4,2.4900000000000002,498,54.242321301547626,0,0,0,24.2402381847781,0,24.2402381847781,0,0,-0,1.7029069015174025,0,54.242321301547626,54.242321301547626,0.18080773767182542,0,0,0,20,-4.2402381847781001,0,2.4900000000000002,0,1,0,0,0,0
4,2.4950000000000001,499,54.361702136992776,0,0,0,24.248752719285687,0,24.248752719285687,0,0,-0,1.7029069015174025,0,54.361702136992776,54.361702136992776,0.18120567378997593,0,0,0,20,-4.2487527192856867,0,2.4950000000000001,0,1,0,0,0,0
4,2.5,500,54.481124898335906,0,0,0,24.257267253793273,0,24.257267253793273,0,0,-0,1.7029069015174025,0,54.481124898335906,54.481124898335906,0.1816037496611197,0,0,0,20,-4.2572672537932732,0,2.5,0,1,0,0,0,0
4,2.5049999999999999,501,54.600589585577019,0,0,0,24.26578178830086,0,24.26578178830086,0,0,-0,1.7029069015174025,0,54.600589585577019,54.600589585577019,0.18200196528525672,0,0,0,20,-4.2657817883008597,0,2.5049999999999999,0,1,0,0,0,0
4,2.5100000000000002,502,54.720096198716114,0,0,0,24.274296322808446,0,24.274296322808446,0,0,-0,1.7029069015174025,0,54.720096198716114,54.720096198716114,0.18240032066238704,0,0,0,20,-4.2742963228084463,0,2.5100000000000002,0,1,0,0,0,0
4,2.5150000000000001,503,54.83964473775319,0,0,0,24.282810857316033,0,24.282810857316033,0,0,-0,1.7029069015174025,0,54.83964473775319,54.83964473775319,0.18279881579251064,0,0,0,20,-4.2828108573160328,0,2.5150000000000001,0,1,0,0,0,0
4,2.52,504,54.959235202688248,0,0,0,24.291325391823619,0,24.291325391823619,0,0,-0,1.7029069015174025,0,54.959235202688248,54.959235202688248,0.18319745067562748,0,0,0,20,-4.2913253918236194,0,2.52,0,1,0,0,0,0
4,2.5249999999999999,505,55.078867593521288,0,0,0,24.299839926331206,0,24.299839926331206,0,0,-0,1.7029069015174025,0,55.078867593521288,55.078867593521288,0.18359622531173764,0,0,0,20,-4.2998399263312059,0,2.5249999999999999,0,1,0,0,0,0
4,2.5300000000000002,506,55.19854191025231,0,0,0,24.308354460838792,0,24.308354460838792,0,0,-0,1.7029069015174025,0,55.19854191025231,55.19854191025231,0.18399513970084103,0,0,0,20,-4.3083544608387925,0,2.5300000000000002,0,1,0,0,0,0
4,2.5350000000000001,507,55.318258152881313,0,0,0,24.316868995346379,0,24.316868995346379,0,0,-0,1.7029069015174025,0,55.318258152881313,55.318258152881313,0.1843941938429377,0,0,0,20,-4.316868995346379,0,2.5350000000000001,0,1,0,0,0,0
4,2.54,508,55.438016321408298,0,0,0,24.325383529853966,0,24.325383529853966,0,0,-0,1.7029069015174025,0,55.438016321408298,55.438016321408298,0.18479338773802767,0,0,0,20,-4.3253835298539656,0,2.54,0,1,0,0,0,0
4,2.5449999999999999,509,55.557816415833265,0,0,0,24.333898064361552,0,24.333898064361552,0,0,-0,1.7029069015174025,0,55.557816415833265,55.557816415833265,0.1851927213861109,0,0,0,20,-4.3338980643615521,0,2.5449999999999999,0,1,0,0,0,0
4,2.5500000000000003,510,55.677658436156214,0,0,0,24.342412598869139,0,24.342412598869139,0,0,-0,1.7029069015174025,0,55.677658436156214,55.677658436156214,0.18559219478718739,0,0,0,20,-4.3424125988691387,0,2.5500000000000003,0,1,0,0,0,0
4,2.5550000000000002,511,55.797542382377145,0,0,0,24.350927133376725,0,24.350927133376725,0,0,-0,1.7029069015174025,0,55.797542382377145,55.797542382377145,0.18599180794125714,0,0,0,20,-4.3509271333767252,0,2.5550000000000002,0,1,0,0,0,0
4,2.5600000000000001,512,55.917468254496058,0,0,0,24.359441667884312,0,24.359441667884312,0,0,-0,1.7029069015174025,0,55.917468254496058,55.917468254496058,0.1863915608483202,0,0,0,20,-4.3594416678843118,0,2.5600000000000001,0,1,0,0,0,0
4,2.5649999999999999,513,56.037436052512952,0,0,0,24.367956202391898,0,24.367956202391898,0,0,-0,1.7029069015174025,0,56.037436052512952,56.037436052512952,0.1867914535083765,0,0,0,20,-4.3679562023918983,0,2.5649999999999999,0,1,0,0,0,0
4,2.5699999999999998,514,56.157445776427828,0,0,0,24.376470736899485,0,24.376470736899485,0,0,-0,1.7029069015174025,0,56.157445776427828,56.157445776427828,0.18719148592142609,0,0,0,20,-4.3764707368994848,0,2.5699999999999998,0,1,0,0,0,0
4,2.5750000000000002,515,56.277497426240686,0,0,0,24.384985271407071,0,24.384985271407071,0,0,-0,1.7029069015174025,0,56.277497426240686,56.277497426240686,0.18759165808746894,0,0,0,20,-4.3849852714070714,0,2.5750000000000002,0,1,0,0,0,0
4,2.5800000000000001,516,56.397591001951525,0,0,0,24.393499805914658,0,24.393499805914658,0,0,-0,1.7029069015174025,0,56.397591001951525,56.397591001951525,0.18799197000650508,0,0,0,20,-4.3934998059146579,0,2.5800000000000001,0,1,0,0,0,0
4,2.585,517,56.517726503560347,0,0,0,24.402014340422244,0,24.402014340422244,0,0,-0,1.7029069015174025,0,56.517726503560347,56.517726503560347,0.18839242167853448,0,0,0,20,-4.4020143404222445,0,2.585,0,1,0,0,0,0
4,2.5899999999999999,518,56.63790393106715,0,0,0,24.410528874929831,0,24.410528874929831,0,0,-0,1.7029069015174025,0,56.63790393106715,56.63790393106715,0.18879301310355717,0,0,0,20,-4.410528874929831,0,2.5899999999999999,0,1,0,0,0,0
4,2.5950000000000002,519,56.758123284471935,0,0,0,24.419043409437418,0,24.419043409437418,0,0,-0,1.7029069015174025,0,56.758123284471935,56.758123284471935,0.18919374428157312,0,0,0,20,-4.4190434094374176,0,2.5950000000000002,0,1,0,0,0,0
4,2.6000000000000001,520,56.878384563774702,0,0,0,24.427557943945004,0,24.427557943945004,0,0,-0,1.7029069015174025,0,56.878384563774702,56.878384563774702,0.18959461521258233,0,0,0,20,-4.4275579439450041,0,2.6000000000000001,0,1,0,0,0,0
4,2.605,521,56.998687768975451,0,0,0,24.436072478452591,0,24.436072478452591,0,0,-0,1.7029069015174025,0,56.998687768975451,56.998687768975451,0.18999562589658484,0,0,0,20,-4.4360724784525907,0,2.605,0,1,0,0,0,0
4,2.6099999999999999,522,57.119032900074181,0,0,0,24.444587012960177,0,24.444587012960177,0,0,-0,1.7029069015174025,0,57.119032900074181,57.119032900074181,0.1903967763335806,0,0,0,20,-4.4445870129601772,0,2.6099999999999999,0,1,0,0,0,0
4,2.6150000000000002,523,57.239419957070893,0,0,0,24.453101547467764,0,24.453101547467764,0,0,-0,1.7029069015174025,0,57.239419957070893,57.239419957070893,0.19079806652356965,0,0,0,20,-4.4531015474677638,0,2.6150000000000002,0,1,0,0,0,0
4,2.6200000000000001,524,57.359848939965588,0,0,0,24.46161608197535,0,24.46161608197535,0,0,-0,1.7029069015174025,0,57.359848939965588,57.359848939965588,0.19119949646655196,0,0,0,20,-4.4616160819753503,0,2.6200000000000001,0,1,0,0,0,0
4,2.625,525,57.480319848758263,0,0,0,24.470130616482937,0,24.470130616482937,0,0,-0,1.7029069015174025,0,57.480319848758263,57.480319848758263,0.19160106616252753,0,0,0,20,-4.4701306164829369,0,2.625,0,1,0,0,0,0
4,2.6299999999999999,526,57.600832683448921,0,0,0,24.478645150990523,0,24.478645150990523,0,0,-0,1.7029069015174025,0,57.600832683448921,57.600832683448921,0.1920027756114964,0,0,0,20,-4.4786451509905234,0,2.6299999999999999,0,1,0,0,0,0
4,2.6350000000000002,527,57.72138744403756,0,0,0,24.48715968549811,0,24.48715968549811,0,0,-0,1.7029069015174025,0,57.72138744403756,57.72138744403756,0.19240462481345855,0,0,0,20,-4.48715968549811,0,2.6350000000000002,0,1,0,0,0,0
4,2.6400000000000001,528,57.841984130524182,0,0,0,24.495674220005696,0,24.495674220005696,0,0,-0,1.7029069015174025,0,57.841984130524182,57.841984130524182,0.19280661376841393,0,0,0,20,-4.4956742200056965,0,2.6400000000000001,0,1,0,0,0,0
4,2.645,529,57.962622742908785,0,0,0,24.504188754513283,0,24.504188754513283,0,0,-0,1.7029069015174025,0,57.962622742908785,57.962622742908785,0.1932087424763626,0,0,0,20,-4.504188754513283,0,2.645,0,1,0,0,0,0
4,2.6499999999999999,530,58.08330328119137,0,0,0,24.51270328902087,0,24.51270328902087,0,0,-0,1.7029069015174025,0,58.08330328119137,58.08330328119137,0.19361101093730457,0,0,0,20,-4.5127032890208696,0,2.6499999999999999,0,1,0,0,0,0
4,2.6550000000000002,531,58.204025745371936,0,0,0,24.521217823528456,0,24.521217823528456,0,0,-0,1.7029069015174025,0,58.204025745371936,58.204025745371936,0.19401341915123979,0,0,0,20,-4.5212178235284561,0,2.6550000000000002,0,1,0,0,0,0
4,2.6600000000000001,532,58.324790135450485,0,0,0,24.529732358036043,0,24.529732358036043,0,0,-0,1.7029069015174025,0,58.324790135450485,58.324790135450485,0.19441596711816828,0,0,0,20,-4.5297323580360427,0,2.6600000000000001,0,1,0,0,0,0
4,2.665,533,58.445596451427015,0,0,0,24.538246892543629,0,24.538246892543629,0,0,-0,1.7029069015174025,0,58.445596451427015,58.445596451427015,0.19481865483809005,0,0,0,20,-4.5382468925436292,0,2.665,0,1,0,0,0,0
4,2.6699999999999999,534,58.566444693301527,0,0,0,24.546761427051216,0,24.546761427051216,0,0,-0,1.7029069015174025,0,58.566444693301527,58.566444693301527,0.19522148231100508,0,0,0,20,-4.5467614270512158,0,2.6699999999999999,0,1,0,0,0,0
4,2.6750000000000003,535,58.687334861074021,0,0,0,24.555275961558802,0,24.555275961558802,0,0,-0,1.7029069015174025,0,58.687334861074021,58.687334861074021,0.19562444953691341,0,0,0,20,-4.5552759615588023,0,2.6750000000000003,0,1,0,0,0,0
4,2.6800000000000002,536,58.808266954744497,0,0,0,24.563790496066389,0,24.563790496066389,0,0,-0,1.7029069015174025,0,58.808266954744497,58.808266954744497,0.19602755651581499,0,0,0,20,-4.5637904960663889,0,2.6800000000000002,0,1,0,0,0,0
4,2.6850000000000001,537,58.929240974312954,0,0,0,24.572305030573975,0,24.572305030573975,0,0,-0,1.7029069015174025,0,58.929240974312954,58.929240974312954,0.19643080324770984,0,0,0,20,-4.5723050305739754,0,2.6850000000000001,0,1,0,0,0,0
4,2.6899999999999999,538,59.050256919779393,0,0,0,24.580819565081562,0,24.580819565081562,0,0,-0,1.7029069015174025,0,59.050256919779393,59.050256919779393,0.19683418973259798,0,0,0,20,-4.580819565081562,0,2.6899999999999999,0,1,0,0,0,0
4,2.6949999999999998,539,59.171314791143814,0,0,0,24.589334099589149,0,24.589334099589149,0,0,-0,1.7029069015174025,0,59.171314791143814,59.171314791143814,0.19723771597047937,0,0,0,20,-4.5893340995891485,0,2.6949999999999998,0,1,0,0,0,0
4,2.7000000000000002,540,59.292414588406217,0,0,0,24.597848634096735,0,24.597848634096735,0,0,-0,1.7029069015174025,0,59.292414588406217,59.292414588406217,0.19764138196135406,0,0,0,20,-4.5978486340967351,0,2.7000000000000002,0,1,0,0,0,0
4,2.7050000000000001,541,59.413556311566602,0,0,0,24.606363168604322,0,24.606363168604322,0,0,-0,1.7029069015174025,0,59.413556311566602,59.413556311566602,0.198045187705222,0,0,0,20,-4.6063631686043216,0,2.7050000000000001,0,1,0,0,0,0
4,2.71,542,59.534739960624968,0,0,0,24.614877703111908,0,24.614877703111908,0,0,-0,1.7029069015174025,0,59.534739960624968,59.534739960624968,0.19844913320208324,0,0,0,20,-4.6148777031119081,0,2.71,0,1,0,0,0,0
4,2.7149999999999999,543,59.655965535581316,0,0,0,24.623392237619495,0,24.623392237619495,0,0,-0,1.7029069015174025,0,59.655965535581316,59.655965535581316,0.19885321845193771,0,0,0,20,-4.6233922376194947,0,2.7149999999999999,0,1,0,0,0,0
4,2.7200000000000002,544,59.777233036435646,0,0,0,24.631906772127081,0,24.631906772127081,0,0,-0,1.7029069015174025,0,59.777233036435646,59.777233036435646,0.19925744345478549,0,0,0,20,-4.6319067721270812,0,2.7200000000000002,0,1,0,0,0,0
4,2.7250000000000001,545,59.898542463187958,0,0,0,24.640421306634668,0,24.640421306634668,0,0,-0,1.7029069015174025,0,59.898542463187958,59.898542463187958,0.19966180821062654,0,0,0,20,-4.6404213066346678,0,2.7250000000000001,0,1,0,0,0,0
4,2.73,546,60.019893815838252,0,0,0,24.648935841142254,0,24.648935841142254,0,0,-0,1.7029069015174025,0,60.019893815838252,60.019893815838252,0.20006631271946085,0,0,0,20,-4.6489358411422543,0,2.73,0,1,0,0,0,0
4,2.7349999999999999,547,60.141287094386527,0,0,0,24.657450375649841,0,24.657450375649841,0,0,-0,1.7029069015174025,0,60.141287094386527,60.141287094386527,0.20047095698128842,0,0,0,20,-4.6574503756498409,0,2.7349999999999999,0,1,0,0,0,0
4,2.7400000000000002,548,60.262722298832784,0,0,0,24.665964910157427,0,24.665964910157427,0,0,-0,1.7029069015174025,0,60.262722298832784,60.262722298832784,0.20087574099610928,0,0,0,20,-4.6659649101574274,0,2.7400000000000002,0,1,0,0,0,0
4,2.7450000000000001,549,60.384199429177023,0,0,0,24.674479444665014,0,24.674479444665014,0,0,-0,1.7029069015174025,0,60.384199429177023,60.384199429177023,0.20128066476392342,0,0,0,20,-4.674479444665014,0,2.7450000000000001,0,1,0,0,0,0
4,2.75,550,60.505718485419244,0,0,0,24.682993979172601,0,24.682993979172601,0,0,-0,1.7029069015174025,0,60.505718485419244,60.505718485419244,0.2016857282847308,0,0,0,20,-4.6829939791726005,0,2.75,0,1,0,0,0,0
4,2.7549999999999999,551,60.627279467559447,0,0,0,24.691508513680187,0,24.691508513680187,0,0,-0,1.7029069015174025,0,60.627279467559447,60.627279467559447,0.2020909315585315,0,0,0,20,-4.6915085136801871,0,2.7549999999999999,0,1,0,0,0,0
4,2.7600000000000002,552,60.748882375597631,0,0,0,24.700023048187774,0,24.700023048187774,0,0,-0,1.7029069015174025,0,60.748882375597631,60.748882375597631,0.20249627458532543,0,0,0,20,-4.7000230481877736,0,2.7600000000000002,0,1,0,0,0,0
4,2.7650000000000001,553,60.870527209533797,0,0,0,24.70853758269536,0,24.70853758269536,0,0,-0,1.7029069015174025,0,60.870527209533797,60.870527209533797,0.20290175736511265,0,0,0,20,-4.7085375826953602,0,2.7650000000000001,0,1,0,0,0,0
4,2.77,554,60.992213969367945,0,0,0,24.717052117202947,0,24.717052117202947,0,0,-0,1.7029069015174025,0,60.992213969367945,60.992213969367945,0.20330737989789316,0,0,0,20,-4.7170521172029467,0,2.77,0,1,0,0,0,0
4,2.7749999999999999,555,61.113942655100075,0,0,0,24.725566651710533,0,24.725566651710533,0,0,-0,1.7029069015174025,0,61.113942655100075,61.113942655100075,0.20371314218366693,0,0,0,20,-4.7255666517105333,0,2.7749999999999999,0,1,0,0,0,0
4,2.7800000000000002,556,61.235713266730187,0,0,0,24.73408118621812,0,24.73408118621812,0,0,-0,1.7029069015174025,0,61.235713266730187,61.235713266730187,0.20411904422243396,0,0,0,20,-4.7340811862181198,0,2.7800000000000002,0,1,0,0,0,0
4,2.7850000000000001,557,61.35752580425828,0,0,0,24.742595720725706,0,24.742595720725706,0,0,-0,1.7029069015174025,0,61.35752580425828,61.35752580425828,0.20452508601419428,0,0,0,20,-4.7425957207257063,0,2.7850000000000001,0,1,0,0,0,0
4,2.79,558,61.479380267684355,0,0,0,24.751110255233293,0,24.751110255233293,0,0,-0,1.7029069015174025,0,61.479380267684355,61.479380267684355,0.20493126755894786,0,0,0,20,-4.7511102552332929,0,2.79,0,1,0,0,0,0
4,2.7949999999999999,559,61.601276657008412,0,0,0,24.759624789740879,0,24.759624789740879,0,0,-0,1.7029069015174025,0,61.601276657008412,61.601276657008412,0.2053375888566947,0,0,0,20,-4.7596247897408794,0,2.7949999999999999,0,1,0,0,0,0
4,2.8000000000000003,560,61.723214972230451,0,0,0,24.768139324248466,0,24.768139324248466,0,0,-0,1.7029069015174025,0,61.723214972230451,61.723214972230451,0.20574404990743483,0,0,0,20,-4.768139324248466,0,2.8000000000000003,0,1,0,0,0,0
4,2.8050000000000002,561,61.845195213350472,0,0,0,24.776653858756053,0,24.776653858756053,0,0,-0,1.7029069015174025,0,61.845195213350472,61.845195213350472,0.20615065071116823,0,0,0,20,-4.7766538587560525,0,2.8050000000000002,0,1,0,0,0,0
4,2.8100000000000001,562,61.967217380368474,0,0,0,24.785168393263639,0,24.785168393263639,0,0,-0,1.7029069015174025,0,61.967217380368474,61.967217380368474,0.20655739126789491,0,0,0,20,-4.7851683932636391,0,2.8100000000000001,0,1,0,0,0,0
4,2.8149999999999999,563,62.089281473284458,0,0,0,24.793682927771226,0,24.793682927771226,0,0,-0,1.7029069015174025,0,62.089281473284458,62.089281473284458,0.20696427157761485,0,0,0,20,-4.7936829277712256,0,2.8149999999999999,0,1,0,0,0,0
4,2.8199999999999998,564,62.211387492098424,0,0,0,24.802197462278812,0,24.802197462278812,0,0,-0,1.7029069015174025,0,62.211387492098424,62.211387492098424,0.20737129164032808,0,0,0,20,-4.8021974622788122,0,2.8199999999999998,0,1,0,0,0,0
4,2.8250000000000002,565,62.333535436810372,0,0,0,24.810711996786399,0,24.810711996786399,0,0,-0,1.7029069015174025,0,62.333535436810372,62.333535436810372,0.20777845145603457,0,0,0,20,-4.8107119967863987,0,2.8250000000000002,0,1,0,0,0,0
4,2.8300000000000001,566,62.455725307420302,0,0,0,24.819226531293985,0,24.819226531293985,0,0,-0,1.7029069015174025,0,62.455725307420302,62.455725307420302,0.20818575102473433,0,0,0,20,-4.8192265312939853,0,2.8300000000000001,0,1,0,0,0,0
4,2.835,567,62.577957103928213,0,0,0,24.827741065801572,0,24.827741065801572,0,0,-0,1.7029069015174025,0,62.577957103928213,62.577957103928213,0.20859319034642737,0,0,0,20,-4.8277410658015718,0,2.835,0,1,0,0,0,0
4,2.8399999999999999,568,62.700230826334106,0,0,0,24.836255600309158,0,24.836255600309158,0,0,-0,1.7029069015174025,0,62.700230826334106,62.700230826334106,0.20900076942111367,0,0,0,20,-4.8362556003091584,0,2.8399999999999999,0,1,0,0,0,0
4,2.8450000000000002,569,62.822546474637981,0,0,0,24.844770134816745,0,24.844770134816745,0,0,-0,1.7029069015174025,0,62.822546474637981,62.822546474637981,0.20940848824879327,0,0,0,20,-4.8447701348167449,0,2.8450000000000002,0,1,0,0,0,0
4,2.8500000000000001,570,62.944904048839838,0,0,0,24.853284669324331,0,24.853284669324331,0,0,-0,1.7029069015174025,0,62.944904048839838,62.944904048839838,0.20981634682946612,0,0,0,20,-4.8532846693243314,0,2.8500000000000001,0,1,0,0,0,0
4,2.855,571,63.067303548939677,0,0,0,24.861799203831918,0,24.861799203831918,0,0,-0,1.7029069015174025,0,63.067303548939677,63.067303548939677,0.21022434516313226,0,0,0,20,-4.861799203831918,0,2.855,0,1,0,0,0,0
4,2.8599999999999999,572,63.189744974937497,0,0,0,24.870313738339505,0,24.870313738339505,0,0,-0,1.7029069015174025,0,63.189744974937497,63.189744974937497,0.21063248324979167,0,0,0,20,-4.8703137383395045,0,2.8599999999999999,0,1,0,0,0,0
4,2.8650000000000002,573,63.312228326833299,0,0,0,24.878828272847091,0,24.878828272847091,0,0,-0,1.7029069015174025,0,63.312228326833299,63.312228326833299,0.21104076108944433,0,0,0,20,-4.8788282728470911,0,2.8650000000000002,0,1,0,0,0,0
4,2.8700000000000001,574,63.434753604627083,0,0,0,24.887342807354678,0,24.887342807354678,0,0,-0,1.7029069015174025,0,63.434753604627083,63.434753604627083,0.21144917868209029,0,0,0,20,-4.8873428073546776,0,2.8700000000000001,0,1,0,0,0,0
4,2.875,575,63.557320808318849,0,0,0,24.895857341862264,0,24.895857341862264,0,0,-0,1.7029069015174025,0,63.557320808318849,63.557320808318849,0.2118577360277295,0,0,0,20,-4.8958573418622642,0,2.875,0,1,0,0,0,0
4,2.8799999999999999,576,63.679929937908597,0,0,0,24.904371876369851,0,24.904371876369851,0,0,-0,1.7029069015174025,0,63.679929937908597,63.679929937908597,0.21226643312636198,0,0,0,20,-4.9043718763698507,0,2.8799999999999999,0,1,0,0,0,0
4,2.8850000000000002,577,63.802580993396326,0,0,0,24.912886410877437,0,24.912886410877437,0,0,-0,1.7029069015174025,0,63.802580993396326,63.802580993396326,0.21267526997798775,0,0,0,20,-4.9128864108774373,0,2.8850000000000002,0,1,0,0,0,0
4,2.8900000000000001,578,63.925273974782037,0,0,0,24.921400945385024,0,24.921400945385024,0,0,-0,1.7029069015174025,0,63.925273974782037,63.925273974782037,0.2130842465826068,0,0,0,20,-4.9214009453850238,0,2.8900000000000001,0,1,0,0,0,0
4,2.895,579,64.04800888206573,0,0,0,24.92991547989261,0,24.92991547989261,0,0,-0,1.7029069015174025,0,64.04800888206573,64.04800888206573,0.21349336294021909,0,0,0,20,-4.9299154798926104,0,2.895,0,1,0,0,0,0
4,2.8999999999999999,580,64.170785715247405,0,0,0,24.938430014400197,0,24.938430014400197,0,0,-0,1.7029069015174025,0,64.170785715247405,64.170785715247405,0.21390261905082469,0,0,0,20,-4.9384300144001969,0,2.8999999999999999,0,1,0,0,0,0
4,2.9050000000000002,581,64.293604474327068,0,0,0,24.946944548907783,0,24.946944548907783,0,0,-0,1.7029069015174025,0,64.293604474327068,64.293604474327068,0.21431201491442356,0,0,0,20,-4.9469445489077835,0,2.9050000000000002,0,1,0,0,0,0
4,2.9100000000000001,582,64.416465159304707,0,0,0,24.95545908341537,0,24.95545908341537,0,0,-0,1.7029069015174025,0,64.416465159304707,64.416465159304707,0.21472155053101569,0,0,0,20,-4.95545908341537,0,2.9100000000000001,0,1,0,0,0,0
4,2.915,583,64.539367770180334,0,0,0,24.963973617922957,0,24.963973617922957,0,0,-0,1.7029069015174025,0,64.539367770180334,64.539367770180334,0.2151312259006011,0,0,0,20,-4.9639736179229565,0,2.915,0,1,0,0,0,0
4,2.9199999999999999,584,64.662312306953936,0,0,0,24.972488152430543,0,24.972488152430543,0,0,-0,1.7029069015174025,0,64.662312306953936,64.662312306953936,0.21554104102317978,0,0,0,20,-4.9724881524305431,0,2.9199999999999999,0,1,0,0,0,0
4,2.9250000000000003,585,64.785298769625527,0,0,0,24.98100268693813,0,24.98100268693813,0,0,-0,1.7029069015174025,0,64.785298769625527,64.785298769625527,0.21595099589875175,0,0,0,20,-4.9810026869381296,0,2.9250000000000003,0,1,0,0,0,0
4,2.9300000000000002,586,64.908327158195092,0,0,0,24.989517221445716,0,24.989517221445716,0,0,-0,1.7029069015174025,0,64.908327158195092,64.908327158195092,0.21636109052731697,0,0,0,20,-4.9895172214457162,0,2.9300000000000002,0,1,0,0,0,0
4,2.9350000000000001,587,65.031397472662647,0,0,0,24.998031755953303,0,24.998031755953303,0,0,-0,1.7029069015174025,0,65.031397472662647,65.031397472662647,0.21677132490887549,0,0,0,20,-4.9980317559533027,0,2.9350000000000001,0,1,0,0,0,0
4,2.9399999999999999,588,65.154509713028176,0,0,0,25.006546290460889,0,25.006546290460889,0,0,-0,1.7029069015174025,0,65.154509713028176,65.154509713028176,0.21718169904342724,0,0,0,20,-5.0065462904608893,0,2.9399999999999999,0,1,0,0,0,0
4,2.9449999999999998,589,65.277663879291694,0,0,0,25.015060824968476,0,25.015060824968476,0,0,-0,1.7029069015174025,0,65.277663879291694,65.277663879291694,0.21759221293097231,0,0,0,20,-5.0150608249684758,0,2.9449999999999998,0,1,0,0,0,0
4,2.9500000000000002,590,65.400859971453187,0,0,0,25.023575359476062,0,25.023575359476062,0,0,-0,1.7029069015174025,0,65.400859971453187,65.400859971453187,0.21800286657151063,0,0,0,20,-5.0235753594760624,0,2.9500000000000002,0,1,0,0,0,0
4,2.9550000000000001,591,65.524097989512669,0,0,0,25.032089893983649,0,25.032089893983649,0,0,-0,1.7029069015174025,0,65.524097989512669,65.524097989512669,0.21841365996504222,0,0,0,20,-5.0320898939836489,0,2.9550000000000001,0,1,0,0,0,0
4,2.96,592,65.647377933470125,0,0,0,25.040604428491235,0,25.040604428491235,0,0,-0,1.7029069015174025,0,65.647377933470125,65.647377933470125,0.21882459311156707,0,0,0,20,-5.0406044284912355,0,2.96,0,1,0,0,0,0
4,2.9649999999999999,593,65.77069980332557,0,0,0,25.049118962998822,0,25.049118962998822,0,0,-0,1.7029069015174025,0,65.77069980332557,65.77069980332557,0.21923566601108524,0,0,0,20,-5.049118962998822,0,2.9649999999999999,0,1,0,0,0,0
4,2.9700000000000002,594,65.89406359907899,0,0,0,25.057633497506409,0,25.057633497506409,0,0,-0,1.7029069015174025,0,65.89406359907899,65.89406359907899,0.21964687866359664,0,0,0,20,-5.0576334975064086,0,2.9700000000000002,0,1,0,0,0,0
4,2.9750000000000001,595,66.017469320730399,0,0,0,25.066148032013995,0,25.066148032013995,0,0,-0,1.7029069015174025,0,66.017469320730399,66.017469320730399,0.22005823106910133,0,0,0,20,-5.0661480320139951,0,2.9750000000000001,0,1,0,0,0,0
4,2.98,596,66.140916968279782,0,0,0,25.074662566521582,0,25.074662566521582,0,0,-0,1.7029069015174025,0,66.140916968279782,66.140916968279782,0.22046972322759928,0,0,0,20,-5.0746625665215817,0,2.98,0,1,0,0,0,0
4,2.9849999999999999,597,66.264406541727155,0,0,0,25.083177101029168,0,25.083177101029168,0,0,-0,1.7029069015174025,0,66.264406541727155,66.264406541727155,0.22088135513909052,0,0,0,20,-5.0831771010291682,0,2.9849999999999999,0,1,0,0,0,0
4,2.9900000000000002,598,66.387938041072502,0,0,0,25.091691635536755,0,25.091691635536755,0,0,-0,1.7029069015174025,0,66.387938041072502,66.387938041072502,0.22129312680357502,0,0,0,20,-5.0916916355367547,0,2.9900000000000002,0,1,0,0,0,0
4,2.9950000000000001,599,66.511511466315838,0,0,0,25.100206170044341,0,25.100206170044341,0,0,-0,1.7029069015174025,0,66.511511466315838,66.511511466315838,0.22170503822105278,0,0,0,20,-5.1002061700443413,0,2.9950000000000001,0,1,0,0,0,0
4,3,600,66.635126817457149,0,0,0,25.108720704551928,0,25.108720704551928,0,0,-0,1.7029069015174025,0,66.635126817457149,66.635126817457149,0.22211708939152383,0,0,0,20,-5.1087207045519278,0,3,0,1,0,0,0,0
4,3.0049999999999999,601,66.758784094496448,0,0,0,25.117235239059514,0,25.117235239059514,0,0,-0,1.7029069015174025,0,66.758784094496448,66.758784094496448,0.22252928031498817,0,0,0,20,-5.1172352390595144,0,3.0049999999999999,0,1,0,0,0,0
4,3.0100000000000002,602,66.882483297433723,0,0,0,25.125749773567101,0,25.125749773567101,0,0,-0,1.7029069015174025,0,66.882483297433723,66.882483297433723,0.22294161099144574,0,0,0,20,-5.1257497735671009,0,3.0100000000000002,0,1,0,0,0,0
4,3.0150000000000001,603,67.006224426268986,0,0,0,25.134264308074687,0,25.134264308074687,0,0,-0,1.7029069015174025,0,67.006224426268986,67.006224426268986,0.22335408142089663,0,0,0,20,-5.1342643080746875,0,3.0150000000000001,0,1,0,0,0,0
4,3.02,604,67.130007481002224,0,0,0,25.142778842582274,0,25.142778842582274,0,0,-0,1.7029069015174025,0,67.130007481002224,67.130007481002224,0.22376669160334076,0,0,0,20,-5.142778842582274,0,3.02,0,1,0,0,0,0
4,3.0249999999999999,605,67.253832461633451,0,0,0,25.151293377089861,0,25.151293377089861,0,0,-0,1.7029069015174025,0,67.253832461633451,67.253832461633451,0.22417944153877817,0,0,0,20,-5.1512933770898606,0,3.0249999999999999,0,1,0,0,0,0
4,3.0300000000000002,606,67.377699368162652,0,0,0,25.159807911597447,0,25.159807911597447,0,0,-0,1.7029069015174025,0,67.377699368162652,67.377699368162652,0.22459233122720884,0,0,0,20,-5.1598079115974471,0,3.0300000000000002,0,1,0,0,0,0
4,3.0350000000000001,607,67.501608200589843,0,0,0,25.168322446105034,0,25.168322446105034,0,0,-0,1.7029069015174025,0,67.501608200589843,67.501608200589843,0.2250053606686328,0,0,0,20,-5.1683224461050337,0,3.0350000000000001,0,1,0,0,0,0
4,3.04,608,67.625558958915008,0,0,0,25.17683698061262,0,25.17683698061262,0,0,-0,1.7029069015174025,0,67.625558958915008,67.625558958915008,0.22541852986305003,0,0,0,20,-5.1768369806126202,0,3.04,0,1,0,0,0,0
4,3.0449999999999999,609,67.749551643138162,0,0,0,25.185351515120207,0,25.185351515120207,0,0,-0,1.7029069015174025,0,67.749551643138162,67.749551643138162,0.22583183881046054,0,0,0,20,-5.1853515151202068,0,3.0449999999999999,0,1,0,0,0,0
4,3.0500000000000003,610,67.87358625325929,0,0,0,25.193866049627793,0,25.193866049627793,0,0,-0,1.7029069015174025,0,67.87358625325929,67.87358625325929,0.22624528751086431,0,0,0,20,-5.1938660496277933,0,3.0500000000000003,0,1,0,0,0,0
4,3.0550000000000002,611,67.997662789278408,0,0,0,25.20238058413538,0,25.20238058413538,0,0,-0,1.7029069015174025,0,67.997662789278408,67.997662789278408,0.22665887596426135,0,0,0,20,-5.2023805841353798,0,3.0550000000000002,0,1,0,0,0,0
4,3.0600000000000001,612,68.1217812511955,0,0,0,25.210895118642966,0,25.210895118642966,0,0,-0,1.7029069015174025,0,68.1217812511955,68.1217812511955,0.22707260417065167,0,0,0,20,-5.2108951186429664,0,3.0600000000000001,0,1,0,0,0,0
4,3.0649999999999999,613,68.245941639010582,0,0,0,25.219409653150553,0,25.219409653150553,0,0,-0,1.7029069015174025,0,68.245941639010582,68.245941639010582,0.22748647213003528,0,0,0,20,-5.2194096531505529,0,3.0649999999999999,0,1,0,0,0,0
4,3.0700000000000003,614,68.370143952723637,0,0,0,25.227924187658139,0,25.227924187658139,0,0,-0,1.7029069015174025,0,68.370143952723637,68.370143952723637,0.22790047984241213,0,0,0,20,-5.2279241876581395,0,3.0700000000000003,0,1,0,0,0,0
4,3.0750000000000002,615,68.494388192334682,0,0,0,25.236438722165726,0,25.236438722165726,0,0,-0,1.7029069015174025,0,68.494388192334682,68.494388192334682,0.22831462730778226,0,0,0,20,-5.236438722165726,0,3.0750000000000002,0,1,0,0,0,0
4,3.0800000000000001,616,68.618674357843702,0,0,0,25.244953256673313,0,25.244953256673313,0,0,-0,1.7029069015174025,0,68.618674357843702,68.618674357843702,0.22872891452614566,0,0,0,20,-5.2449532566733126,0,3.0800000000000001,0,1,0,0,0,0
4,3.085,617,68.74300244925071,0,0,0,25.253467791180899,0,25.253467791180899,0,0,-0,1.7029069015174025,0,68.74300244925071,68.74300244925071,0.22914334149750237,0,0,0,20,-5.2534677911808991,0,3.085,0,1,0,0,0,0
4,3.0899999999999999,618,68.867372466555693,0,0,0,25.261982325688486,0,25.261982325688486,0,0,-0,1.7029069015174025,0,68.867372466555693,68.867372466555693,0.22955790822185232,0,0,0,20,-5.2619823256884857,0,3.0899999999999999,0,1,0,0,0,0
4,3.0950000000000002,619,68.991784409758665,0,0,0,25.270496860196072,0,25.270496860196072,0,0,-0,1.7029069015174025,0,68.991784409758665,68.991784409758665,0.22997261469919555,0,0,0,20,-5.2704968601960722,0,3.0950000000000002,0,1,0,0,0,0
4,3.1000000000000001,620,69.116238278859612,0,0,0,25.279011394703659,0,25.279011394703659,0,0,-0,1.7029069015174025,0,69.116238278859612,69.116238278859612,0.23038746092953205,0,0,0,20,-5.2790113947036588,0,3.1000000000000001,0,1,0,0,0,0
4,3.105,621,69.240734073858548,0,0,0,25.287525929211245,0,25.287525929211245,0,0,-0,1.7029069015174025,0,69.240734073858548,69.240734073858548,0.23080244691286184,0,0,0,20,-5.2875259292112453,0,3.105,0,1,0,0,0,0
4,3.1099999999999999,622,69.365271794755458,0,0,0,25.296040463718832,0,25.296040463718832,0,0,-0,1.7029069015174025,0,69.365271794755458,69.365271794755458,0.23121757264918485,0,0,0,20,-5.2960404637188319,0,3.1099999999999999,0,1,0,0,0,0
4,3.1150000000000002,623,69.489851441550357,0,0,0,25.304554998226418,0,25.304554998226418,0,0,-0,1.7029069015174025,0,69.489851441550357,69.489851441550357,0.23163283813850119,0,0,0,20,-5.3045549982264184,0,3.1150000000000002,0,1,0,0,0,0
4,3.1200000000000001,624,69.614473014243231,0,0,0,25.313069532734005,0,25.313069532734005,0,0,-0,1.7029069015174025,0,69.614473014243231,69.614473014243231,0.23204824338081076,0,0,0,20,-5.313069532734005,0,3.1200000000000001,0,1,0,0,0,0
4,3.125,625,69.739136512834094,0,0,0,25.321584067241591,0,25.321584067241591,0,0,-0,1.7029069015174025,0,69.739136512834094,69.739136512834094,0.23246378837611364,0,0,0,20,-5.3215840672415915,0,3.125,0,1,0,0,0,0
4,3.1299999999999999,626,69.863841937322931,0,0,0,25.330098601749178,0,25.330098601749178,0,0,-0,1.7029069015174025,0,69.863841937322931,69.863841937322931,0.23287947312440976,0,0,0,20,-5.330098601749178,0,3.1299999999999999,0,1,0,0,0,0
4,3.1350000000000002,627,69.988589287709758,0,0,0,25.338613136256765,0,25.338613136256765,0,0,-0,1.7029069015174025,0,69.988589287709758,69.988589287709758,0.2332952976256992,0,0,0,20,-5.3386131362567646,0,3.1350000000000002,0,1,0,0,0,0
4,3.1400000000000001,628,70.113378563994559,0,0,0,25.347127670764351,0,25.347127670764351,0,0,-0,1.7029069015174025,0,70.113378563994559,70.113378563994559,0.23371126187998187,0,0,0,20,-5.3471276707643511,0,3.1400000000000001,0,1,0,0,0,0
4,3.145,629,70.238209766177349,0,0,0,25.355642205271938,0,25.355642205271938,0,0,-0,1.7029069015174025,0,70.238209766177349,70.238209766177349,0.23412736588725783,0,0,0,20,-5.3556422052719377,0,3.145,0,1,0,0,0,0
4,3.1499999999999999,630,70.363082894258113,0,0,0,25.364156739779524,0,25.364156739779524,0,0,-0,1.7029069015174025,0,70.363082894258113,70.363082894258113,0.23454360964752705,0,0,0,20,-5.3641567397795242,0,3.1499999999999999,0,1,0,0,0,0
4,3.1550000000000002,631,70.487997948236867,0,0,0,25.372671274287111,0,25.372671274287111,0,0,-0,1.7029069015174025,0,70.487997948236867,70.487997948236867,0.23495999316078955,0,0,0,20,-5.3726712742871108,0,3.1550000000000002,0,1,0,0,0,0
4,3.1600000000000001,632,70.612954928113595,0,0,0,25.381185808794697,0,25.381185808794697,0,0,-0,1.7029069015174025,0,70.612954928113595,70.612954928113595,0.23537651642704532,0,0,0,20,-5.3811858087946973,0,3.1600000000000001,0,1,0,0,0,0
4,3.165,633,70.737953833888312,0,0,0,25.389700343302284,0,25.389700343302284,0,0,-0,1.7029069015174025,0,70.737953833888312,70.737953833888312,0.23579317944629438,0,0,0,20,-5.3897003433022839,0,3.165,0,1,0,0,0,0
4,3.1699999999999999,634,70.862994665561004,0,0,0,25.39821487780987,0,25.39821487780987,0,0,-0,1.7029069015174025,0,70.862994665561004,70.862994665561004,0.23620998221853667,0,0,0,20,-5.3982148778098704,0,3.1699999999999999,0,1,0,0,0,0
4,3.1750000000000003,635,70.988077423131685,0,0,0,25.406729412317457,0,25.406729412317457,0,0,-0,1.7029069015174025,0,70.988077423131685,70.988077423131685,0.23662692474377228,0,0,0,20,-5.406729412317457,0,3.1750000000000003,0,1,0,0,0,0
4,3.1800000000000002,636,71.11320210660034,0,0,0,25.415243946825044,0,25.415243946825044,0,0,-0,1.7029069015174025,0,71.11320210660034,71.11320210660034,0.23704400702200112,0,0,0,20,-5.4152439468250435,0,3.1800000000000002,0,1,0,0,0,0
4,3.1850000000000001,637,71.238368715966985,0,0,0,25.42375848133263,0,25.42375848133263,0,0,-0,1.7029069015174025,0,71.238368715966985,71.238368715966985,0.23746122905322328,0,0,0,20,-5.4237584813326301,0,3.1850000000000001,0,1,0,0,0,0
4,3.1899999999999999,638,71.363577251231604,0,0,0,25.432273015840217,0,25.432273015840217,0,0,-0,1.7029069015174025,0,71.363577251231604,71.363577251231604,0.23787859083743867,0,0,0,20,-5.4322730158402166,0,3.1899999999999999,0,1,0,0,0,0
4,3.1950000000000003,639,71.488827712394212,0,0,0,25.440787550347803,0,25.440787550347803,0,0,-0,1.7029069015174025,0,71.488827712394212,71.488827712394212,0.23829609237464738,0,0,0,20,-5.4407875503478031,0,3.1950000000000003,0,1,0,0,0,0
4,3.2000000000000002,640,71.614120099454794,0,0,0,25.44930208485539,0,25.44930208485539,0,0,-0,1.7029069015174025,0,71.614120099454794,71.614120099454794,0.23871373366484933,0,0,0,20,-5.4493020848553897,0,3.2000000000000002,0,1,0,0,0,0
4,3.2050000000000001,641,71.739454412413366,0,0,0,25.457816619362976,0,25.457816619362976,0,0,-0,1.7029069015174025,0,71.739454412413366,71.739454412413366,0.23913151470804456,0,0,0,20,-5.4578166193629762,0,3.2050000000000001,0,1,0,0,0,0
4,3.21,642,71.864830651269912,0,0,0,25.466331153870563,0,25.466331153870563,0,0,-0,1.7029069015174025,0,71.864830651269912,71.864830651269912,0.23954943550423305,0,0,0,20,-5.4663311538705628,0,3.21,0,1,0,0,0,0
4,3.2149999999999999,643,71.990248816024447,0,0,0,25.474845688378149,0,25.474845688378149,0,0,-0,1.7029069015174025,0,71.990248816024447,71.990248816024447,0.23996749605341483,0,0,0,20,-5.4748456883781493,0,3.2149999999999999,0,1,0,0,0,0
4,3.2200000000000002,644,72.115708906676957,0,0,0,25.483360222885736,0,25.483360222885736,0,0,-0,1.7029069015174025,0,72.115708906676957,72.115708906676957,0.24038569635558985,0,0,0,20,-5.4833602228857359,0,3.2200000000000002,0,1,0,0,0,0
4,3.2250000000000001,645,72.241210923227456,0,0,0,25.491874757393322,0,25.491874757393322,0,0,-0,1.7029069015174025,0,72.241210923227456,72.241210923227456,0.24080403641075818,0,0,0,20,-5.4918747573933224,0,3.2250000000000001,0,1,0,0,0,0
4,3.23,646,72.366754865675929,0,0,0,25.500389291900909,0,25.500389291900909,0,0,-0,1.7029069015174025,0,72.366754865675929,72.366754865675929,0.24122251621891977,0,0,0,20,-5.500389291900909,0,3.23,0,1,0,0,0,0
4,3.2349999999999999,647,72.492340734022392,0,0,0,25.508903826408496,0,25.508903826408496,0,0,-0,1.7029069015174025,0,72.492340734022392,72.492340734022392,0.24164113578007465,0,0,0,20,-5.5089038264084955,0,3.2349999999999999,0,1,0,0,0,0
4,3.2400000000000002,648,72.617968528266829,0,0,0,25.517418360916082,0,25.517418360916082,0,0,-0,1.7029069015174025,0,72.617968528266829,72.617968528266829,0.24205989509422277,0,0,0,20,-5.5174183609160821,0,3.2400000000000002,0,1,0,0,0,0
4,3.2450000000000001,649,72.743638248409255,0,0,0,25.525932895423669,0,25.525932895423669,0,0,-0,1.7029069015174025,0,72.743638248409255,72.743638248409255,0.24247879416136417,0,0,0,20,-5.5259328954236686,0,3.2450000000000001,0,1,0,0,0,0
4,3.25,650,72.869349894449655,0,0,0,25.534447429931255,0,25.534447429931255,0,0,-0,1.7029069015174025,0,72.869349894449655,72.869349894449655,0.24289783298149886,0,0,0,20,-5.5344474299312552,0,3.25,0,1,0,0,0,0
4,3.2549999999999999,651,72.995103466388045,0,0,0,25.542961964438842,0,25.542961964438842,0,0,-0,1.7029069015174025,0,72.995103466388045,72.995103466388045,0.24331701155462682,0,0,0,20,-5.5429619644388417,0,3.2549999999999999,0,1,0,0,0,0
4,3.2600000000000002,652,73.120898964224409,0,0,0,25.551476498946428,0,25.551476498946428,0,0,-0,1.7029069015174025,0,73.120898964224409,73.120898964224409,0.24373632988074803,0,0,0,20,-5.5514764989464283,0,3.2600000000000002,0,1,0,0,0,0
4,3.2650000000000001,653,73.246736387958762,0,0,0,25.559991033454015,0,25.559991033454015,0,0,-0,1.7029069015174025,0,73.246736387958762,73.246736387958762,0.24415578795986254,0,0,0,20,-5.5599910334540148,0,3.2650000000000001,0,1,0,0,0,0
4,3.27,654,73.37261573759109,0,0,0,25.568505567961601,0,25.568505567961601,0,0,-0,1.7029069015174025,0,73.37261573759109,73.37261573759109,0.2445753857919703,0,0,0,20,-5.5685055679616013,0,3.27,0,1,0,0,0,0
4,3.2749999999999999,655,73.498537013121407,0,0,0,25.577020102469188,0,25.577020102469188,0,0,-0,1.7029069015174025,0,73.498537013121407,73.498537013121407,0.24499512337707136,0,0,0,20,-5.5770201024691879,0,3.2749999999999999,0,1,0,0,0,0
4,3.2800000000000002,656,73.624500214549698,0,0,0,25.585534636976774,0,25.585534636976774,0,0,-0,1.7029069015174025,0,73.624500214549698,73.624500214549698,0.24541500071516567,0,0,0,20,-5.5855346369767744,0,3.2800000000000002,0,1,0,0,0,0
4,3.2850000000000001,657,73.750505341875979,0,0,0,25.594049171484361,0,25.594049171484361,0,0,-0,1.7029069015174025,0,73.750505341875979,73.750505341875979,0.24583501780625328,0,0,0,20,-5.594049171484361,0,3.2850000000000001,0,1,0,0,0,0
4,3.29,658,73.876552395100234,0,0,0,25.602563705991948,0,25.602563705991948,0,0,-0,1.7029069015174025,0,73.876552395100234,73.876552395100234,0.24625517465033411,0,0,0,20,-5.6025637059919475,0,3.29,0,1,0,0,0,0
4,3.2949999999999999,659,74.002641374222478,0,0,0,25.611078240499534,0,25.611078240499534,0,0,-0,1.7029069015174025,0,74.002641374222478,74.002641374222478,0.24667547124740827,0,0,0,20,-5.6110782404995341,0,3.2949999999999999,0,1,0,0,0,0
4,3.3000000000000003,660,74.128772279242696,0,0,0,25.619592775007121,0,25.619592775007121,0,0,-0,1.7029069015174025,0,74.128772279242696,74.128772279242696,0.24709590759747566,0,0,0,20,-5.6195927750071206,0,3.3000000000000003,0,1,0,0,0,0
4,3.3050000000000002,661,74.254945110160904,0,0,0,25.628107309514707,0,25.628107309514707,0,0,-0,1.7029069015174025,0,74.254945110160904,74.254945110160904,0.24751648370053633,0,0,0,20,-5.6281073095147072,0,3.3050000000000002,0,1,0,0,0,0
4,3.3100000000000001,662,74.381159866977086,0,0,0,25.636621844022294,0,25.636621844022294,0,0,-0,1.7029069015174025,0,74.381159866977086,74.381159866977086,0.2479371995565903,0,0,0,20,-5.6366218440222937,0,3.3100000000000001,0,1,0,0,0,0
4,3.3149999999999999,663,74.507416549691257,0,0,0,25.64513637852988,0,25.64513637852988,0,0,-0,1.7029069015174025,0,74.507416549691257,74.507416549691257,0.24835805516563753,0,0,0,20,-5.6451363785298803,0,3.3149999999999999,0,1,0,0,0,0
4,3.3200000000000003,664,74.633715158303403,0,0,0,25.653650913037467,0,25.653650913037467,0,0,-0,1.7029069015174025,0,74.633715158303403,74.633715158303403,0.24877905052767801,0,0,0,20,-5.6536509130374668,0,3.3200000000000003,0,1,0,0,0,0
4,3.3250000000000002,665,74.760055692813538,0,0,0,25.662165447545053,0,25.662165447545053,0,0,-0,1.7029069015174025,0,74.760055692813538,74.760055692813538,0.24920018564271179,0,0,0,20,-5.6621654475450534,0,3.3250000000000002,0,1,0,0,0,0
4,3.3300000000000001,666,74.886438153221647,0,0,0,25.67067998205264,0,25.67067998205264,0,0,-0,1.7029069015174025,0,74.886438153221647,74.886438153221647,0.24962146051073883,0,0,0,20,-5.6706799820526399,0,3.3300000000000001,0,1,0,0,0,0
4,3.335,667,75.012862539527745,0,0,0,25.679194516560226,0,25.679194516560226,0,0,-0,1.7029069015174025,0,75.012862539527745,75.012862539527745,0.25004287513175916,0,0,0,20,-5.6791945165602264,0,3.335,0,1,0,0,0,0
4,3.3399999999999999,668,75.139328851731818,0,0,0,25.687709051067813,0,25.687709051067813,0,0,-0,1.7029069015174025,0,75.139328851731818,75.139328851731818,0.25046442950577275,0,0,0,20,-5.687709051067813,0,3.3399999999999999,0,1,0,0,0,0
4,3.3450000000000002,669,75.26583708983388,0,0,0,25.6962235855754,0,25.6962235855754,0,0,-0,1.7029069015174025,0,75.26583708983388,75.26583708983388,0.25088612363277962,0,0,0,20,-5.6962235855753995,0,3.3450000000000002,0,1,0,0,0,0
4,3.3500000000000001,670,75.392387253833917,0,0,0,25.704738120082986,0,25.704738120082986,0,0,-0,1.7029069015174025,0,75.392387253833917,75.392387253833917,0.25130795751277973,0,0,0,20,-5.7047381200829861,0,3.3500000000000001,0,1,0,0,0,0
4,3.355,671,75.518979343731942,0,0,0,25.713252654590573,0,25.713252654590573,0,0,-0,1.7029069015174025,0,75.518979343731942,75.518979343731942,0.25172993114577313,0,0,0,20,-5.7132526545905726,0,3.355,0,1,0,0,0,0
4,3.3599999999999999,672,75.645613359527943,0,0,0,25.721767189098159,0,25.721767189098159,0,0,-0,1.7029069015174025,0,75.645613359527943,75.645613359527943,0.25215204453175982,0,0,0,20,-5.7217671890981592,0,3.3599999999999999,0,1,0,0,0,0
4,3.3650000000000002,673,75.772289301221932,0,0,0,25.730281723605746,0,25.730281723605746,0,0,-0,1.7029069015174025,0,75.772289301221932,75.772289301221932,0.25257429767073974,0,0,0,20,-5.7302817236057457,0,3.3650000000000002,0,1,0,0,0,0
4,3.3700000000000001,674,75.899007168813895,0,0,0,25.738796258113332,0,25.738796258113332,0,0,-0,1.7029069015174025,0,75.899007168813895,75.899007168813895,0.25299669056271301,0,0,0,20,-5.7387962581133323,0,3.3700000000000001,0,1,0,0,0,0
4,3.375,675,76.025766962303848,0,0,0,25.747310792620919,0,25.747310792620919,0,0,-0,1.7029069015174025,0,76.025766962303848,76.025766962303848,0.25341922320767951,0,0,0,20,-5.7473107926209188,0,3.375,0,1,0,0,0,0
4,3.3799999999999999,676,76.152568681691776,0,0,0,25.755825327128505,0,25.755825327128505,0,0,-0,1.7029069015174025,0,76.152568681691776,76.152568681691776,0.25384189560563925,0,0,0,20,-5.7558253271285054,0,3.3799999999999999,0,1,0,0,0,0
4,3.3850000000000002,677,76.279412326977692,0,0,0,25.764339861636092,0,25.764339861636092,0,0,-0,1.7029069015174025,0,76.279412326977692,76.279412326977692,0.25426470775659232,0,0,0,20,-5.7643398616360919,0,3.3850000000000002,0,1,0,0,0,0
4,3.3900000000000001,678,76.406297898161583,0,0,0,25.772854396143678,0,25.772854396143678,0,0,-0,1.7029069015174025,0,76.406297898161583,76.406297898161583,0.25468765966053863,0,0,0,20,-5.7728543961436785,0,3.3900000000000001,0,1,0,0,0,0
4,3.395,679,76.533225395243463,0,0,0,25.781368930651265,0,25.781368930651265,0,0,-0,1.7029069015174025,0,76.533225395243463,76.533225395243463,0.25511075131747823,0,0,0,20,-5.781368930651265,0,3.395,0,1,0,0,0,0
4,3.3999999999999999,680,76.660194818223317,0,0,0,25.789883465158852,0,25.789883465158852,0,0,-0,1.7029069015174025,0,76.660194818223317,76.660194818223317,0.25553398272741107,0,0,0,20,-5.7898834651588515,0,3.3999999999999999,0,1,0,0,0,0
4,3.4050000000000002,681,76.787206167101161,0,0,0,25.798397999666438,0,25.798397999666438,0,0,-0,1.7029069015174025,0,76.787206167101161,76.787206167101161,0.25595735389033719,0,0,0,20,-5.7983979996664381,0,3.4050000000000002,0,1,0,0,0,0
4,3.4100000000000001,682,76.914259441876979,0,0,0,25.806912534174025,0,25.806912534174025,0,0,-0,1.7029069015174025,0,76.914259441876979,76.914259441876979,0.2563808648062566,0,0,0,20,-5.8069125341740246,0,3.4100000000000001,0,1,0,0,0,0
4,3.415,683,77.041354642550786,0,0,0,25.815427068681611,0,25.815427068681611,0,0,-0,1.7029069015174025,0,77.041354642550786,77.041354642550786,0.2568045154751693,0,0,0,20,-5.8154270686816112,0,3.415,0,1,0,0,0,0
4,3.4199999999999999,684,77.168491769122568,0,0,0,25.823941603189198,0,25.823941603189198,0,0,-0,1.7029069015174025,0,77.168491769122568,77.168491769122568,0.25722830589707524,0,0,0,20,-5.8239416031891977,0,3.4199999999999999,0,1,0,0,0,0
4,3.4250000000000003,685,77.295670821592338,0,0,0,25.832456137696784,0,25.832456137696784,0,0,-0,1.7029069015174025,0,77.295670821592338,77.295670821592338,0.25765223607197446,0,0,0,20,-5.8324561376967843,0,3.4250000000000003,0,1,0,0,0,0
4,3.4300000000000002,686,77.422891799960084,0,0,0,25.840970672204371,0,25.840970672204371,0,0,-0,1.7029069015174025,0,77.422891799960084,77.422891799960084,0.25807630599986697,0,0,0,20,-5.8409706722043708,0,3.4300000000000002,0,1,0,0,0,0
4,3.4350000000000001,687,77.550154704225818,0,0,0,25.849485206711957,0,25.849485206711957,0,0,-0,1.7029069015174025,0,77.550154704225818,77.550154704225818,0.25850051568075272,0,0,0,20,-5.8494852067119574,0,3.4350000000000001,0,1,0,0,0,0
4,3.4399999999999999,688,77.677459534389527,0,0,0,25.857999741219544,0,25.857999741219544,0,0,-0,1.7029069015174025,0,77.677459534389527,77.677459534389527,0.25892486511463175,0,0,0,20,-5.8579997412195439,0,3.4399999999999999,0,1,0,0,0,0
4,3.4450000000000003,689,77.804806290451225,0,0,0,25.86651427572713,0,25.86651427572713,0,0,-0,1.7029069015174025,0,77.804806290451225,77.804806290451225,0.25934935430150408,0,0,0,20,-5.8665142757271305,0,3.4450000000000003,0,1,0,0,0,0
4,3.4500000000000002,690,77.932194972410898,0,0,0,25.875028810234717,0,25.875028810234717,0,0,-0,1.7029069015174025,0,77.932194972410898,77.932194972410898,0.25977398324136963,0,0,0,20,-5.875028810234717,0,3.4500000000000002,0,1,0,0,0,0
4,3.4550000000000001,691,78.059625580268559,0,0,0,25.883543344742304,0,25.883543344742304,0,0,-0,1.7029069015174025,0,78.059625580268559,78.059625580268559,0.26019875193422853,0,0,0,20,-5.8835433447423036,0,3.4550000000000001,0,1,0,0,0,0
4,3.46,692,78.187098114024195,0,0,0,25.89205787924989,0,25.89205787924989,0,0,-0,1.7029069015174025,0,78.187098114024195,78.187098114024195,0.26062366038008067,0,0,0,20,-5.8920578792498901,0,3.46,0,1,0,0,0,0
4,3.4649999999999999,693,78.31461257367782,0,0,0,25.900572413757477,0,25.900572413757477,0,0,-0,1.7029069015174025,0,78.31461257367782,78.31461257367782,0.26104870857892609,0,0,0,20,-5.9005724137574767,0,3.4649999999999999,0,1,0,0,0,0
4,3.4700000000000002,694,78.44216895922942,0,0,0,25.909086948265063,0,25.909086948265063,0,0,-0,1.7029069015174025,0,78.44216895922942,78.44216895922942,0.26147389653076475,0,0,0,20,-5.9090869482650632,0,3.4700000000000002,0,1,0,0,0,0
4,3.4750000000000001,695,78.569767270679009,0,0,0,25.91760148277265,0,25.91760148277265,0,0,-0,1.7029069015174025,0,78.569767270679009,78.569767270679009,0.26189922423559669,0,0,0,20,-5.9176014827726497,0,3.4750000000000001,0,1,0,0,0,0
4,3.48,696,78.697407508026572,0,0,0,25.926116017280236,0,25.926116017280236,0,0,-0,1.7029069015174025,0,78.697407508026572,78.697407508026572,0.26232469169342193,0,0,0,20,-5.9261160172802363,0,3.48,0,1,0,0,0,0
4,3.4849999999999999,697,78.825089671272124,0,0,0,25.934630551787823,0,25.934630551787823,0,0,-0,1.7029069015174025,0,78.825089671272124,78.825089671272124,0.2627502989042404,0,0,0,20,-5.9346305517878228,0,3.4849999999999999,0,1,0,0,0,0
4,3.4900000000000002,698,78.952813760415651,0,0,0,25.943145086295409,0,25.943145086295409,0,0,-0,1.7029069015174025,0,78.952813760415651,78.952813760415651,0.26317604586805216,0,0,0,20,-5.9431450862954094,0,3.4900000000000002,0,1,0,0,0,0
4,3.4950000000000001,699,79.080579775457167,0,0,0,25.951659620802996,0,25.951659620802996,0,0,-0,1.7029069015174025,0,79.080579775457167,79.080579775457167,0.2636019325848572,0,0,0,20,-5.9516596208029959,0,3.4950000000000001,0,1,0,0,0,0
4,3.5,700,79.208387716396658,0,0,0,25.960174155310582,0,25.960174155310582,0,0,-0,1.7029069015174025,0,79.208387716396658,79.208387716396658,0.26402795905465554,0,0,0,20,-5.9601741553105825,0,3.5,0,1,0,0,0,0
4,3.5049999999999999,701,79.336237583234137,0,0,0,25.968688689818169,0,25.968688689818169,0,0,-0,1.7029069015174025,0,79.336237583234137,79.336237583234137,0.26445412527744711,0,0,0,20,-5.968688689818169,0,3.5049999999999999,0,1,0,0,0,0
4,3.5100000000000002,702,79.464129375969591,0,0,0,25.977203224325756,0,25.977203224325756,0,0,-0,1.7029069015174025,0,79.464129375969591,79.464129375969591,0.26488043125323196,0,0,0,20,-5.9772032243257556,0,3.5100000000000002,0,1,0,0,0,0
4,3.5150000000000001,703,79.592063094603034,0,0,0,25.985717758833342,0,25.985717758833342,0,0,-0,1.7029069015174025,0,79.592063094603034,79.592063094603034,0.26530687698201011,0,0,0,20,-5.9857177588333421,0,3.5150000000000001,0,1,0,0,0,0
4,3.52,704,79.720038739134452,0,0,0,25.994232293340929,0,25.994232293340929,0,0,-0,1.7029069015174025,0,79.720038739134452,79.720038739134452,0.26573346246378149,0,0,0,20,-5.9942322933409287,0,3.52,0,1,0,0,0,0
4,3.5249999999999999,705,79.848056309563859,0,0,0,26.002746827848515,0,26.002746827848515,0,0,-0,1.7029069015174025,0,79.848056309563859,79.848056309563859,0.26616018769854621,0,0,0,20,-6.0027468278485152,0,3.5249999999999999,0,1,0,0,0,0
4,3.5300000000000002,706,79.97611580589124,0,0,0,26.011261362356102,0,26.011261362356102,0,0,-0,1.7029069015174025,0,79.97611580589124,79.97611580589124,0.26658705268630412,0,0,0,20,-6.0112613623561018,0,3.5300000000000002,0,1,0,0,0,0
4,3.5350000000000001,707,80.10421722811661,0,0,0,26.019775896863688,0,26.019775896863688,0,0,-0,1.7029069015174025,0,80.10421722811661,80.10421722811661,0.26701405742705536,0,0,0,20,-6.0197758968636883,0,3.5350000000000001,0,1,0,0,0,0
4,3.54,708,80.232360576239955,0,0,0,26.028290431371275,0,26.028290431371275,0,0,-0,1.7029069015174025,0,80.232360576239955,80.232360576239955,0.26744120192079984,0,0,0,20,-6.0282904313712748,0,3.54,0,1,0,0,0,0
4,3.5449999999999999,709,80.360545850261289,0,0,0,26.036804965878861,0,26.036804965878861,0,0,-0,1.7029069015174025,0,80.360545850261289,80.360545850261289,0.26786848616753761,0,0,0,20,-6.0368049658788614,0,3.5449999999999999,0,1,0,0,0,0
4,3.5500000000000003,710,80.488773050180598,0,0,0,26.045319500386448,0,26.045319500386448,0,0,-0,1.7029069015174025,0,80.488773050180598,80.488773050180598,0.26829591016726867,0,0,0,20,-6.0453195003864479,0,3.5500000000000003,0,1,0,0,0,0
4,3.5550000000000002,711,80.617042175997895,0,0,0,26.053834034894034,0,26.053834034894034,0,0,-0,1.7029069015174025,0,80.617042175997895,80.617042175997895,0.26872347391999296,0,0,0,20,-6.0538340348940345,0,3.5550000000000002,0,1,0,0,0,0
4,3.5600000000000001,712,80.745353227713167,0,0,0,26.062348569401621,0,26.062348569401621,0,0,-0,1.7029069015174025,0,80.745353227713167,80.745353227713167,0.26915117742571054,0,0,0,20,-6.062348569401621,0,3.5600000000000001,0,1,0,0,0,0
4,3.5649999999999999,713,80.873706205326428,0,0,0,26.070863103909208,0,26.070863103909208,0,0,-0,1.7029069015174025,0,80.873706205326428,80.873706205326428,0.26957902068442141,0,0,0,20,-6.0708631039092076,0,3.5649999999999999,0,1,0,0,0,0
4,3.5700000000000003,714,81.002101108837664,0,0,0,26.079377638416794,0,26.079377638416794,0,0,-0,1.7029069015174025,0,81.002101108837664,81.002101108837664,0.27000700369612557,0,0,0,20,-6.0793776384167941,0,3.5700000000000003,0,1,0,0,0,0
4,3.5750000000000002,715,81.130537938246889,0,0,0,26.087892172924381,0,26.087892172924381,0,0,-0,1.7029069015174025,0,81.130537938246889,81.130537938246889,0.27043512646082296,0,0,0,20,-6.0878921729243807,0,3.5750000000000002,0,1,0,0,0,0
4,3.5800000000000001,716,81.259016693554088,0,0,0,26.096406707431967,0,26.096406707431967,0,0,-0,1.7029069015174025,0,81.259016693554088,81.259016693554088,0.27086338897851364,0,0,0,20,-6.0964067074319672,0,3.5800000000000001,0,1,0,0,0,0
4,3.585,717,81.387537374759276,0,0,0,26.104921241939554,0,26.104921241939554,0,0,-0,1.7029069015174025,0,81.387537374759276,81.387537374759276,0.27129179124919761,0,0,0,20,-6.1049212419395538,0,3.585,0,1,0,0,0,0
4,3.5899999999999999,718,81.516099981862439,0,0,0,26.11343577644714,0,26.11343577644714,0,0,-0,1.7029069015174025,0,81.516099981862439,81.516099981862439,0.27172033327287481,0,0,0,20,-6.1134357764471403,0,3.5899999999999999,0,1,0,0,0,0
4,3.5950000000000002,719,81.644704514863591,0,0,0,26.121950310954727,0,26.121950310954727,0,0,-0,1.7029069015174025,0,81.644704514863591,81.644704514863591,0.27214901504954531,0,0,0,20,-6.1219503109547269,0,3.5950000000000002,0,1,0,0,0,0
4,3.6000000000000001,720,81.773350973762717,0,0,0,26.130464845462313,0,26.130464845462313,0,0,-0,1.7029069015174025,0,81.773350973762717,81.773350973762717,0.27257783657920903,0,0,0,20,-6.1304648454623134,0,3.6000000000000001,0,1,0,0,0,0
4,3.605,721,81.902039358559833,0,0,0,26.1389793799699,0,26.1389793799699,0,0,-0,1.7029069015174025,0,81.902039358559833,81.902039358559833,0.2730067978618661,0,0,0,20,-6.1389793799699,0,3.605,0,1,0,0,0,0
4,3.6099999999999999,722,82.030769669254923,0,0,0,26.147493914477486,0,26.147493914477486,0,0,-0,1.7029069015174025,0,82.030769669254923,82.030769669254923,0.27343589889751641,0,0,0,20,-6.1474939144774865,0,3.6099999999999999,0,1,0,0,0,0
4,3.6150000000000002,723,82.159541905848002,0,0,0,26.156008448985073,0,26.156008448985073,0,0,-0,1.7029069015174025,0,82.159541905848002,82.159541905848002,0.27386513968616,0,0,0,20,-6.156008448985073,0,3.6150000000000002,0,1,0,0,0,0
4,3.6200000000000001,724,82.288356068339056,0,0,0,26.16452298349266,0,26.16452298349266,0,0,-0,1.7029069015174025,0,82.288356068339056,82.288356068339056,0.27429452022779688,0,0,0,20,-6.1645229834926596,0,3.6200000000000001,0,1,0,0,0,0
4,3.625,725,82.417212156728098,0,0,0,26.173037518000246,0,26.173037518000246,0,0,-0,1.7029069015174025,0,82.417212156728098,82.417212156728098,0.27472404052242699,0,0,0,20,-6.1730375180002461,0,3.625,0,1,0,0,0,0
4,3.6299999999999999,726,82.546110171015115,0,0,0,26.181552052507833,0,26.181552052507833,0,0,-0,1.7029069015174025,0,82.546110171015115,82.546110171015115,0.2751537005700504,0,0,0,20,-6.1815520525078327,0,3.6299999999999999,0,1,0,0,0,0
4,3.6350000000000002,727,82.675050111200122,0,0,0,26.190066587015419,0,26.190066587015419,0,0,-0,1.7029069015174025,0,82.675050111200122,82.675050111200122,0.27558350037066709,0,0,0,20,-6.1900665870154192,0,3.6350000000000002,0,1,0,0,0,0
4,3.6400000000000001,728,82.804031977283103,0,0,0,26.198581121523006,0,26.198581121523006,0,0,-0,1.7029069015174025,0,82.804031977283103,82.804031977283103,0.27601343992427702,0,0,0,20,-6.1985811215230058,0,3.6400000000000001,0,1,0,0,0,0
4,3.645,729,82.933055769264072,0,0,0,26.207095656030592,0,26.207095656030592,0,0,-0,1.7029069015174025,0,82.933055769264072,82.933055769264072,0.27644351923088023,0,0,0,20,-6.2070956560305923,0,3.645,0,1,0,0,0,0
4,3.6499999999999999,730,83.062121487143017,0,0,0,26.215610190538179,0,26.215610190538179,0,0,-0,1.7029069015174025,0,83.062121487143017,83.062121487143017,0.27687373829047673,0,0,0,20,-6.2156101905381789,0,3.6499999999999999,0,1,0,0,0,0
4,3.6550000000000002,731,83.19122913091995,0,0,0,26.224124725045765,0,26.224124725045765,0,0,-0,1.7029069015174025,0,83.19122913091995,83.19122913091995,0.27730409710306653,0,0,0,20,-6.2241247250457654,0,3.6550000000000002,0,1,0,0,0,0
4,3.6600000000000001,732,83.320378700594858,0,0,0,26.232639259553352,0,26.232639259553352,0,0,-0,1.7029069015174025,0,83.320378700594858,83.320378700594858,0.27773459566864955,0,0,0,20,-6.232639259553352,0,3.6600000000000001,0,1,0,0,0,0
4,3.665,733,83.449570196167755,0,0,0,26.241153794060939,0,26.241153794060939,0,0,-0,1.7029069015174025,0,83.449570196167755,83.449570196167755,0.27816523398722587,0,0,0,20,-6.2411537940609385,0,3.665,0,1,0,0,0,0
4,3.6699999999999999,734,83.578803617638627,0,0,0,26.249668328568525,0,26.249668328568525,0,0,-0,1.7029069015174025,0,83.578803617638627,83.578803617638627,0.27859601205879542,0,0,0,20,-6.2496683285685251,0,3.6699999999999999,0,1,0,0,0,0
4,3.6750000000000003,735,83.708078965007488,0,0,0,26.258182863076112,0,26.258182863076112,0,0,-0,1.7029069015174025,0,83.708078965007488,83.708078965007488,0.27902692988335831,0,0,0,20,-6.2581828630761116,0,3.6750000000000003,0,1,0,0,0,0
4,3.6800000000000002,736,83.837396238274323,0,0,0,26.266697397583698,0,26.266697397583698,0,0,-0,1.7029069015174025,0,83.837396238274323,83.837396238274323,0.27945798746091444,0,0,0,20,-6.2666973975836981,0,3.6800000000000002,0,1,0,0,0,0
4,3.6850000000000001,737,83.966755437439147,0,0,0,26.275211932091285,0,26.275211932091285,0,0,-0,1.7029069015174025,0,83.966755437439147,83.966755437439147,0.2798891847914638,0,0,0,20,-6.2752119320912847,0,3.6850000000000001,0,1,0,0,0,0
4,3.6899999999999999,738,84.096156562501946,0,0,0,26.283726466598871,0,26.283726466598871,0,0,-0,1.7029069015174025,0,84.096156562501946,84.096156562501946,0.2803205218750065,0,0,0,20,-6.2837264665988712,0,3.6899999999999999,0,1,0,0,0,0
4,3.6950000000000003,739,84.225599613462734,0,0,0,26.292241001106458,0,26.292241001106458,0,0,-0,1.7029069015174025,0,84.225599613462734,84.225599613462734,0.28075199871154244,0,0,0,20,-6.2922410011064578,0,3.6950000000000003,0,1,0,0,0,0
4,3.7000000000000002,740,84.355084590321496,0,0,0,26.300755535614044,0,26.300755535614044,0,0,-0,1.7029069015174025,0,84.355084590321496,84.355084590321496,0.28118361530107167,0,0,0,20,-6.3007555356140443,0,3.7000000000000002,0,1,0,0,0,0
4,3.7050000000000001,741,84.484611493078248,0,0,0,26.309270070121631,0,26.309270070121631,0,0,-0,1.7029069015174025,0,84.484611493078248,84.484611493078248,0.28161537164359418,0,0,0,20,-6.3092700701216309,0,3.7050000000000001,0,1,0,0,0,0
4,3.71,742,84.614180321732974,0,0,0,26.317784604629217,0,26.317784604629217,0,0,-0,1.7029069015174025,0,84.614180321732974,84.614180321732974,0.28204726773910993,0,0,0,20,-6.3177846046292174,0,3.71,0,1,0,0,0,0
4,3.7149999999999999,743,84.743791076285689,0,0,0,26.326299139136804,0,26.326299139136804,0,0,-0,1.7029069015174025,0,84.743791076285689,84.743791076285689,0.28247930358761897,0,0,0,20,-6.326299139136804,0,3.7149999999999999,0,1,0,0,0,0
4,3.7200000000000002,744,84.873443756736378,0,0,0,26.334813673644391,0,26.334813673644391,0,0,-0,1.7029069015174025,0,84.873443756736378,84.873443756736378,0.28291147918912124,0,0,0,20,-6.3348136736443905,0,3.7200000000000002,0,1,0,0,0,0
4,3.7250000000000001,745,85.003138363085057,0,0,0,26.343328208151977,0,26.343328208151977,0,0,-0,1.7029069015174025,0,85.003138363085057,85.003138363085057,0.28334379454361686,0,0,0,20,-6.3433282081519771,0,3.7250000000000001,0,1,0,0,0,0
4,3.73,746,85.13287489533171,0,0,0,26.351842742659564,0,26.351842742659564,0,0,-0,1.7029069015174025,0,85.13287489533171,85.13287489533171,0.28377624965110571,0,0,0,20,-6.3518427426595636,0,3.73,0,1,0,0,0,0
4,3.7349999999999999,747,85.262653353476352,0,0,0,26.36035727716715,0,26.36035727716715,0,0,-0,1.7029069015174025,0,85.262653353476352,85.262653353476352,0.28420884451158784,0,0,0,20,-6.3603572771671502,0,3.7349999999999999,0,1,0,0,0,0
4,3.7400000000000002,748,85.392473737518969,0,0,0,26.368871811674737,0,26.368871811674737,0,0,-0,1.7029069015174025,0,85.392473737518969,85.392473737518969,0.28464157912506322,0,0,0,20,-6.3688718116747367,0,3.7400000000000002,0,1,0,0,0,0
4,3.7450000000000001,749,85.522336047459575,0,0,0,26.377386346182323,0,26.377386346182323,0,0,-0,1.7029069015174025,0,85.522336047459575,85.522336047459575,0.28507445349153193,0,0,0,20,-6.3773863461823233,0,3.7450000000000001,0,1,0,0,0,0
4,3.75,750,85.652240283298156,0,0,0,26.38590088068991,0,26.38590088068991,0,0,-0,1.7029069015174025,0,85.652240283298156,85.652240283298156,0.28550746761099383,0,0,0,20,-6.3859008806899098,0,3.75,0,1,0,0,0,0
4,3.7549999999999999,751,85.782186445034725,0,0,0,26.394415415197496,0,26.394415415197496,0,0,-0,1.7029069015174025,0,85.782186445034725,85.782186445034725,0.28594062148344906,0,0,0,20,-6.3944154151974963,0,3.7549999999999999,0,1,0,0,0,0
4,3.7600000000000002,752,85.912174532669269,0,0,0,26.402929949705083,0,26.402929949705083,0,0,-0,1.7029069015174025,0,85.912174532669269,85.912174532669269,0.28637391510889754,0,0,0,20,-6.4029299497050829,0,3.7600000000000002,0,1,0,0,0,0
4,3.7650000000000001,753,86.042204546201802,0,0,0,26.411444484212669,0,26.411444484212669,0,0,-0,1.7029069015174025,0,86.042204546201802,86.042204546201802,0.28680734848733935,0,0,0,20,-6.4114444842126694,0,3.7650000000000001,0,1,0,0,0,0
4,3.77,754,86.17227648563231,0,0,0,26.419959018720256,0,26.419959018720256,0,0,-0,1.7029069015174025,0,86.17227648563231,86.17227648563231,0.28724092161877435,0,0,0,20,-6.419959018720256,0,3.77,0,1,0,0,0,0
4,3.7749999999999999,755,86.302390350960806,0,0,0,26.428473553227843,0,26.428473553227843,0,0,-0,1.7029069015174025,0,86.302390350960806,86.302390350960806,0.28767463450320269,0,0,0,20,-6.4284735532278425,0,3.7749999999999999,0,1,0,0,0,0
4,3.7800000000000002,756,86.432546142187277,0,0,0,26.436988087735429,0,26.436988087735429,0,0,-0,1.7029069015174025,0,86.432546142187277,86.432546142187277,0.28810848714062426,0,0,0,20,-6.4369880877354291,0,3.7800000000000002,0,1,0,0,0,0
4,3.7850000000000001,757,86.562743859311738,0,0,0,26.445502622243016,0,26.445502622243016,0,0,-0,1.7029069015174025,0,86.562743859311738,86.562743859311738,0.28854247953103912,0,0,0,20,-6.4455026222430156,0,3.7850000000000001,0,1,0,0,0,0
4,3.79,758,86.692983502334172,0,0,0,26.454017156750602,0,26.454017156750602,0,0,-0,1.7029069015174025,0,86.692983502334172,86.692983502334172,0.28897661167444721,0,0,0,20,-6.4540171567506022,0,3.79,0,1,0,0,0,0
4,3.7949999999999999,759,86.823265071254596,0,0,0,26.462531691258189,0,26.462531691258189,0,0,-0,1.7029069015174025,0,86.823265071254596,86.823265071254596,0.28941088357084865,0,0,0,20,-6.4625316912581887,0,3.7949999999999999,0,1,0,0,0,0
4,3.8000000000000003,760,86.953588566072995,0,0,0,26.471046225765775,0,26.471046225765775,0,0,-0,1.7029069015174025,0,86.953588566072995,86.953588566072995,0.28984529522024333,0,0,0,20,-6.4710462257657753,0,3.8000000000000003,0,1,0,0,0,0
4,3.8050000000000002,761,87.083953986789382,0,0,0,26.479560760273362,0,26.479560760273362,0,0,-0,1.7029069015174025,0,87.083953986789382,87.083953986789382,0.29027984662263129,0,0,0,20,-6.4795607602733618,0,3.8050000000000002,0,1,0,0,0,0
4,3.8100000000000001,762,87.214361333403744,0,0,0,26.488075294780948,0,26.488075294780948,0,0,-0,1.7029069015174025,0,87.214361333403744,87.214361333403744,0.29071453777801248,0,0,0,20,-6.4880752947809484,0,3.8100000000000001,0,1,0,0,0,0
4,3.8149999999999999,763,87.344810605916095,0,0,0,26.496589829288535,0,26.496589829288535,0,0,-0,1.7029069015174025,0,87.344810605916095,87.344810605916095,0.29114936868638697,0,0,0,20,-6.4965898292885349,0,3.8149999999999999,0,1,0,0,0,0
4,3.8200000000000003,764,87.475301804326421,0,0,0,26.505104363796121,0,26.505104363796121,0,0,-0,1.7029069015174025,0,87.475301804326421,87.475301804326421,0.29158433934775474,0,0,0,20,-6.5051043637961214,0,3.8200000000000003,0,1,0,0,0,0
4,3.8250000000000002,765,87.605834928634735,0,0,0,26.513618898303708,0,26.513618898303708,0,0,-0,1.7029069015174025,0,87.605834928634735,87.605834928634735,0.2920194497621158,0,0,0,20,-6.513618898303708,0,3.8250000000000002,0,1,0,0,0,0
4,3.8300000000000001,766,87.736409978841024,0,0,0,26.522133432811295,0,26.522133432811295,0,0,-0,1.7029069015174025,0,87.736409978841024,87.736409978841024,0.2924546999294701,0,0,0,20,-6.5221334328112945,0,3.8300000000000001,0,1,0,0,0,0
4,3.835,767,87.867026954945302,0,0,0,26.530647967318881,0,26.530647967318881,0,0,-0,1.7029069015174025,0,87.867026954945302,87.867026954945302,0.29289008984981768,0,0,0,20,-6.5306479673188811,0,3.835,0,1,0,0,0,0
4,3.8399999999999999,768,87.997685856947555,0,0,0,26.539162501826468,0,26.539162501826468,0,0,-0,1.7029069015174025,0,87.997685856947555,87.997685856947555,0.2933256195231585,0,0,0,20,-6.5391625018264676,0,3.8399999999999999,0,1,0,0,0,0
4,3.8450000000000002,769,88.128386684847797,0,0,0,26.547677036334054,0,26.547677036334054,0,0,-0,1.7029069015174025,0,88.128386684847797,88.128386684847797,0.29376128894949266,0,0,0,20,-6.5476770363340542,0,3.8450000000000002,0,1,0,0,0,0
4,3.8500000000000001,770,88.259129438646013,0,0,0,26.556191570841641,0,26.556191570841641,0,0,-0,1.7029069015174025,0,88.259129438646013,88.259129438646013,0.29419709812882006,0,0,0,20,-6.5561915708416407,0,3.8500000000000001,0,1,0,0,0,0
4,3.855,771,88.389914118342219,0,0,0,26.564706105349227,0,26.564706105349227,0,0,-0,1.7029069015174025,0,88.389914118342219,88.389914118342219,0.29463304706114074,0,0,0,20,-6.5647061053492273,0,3.855,0,1,0,0,0,0
4,3.8599999999999999,772,88.520740723936399,0,0,0,26.573220639856814,0,26.573220639856814,0,0,-0,1.7029069015174025,0,88.520740723936399,88.520740723936399,0.29506913574645466,0,0,0,20,-6.5732206398568138,0,3.8599999999999999,0,1,0,0,0,0
4,3.8650000000000002,773,88.651609255428568,0,0,0,26.5817351743644,0,26.5817351743644,0,0,-0,1.7029069015174025,0,88.651609255428568,88.651609255428568,0.29550536418476187,0,0,0,20,-6.5817351743644004,0,3.8650000000000002,0,1,0,0,0,0
4,3.8700000000000001,774,88.782519712818711,0,0,0,26.590249708871987,0,26.590249708871987,0,0,-0,1.7029069015174025,0,88.782519712818711,88.782519712818711,0.29594173237606236,0,0,0,20,-6.5902497088719869,0,3.8700000000000001,0,1,0,0,0,0
4,3.875,775,88.913472096106844,0,0,0,26.598764243379573,0,26.598764243379573,0,0,-0,1.7029069015174025,0,88.913472096106844,88.913472096106844,0.29637824032035615,0,0,0,20,-6.5987642433795735,0,3.875,0,1,0,0,0,0
4,3.8799999999999999,776,89.044466405292951,0,0,0,26.60727877788716,0,26.60727877788716,0,0,-0,1.7029069015174025,0,89.044466405292951,89.044466405292951,0.29681488801764316,0,0,0,20,-6.60727877788716,0,3.8799999999999999,0,1,0,0,0,0
4,3.8850000000000002,777,89.175502640377047,0,0,0,26.615793312394747,0,26.615793312394747,0,0,-0,1.7029069015174025,0,89.175502640377047,89.175502640377047,0.29725167546792347,0,0,0,20,-6.6157933123947466,0,3.8850000000000002,0,1,0,0,0,0
4,3.8900000000000001,778,89.306580801359118,0,0,0,26.624307846902333,0,26.624307846902333,0,0,-0,1.7029069015174025,0,89.306580801359118,89.306580801359118,0.29768860267119707,0,0,0,20,-6.6243078469023331,0,3.8900000000000001,0,1,0,0,0,0
4,3.895,779,89.437700888239178,0,0,0,26.63282238140992,0,26.63282238140992,0,0,-0,1.7029069015174025,0,89.437700888239178,89.437700888239178,0.29812566962746395,0,0,0,20,-6.6328223814099196,0,3.895,0,1,0,0,0,0
4,3.8999999999999999,780,89.568862901017212,0,0,0,26.641336915917506,0,26.641336915917506,0,0,-0,1.7029069015174025,0,89.568862901017212,89.568862901017212,0.29856287633672401,0,0,0,20,-6.6413369159175062,0,3.8999999999999999,0,1,0,0,0,0
4,3.9050000000000002,781,89.700066839693235,0,0,0,26.649851450425093,0,26.649851450425093,0,0,-0,1.7029069015174025,0,89.700066839693235,89.700066839693235,0.29900022279897748,0,0,0,20,-6.6498514504250927,0,3.9050000000000002,0,1,0,0,0,0
4,3.9100000000000001,782,89.831312704267233,0,0,0,26.658365984932679,0,26.658365984932679,0,0,-0,1.7029069015174025,0,89.831312704267233,89.831312704267233,0.29943770901422412,0,0,0,20,-6.6583659849326793,0,3.9100000000000001,0,1,0,0,0,0
4,3.915,783,89.96260049473922,0,0,0,26.666880519440266,0,26.666880519440266,0,0,-0,1.7029069015174025,0,89.96260049473922,89.96260049473922,0.29987533498246405,0,0,0,20,-6.6668805194402658,0,3.915,0,1,0,0,0,0
4,3.9199999999999999,784,90.093930211109182,0,0,0,26.675395053947852,0,26.675395053947852,0,0,-0,1.7029069015174025,0,90.093930211109182,90.093930211109182,0.30031310070369727,0,0,0,20,-6.6753950539478524,0,3.9199999999999999,0,1,0,0,0,0
4,3.9250000000000003,785,90.225301853377132,0,0,0,26.683909588455439,0,26.683909588455439,0,0,-0,1.7029069015174025,0,90.225301853377132,90.225301853377132,0.30075100617792377,0,0,0,20,-6.6839095884554389,0,3.9250000000000003,0,1,0,0,0,0
4,3.9300000000000002,786,90.356715421543058,0,0,0,26.692424122963025,0,26.692424122963025,0,0,-0,1.7029069015174025,0,90.356715421543058,90.356715421543058,0.30118905140514352,0,0,0,20,-6.6924241229630255,0,3.9300000000000002,0,1,0,0,0,0
4,3.9350000000000001,787,90.488170915606972,0,0,0,26.700938657470612,0,26.700938657470612,0,0,-0,1.7029069015174025,0,90.488170915606972,90.488170915606972,0.30162723638535655,0,0,0,20,-6.700938657470612,0,3.9350000000000001,0,1,0,0,0,0
4,3.9399999999999999,788,90.619668335568861,0,0,0,26.709453191978199,0,26.709453191978199,0,0,-0,1.7029069015174025,0,90.619668335568861,90.619668335568861,0.30206556111856286,0,0,0,20,-6.7094531919781986,0,3.9399999999999999,0,1,0,0,0,0
4,3.9450000000000003,789,90.751207681428738,0,0,0,26.717967726485785,0,26.717967726485785,0,0,-0,1.7029069015174025,0,90.751207681428738,90.751207681428738,0.30250402560476247,0,0,0,20,-6.7179677264857851,0,3.9450000000000003,0,1,0,0,0,0
4,3.9500000000000002,790,90.882788953186591,0,0,0,26.726482260993372,0,26.726482260993372,0,0,-0,1.7029069015174025,0,90.882788953186591,90.882788953186591,0.30294262984395531,0,0,0,20,-6.7264822609933717,0,3.9500000000000002,0,1,0,0,0,0
4,3.9550000000000001,791,91.014412150842432,0,0,0,26.734996795500958,0,26.734996795500958,0,0,-0,1.7029069015174025,0,91.014412150842432,91.014412150842432,0.30338137383614144,0,0,0,20,-6.7349967955009582,0,3.9550000000000001,0,1,0,0,0,0
4,3.96,792,91.146077274396248,0,0,0,26.743511330008545,0,26.743511330008545,0,0,-0,1.7029069015174025,0,91.146077274396248,91.146077274396248,0.30382025758132081,0,0,0,20,-6.7435113300085447,0,3.96,0,1,0,0,0,0
4,3.9650000000000003,793,91.277784323848053,0,0,0,26.752025864516131,0,26.752025864516131,0,0,-0,1.7029069015174025,0,91.277784323848053,91.277784323848053,0.30425928107949352,0,0,0,20,-6.7520258645161313,0,3.9650000000000003,0,1,0,0,0,0
4,3.9700000000000002,794,91.409533299197832,0,0,0,26.760540399023718,0,26.760540399023718,0,0,-0,1.7029069015174025,0,91.409533299197832,91.409533299197832,0.30469844433065946,0,0,0,20,-6.7605403990237178,0,3.9700000000000002,0,1,0,0,0,0
4,3.9750000000000001,795,91.541324200445601,0,0,0,26.769054933531304,0,26.769054933531304,0,0,-0,1.7029069015174025,0,91.541324200445601,91.541324200445601,0.30513774733481869,0,0,0,20,-6.7690549335313044,0,3.9750000000000001,0,1,0,0,0,0
4,3.98,796,91.673157027591344,0,0,0,26.777569468038891,0,26.777569468038891,0,0,-0,1.7029069015174025,0,91.673157027591344,91.673157027591344,0.30557719009197115,0,0,0,20,-6.7775694680388909,0,3.98,0,1,0,0,0,0
4,3.9849999999999999,797,91.805031780635076,0,0,0,26.786084002546477,0,26.786084002546477,0,0,-0,1.7029069015174025,0,91.805031780635076,91.805031780635076,0.3060167726021169,0,0,0,20,-6.7860840025464775,0,3.9849999999999999,0,1,0,0,0,0
4,3.9900000000000002,798,91.936948459576783,0,0,0,26.794598537054064,0,26.794598537054064,0,0,-0,1.7029069015174025,0,91.936948459576783,91.936948459576783,0.30645649486525595,0,0,0,20,-6.794598537054064,0,3.9900000000000002,0,1,0,0,0,0
4,3.9950000000000001,799,92.068907064416479,0,0,0,26.803113071561651,0,26.803113071561651,0,0,-0,1.7029069015174025,0,92.068907064416479,92.068907064416479,0.30689635688138828,0,0,0,20,-6.8031130715616506,0,3.9950000000000001,0,1,0,0,0,0
4,4,800,92.200907595154149,0,0,0,26.811627606069237,0,26.811627606069237,0,0,-0,1.7029069015174025,0,92.200907595154149,92.200907595154149,0.30733635865051384,0,0,0,20,-6.8116276060692371,0,4,0,1,0,0,0,0
4,4.0049999999999999,801,92.332950051789808,0,0,0,26.820142140576824,0,26.820142140576824,0,0,-0,1.7029069015174025,0,92.332950051789808,92.332950051789808,0.30777650017263269,0,0,0,20,-6.8201421405768237,0,4.0049999999999999,0,1,0,0,0,0
4,4.0099999999999998,802,92.465034434323442,0,0,0,26.82865667508441,0,26.82865667508441,0,0,-0,1.7029069015174025,0,92.465034434323442,92.465034434323442,0.30821678144774478,0,0,0,20,-6.8286566750844102,0,4.0099999999999998,0,1,0,0,0,0
4,4.0149999999999997,803,92.597160742755065,0,0,0,26.837171209591997,0,26.837171209591997,0,0,-0,1.7029069015174025,0,92.597160742755065,92.597160742755065,0.30865720247585021,0,0,0,20,-6.8371712095919968,0,4.0149999999999997,0,1,0,0,0,0
4,4.0200000000000005,804,92.729328977084663,0,0,0,26.845685744099583,0,26.845685744099583,0,0,-0,1.7029069015174025,0,92.729328977084663,92.729328977084663,0.30909776325694888,0,0,0,20,-6.8456857440995833,0,4.0200000000000005,0,1,0,0,0,0
4,4.0250000000000004,805,92.861539137312249,0,0,0,26.85420027860717,0,26.85420027860717,0,0,-0,1.7029069015174025,0,92.861539137312249,92.861539137312249,0.30953846379104083,0,0,0,20,-6.8542002786071698,0,4.0250000000000004,0,1,0,0,0,0
4,4.0300000000000002,806,92.99379122343781,0,0,0,26.862714813114756,0,26.862714813114756,0,0,-0,1.7029069015174025,0,92.99379122343781,92.99379122343781,0.30997930407812602,0,0,0,20,-6.8627148131147564,0,4.0300000000000002,0,1,0,0,0,0
4,4.0350000000000001,807,93.12608523546136,0,0,0,26.871229347622343,0,26.871229347622343,0,0,-0,1.7029069015174025,0,93.12608523546136,93.12608523546136,0.31042028411820455,0,0,0,20,-6.8712293476223429,0,4.0350000000000001,0,1,0,0,0,0
4,4.04,808,93.258421173382885,0,0,0,26.879743882129929,0,26.879743882129929,0,0,-0,1.7029069015174025,0,93.258421173382885,93.258421173382885,0.31086140391127626,0,0,0,20,-6.8797438821299295,0,4.04,0,1,0,0,0,0
4,4.0449999999999999,809,93.390799037202399,0,0,0,26.888258416637516,0,26.888258416637516,0,0,-0,1.7029069015174025,0,93.390799037202399,93.390799037202399,0.31130266345734131,0,0,0,20,-6.888258416637516,0,4.0449999999999999,0,1,0,0,0,0
4,4.0499999999999998,810,93.523218826919887,0,0,0,26.896772951145103,0,26.896772951145103,0,0,-0,1.7029069015174025,0,93.523218826919887,93.523218826919887,0.3117440627563996,0,0,0,20,-6.8967729511451026,0,4.0499999999999998,0,1,0,0,0,0
4,4.0549999999999997,811,93.655680542535364,0,0,0,26.905287485652689,0,26.905287485652689,0,0,-0,1.7029069015174025,0,93.655680542535364,93.655680542535364,0.31218560180845123,0,0,0,20,-6.9052874856526891,0,4.0549999999999997,0,1,0,0,0,0
4,4.0600000000000005,812,93.788184184048816,0,0,0,26.913802020160276,0,26.913802020160276,0,0,-0,1.7029069015174025,0,93.788184184048816,93.788184184048816,0.31262728061349604,0,0,0,20,-6.9138020201602757,0,4.0600000000000005,0,1,0,0,0,0
4,4.0650000000000004,813,93.920729751460257,0,0,0,26.922316554667862,0,26.922316554667862,0,0,-0,1.7029069015174025,0,93.920729751460257,93.920729751460257,0.31306909917153419,0,0,0,20,-6.9223165546678622,0,4.0650000000000004,0,1,0,0,0,0
4,4.0700000000000003,814,94.053317244769673,0,0,0,26.930831089175449,0,26.930831089175449,0,0,-0,1.7029069015174025,0,94.053317244769673,94.053317244769673,0.31351105748256558,0,0,0,20,-6.9308310891754488,0,4.0700000000000003,0,1,0,0,0,0
4,4.0750000000000002,815,94.185946663977077,0,0,0,26.939345623683035,0,26.939345623683035,0,0,-0,1.7029069015174025,0,94.185946663977077,94.185946663977077,0.31395315554659026,0,0,0,20,-6.9393456236830353,0,4.0750000000000002,0,1,0,0,0,0
4,4.0800000000000001,816,94.318618009082456,0,0,0,26.947860158190622,0,26.947860158190622,0,0,-0,1.7029069015174025,0,94.318618009082456,94.318618009082456,0.31439539336360817,0,0,0,20,-6.9478601581906219,0,4.0800000000000001,0,1,0,0,0,0
4,4.085,817,94.451331280085824,0,0,0,26.956374692698208,0,26.956374692698208,0,0,-0,1.7029069015174025,0,94.451331280085824,94.451331280085824,0.31483777093361942,0,0,0,20,-6.9563746926982084,0,4.085,0,1,0,0,0,0
4,4.0899999999999999,818,94.584086476987167,0,0,0,26.964889227205795,0,26.964889227205795,0,0,-0,1.7029069015174025,0,94.584086476987167,94.584086476987167,0.31528028825662391,0,0,0,20,-6.964889227205795,0,4.0899999999999999,0,1,0,0,0,0
4,4.0949999999999998,819,94.716883599786499,0,0,0,26.973403761713381,0,26.973403761713381,0,0,-0,1.7029069015174025,0,94.716883599786499,94.716883599786499,0.31572294533262169,0,0,0,20,-6.9734037617133815,0,4.0949999999999998,0,1,0,0,0,0
4,4.0999999999999996,820,94.849722648483805,0,0,0,26.981918296220968,0,26.981918296220968,0,0,-0,1.7029069015174025,0,94.849722648483805,94.849722648483805,0.3161657421616127,0,0,0,20,-6.981918296220968,0,4.0999999999999996,0,1,0,0,0,0
4,4.1050000000000004,821,94.9826036230791,0,0,0,26.990432830728555,0,26.990432830728555,0,0,-0,1.7029069015174025,0,94.9826036230791,94.9826036230791,0.31660867874359699,0,0,0,20,-6.9904328307285546,0,4.1050000000000004,0,1,0,0,0,0
4,4.1100000000000003,822,95.11552652357237,0,0,0,26.998947365236141,0,26.998947365236141,0,0,-0,1.7029069015174025,0,95.11552652357237,95.11552652357237,0.31705175507857458,0,0,0,20,-6.9989473652361411,0,4.1100000000000003,0,1,0,0,0,0
4,4.1150000000000002,823,95.248491349963629,0,0,0,27.007461899743728,0,27.007461899743728,0,0,-0,1.7029069015174025,0,95.248491349963629,95.248491349963629,0.3174949711665454,0,0,0,20,-7.0074618997437277,0,4.1150000000000002,0,1,0,0,0,0
4,4.1200000000000001,824,95.381498102252863,0,0,0,27.015976434251314,0,27.015976434251314,0,0,-0,1.7029069015174025,0,95.381498102252863,95.381498102252863,0.31793832700750957,0,0,0,20,-7.0159764342513142,0,4.1200000000000001,0,1,0,0,0,0
4,4.125,825,95.514546780440085,0,0,0,27.024490968758901,0,27.024490968758901,0,0,-0,1.7029069015174025,0,95.514546780440085,95.514546780440085,0.31838182260146697,0,0,0,20,-7.0244909687589008,0,4.125,0,1,0,0,0,0
4,4.1299999999999999,826,95.647637384525282,0,0,0,27.033005503266487,0,27.033005503266487,0,0,-0,1.7029069015174025,0,95.647637384525282,95.647637384525282,0.3188254579484176,0,0,0,20,-7.0330055032664873,0,4.1299999999999999,0,1,0,0,0,0
4,4.1349999999999998,827,95.780769914508468,0,0,0,27.041520037774074,0,27.041520037774074,0,0,-0,1.7029069015174025,0,95.780769914508468,95.780769914508468,0.31926923304836158,0,0,0,20,-7.0415200377740739,0,4.1349999999999998,0,1,0,0,0,0
4,4.1399999999999997,828,95.913944370389629,0,0,0,27.05003457228166,0,27.05003457228166,0,0,-0,1.7029069015174025,0,95.913944370389629,95.913944370389629,0.31971314790129879,0,0,0,20,-7.0500345722816604,0,4.1399999999999997,0,1,0,0,0,0
4,4.1450000000000005,829,96.047160752168779,0,0,0,27.058549106789247,0,27.058549106789247,0,0,-0,1.7029069015174025,0,96.047160752168779,96.047160752168779,0.32015720250722929,0,0,0,20,-7.058549106789247,0,4.1450000000000005,0,1,0,0,0,0
4,4.1500000000000004,830,96.180419059845903,0,0,0,27.067063641296834,0,27.067063641296834,0,0,-0,1.7029069015174025,0,96.180419059845903,96.180419059845903,0.32060139686615302,0,0,0,20,-7.0670636412968335,0,4.1500000000000004,0,1,0,0,0,0
4,4.1550000000000002,831,96.313719293421016,0,0,0,27.07557817580442,0,27.07557817580442,0,0,-0,1.7029069015174025,0,96.313719293421016,96.313719293421016,0.32104573097807004,0,0,0,20,-7.0755781758044201,0,4.1550000000000002,0,1,0,0,0,0
4,4.1600000000000001,832,96.447061452894104,0,0,0,27.084092710312007,0,27.084092710312007,0,0,-0,1.7029069015174025,0,96.447061452894104,96.447061452894104,0.32149020484298035,0,0,0,20,-7.0840927103120066,0,4.1600000000000001,0,1,0,0,0,0
4,4.165,833,96.580445538265181,0,0,0,27.092607244819593,0,27.092607244819593,0,0,-0,1.7029069015174025,0,96.580445538265181,96.580445538265181,0.32193481846088395,0,0,0,20,-7.0926072448195931,0,4.165,0,1,0,0,0,0
4,4.1699999999999999,834,96.713871549534232,0,0,0,27.10112177932718,0,27.10112177932718,0,0,-0,1.7029069015174025,0,96.713871549534232,96.713871549534232,0.32237957183178079,0,0,0,20,-7.1011217793271797,0,4.1699999999999999,0,1,0,0,0,0
4,4.1749999999999998,835,96.847339486701273,0,0,0,27.109636313834766,0,27.109636313834766,0,0,-0,1.7029069015174025,0,96.847339486701273,96.847339486701273,0.32282446495567091,0,0,0,20,-7.1096363138347662,0,4.1749999999999998,0,1,0,0,0,0
4,4.1799999999999997,836,96.980849349766288,0,0,0,27.118150848342353,0,27.118150848342353,0,0,-0,1.7029069015174025,0,96.980849349766288,96.980849349766288,0.32326949783255432,0,0,0,20,-7.1181508483423528,0,4.1799999999999997,0,1,0,0,0,0
4,4.1850000000000005,837,97.114401138729292,0,0,0,27.126665382849939,0,27.126665382849939,0,0,-0,1.7029069015174025,0,97.114401138729292,97.114401138729292,0.32371467046243096,0,0,0,20,-7.1266653828499393,0,4.1850000000000005,0,1,0,0,0,0
4,4.1900000000000004,838,97.247994853590271,0,0,0,27.135179917357526,0,27.135179917357526,0,0,-0,1.7029069015174025,0,97.247994853590271,97.247994853590271,0.3241599828453009,0,0,0,20,-7.1351799173575259,0,4.1900000000000004,0,1,0,0,0,0
4,4.1950000000000003,839,97.381630494349238,0,0,0,27.143694451865112,0,27.143694451865112,0,0,-0,1.7029069015174025,0,97.381630494349238,97.381630494349238,0.32460543498116412,0,0,0,20,-7.1436944518651124,0,4.1950000000000003,0,1,0,0,0,0
4,4.2000000000000002,840,97.515308061006181,0,0,0,27.152208986372699,0,27.152208986372699,0,0,-0,1.7029069015174025,0,97.515308061006181,97.515308061006181,0.32505102687002058,0,0,0,20,-7.152208986372699,0,4.2000000000000002,0,1,0,0,0,0
4,4.2050000000000001,841,97.649027553561112,0,0,0,27.160723520880286,0,27.160723520880286,0,0,-0,1.7029069015174025,0,97.649027553561112,97.649027553561112,0.32549675851187038,0,0,0,20,-7.1607235208802855,0,4.2050000000000001,0,1,0,0,0,0
4,4.21,842,97.782788972014018,0,0,0,27.169238055387872,0,27.169238055387872,0,0,-0,1.7029069015174025,0,97.782788972014018,97.782788972014018,0.32594262990671341,0,0,0,20,-7.1692380553878721,0,4.21,0,1,0,0,0,0
4,4.2149999999999999,843,97.916592316364913,0,0,0,27.177752589895459,0,27.177752589895459,0,0,-0,1.7029069015174025,0,97.916592316364913,97.916592316364913,0.32638864105454973,0,0,0,20,-7.1777525898954586,0,4.2149999999999999,0,1,0,0,0,0
4,4.2199999999999998,844,98.050437586613782,0,0,0,27.186267124403045,0,27.186267124403045,0,0,-0,1.7029069015174025,0,98.050437586613782,98.050437586613782,0.32683479195537929,0,0,0,20,-7.1862671244030452,0,4.2199999999999998,0,1,0,0,0,0
4,4.2249999999999996,845,98.18432478276064,0,0,0,27.194781658910632,0,27.194781658910632,0,0,-0,1.7029069015174025,0,98.18432478276064,98.18432478276064,0.32728108260920213,0,0,0,20,-7.1947816589106317,0,4.2249999999999996,0,1,0,0,0,0
4,4.2300000000000004,846,98.318253904805474,0,0,0,27.203296193418218,0,27.203296193418218,0,0,-0,1.7029069015174025,0,98.318253904805474,98.318253904805474,0.32772751301601827,0,0,0,20,-7.2032961934182183,0,4.2300000000000004,0,1,0,0,0,0
4,4.2350000000000003,847,98.452224952748296,0,0,0,27.211810727925805,0,27.211810727925805,0,0,-0,1.7029069015174025,0,98.452224952748296,98.452224952748296,0.32817408317582764,0,0,0,20,-7.2118107279258048,0,4.2350000000000003,0,1,0,0,0,0
4,4.2400000000000002,848,98.586237926589092,0,0,0,27.220325262433391,0,27.220325262433391,0,0,-0,1.7029069015174025,0,98.586237926589092,98.586237926589092,0.32862079308863029,0,0,0,20,-7.2203252624333913,0,4.2400000000000002,0,1,0,0,0,0
4,4.2450000000000001,849,98.720292826327878,0,0,0,27.228839796940978,0,27.228839796940978,0,0,-0,1.7029069015174025,0,98.720292826327878,98.720292826327878,0.32906764275442624,0,0,0,20,-7.2288397969409779,0,4.2450000000000001,0,1,0,0,0,0
4,4.25,850,98.854389651964638,0,0,0,27.237354331448564,0,27.237354331448564,0,0,-0,1.7029069015174025,0,98.854389651964638,98.854389651964638,0.32951463217321547,0,0,0,20,-7.2373543314485644,0,4.25,0,1,0,0,0,0
4,4.2549999999999999,851,98.988528403499387,0,0,0,27.245868865956151,0,27.245868865956151,0,0,-0,1.7029069015174025,0,98.988528403499387,98.988528403499387,0.32996176134499794,0,0,0,20,-7.245868865956151,0,4.2549999999999999,0,1,0,0,0,0
4,4.2599999999999998,852,99.122709080932111,0,0,0,27.254383400463738,0,27.254383400463738,0,0,-0,1.7029069015174025,0,99.122709080932111,99.122709080932111,0.3304090302697737,0,0,0,20,-7.2543834004637375,0,4.2599999999999998,0,1,0,0,0,0
4,4.2649999999999997,853,99.256931684262824,0,0,0,27.262897934971324,0,27.262897934971324,0,0,-0,1.7029069015174025,0,99.256931684262824,99.256931684262824,0.33085643894754274,0,0,0,20,-7.2628979349713241,0,4.2649999999999997,0,1,0,0,0,0
4,4.2700000000000005,854,99.391196213491511,0,0,0,27.271412469478911,0,27.271412469478911,0,0,-0,1.7029069015174025,0,99.391196213491511,99.391196213491511,0.33130398737830502,0,0,0,20,-7.2714124694789106,0,4.2700000000000005,0,1,0,0,0,0
4,4.2750000000000004,855,99.525502668618188,0,0,0,27.279927003986497,0,27.279927003986497,0,0,-0,1.7029069015174025,0,99.525502668618188,99.525502668618188,0.33175167556206064,0,0,0,20,-7.2799270039864972,0,4.2750000000000004,0,1,0,0,0,0
4,4.2800000000000002,856,99.659851049642839,0,0,0,27.288441538494084,0,27.288441538494084,0,0,-0,1.7029069015174025,0,99.659851049642839,99.659851049642839,0.33219950349880945,0,0,0,20,-7.2884415384940837,0,4.2800000000000002,0,1,0,0,0,0
4,4.2850000000000001,857,99.794241356565479,0,0,0,27.29695607300167,0,27.29695607300167,0,0,-0,1.7029069015174025,0,99.794241356565479,99.794241356565479,0.33264747118855159,0,0,0,20,-7.2969560730016703,0,4.2850000000000001,0,1,0,0,0,0
4,4.29,858,99.928673589386094,0,0,0,27.305470607509257,0,27.305470607509257,0,0,-0,1.7029069015174025,0,99.928673589386094,99.928673589386094,0.33309557863128697,0,0,0,20,-7.3054706075092568,0,4.29,0,1,0,0,0,0
4,4.2949999999999999,859,100.0631477481047,0,0,0,27.313985142016843,0,27.313985142016843,0,0,-0,1.7029069015174025,0,100.0631477481047,100.0631477481047,0.33354382582701564,0,0,0,20,-7.3139851420168434,0,4.2949999999999999,0,1,0,0,0,0
4,4.2999999999999998,860,100.19766383272128,0,0,0,27.32249967652443,0,27.32249967652443,0,0,-0,1.7029069015174025,0,100.19766383272128,100.19766383272128,0.3339922127757376,0,0,0,20,-7.3224996765244299,0,4.2999999999999998,0,1,0,0,0,0
4,4.3049999999999997,861,100.33222184323584,0,0,0,27.331014211032016,0,27.331014211032016,0,0,-0,1.7029069015174025,0,100.33222184323584,100.33222184323584,0.33444073947745279,0,0,0,20,-7.3310142110320164,0,4.3049999999999997,0,1,0,0,0,0
4,4.3100000000000005,862,100.46682177964838,0,0,0,27.339528745539603,0,27.339528745539603,0,0,-0,1.7029069015174025,0,100.46682177964838,100.46682177964838,0.33488940593216127,0,0,0,20,-7.339528745539603,0,4.3100000000000005,0,1,0,0,0,0
4,4.3150000000000004,863,100.60146364195892,0,0,0,27.34804328004719,0,27.34804328004719,0,0,-0,1.7029069015174025,0,100.60146364195892,100.60146364195892,0.33533821213986303,0,0,0,20,-7.3480432800471895,0,4.3150000000000004,0,1,0,0,0,0
4,4.3200000000000003,864,100.73614743016742,0,0,0,27.356557814554776,0,27.356557814554776,0,0,-0,1.7029069015174025,0,100.73614743016742,100.73614743016742,0.33578715810055809,0,0,0,20,-7.3565578145547761,0,4.3200000000000003,0,1,0,0,0,0
4,4.3250000000000002,865,100.87087314427392,0,0,0,27.365072349062363,0,27.365072349062363,0,0,-0,1.7029069015174025,0,100.87087314427392,100.87087314427392,0.33623624381424638,0,0,0,20,-7.3650723490623626,0,4.3250000000000002,0,1,0,0,0,0
4,4.3300000000000001,866,101.00564078427838,0,0,0,27.373586883569949,0,27.373586883569949,0,0,-0,1.7029069015174025,0,101.00564078427838,101.00564078427838,0.33668546928092796,0,0,0,20,-7.3735868835699492,0,4.3300000000000001,0,1,0,0,0,0
4,4.335,867,101.14045035018084,0,0,0,27.382101418077536,0,27.382101418077536,0,0,-0,1.7029069015174025,0,101.14045035018084,101.14045035018084,0.33713483450060283,0,0,0,20,-7.3821014180775357,0,4.335,0,1,0,0,0,0
4,4.3399999999999999,868,101.27530184198127,0,0,0,27.390615952585122,0,27.390615952585122,0,0,-0,1.7029069015174025,0,101.27530184198127,101.27530184198127,0.33758433947327093,0,0,0,20,-7.3906159525851223,0,4.3399999999999999,0,1,0,0,0,0
4,4.3449999999999998,869,101.4101952596797,0,0,0,27.399130487092709,0,27.399130487092709,0,0,-0,1.7029069015174025,0,101.4101952596797,101.4101952596797,0.33803398419893232,0,0,0,20,-7.3991304870927088,0,4.3449999999999998,0,1,0,0,0,0
4,4.3500000000000005,870,101.54513060327609,0,0,0,27.407645021600295,0,27.407645021600295,0,0,-0,1.7029069015174025,0,101.54513060327609,101.54513060327609,0.33848376867758695,0,0,0,20,-7.4076450216002954,0,4.3500000000000005,0,1,0,0,0,0
4,4.3550000000000004,871,101.68010787277048,0,0,0,27.416159556107882,0,27.416159556107882,0,0,-0,1.7029069015174025,0,101.68010787277048,101.68010787277048,0.33893369290923492,0,0,0,20,-7.4161595561078819,0,4.3550000000000004,0,1,0,0,0,0
4,4.3600000000000003,872,101.81512706816284,0,0,0,27.424674090615468,0,27.424674090615468,0,0,-0,1.7029069015174025,0,101.81512706816284,101.81512706816284,0.33938375689387612,0,0,0,20,-7.4246740906154685,0,4.3600000000000003,0,1,0,0,0,0
4,4.3650000000000002,873,101.95018818945319,0,0,0,27.433188625123055,0,27.433188625123055,0,0,-0,1.7029069015174025,0,101.95018818945319,101.95018818945319,0.33983396063151061,0,0,0,20,-7.433188625123055,0,4.3650000000000002,0,1,0,0,0,0
4,4.3700000000000001,874,102.08529123664151,0,0,0,27.441703159630642,0,27.441703159630642,0,0,-0,1.7029069015174025,0,102.08529123664151,102.08529123664151,0.34028430412213839,0,0,0,20,-7.4417031596306416,0,4.3700000000000001,0,1,0,0,0,0
4,4.375,875,102.22043620972782,0,0,0,27.450217694138228,0,27.450217694138228,0,0,-0,1.7029069015174025,0,102.22043620972782,102.22043620972782,0.34073478736575941,0,0,0,20,-7.4502176941382281,0,4.375,0,1,0,0,0,0
4,4.3799999999999999,876,102.35562310871211,0,0,0,27.458732228645815,0,27.458732228645815,0,0,-0,1.7029069015174025,0,102.35562310871211,102.35562310871211,0.34118541036237371,0,0,0,20,-7.4587322286458146,0,4.3799999999999999,0,1,0,0,0,0
4,4.3849999999999998,877,102.49085193359439,0,0,0,27.467246763153401,0,27.467246763153401,0,0,-0,1.7029069015174025,0,102.49085193359439,102.49085193359439,0.3416361731119813,0,0,0,20,-7.4672467631534012,0,4.3849999999999998,0,1,0,0,0,0
4,4.3899999999999997,878,102.62612268437464,0,0,0,27.475761297660988,0,27.475761297660988,0,0,-0,1.7029069015174025,0,102.62612268437464,102.62612268437464,0.34208707561458213,0,0,0,20,-7.4757612976609877,0,4.3899999999999997,0,1,0,0,0,0
4,4.3950000000000005,879,102.76143536105288,0,0,0,27.484275832168574,0,27.484275832168574,0,0,-0,1.7029069015174025,0,102.76143536105288,102.76143536105288,0.34253811787017624,0,0,0,20,-7.4842758321685743,0,4.3950000000000005,0,1,0,0,0,0
4,4.4000000000000004,880,102.89678996362909,0,0,0,27.492790366676161,0,27.492790366676161,0,0,-0,1.7029069015174025,0,102.89678996362909,102.89678996362909,0.34298929987876364,0,0,0,20,-7.4927903666761608,0,4.4000000000000004,0,1,0,0,0,0
4,4.4050000000000002,881,103.03218649210329,0,0,0,27.501304901183747,0,27.501304901183747,0,0,-0,1.7029069015174025,0,103.03218649210329,103.03218649210329,0.34344062164034433,0,0,0,20,-7.5013049011837474,0,4.4050000000000002,0,1,0,0,0,0
4,4.4100000000000001,882,103.16762494647547,0,0,0,27.509819435691334,0,27.509819435691334,0,0,-0,1.7029069015174025,0,103.16762494647547,103.16762494647547,0.34389208315491826,0,0,0,20,-7.5098194356913339,0,4.4100000000000001,0,1,0,0,0,0
4,4.415,883,103.30310532674564,0,0,0,27.51833397019892,0,27.51833397019892,0,0,-0,1.7029069015174025,0,103.30310532674564,103.30310532674564,0.34434368442248547,0,0,0,20,-7.5183339701989205,0,4.415,0,1,0,0,0,0
4,4.4199999999999999,884,103.43862763291378,0,0,0,27.526848504706507,0,27.526848504706507,0,0,-0,1.7029069015174025,0,103.43862763291378,103.43862763291378,0.34479542544304592,0,0,0,20,-7.526848504706507,0,4.4199999999999999,0,1,0,0,0,0
4,4.4249999999999998,885,103.57419186497991,0,0,0,27.535363039214094,0,27.535363039214094,0,0,-0,1.7029069015174025,0,103.57419186497991,103.57419186497991,0.34524730621659971,0,0,0,20,-7.5353630392140936,0,4.4249999999999998,0,1,0,0,0,0
4,4.4299999999999997,886,103.70979802294401,0,0,0,27.54387757372168,0,27.54387757372168,0,0,-0,1.7029069015174025,0,103.70979802294401,103.70979802294401,0.34569932674314674,0,0,0,20,-7.5438775737216801,0,4.4299999999999997,0,1,0,0,0,0
4,4.4350000000000005,887,103.84544610680611,0,0,0,27.552392108229267,0,27.552392108229267,0,0,-0,1.7029069015174025,0,103.84544610680611,103.84544610680611,0.346151487022687,0,0,0,20,-7.5523921082292667,0,4.4350000000000005,0,1,0,0,0,0
4,4.4400000000000004,888,103.98113611656618,0,0,0,27.560906642736853,0,27.560906642736853,0,0,-0,1.7029069015174025,0,103.98113611656618,103.98113611656618,0.3466037870552206,0,0,0,20,-7.5609066427368532,0,4.4400000000000004,0,1,0,0,0,0
4,4.4450000000000003,889,104.11686805222423,0,0,0,27.56942117724444,0,27.56942117724444,0,0,-0,1.7029069015174025,0,104.11686805222423,104.11686805222423,0.34705622684074744,0,0,0,20,-7.5694211772444397,0,4.4450000000000003,0,1,0,0,0,0
4,4.4500000000000002,890,104.25264191378027,0,0,0,27.577935711752026,0,27.577935711752026,0,0,-0,1.7029069015174025,0,104.25264191378027,104.25264191378027,0.34750880637926757,0,0,0,20,-7.5779357117520263,0,4.4500000000000002,0,1,0,0,0,0
4,4.4550000000000001,891,104.38845770123429,0,0,0,27.586450246259613,0,27.586450246259613,0,0,-0,1.7029069015174025,0,104.38845770123429,104.38845770123429,0.34796152567078098,0,0,0,20,-7.5864502462596128,0,4.4550000000000001,0,1,0,0,0,0
4,4.46,892,104.52431541458628,0,0,0,27.594964780767199,0,27.594964780767199,0,0,-0,1.7029069015174025,0,104.52431541458628,104.52431541458628,0.34841438471528763,0,0,0,20,-7.5949647807671994,0,4.46,0,1,0,0,0,0
4,4.4649999999999999,893,104.66021505383627,0,0,0,27.603479315274786,0,27.603479315274786,0,0,-0,1.7029069015174025,0,104.66021505383627,104.66021505383627,0.34886738351278757,0,0,0,20,-7.6034793152747859,0,4.4649999999999999,0,1,0,0,0,0
4,4.4699999999999998,894,104.79615661898423,0,0,0,27.611993849782372,0,27.611993849782372,0,0,-0,1.7029069015174025,0,104.79615661898423,104.79615661898423,0.34932052206328074,0,0,0,20,-7.6119938497823725,0,4.4699999999999998,0,1,0,0,0,0
4,4.4750000000000005,895,104.93214011003018,0,0,0,27.620508384289959,0,27.620508384289959,0,0,-0,1.7029069015174025,0,104.93214011003018,104.93214011003018,0.34977380036676725,0,0,0,20,-7.620508384289959,0,4.4750000000000005,0,1,0,0,0,0
4,4.4800000000000004,896,105.0681655269741,0,0,0,27.629022918797546,0,27.629022918797546,0,0,-0,1.7029069015174025,0,105.0681655269741,105.0681655269741,0.350227218423247,0,0,0,20,-7.6290229187975456,0,4.4800000000000004,0,1,0,0,0,0
4,4.4850000000000003,897,105.20423286981601,0,0,0,27.637537453305132,0,27.637537453305132,0,0,-0,1.7029069015174025,0,105.20423286981601,105.20423286981601,0.35068077623272004,0,0,0,20,-7.6375374533051321,0,4.4850000000000003,0,1,0,0,0,0
4,4.4900000000000002,898,105.3403421385559,0,0,0,27.646051987812719,0,27.646051987812719,0,0,-0,1.7029069015174025,0,105.3403421385559,105.3403421385559,0.35113447379518631,0,0,0,20,-7.6460519878127187,0,4.4900000000000002,0,1,0,0,0,0
4,4.4950000000000001,899,105.47649333319377,0,0,0,27.654566522320305,0,27.654566522320305,0,0,-0,1.7029069015174025,0,105.47649333319377,105.47649333319377,0.35158831111064592,0,0,0,20,-7.6545665223203052,0,4.4950000000000001,0,1,0,0,0,0
4,4.5,900,105.61268645372962,0,0,0,27.663081056827892,0,27.663081056827892,0,0,-0,1.7029069015174025,0,105.61268645372962,105.61268645372962,0.35204228817909872,0,0,0,20,-7.6630810568278918,0,4.5,0,1,0,0,0,0
4,4.5049999999999999,901,105.74892150016346,0,0,0,27.671595591335478,0,27.671595591335478,0,0,-0,1.7029069015174025,0,105.74892150016346,105.74892150016346,0.35249640500054485,0,0,0,20,-7.6715955913354783,0,4.5049999999999999,0,1,0,0,0,0
4,4.5099999999999998,902,105.88519847249528,0,0,0,27.680110125843065,0,27.680110125843065,0,0,-0,1.7029069015174025,0,105.88519847249528,105.88519847249528,0.35295066157498423,0,0,0,20,-7.6801101258430648,0,4.5099999999999998,0,1,0,0,0,0
4,4.5149999999999997,903,106.02151737072508,0,0,0,27.688624660350651,0,27.688624660350651,0,0,-0,1.7029069015174025,0,106.02151737072508,106.02151737072508,0.35340505790241694,0,0,0,20,-7.6886246603506514,0,4.5149999999999997,0,1,0,0,0,0
4,4.5200000000000005,904,106.15787819485286,0,0,0,27.697139194858238,0,27.697139194858238,0,0,-0,1.7029069015174025,0,106.15787819485286,106.15787819485286,0.35385959398284283,0,0,0,20,-7.6971391948582379,0,4.5200000000000005,0,1,0,0,0,0
4,4.5250000000000004,905,106.29428094487862,0,0,0,27.705653729365824,0,27.705653729365824,0,0,-0,1.7029069015174025,0,106.29428094487862,106.29428094487862,0.35431426981626207,0,0,0,20,-7.7056537293658245,0,4.5250000000000004,0,1,0,0,0,0
4,4.5300000000000002,906,106.43072562080236,0,0,0,27.714168263873411,0,27.714168263873411,0,0,-0,1.7029069015174025,0,106.43072562080236,106.43072562080236,0.35476908540267454,0,0,0,20,-7.714168263873411,0,4.5300000000000002,0,1,0,0,0,0
4,4.5350000000000001,907,106.56721222262409,0,0,0,27.722682798380998,0,27.722682798380998,0,0,-0,1.7029069015174025,0,106.56721222262409,106.56721222262409,0.3552240407420803,0,0,0,20,-7.7226827983809976,0,4.5350000000000001,0,1,0,0,0,0
4,4.54,908,106.7037407503438,0,0,0,27.731197332888584,0,27.731197332888584,0,0,-0,1.7029069015174025,0,106.7037407503438,106.7037407503438,0.3556791358344793,0,0,0,20,-7.7311973328885841,0,4.54,0,1,0,0,0,0
4,4.5449999999999999,909,106.84031120396149,0,0,0,27.739711867396171,0,27.739711867396171,0,0,-0,1.7029069015174025,0,106.84031120396149,106.84031120396149,0.35613437067987164,0,0,0,20,-7.7397118673961707,0,4.5449999999999999,0,1,0,0,0,0
4,4.5499999999999998,910,106.97692358347716,0,0,0,27.748226401903757,0,27.748226401903757,0,0,-0,1.7029069015174025,0,106.97692358347716,106.97692358347716,0.35658974527825721,0,0,0,20,-7.7482264019037572,0,4.5499999999999998,0,1,0,0,0,0
4,4.5549999999999997,911,107.11357788889082,0,0,0,27.756740936411344,0,27.756740936411344,0,0,-0,1.7029069015174025,0,107.11357788889082,107.11357788889082,0.35704525962963607,0,0,0,20,-7.7567409364113438,0,4.5549999999999997,0,1,0,0,0,0
4,4.5600000000000005,912,107.25027412020245,0,0,0,27.76525547091893,0,27.76525547091893,0,0,-0,1.7029069015174025,0,107.25027412020245,107.25027412020245,0.35750091373400816,0,0,0,20,-7.7652554709189303,0,4.5600000000000005,0,1,0,0,0,0
4,4.5650000000000004,913,107.38701227741207,0,0,0,27.773770005426517,0,27.773770005426517,0,0,-0,1.7029069015174025,0,107.38701227741207,107.38701227741207,0.35795670759137355,0,0,0,20,-7.7737700054265169,0,4.5650000000000004,0,1,0,0,0,0
4,4.5700000000000003,914,107.52379236051966,0,0,0,27.782284539934103,0,27.782284539934103,0,0,-0,1.7029069015174025,0,107.52379236051966,107.52379236051966,0.35841264120173222,0,0,0,20,-7.7822845399341034,0,4.5700000000000003,0,1,0,0,0,0
4,4.5750000000000002,915,107.66061436952525,0,0,0,27.79079907444169,0,27.79079907444169,0,0,-0,1.7029069015174025,0,107.66061436952525,107.66061436952525,0.35886871456508418,0,0,0,20,-7.79079907444169,0,4.5750000000000002,0,1,0,0,0,0
4,4.5800000000000001,916,107.79747830442881,0,0,0,27.799313608949276,0,27.799313608949276,0,0,-0,1.7029069015174025,0,107.79747830442881,107.79747830442881,0.35932492768142937,0,0,0,20,-7.7993136089492765,0,4.5800000000000001,0,1,0,0,0,0
4,4.585,917,107.93438416523036,0,0,0,27.807828143456863,0,27.807828143456863,0,0,-0,1.7029069015174025,0,107.93438416523036,107.93438416523036,0.35978128055076786,0,0,0,20,-7.807828143456863,0,4.585,0,1,0,0,0,0
4,4.5899999999999999,918,108.07133195192988,0,0,0,27.81634267796445,0,27.81634267796445,0,0,-0,1.7029069015174025,0,108.07133195192988,108.07133195192988,0.36023777317309957,0,0,0,20,-7.8163426779644496,0,4.5899999999999999,0,1,0,0,0,0
4,4.5949999999999998,919,108.20832166452739,0,0,0,27.824857212472036,0,27.824857212472036,0,0,-0,1.7029069015174025,0,108.20832166452739,108.20832166452739,0.36069440554842463,0,0,0,20,-7.8248572124720361,0,4.5949999999999998,0,1,0,0,0,0
4,4.6000000000000005,920,108.34535330302288,0,0,0,27.833371746979623,0,27.833371746979623,0,0,-0,1.7029069015174025,0,108.34535330302288,108.34535330302288,0.36115117767674293,0,0,0,20,-7.8333717469796227,0,4.6000000000000005,0,1,0,0,0,0
4,4.6050000000000004,921,108.48242686741635,0,0,0,27.841886281487209,0,27.841886281487209,0,0,-0,1.7029069015174025,0,108.48242686741635,108.48242686741635,0.36160808955805451,0,0,0,20,-7.8418862814872092,0,4.6050000000000004,0,1,0,0,0,0
4,4.6100000000000003,922,108.6195423577078,0,0,0,27.850400815994796,0,27.850400815994796,0,0,-0,1.7029069015174025,0,108.6195423577078,108.6195423577078,0.36206514119235933,0,0,0,20,-7.8504008159947958,0,4.6100000000000003,0,1,0,0,0,0
4,4.6150000000000002,923,108.75669977389724,0,0,0,27.858915350502382,0,27.858915350502382,0,0,-0,1.7029069015174025,0,108.75669977389724,108.75669977389724,0.36252233257965744,0,0,0,20,-7.8589153505023823,0,4.6150000000000002,0,1,0,0,0,0
4,4.6200000000000001,924,108.89389911598465,0,0,0,27.867429885009969,0,27.867429885009969,0,0,-0,1.7029069015174025,0,108.89389911598465,108.89389911598465,0.36297966371994883,0,0,0,20,-7.8674298850099689,0,4.6200000000000001,0,1,0,0,0,0
4,4.625,925,109.03114038397005,0,0,0,27.875944419517555,0,27.875944419517555,0,0,-0,1.7029069015174025,0,109.03114038397005,109.03114038397005,0.36343713461323351,0,0,0,20,-7.8759444195175554,0,4.625,0,1,0,0,0,0
4,4.6299999999999999,926,109.16842357785343,0,0,0,27.884458954025142,0,27.884458954025142,0,0,-0,1.7029069015174025,0,109.16842357785343,109.16842357785343,0.36389474525951143,0,0,0,20,-7.884458954025142,0,4.6299999999999999,0,1,0,0,0,0
4,4.6349999999999998,927,109.3057486976348,0,0,0,27.892973488532729,0,27.892973488532729,0,0,-0,1.7029069015174025,0,109.3057486976348,109.3057486976348,0.36435249565878264,0,0,0,20,-7.8929734885327285,0,4.6349999999999998,0,1,0,0,0,0
4,4.6399999999999997,928,109.44311574331414,0,0,0,27.901488023040315,0,27.901488023040315,0,0,-0,1.7029069015174025,0,109.44311574331414,109.44311574331414,0.36481038581104713,0,0,0,20,-7.9014880230403151,0,4.6399999999999997,0,1,0,0,0,0
4,4.6450000000000005,929,109.58052471489147,0,0,0,27.910002557547902,0,27.910002557547902,0,0,-0,1.7029069015174025,0,109.58052471489147,109.58052471489147,0.36526841571630492,0,0,0,20,-7.9100025575479016,0,4.6450000000000005,0,1,0,0,0,0
4,4.6500000000000004,930,109.71797561236677,0,0,0,27.918517092055488,0,27.918517092055488,0,0,-0,1.7029069015174025,0,109.71797561236677,109.71797561236677,0.36572658537455588,0,0,0,20,-7.9185170920554881,0,4.6500000000000004,0,1,0,0,0,0
4,4.6550000000000002,931,109.85546843574006,0,0,0,27.927031626563075,0,27.927031626563075,0,0,-0,1.7029069015174025,0,109.85546843574006,109.85546843574006,0.36618489478580024,0,0,0,20,-7.9270316265630747,0,4.6550000000000002,0,1,0,0,0,0
4,4.6600000000000001,932,109.99300318501133,0,0,0,27.935546161070661,0,27.935546161070661,0,0,-0,1.7029069015174025,0,109.99300318501133,109.99300318501133,0.36664334395003778,0,0,0,20,-7.9355461610706612,0,4.6600000000000001,0,1,0,0,0,0
4,4.665,933,110.13057986018059,0,0,0,27.944060695578248,0,27.944060695578248,0,0,-0,1.7029069015174025,0,110.13057986018059,110.13057986018059,0.36710193286726861,0,0,0,20,-7.9440606955782478,0,4.665,0,1,0,0,0,0
4,4.6699999999999999,934,110.26819846124782,0,0,0,27.952575230085834,0,27.952575230085834,0,0,-0,1.7029069015174025,0,110.26819846124782,110.26819846124782,0.36756066153749273,0,0,0,20,-7.9525752300858343,0,4.6699999999999999,0,1,0,0,0,0
4,4.6749999999999998,935,110.40585898821304,0,0,0,27.961089764593421,0,27.961089764593421,0,0,-0,1.7029069015174025,0,110.40585898821304,110.40585898821304,0.36801952996071013,0,0,0,20,-7.9610897645934209,0,4.6749999999999998,0,1,0,0,0,0
4,4.6799999999999997,936,110.54356144107624,0,0,0,27.969604299101007,0,27.969604299101007,0,0,-0,1.7029069015174025,0,110.54356144107624,110.54356144107624,0.36847853813692077,0,0,0,20,-7.9696042991010074,0,4.6799999999999997,0,1,0,0,0,0
4,4.6850000000000005,937,110.68130581983742,0,0,0,27.978118833608594,0,27.978118833608594,0,0,-0,1.7029069015174025,0,110.68130581983742,110.68130581983742,0.3689376860661247,0,0,0,20,-7.978118833608594,0,4.6850000000000005,0,1,0,0,0,0
4,4.6900000000000004,938,110.81909212449658,0,0,0,27.986633368116181,0,27.986633368116181,0,0,-0,1.7029069015174025,0,110.81909212449658,110.81909212449658,0.36939697374832192,0,0,0,20,-7.9866333681161805,0,4.6900000000000004,0,1,0,0,0,0
4,4.6950000000000003,939,110.95692035505373,0,0,0,27.995147902623767,0,27.995147902623767,0,0,-0,1.7029069015174025,0,110.95692035505373,110.95692035505373,0.36985640118351243,0,0,0,20,-7.9951479026237671,0,4.6950000000000003,0,1,0,0,0,0
4,4.7000000000000002,940,111.09479051150885,0,0,0,28.003662437131354,0,28.003662437131354,0,0,-0,1.7029069015174025,0,111.09479051150885,111.09479051150885,0.37031596837169617,0,0,0,20,-8.0036624371313536,0,4.7000000000000002,0,1,0,0,0,0
4,4.7050000000000001,941,111.23270259386196,0,0,0,28.01217697163894,0,28.01217697163894,0,0,-0,1.7029069015174025,0,111.23270259386196,111.23270259386196,0.3707756753128732,0,0,0,20,-8.0121769716389402,0,4.7050000000000001,0,1,0,0,0,0
4,4.71,942,111.37065660211304,0,0,0,28.020691506146527,0,28.020691506146527,0,0,-0,1.7029069015174025,0,111.37065660211304,111.37065660211304,0.37123552200704346,0,0,0,20,-8.0206915061465267,0,4.71,0,1,0,0,0,0
4,4.7149999999999999,943,111.50865253626212,0,0,0,28.029206040654113,0,28.029206040654113,0,0,-0,1.7029069015174025,0,111.50865253626212,111.50865253626212,0.37169550845420707,0,0,0,20,-8.0292060406541133,0,4.7149999999999999,0,1,0,0,0,0
4,4.7199999999999998,944,111.64669039630917,0,0,0,28.0377205751617,0,28.0377205751617,0,0,-0,1.7029069015174025,0,111.64669039630917,111.64669039630917,0.37215563465436391,0,0,0,20,-8.0377205751616998,0,4.7199999999999998,0,1,0,0,0,0
4,4.7250000000000005,945,111.78477018225421,0,0,0,28.046235109669286,0,28.046235109669286,0,0,-0,1.7029069015174025,0,111.78477018225421,111.78477018225421,0.37261590060751404,0,0,0,20,-8.0462351096692863,0,4.7250000000000005,0,1,0,0,0,0
4,4.7300000000000004,946,111.92289189409722,0,0,0,28.054749644176873,0,28.054749644176873,0,0,-0,1.7029069015174025,0,111.92289189409722,111.92289189409722,0.3730763063136574,0,0,0,20,-8.0547496441768729,0,4.7300000000000004,0,1,0,0,0,0
4,4.7350000000000003,947,112.06105553183822,0,0,0,28.063264178684459,0,28.063264178684459,0,0,-0,1.7029069015174025,0,112.06105553183822,112.06105553183822,0.37353685177279405,0,0,0,20,-8.0632641786844594,0,4.7350000000000003,0,1,0,0,0,0
4,4.7400000000000002,948,112.1992610954772,0,0,0,28.071778713192046,0,28.071778713192046,0,0,-0,1.7029069015174025,0,112.1992610954772,112.1992610954772,0.373997536984924,0,0,0,20,-8.071778713192046,0,4.7400000000000002,0,1,0,0,0,0
4,4.7450000000000001,949,112.33750858501416,0,0,0,28.080293247699633,0,28.080293247699633,0,0,-0,1.7029069015174025,0,112.33750858501416,112.33750858501416,0.37445836195004722,0,0,0,20,-8.0802932476996325,0,4.7450000000000001,0,1,0,0,0,0
4,4.75,950,112.4757980004491,0,0,0,28.088807782207219,0,28.088807782207219,0,0,-0,1.7029069015174025,0,112.4757980004491,112.4757980004491,0.37491932666816369,0,0,0,20,-8.0888077822072191,0,4.75,0,1,0,0,0,0
4,4.7549999999999999,951,112.61412934178203,0,0,0,28.097322316714806,0,28.097322316714806,0,0,-0,1.7029069015174025,0,112.61412934178203,112.61412934178203,0.37538043113927344,0,0,0,20,-8.0973223167148056,0,4.7549999999999999,0,1,0,0,0,0
4,4.7599999999999998,952,112.75250260901294,0,0,0,28.105836851222392,0,28.105836851222392,0,0,-0,1.7029069015174025,0,112.75250260901294,112.75250260901294,0.37584167536337643,0,0,0,20,-8.1058368512223922,0,4.7599999999999998,0,1,0,0,0,0
4,4.7649999999999997,953,112.89091780214183,0,0,0,28.114351385729979,0,28.114351385729979,0,0,-0,1.7029069015174025,0,112.89091780214183,112.89091780214183,0.37630305934047276,0,0,0,20,-8.1143513857299787,0,4.7649999999999997,0,1,0,0,0,0
4,4.7700000000000005,954,113.0293749211687,0,0,0,28.122865920237565,0,28.122865920237565,0,0,-0,1.7029069015174025,0,113.0293749211687,113.0293749211687,0.37676458307056232,0,0,0,20,-8.1228659202375653,0,4.7700000000000005,0,1,0,0,0,0
4,4.7750000000000004,955,113.16787396609355,0,0,0,28.131380454745152,0,28.131380454745152,0,0,-0,1.7029069015174025,0,113.16787396609355,113.16787396609355,0.37722624655364517,0,0,0,20,-8.1313804547451518,0,4.7750000000000004,0,1,0,0,0,0
4,4.7800000000000002,956,113.30641493691638,0,0,0,28.139894989252738,0,28.139894989252738,0,0,-0,1.7029069015174025,0,113.30641493691638,113.30641493691638,0.37768804978972126,0,0,0,20,-8.1398949892527384,0,4.7800000000000002,0,1,0,0,0,0
4,4.7850000000000001,957,113.4449978336372,0,0,0,28.148409523760325,0,28.148409523760325,0,0,-0,1.7029069015174025,0,113.4449978336372,113.4449978336372,0.37814999277879069,0,0,0,20,-8.1484095237603249,0,4.7850000000000001,0,1,0,0,0,0
4,4.79,958,113.583622656256,0,0,0,28.156924058267911,0,28.156924058267911,0,0,-0,1.7029069015174025,0,113.583622656256,113.583622656256,0.3786120755208533,0,0,0,20,-8.1569240582679114,0,4.79,0,1,0,0,0,0
4,4.7949999999999999,959,113.72228940477278,0,0,0,28.165438592775498,0,28.165438592775498,0,0,-0,1.7029069015174025,0,113.72228940477278,113.72228940477278,0.37907429801590925,0,0,0,20,-8.165438592775498,0,4.7949999999999999,0,1,0,0,0,0
4,4.7999999999999998,960,113.86099807918754,0,0,0,28.173953127283085,0,28.173953127283085,0,0,-0,1.7029069015174025,0,113.86099807918754,113.86099807918754,0.37953666026395844,0,0,0,20,-8.1739531272830845,0,4.7999999999999998,0,1,0,0,0,0
4,4.8049999999999997,961,113.99974867950029,0,0,0,28.182467661790671,0,28.182467661790671,0,0,-0,1.7029069015174025,0,113.99974867950029,113.99974867950029,0.37999916226500097,0,0,0,20,-8.1824676617906711,0,4.8049999999999997,0,1,0,0,0,0
4,4.8100000000000005,962,114.13854120571101,0,0,0,28.190982196298258,0,28.190982196298258,0,0,-0,1.7029069015174025,0,114.13854120571101,114.13854120571101,0.38046180401903668,0,0,0,20,-8.1909821962982576,0,4.8100000000000005,0,1,0,0,0,0
4,4.8150000000000004,963,114.27737565781972,0,0,0,28.199496730805844,0,28.199496730805844,0,0,-0,1.7029069015174025,0,114.27737565781972,114.27737565781972,0.38092458552606573,0,0,0,20,-8.1994967308058442,0,4.8150000000000004,0,1,0,0,0,0
4,4.8200000000000003,964,114.4162520358264,0,0,0,28.208011265313431,0,28.208011265313431,0,0,-0,1.7029069015174025,0,114.4162520358264,114.4162520358264,0.38138750678608802,0,0,0,20,-8.2080112653134307,0,4.8200000000000003,0,1,0,0,0,0
4,4.8250000000000002,965,114.55517033973108,0,0,0,28.216525799821017,0,28.216525799821017,0,0,-0,1.7029069015174025,0,114.55517033973108,114.55517033973108,0.38185056779910359,0,0,0,20,-8.2165257998210173,0,4.8250000000000002,0,1,0,0,0,0
4,4.8300000000000001,966,114.69413056953373,0,0,0,28.225040334328604,0,28.225040334328604,0,0,-0,1.7029069015174025,0,114.69413056953373,114.69413056953373,0.3823137685651124,0,0,0,20,-8.2250403343286038,0,4.8300000000000001,0,1,0,0,0,0
4,4.835,967,114.83313272523436,0,0,0,28.23355486883619,0,28.23355486883619,0,0,-0,1.7029069015174025,0,114.83313272523436,114.83313272523436,0.38277710908411455,0,0,0,20,-8.2335548688361904,0,4.835,0,1,0,0,0,0
4,4.8399999999999999,968,114.97217680683298,0,0,0,28.242069403343777,0,28.242069403343777,0,0,-0,1.7029069015174025,0,114.97217680683298,114.97217680683298,0.38324058935610994,0,0,0,20,-8.2420694033437769,0,4.8399999999999999,0,1,0,0,0,0
4,4.8449999999999998,969,115.11126281432958,0,0,0,28.250583937851363,0,28.250583937851363,0,0,-0,1.7029069015174025,0,115.11126281432958,115.11126281432958,0.38370420938109862,0,0,0,20,-8.2505839378513635,0,4.8449999999999998,0,1,0,0,0,0
4,4.8500000000000005,970,115.25039074772415,0,0,0,28.25909847235895,0,28.25909847235895,0,0,-0,1.7029069015174025,0,115.25039074772415,115.25039074772415,0.38416796915908052,0,0,0,20,-8.25909847235895,0,4.8500000000000005,0,1,0,0,0,0
4,4.8550000000000004,971,115.38956060701672,0,0,0,28.267613006866537,0,28.267613006866537,0,0,-0,1.7029069015174025,0,115.38956060701672,115.38956060701672,0.38463186869005572,0,0,0,20,-8.2676130068665366,0,4.8550000000000004,0,1,0,0,0,0
4,4.8600000000000003,972,115.52877239220726,0,0,0,28.276127541374123,0,28.276127541374123,0,0,-0,1.7029069015174025,0,115.52877239220726,115.52877239220726,0.38509590797402421,0,0,0,20,-8.2761275413741231,0,4.8600000000000003,0,1,0,0,0,0
4,4.8650000000000002,973,115.66802610329579,0,0,0,28.28464207588171,0,28.28464207588171,0,0,-0,1.7029069015174025,0,115.66802610329579,115.66802610329579,0.38556008701098593,0,0,0,20,-8.2846420758817096,0,4.8650000000000002,0,1,0,0,0,0
4,4.8700000000000001,974,115.80732174028229,0,0,0,28.293156610389296,0,28.293156610389296,0,0,-0,1.7029069015174025,0,115.80732174028229,115.80732174028229,0.386024405800941,0,0,0,20,-8.2931566103892962,0,4.8700000000000001,0,1,0,0,0,0
4,4.875,975,115.94665930316678,0,0,0,28.301671144896883,0,28.301671144896883,0,0,-0,1.7029069015174025,0,115.94665930316678,115.94665930316678,0.38648886434388929,0,0,0,20,-8.3016711448968827,0,4.875,0,1,0,0,0,0
4,4.8799999999999999,976,116.08603879194925,0,0,0,28.310185679404469,0,28.310185679404469,0,0,-0,1.7029069015174025,0,116.08603879194925,116.08603879194925,0.38695346263983083,0,0,0,20,-8.3101856794044693,0,4.8799999999999999,0,1,0,0,0,0
4,4.8849999999999998,977,116.22546020662971,0,0,0,28.318700213912056,0,28.318700213912056,0,0,-0,1.7029069015174025,0,116.22546020662971,116.22546020662971,0.3874182006887657,0,0,0,20,-8.3187002139120558,0,4.8849999999999998,0,1,0,0,0,0
4,4.8899999999999997,978,116.36492354720814,0,0,0,28.327214748419642,0,28.327214748419642,0,0,-0,1.7029069015174025,0,116.36492354720814,116.36492354720814,0.38788307849069381,0,0,0,20,-8.3272147484196424,0,4.8899999999999997,0,1,0,0,0,0
4,4.8950000000000005,979,116.50442881368456,0,0,0,28.335729282927229,0,28.335729282927229,0,0,-0,1.7029069015174025,0,116.50442881368456,116.50442881368456,0.38834809604561521,0,0,0,20,-8.3357292829272289,0,4.8950000000000005,0,1,0,0,0,0
4,4.9000000000000004,980,116.64397600605895,0,0,0,28.344243817434815,0,28.344243817434815,0,0,-0,1.7029069015174025,0,116.64397600605895,116.64397600605895,0.38881325335352984,0,0,0,20,-8.3442438174348155,0,4.9000000000000004,0,1,0,0,0,0
4,4.9050000000000002,981,116.78356512433133,0,0,0,28.352758351942402,0,28.352758351942402,0,0,-0,1.7029069015174025,0,116.78356512433133,116.78356512433133,0.38927855041443776,0,0,0,20,-8.352758351942402,0,4.9050000000000002,0,1,0,0,0,0
4,4.9100000000000001,982,116.92319616850169,0,0,0,28.361272886449989,0,28.361272886449989,0,0,-0,1.7029069015174025,0,116.92319616850169,116.92319616850169,0.38974398722833897,0,0,0,20,-8.3612728864499886,0,4.9100000000000001,0,1,0,0,0,0
4,4.915,983,117.06286913857004,0,0,0,28.369787420957575,0,28.369787420957575,0,0,-0,1.7029069015174025,0,117.06286913857004,117.06286913857004,0.39020956379523347,0,0,0,20,-8.3697874209575751,0,4.915,0,1,0,0,0,0
4,4.9199999999999999,984,117.20258403453636,0,0,0,28.378301955465162,0,28.378301955465162,0,0,-0,1.7029069015174025,0,117.20258403453636,117.20258403453636,0.3906752801151212,0,0,0,20,-8.3783019554651617,0,4.9199999999999999,0,1,0,0,0,0
4,4.9249999999999998,985,117.34234085640067,0,0,0,28.386816489972748,0,28.386816489972748,0,0,-0,1.7029069015174025,0,117.34234085640067,117.34234085640067,0.39114113618800223,0,0,0,20,-8.3868164899727482,0,4.9249999999999998,0,1,0,0,0,0
4,4.9299999999999997,986,117.48213960416295,0,0,0,28.395331024480335,0,28.395331024480335,0,0,-0,1.7029069015174025,0,117.48213960416295,117.48213960416295,0.39160713201387654,0,0,0,20,-8.3953310244803347,0,4.9299999999999997,0,1,0,0,0,0
4,4.9350000000000005,987,117.62198027782323,0,0,0,28.403845558987921,0,28.403845558987921,0,0,-0,1.7029069015174025,0,117.62198027782323,117.62198027782323,0.39207326759274408,0,0,0,20,-8.4038455589879213,0,4.9350000000000005,0,1,0,0,0,0
4,4.9400000000000004,988,117.76186287738147,0,0,0,28.412360093495508,0,28.412360093495508,0,0,-0,1.7029069015174025,0,117.76186287738147,117.76186287738147,0.39253954292460491,0,0,0,20,-8.4123600934955078,0,4.9400000000000004,0,1,0,0,0,0
4,4.9450000000000003,989,117.90178740283771,0,0,0,28.420874628003094,0,28.420874628003094,0,0,-0,1.7029069015174025,0,117.90178740283771,117.90178740283771,0.39300595800945903,0,0,0,20,-8.4208746280030944,0,4.9450000000000003,0,1,0,0,0,0
4,4.9500000000000002,990,118.04175385419192,0,0,0,28.429389162510681,0,28.429389162510681,0,0,-0,1.7029069015174025,0,118.04175385419192,118.04175385419192,0.39347251284730639,0,0,0,20,-8.4293891625106809,0,4.9500000000000002,0,1,0,0,0,0
4,4.9550000000000001,991,118.18176223144413,0,0,0,28.437903697018267,0,28.437903697018267,0,0,-0,1.7029069015174025,0,118.18176223144413,118.18176223144413,0.39393920743814709,0,0,0,20,-8.4379036970182675,0,4.9550000000000001,0,1,0,0,0,0
4,4.96,992,118.3218125345943,0,0,0,28.446418231525854,0,28.446418231525854,0,0,-0,1.7029069015174025,0,118.3218125345943,118.3218125345943,0.39440604178198102,0,0,0,20,-8.446418231525854,0,4.96,0,1,0,0,0,0
4,4.9649999999999999,993,118.46190476364247,0,0,0,28.454932766033441,0,28.454932766033441,0,0,-0,1.7029069015174025,0,118.46190476364247,118.46190476364247,0.39487301587880824,0,0,0,20,-8.4549327660334406,0,4.9649999999999999,0,1,0,0,0,0
4,4.9699999999999998,994,118.6020389185886,0,0,0,28.463447300541027,0,28.463447300541027,0,0,-0,1.7029069015174025,0,118.6020389185886,118.6020389185886,0.3953401297286287,0,0,0,20,-8.4634473005410271,0,4.9699999999999998,0,1,0,0,0,0
4,4.9750000000000005,995,118.74221499943273,0,0,0,28.471961835048614,0,28.471961835048614,0,0,-0,1.7029069015174025,0,118.74221499943273,118.74221499943273,0.39580738333144244,0,0,0,20,-8.4719618350486137,0,4.9750000000000005,0,1,0,0,0,0
4,4.9800000000000004,996,118.88243300617484,0,0,0,28.4804763695562,0,28.4804763695562,0,0,-0,1.7029069015174025,0,118.88243300617484,118.88243300617484,0.39627477668724947,0,0,0,20,-8.4804763695562002,0,4.9800000000000004,0,1,0,0,0,0
4,4.9850000000000003,997,119.02269293881493,0,0,0,28.488990904063787,0,28.488990904063787,0,0,-0,1.7029069015174025,0,119.02269293881493,119.02269293881493,0.39674230979604974,0,0,0,20,-8.4889909040637868,0,4.9850000000000003,0,1,0,0,0,0
4,4.9900000000000002,998,119.16299479735299,0,0,0,28.497505438571373,0,28.497505438571373,0,0,-0,1.7029069015174025,0,119.16299479735299,119.16299479735299,0.3972099826578433,0,0,0,20,-8.4975054385713733,0,4.9900000000000002,0,1,0,0,0,0
4,4.9950000000000001,999,119.30333858178905,0,0,0,28.50601997307896,0,28.50601997307896,0,0,-0,1.7029069015174025,0,119.30333858178905,119.30333858178905,0.39767779527263014,0,0,0,20,-8.5060199730789599,0,4.9950000000000001,0,1,0,0,0,0
4,5,1000,119.44372429212308,0,0,0,28.514534507586546,0,28.514534507586546,0,0,-0,1.7029069015174025,0,119.44372429212308,119.44372429212308,0.39814574764041027,0,0,0,20,-8.5145345075865464,0,5,0,1,0,0,0,0
4,5.0049999999999999,1001,119.5841519283551,0,0,0,28.523049042094133,0,28.523049042094133,0,0,-0,1.7029069015174025,0,119.5841519283551,119.5841519283551,0.39861383976118364,0,0,0,20,-8.5230490420941329,0,5.0049999999999999,0,1,0,0,0,0
4,5.0099999999999998,1002,119.72462149048509,0,0,0,28.531563576601719,0,28.531563576601719,0,0,-0,1.7029069015174025,0,119.72462149048509,119.72462149048509,0.3990820716349503,0,0,0,20,-8.5315635766017195,0,5.0099999999999998,0,1,0,0,0,0
4,5.0149999999999997,1003,119.86513297851307,0,0,0,28.540078111109306,0,28.540078111109306,0,0,-0,1.7029069015174025,0,119.86513297851307,119.86513297851307,0.39955044326171024,0,0,0,20,-8.540078111109306,0,5.0149999999999997,0,1,0,0,0,0
4,5.0200000000000005,1004,120.00568639243903,0,0,0,28.548592645616893,0,28.548592645616893,0,0,-0,1.7029069015174025,0,120.00568639243903,120.00568639243903,0.40001895464146342,0,0,0,20,-8.5485926456168926,0,5.0200000000000005,0,1,0,0,0,0
4,5.0250000000000004,1005,120.14628173226298,0,0,0,28.557107180124479,0,28.557107180124479,0,0,-0,1.7029069015174025,0,120.14628173226298,120.14628173226298,0.40048760577420994,0,0,0,20,-8.5571071801244791,0,5.0250000000000004,0,1,0,0,0,0
4,5.0300000000000002,1006,120.2869189979849,0,0,0,28.565621714632066,0,28.565621714632066,0,0,-0,1.7029069015174025,0,120.2869189979849,120.2869189979849,0.40095639665994964,0,0,0,20,-8.5656217146320657,0,5.0300000000000002,0,1,0,0,0,0
4,5.0350000000000001,1007,120.42759818960481,0,0,0,28.574136249139652,0,28.574136249139652,0,0,-0,1.7029069015174025,0,120.42759818960481,120.42759818960481,0.40142532729868269,0,0,0,20,-8.5741362491396522,0,5.0350000000000001,0,1,0,0,0,0
4,5.04,1008,120.56831930712269,0,0,0,28.582650783647239,0,28.582650783647239,0,0,-0,1.7029069015174025,0,120.56831930712269,120.56831930712269,0.40189439769040897,0,0,0,20,-8.5826507836472388,0,5.04,0,1,0,0,0,0
4,5.0449999999999999,1009,120.70908235053857,0,0,0,28.591165318154825,0,28.591165318154825,0,0,-0,1.7029069015174025,0,120.70908235053857,120.70908235053857,0.40236360783512853,0,0,0,20,-8.5911653181548253,0,5.0449999999999999,0,1,0,0,0,0
4,5.0499999999999998,1010,120.84988731985241,0,0,0,28.599679852662412,0,28.599679852662412,0,0,-0,1.7029069015174025,0,120.84988731985241,120.84988731985241,0.40283295773284139,0,0,0,20,-8.5996798526624119,0,5.0499999999999998,0,1,0,0,0,0
4,5.0549999999999997,1011,120.99073421506425,0,0,0,28.608194387169998,0,28.608194387169998,0,0,-0,1.7029069015174025,0,120.99073421506425,120.99073421506425,0.40330244738354748,0,0,0,20,-8.6081943871699984,0,5.0549999999999997,0,1,0,0,0,0
4,5.0600000000000005,1012,121.13162303617406,0,0,0,28.616708921677585,0,28.616708921677585,0,0,-0,1.7029069015174025,0,121.13162303617406,121.13162303617406,0.40377207678724686,0,0,0,20,-8.616708921677585,0,5.0600000000000005,0,1,0,0,0,0
4,5.0650000000000004,1013,121.27255378318186,0,0,0,28.625223456185172,0,28.625223456185172,0,0,-0,1.7029069015174025,0,121.27255378318186,121.27255378318186,0.40424184594393953,0,0,0,20,-8.6252234561851715,0,5.0650000000000004,0,1,0,0,0,0
4,5.0700000000000003,1014,121.41352645608764,0,0,0,28.633737990692758,0,28.633737990692758,0,0,-0,1.7029069015174025,0,121.41352645608764,121.41352645608764,0.40471175485362548,0,0,0,20,-8.633737990692758,0,5.0700000000000003,0,1,0,0,0,0
4,5.0750000000000002,1015,121.5545410548914,0,0,0,28.642252525200345,0,28.642252525200345,0,0,-0,1.7029069015174025,0,121.5545410548914,121.5545410548914,0.40518180351630467,0,0,0,20,-8.6422525252003446,0,5.0750000000000002,0,1,0,0,0,0
4,5.0800000000000001,1016,121.69559757959314,0,0,0,28.650767059707931,0,28.650767059707931,0,0,-0,1.7029069015174025,0,121.69559757959314,121.69559757959314,0.40565199193197715,0,0,0,20,-8.6507670597079311,0,5.0800000000000001,0,1,0,0,0,0
4,5.085,1017,121.83669603019287,0,0,0,28.659281594215518,0,28.659281594215518,0,0,-0,1.7029069015174025,0,121.83669603019287,121.83669603019287,0.40612232010064292,0,0,0,20,-8.6592815942155177,0,5.085,0,1,0,0,0,0
4,5.0899999999999999,1018,121.97783640669057,0,0,0,28.667796128723104,0,28.667796128723104,0,0,-0,1.7029069015174025,0,121.97783640669057,121.97783640669057,0.40659278802230192,0,0,0,20,-8.6677961287231042,0,5.0899999999999999,0,1,0,0,0,0
4,5.0949999999999998,1019,122.11901870908626,0,0,0,28.676310663230691,0,28.676310663230691,0,0,-0,1.7029069015174025,0,122.11901870908626,122.11901870908626,0.40706339569695421,0,0,0,20,-8.6763106632306908,0,5.0949999999999998,0,1,0,0,0,0
4,5.1000000000000005,1020,122.26024293737993,0,0,0,28.684825197738277,0,28.684825197738277,0,0,-0,1.7029069015174025,0,122.26024293737993,122.26024293737993,0.40753414312459973,0,0,0,20,-8.6848251977382773,0,5.1000000000000005,0,1,0,0,0,0
4,5.1050000000000004,1021,122.40150909157158,0,0,0,28.693339732245864,0,28.693339732245864,0,0,-0,1.7029069015174025,0,122.40150909157158,122.40150909157158,0.4080050303052386,0,0,0,20,-8.6933397322458639,0,5.1050000000000004,0,1,0,0,0,0
4,5.1100000000000003,1022,122.54281717166121,0,0,0,28.70185426675345,0,28.70185426675345,0,0,-0,1.7029069015174025,0,122.54281717166121,122.54281717166121,0.4084760572388707,0,0,0,20,-8.7018542667534504,0,5.1100000000000003,0,1,0,0,0,0
4,5.1150000000000002,1023,122.68416717764883,0,0,0,28.710368801261037,0,28.710368801261037,0,0,-0,1.7029069015174025,0,122.68416717764883,122.68416717764883,0.4089472239254961,0,0,0,20,-8.710368801261037,0,5.1150000000000002,0,1,0,0,0,0
4,5.1200000000000001,1024,122.82555910953442,0,0,0,28.718883335768624,0,28.718883335768624,0,0,-0,1.7029069015174025,0,122.82555910953442,122.82555910953442,0.40941853036511477,0,0,0,20,-8.7188833357686235,0,5.1200000000000001,0,1,0,0,0,0
4,5.125,1025,122.96699296731801,0,0,0,28.72739787027621,0,28.72739787027621,0,0,-0,1.7029069015174025,0,122.96699296731801,122.96699296731801,0.40988997655772669,0,0,0,20,-8.7273978702762101,0,5.125,0,1,0,0,0,0
4,5.1299999999999999,1026,123.10846875099956,0,0,0,28.735912404783797,0,28.735912404783797,0,0,-0,1.7029069015174025,0,123.10846875099956,123.10846875099956,0.41036156250333189,0,0,0,20,-8.7359124047837966,0,5.1299999999999999,0,1,0,0,0,0
4,5.1349999999999998,1027,123.24998646057911,0,0,0,28.744426939291383,0,28.744426939291383,0,0,-0,1.7029069015174025,0,123.24998646057911,123.24998646057911,0.41083328820193038,0,0,0,20,-8.7444269392913831,0,5.1349999999999998,0,1,0,0,0,0
4,5.1399999999999997,1028,123.39154609605663,0,0,0,28.75294147379897,0,28.75294147379897,0,0,-0,1.7029069015174025,0,123.39154609605663,123.39154609605663,0.4113051536535221,0,0,0,20,-8.7529414737989697,0,5.1399999999999997,0,1,0,0,0,0
4,5.1450000000000005,1029,123.53314765743214,0,0,0,28.761456008306556,0,28.761456008306556,0,0,-0,1.7029069015174025,0,123.53314765743214,123.53314765743214,0.41177715885810712,0,0,0,20,-8.7614560083065562,0,5.1450000000000005,0,1,0,0,0,0
4,5.1500000000000004,1030,123.67479114470562,0,0,0,28.769970542814143,0,28.769970542814143,0,0,-0,1.7029069015174025,0,123.67479114470562,123.67479114470562,0.41224930381568542,0,0,0,20,-8.7699705428141428,0,5.1500000000000004,0,1,0,0,0,0
4,5.1550000000000002,1031,123.8164765578771,0,0,0,28.778485077321729,0,28.778485077321729,0,0,-0,1.7029069015174025,0,123.8164765578771,123.8164765578771,0.41272158852625701,0,0,0,20,-8.7784850773217293,0,5.1550000000000002,0,1,0,0,0,0
4,5.1600000000000001,1032,123.95820389694654,0,0,0,28.786999611829316,0,28.786999611829316,0,0,-0,1.7029069015174025,0,123.95820389694654,123.95820389694654,0.41319401298982184,0,0,0,20,-8.7869996118293159,0,5.1600000000000001,0,1,0,0,0,0
4,5.165,1033,124.09997316191398,0,0,0,28.795514146336902,0,28.795514146336902,0,0,-0,1.7029069015174025,0,124.09997316191398,124.09997316191398,0.41366657720637995,0,0,0,20,-8.7955141463369024,0,5.165,0,1,0,0,0,0
4,5.1699999999999999,1034,124.24178435277939,0,0,0,28.804028680844489,0,28.804028680844489,0,0,-0,1.7029069015174025,0,124.24178435277939,124.24178435277939,0.4141392811759313,0,0,0,20,-8.804028680844489,0,5.1699999999999999,0,1,0,0,0,0
4,5.1749999999999998,1035,124.38363746954279,0,0,0,28.812543215352076,0,28.812543215352076,0,0,-0,1.7029069015174025,0,124.38363746954279,124.38363746954279,0.41461212489847599,0,0,0,20,-8.8125432153520755,0,5.1749999999999998,0,1,0,0,0,0
4,5.1799999999999997,1036,124.52553251220417,0,0,0,28.821057749859662,0,28.821057749859662,0,0,-0,1.7029069015174025,0,124.52553251220417,124.52553251220417,0.41508510837401391,0,0,0,20,-8.8210577498596621,0,5.1799999999999997,0,1,0,0,0,0
4,5.1850000000000005,1037,124.66746948076353,0,0,0,28.829572284367249,0,28.829572284367249,0,0,-0,1.7029069015174025,0,124.66746948076353,124.66746948076353,0.41555823160254507,0,0,0,20,-8.8295722843672486,0,5.1850000000000005,0,1,0,0,0,0
4,5.1900000000000004,1038,124.80944837522087,0,0,0,28.838086818874835,0,28.838086818874835,0,0,-0,1.7029069015174025,0,124.80944837522087,124.80944837522087,0.41603149458406957,0,0,0,20,-8.8380868188748352,0,5.1900000000000004,0,1,0,0,0,0
4,5.1950000000000003,1039,124.95146919557619,0,0,0,28.846601353382422,0,28.846601353382422,0,0,-0,1.7029069015174025,0,124.95146919557619,124.95146919557619,0.41650489731858731,0,0,0,20,-8.8466013533824217,0,5.1950000000000003,0,1,0,0,0,0
4,5.2000000000000002,1040,125.0935319418295,0,0,0,28.855115887890008,0,28.855115887890008,0,0,-0,1.7029069015174025,0,125.0935319418295,125.0935319418295,0.41697843980609833,0,0,0,20,-8.8551158878900083,0,5.2000000000000002,0,1,0,0,0,0
4,5.2050000000000001,1041,125.23563661398079,0,0,0,28.863630422397595,0,28.863630422397595,0,0,-0,1.7029069015174025,0,125.23563661398079,125.23563661398079,0.41745212204660265,0,0,0,20,-8.8636304223975948,0,5.2050000000000001,0,1,0,0,0,0
4,5.21,1042,125.37778321203005,0,0,0,28.872144956905181,0,28.872144956905181,0,0,-0,1.7029069015174025,0,125.37778321203005,125.37778321203005,0.41792594404010019,0,0,0,20,-8.8721449569051813,0,5.21,0,1,0,0,0,0
4,5.2149999999999999,1043,125.51997173597731,0,0,0,28.880659491412768,0,28.880659491412768,0,0,-0,1.7029069015174025,0,125.51997173597731,125.51997173597731,0.41839990578659103,0,0,0,20,-8.8806594914127679,0,5.2149999999999999,0,1,0,0,0,0
4,5.2199999999999998,1044,125.66220218582254,0,0,0,28.889174025920354,0,28.889174025920354,0,0,-0,1.7029069015174025,0,125.66220218582254,125.66220218582254,0.4188740072860751,0,0,0,20,-8.8891740259203544,0,5.2199999999999998,0,1,0,0,0,0
4,5.2250000000000005,1045,125.80447456156575,0,0,0,28.897688560427941,0,28.897688560427941,0,0,-0,1.7029069015174025,0,125.80447456156575,125.80447456156575,0.41934824853855251,0,0,0,20,-8.897688560427941,0,5.2250000000000005,0,1,0,0,0,0
4,5.2300000000000004,1046,125.94678886320695,0,0,0,28.906203094935528,0,28.906203094935528,0,0,-0,1.7029069015174025,0,125.94678886320695,125.94678886320695,0.41982262954402316,0,0,0,20,-8.9062030949355275,0,5.2300000000000004,0,1,0,0,0,0
4,5.2350000000000003,1047,126.08914509074613,0,0,0,28.914717629443114,0,28.914717629443114,0,0,-0,1.7029069015174025,0,126.08914509074613,126.08914509074613,0.4202971503024871,0,0,0,20,-8.9147176294431141,0,5.2350000000000003,0,1,0,0,0,0
4,5.2400000000000002,1048,126.23154324418329,0,0,0,28.923232163950701,0,28.923232163950701,0,0,-0,1.7029069015174025,0,126.23154324418329,126.23154324418329,0.42077181081394427,0,0,0,20,-8.9232321639507006,0,5.2400000000000002,0,1,0,0,0,0
4,5.2450000000000001,1049,126.37398332351843,0,0,0,28.931746698458287,0,28.931746698458287,0,0,-0,1.7029069015174025,0,126.37398332351843,126.37398332351843,0.42124661107839478,0,0,0,20,-8.9317466984582872,0,5.2450000000000001,0,1,0,0,0,0
4,5.25,1050,126.51646532875155,0,0,0,28.940261232965874,0,28.940261232965874,0,0,-0,1.7029069015174025,0,126.51646532875155,126.51646532875155,0.42172155109583848,0,0,0,20,-8.9402612329658737,0,5.25,0,1,0,0,0,0
4,5.2549999999999999,1051,126.65898925988266,0,0,0,28.94877576747346,0,28.94877576747346,0,0,-0,1.7029069015174025,0,126.65898925988266,126.65898925988266,0.42219663086627551,0,0,0,20,-8.9487757674734603,0,5.2549999999999999,0,1,0,0,0,0
4,5.2599999999999998,1052,126.80155511691174,0,0,0,28.957290301981047,0,28.957290301981047,0,0,-0,1.7029069015174025,0,126.80155511691174,126.80155511691174,0.42267185038970578,0,0,0,20,-8.9572903019810468,0,5.2599999999999998,0,1,0,0,0,0
4,5.2649999999999997,1053,126.94416289983882,0,0,0,28.965804836488633,0,28.965804836488633,0,0,-0,1.7029069015174025,0,126.94416289983882,126.94416289983882,0.4231472096661294,0,0,0,20,-8.9658048364886334,0,5.2649999999999997,0,1,0,0,0,0
4,5.2700000000000005,1054,127.08681260866386,0,0,0,28.97431937099622,0,28.97431937099622,0,0,-0,1.7029069015174025,0,127.08681260866386,127.08681260866386,0.42362270869554619,0,0,0,20,-8.9743193709962199,0,5.2700000000000005,0,1,0,0,0,0
4,5.2750000000000004,1055,127.2295042433869,0,0,0,28.982833905503806,0,28.982833905503806,0,0,-0,1.7029069015174025,0,127.2295042433869,127.2295042433869,0.42409834747795633,0,0,0,20,-8.9828339055038064,0,5.2750000000000004,0,1,0,0,0,0
4,5.2800000000000002,1056,127.37223780400791,0,0,0,28.991348440011393,0,28.991348440011393,0,0,-0,1.7029069015174025,0,127.37223780400791,127.37223780400791,0.4245741260133597,0,0,0,20,-8.991348440011393,0,5.2800000000000002,0,1,0,0,0,0
4,5.2850000000000001,1057,127.51501329052691,0,0,0,28.99986297451898,0,28.99986297451898,0,0,-0,1.7029069015174025,0,127.51501329052691,127.51501329052691,0.42505004430175636,0,0,0,20,-8.9998629745189795,0,5.2850000000000001,0,1,0,0,0,0
4,5.29,1058,127.65783070294388,0,0,0,29.008377509026566,0,29.008377509026566,0,0,-0,1.7029069015174025,0,127.65783070294388,127.65783070294388,0.42552610234314625,0,0,0,20,-9.0083775090265661,0,5.29,0,1,0,0,0,0
4,5.2949999999999999,1059,127.80069004125885,0,0,0,29.016892043534153,0,29.016892043534153,0,0,-0,1.7029069015174025,0,127.80069004125885,127.80069004125885,0.42600230013752949,0,0,0,20,-9.0168920435341526,0,5.2949999999999999,0,1,0,0,0,0
4,5.2999999999999998,1060,127.94359130547178,0,0,0,29.025406578041739,0,29.025406578041739,0,0,-0,1.7029069015174025,0,127.94359130547178,127.94359130547178,0.42647863768490596,0,0,0,20,-9.0254065780417392,0,5.2999999999999998,0,1,0,0,0,0
4,5.3049999999999997,1061,128.0865344955827,0,0,0,29.033921112549326,0,29.033921112549326,0,0,-0,1.7029069015174025,0,128.0865344955827,128.0865344955827,0.42695511498527566,0,0,0,20,-9.0339211125493257,0,5.3049999999999997,0,1,0,0,0,0
4,5.3100000000000005,1062,128.2295196115916,0,0,0,29.042435647056912,0,29.042435647056912,0,0,-0,1.7029069015174025,0,128.2295196115916,128.2295196115916,0.42743173203863866,0,0,0,20,-9.0424356470569123,0,5.3100000000000005,0,1,0,0,0,0
4,5.3150000000000004,1063,128.37254665349849,0,0,0,29.050950181564499,0,29.050950181564499,0,0,-0,1.7029069015174025,0,128.37254665349849,128.37254665349849,0.42790848884499494,0,0,0,20,-9.0509501815644988,0,5.3150000000000004,0,1,0,0,0,0
4,5.3200000000000003,1064,128.51561562130337,0,0,0,29.059464716072085,0,29.059464716072085,0,0,-0,1.7029069015174025,0,128.51561562130337,128.51561562130337,0.42838538540434457,0,0,0,20,-9.0594647160720854,0,5.3200000000000003,0,1,0,0,0,0
4,5.3250000000000002,1065,128.65872651500621,0,0,0,29.067979250579672,0,29.067979250579672,0,0,-0,1.7029069015174025,0,128.65872651500621,128.65872651500621,0.42886242171668737,0,0,0,20,-9.0679792505796719,0,5.3250000000000002,0,1,0,0,0,0
4,5.3300000000000001,1066,128.80187933460704,0,0,0,29.076493785087258,0,29.076493785087258,0,0,-0,1.7029069015174025,0,128.80187933460704,128.80187933460704,0.42933959778202346,0,0,0,20,-9.0764937850872585,0,5.3300000000000001,0,1,0,0,0,0
4,5.335,1067,128.94507408010585,0,0,0,29.085008319594845,0,29.085008319594845,0,0,-0,1.7029069015174025,0,128.94507408010585,128.94507408010585,0.42981691360035285,0,0,0,20,-9.085008319594845,0,5.335,0,1,0,0,0,0
4,5.3399999999999999,1068,129.08831075150266,0,0,0,29.093522854102432,0,29.093522854102432,0,0,-0,1.7029069015174025,0,129.08831075150266,129.08831075150266,0.43029436917167552,0,0,0,20,-9.0935228541024316,0,5.3399999999999999,0,1,0,0,0,0
4,5.3449999999999998,1069,129.23158934879743,0,0,0,29.102037388610018,0,29.102037388610018,0,0,-0,1.7029069015174025,0,129.23158934879743,129.23158934879743,0.43077196449599142,0,0,0,20,-9.1020373886100181,0,5.3449999999999998,0,1,0,0,0,0
4,5.3500000000000005,1070,129.37490987199018,0,0,0,29.110551923117605,0,29.110551923117605,0,0,-0,1.7029069015174025,0,129.37490987199018,129.37490987199018,0.43124969957330062,0,0,0,20,-9.1105519231176046,0,5.3500000000000005,0,1,0,0,0,0
4,5.3550000000000004,1071,129.51827232108093,0,0,0,29.119066457625191,0,29.119066457625191,0,0,-0,1.7029069015174025,0,129.51827232108093,129.51827232108093,0.4317275744036031,0,0,0,20,-9.1190664576251912,0,5.3550000000000004,0,1,0,0,0,0
4,5.3600000000000003,1072,129.66167669606966,0,0,0,29.127580992132778,0,29.127580992132778,0,0,-0,1.7029069015174025,0,129.66167669606966,129.66167669606966,0.43220558898689887,0,0,0,20,-9.1275809921327777,0,5.3600000000000003,0,1,0,0,0,0
4,5.3650000000000002,1073,129.80512299695636,0,0,0,29.136095526640364,0,29.136095526640364,0,0,-0,1.7029069015174025,0,129.80512299695636,129.80512299695636,0.43268374332318787,0,0,0,20,-9.1360955266403643,0,5.3650000000000002,0,1,0,0,0,0
4,5.3700000000000001,1074,129.94861122374104,0,0,0,29.144610061147951,0,29.144610061147951,0,0,-0,1.7029069015174025,0,129.94861122374104,129.94861122374104,0.43316203741247011,0,0,0,20,-9.1446100611479508,0,5.3700000000000001,0,1,0,0,0,0
4,5.375,1075,130.09214137642371,0,0,0,29.153124595655537,0,29.153124595655537,0,0,-0,1.7029069015174025,0,130.09214137642371,130.09214137642371,0.4336404712547457,0,0,0,20,-9.1531245956555374,0,5.375,0,1,0,0,0,0
4,5.3799999999999999,1076,130.23571345500437,0,0,0,29.161639130163124,0,29.161639130163124,0,0,-0,1.7029069015174025,0,130.23571345500437,130.23571345500437,0.43411904485001457,0,0,0,20,-9.1616391301631239,0,5.3799999999999999,0,1,0,0,0,0
4,5.3849999999999998,1077,130.37932745948299,0,0,0,29.17015366467071,0,29.17015366467071,0,0,-0,1.7029069015174025,0,130.37932745948299,130.37932745948299,0.43459775819827667,0,0,0,20,-9.1701536646707105,0,5.3849999999999998,0,1,0,0,0,0
4,5.3899999999999997,1078,130.5229833898596,0,0,0,29.178668199178297,0,29.178668199178297,0,0,-0,1.7029069015174025,0,130.5229833898596,130.5229833898596,0.43507661129953201,0,0,0,20,-9.178668199178297,0,5.3899999999999997,0,1,0,0,0,0
4,5.3950000000000005,1079,130.6666812461342,0,0,0,29.187182733685884,0,29.187182733685884,0,0,-0,1.7029069015174025,0,130.6666812461342,130.6666812461342,0.4355556041537807,0,0,0,20,-9.1871827336858836,0,5.3950000000000005,0,1,0,0,0,0
4,5.4000000000000004,1080,130.81042102830679,0,0,0,29.19569726819347,0,29.19569726819347,0,0,-0,1.7029069015174025,0,130.81042102830679,130.81042102830679,0.43603473676102261,0,0,0,20,-9.1956972681934701,0,5.4000000000000004,0,1,0,0,0,0
4,5.4050000000000002,1081,130.95420273637734,0,0,0,29.204211802701057,0,29.204211802701057,0,0,-0,1.7029069015174025,0,130.95420273637734,130.95420273637734,0.43651400912125782,0,0,0,20,-9.2042118027010567,0,5.4050000000000002,0,1,0,0,0,0
4,5.4100000000000001,1082,131.09802637034588,0,0,0,29.212726337208643,0,29.212726337208643,0,0,-0,1.7029069015174025,0,131.09802637034588,131.09802637034588,0.43699342123448626,0,0,0,20,-9.2127263372086432,0,5.4100000000000001,0,1,0,0,0,0
4,5.415,1083,131.2418919302124,0,0,0,29.22124087171623,0,29.22124087171623,0,0,-0,1.7029069015174025,0,131.2418919302124,131.2418919302124,0.43747297310070804,0,0,0,20,-9.2212408717162297,0,5.415,0,1,0,0,0,0
4,5.4199999999999999,1084,131.38579941597692,0,0,0,29.229755406223816,0,29.229755406223816,0,0,-0,1.7029069015174025,0,131.38579941597692,131.38579941597692,0.43795266471992306,0,0,0,20,-9.2297554062238163,0,5.4199999999999999,0,1,0,0,0,0
4,5.4249999999999998,1085,131.52974882763939,0,0,0,29.238269940731403,0,29.238269940731403,0,0,-0,1.7029069015174025,0,131.52974882763939,131.52974882763939,0.43843249609213131,0,0,0,20,-9.2382699407314028,0,5.4249999999999998,0,1,0,0,0,0
4,5.4299999999999997,1086,131.67374016519986,0,0,0,29.246784475238989,0,29.246784475238989,0,0,-0,1.7029069015174025,0,131.67374016519986,131.67374016519986,0.43891246721733285,0,0,0,20,-9.2467844752389894,0,5.4299999999999997,0,1,0,0,0,0
4,5.4350000000000005,1087,131.81777342865831,0,0,0,29.255299009746576,0,29.255299009746576,0,0,-0,1.7029069015174025,0,131.81777342865831,131.81777342865831,0.43939257809552773,0,0,0,20,-9.2552990097465759,0,5.4350000000000005,0,1,0,0,0,0
4,5.4400000000000004,1088,131.96184861801476,0,0,0,29.263813544254162,0,29.263813544254162,0,0,-0,1.7029069015174025,0,131.96184861801476,131.96184861801476,0.43987282872671585,0,0,0,20,-9.2638135442541625,0,5.4400000000000004,0,1,0,0,0,0
4,5.4450000000000003,1089,132.10596573326916,0,0,0,29.272328078761749,0,29.272328078761749,0,0,-0,1.7029069015174025,0,132.10596573326916,132.10596573326916,0.4403532191108972,0,0,0,20,-9.272328078761749,0,5.4450000000000003,0,1,0,0,0,0
4,5.4500000000000002,1090,132.25012477442155,0,0,0,29.280842613269336,0,29.280842613269336,0,0,-0,1.7029069015174025,0,132.25012477442155,132.25012477442155,0.44083374924807184,0,0,0,20,-9.2808426132693356,0,5.4500000000000002,0,1,0,0,0,0
4,5.4550000000000001,1091,132.39432574147193,0,0,0,29.289357147776922,0,29.289357147776922,0,0,-0,1.7029069015174025,0,132.39432574147193,132.39432574147193,0.44131441913823977,0,0,0,20,-9.2893571477769221,0,5.4550000000000001,0,1,0,0,0,0
4,5.46,1092,132.5385686344203,0,0,0,29.297871682284509,0,29.297871682284509,0,0,-0,1.7029069015174025,0,132.5385686344203,132.5385686344203,0.44179522878140098,0,0,0,20,-9.2978716822845087,0,5.46,0,1,0,0,0,0
4,5.4649999999999999,1093,132.68285345326663,0,0,0,29.306386216792095,0,29.306386216792095,0,0,-0,1.7029069015174025,0,132.68285345326663,132.68285345326663,0.44227617817755543,0,0,0,20,-9.3063862167920952,0,5.4649999999999999,0,1,0,0,0,0
4,5.4699999999999998,1094,132.82718019801095,0,0,0,29.314900751299682,0,29.314900751299682,0,0,-0,1.7029069015174025,0,132.82718019801095,132.82718019801095,0.44275726732670317,0,0,0,20,-9.3149007512996818,0,5.4699999999999998,0,1,0,0,0,0
4,5.4750000000000005,1095,132.97154886865326,0,0,0,29.323415285807268,0,29.323415285807268,0,0,-0,1.7029069015174025,0,132.97154886865326,132.97154886865326,0.4432384962288442,0,0,0,20,-9.3234152858072683,0,5.4750000000000005,0,1,0,0,0,0
4,5.4800000000000004,1096,133.11595946519355,0,0,0,29.331929820314855,0,29.331929820314855,0,0,-0,1.7029069015174025,0,133.11595946519355,133.11595946519355,0.44371986488397852,0,0,0,20,-9.3319298203148549,0,5.4800000000000004,0,1,0,0,0,0
4,5.4850000000000003,1097,133.26041198763181,0,0,0,29.340444354822441,0,29.340444354822441,0,0,-0,1.7029069015174025,0,133.26041198763181,133.26041198763181,0.44420137329210602,0,0,0,20,-9.3404443548224414,0,5.4850000000000003,0,1,0,0,0,0
4,5.4900000000000002,1098,133.40490643596806,0,0,0,29.348958889330028,0,29.348958889330028,0,0,-0,1.7029069015174025,0,133.40490643596806,133.40490643596806,0.44468302145322686,0,0,0,20,-9.3489588893300279,0,5.4900000000000002,0,1,0,0,0,0
4,5.4950000000000001,1099,133.54944281020229,0,0,0,29.357473423837614,0,29.357473423837614,0,0,-0,1.7029069015174025,0,133.54944281020229,133.54944281020229,0.44516480936734099,0,0,0,20,-9.3574734238376145,0,5.4950000000000001,0,1,0,0,0,0
4,5.5,1100,133.69402111033452,0,0,0,29.365987958345201,0,29.365987958345201,0,0,-0,1.7029069015174025,0,133.69402111033452,133.69402111033452,0.4456467370344484,0,0,0,20,-9.365987958345201,0,5.5,0,1,0,0,0,0
4,5.5049999999999999,1101,133.8386413363647,0,0,0,29.374502492852788,0,29.374502492852788,0,0,-0,1.7029069015174025,0,133.8386413363647,133.8386413363647,0.446128804454549,0,0,0,20,-9.3745024928527876,0,5.5049999999999999,0,1,0,0,0,0
4,5.5099999999999998,1102,133.98330348829288,0,0,0,29.383017027360374,0,29.383017027360374,0,0,-0,1.7029069015174025,0,133.98330348829288,133.98330348829288,0.44661101162764294,0,0,0,20,-9.3830170273603741,0,5.5099999999999998,0,1,0,0,0,0
4,5.5149999999999997,1103,134.12800756611904,0,0,0,29.391531561867961,0,29.391531561867961,0,0,-0,1.7029069015174025,0,134.12800756611904,134.12800756611904,0.44709335855373011,0,0,0,20,-9.3915315618679607,0,5.5149999999999997,0,1,0,0,0,0
4,5.5200000000000005,1104,134.27275356984319,0,0,0,29.400046096375547,0,29.400046096375547,0,0,-0,1.7029069015174025,0,134.27275356984319,134.27275356984319,0.44757584523281063,0,0,0,20,-9.4000460963755472,0,5.5200000000000005,0,1,0,0,0,0
4,5.5250000000000004,1105,134.4175414994653,0,0,0,29.408560630883134,0,29.408560630883134,0,0,-0,1.7029069015174025,0,134.4175414994653,134.4175414994653,0.44805847166488433,0,0,0,20,-9.4085606308831338,0,5.5250000000000004,0,1,0,0,0,0
4,5.5300000000000002,1106,134.5623713549854,0,0,0,29.41707516539072,0,29.41707516539072,0,0,-0,1.7029069015174025,0,134.5623713549854,134.5623713549854,0.44854123784995131,0,0,0,20,-9.4170751653907203,0,5.5300000000000002,0,1,0,0,0,0
4,5.5350000000000001,1107,134.70724313640349,0,0,0,29.425589699898307,0,29.425589699898307,0,0,-0,1.7029069015174025,0,134.70724313640349,134.70724313640349,0.44902414378801164,0,0,0,20,-9.4255896998983069,0,5.5350000000000001,0,1,0,0,0,0
4,5.54,1108,134.85215684371957,0,0,0,29.434104234405893,0,29.434104234405893,0,0,-0,1.7029069015174025,0,134.85215684371957,134.85215684371957,0.44950718947906521,0,0,0,20,-9.4341042344058934,0,5.54,0,1,0,0,0,0
4,5.5449999999999999,1109,134.99711247693361,0,0,0,29.44261876891348,0,29.44261876891348,0,0,-0,1.7029069015174025,0,134.99711247693361,134.99711247693361,0.449990374923112,0,0,0,20,-9.44261876891348,0,5.5449999999999999,0,1,0,0,0,0
4,5.5499999999999998,1110,135.14211003604564,0,0,0,29.451133303421067,0,29.451133303421067,0,0,-0,1.7029069015174025,0,135.14211003604564,135.14211003604564,0.45047370012015214,0,0,0,20,-9.4511333034210665,0,5.5499999999999998,0,1,0,0,0,0
4,5.5549999999999997,1111,135.28714952105565,0,0,0,29.459647837928653,0,29.459647837928653,0,0,-0,1.7029069015174025,0,135.28714952105565,135.28714952105565,0.45095716507018552,0,0,0,20,-9.459647837928653,0,5.5549999999999997,0,1,0,0,0,0
4,5.5600000000000005,1112,135.43223093196366,0,0,0,29.46816237243624,0,29.46816237243624,0,0,-0,1.7029069015174025,0,135.43223093196366,135.43223093196366,0.45144076977321218,0,0,0,20,-9.4681623724362396,0,5.5600000000000005,0,1,0,0,0,0
4,5.5650000000000004,1113,135.57735426876962,0,0,0,29.476676906943826,0,29.476676906943826,0,0,-0,1.7029069015174025,0,135.57735426876962,135.57735426876962,0.45192451422923208,0,0,0,20,-9.4766769069438261,0,5.5650000000000004,0,1,0,0,0,0
4,5.5700000000000003,1114,135.72251953147358,0,0,0,29.485191441451413,0,29.485191441451413,0,0,-0,1.7029069015174025,0,135.72251953147358,135.72251953147358,0.45240839843824526,0,0,0,20,-9.4851914414514127,0,5.5700000000000003,0,1,0,0,0,0
4,5.5750000000000002,1115,135.86772672007552,0,0,0,29.493705975958999,0,29.493705975958999,0,0,-0,1.7029069015174025,0,135.86772672007552,135.86772672007552,0.45289242240025174,0,0,0,20,-9.4937059759589992,0,5.5750000000000002,0,1,0,0,0,0
4,5.5800000000000001,1116,136.01297583457546,0,0,0,29.502220510466586,0,29.502220510466586,0,0,-0,1.7029069015174025,0,136.01297583457546,136.01297583457546,0.4533765861152515,0,0,0,20,-9.5022205104665858,0,5.5800000000000001,0,1,0,0,0,0
4,5.585,1117,136.15826687497335,0,0,0,29.510735044974172,0,29.510735044974172,0,0,-0,1.7029069015174025,0,136.15826687497335,136.15826687497335,0.4538608895832445,0,0,0,20,-9.5107350449741723,0,5.585,0,1,0,0,0,0
4,5.5899999999999999,1118,136.30359984126923,0,0,0,29.519249579481759,0,29.519249579481759,0,0,-0,1.7029069015174025,0,136.30359984126923,136.30359984126923,0.45434533280423078,0,0,0,20,-9.5192495794817589,0,5.5899999999999999,0,1,0,0,0,0
4,5.5949999999999998,1119,136.4489747334631,0,0,0,29.527764113989345,0,29.527764113989345,0,0,-0,1.7029069015174025,0,136.4489747334631,136.4489747334631,0.45482991577821036,0,0,0,20,-9.5277641139893454,0,5.5949999999999998,0,1,0,0,0,0
4,5.6000000000000005,1120,136.59439155155496,0,0,0,29.536278648496932,0,29.536278648496932,0,0,-0,1.7029069015174025,0,136.59439155155496,136.59439155155496,0.45531463850518322,0,0,0,20,-9.536278648496932,0,5.6000000000000005,0,1,0,0,0,0
4,5.6050000000000004,1121,136.73985029554478,0,0,0,29.544793183004519,0,29.544793183004519,0,0,-0,1.7029069015174025,0,136.73985029554478,136.73985029554478,0.45579950098514926,0,0,0,20,-9.5447931830045185,0,5.6050000000000004,0,1,0,0,0,0
4,5.6100000000000003,1122,136.88535096543259,0,0,0,29.553307717512105,0,29.553307717512105,0,0,-0,1.7029069015174025,0,136.88535096543259,136.88535096543259,0.45628450321810865,0,0,0,20,-9.5533077175121051,0,5.6100000000000003,0,1,0,0,0,0
4,5.6150000000000002,1123,137.03089356121839,0,0,0,29.561822252019692,0,29.561822252019692,0,0,-0,1.7029069015174025,0,137.03089356121839,137.03089356121839,0.45676964520406133,0,0,0,20,-9.5618222520196916,0,5.6150000000000002,0,1,0,0,0,0
4,5.6200000000000001,1124,137.17647808290218,0,0,0,29.570336786527278,0,29.570336786527278,0,0,-0,1.7029069015174025,0,137.17647808290218,137.17647808290218,0.45725492694300729,0,0,0,20,-9.5703367865272782,0,5.6200000000000001,0,1,0,0,0,0
4,5.625,1125,137.32210453048393,0,0,0,29.578851321034865,0,29.578851321034865,0,0,-0,1.7029069015174025,0,137.32210453048393,137.32210453048393,0.45774034843494643,0,0,0,20,-9.5788513210348647,0,5.625,0,1,0,0,0,0
4,5.6299999999999999,1126,137.46777290396366,0,0,0,29.587365855542451,0,29.587365855542451,0,0,-0,1.7029069015174025,0,137.46777290396366,137.46777290396366,0.45822590967987886,0,0,0,20,-9.5873658555424512,0,5.6299999999999999,0,1,0,0,0,0
4,5.6349999999999998,1127,137.61348320334139,0,0,0,29.595880390050038,0,29.595880390050038,0,0,-0,1.7029069015174025,0,137.61348320334139,137.61348320334139,0.45871161067780464,0,0,0,20,-9.5958803900500378,0,5.6349999999999998,0,1,0,0,0,0
4,5.6399999999999997,1128,137.7592354286171,0,0,0,29.604394924557624,0,29.604394924557624,0,0,-0,1.7029069015174025,0,137.7592354286171,137.7592354286171,0.4591974514287237,0,0,0,20,-9.6043949245576243,0,5.6399999999999997,0,1,0,0,0,0
4,5.6450000000000005,1129,137.90502957979078,0,0,0,29.612909459065211,0,29.612909459065211,0,0,-0,1.7029069015174025,0,137.90502957979078,137.90502957979078,0.45968343193263594,0,0,0,20,-9.6129094590652109,0,5.6450000000000005,0,1,0,0,0,0
4,5.6500000000000004,1130,138.05086565686244,0,0,0,29.621423993572797,0,29.621423993572797,0,0,-0,1.7029069015174025,0,138.05086565686244,138.05086565686244,0.46016955218954148,0,0,0,20,-9.6214239935727974,0,5.6500000000000004,0,1,0,0,0,0
4,5.6550000000000002,1131,138.19674365983209,0,0,0,29.629938528080384,0,29.629938528080384,0,0,-0,1.7029069015174025,0,138.19674365983209,138.19674365983209,0.4606558121994403,0,0,0,20,-9.629938528080384,0,5.6550000000000002,0,1,0,0,0,0
4,5.6600000000000001,1132,138.34266358869974,0,0,0,29.638453062587971,0,29.638453062587971,0,0,-0,1.7029069015174025,0,138.34266358869974,138.34266358869974,0.46114221196233246,0,0,0,20,-9.6384530625879705,0,5.6600000000000001,0,1,0,0,0,0
4,5.665,1133,138.48862544346534,0,0,0,29.646967597095557,0,29.646967597095557,0,0,-0,1.7029069015174025,0,138.48862544346534,138.48862544346534,0.4616287514782178,0,0,0,20,-9.6469675970955571,0,5.665,0,1,0,0,0,0
4,5.6699999999999999,1134,138.63462922412893,0,0,0,29.655482131603144,0,29.655482131603144,0,0,-0,1.7029069015174025,0,138.63462922412893,138.63462922412893,0.46211543074709643,0,0,0,20,-9.6554821316031436,0,5.6699999999999999,0,1,0,0,0,0
4,5.6749999999999998,1135,138.78067493069051,0,0,0,29.66399666611073,0,29.66399666611073,0,0,-0,1.7029069015174025,0,138.78067493069051,138.78067493069051,0.46260224976896835,0,0,0,20,-9.6639966661107302,0,5.6749999999999998,0,1,0,0,0,0
4,5.6799999999999997,1136,138.92676256315008,0,0,0,29.672511200618317,0,29.672511200618317,0,0,-0,1.7029069015174025,0,138.92676256315008,138.92676256315008,0.46308920854383362,0,0,0,20,-9.6725112006183167,0,5.6799999999999997,0,1,0,0,0,0
4,5.6850000000000005,1137,139.07289212150761,0,0,0,29.681025735125903,0,29.681025735125903,0,0,-0,1.7029069015174025,0,139.07289212150761,139.07289212150761,0.46357630707169201,0,0,0,20,-9.6810257351259033,0,5.6850000000000005,0,1,0,0,0,0
4,5.6900000000000004,1138,139.21906360576313,0,0,0,29.68954026963349,0,29.68954026963349,0,0,-0,1.7029069015174025,0,139.21906360576313,139.21906360576313,0.46406354535254374,0,0,0,20,-9.6895402696334898,0,5.6900000000000004,0,1,0,0,0,0
4,5.6950000000000003,1139,139.36527701591663,0,0,0,29.698054804141076,0,29.698054804141076,0,0,-0,1.7029069015174025,0,139.36527701591663,139.36527701591663,0.46455092338638876,0,0,0,20,-9.6980548041410763,0,5.6950000000000003,0,1,0,0,0,0
4,5.7000000000000002,1140,139.51153235196813,0,0,0,29.706569338648663,0,29.706569338648663,0,0,-0,1.7029069015174025,0,139.51153235196813,139.51153235196813,0.46503844117322707,0,0,0,20,-9.7065693386486629,0,5.7000000000000002,0,1,0,0,0,0
4,5.7050000000000001,1141,139.65782961391758,0,0,0,29.715083873156249,0,29.715083873156249,0,0,-0,1.7029069015174025,0,139.65782961391758,139.65782961391758,0.46552609871305861,0,0,0,20,-9.7150838731562494,0,5.7050000000000001,0,1,0,0,0,0
4,5.71,1142,139.80416880176503,0,0,0,29.723598407663836,0,29.723598407663836,0,0,-0,1.7029069015174025,0,139.80416880176503,139.80416880176503,0.46601389600588344,0,0,0,20,-9.723598407663836,0,5.71,0,1,0,0,0,0
4,5.7149999999999999,1143,139.95054991551046,0,0,0,29.732112942171423,0,29.732112942171423,0,0,-0,1.7029069015174025,0,139.95054991551046,139.95054991551046,0.46650183305170156,0,0,0,20,-9.7321129421714225,0,5.7149999999999999,0,1,0,0,0,0
4,5.7199999999999998,1144,140.09697295515389,0,0,0,29.740627476679009,0,29.740627476679009,0,0,-0,1.7029069015174025,0,140.09697295515389,140.09697295515389,0.46698990985051297,0,0,0,20,-9.7406274766790091,0,5.7199999999999998,0,1,0,0,0,0
4,5.7250000000000005,1145,140.24343792069527,0,0,0,29.749142011186596,0,29.749142011186596,0,0,-0,1.7029069015174025,0,140.24343792069527,140.24343792069527,0.46747812640231756,0,0,0,20,-9.7491420111865956,0,5.7250000000000005,0,1,0,0,0,0
4,5.7300000000000004,1146,140.38994481213464,0,0,0,29.757656545694182,0,29.757656545694182,0,0,-0,1.7029069015174025,0,140.38994481213464,140.38994481213464,0.46796648270711549,0,0,0,20,-9.7576565456941822,0,5.7300000000000004,0,1,0,0,0,0
4,5.7350000000000003,1147,140.53649362947201,0,0,0,29.766171080201769,0,29.766171080201769,0,0,-0,1.7029069015174025,0,140.53649362947201,140.53649362947201,0.46845497876490666,0,0,0,20,-9.7661710802017687,0,5.7350000000000003,0,1,0,0,0,0
4,5.7400000000000002,1148,140.68308437270736,0,0,0,29.774685614709355,0,29.774685614709355,0,0,-0,1.7029069015174025,0,140.68308437270736,140.68308437270736,0.46894361457569117,0,0,0,20,-9.7746856147093553,0,5.7400000000000002,0,1,0,0,0,0
4,5.7450000000000001,1149,140.82971704184069,0,0,0,29.783200149216942,0,29.783200149216942,0,0,-0,1.7029069015174025,0,140.82971704184069,140.82971704184069,0.46943239013946897,0,0,0,20,-9.7832001492169418,0,5.7450000000000001,0,1,0,0,0,0
4,5.75,1150,140.97639163687199,0,0,0,29.791714683724528,0,29.791714683724528,0,0,-0,1.7029069015174025,0,140.97639163687199,140.97639163687199,0.46992130545624,0,0,0,20,-9.7917146837245284,0,5.75,0,1,0,0,0,0
4,5.7549999999999999,1151,141.12310815780128,0,0,0,29.800229218232115,0,29.800229218232115,0,0,-0,1.7029069015174025,0,141.12310815780128,141.12310815780128,0.47041036052600427,0,0,0,20,-9.8002292182321149,0,5.7549999999999999,0,1,0,0,0,0
4,5.7599999999999998,1152,141.26986660462856,0,0,0,29.808743752739701,0,29.808743752739701,0,0,-0,1.7029069015174025,0,141.26986660462856,141.26986660462856,0.47089955534876188,0,0,0,20,-9.8087437527397014,0,5.7599999999999998,0,1,0,0,0,0
4,5.7649999999999997,1153,141.41666697735383,0,0,0,29.817258287247288,0,29.817258287247288,0,0,-0,1.7029069015174025,0,141.41666697735383,141.41666697735383,0.47138888992451278,0,0,0,20,-9.817258287247288,0,5.7649999999999997,0,1,0,0,0,0
4,5.7700000000000005,1154,141.56350927597705,0,0,0,29.825772821754875,0,29.825772821754875,0,0,-0,1.7029069015174025,0,141.56350927597705,141.56350927597705,0.47187836425325685,0,0,0,20,-9.8257728217548745,0,5.7700000000000005,0,1,0,0,0,0
4,5.7750000000000004,1155,141.71039350049827,0,0,0,29.834287356262461,0,29.834287356262461,0,0,-0,1.7029069015174025,0,141.71039350049827,141.71039350049827,0.47236797833499422,0,0,0,20,-9.8342873562624611,0,5.7750000000000004,0,1,0,0,0,0
4,5.7800000000000002,1156,141.85731965091747,0,0,0,29.842801890770048,0,29.842801890770048,0,0,-0,1.7029069015174025,0,141.85731965091747,141.85731965091747,0.47285773216972493,0,0,0,20,-9.8428018907700476,0,5.7800000000000002,0,1,0,0,0,0
4,5.7850000000000001,1157,142.00428772723467,0,0,0,29.851316425277634,0,29.851316425277634,0,0,-0,1.7029069015174025,0,142.00428772723467,142.00428772723467,0.47334762575744888,0,0,0,20,-9.8513164252776342,0,5.7850000000000001,0,1,0,0,0,0
4,5.79,1158,142.15129772944982,0,0,0,29.859830959785221,0,29.859830959785221,0,0,-0,1.7029069015174025,0,142.15129772944982,142.15129772944982,0.47383765909816605,0,0,0,20,-9.8598309597852207,0,5.79,0,1,0,0,0,0
4,5.7949999999999999,1159,142.29834965756297,0,0,0,29.868345494292807,0,29.868345494292807,0,0,-0,1.7029069015174025,0,142.29834965756297,142.29834965756297,0.47432783219187657,0,0,0,20,-9.8683454942928073,0,5.7949999999999999,0,1,0,0,0,0
4,5.7999999999999998,1160,142.4454435115741,0,0,0,29.876860028800394,0,29.876860028800394,0,0,-0,1.7029069015174025,0,142.4454435115741,142.4454435115741,0.47481814503858033,0,0,0,20,-9.8768600288003938,0,5.7999999999999998,0,1,0,0,0,0
4,5.8049999999999997,1161,142.59257929148322,0,0,0,29.88537456330798,0,29.88537456330798,0,0,-0,1.7029069015174025,0,142.59257929148322,142.59257929148322,0.47530859763827737,0,0,0,20,-9.8853745633079804,0,5.8049999999999997,0,1,0,0,0,0
4,5.8100000000000005,1162,142.7397569972903,0,0,0,29.893889097815567,0,29.893889097815567,0,0,-0,1.7029069015174025,0,142.7397569972903,142.7397569972903,0.47579918999096765,0,0,0,20,-9.8938890978155669,0,5.8100000000000005,0,1,0,0,0,0
4,5.8150000000000004,1163,142.88697662899537,0,0,0,29.902403632323153,0,29.902403632323153,0,0,-0,1.7029069015174025,0,142.88697662899537,142.88697662899537,0.47628992209665122,0,0,0,20,-9.9024036323231535,0,5.8150000000000004,0,1,0,0,0,0
4,5.8200000000000003,1164,143.03423818659843,0,0,0,29.91091816683074,0,29.91091816683074,0,0,-0,1.7029069015174025,0,143.03423818659843,143.03423818659843,0.47678079395532807,0,0,0,20,-9.91091816683074,0,5.8200000000000003,0,1,0,0,0,0
4,5.8250000000000002,1165,143.18154167009948,0,0,0,29.919432701338327,0,29.919432701338327,0,0,-0,1.7029069015174025,0,143.18154167009948,143.18154167009948,0.47727180556699828,0,0,0,20,-9.9194327013383266,0,5.8250000000000002,0,1,0,0,0,0
4,5.8300000000000001,1166,143.32888707949849,0,0,0,29.927947235845913,0,29.927947235845913,0,0,-0,1.7029069015174025,0,143.32888707949849,143.32888707949849,0.4777629569316616,0,0,0,20,-9.9279472358459131,0,5.8300000000000001,0,1,0,0,0,0
4,5.835,1167,143.47627441479548,0,0,0,29.9364617703535,0,29.9364617703535,0,0,-0,1.7029069015174025,0,143.47627441479548,143.47627441479548,0.47825424804931826,0,0,0,20,-9.9364617703534996,0,5.835,0,1,0,0,0,0
4,5.8399999999999999,1168,143.62370367599047,0,0,0,29.944976304861086,0,29.944976304861086,0,0,-0,1.7029069015174025,0,143.62370367599047,143.62370367599047,0.47874567891996822,0,0,0,20,-9.9449763048610862,0,5.8399999999999999,0,1,0,0,0,0
4,5.8449999999999998,1169,143.77117486308344,0,0,0,29.953490839368673,0,29.953490839368673,0,0,-0,1.7029069015174025,0,143.77117486308344,143.77117486308344,0.47923724954361147,0,0,0,20,-9.9534908393686727,0,5.8449999999999998,0,1,0,0,0,0
4,5.8500000000000005,1170,143.91868797607438,0,0,0,29.962005373876259,0,29.962005373876259,0,0,-0,1.7029069015174025,0,143.91868797607438,143.91868797607438,0.47972895992024794,0,0,0,20,-9.9620053738762593,0,5.8500000000000005,0,1,0,0,0,0
4,5.8550000000000004,1171,144.06624301496331,0,0,0,29.970519908383846,0,29.970519908383846,0,0,-0,1.7029069015174025,0,144.06624301496331,144.06624301496331,0.48022081004987771,0,0,0,20,-9.9705199083838458,0,5.8550000000000004,0,1,0,0,0,0
4,5.8600000000000003,1172,144.21383997975022,0,0,0,29.979034442891432,0,29.979034442891432,0,0,-0,1.7029069015174025,0,144.21383997975022,144.21383997975022,0.48071279993250071,0,0,0,20,-9.9790344428914324,0,5.8600000000000003,0,1,0,0,0,0
4,5.8650000000000002,1173,144.36147887043512,0,0,0,29.987548977399019,0,29.987548977399019,0,0,-0,1.7029069015174025,0,144.36147887043512,144.36147887043512,0.48120492956811706,0,0,0,20,-9.9875489773990189,0,5.8650000000000002,0,1,0,0,0,0
4,5.8700000000000001,1174,144.50915968701798,0,0,0,29.996063511906605,0,29.996063511906605,0,0,-0,1.7029069015174025,0,144.50915968701798,144.50915968701798,0.48169719895672664,0,0,0,20,-9.9960635119066055,0,5.8700000000000001,0,1,0,0,0,0
4,5.875,1175,144.65688242949884,0,0,0,30.004578046414192,0,30.004578046414192,0,0,-0,1.7029069015174025,0,144.65688242949884,144.65688242949884,0.48218960809832945,0,0,0,20,-10.004578046414192,0,5.875,0,1,0,0,0,0
4,5.8799999999999999,1176,144.80464709787768,0,0,0,30.013092580921779,0,30.013092580921779,0,0,-0,1.7029069015174025,0,144.80464709787768,144.80464709787768,0.4826821569929256,0,0,0,20,-10.013092580921779,0,5.8799999999999999,0,1,0,0,0,0
4,5.8849999999999998,1177,144.95245369215451,0,0,0,30.021607115429365,0,30.021607115429365,0,0,-0,1.7029069015174025,0,144.95245369215451,144.95245369215451,0.48317484564051499,0,0,0,20,-10.021607115429365,0,5.8849999999999998,0,1,0,0,0,0
4,5.8899999999999997,1178,145.1003022123293,0,0,0,30.030121649936952,0,30.030121649936952,0,0,-0,1.7029069015174025,0,145.1003022123293,145.1003022123293,0.48366767404109767,0,0,0,20,-10.030121649936952,0,5.8899999999999997,0,1,0,0,0,0
4,5.8950000000000005,1179,145.24819265840208,0,0,0,30.038636184444538,0,30.038636184444538,0,0,-0,1.7029069015174025,0,145.24819265840208,145.24819265840208,0.48416064219467358,0,0,0,20,-10.038636184444538,0,5.8950000000000005,0,1,0,0,0,0
4,5.9000000000000004,1180,145.39612503037284,0,0,0,30.047150718952125,0,30.047150718952125,0,0,-0,1.7029069015174025,0,145.39612503037284,145.39612503037284,0.48465375010124279,0,0,0,20,-10.047150718952125,0,5.9000000000000004,0,1,0,0,0,0
4,5.9050000000000002,1181,145.5440993282416,0,0,0,30.055665253459711,0,30.055665253459711,0,0,-0,1.7029069015174025,0,145.5440993282416,145.5440993282416,0.48514699776080533,0,0,0,20,-10.055665253459711,0,5.9050000000000002,0,1,0,0,0,0
4,5.9100000000000001,1182,145.69211555200832,0,0,0,30.064179787967298,0,30.064179787967298,0,0,-0,1.7029069015174025,0,145.69211555200832,145.69211555200832,0.48564038517336106,0,0,0,20,-10.064179787967298,0,5.9100000000000001,0,1,0,0,0,0
4,5.915,1183,145.84017370167302,0,0,0,30.072694322474884,0,30.072694322474884,0,0,-0,1.7029069015174025,0,145.84017370167302,145.84017370167302,0.48613391233891007,0,0,0,20,-10.072694322474884,0,5.915,0,1,0,0,0,0
4,5.9199999999999999,1184,145.98827377723572,0,0,0,30.081208856982471,0,30.081208856982471,0,0,-0,1.7029069015174025,0,145.98827377723572,145.98827377723572,0.48662757925745237,0,0,0,20,-10.081208856982471,0,5.9199999999999999,0,1,0,0,0,0
4,5.9249999999999998,1185,146.1364157786964,0,0,0,30.089723391490057,0,30.089723391490057,0,0,-0,1.7029069015174025,0,146.1364157786964,146.1364157786964,0.48712138592898802,0,0,0,20,-10.089723391490057,0,5.9249999999999998,0,1,0,0,0,0
4,5.9299999999999997,1186,146.28459970605505,0,0,0,30.098237925997644,0,30.098237925997644,0,0,-0,1.7029069015174025,0,146.28459970605505,146.28459970605505,0.48761533235351684,0,0,0,20,-10.098237925997644,0,5.9299999999999997,0,1,0,0,0,0
4,5.9350000000000005,1187,146.43282555931168,0,0,0,30.106752460505231,0,30.106752460505231,0,0,-0,1.7029069015174025,0,146.43282555931168,146.43282555931168,0.48810941853103895,0,0,0,20,-10.106752460505231,0,5.9350000000000005,0,1,0,0,0,0
4,5.9400000000000004,1188,146.5810933384663,0,0,0,30.115266995012817,0,30.115266995012817,0,0,-0,1.7029069015174025,0,146.5810933384663,146.5810933384663,0.48860364446155435,0,0,0,20,-10.115266995012817,0,5.9400000000000004,0,1,0,0,0,0
4,5.9450000000000003,1189,146.72940304351891,0,0,0,30.123781529520404,0,30.123781529520404,0,0,-0,1.7029069015174025,0,146.72940304351891,146.72940304351891,0.48909801014506304,0,0,0,20,-10.123781529520404,0,5.9450000000000003,0,1,0,0,0,0
4,5.9500000000000002,1190,146.87775467446949,0,0,0,30.13229606402799,0,30.13229606402799,0,0,-0,1.7029069015174025,0,146.87775467446949,146.87775467446949,0.48959251558156497,0,0,0,20,-10.13229606402799,0,5.9500000000000002,0,1,0,0,0,0
4,5.9550000000000001,1191,147.02614823131805,0,0,0,30.140810598535577,0,30.140810598535577,0,0,-0,1.7029069015174025,0,147.02614823131805,147.02614823131805,0.49008716077106018,0,0,0,20,-10.140810598535577,0,5.9550000000000001,0,1,0,0,0,0
4,5.96,1192,147.1745837140646,0,0,0,30.149325133043163,0,30.149325133043163,0,0,-0,1.7029069015174025,0,147.1745837140646,147.1745837140646,0.49058194571354863,0,0,0,20,-10.149325133043163,0,5.96,0,1,0,0,0,0
4,5.9649999999999999,1193,147.32306112270913,0,0,0,30.15783966755075,0,30.15783966755075,0,0,-0,1.7029069015174025,0,147.32306112270913,147.32306112270913,0.49107687040903047,0,0,0,20,-10.15783966755075,0,5.9649999999999999,0,1,0,0,0,0
4,5.9699999999999998,1194,147.47158045725163,0,0,0,30.166354202058336,0,30.166354202058336,0,0,-0,1.7029069015174025,0,147.47158045725163,147.47158045725163,0.49157193485750544,0,0,0,20,-10.166354202058336,0,5.9699999999999998,0,1,0,0,0,0
4,5.9750000000000005,1195,147.62014171769212,0,0,0,30.174868736565923,0,30.174868736565923,0,0,-0,1.7029069015174025,0,147.62014171769212,147.62014171769212,0.49206713905897376,0,0,0,20,-10.174868736565923,0,5.9750000000000005,0,1,0,0,0,0
4,5.9800000000000004,1196,147.7687449040306,0,0,0,30.183383271073509,0,30.183383271073509,0,0,-0,1.7029069015174025,0,147.7687449040306,147.7687449040306,0.4925624830134353,0,0,0,20,-10.183383271073509,0,5.9800000000000004,0,1,0,0,0,0
4,5.9850000000000003,1197,147.91739001626706,0,0,0,30.191897805581096,0,30.191897805581096,0,0,-0,1.7029069015174025,0,147.91739001626706,147.91739001626706,0.4930579667208902,0,0,0,20,-10.191897805581096,0,5.9850000000000003,0,1,0,0,0,0
4,5.9900000000000002,1198,148.06607705440149,0,0,0,30.200412340088683,0,30.200412340088683,0,0,-0,1.7029069015174025,0,148.06607705440149,148.06607705440149,0.49355359018133832,0,0,0,20,-10.200412340088683,0,5.9900000000000002,0,1,0,0,0,0
4,5.9950000000000001,1199,148.2148060184339,0,0,0,30.208926874596269,0,30.208926874596269,0,0,-0,1.7029069015174025,0,148.2148060184339,148.2148060184339,0.49404935339477968,0,0,0,20,-10.208926874596269,0,5.9950000000000001,0,1,0,0,0,0
4,6,1200,148.36357690836431,0,0,0,30.217441409103856,0,30.217441409103856,0,0,-0,1.7029069015174025,0,148.36357690836431,148.36357690836431,0.49454525636121438,0,0,0,20,-10.217441409103856,0,6,0,1,0,0,0,0
